mtllib mesh.mtl
o material_0
usemtl material_0
v -0.5 0.02017780765891075 0.06128973513841629
v -0.4999086558818817 0.005706089083105326 -0.27649927139282227
v -0.49979257583618164 0.02042216807603836 0.49731752276420593
v -0.4997709095478058 0.0019472419517114758 -0.017988048493862152
v -0.499735563993454 0.020047971978783607 0.40477558970451355
v -0.49967700242996216 0.020221613347530365 0.14684703946113586
v -0.49963635206222534 0.010969635099172592 -0.14849898219108582
v -0.4996109902858734 0.02025802992284298 -0.38973280787467957
v -0.49958619475364685 0.019857972860336304 -0.49195897579193115
v -0.4995634853839874 0.0022253820206969976 0.2577873766422272
v -0.49955397844314575 -0.013654452748596668 0.1446324735879898
v -0.4995381832122803 0.020423224195837975 0.33483636379241943
v -0.4995323419570923 -0.016858074814081192 -0.24067676067352295
v -0.49946796894073486 -0.017017992213368416 -0.10947707295417786
v -0.4994489848613739 -0.016755685210227966 0.0764966532588005
v -0.4993159770965576 -0.016765711829066277 0.40276527404785156
v -0.49930962920188904 -0.01656199060380459 -0.4271872341632843
v -0.49921461939811707 -0.01677890680730343 0.2161635011434555
v -0.49909961223602295 0.02068711444735527 -0.27234089374542236
v -0.4990958869457245 0.02078264392912388 -0.11082819104194641
v -0.499075323343277 -0.01721115969121456 0.15579606592655182
v -0.4988773763179779 -0.019982531666755676 0.49771758913993835
v -0.498361736536026 0.022574981674551964 -0.4978516697883606
v -0.4977954030036926 -0.02099481225013733 -0.49737823009490967
v -0.49695995450019836 0.023562457412481308 0.05529098957777023
v -0.49695417284965515 -0.02003161422908306 0.019300639629364014
v -0.49693623185157776 0.02332865074276924 0.23218901455402374
v -0.4968993067741394 0.022991927340626717 -0.19665835797786713
v -0.4968887269496918 -0.02026067115366459 0.20491230487823486
v -0.49686816334724426 -0.020682893693447113 -0.18521609902381897
v -0.4965630769729614 0.023571431636810303 -0.30559733510017395
v -0.4959856867790222 -0.021112507209181786 0.3928889334201813
v -0.495974063873291 0.02384798787534237 0.4966641366481781
v -0.4958072602748871 -0.021367423236370087 -0.3527175188064575
v -0.49559667706489563 0.02388070896267891 0.366054505109787
v -0.4954737424850464 0.02405223622918129 -0.49282294511795044
v -0.4953612983226776 0.02408759854733944 -0.421354740858078
v -0.4950720965862274 0.020359890535473824 0.49999549984931946
v -0.49359744787216187 -0.01682957448065281 0.49978914856910706
v -0.49346500635147095 -0.01680740900337696 -0.4992481470108032
v -0.4928126931190491 0.02043219655752182 -0.49982184171676636
v -0.49280107021331787 -0.021182173863053322 0.11693038046360016
v -0.49212074279785156 0.02415040321648121 -0.17626652121543884
v -0.4920811653137207 -0.020952589809894562 -0.016895543783903122
v -0.49201151728630066 -0.021554257720708847 -0.16219592094421387
v -0.49181094765663147 0.02437260001897812 0.04711040481925011
v -0.4916748106479645 -0.021220173686742783 0.3040477931499481
v -0.4912647008895874 -0.021494092419743538 -0.28004488348960876
v -0.48896411061286926 0.024348322302103043 0.24080342054367065
v -0.4879845678806305 -0.021238116547465324 -0.4505055844783783
v -0.47444644570350647 0.024672377854585648 0.4751761257648468
v -0.4740559160709381 0.024020571261644363 -0.47388094663619995
v -0.47357454895973206 0.023667486384510994 -0.2047344446182251
v -0.47348904609680176 0.02361101284623146 0.261564165353775
v -0.4734732508659363 0.023642679676413536 0.42949414253234863
v -0.4734690487384796 0.023904457688331604 -0.009653352200984955
v -0.4733581840991974 0.02376987412571907 -0.2989911437034607
v -0.4732874631881714 0.024101847782731056 -0.10252463072538376
v -0.47306424379348755 0.023731349036097527 0.33948925137519836
v -0.47304046154022217 0.02395882084965706 0.13424472510814667
v -0.47261980175971985 0.023946154862642288 -0.3958735167980194
v -0.4695623815059662 0.021394867449998856 -0.05460909754037857
v -0.4694938063621521 0.020673392340540886 -0.21530796587467194
v -0.46942466497421265 0.021415451541543007 -0.44080236554145813
v -0.4693380892276764 0.021116726100444794 -0.2947615087032318
v -0.4693317413330078 0.020920392125844955 0.1128385066986084
v -0.46929478645324707 0.021454505622386932 -0.3636932373046875
v -0.46929165720939636 0.020956281572580338 0.33210718631744385
v -0.4692610204219818 0.021440256386995316 -0.12344580888748169
v -0.4692167341709137 0.02132994867861271 -0.4692961275577545
v -0.4691523015499115 0.021712590008974075 0.35882866382598877
v -0.46843239665031433 0.02290748432278633 0.46828752756118774
v -0.46808674931526184 0.02254384383559227 0.26930302381515503
v -0.46758636832237244 0.02171153388917446 0.4364998936653137
v -0.4662553071975708 0.023233652114868164 0.2048283964395523
v -0.4657771587371826 0.023781485855579376 -0.07659006118774414
v -0.46562835574150085 0.023558763787150383 -0.1818140298128128
v -0.4650937020778656 0.023654291406273842 -0.32104915380477905
v -0.4650060534477234 0.023740319535136223 0.11309289187192917
v -0.46490055322647095 0.02341151423752308 -0.46049487590789795
v -0.46486884355545044 0.023805763572454453 0.3192377984523773
v -0.4645949602127075 0.0238912645727396 0.046875543892383575
v -0.46422815322875977 0.02374190278351307 -0.11157235503196716
v -0.4639003574848175 0.0244306568056345 -0.25378260016441345
v -0.4621592164039612 0.023604152724146843 0.3823164701461792
v -0.461492121219635 0.023546624928712845 0.427998423576355
v -0.45968711376190186 0.02467079646885395 -0.37804725766181946
v -0.45503950119018555 0.022882677614688873 -0.42425647377967834
v -0.4529758393764496 0.02337087318301201 -0.15134741365909576
v -0.44862693548202515 0.022405564785003662 -0.2290017306804657
v -0.44809070229530334 0.022209757938981056 0.4029616117477417
v -0.44782155752182007 0.022699538618326187 -0.3812577426433563
v -0.44666728377342224 0.02290695533156395 0.1539314240217209
v -0.44615063071250916 0.022527482360601425 0.20543743669986725
v -0.44570988416671753 0.022423507645726204 0.369915246963501
v -0.4455188810825348 -0.021243924275040627 0.48627057671546936
v -0.44311749935150146 0.023187734186649323 0.267901211977005
v -0.44275590777397156 0.023993127048015594 0.07559361308813095
v -0.442146897315979 0.022920679301023483 -0.2960149943828583
v -0.4409240484237671 0.023251596838235855 -0.33773332834243774
v -0.44015559554100037 0.022608231753110886 -0.4026665985584259
v -0.4395501911640167 0.024090765044093132 -0.07670723646879196
v -0.4392113983631134 -0.020605308935046196 0.21772362291812897
v -0.43919605016708374 0.022986123338341713 0.3335200846195221
v -0.4389458894729614 0.022704288363456726 0.4286043345928192
v -0.4387263059616089 -0.020464392378926277 0.09702464193105698
v -0.43871787190437317 0.023400429636240005 -0.25690388679504395
v -0.43786555528640747 -0.020386282354593277 -0.08338786661624908
v -0.43764862418174744 0.02216014638543129 0.14034110307693481
v -0.43649014830589294 0.023776208981871605 -0.14691194891929626
v -0.4360668361186981 0.02286684326827526 0.3006879389286041
v -0.43591591715812683 0.022699538618326187 0.39161381125450134
v -0.4358721077442169 0.022221896797418594 -0.42757779359817505
v -0.4358119070529938 -0.02092145010828972 -0.3367141783237457
v -0.43464556336402893 0.023283788934350014 -0.11254294216632843
v -0.43098220229148865 0.022565482184290886 -0.35902342200279236
v -0.4286805987358093 0.024018459022045135 -0.07160518318414688
v -0.4282335340976715 0.02426440455019474 -0.465131938457489
v -0.4276677668094635 0.02255123294889927 -0.3805515766143799
v -0.4268544614315033 0.023742958903312683 -0.16324304044246674
v -0.42533496022224426 0.022845733910799026 0.32187458872795105
v -0.4247259497642517 0.023972542956471443 -0.40690678358078003
v -0.4236893951892853 0.022313201799988747 -0.30974411964416504
v -0.42245855927467346 0.02289481647312641 -0.33419880270957947
v -0.42102721333503723 0.02382318116724491 -0.2647450864315033
v -0.4202968180179596 0.023443181067705154 0.09543707221746445
v -0.4179825186729431 0.02429976686835289 0.0561908558011055
v -0.4149921238422394 0.023122817277908325 -0.09953739494085312
v -0.4149625301361084 0.023304373025894165 0.1357557475566864
v -0.41450124979019165 0.023753514513373375 0.21269915997982025
v -0.4142115116119385 0.021382728591561317 0.049721859395504
v -0.41354596614837646 0.022300535812973976 -0.4429161250591278
v -0.4128113090991974 0.023066872730851173 -0.27720439434051514
v -0.41272157430648804 0.02198914624750614 -0.0527397021651268
v -0.4126725196838379 0.023540819063782692 0.26995745301246643
v -0.4123579263687134 0.020156169310212135 0.4999411404132843
v -0.41203126311302185 0.024200543761253357 0.151193305850029
v -0.4117436110973358 0.023344485089182854 -0.07018756866455078
v -0.40864449739456177 0.021677229553461075 -0.377389132976532
v -0.4077858030796051 0.023849042132496834 -0.053863342851400375
v -0.407748818397522 0.02386804111301899 0.08326330780982971
v -0.40767809748649597 0.02408759854733944 0.4646685719490051
v -0.40757623314857483 0.024093933403491974 0.2814076244831085
v -0.40695613622665405 0.022300010547041893 0.3924192190170288
v -0.4063306748867035 0.02243828773498535 0.42856842279434204
v -0.4061702489852905 0.023938236758112907 -0.16968511044979095
v -0.4050424098968506 0.022837815806269646 0.3509204387664795
v -0.40452516078948975 0.022814594209194183 -0.3458542823791504
v -0.4031466245651245 0.022875288501381874 0.37230026721954346
v -0.40212321281433105 0.022973455488681793 -0.13619644939899445
v -0.401010662317276 0.023287484422326088 -0.41261470317840576
v -0.39988648891448975 0.023096956312656403 0.29741573333740234
v -0.39971283078193665 0.022529592737555504 -0.3083460330963135
v -0.39633241295814514 0.02218073047697544 -0.4211842715740204
v -0.39551016688346863 -0.020948896184563637 -0.4918249249458313
v -0.3945247530937195 0.022987179458141327 -0.14669767022132874
v -0.3933657705783844 0.023941930383443832 -0.17080190777778625
v -0.3928226828575134 0.022111063823103905 0.14658842980861664
v -0.3922363221645355 0.023241039365530014 0.12179544568061829
v -0.3920990824699402 0.017033295705914497 -0.49999549984931946
v -0.390653520822525 -0.02057575434446335 0.3734777271747589
v -0.3905158042907715 0.02227942645549774 0.41905677318573
v -0.38914304971694946 0.02359623648226261 -0.27133285999298096
v -0.387889564037323 0.02406754344701767 -0.24646808207035065
v -0.38687729835510254 0.02441587671637535 -0.2027716338634491
v -0.3844161927700043 0.020721420645713806 -0.18232491612434387
v -0.3837808072566986 0.022514287382364273 -0.3802148401737213
v -0.3834804594516754 0.022010259330272675 0.2654106318950653
v -0.38343194127082825 0.022938095033168793 0.2006409913301468
v -0.3830883502960205 0.022918038070201874 0.15808241069316864
v -0.38304242491722107 0.021303560584783554 -0.2166501134634018
v -0.3826122581958771 0.02407282032072544 0.10287033021450043
v -0.38218316435813904 0.023614181205630302 0.25414252281188965
v -0.3817894458770752 0.023676985874772072 -0.15550632774829865
v -0.38141635060310364 0.023844292387366295 -0.07925377041101456
v -0.3806399703025818 0.022516397759318352 0.4460527300834656
v -0.38062095642089844 0.02219603769481182 -0.24654565751552582
v -0.3797970712184906 0.02259662002325058 0.38990381360054016
v -0.3794894218444824 0.023472735658288002 -0.10422882437705994
v -0.3793126344680786 0.022871067747473717 0.3096385598182678
v -0.37865975499153137 0.022572342306375504 0.32175639271736145
v -0.3781319260597229 0.02318984642624855 -0.20045888423919678
v -0.37781843543052673 0.02250056527554989 -0.11563784629106522
v -0.37523552775382996 0.021822895854711533 -0.3910459280014038
v -0.37508031725883484 -0.02070717141032219 -0.40506431460380554
v -0.3724904954433441 0.02385801449418068 0.1366165578365326
v -0.37167617678642273 0.02299034409224987 -0.2913335859775543
v -0.37160438299179077 0.021442366763949394 0.4696713984012604
v -0.3710665702819824 0.022751260548830032 0.2890656888484955
v -0.3708079755306244 0.022809317335486412 -0.3432523012161255
v -0.36854061484336853 0.021994423121213913 0.4102476239204407
v -0.3674887716770172 0.02406279370188713 0.10784359276294708
v -0.3668084740638733 0.022325340658426285 -0.44713783264160156
v -0.36651816964149475 0.023551374673843384 -0.24930594861507416
v -0.3664220869541168 0.023032039403915405 -0.006769035942852497
v -0.3659951388835907 0.022731732577085495 -0.04439181089401245
v -0.3658114969730377 0.02297292836010456 0.3714595139026642
v -0.3650483191013336 -0.01699160411953926 -0.4992069602012634
v -0.3643537163734436 0.02335609681904316 0.25605520606040955
v -0.3640560805797577 -0.019907057285308838 -0.4969116747379303
v -0.36330661177635193 0.022474704310297966 -0.4042383134365082
v -0.3631192445755005 0.022633565589785576 0.1943282037973404
v -0.3631118834018707 0.022217147052288055 0.15107665956020355
v -0.3630211055278778 0.022441454231739044 -0.18040326237678528
v -0.3629424571990967 0.023045232519507408 -0.11593761295080185
v -0.3623761534690857 0.022468898445367813 0.12450084835290909
v -0.36213862895965576 0.02204878441989422 0.03441203013062477
v -0.36205577850341797 0.022444620728492737 -0.21754522621631622
v -0.36136916279792786 0.023425234481692314 -0.2720564305782318
v -0.36040276288986206 0.022428259253501892 0.22378359735012054
v -0.35910335183143616 0.024462850764393806 -0.07013795524835587
v -0.35890549421310425 0.024257544428110123 -0.01976877823472023
v -0.3584689795970917 0.02411557175219059 0.1455613672733307
v -0.35714057087898254 -0.01983211189508438 -0.17624488472938538
v -0.356808066368103 0.0243245717138052 -0.12162655591964722
v -0.3563077449798584 0.023459013551473618 -0.21493694186210632
v -0.3562285900115967 0.022587120532989502 0.34296467900276184
v -0.3544278144836426 0.02239764854311943 -0.42438948154449463
v -0.35385093092918396 0.02312387153506279 0.4324687421321869
v -0.3528391718864441 0.022948650643229485 -0.30485424399375916
v -0.3522733747959137 0.02256125956773758 -0.36403363943099976
v -0.35196834802627563 0.02273806557059288 0.32289427518844604
v -0.35139626264572144 0.024485016241669655 -0.465297132730484
v -0.35138988494873047 0.023293819278478622 0.4501952528953552
v -0.34900593757629395 -0.02111831307411194 0.4968973994255066
v -0.3472743034362793 0.022889012470841408 0.2853258550167084
v -0.34600967168807983 0.022531704977154732 -0.3254651129245758
v -0.34197428822517395 0.023136010393500328 0.3948454260826111
v -0.34080788493156433 0.023660097271203995 0.2467968910932541
v -0.34025007486343384 0.02496054768562317 0.003801862709224224
v -0.3395671248435974 0.02483176626265049 0.13220854103565216
v -0.3391495943069458 0.023094844073057175 -0.1570347547531128
v -0.33881238102912903 0.020374668762087822 -0.46952149271965027
v -0.33859121799468994 0.023668542504310608 -0.10641594231128693
v -0.33852264285087585 -0.020035836845636368 0.2725778818130493
v -0.3371070921421051 0.022691622376441956 0.18395575881004333
v -0.3369271457195282 0.02342945709824562 -0.4970172345638275
v -0.33645105361938477 0.022959204390645027 -0.2779744267463684
v -0.33609798550605774 0.02290748432278633 -0.249334454536438
v -0.33538708090782166 0.024420099332928658 0.11099443584680557
v -0.3343220353126526 0.022433537989854813 -0.37001603841781616
v -0.3342016935348511 0.02258184365928173 0.3137969374656677
v -0.3332189917564392 0.024872934445738792 -0.13713641464710236
v -0.33309492468833923 0.022618789225816727 0.35814574360847473
v -0.3326204717159271 0.025956464931368828 -0.008647404611110687
v -0.33181557059288025 0.02286895550787449 -0.39924079179763794
v -0.3302280306816101 0.023071622475981712 -0.20213881134986877
v -0.3291914761066437 0.03599219396710396 0.12344370037317276
v -0.3290969729423523 0.034177690744400024 -0.11314725130796432
v -0.3289813995361328 0.023022539913654327 0.4174196124076843
v -0.3287259638309479 0.03629725053906441 -0.02471090480685234
v -0.32767412066459656 0.03555730730295181 -0.11898238211870193
v -0.3257191777229309 0.02423115447163582 0.15156328678131104
v -0.3255898952484131 0.022681066766381264 0.33001086115837097
v -0.3239675462245941 0.024338822811841965 0.46479207277297974
v -0.32375481724739075 0.022636204957962036 -0.4224815368652344
v -0.3232502341270447 0.022254619747400284 0.4480920732021332
v -0.32242533564567566 0.0234315674751997 -0.43828853964805603
v -0.32208704948425293 0.026463134214282036 -0.13389216363430023
v -0.3211956322193146 0.035815391689538956 -0.10362768173217773
v -0.3210947811603546 -0.01713463105261326 0.49945926666259766
v -0.32104891538619995 0.02322520688176155 -0.3498242199420929
v -0.3202287554740906 0.029740646481513977 0.14230021834373474
v -0.31998857855796814 0.02282356657087803 0.29991474747657776
v -0.31989145278930664 0.03608877956867218 -0.0183580219745636
v -0.318895548582077 0.03590775281190872 -0.12822802364826202
v -0.3181065022945404 0.03635214641690254 0.10851228982210159
v -0.3179672062397003 0.023286957293748856 0.1920619159936905
v -0.3168545961380005 0.023441068828105927 -0.2645445466041565
v -0.31636008620262146 0.023350819945335388 -0.226523295044899
v -0.3163078725337982 0.025837715715169907 0.15376465022563934
v -0.3161257803440094 0.024995379149913788 -0.15035571157932281
v -0.31590670347213745 0.023494374006986618 -0.3134786784648895
v -0.3149567246437073 0.02396673709154129 0.24769465625286102
v -0.31448808312416077 0.033976078033447266 0.14688821136951447
v -0.31377241015434265 0.03760245442390442 -0.01607748493552208
v -0.3129754364490509 0.02184717357158661 0.26301291584968567
v -0.31180325150489807 0.023046817630529404 -0.3617193400859833
v -0.3102199137210846 0.02269267849624157 -0.4421714246273041
v -0.3098362386226654 0.027016248553991318 0.17798180878162384
v -0.3096155822277069 0.022334842011332512 0.4338826537132263
v -0.30943721532821655 0.03678809106349945 -0.10912767797708511
v -0.30942878127098083 0.022883733734488487 -0.17898987233638763
v -0.3088972866535187 0.03341452404856682 -0.15415942668914795
v -0.30874526500701904 0.022094175219535828 0.21473164856433868
v -0.3083958923816681 0.02226887084543705 0.3760279715061188
v -0.3083077371120453 0.024603240191936493 -0.4751755893230438
v -0.30665847659111023 0.037320613861083984 0.12502440810203552
v -0.3065798282623291 0.02349015325307846 -0.2813194692134857
v -0.30545511841773987 0.03748317435383797 -0.02637552283704281
v -0.3034083843231201 0.02369176410138607 0.2803610563278198
v -0.302621454000473 0.033804021775722504 0.1683925837278366
v -0.30228370428085327 0.02201131358742714 0.40825894474983215
v -0.3015574514865875 0.023267429322004318 0.3899376094341278
v -0.30078214406967163 0.021645033732056618 -0.4138137996196747
v -0.3003108501434326 0.023105928674340248 -0.26658332347869873
v -0.2989227771759033 0.036483559757471085 -0.1616027057170868
v -0.2988430857658386 0.02041477896273136 -0.49970418214797974
v -0.29802554845809937 0.02352551370859146 0.24380068480968475
v -0.2975115180015564 0.037336453795433044 -0.13482949137687683
v -0.29715365171432495 0.03085901029407978 -0.17628921568393707
v -0.29690927267074585 0.022855760529637337 -0.20119301974773407
v -0.29644909501075745 0.023727651685476303 0.18456058204174042
v -0.2946726083755493 0.02273542806506157 0.25962457060813904
v -0.29361069202423096 0.022516397759318352 0.3602689802646637
v -0.2917323410511017 0.02468082308769226 0.4742598831653595
v -0.2914309799671173 0.025817660614848137 0.20563852787017822
v -0.29076966643333435 0.023006707429885864 -0.3966667652130127
v -0.2906910181045532 0.02334395796060562 0.29521963000297546
v -0.2902170717716217 -0.019598834216594696 0.12537379562854767
v -0.2896961271762848 0.028244920074939728 -0.19707687199115753
v -0.28843793272972107 0.03438299521803856 0.19631370902061462
v -0.2884014844894409 0.02302834577858448 -0.3378167152404785
v -0.2881481945514679 0.02243036963045597 -0.4172913432121277
v -0.2874683737754822 0.023334456607699394 -0.2835303544998169
v -0.28611618280410767 0.022211870178580284 -0.31890058517456055
v -0.28608983755111694 0.023642679676413536 -0.22953322529792786
v -0.2859236001968384 0.023612068966031075 0.3140328526496887
v -0.2857225239276886 0.024844961240887642 -0.19033661484718323
v -0.28520628809928894 0.023718154057860374 0.49691641330718994
v -0.2847297489643097 0.02302570454776287 -0.35568419098854065
v -0.2840863764286041 0.03679177910089493 -0.18882080912590027
v -0.28259116411209106 0.023314928635954857 0.3310832977294922
v -0.28120627999305725 0.03657011687755585 -0.13424313068389893
v -0.28075453639030457 0.03682767227292061 -0.05941241607069969
v -0.2807043790817261 0.02285681664943695 0.3764496445655823
v -0.28062573075294495 0.03691106289625168 0.1351989358663559
v -0.2790297269821167 0.036990225315093994 0.01942308433353901
v -0.27880802750587463 0.022661009803414345 -0.31145304441452026
v -0.27878430485725403 0.02362579107284546 -0.39536264538764954
v -0.2780839204788208 0.02445387840270996 0.21143460273742676
v -0.2771608829498291 0.025367463007569313 0.2397790104150772
v -0.2771349549293518 -0.020352505147457123 -0.029368560761213303
v -0.2749869227409363 0.037094201892614365 -0.17698273062705994
v -0.27479851245880127 0.027123386040329933 -0.21209274232387543
v -0.27437204122543335 0.023187734186649323 -0.36857837438583374
v -0.2734273672103882 0.02339409478008747 -0.26642662286758423
v -0.2730447053909302 0.023725543171167374 0.25657719373703003
v -0.2717938721179962 0.02196328528225422 0.4104555547237396
v -0.2710724174976349 0.03698917105793953 0.19567933678627014
v -0.27076998353004456 0.023544512689113617 0.4007090628147125
v -0.2707456946372986 0.02344423532485962 -0.42759889364242554
v -0.2705599069595337 0.0371021144092083 -0.07578836381435394
v -0.2697697877883911 0.02322467789053917 0.4392353594303131
v -0.2683490216732025 -0.019275305792689323 -0.27205589413642883
v -0.26635193824768066 0.024323515594005585 -0.4657441973686218
v -0.2650958001613617 0.020325057208538055 0.49978068470954895
v -0.26419490575790405 0.02191103622317314 -0.44361281394958496
v -0.26412996649742126 0.022915398702025414 0.28603309392929077
v -0.2631794214248657 0.03559372201561928 -0.2224176973104477
v -0.26174598932266235 0.023619458079338074 -0.2915557622909546
v -0.2613945007324219 0.023322317749261856 -0.44677790999412537
v -0.2612561881542206 -0.018949665129184723 0.23535411059856415
v -0.2609870433807373 0.023693347349762917 -0.2647746503353119
v -0.2604861855506897 0.022827789187431335 -0.3442651331424713
v -0.26048460602760315 0.024995379149913788 0.23295006155967712
v -0.25939473509788513 0.024480795487761497 -0.23195308446884155
v -0.2592580318450928 0.02380048669874668 0.40840673446655273
v -0.258891761302948 0.02384323626756668 0.30548757314682007
v -0.25808900594711304 0.024973740801215172 0.46401146054267883
v -0.25657323002815247 0.02268264815211296 0.34839028120040894
v -0.25583380460739136 0.03751431033015251 -0.018884219229221344
v -0.2556437849998474 0.02194586768746376 0.4431045353412628
v -0.25552767515182495 0.037459950894117355 0.08680049329996109
v -0.2554728090763092 0.037346482276916504 -0.1000889241695404
v -0.25535616278648376 0.023175068199634552 0.3254862129688263
v -0.25507959723472595 0.03731217607855797 0.15740051865577698
v -0.2548162341117859 0.03689100593328476 0.22985200583934784
v -0.2532946467399597 0.036854587495326996 -0.21540403366088867
v -0.2526053786277771 0.022836759686470032 -0.42011022567749023
v -0.25205543637275696 -0.020935701206326485 -0.49109238386154175
v -0.2507317364215851 0.029527951031923294 -0.05852152779698372
v -0.2500467002391815 0.03440358117222786 -0.017679298296570778
v -0.24964557588100433 0.034853246062994 0.08012355118989944
v -0.24936479330062866 0.023130733519792557 -0.37476128339767456
v -0.24863119423389435 -0.020320309326052666 -0.41415897011756897
v -0.24862539768218994 0.030217759311199188 -0.08762434870004654
v -0.24858474731445312 0.02858058735728264 -0.008966711349785328
v -0.24847708642482758 0.023509681224822998 0.3675650358200073
v -0.2480432391166687 0.026461023837327957 -0.2426738739013672
v -0.2477455735206604 0.023573013022542 -0.3255859613418579
v -0.2475687712430954 0.023225734010338783 -0.39348217844963074
v -0.2474568784236908 0.022388676181435585 0.388712614774704
v -0.24737824499607086 0.02743266522884369 0.08343959599733353
v -0.24637019634246826 0.03715278580784798 0.07901415973901749
v -0.24628415703773499 0.03764572739601135 -0.057057466357946396
v -0.2460540384054184 0.036753252148628235 -0.008908655494451523
v -0.24537953734397888 0.03690420463681221 -0.08501289784908295
v -0.2453051209449768 0.028385307639837265 0.24907638132572174
v -0.2440585047006607 0.022882677614688873 0.427956223487854
v -0.2436758577823639 0.030393509194254875 -0.11155863106250763
v -0.24337978661060333 0.02484760247170925 -0.4815385341644287
v -0.2419959306716919 0.025612881407141685 0.10983280092477798
v -0.2401977926492691 0.03692425787448883 -0.2333105355501175
v -0.23933647572994232 0.02352287620306015 -0.44437333941459656
v -0.23915912210941315 0.03639700263738632 0.1229708194732666
v -0.23884141445159912 0.023698626086115837 -0.29548245668411255
v -0.2370976209640503 0.02291223406791687 0.29111456871032715
v -0.2350429743528366 0.02697138674557209 -0.10293734818696976
v -0.23447665572166443 0.03740242123603821 0.18538391590118408
v -0.23343642055988312 0.02315712347626686 0.34445828199386597
v -0.2331540584564209 0.02456734888255596 -0.2655029892921448
v -0.23307383060455322 0.03606344759464264 -0.1346891075372696
v -0.23132476210594177 0.023193011060357094 0.3027494549751282
v -0.23126988112926483 0.026362327858805656 0.2676483988761902
v -0.23009662330150604 0.03631255403161049 0.2539873719215393
v -0.2298591285943985 0.0368044488132 0.11387189477682114
v -0.2297767847776413 0.03513508662581444 -0.1186118796467781
v -0.2291550636291504 0.02217545360326767 -0.4034265875816345
v -0.22785408794879913 0.023745069280266762 -0.3543151319026947
v -0.22761289775371552 0.03725042566657066 -0.25402483344078064
v -0.2272719442844391 0.027131831273436546 0.1242205947637558
v -0.22547750174999237 0.022474704310297966 -0.4227074384689331
v -0.22504577040672302 0.027181971818208694 -0.14112010598182678
v -0.22227810323238373 0.0003369862388353795 -0.49979281425476074
v -0.22211183607578278 0.025981798768043518 -0.12793827056884766
v -0.22210128605365753 0.02353817969560623 0.3599000573158264
v -0.22044774889945984 0.027724528685212135 0.27467793226242065
v -0.2204018384218216 0.03670733794569969 -0.1566811501979828
v -0.2200835943222046 0.037189725786447525 0.02810189314186573
v -0.2198001742362976 0.027480166405439377 0.15384697914123535
v -0.21889609098434448 0.03599166497588158 0.0012273532338440418
v -0.21817830204963684 0.022703232243657112 -0.3451850414276123
v -0.21804742515087128 0.03689945489168167 -0.13125008344650269
v -0.21784421801567078 0.03701028227806091 0.14578409492969513
v -0.21673482656478882 0.02058630995452404 0.300897479057312
v -0.2159811556339264 0.03735281154513359 -0.01015157625079155
v -0.2143096774816513 0.02218073047697544 -0.31672823429107666
v -0.21364310383796692 0.023853793740272522 -0.28327861428260803
v -0.213540181517601 0.03805211931467056 -0.07773376256227493
v -0.21325570344924927 0.02279823273420334 0.3250819146633148
v -0.21261288225650787 0.02119642123579979 0.469718337059021
v -0.21215158700942993 -0.020355669781565666 0.36876362562179565
v -0.21211253106594086 0.02248367667198181 0.4193296432495117
v -0.2120048701763153 0.035196829587221146 -0.27594825625419617
v -0.21156522631645203 0.037531204521656036 -0.0463118739426136
v -0.21130765974521637 0.03233732283115387 -0.1587558537721634
v -0.21031174063682556 0.03746945038437843 0.17376643419265747
v -0.20947733521461487 0.03743092343211174 -0.2046251893043518
v -0.2080792337656021 0.026715414598584175 0.15840858221054077
v -0.2080618292093277 0.03726309537887573 0.07961688190698624
v -0.2072337418794632 0.021588033065199852 0.3537002503871918
v -0.20518596470355988 0.03522585704922676 0.28470414876937866
v -0.20453256368637085 0.022169647738337517 0.43190452456474304
v -0.2038649171590805 0.03735070303082466 -0.2415739893913269
v -0.20321840047836304 0.024498211219906807 0.3023573160171509
v -0.20160074532032013 0.03649306297302246 -0.18594388663768768
v -0.20137274265289307 0.03753490000963211 0.2337992638349533
v -0.20079535245895386 0.03739134222269058 0.17228548228740692
v -0.20067502558231354 0.03745361790060997 -0.14899562299251556
v -0.20057368278503418 0.023637929931282997 -0.45831409096717834
v -0.20027337968349457 0.03725412115454674 0.19737666845321655
v -0.19989179074764252 -0.02214748226106167 0.10995682328939438
v -0.1988430917263031 0.023175068199634552 0.3800443708896637
v -0.19858290255069733 0.027649056166410446 0.19197537004947662
v -0.19840292632579803 0.0368662029504776 0.2793123424053192
v -0.19837337732315063 -0.02164556458592415 -0.12789024412631989
v -0.1964559555053711 0.038593094795942307 0.04225536063313484
v -0.1958194524049759 0.036210693418979645 -0.08609379082918167
v -0.19485889375209808 0.03693375736474991 0.012915033847093582
v -0.19485467672348022 0.037442538887262344 0.12106446921825409
v -0.19290503859519958 0.03720397502183914 -0.16002728044986725
v -0.19269974529743195 0.02279612235724926 -0.3255247175693512
v -0.1920848786830902 0.03516886383295059 -0.2896130084991455
v -0.1919613778591156 0.022456230595707893 -0.41070258617401123
v -0.19191810488700867 0.025438187643885612 -0.29719826579093933
v -0.19176925718784332 0.023044705390930176 -0.42381367087364197
v -0.1914990395307541 0.021683035418391228 0.32193320989608765
v -0.19064298272132874 0.038005679845809937 0.1942421793937683
v -0.19012628495693207 0.037197645753622055 -0.27371788024902344
v -0.1886395364999771 0.033670492470264435 0.29558485746383667
v -0.1874077022075653 0.023000899702310562 -0.3970225155353546
v -0.1872108429670334 0.023941930383443832 0.34541940689086914
v -0.18679019808769226 0.022257259115576744 -0.3717360496520996
v -0.18585339188575745 0.0022179929073899984 0.4996165633201599
v -0.18580852448940277 0.0379713736474514 -0.10627555847167969
v -0.18422570824623108 0.023186150938272476 0.3044029772281647
v -0.18282023072242737 0.03737814351916313 -0.06484010815620422
v -0.18186073005199432 0.036690980195999146 -0.09116522967815399
v -0.18172667920589447 0.037371814250946045 -0.14518029987812042
v -0.18088698387145996 -0.021077146753668785 0.4967707693576813
v -0.18084529042243958 0.036464035511016846 -0.19780205190181732
v -0.17992378771305084 0.022871067747473717 0.4541836977005005
v -0.17975066602230072 -0.016863878816366196 -0.4994613826274872
v -0.1789262741804123 0.02948678471148014 0.20768947899341583
v -0.17865236103534698 0.02315712347626686 0.4078119099140167
v -0.17749598622322083 0.03634633496403694 -0.1674853414297104
v -0.1768278181552887 0.023450568318367004 -0.34826040267944336
v -0.17560707032680511 0.023009872063994408 -0.32878378033638
v -0.17486658692359924 0.03727680817246437 -0.008341819047927856
v -0.17472250759601593 0.022829370573163033 0.3691789507865906
v -0.1721242517232895 0.03594416379928589 0.29746586084365845
v -0.1720060259103775 0.026607217267155647 -0.30439770221710205
v -0.17187567055225372 0.03870340436697006 -0.04731307178735733
v -0.17138166725635529 0.037502702325582504 0.08449884504079819
v -0.17102962732315063 0.022749148309230804 -0.4029589593410492
v -0.1707266867160797 0.038073234260082245 0.1345624327659607
v -0.1705973744392395 0.037275753915309906 0.20824047923088074
v -0.17026910185813904 0.03580061346292496 0.11243633180856705
v -0.16863615810871124 0.03614895045757294 0.15641672909259796
v -0.16859444975852966 0.03741297498345375 -0.1919495016336441
v -0.16808567941188812 0.036726340651512146 0.04732837900519371
v -0.16778695583343506 0.02227889746427536 0.3298836648464203
v -0.16770674288272858 0.022334842011332512 -0.4447079300880432
v -0.16714729368686676 0.023485403507947922 0.44333571195602417
v -0.16679894924163818 0.03655639663338661 0.22091247141361237
v -0.16635826230049133 0.036751143634319305 -0.3074176609516144
v -0.1657787561416626 0.022532232105731964 0.39910459518432617
v -0.16399115324020386 0.03748845309019089 -0.26173463463783264
v -0.1639510542154312 0.023371929302811623 -0.3466607332229614
v -0.163208469748497 0.02737724967300892 0.3262678384780884
v -0.16311399638652802 0.03630306199193001 -0.29129400849342346
v -0.16301319003105164 0.03649464249610901 -0.2135673612356186
v -0.1610366553068161 0.024320878088474274 0.4653472900390625
v -0.15981009602546692 0.03670681267976761 0.2881072759628296
v -0.1590173840522766 -0.0198669470846653 -0.4970293641090393
v -0.15750527381896973 0.023501763120293617 0.35584408044815063
v -0.1572588086128235 0.03697703778743744 -0.036332085728645325
v -0.15557044744491577 0.03809012100100517 -0.16585448384284973
v -0.15505005419254303 0.023568790405988693 -0.373268187046051
v -0.1548093855381012 0.02026594616472721 0.4998350441455841
v -0.15470382571220398 0.03767106682062149 -0.00568761583417654
v -0.15434123575687408 0.037690065801143646 -0.07740126550197601
v -0.15431274473667145 0.023182984441518784 0.3842972218990326
v -0.153889462351799 0.027061110362410545 0.3198690414428711
v -0.1537390500307083 0.03767792508006096 0.026698000729084015
v -0.15352369844913483 0.037189725786447525 0.1813780814409256
v -0.15329201519489288 0.02476896345615387 -0.337767630815506
v -0.15311890840530396 0.022984538227319717 0.431381493806839
v -0.15252989530563354 0.03753490000963211 0.009265437722206116
v -0.15139305591583252 0.03693639487028122 -0.1555110663175583
v -0.1508452296257019 0.03665561228990555 -0.11901562660932541
v -0.150412455201149 -0.019978834316134453 -0.4296630322933197
v -0.14982187747955322 0.03597266599535942 0.31771254539489746
v -0.14829763770103455 0.023602042347192764 -0.3832395374774933
v -0.14817413687705994 0.026715941727161407 -0.20068742334842682
v -0.1480923295021057 0.03506171703338623 -0.1969037801027298
v -0.14727850258350372 0.03721664473414421 0.11251708120107651
v -0.1470082700252533 0.023389874026179314 -0.3672425448894501
v -0.14693067967891693 0.02433723770081997 0.3472001254558563
v -0.14687895774841309 0.03693903610110283 0.24286124110221863
v -0.14565716683864594 0.03613628074526787 0.23320181667804718
v -0.14550462365150452 0.023995766416192055 -0.328855037689209
v -0.14513571560382843 0.024027958512306213 -0.4660867154598236
v -0.14446912705898285 -0.02600238472223282 -0.03959640488028526
v -0.1439782828092575 0.02323523350059986 0.3324328362941742
v -0.1434098780155182 0.022880038246512413 -0.4142719507217407
v -0.1433713436126709 0.03546652942895889 -0.22498533129692078
v -0.1417711079120636 0.023780956864356995 0.41819173097610474
v -0.140998974442482 -0.026260998100042343 0.10674159228801727
v -0.13635028898715973 0.03621438890695572 -0.13372063636779785
v -0.13603995740413666 0.03771434351801872 -0.32055094838142395
v -0.13511422276496887 0.036523669958114624 0.3282628655433655
v -0.1345299929380417 0.023963570594787598 0.49691271781921387
v -0.13405179977416992 0.028060724958777428 -0.23263920843601227
v -0.13345329463481903 0.031674958765506744 -0.33668622374534607
v -0.13324852287769318 0.03737286850810051 -0.3119908571243286
v -0.13323375582695007 0.02561182528734207 0.3401220738887787
v -0.13312238454818726 0.020453834906220436 -0.46925023198127747
v -0.13305799663066864 0.03758450970053673 -0.07792798429727554
v -0.13266479969024658 0.03435080498456955 -0.2179964780807495
v -0.13243786990642548 0.02819002978503704 -0.21448780596256256
v -0.1322014033794403 0.03718286752700806 0.30562639236450195
v -0.13204729557037354 0.037177588790655136 0.2394079715013504
v -0.13190585374832153 0.037006065249443054 -0.11641208827495575
v -0.1309521645307541 0.02317717857658863 0.37620583176612854
v -0.1300496608018875 0.03589719906449318 -0.3308410346508026
v -0.12998315691947937 0.02437787689268589 -0.3766897916793823
v -0.12851539254188538 0.037084177136421204 0.13379555940628052
v -0.1274656504392624 0.03604074940085411 -0.24191968142986298
v -0.1270260065793991 0.036754313856363297 0.21840868890285492
v -0.12699803709983826 0.0381275936961174 0.17415118217468262
v -0.12637577950954437 0.0371079258620739 -0.09358879178762436
v -0.12603642046451569 0.03698917105793953 -0.21083135902881622
v -0.12591977417469025 0.038272734731435776 -0.014765426516532898
v -0.12590447068214417 0.037187617272138596 0.08912008255720139
v -0.12538883090019226 0.03741034120321274 -0.17065516114234924
v -0.12442933768033981 0.024752600118517876 0.3689536154270172
v -0.12275310605764389 0.02737777680158615 0.24700535833835602
v -0.12135975807905197 0.024816462770104408 -0.34990394115448
v -0.11956267803907394 0.038368791341781616 0.0452272854745388
v -0.11875253915786743 0.036582253873348236 0.25535905361175537
v -0.11869923025369644 0.03688888996839523 -0.25953274965286255
v -0.11808383464813232 0.021207503974437714 0.37309563159942627
v -0.11784105747938156 0.034770384430885315 -0.00672681350260973
v -0.11672058701515198 0.023015150800347328 0.4061536490917206
v -0.11634533107280731 0.03635900467634201 -0.23283079266548157
v -0.1159801110625267 0.03613997623324394 0.05544615909457207
v -0.11596480011940002 0.024633850902318954 -0.45282572507858276
v -0.1158032938838005 0.036920033395290375 -0.06193256750702858
v -0.11553043872117996 -0.02072775550186634 0.2241150289773941
v -0.11495409905910492 0.024848656728863716 0.47415223717689514
v -0.11464165896177292 0.03472182899713516 0.034997861832380295
v -0.11459045857191086 0.03658067435026169 0.07944957911968231
v -0.11423526704311371 0.023311235010623932 -0.3920365869998932
v -0.11418618261814117 0.036958035081624985 0.29076623916625977
v -0.11275220662355423 0.03800883889198303 0.09586827456951141
v -0.11242762207984924 0.0369163379073143 -0.04103460535407066
v -0.11180590093135834 0.037124812602996826 0.22871622443199158
v -0.11152617633342743 0.03691316768527031 0.1484789401292801
v -0.11065797507762909 0.02492254599928856 -0.47468477487564087
v -0.11057986319065094 0.03773440048098564 0.003761223517358303
v -0.10989797115325928 0.022939151152968407 -0.40024304389953613
v -0.10852733254432678 0.03478410840034485 -0.25099748373031616
v -0.10738731920719147 0.023544512689113617 -0.24684597551822662
v -0.10610059648752213 -0.019535502418875694 -0.2679286599159241
v -0.1058240458369255 0.03538472205400467 -0.1575704663991928
v -0.10560765117406845 0.03820306062698364 -0.1453048586845398
v -0.1054292619228363 0.03692425787448883 0.2525022029876709
v -0.10409872978925705 0.03777661547064781 0.041801996529102325
v -0.10303103178739548 0.02379257045686245 0.44711461663246155
v -0.10215386003255844 0.023137066513299942 0.4027494490146637
v -0.10141707956790924 0.023874375969171524 -0.3422505855560303
v -0.10000896453857422 0.03740031272172928 -0.22242824733257294
v -0.09877237677574158 0.03723406419157982 -0.19106599688529968
v -0.09823931753635406 0.02392662689089775 0.3763630986213684
v -0.09648234397172928 0.03727153316140175 -0.29479843378067017
v -0.09641056507825851 0.028944754973053932 0.26046058535575867
v -0.09567008912563324 0.021730005741119385 0.44511276483535767
v -0.09517820179462433 0.02792772464454174 -0.2618043124675751
v -0.09515919536352158 0.03658436983823776 -0.25097742676734924
v -0.0950583890080452 0.03872240334749222 -0.08658567816019058
v -0.09459975361824036 0.023060012608766556 -0.40819454193115234
v -0.09429258108139038 0.021265560761094093 -0.372933566570282
v -0.09398014098405838 0.036410726606845856 0.20657269656658173
v -0.09341858327388763 0.023048928007483482 -0.43830597400665283
v -0.09126999229192734 0.024379460141062737 0.46602970361709595
v -0.09117815643548965 0.03705408424139023 0.26717129349708557
v -0.08980856835842133 0.037303730845451355 -0.2694518566131592
v -0.08934201300144196 0.037671592086553574 0.1531767100095749
v -0.08725094795227051 0.02291698381304741 0.4216518998146057
v -0.08509708195924759 0.024271266534924507 0.43692106008529663
v -0.08468541502952576 0.024699823930859566 -0.4051334261894226
v -0.08439143747091293 0.021919481456279755 -0.4114704728126526
v -0.0840536579489708 0.03762303665280342 -0.08322425186634064
v -0.08318598568439484 0.03313427045941353 -0.3359752893447876
v -0.08282234519720078 0.03656642138957977 0.26153936982154846
v -0.0824238732457161 0.03566655516624451 0.3360481262207031
v -0.08232623338699341 0.038234733045101166 -0.235582634806633
v -0.08219429105520248 0.037114258855581284 -0.14499981701374054
v -0.0821642130613327 0.03795764967799187 -0.20251037180423737
v -0.08203859627246857 0.024725155904889107 -0.46599698066711426
v -0.08168023824691772 0.0371580645442009 0.1273535043001175
v -0.0814601480960846 0.03736811503767967 -0.075869120657444
v -0.08127278834581375 0.03837934508919716 0.2316390573978424
v -0.08099201321601868 0.038085371255874634 -0.015304816886782646
v -0.08069328218698502 -0.022190233692526817 -0.1994825005531311
v -0.08054128289222717 0.03691316768527031 0.33183223009109497
v -0.08037292212247849 0.0371580645442009 0.18200349807739258
v -0.07987417280673981 0.036829255521297455 -0.33096399903297424
v -0.0796561986207962 0.020513474941253662 -0.49982765316963196
v -0.07936591655015945 0.037315864115953445 -0.11398536711931229
v -0.078984335064888 0.03665350750088692 -0.26358556747436523
v -0.07708802819252014 0.03669889271259308 0.3231607973575592
v -0.07647104561328888 0.03342454880475998 0.18183302879333496
v -0.0753827691078186 0.03851551190018654 0.19734342396259308
v -0.07349278777837753 0.024411655962467194 0.34191492199897766
v -0.07328273355960846 0.023178763687610626 0.4144730269908905
v -0.07235964387655258 0.03670469671487808 -0.3257168233394623
v -0.07209311425685883 0.023965153843164444 -0.3661605715751648
v -0.07059686630964279 0.02417626604437828 0.4932636618614197
v -0.07018889486789703 0.03660283610224724 -0.1510217785835266
v -0.06842979788780212 -0.030499067157506943 0.05053041875362396
v -0.06822765618562698 0.035172026604413986 0.2587358057498932
v -0.06759274005889893 0.020715612918138504 0.41024866700172424
v -0.06751357764005661 0.03674428537487984 0.18831469118595123
v -0.06721590459346771 0.03825584053993225 -0.053278565406799316
v -0.06711035221815109 0.03734489157795906 0.2776894271373749
v -0.0668037086725235 0.037790339440107346 -0.1643138974905014
v -0.06615981459617615 0.035591088235378265 -0.22472460567951202
v -0.0658283680677414 0.03745414689183235 -0.08397001028060913
v -0.06544572860002518 0.037329062819480896 0.28997349739074707
v -0.06326495110988617 0.0377533994615078 0.2551099359989166
v -0.06207849830389023 0.03655639663338661 -0.2862067222595215
v -0.06205632910132408 -0.03271837905049324 -0.01958933286368847
v -0.06139766052365303 0.037667371332645416 0.0735848918557167
v -0.05999535322189331 0.037563927471637726 0.15109144151210785
v -0.05927862599492073 0.03725042566657066 -0.2552202641963959
v -0.05761031433939934 0.03797559812664986 0.0339602455496788
v -0.05407894030213356 0.03640861064195633 0.22725796699523926
v -0.05296744033694267 0.038168758153915405 -0.1936088353395462
v -0.05084048584103584 -0.01700163073837757 -0.4992428719997406
v -0.04967778921127319 0.037409815937280655 -0.3072381913661957
v -0.04752180725336075 0.03753858804702759 -0.10570872575044632
v -0.046622470021247864 0.03734753653407097 0.16091026365756989
v -0.044748324900865555 -0.02107345126569271 0.4967406988143921
v -0.04422001913189888 0.037989310920238495 0.2164759486913681
v -0.043968264013528824 0.03499363362789154 0.28636929392814636
v -0.042818762362003326 0.03742142394185066 0.10559261590242386
v -0.042290981858968735 0.03786000981926918 0.2657383680343628
v -0.04180595278739929 0.026684802025556564 -0.3375164270401001
v -0.04161964729428291 0.03360557556152344 -0.2612137198448181
v -0.0390324704349041 0.03860417753458023 0.14573659002780914
v -0.037048548460006714 0.02501596137881279 0.4783470332622528
v -0.03690657392144203 0.03659544885158539 -0.15496745705604553
v -0.03645637631416321 0.038118619471788406 -0.2312770038843155
v -0.03383278474211693 0.031674958765506744 0.15326906740665436
v -0.033256977796554565 0.023751402273774147 -0.40670883655548096
v -0.03313136845827103 0.024502960965037346 0.46533408761024475
v -0.03197025507688522 0.0345291942358017 0.2595348656177521
v -0.03195863962173462 0.02350756898522377 -0.49701988697052
v -0.030510414391756058 -0.017038576304912567 0.4994460940361023
v -0.029647493734955788 -0.021478258073329926 0.23025153577327728
v -0.029528213664889336 0.038106486201286316 -0.07222690433263779
v -0.02820982038974762 0.03753700852394104 0.22011077404022217
v -0.027746958658099174 0.0349387489259243 -0.22286629676818848
v -0.025991562753915787 0.037358615547418594 -0.18763965368270874
v -0.025588341057300568 0.0382072851061821 -0.11417905986309052
v -0.024938642978668213 -0.02102278545498848 -0.49316075444221497
v -0.023315193131566048 0.03792387247085571 0.25552690029144287
v -0.023259248584508896 0.0375971719622612 -0.20790110528469086
v -0.023135220631957054 0.034278497099876404 -0.2612052857875824
v -0.021865909919142723 -0.02006433717906475 -0.438925564289093
v -0.021729743108153343 0.02360309660434723 0.4043079912662506
v -0.021518101915717125 0.03301288187503815 0.227601557970047
v -0.021502269431948662 0.03771856054663658 0.28167417645454407
v -0.02096974104642868 0.027731388807296753 0.3386986553668976
v -0.020925935357809067 0.0240342915058136 0.3767642378807068
v -0.020443014800548553 0.03845534101128578 -0.03216367959976196
v -0.019378485158085823 -0.0274912528693676 0.17664441466331482
v -0.01918109506368637 0.03759506344795227 0.19682355225086212
v -0.017731284722685814 -0.03503111004829407 0.006912067998200655
v -0.0147255789488554 0.025961745530366898 -0.3455597758293152
v -0.012434487231075764 0.03870656341314316 0.010299885645508766
v -0.011717762798070908 0.03721506521105766 0.15287533402442932
v -0.011392650194466114 0.02425701543688774 -0.44178879261016846
v -0.010375618934631348 0.038244232535362244 0.12925614416599274
v -0.010098534636199474 0.03137412294745445 -0.2273007184267044
v -0.009809838607907295 -0.02050292119383812 0.4066550135612488
v -0.009106836281716824 0.037485282868146896 0.3117602467536926
v -0.008513611741364002 0.0347059965133667 -0.3353677988052368
v -0.006625216454267502 0.039483990520238876 -0.002075491938740015
v -0.005246128421276808 0.0344289131462574 0.23048163950443268
v -0.005004405044019222 0.037626199424266815 -0.25304263830184937
v -0.004657654091715813 0.021486172452569008 -0.4105415642261505
v -0.0043958756141364574 0.03559952601790428 -0.32648053765296936
v -0.004023790825158358 0.021114617586135864 0.4697262644767761
v -0.0028869532980024815 0.021803367882966995 0.3726881742477417
v -0.0023465068079531193 0.03770431876182556 0.23750585317611694
v -0.0022847570944577456 0.0374615304172039 0.15368811786174774
v -0.001170086208730936 0.03661761060357094 -0.1519712507724762
v -0.00100330775603652 0.0374615304172039 -0.26522642374038696
v -0.0007357235881499946 0.03504641354084015 -0.2607249915599823
v -0.00045177791616879404 0.03681289777159691 0.1816166341304779
v -0.00024119381851051003 0.02519276924431324 -0.42562761902809143
v 0.0022013704292476177 0.03507175296545029 -0.22356192767620087
v 0.002687983214855194 -0.039483990520238876 -0.0013497949112206697
v 0.0032590406481176615 -0.03416185826063156 0.024725686758756638
v 0.0034068189561367035 0.03568238765001297 0.2840459942817688
v 0.003597347531467676 0.02393612451851368 -0.3768671452999115
v 0.005539576523005962 0.02464810013771057 0.3662777543067932
v 0.005634049419313669 0.03714856132864952 0.18852685391902924
v 0.007100221235305071 0.03713589161634445 0.11711245775222778
v 0.008316225372254848 0.03613153100013733 0.25846609473228455
v 0.008456086739897728 0.03807586804032326 -0.17020340263843536
v 0.008631309494376183 0.035048529505729675 0.22960025072097778
v 0.009495813399553299 0.03769639879465103 0.06585819274187088
v 0.009505840949714184 0.03634528070688248 -0.2298240214586258
v 0.00983517523854971 0.037389758974313736 -0.11998885869979858
v 0.010879123583436012 0.03809751197695732 -0.0047676959075033665
v 0.011981654912233353 0.03754386678338051 0.2986897826194763
v 0.012882047332823277 0.020280195400118828 0.4998593330383301
v 0.013283687643706799 0.038312844932079315 0.21189112961292267
v 0.015527279116213322 0.038062673062086105 0.2663368880748749
v 0.01765000820159912 0.03802942857146263 -0.06925392150878906
v 0.01783367618918419 0.038319699466228485 -0.20305345952510834
v 0.018834874033927917 0.023481708019971848 0.41489946842193604
v 0.02134552039206028 0.03747525438666344 0.15392984449863434
v 0.021867496892809868 -0.02884870208799839 -0.12622667849063873
v 0.023797057569026947 -0.034104857593774796 -0.006456591188907623
v 0.024281032383441925 0.03142479062080383 -0.22372817993164062
v 0.024547560140490532 0.03711003437638283 -0.16465485095977783
v 0.02499881386756897 0.03856723755598068 -0.20124687254428864
v 0.026973236352205276 0.037053558975458145 -0.3311920166015625
v 0.02802879549562931 0.023123346269130707 -0.3419233560562134
v 0.029772579669952393 0.021762201562523842 -0.36929982900619507
v 0.0313786119222641 0.03682872653007507 0.22779208421707153
v 0.03397000953555107 0.02288953959941864 0.38529738783836365
v 0.034450288861989975 0.023576708510518074 0.49734339118003845
v 0.0347294881939888 -0.020559921860694885 -0.2747475802898407
v 0.03563199192285538 -0.023776210844516754 -0.1885954588651657
v 0.03696252405643463 0.02495843544602394 -0.35076844692230225
v 0.03778005391359329 0.02498799003660679 -0.4827618896961212
v 0.03819805383682251 0.037974536418914795 0.3191280663013458
v 0.038341082632541656 0.03691898286342621 -0.1500374674797058
v 0.04047859087586403 0.037835732102394104 -0.03714856132864952
v 0.04193156957626343 0.03767792508006096 0.25429874658584595
v 0.04196165129542351 0.023601513355970383 0.40148910880088806
v 0.04439946636557579 0.03470072150230408 0.3363399803638458
v 0.049120452255010605 0.03797875717282295 0.009651771746575832
v 0.04975854232907295 0.03701925277709961 0.1878296434879303
v 0.05018076300621033 0.037561286240816116 0.10415863245725632
v 0.05053754150867462 0.03731006011366844 -0.30205222964286804
v 0.05072701349854469 0.03780986741185188 -0.10448005050420761
v 0.05206441134214401 0.03749055787920952 -0.2544248700141907
v 0.053033940494060516 0.033178601413965225 -0.26156100630760193
v 0.05375330522656441 0.023589374497532845 0.34182941913604736
v 0.05439402908086777 0.03411594033241272 0.2610105276107788
v 0.05448586493730545 0.03793812170624733 0.04738326743245125
v 0.054753974080085754 0.038176678121089935 -0.23084843158721924
v 0.055238474160432816 0.03729475662112236 -0.28638985753059387
v 0.055470697581768036 0.02069925330579281 0.40963539481163025
v 0.055917199701070786 0.036824505776166916 0.15388549864292145
v 0.059158820658922195 0.03801886737346649 0.21849629282951355
v 0.060195907950401306 0.03702559322118759 -0.2645154893398285
v 0.0647348165512085 0.03666141629219055 -0.18307647109031677
v 0.06626062840223312 0.02413034997880459 0.4552820026874542
v 0.06633134931325912 0.037858422845602036 -0.0643249899148941
v 0.06707393378019333 0.03779140114784241 -0.21423129737377167
v 0.06907738745212555 0.036917392164468765 0.28731769323349
v 0.07032611221075058 0.03585391864180565 0.3248465359210968
v 0.07079583406448364 0.036679890006780624 -0.1597459614276886
v 0.07338617742061615 0.03424735739827156 0.2831883430480957
v 0.07516057044267654 0.037442538887262344 -0.31980255246162415
v 0.07581080496311188 0.022978205233812332 -0.47271615266799927
v 0.07768388837575912 0.03761828690767288 0.22973008453845978
v 0.0789400041103363 0.03715701028704643 0.18423230946063995
v 0.07943981140851974 0.03735598176717758 -0.13095822930335999
v 0.08008317649364471 0.03746206685900688 -0.09641135483980179
v 0.08130023628473282 0.03721875324845314 0.07235515862703323
v 0.08181852102279663 0.023656930774450302 0.4171942472457886
v 0.08245924115180969 0.03297751769423485 -0.2625437378883362
v 0.08248668909072876 0.03737075999379158 0.12274597585201263
v 0.08304929733276367 0.024624349549412727 -0.3990180492401123
v 0.08443102985620499 0.025060823187232018 0.47483623027801514
v 0.08474822342395782 0.037727534770965576 -0.14529061317443848
v 0.08535780757665634 0.03791489824652672 -0.001707101590000093
v 0.08564808964729309 0.024576323106884956 -0.3684770464897156
v 0.08616689592599869 0.03641441464424133 0.22467713057994843
v 0.08660600334405899 0.02449926733970642 0.46612417697906494
v 0.08778505772352219 0.0371638685464859 0.2666683495044708
v 0.08790381252765656 0.036879390478134155 -0.22513100504875183
v 0.08803575485944748 -0.0199862252920866 -0.42476576566696167
v 0.08929556608200073 0.037116363644599915 0.20604123175144196
v 0.08954942971467972 0.023852208629250526 0.43393808603286743
v 0.08961698412895203 0.024712489917874336 0.3492874801158905
v 0.09127263724803925 0.0375765897333622 0.2577815651893616
v 0.09139508008956909 0.03776342794299126 -0.17973405122756958
v 0.09141090512275696 0.02905294857919216 0.26273268461227417
v 0.0933694988489151 0.02565193735063076 -0.2605333924293518
v 0.09342491626739502 0.02047283574938774 -0.4997595548629761
v 0.09350355714559555 0.02140595018863678 -0.4106656014919281
v 0.0936228409409523 -0.022055648267269135 0.19934263825416565
v 0.09501881897449493 0.023755626752972603 0.39325574040412903
v 0.09618362039327621 0.023414678871631622 -0.4469219744205475
v 0.09665070474147797 -0.029082508757710457 0.08496962487697601
v 0.09720698744058609 0.037329062819480896 0.14534075558185577
v 0.09798704832792282 0.037640977650880814 0.28002485632896423
v 0.09805724024772644 0.024015819653868675 -0.4058675467967987
v 0.09845834970474243 0.03834609314799309 -0.21220462024211884
v 0.09849265962839127 0.02420423924922943 -0.4661305248737335
v 0.09869532287120819 0.037132732570171356 -0.26707470417022705
v 0.099826879799366 0.03690261393785477 0.33170607686042786
v 0.0999356135725975 0.023044178262352943 -0.3966752290725708
v 0.10020477324724197 0.02223878726363182 0.44612187147140503
v 0.10150047391653061 0.02374982088804245 0.4085286259651184
v 0.10176964104175568 0.02400948666036129 0.43376708030700684
v 0.1020398661494255 0.036087725311517715 0.19300664961338043
v 0.10253070294857025 0.03727417439222336 -0.1814456284046173
v 0.10356831550598145 0.021992841735482216 0.37286603450775146
v 0.10388129204511642 0.03597689047455788 -0.19560015201568604
v 0.10499965399503708 0.03841470554471016 0.2064291387796402
v 0.10518859326839447 0.02389654330909252 -0.41600412130355835
v 0.10627054423093796 0.03769322857260704 -0.04521936550736427
v 0.10733243823051453 0.03652261570096016 -0.15068821609020233
v 0.10880916565656662 0.0380922369658947 0.16824902594089508
v 0.108951136469841 0.03655744716525078 0.24239997565746307
v 0.10907305032014847 0.03770800679922104 -0.11644692718982697
v 0.1092166155576706 -0.020860228687524796 -0.49632319808006287
v 0.10933537036180496 0.037132203578948975 -0.23793230950832367
v 0.11100103706121445 0.03344196081161499 -0.21285380423069
v 0.11151561886072159 0.037315864115953445 -0.02328009530901909
v 0.11216901242733002 0.02164081297814846 -0.372749388217926
v 0.11294696480035782 0.03660864755511284 0.2559301257133484
v 0.11327840387821198 0.0370430052280426 0.06350377202033997
v 0.11359401792287827 0.03706780821084976 0.3047882914543152
v 0.11451182514429092 0.02593429945409298 0.3395731449127197
v 0.11475618928670883 0.037778206169605255 0.029551703482866287
v 0.11630047112703323 0.03748739883303642 -0.06687206029891968
v 0.11656752228736877 0.020529836416244507 -0.46952781081199646
v 0.11659654974937439 0.023922931402921677 0.36840471625328064
v 0.11681611835956573 0.021892035380005836 0.4054722487926483
v 0.1169290542602539 0.03429485484957695 -0.00585650559514761
v 0.11737186461687088 0.025564325973391533 0.24454380571842194
v 0.11829495429992676 0.03683875501155853 0.20160524547100067
v 0.11879423260688782 0.03580324724316597 -0.327293336391449
v 0.11916525661945343 -0.021094562485814095 0.4967380464076996
v 0.1207164004445076 0.037792980670928955 0.3169018626213074
v 0.12155874073505402 0.02427918277680874 -0.3771415650844574
v 0.12180309742689133 0.03848700970411301 -0.017230156809091568
v 0.122184157371521 0.025633465498685837 -0.23802097141742706
v 0.12229552119970322 0.02280878834426403 -0.38837379217147827
v 0.12275996804237366 0.037941284477710724 0.1319446563720703
v 0.12343394756317139 0.024031126871705055 0.4581441581249237
v 0.12391000241041183 -0.023281153291463852 -0.1353134661912918
v 0.12398810684680939 0.03764044865965843 -0.2199360728263855
v 0.12432589381933212 0.03467802330851555 -0.33523693680763245
v 0.12473174929618835 0.036915283650159836 -0.23984761536121368
v 0.12610238790512085 0.023862237110733986 -0.4452689588069916
v 0.1268581748008728 0.027625834569334984 -0.33695486187934875
v 0.12714740633964539 0.03587714210152626 -0.08576551079750061
v 0.1273917555809021 0.03634053096175194 0.23754015564918518
v 0.12740178406238556 0.03768742457032204 -0.06454296410083771
v 0.1281105875968933 0.03741403669118881 0.22027914226055145
v 0.12874656915664673 0.021412812173366547 -0.4078335762023926
v 0.129375159740448 0.03173406794667244 0.33834293484687805
v 0.1301531046628952 0.037018727511167526 -0.3312447965145111
v 0.1309785544872284 0.023620514199137688 -0.34139084815979004
v 0.13224628567695618 0.02530888095498085 -0.22588203847408295
v 0.1324399709701538 -0.02038944885134697 0.26112979650497437
v 0.1327793449163437 0.0370372012257576 0.09671378135681152
v 0.1351517140865326 0.036875177174806595 0.16250678896903992
v 0.13527362048625946 0.023238401859998703 0.40925854444503784
v 0.13536123931407928 0.03603072091937065 0.3300477862358093
v 0.13559240102767944 0.03638169914484024 -0.2289753556251526
v 0.1356346160173416 0.03746206685900688 -0.096687912940979
v 0.13576868176460266 0.02516954578459263 -0.3461229205131531
v 0.1360119879245758 0.03608192130923271 -0.1620592176914215
v 0.1361887902021408 0.02380523644387722 0.3767557740211487
v 0.13624894618988037 0.02461010217666626 0.3485855162143707
v 0.13786080479621887 0.03733908757567406 -0.19084802269935608
v 0.13804921507835388 0.03403360769152641 0.2259807288646698
v 0.13910846412181854 0.037588734179735184 -0.1351166069507599
v 0.13998615741729736 0.020441696047782898 0.4178856611251831
v 0.14021152257919312 0.036785975098609924 -0.3146176338195801
v 0.14135469496250153 0.03740084171295166 0.10850595682859421
v 0.141971156001091 0.025226019322872162 0.48390400409698486
v 0.1421658992767334 0.03704405948519707 0.18232597410678864
v 0.14282721281051636 0.03681817278265953 0.2344304919242859
v 0.1432029902935028 0.037825170904397964 0.03154882416129112
v 0.14354658126831055 0.026743385940790176 0.33723142743110657
v 0.14433401823043823 0.03770642355084419 0.243587464094162
v 0.14456993341445923 0.023166624829173088 -0.4542955756187439
v 0.1449214369058609 0.03690947964787483 -0.11002965271472931
v 0.14498582482337952 0.037493202835321426 -0.24565689265727997
v 0.14504651725292206 0.03720450401306152 0.29874521493911743
v 0.14517635107040405 -0.024870825931429863 -0.049122825264930725
v 0.14797991514205933 -0.02001366950571537 0.3919922709465027
v 0.14826121926307678 0.037947095930576324 0.17609818279743195
v 0.1489531397819519 0.035113442689180374 0.3198120594024658
v 0.14920595288276672 0.024116098880767822 0.32210680842399597
v 0.1497548371553421 0.022633565589785576 -0.4180223345756531
v 0.1502145379781723 0.03667725622653961 0.1115681380033493
v 0.15089379251003265 0.03784786909818649 -0.016764655709266663
v 0.1521625816822052 0.03748686984181404 -0.20516616106033325
v 0.1526987999677658 0.036826085299253464 0.217039093375206
v 0.1529141217470169 0.0234315674751997 0.4421824812889099
v 0.15308354794979095 0.03735439479351044 0.27840298414230347
v 0.1538926362991333 0.023679625242948532 0.34178245067596436
v 0.15433648228645325 0.03452444449067116 0.2195318043231964
v 0.15440458059310913 0.02304840087890625 -0.36855989694595337
v 0.15508171916007996 0.03691898286342621 -0.29249468445777893
v 0.1552015244960785 0.031158262863755226 -0.2114630937576294
v 0.15533611178398132 0.02454465627670288 -0.37623804807662964
v 0.1554838865995407 0.024106599390506744 0.4266863763332367
v 0.15579579770565033 0.023188261315226555 0.3901386857032776
v 0.15582694113254547 0.03414338454604149 -0.1195756047964096
v 0.1558644324541092 0.02482912875711918 0.46567872166633606
v 0.1565537005662918 -0.01682007499039173 -0.49957430362701416
v 0.15675583481788635 0.023395150899887085 -0.3187227249145508
v 0.1586938500404358 0.03684772923588753 -0.3122120201587677
v 0.15981906652450562 0.03725464642047882 0.12745429575443268
v 0.1604233831167221 0.037568144500255585 -0.001411544973962009
v 0.16043499112129211 0.03388424217700958 0.21642422676086426
v 0.1609485149383545 0.022952871397137642 0.37239789962768555
v 0.16136494278907776 0.03808167204260826 -0.11487255990505219
v 0.16183994710445404 0.022973455488681793 -0.34872645139694214
v 0.16187740862369537 0.021703090518712997 0.436090350151062
v 0.16244688630104065 0.03538049757480621 0.29179537296295166
v 0.1635182797908783 0.03671947494149208 0.20271673798561096
v 0.16378585994243622 0.02293967641890049 -0.39063477516174316
v 0.1644793599843979 0.03790592402219772 -0.13931666314601898
v 0.16490212082862854 0.02279559336602688 -0.44288814067840576
v 0.1649918407201767 0.025649825111031532 0.31999993324279785
v 0.16677679121494293 0.02290167845785618 0.34983107447624207
v 0.16785451769828796 0.03734489157795906 -0.0413164384663105
v 0.1682603657245636 0.03792862221598625 0.04372786730527878
v 0.16837649047374725 0.037434618920087814 0.08682847023010254
v 0.16927951574325562 0.03576578199863434 0.16095301508903503
v 0.17076627910137177 -0.017023270949721336 0.49942973256111145
v 0.17233271896839142 0.02291487343609333 -0.4024375081062317
v 0.17284835875034332 0.028456557542085648 -0.31468939781188965
v 0.1733703315258026 0.03785526007413864 -0.18006707727909088
v 0.17451509833335876 0.02328801341354847 0.40619003772735596
v 0.17461800575256348 0.02411557175219059 0.473290354013443
v 0.17548198997974396 0.03670628368854523 -0.28212276101112366
v 0.17661461234092712 0.03714064136147499 0.13950350880622864
v 0.17728963494300842 0.035184167325496674 0.290587842464447
v 0.1775202751159668 0.02719622105360031 -0.3024834394454956
v 0.17888987064361572 0.037742845714092255 -0.06832397729158401
v 0.1798103153705597 0.02303045615553856 0.3722749352455139
v 0.1798393279314041 0.023177707567811012 0.357354074716568
v 0.18008001148700714 0.03686883673071861 -0.20537146925926208
v 0.18026156723499298 0.035199470818042755 -0.19860638678073883
v 0.180485337972641 0.036314669996500015 0.3009618818759918
v 0.1810537576675415 0.03747420012950897 0.24016007781028748
v 0.18193092942237854 0.036334726959466934 -0.127933531999588
v 0.18206340074539185 0.024645989760756493 -0.4747876822948456
v 0.18253207206726074 0.026684274896979332 0.20321285724639893
v 0.18314850330352783 0.02305578999221325 -0.32951050996780396
v 0.18458829820156097 0.022026091814041138 -0.4465762674808502
v 0.18479043245315552 0.037758149206638336 0.04845307767391205
v 0.1858491599559784 0.03726730868220329 0.0639861598610878
v 0.18647617101669312 0.023479068651795387 0.45184722542762756
v 0.18704353272914886 0.022623538970947266 -0.4087255001068115
v 0.18709947168827057 0.03784259036183357 -0.0359230563044548
v 0.18762724101543427 0.036884140223264694 0.20571453869342804
v 0.18770378828048706 0.0250539630651474 0.30883580446243286
v 0.18806424736976624 0.0374409481883049 0.09766799956560135
v 0.18819040060043335 0.03684350475668907 -0.0902131050825119
v 0.18849174678325653 0.0226092878729105 0.3436935544013977
v 0.18865589797496796 0.037561286240816116 -0.0002989855711348355
v 0.18991412222385406 -0.02370232157409191 0.09616488218307495
v 0.19293935596942902 0.024290267378091812 -0.4219764769077301
v 0.19396904110908508 0.03743936866521835 0.18810990452766418
v 0.19508899748325348 0.03652841970324516 0.1546945869922638
v 0.19517292082309723 0.036269284784793854 -0.16576001048088074
v 0.19525788724422455 0.02300565131008625 0.4028845727443695
v 0.19646281003952026 0.02708485908806324 -0.2925274074077606
v 0.19646914303302765 0.03562169522047043 -0.1817876249551773
v 0.19663327932357788 0.03703297674655914 -0.13261756300926208
v 0.19781075417995453 0.022369148209691048 -0.3728470504283905
v 0.19868530333042145 0.025594936683773994 -0.16779935359954834
v 0.19899457693099976 0.022905899211764336 -0.3439273238182068
v 0.19913601875305176 0.023236289620399475 0.4472745358943939
v 0.19927218556404114 0.03805001080036163 -0.11637356132268906
v 0.19954504072666168 0.02410765364766121 0.32338404655456543
v 0.2016398012638092 0.02511465735733509 0.29489240050315857
v 0.20172108709812164 0.03729212284088135 0.2706398665904999
v 0.203131303191185 0.03729739785194397 -0.07477924972772598
v 0.2044750303030014 0.03776237368583679 -0.22897693514823914
v 0.20458005368709564 0.03720397502183914 0.07320330291986465
v 0.20497484505176544 0.023582514375448227 -0.3884730041027069
v 0.2052471786737442 0.022887956351041794 0.4286454916000366
v 0.2053036391735077 -0.019616249948740005 -0.2291315793991089
v 0.20564723014831543 0.025814492255449295 0.17329038679599762
v 0.20616868138313293 0.03668728470802307 0.18387500941753387
v 0.20628319680690765 0.037553366273641586 -0.28005123138427734
v 0.20704585313796997 0.022576037794351578 0.32856208086013794
v 0.20713768899440765 0.023585151880979538 -0.4970499575138092
v 0.20936278998851776 0.03677067160606384 0.15356990694999695
v 0.21012333035469055 0.037760257720947266 0.02868192456662655
v 0.21032388508319855 0.02424382045865059 -0.36020198464393616
v 0.21032704412937164 0.022807732224464417 -0.31304168701171875
v 0.21071602404117584 0.022501621395349503 -0.425374835729599
v 0.2111329734325409 0.03675167262554169 0.2762923836708069
v 0.21185603737831116 0.03720134124159813 -0.04719062149524689
v 0.2121526449918747 0.037197645753622055 -0.0034899411257356405
v 0.21309314668178558 0.03047056682407856 0.27839136123657227
v 0.21377186477184296 0.02382529154419899 -0.4658069610595703
v 0.21387478709220886 0.022986123338341713 0.37292197346687317
v 0.21423262357711792 0.01594184711575508 -0.49994799494743347
v 0.21502745151519775 0.02800847217440605 0.15034252405166626
v 0.21649311482906342 0.024878740310668945 -0.2734149396419525
v 0.21725839376449585 0.03659861162304878 0.03680603578686714
v 0.21798355877399445 0.036258723586797714 0.26461103558540344
v 0.218208909034729 0.022790316492319107 -0.31910112500190735
v 0.21849074959754944 0.03740611672401428 -0.14141301810741425
v 0.21880953013896942 0.034919220954179764 0.002286607166752219
v 0.22045093774795532 0.022383397445082664 0.3510259985923767
v 0.22134076058864594 0.03350107744336128 0.15534745156764984
v 0.2222469598054886 0.022606121376156807 0.42227309942245483
v 0.22256627678871155 0.03763992339372635 -0.028033806011080742
v 0.2231457680463791 0.02272328920662403 0.40505480766296387
v 0.22371207177639008 0.03688625618815422 -0.07015907019376755
v 0.2239384949207306 0.03783520683646202 0.22181972861289978
v 0.2241121381521225 0.037515897303819656 0.12357089668512344
v 0.22459399700164795 0.03794287145137787 0.03688361868262291
v 0.22471855580806732 0.026942359283566475 -0.13925650715827942
v 0.22474758327007294 0.03752698004245758 0.061823319643735886
v 0.2255355566740036 0.0379006490111351 4.776571222464554e-05
v 0.22593878209590912 0.026224050670862198 -0.12625887989997864
v 0.22724080085754395 0.025179574266076088 0.130380317568779
v 0.22727669775485992 0.03748739883303642 -0.17962953448295593
v 0.2277638465166092 0.023041538894176483 0.31934812664985657
v 0.22856608033180237 0.03656642138957977 -0.14123567938804626
v 0.22923317551612854 0.026896968483924866 -0.2628023326396942
v 0.22967545688152313 0.022880567237734795 0.3836016058921814
v 0.22973035275936127 0.024311376735568047 0.30170392990112305
v 0.22994832694530487 0.02457210049033165 0.2774862051010132
v 0.2303541898727417 0.027421582490205765 -0.2692132592201233
v 0.23077957332134247 0.03542430326342583 0.2585020065307617
v 0.23215444386005402 0.02476368471980095 0.26690953969955444
v 0.232496976852417 0.03610989451408386 0.12969842553138733
v 0.23315300047397614 0.02325740084052086 -0.2744324803352356
v 0.23325011134147644 0.03630939498543739 -0.2472006380558014
v 0.23536650836467743 0.021866701543331146 -0.39639076590538025
v 0.23613601922988892 0.023044178262352943 -0.3030281364917755
v 0.2364780157804489 0.03647036477923393 -0.1011059507727623
v 0.23660731315612793 0.02079847641289234 -0.46943387389183044
v 0.23687595129013062 0.030522815883159637 -0.2520905137062073
v 0.23831520974636078 0.02326267957687378 -0.4492737650871277
v 0.23962251842021942 0.02256442792713642 0.4362175166606903
v 0.24043899774551392 0.034697022289037704 0.09422001242637634
v 0.24058783054351807 0.03637905791401863 -0.2279139906167984
v 0.24079102277755737 0.02413034997880459 0.464896559715271
v 0.24087758362293243 0.023443181067705154 0.3560636639595032
v 0.2409409135580063 0.030873261392116547 0.2482435405254364
v 0.241874560713768 0.0203414186835289 0.49980178475379944
v 0.244085431098938 -0.020020531490445137 -0.4116441011428833
v 0.24428123235702515 0.020756253972649574 -0.4998825490474701
v 0.24520748853683472 0.02692810818552971 -0.11310186237096786
v 0.2452523410320282 0.037667371332645416 0.012905534356832504
v 0.24529139697551727 0.03758345544338226 -0.08257191628217697
v 0.2457679808139801 0.037232477217912674 0.08230380713939667
v 0.24670268595218658 0.02306634560227394 -0.36305829882621765
v 0.24757668375968933 0.02694394253194332 0.2616406977176666
v 0.24776194989681244 0.03587767109274864 0.2413528561592102
v 0.24819736182689667 0.025652993470430374 -0.23895250260829926
v 0.2483145147562027 -0.020339837297797203 0.1495424062013626
v 0.24832825362682343 0.027760418131947517 -0.23573146760463715
v 0.2483757585287094 0.034599386155605316 0.014466705732047558
v 0.24845649302005768 0.026957662776112556 0.09720249474048615
v 0.24862803518772125 0.02348962426185608 0.4973333477973938
v 0.24872197210788727 0.027104388922452927 -0.020309224724769592
v 0.24892358481884003 0.029566479846835136 0.07137402147054672
v 0.24900273978710175 0.0364624448120594 0.10880151391029358
v 0.24901118874549866 0.022847315296530724 -0.3294271230697632
v 0.24909459054470062 0.033464133739471436 -0.034245774149894714
v 0.2491188645362854 0.027671750634908676 -0.23472128808498383
v 0.2491774559020996 0.037199754267930984 -0.11262685805559158
v 0.24976907670497894 0.023559292778372765 0.37133073806762695
v 0.2499231994152069 0.027671750634908676 -0.23808957636356354
v 0.250091552734375 0.028832336887717247 -0.0829572007060051
v 0.25059717893600464 0.03728314861655235 0.21912012994289398
v 0.25067687034606934 0.03159157186746597 0.015330681577324867
v 0.2512299716472626 0.029212338849902153 -0.06637805700302124
v 0.2515746057033539 0.032320961356163025 0.05221561715006828
v 0.2516152560710907 0.023595180362462997 0.2921363115310669
v 0.25215888023376465 0.033386021852493286 -0.04019807279109955
v 0.25222063064575195 0.028127223253250122 -0.2350696325302124
v 0.2522343397140503 0.03305035084486008 -0.24122460186481476
v 0.2531326413154602 0.0219152569770813 -0.43127965927124023
v 0.25415703654289246 0.03703509271144867 -0.22912947833538055
v 0.2548041045665741 0.037207670509815216 -0.07352788746356964
v 0.2558538615703583 0.02434779331088066 -0.25169625878334045
v 0.2559245824813843 0.037611957639455795 0.07269611209630966
v 0.25619110465049744 0.02342154085636139 -0.38564252853393555
v 0.2562074661254883 -0.02080059051513672 -0.49623507261276245
v 0.25676533579826355 0.030451038852334023 0.23315642774105072
v 0.2567700743675232 0.023897070437669754 -0.34674251079559326
v 0.25730788707733154 0.023165568709373474 -0.3095947504043579
v 0.2577427923679352 0.031081734225153923 -0.23433654010295868
v 0.2586173117160797 0.023284317925572395 0.34082505106925964
v 0.2587619125843048 0.022840455174446106 0.3846772015094757
v 0.25882527232170105 0.023517068475484848 0.3127102553844452
v 0.25894927978515625 0.03750903159379959 0.1557992398738861
v 0.2598560154438019 0.02972112037241459 -0.22809343039989471
v 0.26009616255760193 -0.020223727449774742 -0.11501190066337585
v 0.260217547416687 0.028773754835128784 0.24191652238368988
v 0.2614668011665344 0.022747037932276726 0.4445632994174957
v 0.2640233337879181 0.0226018987596035 0.3238084018230438
v 0.265323281288147 0.023579875007271767 -0.2576274573802948
v 0.2653729021549225 0.03764836862683296 -0.17664019763469696
v 0.2658289074897766 0.023622095584869385 0.40960586071014404
v 0.266677588224411 0.022379176691174507 -0.27435964345932007
v 0.26896125078201294 0.024349376559257507 -0.37584954500198364
v 0.26936447620391846 0.02273331582546234 -0.4471901059150696
v 0.2698368728160858 0.022840455174446106 0.2745179831981659
v 0.2703213691711426 0.03751431033015251 -0.0016944347880780697
v 0.2738284468650818 -0.019615724682807922 0.35526615381240845
v 0.2741546034812927 0.035888224840164185 0.21085615456104279
v 0.27454355359077454 0.02663096971809864 -0.22445228695869446
v 0.27547773718833923 0.0376383401453495 -0.19801685214042664
v 0.2756113111972809 0.037139590829610825 0.13694536685943604
v 0.2778591215610504 0.03134509548544884 -0.20182688534259796
v 0.2785853147506714 0.03671736642718315 -0.14255037903785706
v 0.27891573309898376 0.022683704271912575 -0.38589057326316833
v 0.2800314426422119 0.022971343249082565 0.4255257844924927
v 0.28017449378967285 0.037179697304964066 -0.047041792422533035
v 0.2803829312324524 0.023142345249652863 -0.31160980463027954
v 0.28087538480758667 0.023223094642162323 0.20527911186218262
v 0.2811344861984253 0.022867899388074875 -0.418873131275177
v 0.2811693251132965 0.02354292944073677 0.29329270124435425
v 0.2816047668457031 0.03716176003217697 0.05070300027728081
v 0.28271204233169556 0.029633507132530212 0.21324224770069122
v 0.28292524814605713 0.023564040660858154 0.24837970733642578
v 0.28340819478034973 0.034367162734270096 -0.20371423661708832
v 0.2834952771663666 0.022977149114012718 0.3666973412036896
v 0.2841555178165436 0.024562599137425423 -0.46571779251098633
v 0.2842193841934204 0.02275284379720688 0.31362226605415344
v 0.2849925756454468 0.024157792329788208 0.3436972498893738
v 0.2866904139518738 0.025319436565041542 0.48244524002075195
v 0.2867759168148041 0.022611398249864578 -0.33888548612594604
v 0.28728365898132324 0.02319987304508686 0.23304930329322815
v 0.28781989216804504 0.024167822673916817 -0.26372700929641724
v 0.2903352975845337 0.02368437498807907 -0.2007850557565689
v 0.29040127992630005 0.024172572419047356 -0.4750526249408722
v 0.2907000184059143 0.034937694668769836 0.18970908224582672
v 0.29105144739151 0.02273806557059288 -0.3658428490161896
v 0.2911538779735565 0.03664717450737953 -0.1732175350189209
v 0.292383074760437 0.03705989941954613 -0.128594309091568
v 0.2927192449569702 0.02309378981590271 -0.28684061765670776
v 0.29286810755729675 0.02485974133014679 -0.22307056188583374
v 0.2943178713321686 0.027346637099981308 0.19669845700263977
v 0.2951095700263977 0.03715648129582405 -0.0381925068795681
v 0.2954964339733124 0.02281142771244049 -0.40566858649253845
v 0.2969124913215637 0.03153562545776367 -0.17788681387901306
v 0.29734736680984497 0.02279823273420334 0.28192800283432007
v 0.29850056767463684 0.02225409261882305 0.408062607049942
v 0.2994980812072754 0.029531119391322136 0.18398477137088776
v 0.29997727274894714 0.02355506829917431 0.22177907824516296
v 0.3007182776927948 0.02288426086306572 -0.3242453634738922
v 0.30172210931777954 0.03700869902968407 0.13044892251491547
v 0.30491095781326294 0.022703232243657112 -0.43711262941360474
v 0.30504289269447327 0.023518124595284462 0.23836085200309753
v 0.3054635524749756 0.022116340696811676 0.4361230731010437
v 0.3066484034061432 0.030202453956007957 -0.15904560685157776
v 0.30665531754493713 0.023427346721291542 0.38186943531036377
v 0.3073762059211731 0.03566497564315796 0.16164755821228027
v 0.30773457884788513 0.02263198234140873 0.16833718121051788
v 0.3101671040058136 0.035784780979156494 -0.1379571110010147
v 0.3105006814002991 0.023458484560251236 -0.45417049527168274
v 0.3105049133300781 0.022764982655644417 0.34760281443595886
v 0.310562402009964 0.023458484560251236 -0.3511494994163513
v 0.3107888400554657 0.02270534448325634 -0.2542612850666046
v 0.3108178675174713 0.02263726107776165 0.2559533417224884
v 0.3115282952785492 0.036617085337638855 -0.1016659289598465
v 0.3131749629974365 0.022992456331849098 0.2081264704465866
v 0.3139001131057739 0.023064233362674713 -0.20521365106105804
v 0.3139692544937134 0.025703132152557373 -0.14515498280525208
v 0.31401464343070984 0.03690420463681221 0.09995011985301971
v 0.3149556815624237 0.02306370623409748 0.32848188281059265
v 0.3154570460319519 0.03721822798252106 -0.02678666263818741
v 0.31556475162506104 0.02238498255610466 -0.37737908959388733
v 0.3163295090198517 0.02406279370188713 -0.1663442701101303
v 0.3165152966976166 -0.020319253206253052 0.044678397476673126
v 0.31931886076927185 0.025725826621055603 0.16606666147708893
v 0.31945183873176575 0.024174680933356285 0.465084433555603
v 0.31983765959739685 0.023289069533348083 -0.4029405117034912
v 0.3201253116130829 0.0224177036434412 -0.298057496547699
v 0.3203807473182678 0.03724462166428566 -0.11460919678211212
v 0.3210420608520508 0.03568713739514351 0.128594309091568
v 0.32116392254829407 0.027288584038615227 -0.1333305984735489
v 0.32118555903434753 0.022519037127494812 -0.2849031090736389
v 0.32258525490760803 0.027390971779823303 0.13878363370895386
v 0.32541361451148987 0.035979531705379486 -0.030406175181269646
v 0.3256658911705017 0.022951815277338028 -0.33982017636299133
v 0.32566696405410767 0.034369803965091705 -0.11604106426239014
v 0.3281507194042206 0.035457026213407516 0.06212784722447395
v 0.32842251658439636 0.022780288010835648 0.3978120684623718
v 0.32857924699783325 0.03407688066363335 0.12045911699533463
v 0.3296881318092346 0.022633036598563194 -0.4157639741897583
v 0.3300934433937073 -0.021134672686457634 0.49663829803466797
v 0.33026552200317383 0.022784510627388954 0.4327690303325653
v 0.3302755057811737 0.02216014638543129 -0.39708372950553894
v 0.33216023445129395 0.021954312920570374 0.36745890974998474
v 0.3329181373119354 0.034700192511081696 -0.10656267404556274
v 0.33307912945747375 0.022333785891532898 -0.2564774453639984
v 0.33317992091178894 0.022695843130350113 -0.18229904770851135
v 0.3332574963569641 0.028604336082935333 0.05015411227941513
v 0.33387866616249084 0.026762913912534714 -0.12672491371631622
v 0.33395466208457947 0.014356925152242184 -0.4995664060115814
v 0.3346672058105469 0.02314181812107563 0.15950055420398712
v 0.3346851170063019 0.023489097133278847 0.2063494324684143
v 0.33473947644233704 0.02519804798066616 -0.05886721983551979
v 0.33560189604759216 0.023662736639380455 -0.22077576816082
v 0.3357417583465576 0.022918567061424255 0.24496445059776306
v 0.3375578224658966 0.02263937145471573 0.32837632298469543
v 0.33765074610710144 0.023180345073342323 0.45242777466773987
v 0.338222861289978 0.023526040837168694 0.005679174326360226
v 0.3383711278438568 0.024394238367676735 0.125900000333786
v 0.33863765001296997 0.02207939885556698 -0.11300475150346756
v 0.339095801115036 0.02290431596338749 -0.30719706416130066
v 0.3394636809825897 0.022998789325356483 -0.16652265191078186
v 0.3401835560798645 0.023705486208200455 -0.1985805183649063
v 0.3403334319591522 0.02245306596159935 -0.4431573152542114
v 0.3416576385498047 0.02482490800321102 -0.11430097371339798
v 0.34255853295326233 0.02414301596581936 0.1687377542257309
v 0.34290897846221924 0.022872649133205414 0.3006087839603424
v 0.3444063067436218 0.025436602532863617 -0.01632026582956314
v 0.34511828422546387 0.022951815277338028 -0.3677872121334076
v 0.34753552079200745 0.020692920312285423 0.4697500169277191
v 0.34815511107444763 0.023052623495459557 0.4009159505367279
v 0.34974217414855957 0.023357678204774857 0.3674188256263733
v 0.35011741518974304 0.02389337494969368 -0.4959922730922699
v 0.3520311415195465 0.020826974883675575 0.41278043389320374
v 0.3529421091079712 0.022828316316008568 0.4396982491016388
v 0.35294947028160095 -0.016896601766347885 0.4994159936904907
v 0.3531806766986847 0.023224150761961937 -0.2519955039024353
v 0.35371583700180054 0.02264992706477642 -0.391505628824234
v 0.3557868003845215 0.02315448597073555 -0.45195329189300537
v 0.35650932788848877 0.022882677614688873 -0.3380995988845825
v 0.3566196858882904 0.02340676262974739 -0.2839277684688568
v 0.35807424783706665 0.022640954703092575 0.3379528820514679
v 0.35918885469436646 0.023276930674910545 -0.22055409848690033
v 0.3596143126487732 0.024142488837242126 0.12034563720226288
v 0.36032313108444214 0.024592682719230652 -0.08427928388118744
v 0.3613738715648651 0.023952487856149673 0.02572266384959221
v 0.3625344932079315 0.022915398702025414 0.19051288068294525
v 0.36265113949775696 0.023046817630529404 0.24633456766605377
v 0.36276301741600037 0.021392228081822395 0.14750254154205322
v 0.3628041446208954 0.02345479093492031 -0.1277899593114853
v 0.3637641966342926 0.02332073450088501 -0.17540043592453003
v 0.36421021819114685 0.022428259253501892 -0.4198870062828064
v 0.3648435175418854 0.022734371945261955 0.10898201167583466
v 0.36545732617378235 0.022479981184005737 0.44040441513061523
v 0.3655116856098175 0.022724345326423645 0.26913148164749146
v 0.36578506231307983 0.023254234343767166 -0.08863662928342819
v 0.36589857935905457 0.022940732538700104 -0.3071495592594147
v 0.3659782111644745 -0.01673668436706066 -0.499426007270813
v 0.3665013015270233 0.022040341049432755 -0.006214340217411518
v 0.3673985004425049 0.023142345249652863 -0.27606016397476196
v 0.3700036108493805 0.02383268065750599 -0.4654749929904938
v 0.37015825510025024 0.024493461474776268 -0.04772579297423363
v 0.3703060448169708 0.023329706862568855 0.4144403040409088
v 0.3708744943141937 -0.02071192115545273 0.45606309175491333
v 0.37123385071754456 0.023086927831172943 0.3761266767978668
v 0.3728114366531372 0.023846931755542755 0.08302158862352371
v 0.3735845983028412 0.023107511922717094 0.3168005347251892
v 0.37441322207450867 0.0244734063744545 0.14609970152378082
v 0.3752877414226532 0.02420634776353836 0.4648078978061676
v 0.37603193521499634 0.022527482360601425 -0.40603646636009216
v 0.3779124319553375 0.021125171333551407 -0.46938374638557434
v 0.37804749608039856 0.023153429850935936 -0.14875495433807373
v 0.3788086175918579 0.022816704586148262 0.3996513783931732
v 0.37935692071914673 0.022091008722782135 -0.3649984300136566
v 0.38136935234069824 0.023020954802632332 0.3633976876735687
v 0.3819050192832947 0.022963954135775566 0.23434075713157654
v 0.38192880153656006 0.023794151842594147 -0.2857206165790558
v 0.38245075941085815 0.02272539958357811 -0.23181428015232086
v 0.3825616240501404 0.02263726107776165 0.2645999789237976
v 0.383115291595459 0.023234177380800247 -0.17999054491519928
v 0.3831997215747833 0.023564569652080536 0.3317229747772217
v 0.38337650895118713 0.022847315296530724 -0.38863927125930786
v 0.38340288400650024 0.02062378078699112 0.19558538496494293
v 0.38344937562942505 0.023503346368670464 -0.07592348009347916
v 0.3839074671268463 0.022506898269057274 -0.10480568557977676
v 0.3842921853065491 0.023387763649225235 0.1470407396554947
v 0.38442784547805786 0.0247710719704628 -0.020002584904432297
v 0.38446319103240967 0.022252507507801056 -0.33657485246658325
v 0.38552194833755493 0.023224150761961937 0.28608056902885437
v 0.3857467472553253 0.023102233186364174 -0.26194098591804504
v 0.38655370473861694 0.022343814373016357 -0.42361733317375183
v 0.3874208927154541 0.02379784733057022 0.2063610553741455
v 0.3911902606487274 0.023193011060357094 0.115302175283432
v 0.3913349211215973 0.023852208629250526 -0.15535958111286163
v 0.39187636971473694 0.023274818435311317 -0.1308283805847168
v 0.39204737544059753 -0.020718256011605263 -0.4959004521369934
v 0.3927493393421173 0.021677229553461075 0.4199286699295044
v 0.39430153369903564 0.022451482713222504 0.13635320961475372
v 0.3949074149131775 0.020229529589414597 0.4997759163379669
v 0.395004004240036 0.02253117598593235 -0.2976737916469574
v 0.3953903615474701 0.019616248086094856 -0.4127762019634247
v 0.39739224314689636 0.024696655571460724 0.4742593765258789
v 0.39767196774482727 0.020420057699084282 -0.4996403157711029
v 0.39806246757507324 0.022612983360886574 0.32043376564979553
v 0.39841771125793457 0.022979261353611946 -0.13080096244812012
v 0.3991033136844635 0.023545041680336 0.4968937337398529
v 0.4007488787174225 0.023100649937987328 0.3949272334575653
v 0.40119752287864685 0.024023208767175674 -0.09658130258321762
v 0.40136483311653137 0.023036262020468712 0.44260790944099426
v 0.4041842222213745 0.022464675828814507 -0.15904772281646729
v 0.40449610352516174 0.02232428826391697 0.3751075267791748
v 0.4058050215244293 0.02181181311607361 -0.44539088010787964
v 0.4061966836452484 0.02300037257373333 0.1090543195605278
v 0.4069402813911438 -0.020239559933543205 -0.1848915070295334
v 0.4075794517993927 0.02423959970474243 -0.011356497183442116
v 0.408579558134079 0.022625122219324112 0.3500839173793793
v 0.40943196415901184 0.024779517203569412 -0.06339874118566513
v 0.40987420082092285 0.023339206352829933 0.09044481068849564
v 0.4111081659793854 0.022547008469700813 -0.3069368600845337
v 0.41127124428749084 0.022608758881688118 -0.34027299284935
v 0.41135624051094055 0.02305631712079048 -0.4341544508934021
v 0.4115757644176483 0.021591201424598694 -0.04461031034588814
v 0.41172724962234497 0.021047061309218407 0.07405196875333786
v 0.41208142042160034 0.02236703783273697 -0.38068509101867676
v 0.4140743017196655 0.022679483518004417 -0.07446891814470291
v 0.4149276912212372 0.023814735934138298 -0.19107866287231445
v 0.4164767563343048 0.02438790537416935 -0.05185408517718315
v 0.4167754650115967 0.023467984050512314 0.20095817744731903
v 0.41695070266723633 0.023215707391500473 0.27006247639656067
v 0.41743943095207214 0.02289428934454918 -0.09616699069738388
v 0.41774022579193115 0.023815792053937912 -0.21533119678497314
v 0.41798195242881775 0.022991927340626717 0.30208921432495117
v 0.418251097202301 0.02411029301583767 -0.4527623653411865
v 0.41853296756744385 -0.020419005304574966 0.19758355617523193
v 0.4186137020587921 0.024607989937067032 0.06636856496334076
v 0.4202466905117035 0.02422376535832882 0.34470000863075256
v 0.4213128089904785 0.02184981293976307 0.4145205318927765
v 0.42253777384757996 0.022178618237376213 -0.4090173542499542
v 0.42284122109413147 -0.020341947674751282 -0.3487454652786255
v 0.423573762178421 0.02126714400947094 0.3102998733520508
v 0.4245818555355072 0.022559676319360733 -0.27016380429267883
v 0.42595356702804565 0.023879652842879295 0.13787055015563965
v 0.4269980490207672 0.022673677653074265 0.380695641040802
v 0.4270703196525574 -0.0205535888671875 -0.4421022832393646
v 0.4271906912326813 0.022609815001487732 0.32714343070983887
v 0.4278889298439026 0.023289069533348083 -0.14182467758655548
v 0.4291999042034149 0.02310381829738617 -0.285685271024704
v 0.43137651681900024 0.022688983008265495 -0.0789312943816185
v 0.43262311816215515 -0.020726701244711876 0.3767784833908081
v 0.43299201130867004 0.023022539913654327 -0.10475765913724899
v 0.43370503187179565 0.02278081513941288 0.10284499078989029
v 0.43592119216918945 0.023478541523218155 0.31237509846687317
v 0.43632441759109497 0.023359263315796852 -0.16620810329914093
v 0.4370332360267639 0.021437089890241623 0.469859778881073
v 0.4374443292617798 0.023822125047445297 0.464708149433136
v 0.43770191073417664 0.02255387045443058 0.4436687231063843
v 0.4379763603210449 0.023887041956186295 0.22677873075008392
v 0.43812042474746704 0.02371234819293022 -0.2599876821041107
v 0.43950319290161133 0.022039813920855522 0.35339730978012085
v 0.4414818584918976 0.022452009841799736 -0.3574633300304413
v 0.44169721007347107 0.023483291268348694 0.29367536306381226
v 0.4419373869895935 0.023811042308807373 -0.11421231180429459
v 0.4424561858177185 0.022806677967309952 -0.3216370940208435
v 0.44380831718444824 0.022938622161746025 0.14784084260463715
v 0.4445577561855316 0.022464148700237274 -0.44045084714889526
v 0.44574788212776184 0.022232454270124435 -0.18107248842716217
v 0.4463295638561249 0.020662307739257812 0.18773096799850464
v 0.44657814502716064 0.022352786734700203 0.4192562997341156
v 0.4467306435108185 0.0224324818700552 -0.24751941859722137
v 0.4470488727092743 0.024406377226114273 -0.47347506880760193
v 0.4479197561740875 0.023158179596066475 -0.39081475138664246
v 0.4482358396053314 0.02340412512421608 -0.0742746964097023
v 0.44934260845184326 0.02308904007077217 0.37048259377479553
v 0.44937217235565186 0.02346481941640377 0.266716331243515
v 0.450228214263916 -0.020433252677321434 0.024102378636598587
v 0.4503084421157837 0.02232217602431774 -0.41702061891555786
v 0.45035016536712646 0.02393665350973606 0.14467152953147888
v 0.4503844380378723 0.023425761610269547 -0.15960030257701874
v 0.45122891664505005 0.02350017987191677 0.19530987739562988
v 0.45152026414871216 0.021831341087818146 0.3998165726661682
v 0.46118074655532837 0.023768292739987373 -0.29639074206352234
v 0.4616461992263794 0.024184711277484894 0.01117019448429346
v 0.4636322855949402 0.024262821301817894 -0.40278902649879456
v 0.4643806517124176 0.02433459833264351 -0.14722703397274017
v 0.46441709995269775 0.023784125223755836 0.36180853843688965
v 0.4644920229911804 0.023360317572951317 0.28755152225494385
v 0.46455061435699463 0.023533958941698074 -0.0861222967505455
v 0.4648139774799347 0.023918181657791138 -0.2643434405326843
v 0.46508684754371643 0.024127710610628128 0.33725884556770325
v 0.46605372428894043 0.023448986932635307 0.19372811913490295
v 0.46632182598114014 0.023819485679268837 0.4257933795452118
v 0.46654611825942993 0.02335398457944393 0.11351828277111053
v 0.4671272039413452 0.021488284692168236 0.0484810508787632
v 0.46763864159584045 0.022875817492604256 -0.4579293131828308
v 0.4687786400318146 0.022801928222179413 -0.3550671935081482
v 0.4693829417228699 0.021318865939974785 -0.2994091212749481
v 0.46975716948509216 0.021706784144043922 0.27161943912506104
v 0.4698125422000885 0.020753614604473114 -0.4095039665699005
v 0.4698478877544403 0.02104072831571102 0.1129002496600151
v 0.4698511064052582 0.021001670509576797 0.45182135701179504
v 0.4698833227157593 0.021182172000408173 -0.22023849189281464
v 0.46988803148269653 0.021061837673187256 -0.08141027390956879
v 0.4698980450630188 0.02095417119562626 0.35101595520973206
v 0.4699677526950836 0.02331598475575447 0.46846696734428406
v 0.47019362449645996 0.021768534556031227 0.17772743105888367
v 0.4710385799407959 0.02062167041003704 -0.4694935083389282
v 0.47324368357658386 0.02354029193520546 -0.164048969745636
v 0.47358354926109314 0.024029014632105827 -0.3497292101383209
v 0.47381049394607544 0.02381790429353714 0.35082119703292847
v 0.4740184247493744 0.023657986894249916 -0.03270307555794716
v 0.474335640668869 0.02353501506149769 -0.4654211699962616
v 0.4748138189315796 0.004913891199976206 -0.49922439455986023
v 0.47506818175315857 0.024061210453510284 0.43576258420944214
v 0.47513261437416077 0.023793097585439682 -0.2360423356294632
v 0.47552841901779175 0.023675402626395226 0.46561750769615173
v 0.4766700267791748 0.024169404059648514 0.15615549683570862
v 0.476741760969162 0.024268098175525665 0.2574860155582428
v 0.48518046736717224 0.02415832132101059 -0.4710124731063843
v 0.49109947681427 0.024365738034248352 -0.20312312245368958
v 0.491500586271286 -0.021183228120207787 -0.19528137147426605
v 0.49220675230026245 -0.021354759112000465 0.2181616723537445
v 0.49234190583229065 -0.021102480590343475 -0.4582412540912628
v 0.4924406111240387 0.024134570732712746 0.39461004734039307
v 0.4926263391971588 0.024260709062218666 -0.07427416741847992
v 0.4927445650100708 0.024156738072633743 0.2821222245693207
v 0.4928153455257416 0.024343043565750122 0.10028262436389923
v 0.49295520782470703 0.02433248981833458 0.488639235496521
v 0.49528324604034424 -0.021101951599121094 0.4965812861919403
v 0.49642056226730347 -0.02096947841346264 0.015385041944682598
v 0.49667128920555115 -0.02069450542330742 -0.3153834342956543
v 0.49677208065986633 0.023929264396429062 -0.3351609408855438
v 0.4968026578426361 0.02385590225458145 -0.49600282311439514
v 0.4969346523284912 -0.020984256640076637 0.34526318311691284
v 0.49700745940208435 -0.02021528221666813 -0.4958703815937042
v 0.49712303280830383 0.02364162541925907 0.4262905418872833
v 0.4972750246524811 -0.020519280806183815 0.19966407120227814
v 0.4973890483379364 -0.017786439508199692 -0.4991399645805359
v 0.4974059760570526 0.023291707038879395 0.2745612859725952
v 0.4974243938922882 0.023476429283618927 0.0837261751294136
v 0.4974276125431061 -0.020188363268971443 -0.13271678984165192
v 0.4974386692047119 0.023359263315796852 -0.11253238469362259
v 0.4992784857749939 -0.0166781023144722 0.49991104006767273
v 0.49930596351623535 -0.016715575009584427 -0.04198038578033447
v 0.49932655692100525 0.0206596702337265 -0.16748690605163574
v 0.49937403202056885 -0.016369350254535675 -0.494344562292099
v 0.4994189143180847 0.022495288401842117 0.49908825755119324
v 0.49942782521247864 -0.016426879912614822 -0.2898689806461334
v 0.499470055103302 0.020292334258556366 0.20473548769950867
v 0.4994896352291107 -0.016740381717681885 0.3582502603530884
v 0.49956241250038147 0.02009441889822483 0.06783419847488403
v 0.4995782673358917 0.020052721723914146 -0.4996176064014435
v 0.4995904266834259 0.009623797610402107 -0.13140472769737244
v 0.49960991740226746 -0.016536129638552666 0.15614968538284302
v 0.49962368607521057 0.013792200945317745 0.2781311571598053
v 0.4996489882469177 0.019911805167794228 -0.42493942379951477
v 0.4997117817401886 0.015283705666661263 -0.33079251646995544
v 0.5 0.020123446360230446 0.4206126630306244
vt 0.00026500000967644155 0.00026500000967644155
vt 0.00026500000967644155 0.5332810282707214
vt 0.0008110000053420663 0.5040799975395203
vt 0.0008750000270083547 0.23315900564193726
vt 0.0009079999872483313 0.39326900243759155
vt 0.000914999982342124 0.49883800745010376
vt 0.0009950000094249845 0.317797988653183
vt 0.0010019999463111162 0.12588100135326385
vt 0.0012069999938830733 0.6175910234451294
vt 0.001307999948039651 0.05051200091838837
vt 0.002859999891370535 0.2857770025730133
vt 0.003848999971523881 0.5391510128974915
vt 0.005255000200122595 0.6276469826698303
vt 0.005495999939739704 0.003507999936118722
vt 0.005878000054508448 0.5011299848556519
vt 0.005878000054508448 0.5936689972877502
vt 0.006407999899238348 0.539201021194458
vt 0.006550000049173832 0.5131610035896301
vt 0.006891000084578991 0.5011299848556519
vt 0.006945000030100346 0.5608699917793274
vt 0.007207999937236309 0.6098210215568542
vt 0.007668999955058098 0.17931100726127625
vt 0.008481999859213829 0.10682400315999985
vt 0.010153000243008137 0.6054329872131348
vt 0.010351000353693962 0.268981009721756
vt 0.010711000300943851 0.5591650009155273
vt 0.011326000094413757 0.5233389735221863
vt 0.01169000007212162 0.48806700110435486
vt 0.011739999987185001 0.5038020014762878
vt 0.011739999987185001 0.5458430051803589
vt 0.012178000062704086 0.20813700556755066
vt 0.012253000400960445 0.3965499997138977
vt 0.012269999831914902 0.536857008934021
vt 0.012407000176608562 0.3080050051212311
vt 0.012644999660551548 0.05138099938631058
vt 0.013003000058233738 0.16296499967575073
vt 0.013012000359594822 0.5173670053482056
vt 0.013722999952733517 0.5011299848556519
vt 0.014055999927222729 0.5828660130500793
vt 0.014503000304102898 0.4365600049495697
vt 0.014569999650120735 0.35692501068115234
vt 0.014685000292956829 0.2524459958076477
vt 0.01486899983137846 0.031530000269412994
vt 0.014871999621391296 0.07635799795389175
vt 0.015142999589443207 0.48505899310112
vt 0.015585999935865402 0.015033000148832798
vt 0.016488999128341675 0.2961469888687134
vt 0.01654299907386303 0.20705200731754303
vt 0.016790999099612236 0.3310920000076294
vt 0.016805000603199005 0.17236199975013733
vt 0.01686999946832657 0.26702699065208435
vt 0.016956999897956848 0.5870310068130493
vt 0.01697699911892414 0.4127010107040405
vt 0.01699100062251091 0.4546299874782562
vt 0.017016999423503876 0.012249999679625034
vt 0.017194999381899834 0.09042499959468842
vt 0.01722100004553795 0.538906991481781
vt 0.01724500022828579 0.12982499599456787
vt 0.01736599951982498 0.06245800107717514
vt 0.017405999824404716 0.37970399856567383
vt 0.017450999468564987 0.03132599964737892
vt 0.01775999926030636 0.5222219824790955
vt 0.01828799955546856 0.5068060159683228
vt 0.01828799955546856 0.5827770233154297
vt 0.018818000331521034 0.5017300248146057
vt 0.018818000331521034 0.5192750096321106
vt 0.02047000080347061 0.5643309950828552
vt 0.020560000091791153 0.1886110007762909
vt 0.020692000165581703 0.5384079813957214
vt 0.021960999816656113 0.21724900603294373
vt 0.022047000005841255 0.5248860120773315
vt 0.022370999678969383 0.3405590057373047
vt 0.023113999515771866 0.5357019901275635
vt 0.023545000702142715 0.0813170000910759
vt 0.023749999701976776 0.15703800320625305
vt 0.02392200008034706 0.01510199997574091
vt 0.024271000176668167 0.42644500732421875
vt 0.024632999673485756 0.5011299848556519
vt 0.025147000327706337 0.5182520151138306
vt 0.025340000167489052 0.4123519957065582
vt 0.025676999241113663 0.5467309951782227
vt 0.02595599927008152 0.30204901099205017
vt 0.026047000661492348 0.15070000290870667
vt 0.026328999549150467 0.44109898805618286
vt 0.02656799927353859 0.20025299489498138
vt 0.02696100063621998 0.2983640134334564
vt 0.026964999735355377 0.511385977268219
vt 0.027347000315785408 0.522629976272583
vt 0.02744000032544136 0.11948099732398987
vt 0.02778800018131733 0.5327820181846619
vt 0.02781200036406517 0.3341659903526306
vt 0.027876999229192734 0.3784930109977722
vt 0.02790600061416626 0.5011299848556519
vt 0.027987999841570854 0.031208999454975128
vt 0.028498999774456024 0.04941000044345856
vt 0.028571000322699547 0.17385399341583252
vt 0.02958199940621853 0.06739699840545654
vt 0.02980699948966503 0.3855699896812439
vt 0.02992900088429451 0.07366599887609482
vt 0.031063999980688095 0.4846540093421936
vt 0.031072000041604042 0.293071985244751
vt 0.03160800039768219 0.13042700290679932
vt 0.031626999378204346 0.16936899721622467
vt 0.03169199824333191 0.09744899719953537
vt 0.031971000134944916 0.012497000396251678
vt 0.032464999705553055 0.40553098917007446
vt 0.03251799941062927 0.5222809910774231
vt 0.03266499936580658 0.20559699833393097
vt 0.03275800123810768 0.19947600364685059
vt 0.03277000039815903 0.5356339812278748
vt 0.0329429991543293 0.5119379758834839
vt 0.0329429991543293 0.5511559844017029
vt 0.03314900025725365 0.42768800258636475
vt 0.03338700160384178 0.08502800017595291
vt 0.03347200155258179 0.5083159804344177
vt 0.03347200155258179 0.5399720072746277
vt 0.03351600095629692 0.3528980016708374
vt 0.033806998282670975 0.3271459937095642
vt 0.03380899876356125 0.5252820253372192
vt 0.034570999443531036 0.4876059889793396
vt 0.03496500104665756 0.5543479919433594
vt 0.03503600135445595 0.47031301259994507
vt 0.035071998834609985 0.45397698879241943
vt 0.03532699868083 0.48160600662231445
vt 0.035381000488996506 0.14765000343322754
vt 0.03547099977731705 0.37269800901412964
vt 0.03633499890565872 0.1725749969482422
vt 0.036727000027894974 0.0014560000272467732
vt 0.036958999931812286 0.01688399910926819
vt 0.036986999213695526 0.11019299924373627
vt 0.03829700127243996 0.5268840193748474
vt 0.038582999259233475 0.13913799822330475
vt 0.038718000054359436 0.29416000843048096
vt 0.03873400017619133 0.5011299848556519
vt 0.039413999766111374 0.5156260132789612
vt 0.03979500010609627 0.5366489887237549
vt 0.039810001850128174 0.3567019999027252
vt 0.039845000952482224 0.44606098532676697
vt 0.03985299915075302 0.053739000111818314
vt 0.04022099822759628 0.026776999235153198
vt 0.04032500088214874 0.5199769735336304
vt 0.040421001613140106 0.3214690089225769
vt 0.0407009981572628 0.41523998975753784
vt 0.0407320000231266 0.18034499883651733
vt 0.041046999394893646 0.20947900414466858
vt 0.0421609990298748 0.24102699756622314
vt 0.04232199862599373 0.2871670126914978
vt 0.04257800057530403 0.039434999227523804
vt 0.04258999973535538 0.06498300284147263
vt 0.04340999945998192 0.07413800060749054
vt 0.043981000781059265 0.5273560285568237
vt 0.044220998883247375 0.3866010010242462
vt 0.044270001351833344 0.4350590109825134
vt 0.04443899914622307 0.28432101011276245
vt 0.0448170006275177 0.22268100082874298
vt 0.04495299980044365 0.11731600016355515
vt 0.045051999390125275 0.1827089935541153
vt 0.04525500163435936 0.38032200932502747
vt 0.04530400037765503 0.40187400579452515
vt 0.04539899900555611 0.19962500035762787
vt 0.04559899866580963 0.33994901180267334
vt 0.045635998249053955 0.5152270197868347
vt 0.045743998140096664 0.10095299780368805
vt 0.04646399989724159 0.3089289963245392
vt 0.04661199823021889 0.16305500268936157
vt 0.0469370000064373 0.19195599853992462
vt 0.047207001596689224 0.13869799673557281
vt 0.047442998737096786 0.26135098934173584
vt 0.047873999923467636 0.4749079942703247
vt 0.04817799851298332 0.3016349971294403
vt 0.04827899858355522 0.15266799926757812
vt 0.04889100044965744 0.2294510006904602
vt 0.0491040013730526 0.38609299063682556
vt 0.049352001398801804 0.07608500123023987
vt 0.04936999827623367 0.5330100059509277
vt 0.04949599876999855 0.5011299848556519
vt 0.04949599876999855 0.5247219800949097
vt 0.049959998577833176 0.024312999099493027
vt 0.049966998398303986 0.3335059881210327
vt 0.050002001225948334 0.060731999576091766
vt 0.050025999546051025 0.527163028717041
vt 0.05073099955916405 0.556888997554779
vt 0.050895001739263535 0.08597099781036377
vt 0.05144599825143814 0.5011299848556519
vt 0.052000001072883606 0.42176100611686707
vt 0.0523810014128685 0.04974599927663803
vt 0.05259300023317337 0.0038189999759197235
vt 0.05304500088095665 0.20287999510765076
vt 0.05317800119519234 0.4543110132217407
vt 0.053564999252557755 0.46881601214408875
vt 0.05445399880409241 0.4407080113887787
vt 0.054482001811265945 0.4015200138092041
vt 0.05463799834251404 0.5111389756202698
vt 0.05463799834251404 0.5362750291824341
vt 0.0546410009264946 0.17244000732898712
vt 0.055125001817941666 0.37442299723625183
vt 0.055167000740766525 0.515699028968811
vt 0.055167000740766525 0.5376880168914795
vt 0.05619499832391739 0.5271329879760742
vt 0.05650399997830391 0.5436440110206604
vt 0.056995999068021774 0.23346300423145294
vt 0.0573900006711483 0.32777100801467896
vt 0.05743499845266342 0.12087000161409378
vt 0.05790900066494942 0.5083410143852234
vt 0.0579570010304451 0.13544000685214996
vt 0.05820799991488457 0.4819659888744354
vt 0.05886799842119217 0.09688299894332886
vt 0.059494998306035995 0.3500779867172241
vt 0.05952399969100952 0.03660599887371063
vt 0.060777001082897186 0.533115029335022
vt 0.06114000082015991 0.5011299848556519
vt 0.061239998787641525 0.2609640061855316
vt 0.06124800071120262 0.5154100060462952
vt 0.06124899908900261 0.3910830020904541
vt 0.06133300065994263 0.18226900696754456
vt 0.0613970011472702 0.29968899488449097
vt 0.0614439994096756 0.4049530029296875
vt 0.061455998569726944 0.31607499718666077
vt 0.061778001487255096 0.5229790210723877
vt 0.06178100034594536 0.06453999876976013
vt 0.062164999544620514 0.547664999961853
vt 0.06230999901890755 0.04788000136613846
vt 0.06232399865984917 0.5011299848556519
vt 0.0630199983716011 0.30963200330734253
vt 0.06325799971818924 0.45241400599479675
vt 0.06326200067996979 0.19861100614070892
vt 0.06328999996185303 0.2519319951534271
vt 0.06329700350761414 0.14336000382900238
vt 0.06352899968624115 0.16987000405788422
vt 0.06360200047492981 0.16042199730873108
vt 0.06369999796152115 0.43371400237083435
vt 0.0641150027513504 0.12538200616836548
vt 0.06442800164222717 0.4737339913845062
vt 0.06465300172567368 0.02542000077664852
vt 0.06495100259780884 0.338003009557724
vt 0.0650940015912056 0.3128109872341156
vt 0.06535200029611588 0.5378590226173401
vt 0.0655049979686737 0.19208699464797974
vt 0.06571800261735916 0.3749450147151947
vt 0.06591600179672241 0.5182290077209473
vt 0.06591600179672241 0.5606259703636169
vt 0.06610000133514404 0.08411599695682526
vt 0.06613100320100784 0.07530900090932846
vt 0.06633400171995163 0.49872300028800964
vt 0.06644599884748459 0.5011299848556519
vt 0.06644599884748459 0.5210679769515991
vt 0.06645499914884567 0.10849200189113617
vt 0.06650800257921219 0.24771399796009064
vt 0.06662199646234512 0.5331979990005493
vt 0.06700199842453003 0.5405060052871704
vt 0.06788600236177444 0.51111900806427
vt 0.06816300004720688 0.059470001608133316
vt 0.06900600343942642 0.01787400059401989
vt 0.06934600323438644 0.39755600690841675
vt 0.06957200169563293 0.36173900961875916
vt 0.06996700167655945 0.48548299074172974
vt 0.07038699835538864 0.4173339903354645
vt 0.07107599824666977 0.16041600704193115
vt 0.0716399997472763 0.32938599586486816
vt 0.0717570036649704 0.12984399497509003
vt 0.07194499671459198 0.541022002696991
vt 0.07224699854850769 0.5033209919929504
vt 0.07268500328063965 0.3542959988117218
vt 0.07279200106859207 0.5192720293998718
vt 0.07320400327444077 0.030357999727129936
vt 0.07332099974155426 0.5443770289421082
vt 0.0734189972281456 0.521511971950531
vt 0.07394000142812729 0.5361189842224121
vt 0.07396599650382996 0.45337599515914917
vt 0.07426799833774567 0.14007900655269623
vt 0.07441399991512299 0.015135999768972397
vt 0.07451499998569489 0.013175000436604023
vt 0.07483600080013275 0.16696299612522125
vt 0.07484599947929382 0.04584899917244911
vt 0.07506600022315979 0.2056100070476532
vt 0.07531700283288956 0.37901198863983154
vt 0.07544399797916412 0.18225400149822235
vt 0.07584600150585175 0.5011299848556519
vt 0.07597699761390686 0.3240939974784851
vt 0.07603400200605392 0.09497399628162384
vt 0.07684499770402908 0.3442710041999817
vt 0.07729999721050262 0.36742499470710754
vt 0.07748500257730484 0.5349090099334717
vt 0.07755099982023239 0.040008001029491425
vt 0.07776100188493729 0.5209169983863831
vt 0.07776100188493729 0.5523689985275269
vt 0.07792200148105621 0.15609000623226166
vt 0.07797600328922272 0.10775399953126907
vt 0.07797800004482269 0.42893001437187195
vt 0.07829099893569946 0.5046849846839905
vt 0.07829099893569946 0.5183680057525635
vt 0.07856199890375137 0.5346159934997559
vt 0.07866600155830383 0.2873130142688751
vt 0.07878000289201736 0.22357900440692902
vt 0.07886099815368652 0.1734209954738617
vt 0.0793989971280098 0.12096700072288513
vt 0.0795309990644455 0.317236989736557
vt 0.07965300232172012 0.4874520003795624
vt 0.07994599640369415 0.1931460052728653
vt 0.08057499676942825 0.18569999933242798
vt 0.08089400082826614 0.07115299999713898
vt 0.08113600313663483 0.17860400676727295
vt 0.08120200037956238 0.5073750019073486
vt 0.08130399882793427 0.017552999779582024
vt 0.08153200149536133 0.2282620072364807
vt 0.08160699903964996 0.29178500175476074
vt 0.08218800276517868 0.5011299848556519
vt 0.08266200125217438 0.47049200534820557
vt 0.08276599645614624 0.5295050144195557
vt 0.0833510011434555 0.48556798696517944
vt 0.08337400108575821 0.32262399792671204
vt 0.08371999859809875 0.29084399342536926
vt 0.08388599753379822 0.2005009949207306
vt 0.08397199958562851 0.3920530080795288
vt 0.08403000235557556 0.05857099965214729
vt 0.08448400348424911 0.4135909974575043
vt 0.08463700115680695 0.33455100655555725
vt 0.08473599702119827 0.18270400166511536
vt 0.08483000099658966 0.515047013759613
vt 0.08535999804735184 0.5343980193138123
vt 0.08547700196504593 0.31818100810050964
vt 0.08551199734210968 0.146806001663208
vt 0.08557300269603729 0.5027289986610413
vt 0.08561400324106216 0.0927560031414032
vt 0.08567900210618973 0.08143500238656998
vt 0.08589299768209457 0.5170779824256897
vt 0.08634799718856812 0.03654000163078308
vt 0.08645399659872055 0.3322579860687256
vt 0.08679000288248062 0.37841498851776123
vt 0.08701600134372711 0.35732799768447876
vt 0.0873040035367012 0.21528199315071106
vt 0.0879250019788742 0.11826899647712708
vt 0.08803299814462662 0.4268079996109009
vt 0.0880659967660904 0.28911900520324707
vt 0.08810199797153473 0.1505649983882904
vt 0.08850199729204178 0.4635559916496277
vt 0.08858799934387207 0.4401780068874359
vt 0.08860500156879425 0.34643301367759705
vt 0.08871299773454666 0.17577899992465973
vt 0.08966399729251862 0.32759401202201843
vt 0.08969199657440186 0.05113400146365166
vt 0.08977899700403214 0.16787299513816833
vt 0.08980099856853485 0.4833590090274811
vt 0.08986999839544296 0.17590199410915375
vt 0.0901390016078949 0.13643300533294678
vt 0.09015200287103653 0.23137600719928741
vt 0.0907529965043068 0.3255529999732971
vt 0.09085100144147873 0.5011299848556519
vt 0.09098199754953384 0.5159670114517212
vt 0.09098199754953384 0.5383359789848328
vt 0.09131400287151337 0.19004599750041962
vt 0.091498002409935 0.06339599937200546
vt 0.09151200205087662 0.5011299848556519
vt 0.09151200205087662 0.5334389805793762
vt 0.09191899746656418 0.519743025302887
vt 0.09250999987125397 0.3937320113182068
vt 0.09260000288486481 0.4179140031337738
vt 0.09303899854421616 0.10815899819135666
vt 0.09348200261592865 0.12087900191545486
vt 0.09375 0.03217500075697899
vt 0.09381499886512756 0.25507500767707825
vt 0.09465699642896652 0.44051098823547363
vt 0.09478099644184113 0.03836200013756752
vt 0.09538300335407257 0.15650400519371033
vt 0.09578999876976013 0.5172160267829895
vt 0.09680599719285965 0.3801969885826111
vt 0.0968170017004013 0.3167339861392975
vt 0.09704799950122833 0.5300509929656982
vt 0.0973770022392273 0.19362099468708038
vt 0.09739100188016891 0.34279900789260864
vt 0.09757699817419052 0.5011299848556519
vt 0.09757699817419052 0.5417590141296387
vt 0.098191998898983 0.36639100313186646
vt 0.09840600192546844 0.35231301188468933
vt 0.09889200329780579 0.0411669984459877
vt 0.09897899627685547 0.13545799255371094
vt 0.0991080030798912 0.4689429998397827
vt 0.09912700206041336 0.35908499360084534
vt 0.09933000057935715 0.1601179987192154
vt 0.09956199675798416 0.4108029901981354
vt 0.09959100186824799 0.0787699967622757
vt 0.1003739982843399 0.24451899528503418
vt 0.1004209965467453 0.1778700053691864
vt 0.10076799988746643 0.45082300901412964
vt 0.10088100284337997 0.3367359936237335
vt 0.10165199637413025 0.5208730101585388
vt 0.10181199759244919 0.34501001238822937
vt 0.10192999988794327 0.3961310088634491
vt 0.10218200087547302 0.524944007396698
vt 0.10237500071525574 0.14953100681304932
vt 0.10311999917030334 0.0292930006980896
vt 0.10322000086307526 0.10969799757003784
vt 0.10378299653530121 0.12450200319290161
vt 0.10391099750995636 0.16915899515151978
vt 0.1040169969201088 0.36928901076316833
vt 0.10404399782419205 0.5011299848556519
vt 0.10404399782419205 0.5779600143432617
vt 0.10426999628543854 0.30771899223327637
vt 0.10452400147914886 0.1617259979248047
vt 0.10457400232553482 0.5119569897651672
vt 0.10460100322961807 0.5350520014762878
vt 0.10460299998521805 0.5204470157623291
vt 0.10469499975442886 0.2833060026168823
vt 0.10496699810028076 0.43639299273490906
vt 0.10557600110769272 0.3305729925632477
vt 0.10610199719667435 0.21592800319194794
vt 0.10620000213384628 0.017878999933600426
vt 0.10651099681854248 0.2725520133972168
vt 0.10654599964618683 0.38283199071884155
vt 0.10685300081968307 0.4244779944419861
vt 0.10689199715852737 0.057434000074863434
vt 0.10725399851799011 0.3533029854297638
vt 0.10747800022363663 0.5011299848556519
vt 0.10770200192928314 0.24882400035858154
vt 0.1081710010766983 0.2137729972600937
vt 0.10878299921751022 0.45468398928642273
vt 0.10887700319290161 0.2612999975681305
vt 0.10892199724912643 0.10160200297832489
vt 0.10893599689006805 0.003731000004336238
vt 0.10936599969863892 0.40250900387763977
vt 0.109375 0.5090230107307434
vt 0.109375 0.5224260091781616
vt 0.1097709983587265 0.20145200192928314
vt 0.10990399867296219 0.5200639963150024
vt 0.10995999723672867 0.3499079942703247
vt 0.11061500012874603 0.1738560050725937
vt 0.11065000295639038 0.1438020020723343
vt 0.11084699630737305 0.2841469943523407
vt 0.11110900342464447 0.13536199927330017
vt 0.1117049977183342 0.14478200674057007
vt 0.11194899678230286 0.5062090158462524
vt 0.11226200312376022 0.36095699667930603
vt 0.11261700093746185 0.115386001765728
vt 0.11272499710321426 0.0014009999576956034
vt 0.1141820028424263 0.015251999720931053
vt 0.11451400071382523 0.4572429955005646
vt 0.1145310029387474 0.14949899911880493
vt 0.11480999737977982 0.48500001430511475
vt 0.11493299901485443 0.04170199856162071
vt 0.1153699979186058 0.06746699661016464
vt 0.11552699655294418 0.4724929928779602
vt 0.11567600071430206 0.5011299848556519
vt 0.11577600240707397 0.36638200283050537
vt 0.11610200256109238 0.296207994222641
vt 0.11640799790620804 0.13426299393177032
vt 0.11645500361919403 0.20656999945640564
vt 0.11658100038766861 0.2427619993686676
vt 0.11659400165081024 0.5148320198059082
vt 0.11659400165081024 0.5259420275688171
vt 0.116627998650074 0.025464000180363655
vt 0.1168069988489151 0.4426249861717224
vt 0.11684799939393997 0.2717219889163971
vt 0.11712399870157242 0.5011299848556519
vt 0.11712399870157242 0.5259640216827393
vt 0.11755900084972382 0.14135700464248657
vt 0.11764899641275406 0.05892999842762947
vt 0.11804799735546112 0.40731099247932434
vt 0.11868400126695633 0.48770999908447266
vt 0.118927001953125 0.29202601313591003
vt 0.11905699968338013 0.12654100358486176
vt 0.11926800012588501 0.22329899668693542
vt 0.11945399641990662 0.29883700609207153
vt 0.11975599825382233 0.39814499020576477
vt 0.11976200342178345 0.5319470167160034
vt 0.11995899677276611 0.2665579915046692
vt 0.12033899873495102 0.28471800684928894
vt 0.12051799893379211 0.24637900292873383
vt 0.12062600255012512 0.13495199382305145
vt 0.12090899795293808 0.20482699573040009
vt 0.12126699835062027 0.011760000139474869
vt 0.1212960034608841 0.38731399178504944
vt 0.1215049996972084 0.4330489933490753
vt 0.12184800207614899 0.19397300481796265
vt 0.12193900346755981 0.09487000107765198
vt 0.12197300046682358 0.2622230052947998
vt 0.1220019981265068 0.31002700328826904
vt 0.12215899676084518 0.2822340130805969
vt 0.12234199792146683 0.5155069828033447
vt 0.1224529966711998 0.4419800043106079
vt 0.12262500077486038 0.22954300045967102
vt 0.12262599915266037 0.3657979965209961
vt 0.1228720024228096 0.5017989873886108
vt 0.1228720024228096 0.5177969932556152
vt 0.12344100326299667 0.30335500836372375
vt 0.12507200241088867 0.3734219968318939
vt 0.12571699917316437 0.10884399712085724
vt 0.12572099268436432 0.40831199288368225
vt 0.12576699256896973 0.1298699975013733
vt 0.1261560022830963 0.4212599992752075
vt 0.126787006855011 0.06891199946403503
vt 0.1270570009946823 0.5277400016784668
vt 0.12745800614356995 0.08239199966192245
vt 0.12768100202083588 0.39983299374580383
vt 0.12804800271987915 0.1782580018043518
vt 0.1282459944486618 0.32412201166152954
vt 0.12836100161075592 0.5011299848556519
vt 0.12862199544906616 0.19598199427127838
vt 0.12869200110435486 0.512902021408081
vt 0.128944993019104 0.12021899968385696
vt 0.12907400727272034 0.4954720139503479
vt 0.12922100722789764 0.5011299848556519
vt 0.12922100722789764 0.5287209749221802
vt 0.1292250007390976 0.12645499408245087
vt 0.1296910047531128 0.517998993396759
vt 0.12970800697803497 0.389384001493454
vt 0.12978599965572357 0.1598680019378662
vt 0.1299850046634674 0.3166950047016144
vt 0.13074800372123718 0.09777200222015381
vt 0.1310119926929474 0.2517310082912445
vt 0.13106699287891388 0.18674799799919128
vt 0.1326339989900589 0.17901800572872162
vt 0.132750004529953 0.5067780017852783
vt 0.13275499641895294 0.3514209985733032
vt 0.1328050047159195 0.059275999665260315
vt 0.1330849975347519 0.32351499795913696
vt 0.1331380009651184 0.3810350000858307
vt 0.1333319991827011 0.12195300310850143
vt 0.13338400423526764 0.4994710087776184
vt 0.13339799642562866 0.10666999965906143
vt 0.13390600681304932 0.29126599431037903
vt 0.13419599831104279 0.521248996257782
vt 0.13452599942684174 0.25318899750709534
vt 0.13470099866390228 0.3781929910182953
vt 0.13472600281238556 0.5223180055618286
vt 0.13495199382305145 0.21164999902248383
vt 0.13497599959373474 0.24623799324035645
vt 0.1353510022163391 0.30656200647354126
vt 0.13555899262428284 0.5075939893722534
vt 0.1358949989080429 0.23484399914741516
vt 0.1359580010175705 0.26134100556373596
vt 0.1361140012741089 0.2776489853858948
vt 0.1366250067949295 0.03119399957358837
vt 0.13686099648475647 0.18141800165176392
vt 0.13748599588871002 0.2074040025472641
vt 0.13767099380493164 0.43108901381492615
vt 0.13899700343608856 0.13839800655841827
vt 0.13905100524425507 0.10031799972057343
vt 0.13922899961471558 0.3341119885444641
vt 0.1397089958190918 0.2646949887275696
vt 0.13970999419689178 0.5133249759674072
vt 0.13971400260925293 0.1863970011472702
vt 0.13974499702453613 0.5011299848556519
vt 0.13974499702453613 0.528128981590271
vt 0.14010100066661835 0.17326299846172333
vt 0.1402750015258789 0.5116729736328125
vt 0.1402750015258789 0.5219389796257019
vt 0.14036400616168976 0.1250469982624054
vt 0.14050500094890594 0.314191997051239
vt 0.14056800305843353 0.22093500196933746
vt 0.14135000109672546 0.17408399283885956
vt 0.14152100682258606 0.2727159857749939
vt 0.14166100323200226 0.17021100223064423
vt 0.14223399758338928 0.40522000193595886
vt 0.14319300651550293 0.45819100737571716
vt 0.1433209925889969 0.10896799713373184
vt 0.14348599314689636 0.5011299848556519
vt 0.14385099709033966 0.24391600489616394
vt 0.14390400052070618 0.3898630142211914
vt 0.1445160061120987 0.11325299739837646
vt 0.14557400345802307 0.3360210061073303
vt 0.14589600265026093 0.09371600300073624
vt 0.14645199477672577 0.2976459860801697
vt 0.14652299880981445 0.5148800015449524
vt 0.14663900434970856 0.19798099994659424
vt 0.1467989981174469 0.08294299989938736
vt 0.14680099487304688 0.3965510129928589
vt 0.14681099355220795 0.47404900193214417
vt 0.1468230038881302 0.0565279982984066
vt 0.1468230038881302 0.20584699511528015
vt 0.14704200625419617 0.15659500658512115
vt 0.14705300331115723 0.5011299848556519
vt 0.14705300331115723 0.5669490098953247
vt 0.14710600674152374 0.4841189980506897
vt 0.1473039984703064 0.10989599674940109
vt 0.14828599989414215 0.15915299952030182
vt 0.1485300064086914 0.16867299377918243
vt 0.14869500696659088 0.5013200044631958
vt 0.14906099438667297 0.19132499396800995
vt 0.14922499656677246 0.5062609910964966
vt 0.14922499656677246 0.5200909972190857
vt 0.14925000071525574 0.44263601303100586
vt 0.14954599738121033 0.04182799905538559
vt 0.15099899470806122 0.35089200735092163
vt 0.15108700096607208 0.28833600878715515
vt 0.15137900412082672 0.26018598675727844
vt 0.15147900581359863 0.3950529992580414
vt 0.15161199867725372 0.10316500067710876
vt 0.1518079936504364 0.386353999376297
vt 0.15221600234508514 0.05854799970984459
vt 0.15239499509334564 0.024575000628829002
vt 0.15242299437522888 0.4324660003185272
vt 0.15257500112056732 0.34606900811195374
vt 0.15315300226211548 0.5011299848556519
vt 0.15319499373435974 0.017149999737739563
vt 0.15335799753665924 0.19947199523448944
vt 0.15358400344848633 0.4098510146141052
vt 0.15467500686645508 0.5218129754066467
vt 0.15474699437618256 0.06900300085544586
vt 0.155117005109787 0.10497800260782242
vt 0.1553879976272583 0.5140910148620605
vt 0.15554800629615784 0.24776199460029602
vt 0.1556130051612854 0.28439998626708984
vt 0.15586400032043457 0.15342800319194794
vt 0.1559170037508011 0.5011299848556519
vt 0.1559170037508011 0.5144569873809814
vt 0.15592199563980103 0.2256609946489334
vt 0.15618599951267242 0.02703399956226349
vt 0.15698599815368652 0.36803001165390015
vt 0.15735399723052979 0.39907801151275635
vt 0.1576330065727234 0.4194430112838745
vt 0.1577409952878952 0.2110469937324524
vt 0.15798500180244446 0.10057699680328369
vt 0.15799200534820557 0.14732100069522858
vt 0.15873199701309204 0.17937900125980377
vt 0.1587669998407364 0.29084500670433044
vt 0.1588519960641861 0.28889200091362
vt 0.1590059995651245 0.2508139908313751
vt 0.1590380072593689 0.32748499512672424
vt 0.16064399480819702 0.4057849943637848
vt 0.1609250009059906 0.5244629979133606
vt 0.1611730009317398 0.5121449828147888
vt 0.16121099889278412 0.015085999853909016
vt 0.1617020070552826 0.5011299848556519
vt 0.1617020070552826 0.5145279765129089
vt 0.16185499727725983 0.17632900178432465
vt 0.16267399489879608 0.3142020106315613
vt 0.1628189980983734 0.3559330105781555
vt 0.163565993309021 0.3511669933795929
vt 0.16510799527168274 0.5237870216369629
vt 0.16545599699020386 0.4021739959716797
vt 0.16564300656318665 0.07902000099420547
vt 0.1657640039920807 0.19609400629997253
vt 0.16582299768924713 0.09646400064229965
vt 0.16696900129318237 0.09066099673509598
vt 0.16707399487495422 0.5065990090370178
vt 0.167603999376297 0.5011299848556519
vt 0.167603999376297 0.513185977935791
vt 0.16865499317646027 0.18290400505065918
vt 0.16918200254440308 0.09664099663496017
vt 0.1693509966135025 0.27395099401474
vt 0.1694519966840744 0.16581100225448608
vt 0.17026400566101074 0.0829790011048317
vt 0.17056700587272644 0.44248899817466736
vt 0.17099100351333618 0.37836501002311707
vt 0.17153200507164001 0.3350690007209778
vt 0.17202100157737732 0.011854000389575958
vt 0.1720850020647049 0.120899997651577
vt 0.1722870022058487 0.1397390067577362
vt 0.17260099947452545 0.1528870016336441
vt 0.17260999977588654 0.47433701157569885
vt 0.1727689951658249 0.40904098749160767
vt 0.17288599908351898 0.2399120032787323
vt 0.17292800545692444 0.22259600460529327
vt 0.172994002699852 0.2517479956150055
vt 0.1731729954481125 0.14573800563812256
vt 0.17318199574947357 0.267551988363266
vt 0.17320099472999573 0.2953529953956604
vt 0.1733960062265396 0.25647300481796265
vt 0.17386600375175476 0.41375699639320374
vt 0.174002006649971 0.45698899030685425
vt 0.17408700287342072 0.43248701095581055
vt 0.17426200211048126 0.28065499663352966
vt 0.17432500422000885 0.5193319916725159
vt 0.17434799671173096 0.5076950192451477
vt 0.17487800121307373 0.5011299848556519
vt 0.17487800121307373 0.567766010761261
vt 0.1755409985780716 0.30646800994873047
vt 0.17616599798202515 0.028318999335169792
vt 0.17621999979019165 0.4081290066242218
vt 0.17628900706768036 0.0689140036702156
vt 0.17631399631500244 0.5248609781265259
vt 0.1763180047273636 0.4473719894886017
vt 0.1765339970588684 0.058129001408815384
vt 0.176829993724823 0.35972198843955994
vt 0.17684400081634521 0.50593101978302
vt 0.17684400081634521 0.512382984161377
vt 0.1768530011177063 0.43016400933265686
vt 0.17695599794387817 0.27015799283981323
vt 0.1770000010728836 0.06307700276374817
vt 0.17723099887371063 0.20191900432109833
vt 0.17775799334049225 0.025042999535799026
vt 0.17851200699806213 0.4110099971294403
vt 0.17942200601100922 0.46982699632644653
vt 0.17982099950313568 0.5219460129737854
vt 0.18019999563694 0.16214899718761444
vt 0.18063700199127197 0.08904000371694565
vt 0.1811250001192093 0.5011299848556519
vt 0.18115100264549255 0.03726699948310852
vt 0.1813250035047531 0.43719199299812317
vt 0.18153800070285797 0.11256500333547592
vt 0.18173199892044067 0.4584659934043884
vt 0.18189199268817902 0.05312199890613556
vt 0.18209600448608398 0.39117398858070374
vt 0.18243199586868286 0.5080289840698242
vt 0.18245600163936615 0.48755699396133423
vt 0.18247799575328827 0.33612701296806335
vt 0.182886004447937 0.314985990524292
vt 0.18296200037002563 0.5117059946060181
vt 0.18296200037002563 0.5277349948883057
vt 0.18355299532413483 0.4207040071487427
vt 0.18395599722862244 0.18912799656391144
vt 0.1847900003194809 0.13680200278759003
vt 0.1848060041666031 0.09949000179767609
vt 0.18514199554920197 0.1341640055179596
vt 0.18522700667381287 0.25581398606300354
vt 0.1857450008392334 0.08981499820947647
vt 0.18606199324131012 0.5302280187606812
vt 0.18613900244235992 0.2915300130844116
vt 0.18619400262832642 0.5135239958763123
vt 0.1862259954214096 0.17056800425052643
vt 0.18639400601387024 0.5011299848556519
vt 0.18675099313259125 0.5270500183105469
vt 0.1870969980955124 0.08114200085401535
vt 0.18717800080776215 0.40421900153160095
vt 0.18728099763393402 0.5603529810905457
vt 0.1873989999294281 0.4321340024471283
vt 0.18795600533485413 0.4155069887638092
vt 0.18820799887180328 0.13836699724197388
vt 0.18824400007724762 0.3704110085964203
vt 0.1885399967432022 0.20930500328540802
vt 0.18873700499534607 0.4470910131931305
vt 0.18884700536727905 0.5011299848556519
vt 0.18884700536727905 0.5611379742622375
vt 0.1892250031232834 0.3482210040092468
vt 0.18937599658966064 0.5122609734535217
vt 0.1898230016231537 0.08604499697685242
vt 0.1898909956216812 0.07050500065088272
vt 0.190993994474411 0.5231149792671204
vt 0.19131900370121002 0.24706800282001495
vt 0.1915999948978424 0.5011299848556519
vt 0.19243499636650085 0.05469200015068054
vt 0.19280700385570526 0.3657580018043518
vt 0.19305500388145447 0.4835450053215027
vt 0.1931779980659485 0.48571300506591797
vt 0.1933709979057312 0.0169489998370409
vt 0.1935330033302307 0.324396014213562
vt 0.19356000423431396 0.33591198921203613
vt 0.193681001663208 0.015297000296413898
vt 0.19412900507450104 0.5101879835128784
vt 0.19412900507450104 0.5162929892539978
vt 0.19417700171470642 0.17538799345493317
vt 0.19417999684810638 0.4186219871044159
vt 0.19465899467468262 0.502373993396759
vt 0.19465899467468262 0.518750011920929
vt 0.19544099271297455 0.4099630117416382
vt 0.19557200372219086 0.04718000069260597
vt 0.1955849975347519 0.06789299845695496
vt 0.19561900198459625 0.1259090006351471
vt 0.19570599496364594 0.1798270046710968
vt 0.1957399994134903 0.43470299243927
vt 0.19706100225448608 0.2720780074596405
vt 0.19783200323581696 0.22549700736999512
vt 0.19822199642658234 0.44228100776672363
vt 0.1986979991197586 0.03340499848127365
vt 0.19999299943447113 0.5116879940032959
vt 0.20001600682735443 0.0037990000564604998
vt 0.20009000599384308 0.09335000067949295
vt 0.2002899944782257 0.5011299848556519
vt 0.2008190006017685 0.5011299848556519
vt 0.2008190006017685 0.5135489702224731
vt 0.2011609971523285 0.1564369946718216
vt 0.20142200589179993 0.12619300186634064
vt 0.20160800218582153 0.184128999710083
vt 0.20189200341701508 0.307110995054245
vt 0.20192399621009827 0.4611609876155853
vt 0.2026980072259903 0.5251169800758362
vt 0.2029159963130951 0.13020700216293335
vt 0.20469599962234497 0.5124289989471436
vt 0.2048960030078888 0.04534799978137016
vt 0.20522500574588776 0.5115259885787964
vt 0.20526400208473206 0.3137030005455017
vt 0.20560899376869202 0.5011299848556519
vt 0.20635299384593964 0.37863001227378845
vt 0.20657899975776672 0.16630500555038452
vt 0.20755299925804138 0.33648398518562317
vt 0.20802900195121765 0.45488300919532776
vt 0.20831100642681122 0.001500000013038516
vt 0.2085929960012436 0.06391599774360657
vt 0.20889000594615936 0.12754400074481964
vt 0.20969900488853455 0.37568899989128113
vt 0.20997799932956696 0.35485899448394775
vt 0.2101140022277832 0.3080419898033142
vt 0.21025800704956055 0.37404799461364746
vt 0.2105100005865097 0.5054010152816772
vt 0.2105100005865097 0.518775999546051
vt 0.2110390067100525 0.5089820027351379
vt 0.21185100078582764 0.47242099046707153
vt 0.21308299899101257 0.28140199184417725
vt 0.21310600638389587 0.044429998844861984
vt 0.21342399716377258 0.14817899465560913
vt 0.21370799839496613 0.12246199697256088
vt 0.2137790024280548 0.2099280059337616
vt 0.21485500037670135 0.5011299848556519
vt 0.21614199876785278 0.5071250200271606
vt 0.21614199876785278 0.5189459919929504
vt 0.21667100489139557 0.5011299848556519
vt 0.21667100489139557 0.5181959867477417
vt 0.21696099638938904 0.04098400101065636
vt 0.21699300408363342 0.24589699506759644
vt 0.21803100407123566 0.15756599605083466
vt 0.2182309925556183 0.19391599297523499
vt 0.21904100477695465 0.08629199862480164
vt 0.21913599967956543 0.13808399438858032
vt 0.22158299386501312 0.46002399921417236
vt 0.22186200320720673 0.5086650252342224
vt 0.2219890058040619 0.49958300590515137
vt 0.2221360057592392 0.30875200033187866
vt 0.22239099442958832 0.5011299848556519
vt 0.22239099442958832 0.5167160034179688
vt 0.2239599972963333 0.12465500086545944
vt 0.2247380018234253 0.10961200296878815
vt 0.224823996424675 0.45813998579978943
vt 0.22503599524497986 0.08374399691820145
vt 0.2258100062608719 0.1581050008535385
vt 0.22594599425792694 0.01669600047171116
vt 0.22608999907970428 0.49700799584388733
vt 0.22617299854755402 0.33485499024391174
vt 0.2262219935655594 0.48337700963020325
vt 0.22627200186252594 0.22337299585342407
vt 0.2272540032863617 0.3105509877204895
vt 0.2280369997024536 0.5052019953727722
vt 0.22816799581050873 0.16638700664043427
vt 0.2285660058259964 0.5065000057220459
vt 0.2286989986896515 0.34906700253486633
vt 0.2289779931306839 0.3028079867362976
vt 0.23162800073623657 0.13817499577999115
vt 0.23166200518608093 0.14184999465942383
vt 0.2323780059814453 0.30809399485588074
vt 0.23252199590206146 0.4320659935474396
vt 0.23293200135231018 0.2795270085334778
vt 0.23407599329948425 0.5011299848556519
vt 0.23407599329948425 0.5167629718780518
vt 0.23425400257110596 0.17894500494003296
vt 0.23460499942302704 0.5011299848556519
vt 0.23460499942302704 0.5186290144920349
vt 0.2352380007505417 0.19319500029087067
vt 0.23572799563407898 0.14542800188064575
vt 0.2357739955186844 0.36090999841690063
vt 0.23651500046253204 0.32767999172210693
vt 0.2372869998216629 0.06967700272798538
vt 0.2393690049648285 0.5138260126113892
vt 0.23989799618721008 0.5122299790382385
vt 0.24008700251579285 0.3904399871826172
vt 0.24149900674819946 0.5011299848556519
vt 0.24149900674819946 0.5447490215301514
vt 0.24202899634838104 0.5052379965782166
vt 0.24202899634838104 0.5172650218009949
vt 0.24339500069618225 0.3482840061187744
vt 0.24365000426769257 0.12784099578857422
vt 0.2446330040693283 0.019461000338196754
vt 0.24480900168418884 0.2569119930267334
vt 0.24516800045967102 0.2260809987783432
vt 0.2452470064163208 0.3270849883556366
vt 0.24595099687576294 0.5011299848556519
vt 0.24709099531173706 0.5129950046539307
vt 0.247312992811203 0.08128499984741211
vt 0.24762099981307983 0.5019000172615051
vt 0.24786800146102905 0.42111900448799133
vt 0.2480279952287674 0.3060759902000427
vt 0.24882300198078156 0.5113630294799805
vt 0.2489520013332367 0.14109300076961517
vt 0.24923400580883026 0.3603309988975525
vt 0.2500790059566498 0.13772399723529816
vt 0.2502320110797882 0.15619699656963348
vt 0.25077301263809204 0.17033900320529938
vt 0.2508780062198639 0.20793700218200684
vt 0.2509770095348358 0.1152930036187172
vt 0.25101199746131897 0.2540090084075928
vt 0.25184300541877747 0.1444299966096878
vt 0.2523689866065979 0.24524399638175964
vt 0.25267601013183594 0.5011299848556519
vt 0.25267601013183594 0.5172420144081116
vt 0.25273600220680237 0.32818201184272766
vt 0.2529720067977905 0.1921280026435852
vt 0.2531470060348511 0.43423500657081604
vt 0.2532060146331787 0.5011299848556519
vt 0.2532060146331787 0.5521240234375
vt 0.2532750070095062 0.3097200095653534
vt 0.2532849907875061 0.0671280026435852
vt 0.254052996635437 0.3382830023765564
vt 0.2541089951992035 0.41730400919914246
vt 0.2542960047721863 0.37393999099731445
vt 0.25447899103164673 0.5092830061912537
vt 0.25453099608421326 0.48785400390625
vt 0.25493600964546204 0.3588770031929016
vt 0.2550080120563507 0.5011299848556519
vt 0.2550080120563507 0.5188109874725342
vt 0.2558850049972534 0.04655500128865242
vt 0.25729900598526 0.31376901268959045
vt 0.2575950026512146 0.29126599431037903
vt 0.2578490078449249 0.40786200761795044
vt 0.25833600759506226 0.07819899916648865
vt 0.2584579885005951 0.17511999607086182
vt 0.2586750090122223 0.18969100713729858
vt 0.25868499279022217 0.3759459853172302
vt 0.2589870095252991 0.41092899441719055
vt 0.2592880129814148 0.3788430094718933
vt 0.2594580054283142 0.5025089979171753
vt 0.2596629858016968 0.43047699332237244
vt 0.259988009929657 0.5011299848556519
vt 0.259988009929657 0.5140119791030884
vt 0.2602030038833618 0.05815599858760834
vt 0.26169800758361816 0.19484800100326538
vt 0.26216399669647217 0.4153580069541931
vt 0.26301199197769165 0.4037019908428192
vt 0.26357001066207886 0.09269999712705612
vt 0.26403599977493286 0.5169039964675903
vt 0.2641420066356659 0.1392270028591156
vt 0.2647170126438141 0.5034310221672058
vt 0.2652469873428345 0.5011299848556519
vt 0.2652469873428345 0.5146949887275696
vt 0.26538801193237305 0.0877159982919693
vt 0.266074001789093 0.2609480023384094
vt 0.26661500334739685 0.013288999907672405
vt 0.26807400584220886 0.15699699521064758
vt 0.26808300614356995 0.32947900891304016
vt 0.26860499382019043 0.2304369956254959
vt 0.26927199959754944 0.1028980016708374
vt 0.2704640030860901 0.30702701210975647
vt 0.27074599266052246 0.5126330256462097
vt 0.27076399326324463 0.16663900017738342
vt 0.27127599716186523 0.5011299848556519
vt 0.27127599716186523 0.5162019729614258
vt 0.2719919979572296 0.4340420067310333
vt 0.27254199981689453 0.04457300156354904
vt 0.2726840078830719 0.1974869966506958
vt 0.273050993680954 0.356685996055603
vt 0.2735759913921356 0.3368059992790222
vt 0.27369600534439087 0.110384002327919
vt 0.273730993270874 0.14460299909114838
vt 0.2740809917449951 0.0653190016746521
vt 0.2761090099811554 0.5078799724578857
vt 0.2761459946632385 0.4574519991874695
vt 0.27617499232292175 0.042121000587940216
vt 0.276623010635376 0.28438800573349
vt 0.27663901448249817 0.525933027267456
vt 0.2767130136489868 0.4549790024757385
vt 0.2770499885082245 0.48592299222946167
vt 0.27727600932121277 0.5420470237731934
vt 0.27809301018714905 0.5011299848556519
vt 0.27809301018714905 0.528954029083252
vt 0.27841299772262573 0.3740819990634918
vt 0.2786230146884918 0.5098659992218018
vt 0.2791390120983124 0.3763140141963959
vt 0.279572993516922 0.3913489878177643
vt 0.2796419858932495 0.08306600153446198
vt 0.28092899918556213 0.30873000621795654
vt 0.28168201446533203 0.5011299848556519
vt 0.28168201446533203 0.5228649973869324
vt 0.28195399045944214 0.0456559993326664
vt 0.2822110056877136 0.5121809840202332
vt 0.28223100304603577 0.21750299632549286
vt 0.28234800696372986 0.3422990143299103
vt 0.2823750078678131 0.18691399693489075
vt 0.28353598713874817 0.19247600436210632
vt 0.28429800271987915 0.1611270010471344
vt 0.2846730053424835 0.24188899993896484
vt 0.2848869860172272 0.4569709897041321
vt 0.2848919928073883 0.4306040108203888
vt 0.2852419912815094 0.13867799937725067
vt 0.28558701276779175 0.46545499563217163
vt 0.2861349880695343 0.2655220031738281
vt 0.28694799542427063 0.12310600280761719
vt 0.28720399737358093 0.5011299848556519
vt 0.28720399737358093 0.5150669813156128
vt 0.2874220013618469 0.02622699923813343
vt 0.287447988986969 0.003992000129073858
vt 0.2874999940395355 0.043338000774383545
vt 0.28754499554634094 0.1489890068769455
vt 0.2877340018749237 0.5027210116386414
vt 0.2877810001373291 0.3862519860267639
vt 0.2879300117492676 0.29153600335121155
vt 0.2880629897117615 0.4840390086174011
vt 0.2881369888782501 0.4709019958972931
vt 0.28821098804473877 0.058678001165390015
vt 0.28865599632263184 0.3280409872531891
vt 0.2887890040874481 0.35769298672676086
vt 0.2889310121536255 0.31738099455833435
vt 0.28944501280784607 0.441785991191864
vt 0.28974398970603943 0.0346749983727932
vt 0.29057198762893677 0.5011299848556519
vt 0.29057198762893677 0.5241559743881226
vt 0.29100701212882996 0.01538699958473444
vt 0.29110100865364075 0.5065990090370178
vt 0.29147300124168396 0.12787599861621857
vt 0.29161199927330017 0.292838990688324
vt 0.2919960021972656 0.2837109863758087
vt 0.29238399863243103 0.0702660009264946
vt 0.2924160063266754 0.37364500761032104
vt 0.2929849922657013 0.3488219976425171
vt 0.29300400614738464 0.18705500662326813
vt 0.29328998923301697 0.2983520030975342
vt 0.2933659851551056 0.01806199923157692
vt 0.2945689857006073 0.06753300130367279
vt 0.2952669858932495 0.15648199617862701
vt 0.29553401470184326 0.3418329954147339
vt 0.29615598917007446 0.5011299848556519
vt 0.29615598917007446 0.5139359831809998
vt 0.29668599367141724 0.5011299848556519
vt 0.29668599367141724 0.5203930139541626
vt 0.29677900671958923 0.31404298543930054
vt 0.2983100116252899 0.21063299477100372
vt 0.29837000370025635 0.04166499897837639
vt 0.29848000407218933 0.1828089952468872
vt 0.298568993806839 0.049800001084804535
vt 0.2995850145816803 0.4586150050163269
vt 0.29972898960113525 0.5162510275840759
vt 0.29996201395988464 0.37870898842811584
vt 0.300258994102478 0.5063760280609131
vt 0.3007499873638153 0.13230100274085999
vt 0.30104899406433105 0.4878149926662445
vt 0.30107301473617554 0.09471099823713303
vt 0.3016960024833679 0.4116309881210327
vt 0.3019559979438782 0.44083499908447266
vt 0.30204400420188904 0.5011299848556519
vt 0.30204400420188904 0.530593991279602
vt 0.3023349940776825 0.2253420054912567
vt 0.3025740087032318 0.5113149881362915
vt 0.3026770055294037 0.058465998619794846
vt 0.3026820123195648 0.033879999071359634
vt 0.3028950095176697 0.2745540142059326
vt 0.3030740022659302 0.4203509986400604
vt 0.3031010031700134 0.3438189923763275
vt 0.3035370111465454 0.08400099724531174
vt 0.30445799231529236 0.4057439863681793
vt 0.3051680028438568 0.178165003657341
vt 0.305400013923645 0.5094789862632751
vt 0.3055860102176666 0.48328301310539246
vt 0.30576300621032715 0.5011299848556519
vt 0.30576300621032715 0.5192570090293884
vt 0.30608800053596497 0.46846601366996765
vt 0.3062930107116699 0.5011299848556519
vt 0.3062930107116699 0.509302020072937
vt 0.3064590096473694 0.41559499502182007
vt 0.3065280020236969 0.1259469985961914
vt 0.3066129982471466 0.0016039999900385737
vt 0.30675798654556274 0.08114500343799591
vt 0.30702200531959534 0.2905080020427704
vt 0.3071500062942505 0.26357200741767883
vt 0.30741098523139954 0.0796319991350174
vt 0.3074229955673218 0.02940399944782257
vt 0.307561993598938 0.09028399735689163
vt 0.30760401487350464 0.16993099451065063
vt 0.307669997215271 0.44000500440597534
vt 0.30782899260520935 0.4325540065765381
vt 0.30820798873901367 0.3168259859085083
vt 0.30827999114990234 0.0876379981637001
vt 0.3083620071411133 0.19612400233745575
vt 0.3083769977092743 0.15094499289989471
vt 0.3092530071735382 0.3658500015735626
vt 0.30938300490379333 0.4148840010166168
vt 0.3095009922981262 0.3263140022754669
vt 0.3099539875984192 0.17271000146865845
vt 0.31007999181747437 0.24583299458026886
vt 0.310683012008667 0.4294840097427368
vt 0.3115279972553253 0.4858120083808899
vt 0.31363099813461304 0.08353500068187714
vt 0.3136639893054962 0.5023689866065979
vt 0.31401899456977844 0.41049298644065857
vt 0.3141559958457947 0.15963900089263916
vt 0.3141779899597168 0.06904900074005127
vt 0.3141930103302002 0.5211079716682434
vt 0.3145509958267212 0.10431499779224396
vt 0.31549400091171265 0.5011299848556519
vt 0.31549400091171265 0.5375940203666687
vt 0.3155910074710846 0.3599810004234314
vt 0.3156140148639679 0.21097500622272491
vt 0.3157069981098175 0.05121200159192085
vt 0.31571701169013977 0.054489001631736755
vt 0.3160240054130554 0.5188440084457397
vt 0.31651100516319275 0.15227699279785156
vt 0.3168480098247528 0.4120990037918091
vt 0.3168739974498749 0.3190619945526123
vt 0.3169330060482025 0.08990699797868729
vt 0.31705400347709656 0.391618013381958
vt 0.31730398535728455 0.36750999093055725
vt 0.3173390030860901 0.39978501200675964
vt 0.31773099303245544 0.18109099566936493
vt 0.31795400381088257 0.45219001173973083
vt 0.3182379901409149 0.5011299848556519
vt 0.3182379901409149 0.5247899889945984
vt 0.3184660077095032 0.41767698526382446
vt 0.3187679946422577 0.5115690231323242
vt 0.3192490041255951 0.09541399776935577
vt 0.31984901428222656 0.16838499903678894
vt 0.3205240070819855 0.3634969890117645
vt 0.32084599137306213 0.13628700375556946
vt 0.32092899084091187 0.14133399724960327
vt 0.321245014667511 0.03645699843764305
vt 0.32128798961639404 0.5011299848556519
vt 0.32128798961639404 0.5222659707069397
vt 0.3215329945087433 0.11123400181531906
vt 0.3218179941177368 0.5011299848556519
vt 0.3218179941177368 0.5110359787940979
vt 0.3225550055503845 0.2919430136680603
vt 0.3225890100002289 0.34179699420928955
vt 0.3226949870586395 0.3036699891090393
vt 0.3227959871292114 0.20832400023937225
vt 0.32284998893737793 0.09351799637079239
vt 0.3232179880142212 0.44839000701904297
vt 0.3233020007610321 0.4694100022315979
vt 0.3239719867706299 0.018182000145316124
vt 0.3244889974594116 0.3512899875640869
vt 0.32468798756599426 0.06142599880695343
vt 0.3250960111618042 0.4091230034828186
vt 0.32514598965644836 0.2315720021724701
vt 0.32551100850105286 0.19701600074768066
vt 0.3255139887332916 0.47767001390457153
vt 0.3255780041217804 0.2859329879283905
vt 0.32609298825263977 0.25136399269104004
vt 0.32665300369262695 0.509905993938446
vt 0.32701200246810913 0.40550100803375244
vt 0.3275589942932129 0.5027390122413635
vt 0.3275730013847351 0.26926499605178833
vt 0.32763800024986267 0.44201600551605225
vt 0.32778000831604004 0.3266089856624603
vt 0.32800400257110596 0.05477299913764
vt 0.3280879855155945 0.5065770149230957
vt 0.3283270001411438 0.361175000667572
vt 0.3284280002117157 0.42065998911857605
vt 0.32883700728416443 0.3037860095500946
vt 0.3293690085411072 0.35662299394607544
vt 0.32980599999427795 0.09719099849462509
vt 0.3298580050468445 0.048340000212192535
vt 0.3300189971923828 0.34740400314331055
vt 0.3300279974937439 0.21532200276851654
vt 0.3301610052585602 0.025198999792337418
vt 0.3307479918003082 0.40050700306892395
vt 0.3312230110168457 0.18265800178050995
vt 0.3314880132675171 0.46459299325942993
vt 0.33223798871040344 0.28424501419067383
vt 0.3324030041694641 0.013752000406384468
vt 0.3324599862098694 0.23848900198936462
vt 0.33296000957489014 0.3287070095539093
vt 0.3331100046634674 0.1530269980430603
vt 0.33346301317214966 0.032246001064777374
vt 0.33346301317214966 0.09234900027513504
vt 0.33356499671936035 0.08076199889183044
vt 0.3337630033493042 0.33969101309776306
vt 0.3337689936161041 0.5011299848556519
vt 0.3337689936161041 0.5109829902648926
vt 0.3342989981174469 0.5082269906997681
vt 0.3347260057926178 0.4542360007762909
vt 0.3352310061454773 0.2465520054101944
vt 0.3352929949760437 0.4478229880332947
vt 0.33538100123405457 0.3135930001735687
vt 0.33636099100112915 0.5136110186576843
vt 0.3369010090827942 0.10495699942111969
vt 0.33797401189804077 0.4972909986972809
vt 0.3380259871482849 0.06859499961137772
vt 0.33810099959373474 0.3996320068836212
vt 0.33846500515937805 0.3885270059108734
vt 0.3386009931564331 0.1178710013628006
vt 0.3387109935283661 0.5011299848556519
vt 0.3387109935283661 0.5113649964332581
vt 0.3392390012741089 0.10207699984312057
vt 0.33924001455307007 0.5077919960021973
vt 0.3394410014152527 0.40578600764274597
vt 0.3400520086288452 0.20501500368118286
vt 0.3400759994983673 0.13695399463176727
vt 0.3401179909706116 0.4326300024986267
vt 0.3402650058269501 0.16395500302314758
vt 0.34033599495887756 0.05890500172972679
vt 0.3407680094242096 0.4840239882469177
vt 0.34091299772262573 0.027535000815987587
vt 0.3409149944782257 0.19943800568580627
vt 0.34106799960136414 0.4433479905128479
vt 0.34113800525665283 0.15238699316978455
vt 0.34146401286125183 0.083917997777462
vt 0.34171000123023987 0.21837100386619568
vt 0.34224098920822144 0.5011299848556519
vt 0.34224098920822144 0.518809974193573
vt 0.3427709937095642 0.5141739845275879
vt 0.3429949879646301 0.35177499055862427
vt 0.3439449965953827 0.2638159990310669
vt 0.3443889915943146 0.39309200644493103
vt 0.3451389968395233 0.3939169943332672
vt 0.34561899304389954 0.30027300119400024
vt 0.345645010471344 0.18174800276756287
vt 0.345907986164093 0.04297700151801109
vt 0.34602200984954834 0.3352450132369995
vt 0.3460730016231537 0.5011299848556519
vt 0.3460730016231537 0.5170040130615234
vt 0.34660300612449646 0.5068979859352112
vt 0.3469200134277344 0.27733099460601807
vt 0.3480049967765808 0.19877099990844727
vt 0.3481839895248413 0.4996959865093231
vt 0.34851399064064026 0.3249799907207489
vt 0.34851500391960144 0.39590999484062195
vt 0.3489460051059723 0.34138500690460205
vt 0.34931400418281555 0.11282200366258621
vt 0.3495529890060425 0.16051499545574188
vt 0.3496229946613312 0.08041899651288986
vt 0.35009199380874634 0.5011299848556519
vt 0.35009199380874634 0.5160769820213318
vt 0.3501560091972351 0.4402100145816803
vt 0.3505690097808838 0.39952799677848816
vt 0.3506219983100891 0.5112760066986084
vt 0.3506990075111389 0.10538800060749054
vt 0.35078999400138855 0.23828299343585968
vt 0.35102400183677673 0.41621699929237366
vt 0.3512189984321594 0.11163400113582611
vt 0.35131001472473145 0.4445909857749939
vt 0.3513610064983368 0.2919600009918213
vt 0.35168999433517456 0.24187299609184265
vt 0.35198500752449036 0.00482999999076128
vt 0.3521699905395508 0.10885400325059891
vt 0.35224300622940063 0.4880169928073883
vt 0.3523479998111725 0.35572999715805054
vt 0.35282498598098755 0.1745920032262802
vt 0.3529300093650818 0.09358800202608109
vt 0.3529430031776428 0.16060900688171387
vt 0.3540950119495392 0.26245900988578796
vt 0.35430899262428284 0.5011299848556519
vt 0.35430899262428284 0.5151870250701904
vt 0.3548380136489868 0.5067579746246338
vt 0.35550400614738464 0.31393998861312866
vt 0.3559759855270386 0.17307600378990173
vt 0.3560439944267273 0.3884570002555847
vt 0.35631999373435974 0.2014950066804886
vt 0.3566490113735199 0.19521500170230865
vt 0.35685300827026367 0.33246299624443054
vt 0.3573170006275177 0.21721599996089935
vt 0.3574199974536896 0.42928698658943176
vt 0.35745498538017273 0.5145480036735535
vt 0.3575400114059448 0.4859809875488281
vt 0.3577220141887665 0.37768399715423584
vt 0.35805800557136536 0.04158199951052666
vt 0.35826200246810913 0.4426800012588501
vt 0.3587090075016022 0.5011299848556519
vt 0.3587090075016022 0.5107070207595825
vt 0.3587230145931244 0.43216800689697266
vt 0.3590869903564453 0.31726500391960144
vt 0.35923901200294495 0.5011299848556519
vt 0.35923901200294495 0.5363109707832336
vt 0.3602069914340973 0.1887120008468628
vt 0.3604249954223633 0.522629976272583
vt 0.36054301261901855 0.015468000434339046
vt 0.3606399893760681 0.07091200351715088
vt 0.36073800921440125 0.08272600173950195
vt 0.36095499992370605 0.5093799829483032
vt 0.36107099056243896 0.5011299848556519
vt 0.36122798919677734 0.38263899087905884
vt 0.36132699251174927 0.30090999603271484
vt 0.3615860044956207 0.2647159993648529
vt 0.36186400055885315 0.10413199663162231
vt 0.361952006816864 0.24971599876880646
vt 0.3620449900627136 0.23865899443626404
vt 0.3624959886074066 0.28395798802375793
vt 0.36254701018333435 0.11331000179052353
vt 0.3625819981098175 0.32263100147247314
vt 0.36278799176216125 0.2067900002002716
vt 0.36324599385261536 0.40928399562835693
vt 0.3638150095939636 0.25588101148605347
vt 0.3642680048942566 0.13031500577926636
vt 0.36436399817466736 0.12066700309515
vt 0.36441200971603394 0.4755359888076782
vt 0.3647400140762329 0.18290600180625916
vt 0.3647710084915161 0.39412400126457214
vt 0.364780992269516 0.14840300381183624
vt 0.36488500237464905 0.12351900339126587
vt 0.3650929927825928 0.24606099724769592
vt 0.3653939962387085 0.501230001449585
vt 0.3653939962387085 0.5126510262489319
vt 0.3656330108642578 0.22339700162410736
vt 0.3657959997653961 0.2690820097923279
vt 0.36592400074005127 0.5084549784660339
vt 0.3659990131855011 0.3807539939880371
vt 0.3662930130958557 0.05926699936389923
vt 0.3665280044078827 0.3090989887714386
vt 0.3666979968547821 0.3711340129375458
vt 0.3674910068511963 0.12172900140285492
vt 0.36792701482772827 0.292059987783432
vt 0.36846399307250977 0.012846999801695347
vt 0.36921200156211853 0.19606199860572815
vt 0.37018001079559326 0.18835200369358063
vt 0.3703030049800873 0.5011299848556519
vt 0.37085801362991333 0.35293999314308167
vt 0.3709389865398407 0.12449099868535995
vt 0.37107399106025696 0.3146739900112152
vt 0.37137600779533386 0.37507399916648865
vt 0.3728660047054291 0.5084549784660339
vt 0.37310099601745605 0.17821000516414642
vt 0.373196005821228 0.44512298703193665
vt 0.3732379972934723 0.4414829909801483
vt 0.37339499592781067 0.5011299848556519
vt 0.37339499592781067 0.5095260143280029
vt 0.37392398715019226 0.13400200009346008
vt 0.37419500946998596 0.027079999446868896
vt 0.3746289908885956 0.43441998958587646
vt 0.3746599853038788 0.41918399930000305
vt 0.3756290078163147 0.2984969913959503
vt 0.3756310045719147 0.3051939904689789
vt 0.3761799931526184 0.12268800288438797
vt 0.37637099623680115 0.132191002368927
vt 0.37638500332832336 0.07394000142812729
vt 0.3767159879207611 0.2533409893512726
vt 0.376816987991333 0.48319900035858154
vt 0.3770810067653656 0.3648419976234436
vt 0.3774400055408478 0.22475700080394745
vt 0.3774949908256531 0.09517399966716766
vt 0.37777501344680786 0.2805280089378357
vt 0.3783940076828003 0.47058799862861633
vt 0.3786180019378662 0.0840110033750534
vt 0.3791559934616089 0.1179480031132698
vt 0.3794269859790802 0.5073580145835876
vt 0.3799009919166565 0.3102929890155792
vt 0.3799560070037842 0.5011299848556519
vt 0.3799560070037842 0.5271329879760742
vt 0.3804369866847992 0.03139900043606758
vt 0.38056400418281555 0.25120899081230164
vt 0.3807849884033203 0.27168700098991394
vt 0.3807919919490814 0.26242899894714355
vt 0.3809790015220642 0.3329789936542511
vt 0.3810119926929474 0.22427800297737122
vt 0.38104599714279175 0.29851698875427246
vt 0.3813849985599518 0.05763300135731697
vt 0.38152098655700684 0.209539994597435
vt 0.381521999835968 0.5176740288734436
vt 0.38172999024391174 0.136026993393898
vt 0.38195401430130005 0.29040300846099854
vt 0.3820509910583496 0.5082679986953735
vt 0.3822239935398102 0.10668300092220306
vt 0.3822900056838989 0.40955400466918945
vt 0.3823319971561432 0.46173200011253357
vt 0.38243699073791504 0.3815709948539734
vt 0.38249900937080383 0.22068999707698822
vt 0.3826330006122589 0.01803099922835827
vt 0.3828180134296417 0.3676300048828125
vt 0.3828200101852417 0.2513439953327179
vt 0.3832570016384125 0.38780298829078674
vt 0.38332000374794006 0.40126898884773254
vt 0.3837130069732666 0.5036640167236328
vt 0.38380199670791626 0.2014079988002777
vt 0.3848859965801239 0.2958270013332367
vt 0.3849419951438904 0.1354690045118332
vt 0.3855249881744385 0.03818700090050697
vt 0.3856489956378937 0.4457649886608124
vt 0.3860270082950592 0.4318540096282959
vt 0.3869659900665283 0.34607699513435364
vt 0.3870370090007782 0.14241500198841095
vt 0.3874189853668213 0.5011299848556519
vt 0.3874189853668213 0.5099520087242126
vt 0.38753700256347656 0.11727999895811081
vt 0.38755500316619873 0.13407200574874878
vt 0.38794800639152527 0.5078709721565247
vt 0.3880690038204193 0.3570379912853241
vt 0.38844600319862366 0.06683199852705002
vt 0.3885760009288788 0.45762398838996887
vt 0.38900500535964966 0.41937699913978577
vt 0.39036399126052856 0.14752699434757233
vt 0.39069798588752747 0.4044170081615448
vt 0.39138299226760864 0.16295599937438965
vt 0.39173200726509094 0.3578679859638214
vt 0.39181599020957947 0.39484599232673645
vt 0.3923810124397278 0.07223500311374664
vt 0.39251598715782166 0.5011299848556519
vt 0.39251598715782166 0.5111579895019531
vt 0.39284899830818176 0.0899839997291565
vt 0.39304500818252563 0.5011299848556519
vt 0.39304500818252563 0.5254660248756409
vt 0.39329400658607483 0.05955899879336357
vt 0.39329400658607483 0.2819480001926422
vt 0.3933030068874359 0.035881999880075455
vt 0.393451988697052 0.22318600118160248
vt 0.39380401372909546 0.10424300283193588
vt 0.39467400312423706 0.5063269734382629
vt 0.39492499828338623 0.34706801176071167
vt 0.39520299434661865 0.50798100233078
vt 0.39567700028419495 0.4370279908180237
vt 0.3957839906215668 0.33255699276924133
vt 0.3958509862422943 0.3819659948348999
vt 0.3965669870376587 0.1731799989938736
vt 0.39660000801086426 0.15245799720287323
vt 0.3973369896411896 0.48594799637794495
vt 0.39757800102233887 0.29918500781059265
vt 0.397830992937088 0.37049600481987
vt 0.3979809880256653 0.4723280072212219
vt 0.39868301153182983 0.01986899971961975
vt 0.398717999458313 0.34699299931526184
vt 0.39889299869537354 0.5011299848556519
vt 0.39889299869537354 0.5130360126495361
vt 0.39928698539733887 0.05301700159907341
vt 0.3994219899177551 0.5011299848556519
vt 0.3994219899177551 0.5127170085906982
vt 0.3994370102882385 0.09052299708127975
vt 0.3994550108909607 0.4879629909992218
vt 0.4001980125904083 0.01576399989426136
vt 0.401295006275177 0.22554899752140045
vt 0.4015760123729706 0.1619510054588318
vt 0.4018790125846863 0.1325940042734146
vt 0.4023360013961792 0.337022989988327
vt 0.4024600088596344 0.42760100960731506
vt 0.4027499854564667 0.4995889961719513
vt 0.40321099758148193 0.5075420141220093
vt 0.4037410020828247 0.5011299848556519
vt 0.4037410020828247 0.5080230236053467
vt 0.4038360118865967 0.27574801445007324
vt 0.4038589894771576 0.3341909945011139
vt 0.4039359986782074 0.04495599865913391
vt 0.40401700139045715 0.06760100275278091
vt 0.40402600169181824 0.08102600276470184
vt 0.40418198704719543 0.4510810077190399
vt 0.4048680067062378 0.4630909860134125
vt 0.40518099069595337 0.12199299782514572
vt 0.4058060050010681 0.3905239999294281
vt 0.40616899728775024 0.3176099956035614
vt 0.4062030017375946 0.11043599992990494
vt 0.4064449965953827 0.17138199508190155
vt 0.4068009853363037 0.4091069996356964
vt 0.4068799912929535 0.14552700519561768
vt 0.4076389968395233 0.18064099550247192
vt 0.4076879918575287 0.16429799795150757
vt 0.4084849953651428 0.35822099447250366
vt 0.40953201055526733 0.3941890001296997
vt 0.4096960127353668 0.17236299812793732
vt 0.40992000699043274 0.14158299565315247
vt 0.41019999980926514 0.21322600543498993
vt 0.41021600365638733 0.503728985786438
vt 0.41045498847961426 0.31901198625564575
vt 0.41050800681114197 0.48383599519729614
vt 0.4107460081577301 0.5011299848556519
vt 0.4107460081577301 0.5113800168037415
vt 0.41131699085235596 0.029262999072670937
vt 0.41254299879074097 0.1002580001950264
vt 0.41278699040412903 0.42419201135635376
vt 0.4129039943218231 0.34740200638771057
vt 0.4129039943218231 0.37497299909591675
vt 0.4130780100822449 0.2871200144290924
vt 0.41349801421165466 0.25307899713516235
vt 0.41395100951194763 0.5098509788513184
vt 0.4139750003814697 0.1913760006427765
vt 0.41454601287841797 0.3388420045375824
vt 0.4145990014076233 0.32376399636268616
vt 0.41477200388908386 0.5033270120620728
vt 0.4151090085506439 0.12615999579429626
vt 0.41511398553848267 0.15914900600910187
vt 0.41530200839042664 0.507544994354248
vt 0.41561099886894226 0.3160189986228943
vt 0.4157019853591919 0.2908869981765747
vt 0.41587701439857483 0.23736900091171265
vt 0.41596201062202454 0.18568800389766693
vt 0.41711801290512085 0.4624890089035034
vt 0.41728198528289795 0.5011299848556519
vt 0.41728198528289795 0.519402027130127
vt 0.4178119897842407 0.5065569877624512
vt 0.417946994304657 0.2551470100879669
vt 0.41795700788497925 0.1886100023984909
vt 0.4181230068206787 0.0020649998914450407
vt 0.41820698976516724 0.2925499975681305
vt 0.4185340106487274 0.31772899627685547
vt 0.41876599192619324 0.05831899866461754
vt 0.4188140034675598 0.18734599649906158
vt 0.4188779890537262 0.4717389941215515
vt 0.41899800300598145 0.27182701230049133
vt 0.41900599002838135 0.39534398913383484
vt 0.41905999183654785 0.32767000794410706
vt 0.419514000415802 0.07232099771499634
vt 0.41986799240112305 0.10724999755620956
vt 0.4203589856624603 0.08777099847793579
vt 0.420634001493454 0.04489399865269661
vt 0.4210349917411804 0.1852869987487793
vt 0.42124301195144653 0.2368530035018921
vt 0.42133399844169617 0.3016889989376068
vt 0.4216820001602173 0.4366230070590973
vt 0.42225199937820435 0.3813660144805908
vt 0.42234399914741516 0.15122100710868835
vt 0.42241600155830383 0.5011299848556519
vt 0.42241600155830383 0.5097870230674744
vt 0.4227370023727417 0.3601750135421753
vt 0.4229460060596466 0.5020610094070435
vt 0.4229460060596466 0.5124080181121826
vt 0.42296600341796875 0.4535129964351654
vt 0.4230419993400574 0.25826799869537354
vt 0.42340898513793945 0.18288899958133698
vt 0.4235070049762726 0.33301401138305664
vt 0.423786997795105 0.12228299677371979
vt 0.42385798692703247 0.5081589818000793
vt 0.4241490066051483 0.510936975479126
vt 0.42430099844932556 0.3394649922847748
vt 0.4246799945831299 0.5124080181121826
vt 0.4247269928455353 0.1698330044746399
vt 0.42500200867652893 0.4117029905319214
vt 0.42515701055526733 0.31168198585510254
vt 0.42520999908447266 0.5081589818000793
vt 0.42520999908447266 0.5117830038070679
vt 0.4254069924354553 0.013686999678611755
vt 0.425680011510849 0.23238199949264526
vt 0.42578598856925964 0.5084440112113953
vt 0.42602500319480896 0.0953420028090477
vt 0.4273050129413605 0.36502599716186523
vt 0.42795801162719727 0.3935149908065796
vt 0.42807701230049133 0.01609800010919571
vt 0.428631991147995 0.5081589818000793
vt 0.428631991147995 0.5140680074691772
vt 0.4290879964828491 0.5011299848556519
vt 0.4290879964828491 0.5076289772987366
vt 0.4290879964828491 0.5127670168876648
vt 0.4292609989643097 0.029771000146865845
vt 0.4295470118522644 0.4667719900608063
vt 0.4296180009841919 0.5011299848556519
vt 0.4296180009841919 0.5074859857559204
vt 0.4296180009841919 0.5111079812049866
vt 0.43009498715400696 0.5080159902572632
vt 0.4305030107498169 0.14555500447750092
vt 0.43096500635147095 0.4070790112018585
vt 0.4318639934062958 0.4859650135040283
vt 0.4319530129432678 0.12733499705791473
vt 0.4321010112762451 0.4273509979248047
vt 0.432684987783432 0.5111079812049866
vt 0.43299999833106995 0.06089299917221069
vt 0.433214008808136 0.508014976978302
vt 0.433214008808136 0.5174170136451721
vt 0.43332698941230774 0.28701499104499817
vt 0.43337300419807434 0.10512399673461914
vt 0.4338259994983673 0.32453998923301697
vt 0.4338989853858948 0.5159149765968323
vt 0.4343779981136322 0.07804399728775024
vt 0.43442198634147644 0.3883340060710907
vt 0.43442800641059875 0.512440025806427
vt 0.43457698822021484 0.20800699293613434
vt 0.4346559941768646 0.173568993806839
vt 0.43495500087738037 0.23599499464035034
vt 0.4351080060005188 0.4183630049228668
vt 0.4353269934654236 0.5080159902572632
vt 0.4353269934654236 0.5135459899902344
vt 0.4354119896888733 0.5027819871902466
vt 0.43594101071357727 0.5011299848556519
vt 0.43594101071357727 0.5093629956245422
vt 0.43605300784111023 0.34446901082992554
vt 0.43670499324798584 0.2981390058994293
vt 0.4367299973964691 0.19472700357437134
vt 0.43682798743247986 0.15183000266551971
vt 0.4368390142917633 0.32857099175453186
vt 0.4375329911708832 0.37581199407577515
vt 0.43837401270866394 0.11619299650192261
vt 0.43850401043891907 0.17310599982738495
vt 0.43856799602508545 0.3160170018672943
vt 0.43873199820518494 0.24910999834537506
vt 0.438757985830307 0.455594003200531
vt 0.4389370083808899 0.19002500176429749
vt 0.4390609860420227 0.4811600148677826
vt 0.43916499614715576 0.09285199642181396
vt 0.44013598561286926 0.5011940002441406
vt 0.4401879906654358 0.44314199686050415
vt 0.44033199548721313 0.4651240110397339
vt 0.44066599011421204 0.50484299659729
vt 0.4406740069389343 0.4752190113067627
vt 0.4408760070800781 0.04451100155711174
vt 0.44183799624443054 0.32519400119781494
vt 0.4432710111141205 0.12259499728679657
vt 0.4434080123901367 0.11121399700641632
vt 0.44391199946403503 0.5011299848556519
vt 0.44391199946403503 0.5114690065383911
vt 0.4444409906864166 0.5011299848556519
vt 0.4444409906864166 0.5225650072097778
vt 0.44456300139427185 0.18966299295425415
vt 0.4446600079536438 0.14824999868869781
vt 0.44484400749206543 0.05889299884438515
vt 0.44561800360679626 0.43886798620224
vt 0.44571900367736816 0.16888199746608734
vt 0.44572898745536804 0.5094450116157532
vt 0.44596999883651733 0.026566000655293465
vt 0.446258008480072 0.5011299848556519
vt 0.446258008480072 0.5092620253562927
vt 0.44626298546791077 0.07375100255012512
vt 0.44626298546791077 0.30813801288604736
vt 0.4469110071659088 0.3749229907989502
vt 0.4478360116481781 0.39055898785591125
vt 0.4479820132255554 0.48764801025390625
vt 0.4484820067882538 0.3965640068054199
vt 0.44864198565483093 0.13303300738334656
vt 0.4487079977989197 0.20086699724197388
vt 0.44871899485588074 0.3447920083999634
vt 0.44904300570487976 0.0854950025677681
vt 0.4497480094432831 0.4171240031719208
vt 0.4498730003833771 0.20932599902153015
vt 0.45014500617980957 0.5048159956932068
vt 0.4503760039806366 0.3059709966182709
vt 0.45067501068115234 0.5011299848556519
vt 0.45067501068115234 0.5092179775238037
vt 0.4509269893169403 0.5015919804573059
vt 0.4514020085334778 0.4713909924030304
vt 0.4516350030899048 0.16460800170898438
vt 0.45170098543167114 0.3365919888019562
vt 0.45190200209617615 0.3657059967517853
vt 0.45197099447250366 0.09072600305080414
vt 0.45197799801826477 0.018702000379562378
vt 0.4522329866886139 0.432900995016098
vt 0.4527229964733124 0.5022940039634705
vt 0.45284101366996765 0.29334399104118347
vt 0.4533120095729828 0.2018129974603653
vt 0.45332300662994385 0.10292000323534012
vt 0.4535349905490875 0.4636650085449219
vt 0.4535529911518097 0.06258200109004974
vt 0.45365801453590393 0.26758599281311035
vt 0.4543119966983795 0.1864430010318756
vt 0.4543670117855072 0.2983129918575287
vt 0.4544830024242401 0.5094130039215088
vt 0.4547930061817169 0.1572439968585968
vt 0.4550130069255829 0.5041940212249756
vt 0.45507198572158813 0.03928999975323677
vt 0.45534199476242065 0.015611999668180943
vt 0.45556798577308655 0.3470810055732727
vt 0.4555929899215698 0.25326499342918396
vt 0.4557110071182251 0.20409800112247467
vt 0.4560129940509796 0.2932020127773285
vt 0.45640701055526733 0.4517900049686432
vt 0.4569379985332489 0.05289100110530853
vt 0.4570640027523041 0.4015890061855316
vt 0.45738399028778076 0.32276400923728943
vt 0.4575980007648468 0.5011299848556519
vt 0.4575980007648468 0.512453019618988
vt 0.4581280052661896 0.5097709894180298
vt 0.45839300751686096 0.1982470005750656
vt 0.4583989977836609 0.08579999953508377
vt 0.45881301164627075 0.3952620029449463
vt 0.45890501141548157 0.5011299848556519
vt 0.45890501141548157 0.5276510119438171
vt 0.4590969979763031 0.025383999571204185
vt 0.45942801237106323 0.17592599987983704
vt 0.45943400263786316 0.5071790218353271
vt 0.45943400263786316 0.5086899995803833
vt 0.4599289894104004 0.1101209968328476
vt 0.4602459967136383 0.3774609863758087
vt 0.46048399806022644 0.068511001765728
vt 0.4605259895324707 0.5091469883918762
vt 0.46070200204849243 0.4494520127773285
vt 0.46073201298713684 0.4990530014038086
vt 0.46139299869537354 0.413100004196167
vt 0.4614349901676178 0.15429699420928955
vt 0.46156200766563416 0.36387500166893005
vt 0.46160298585891724 0.5078110098838806
vt 0.46160298585891724 0.5122330188751221
vt 0.46213299036026 0.5117849707603455
vt 0.46213498711586 0.34699198603630066
vt 0.46220800280570984 0.478859007358551
vt 0.46233099699020386 0.42846500873565674
vt 0.4623650014400482 0.057321999222040176
vt 0.46314600110054016 0.14539599418640137
vt 0.46315398812294006 0.25105899572372437
vt 0.46383899450302124 0.5078110098838806
vt 0.46383899450302124 0.513122022151947
vt 0.4638809859752655 0.4692609906196594
vt 0.46389201283454895 0.5011299848556519
vt 0.46389201283454895 0.5072810053825378
vt 0.46398699283599854 0.38655200600624084
vt 0.46442198753356934 0.5048779845237732
vt 0.46594199538230896 0.5011299848556519
vt 0.46594199538230896 0.5164049863815308
vt 0.4661270081996918 0.1241540014743805
vt 0.46647098660469055 0.5033850073814392
vt 0.4676569998264313 0.04490400105714798
vt 0.46798598766326904 0.5011299848556519
vt 0.46798598766326904 0.5157889723777771
vt 0.468515008687973 0.5011299848556519
vt 0.468515008687973 0.5089930295944214
vt 0.46907898783683777 0.09822200238704681
vt 0.46931201219558716 0.41244301199913025
vt 0.4694499969482422 0.2977379858493805
vt 0.47048598527908325 0.4860740005970001
vt 0.4708299934864044 0.02827800065279007
vt 0.4712420105934143 0.2566550076007843
vt 0.47126299142837524 0.40633198618888855
vt 0.471576988697052 0.4580860137939453
vt 0.4716709852218628 0.5070899724960327
vt 0.47189199924468994 0.16835300624370575
vt 0.472010999917984 0.3832800090312958
vt 0.4721260070800781 0.08048299700021744
vt 0.47220098972320557 0.5036910176277161
vt 0.4724070131778717 0.3708289861679077
vt 0.47261399030685425 0.3349519968032837
vt 0.47306299209594727 0.1877879947423935
vt 0.47328099608421326 0.04769200086593628
vt 0.47359800338745117 0.38187798857688904
vt 0.47371798753738403 0.4346790015697479
vt 0.4737499952316284 0.1584949940443039
vt 0.4738740026950836 0.2027750015258789
vt 0.4741060137748718 0.11603199690580368
vt 0.4751319885253906 0.1315850019454956
vt 0.47574299573898315 0.5011299848556519
vt 0.47574299573898315 0.508092999458313
vt 0.4762730002403259 0.5068600177764893
vt 0.4762730002403259 0.5126810073852539
vt 0.47654101252555847 0.07274799793958664
vt 0.4767110049724579 0.3090380132198334
vt 0.4769830107688904 0.041460998356342316
vt 0.4775939881801605 0.17854300141334534
vt 0.4776259958744049 0.09543199837207794
vt 0.47765401005744934 0.5011299848556519
vt 0.47793200612068176 0.507390022277832
vt 0.47793200612068176 0.5145440101623535
vt 0.47846201062202454 0.507390022277832
vt 0.47846201062202454 0.5143049955368042
vt 0.4794110059738159 0.3514209985733032
vt 0.4795979857444763 0.01672700047492981
vt 0.4797379970550537 0.51180499792099
vt 0.4803529977798462 0.483817994594574
vt 0.4803610146045685 0.5068600177764893
vt 0.4808900058269501 0.5040619969367981
vt 0.4826970100402832 0.46545499563217163
vt 0.4828239977359772 0.4269689917564392
vt 0.48309600353240967 0.3843719959259033
vt 0.4832029938697815 0.5011299848556519
vt 0.4832029938697815 0.5104749798774719
vt 0.48332199454307556 0.06563399732112885
vt 0.4833280146121979 0.2920530140399933
vt 0.4833360016345978 0.3236579895019531
vt 0.48335400223731995 0.013376999646425247
vt 0.4833959937095642 0.10863400250673294
vt 0.48339998722076416 0.14388799667358398
vt 0.4834969937801361 0.20162899792194366
vt 0.48373299837112427 0.5064610242843628
vt 0.48373299837112427 0.5069910287857056
vt 0.48373299837112427 0.5153380036354065
vt 0.4847579896450043 0.48598599433898926
vt 0.4849250018596649 0.31764400005340576
vt 0.4849439859390259 0.4206700026988983
vt 0.4852060079574585 0.1925790011882782
vt 0.48522698879241943 0.13245399296283722
vt 0.4852829873561859 0.06167599931359291
vt 0.4853900074958801 0.015031999908387661
vt 0.48552900552749634 0.5129209756851196
vt 0.486162006855011 0.007947999984025955
vt 0.48617100715637207 0.5127310156822205
vt 0.4867820143699646 0.21299399435520172
vt 0.4870530068874359 0.488411009311676
vt 0.48727598786354065 0.5011299848556519
vt 0.4873740077018738 0.02704799920320511
vt 0.48766300082206726 0.30639299750328064
vt 0.48767200112342834 0.5064610242843628
vt 0.48767200112342834 0.5069910287857056
vt 0.48767200112342834 0.51528400182724
vt 0.48779600858688354 0.40539199113845825
vt 0.48788100481033325 0.1597750037908554
vt 0.48807498812675476 0.10551100224256516
vt 0.48820099234580994 0.5120940208435059
vt 0.48921599984169006 0.5011299848556519
vt 0.48921599984169006 0.516631007194519
vt 0.48974499106407166 0.5011299848556519
vt 0.48974499106407166 0.513621985912323
vt 0.4910210072994232 0.37287500500679016
vt 0.4910529851913452 0.502689003944397
vt 0.4915820062160492 0.5087090134620667
vt 0.4917930066585541 0.23204800486564636
vt 0.49344900250434875 0.5011299848556519
vt 0.49344900250434875 0.5093179941177368
vt 0.49397799372673035 0.5030779838562012
vt 0.49529001116752625 0.5011299848556519
vt 0.49529001116752625 0.5092530250549316
vt 0.49592098593711853 0.5011299848556519
vt 0.49592098593711853 0.5065879821777344
vt 0.49592098593711853 0.5071179866790771
vt 0.49592098593711853 0.5127429962158203
vt 0.4965290129184723 0.49915000796318054
vt 0.49859699606895447 0.07561200112104416
vt 0.4986180067062378 0.5107229948043823
vt 0.49868500232696533 0.0021410000044852495
vt 0.4987190067768097 0.4197399914264679
vt 0.49889400601387024 0.26698699593544006
vt 0.4990450143814087 0.14722900092601776
vt 0.4990450143814087 0.5005999803543091
vt 0.4990450143814087 0.5031570196151733
vt 0.4995749890804291 0.3293449878692627
vt 0.4995749890804291 0.49903398752212524
vt 0.4995749890804291 0.9241160154342651
vt 0.4995940029621124 0.9961990118026733
vt 0.49973800778388977 0.43204501271247864
vt 0.49976301193237305 0.12136899679899216
vt 0.49979299306869507 0.1949940025806427
vt 0.49980100989341736 0.5521169900894165
vt 0.4998210072517395 0.0007570000016130507
vt 0.4998610019683838 0.05333000048995018
vt 0.49986299872398376 0.8404970169067383
vt 0.5001299977302551 0.6458550095558167
vt 0.5001699924468994 0.4996829926967621
vt 0.5002110004425049 0.7384539842605591
vt 0.501446008682251 0.26218798756599426
vt 0.5014770030975342 0.6702449917793274
vt 0.5015050172805786 0.802573025226593
vt 0.5015590190887451 0.8680260181427002
vt 0.5016649961471558 0.7097880244255066
vt 0.5016909837722778 0.6401180028915405
vt 0.5016940236091614 0.9610859751701355
vt 0.5017189979553223 0.5470160245895386
vt 0.5023040175437927 0.4477980136871338
vt 0.502597987651825 0.37594398856163025
vt 0.5032050013542175 0.6757709980010986
vt 0.5108979940414429 0.7567970156669617
vt 0.511093020439148 0.6192179918289185
vt 0.5127120018005371 0.8857420086860657
vt 0.5153610110282898 0.8218600153923035
vt 0.5186730027198792 0.003074999898672104
vt 0.5197179913520813 0.993162989616394
vt 0.5199300050735474 0.9421579837799072
vt 0.5199310183525085 0.7171220183372498
vt 0.5199379920959473 0.5457659959793091
vt 0.519989013671875 0.6744509935379028
vt 0.52012699842453 0.5806660056114197
vt 0.5201330184936523 0.49959099292755127
vt 0.5201979875564575 0.8836100101470947
vt 0.5202699899673462 0.8030290007591248
vt 0.5211520195007324 0.9961400032043457
vt 0.5215089917182922 0.8459330201148987
vt 0.5217390060424805 0.6319739818572998
vt 0.5218039751052856 0.9002950191497803
vt 0.5218260288238525 0.7202270030975342
vt 0.5220919847488403 0.9937480092048645
vt 0.5221049785614014 0.5000640153884888
vt 0.5221289992332458 0.5652419924736023
vt 0.5221289992332458 0.958096981048584
vt 0.5226579904556274 0.5364440083503723
vt 0.5226579904556274 0.9174950122833252
vt 0.5227280259132385 0.9979829788208008
vt 0.5228170156478882 0.7078629732131958
vt 0.5228710174560547 0.6123669743537903
vt 0.5229150056838989 0.8060740232467651
vt 0.5230479836463928 0.4940960109233856
vt 0.5232729911804199 0.4999670088291168
vt 0.5243229866027832 0.8335360288619995
vt 0.5244359970092773 0.6472669839859009
vt 0.5244899988174438 0.5392270088195801
vt 0.5245640277862549 0.7157729864120483
vt 0.5246989727020264 0.9997349977493286
vt 0.5247570276260376 0.9623630046844482
vt 0.5267890095710754 0.03575899824500084
vt 0.5270540118217468 0.9152529835700989
vt 0.5276769995689392 0.610539972782135
vt 0.5286080241203308 0.26061999797821045
vt 0.5298429727554321 0.8154839873313904
vt 0.533312976360321 0.3250010013580322
vt 0.535643994808197 0.20556500554084778
vt 0.5411289930343628 0.37418898940086365
vt 0.5421370267868042 0.12739600241184235
vt 0.5428680181503296 0.49959099292755127
vt 0.5428739786148071 0.6716079711914062
vt 0.5429040193557739 0.8948079943656921
vt 0.5429149866104126 0.9971320033073425
vt 0.5429319739341736 0.5704759955406189
vt 0.5429949760437012 0.7707629799842834
vt 0.5435760021209717 0.9995750188827515
vt 0.5447049736976624 0.816211998462677
vt 0.5447810292243958 0.9979490041732788
vt 0.5448009967803955 0.6498870253562927
vt 0.5449770092964172 0.9076380133628845
vt 0.544983983039856 0.501347005367279
vt 0.5449960231781006 0.5770339965820312
vt 0.5450419783592224 0.7421219944953918
vt 0.5455710291862488 0.8768159747123718
vt 0.5455719828605652 0.9447450041770935
vt 0.5455960035324097 0.8033030033111572
vt 0.545727014541626 0.4997439980506897
vt 0.5457490086555481 0.43751999735832214
vt 0.5457829833030701 0.9972400069236755
vt 0.5461699962615967 0.6691719889640808
vt 0.5462369918823242 0.5666220188140869
vt 0.5468569993972778 0.9975259900093079
vt 0.5474219918251038 0.9318140149116516
vt 0.5474579930305481 0.8270779848098755
vt 0.5474640130996704 0.723343014717102
vt 0.5475749969482422 0.6588770151138306
vt 0.5475959777832031 0.5661960244178772
vt 0.5477370023727417 0.5019720196723938
vt 0.5561630129814148 0.6376630067825317
vt 0.558193027973175 0.9862989783287048
vt 0.5629479885101318 0.9158849716186523
vt 0.5637710094451904 0.8560230135917664
vt 0.5645560026168823 0.5527799725532532
vt 0.5657230019569397 0.9987360239028931
vt 0.5659459829330444 0.9477710127830505
vt 0.5660889744758606 0.7956100106239319
vt 0.5661649703979492 0.8710629940032959
vt 0.5661749839782715 0.7090479731559753
vt 0.5662189722061157 0.5994219779968262
vt 0.5662999749183655 0.5024139881134033
vt 0.5674539804458618 0.49959099292755127
vt 0.5677099823951721 0.8524159789085388
vt 0.5677689909934998 0.7328349947929382
vt 0.5677739977836609 0.9972599744796753
vt 0.5678510069847107 0.5803099870681763
vt 0.5678510069847107 0.9238970279693604
vt 0.5683810114860535 0.5804780125617981
vt 0.5683810114860535 0.8981930017471313
vt 0.5683969855308533 0.6791560053825378
vt 0.5683990120887756 0.5031920075416565
vt 0.5684080123901367 0.8195480108261108
vt 0.5684099793434143 0.7558519840240479
vt 0.5688809752464294 0.9681429862976074
vt 0.5701500177383423 0.884568989276886
vt 0.5701929926872253 0.7485989928245544
vt 0.5701979994773865 0.6544209718704224
vt 0.5702589750289917 0.5691739916801453
vt 0.570277988910675 0.9652180075645447
vt 0.5703250169754028 0.5006110072135925
vt 0.5720310211181641 0.4979639947414398
vt 0.5735509991645813 0.03782900050282478
vt 0.5797079801559448 0.8207160234451294
vt 0.580016016960144 0.4679050147533417
vt 0.5885599851608276 0.9261410236358643
vt 0.5885949730873108 0.5484359860420227
vt 0.5886189937591553 0.8056449890136719
vt 0.5886210203170776 0.7271749973297119
vt 0.5886510014533997 0.6200349926948547
vt 0.5886539816856384 0.8572580218315125
vt 0.5886579751968384 0.9648290276527405
vt 0.5889000296592712 0.9675080180168152
vt 0.5897679924964905 0.49959099292755127
vt 0.590224027633667 0.0008329999982379377
vt 0.5904020071029663 0.617222011089325
vt 0.5904489755630493 0.7174350023269653
vt 0.5904620289802551 0.5468890070915222
vt 0.5905579924583435 0.8670780062675476
vt 0.5906460285186768 0.965740978717804
vt 0.59067702293396 0.796567976474762
vt 0.5912060141563416 0.6335899829864502
vt 0.5917009711265564 0.5989059805870056
vt 0.5918999910354614 0.6271510124206543
vt 0.592428982257843 0.5394070148468018
vt 0.5929340124130249 0.6574079990386963
vt 0.5931580066680908 0.49959099292755127
vt 0.5939580202102661 0.640392005443573
vt 0.5940520167350769 0.5748440027236938
vt 0.5942980051040649 0.5113400220870972
vt 0.5973950028419495 0.5044969916343689
vt 0.5976349711418152 0.6039180159568787
vt 0.5981780290603638 0.629938006401062
vt 0.5982599854469299 0.5445520281791687
vt 0.5985680222511292 0.6387060284614563
vt 0.5987489819526672 0.660847008228302
vt 0.5998799800872803 0.6527429819107056
vt 0.6001909971237183 0.5194050073623657
vt 0.6001909971237183 0.6704949736595154
vt 0.6007199883460999 0.6174460053443909
vt 0.6023210287094116 0.6030259728431702
vt 0.6031230092048645 0.6274420022964478
vt 0.6033139824867249 0.5186880230903625
vt 0.6033229827880859 0.6366490125656128
vt 0.6059359908103943 0.6017919778823853
vt 0.6071140170097351 0.5353689789772034
vt 0.6072220206260681 0.6046259999275208
vt 0.6076920032501221 0.6183919906616211
vt 0.6084290146827698 0.4956510066986084
vt 0.6089900135993958 0.49959099292755127
vt 0.6089900135993958 0.6413450241088867
vt 0.6095190048217773 0.5122929811477661
vt 0.6095190048217773 0.634564995765686
vt 0.6106719970703125 0.588437020778656
vt 0.6108130216598511 0.23218800127506256
vt 0.6110749840736389 0.6197530031204224
vt 0.61149001121521 0.6115350127220154
vt 0.6116139888763428 0.5298060178756714
vt 0.6123129725456238 0.38398998975753784
vt 0.6127139925956726 0.5427169799804688
vt 0.6133490204811096 0.5707569718360901
vt 0.613444983959198 0.49959099292755127
vt 0.6137290000915527 0.5954210162162781
vt 0.6138550043106079 0.5985280275344849
vt 0.6140990257263184 0.5523999929428101
vt 0.6142979860305786 0.3027220070362091
vt 0.6148970127105713 0.6345319747924805
vt 0.6153050065040588 0.5128960013389587
vt 0.6156439781188965 0.6152830123901367
vt 0.6164669990539551 0.5240669846534729
vt 0.6172109842300415 0.5423930287361145
vt 0.6177399754524231 0.51459801197052
vt 0.6177399754524231 0.6229320168495178
vt 0.6190329790115356 0.5743939876556396
vt 0.6213819980621338 0.49959099292755127
vt 0.6238880157470703 0.5085520148277283
vt 0.6244540214538574 0.6295679807662964
vt 0.6244840025901794 0.5824829936027527
vt 0.625012993812561 0.5444239974021912
vt 0.625012993812561 0.7721750140190125
vt 0.6250290274620056 0.647288978099823
vt 0.6267979741096497 0.820697009563446
vt 0.6269479990005493 0.641202986240387
vt 0.6269930005073547 0.7630519866943359
vt 0.6271299719810486 0.5805699825286865
vt 0.6271539926528931 0.49959099292755127
vt 0.6272439956665039 0.5380250215530396
vt 0.6272889971733093 0.672760009765625
vt 0.6278179883956909 0.5071290135383606
vt 0.6278179883956909 0.6196690201759338
vt 0.6278210282325745 0.5418679714202881
vt 0.6279029846191406 0.6323549747467041
vt 0.6281830072402954 0.5896450281143188
vt 0.6283119916915894 0.6403459906578064
vt 0.6285880208015442 0.599107027053833
vt 0.6294260025024414 0.5410119891166687
vt 0.6301739811897278 0.5653700232505798
vt 0.6317669749259949 0.5125120282173157
vt 0.6324610114097595 0.5813930034637451
vt 0.6326789855957031 0.5897129774093628
vt 0.6329740285873413 0.49959099292755127
vt 0.633197009563446 0.6184309720993042
vt 0.6333000063896179 0.5583900213241577
vt 0.6333349943161011 0.6332749724388123
vt 0.6335430145263672 0.6118990182876587
vt 0.633571982383728 0.14672699570655823
vt 0.6340720057487488 0.49959099292755127
vt 0.6340720057487488 0.6640840172767639
vt 0.6360830068588257 0.622219979763031
vt 0.6363229751586914 0.589883029460907
vt 0.6485729813575745 0.2899639904499054
vt 0.6503840088844299 0.003360999980941415
vt 0.6539700031280518 0.2316959947347641
vt 0.6556289792060852 0.045708999037742615
vt 0.6559280157089233 0.4984079897403717
vt 0.6603490114212036 0.42841601371765137
vt 0.6674579977989197 0.49596500396728516
vt 0.6806120276451111 0.18745200335979462
vt 0.6817160248756409 0.0003589999978430569
vt 0.684490978717804 0.34887000918388367
vt 0.6852250099182129 0.23856499791145325
vt 0.6907050013542175 0.11922399699687958
vt 0.7069010138511658 0.46880200505256653
vt 0.7237750291824341 0.17675699293613434
vt 0.7286959886550903 0.32183098793029785
vt 0.7338759899139404 0.38826799392700195
vt 0.7386879920959473 0.2805509865283966
vt 0.7402340173721313 0.4959239959716797
vt 0.7452239990234375 0.2375440001487732
vt 0.7478029727935791 0.24812200665473938
vt 0.7519429922103882 0.258338987827301
vt 0.7558990120887756 0.0007880000048317015
vt 0.7583649754524231 0.4983449876308441
vt 0.7602880001068115 0.023919999599456787
vt 0.7608529925346375 0.24781499803066254
vt 0.7706620097160339 0.09088300168514252
vt 0.7738080024719238 0.2837049961090088
vt 0.7909709811210632 0.20100000500679016
vt 0.796521008014679 0.15427300333976746
vt 0.7972660064697266 0.4691399931907654
vt 0.8019919991493225 0.3200179934501648
vt 0.8036249876022339 0.34950900077819824
vt 0.8072649836540222 0.4962159991264343
vt 0.8113880157470703 0.3947399854660034
vt 0.8232200145721436 0.12498900294303894
vt 0.8369449973106384 0.25906699895858765
vt 0.8471969962120056 0.039705999195575714
vt 0.8481990098953247 0.00026500000967644155
vt 0.8482459783554077 0.20244799554347992
vt 0.8513339757919312 0.49821698665618896
vt 0.8574680089950562 0.002795000094920397
vt 0.8577219843864441 0.46932101249694824
vt 0.8607580065727234 0.30719301104545593
vt 0.863789975643158 0.2641740143299103
vt 0.8664590120315552 0.38017600774765015
vt 0.8791710138320923 0.18297100067138672
vt 0.8851450085639954 0.41885998845100403
vt 0.900987982749939 0.49555501341819763
vt 0.9211270213127136 0.00036100001307204366
vt 0.9262480139732361 0.11210300028324127
vt 0.9332579970359802 0.3555139899253845
vt 0.9357110261917114 0.44491899013519287
vt 0.9369450211524963 0.03255699947476387
vt 0.944707989692688 0.17511899769306183
vt 0.9454879760742188 0.4976690113544464
vt 0.9521340131759644 0.254146009683609
vt 0.976688027381897 0.06344400346279144
vt 0.992235004901886 0.47234299778938293
vt 0.9969199895858765 0.0011099999537691474
vt 0.9970319867134094 0.08384999632835388
vt 0.997189998626709 0.18949900567531586
vt 0.9972749948501587 0.27160000801086426
vt 0.9973589777946472 0.3397890031337738
vt 0.9975090026855469 0.4239960014820099
vt 0.9979940056800842 0.4990620017051697
vn -1.0 -0.009499999694526196 -9.999999747378752e-05
vn -1.0 -0.0031999999191612005 -0.002199999988079071
vn -0.9998999834060669 0.016599999740719795 0.0007999999797903001
vn -0.9997000098228455 0.024900000542402267 0.00019999999494757503
vn -0.9980999827384949 -0.061500001698732376 0.0024999999441206455
vn -0.9688000082969666 -0.24770000576972961 0.003100000089034438
vn -0.9646000266075134 -0.004000000189989805 0.263700008392334
vn -0.9549000263214111 -0.296999990940094 -0.0003000000142492354
vn -0.9498999714851379 -0.3125999867916107 -0.0066999997943639755
vn -0.9473000168800354 -0.3203999996185303 -0.00039999998989515007
vn -0.9473000168800354 -0.32019999623298645 0.00019999999494757503
vn -0.9470999836921692 0.31850001215934753 -0.04010000079870224
vn -0.9448999762535095 -0.32739999890327454 0.0010999999940395355
vn -0.9398000240325928 0.3418000042438507 0.00139999995008111
vn -0.9358999729156494 0.3522999882698059 0.0015999999595806003
vn -0.9276000261306763 -0.3736000061035156 -0.0006000000284984708
vn -0.9244999885559082 0.38119998574256897 -9.999999747378752e-05
vn -0.9236000180244446 0.38350000977516174 0.001500000013038516
vn -0.9229999780654907 0.3847000002861023 -0.0017999999690800905
vn -0.9187999963760376 0.3946000039577484 -0.0031999999191612005
vn -0.9128000140190125 0.40849998593330383 0.0006000000284984708
vn -0.8932999968528748 0.012199999764561653 -0.44929999113082886
vn -0.8633999824523926 0.07609999924898148 0.49880000948905945
vn -0.8255000114440918 0.5644000172615051 -0.0031999999191612005
vn -0.8194000124931335 0.35510000586509705 0.44999998807907104
vn -0.7486000061035156 0.6629999876022339 -0.002099999925121665
vn -0.6952000260353088 0.6141999959945679 0.3734000027179718
vn -0.6769000291824341 0.725600004196167 0.12359999865293503
vn -0.6550999879837036 0.7088000178337097 0.26159998774528503
vn -0.6420999765396118 0.7181000113487244 0.2685999870300293
vn -0.6312999725341797 0.7754999995231628 -0.007199999876320362
vn -0.630299985408783 0.694100022315979 0.3476000130176544
vn -0.6261000037193298 0.573199987411499 -0.5285000205039978
vn -0.623199999332428 -0.6114000082015991 0.4876999855041504
vn -0.6212999820709229 0.760200023651123 -0.18979999423027039
vn -0.6043000221252441 0.6866000294685364 0.4041000008583069
vn -0.5981000065803528 -0.6261000037193298 -0.5002999901771545
vn -0.5806999802589417 0.7766000032424927 0.2442999929189682
vn -0.5770000219345093 0.7746000289916992 0.2590999901294708
vn -0.5648999810218811 0.8251000046730042 -0.010400000028312206
vn -0.5638999938964844 0.779699981212616 -0.27230000495910645
vn -0.5633999705314636 0.8240000009536743 -0.05979999899864197
vn -0.5551000237464905 -0.8317999839782715 0.00139999995008111
vn -0.5539000034332275 0.7195000052452087 -0.4189000129699707
vn -0.5493999719619751 0.8119999766349792 0.19699999690055847
vn -0.5486000180244446 0.83160001039505 0.08659999817609787
vn -0.5454999804496765 0.8122000098228455 -0.2070000022649765
vn -0.5440000295639038 0.8129000067710876 -0.2076999992132187
vn -0.5349000096321106 -0.8449000120162964 -0.0007999999797903001
vn -0.5343000292778015 0.8055999875068665 -0.25600001215934753
vn -0.5299000144004822 0.7692000269889832 -0.3571000099182129
vn -0.5285999774932861 -0.8489000201225281 -0.0007999999797903001
vn -0.5256999731063843 0.8027999997138977 0.28139999508857727
vn -0.5228000283241272 0.7914999723434448 0.3165000081062317
vn -0.5196999907493591 0.8539000153541565 0.027300000190734863
vn -0.5034999847412109 0.8640000224113464 0.0017999999690800905
vn -0.499099999666214 0.7957000136375427 -0.3431999981403351
vn -0.4982999861240387 0.8665000200271606 -0.029600000008940697
vn -0.4900999963283539 0.791700005531311 0.3646000027656555
vn -0.4887000024318695 0.843500018119812 -0.22280000150203705
vn -0.48420000076293945 0.7635999917984009 -0.42719998955726624
vn -0.48069998621940613 0.8271999955177307 0.29100000858306885
vn -0.47870001196861267 0.7651000022888184 0.43070000410079956
vn -0.4772999882698059 0.8787999749183655 9.999999747378752e-05
vn -0.4733999967575073 0.7857000231742859 -0.39820000529289246
vn -0.47189998626708984 0.8640000224113464 0.17579999566078186
vn -0.46810001134872437 0.8837000131607056 0.00039999998989515007
vn -0.4652999937534332 0.8079000115394592 -0.36169999837875366
vn -0.4650000035762787 0.8644999861717224 0.19099999964237213
vn -0.4650000035762787 0.871399998664856 -0.15629999339580536
vn -0.45989999175071716 0.8217999935150146 -0.33640000224113464
vn -0.4480000138282776 0.8934999704360962 0.031199999153614044
vn -0.4399000108242035 -0.8980000019073486 -0.0005000000237487257
vn -0.439300000667572 -0.8982999920845032 -0.0015999999595806003
vn -0.4388999938964844 0.8842999935150146 0.15919999778270721
vn -0.43540000915527344 0.7796000242233276 -0.45019999146461487
vn -0.4345000088214874 0.8100000023841858 -0.3937999904155731
vn -0.42879998683929443 0.7889000177383423 0.44020000100135803
vn -0.4284999966621399 0.6764000058174133 -0.5989999771118164
vn -0.4269999861717224 0.8411999940872192 0.3319000005722046
vn -0.4140999913215637 0.9101999998092651 0.0008999999845400453
vn -0.4090000092983246 0.7674000263214111 -0.49380001425743103
vn -0.4034000039100647 0.8816999793052673 -0.24459999799728394
vn -0.40310001373291016 0.8295999765396118 0.3864000141620636
vn -0.3984000086784363 0.8751999735832214 0.27459999918937683
vn -0.3815999925136566 0.859000027179718 0.34130001068115234
vn -0.38029998540878296 0.8762999773025513 -0.29589998722076416
vn -0.37549999356269836 0.9042999744415283 -0.2029000073671341
vn -0.3727000057697296 0.9082000255584717 -0.19030000269412994
vn -0.3677999973297119 0.862500011920929 -0.3474999964237213
vn -0.36730000376701355 0.9300000071525574 -0.010900000110268593
vn -0.36660000681877136 0.857200026512146 0.36169999837875366
vn -0.36419999599456787 0.8776999711990356 -0.31139999628067017
vn -0.36390000581741333 0.9314000010490417 -0.0010000000474974513
vn -0.3612000048160553 0.8169000148773193 -0.4496999979019165
vn -0.3546000123023987 0.9350000023841858 0.0019000000320374966
vn -0.3400000035762787 0.9221000075340271 -0.18459999561309814
vn -0.33070001006126404 0.8607000112533569 0.3871000111103058
vn -0.32910001277923584 0.9114000201225281 -0.24699999392032623
vn -0.32850000262260437 0.9445000290870667 9.999999747378752e-05
vn -0.3269999921321869 0.8327999711036682 0.4465999901294708
vn -0.3203999996185303 0.9452000260353088 -0.06300000101327896
vn -0.3172999918460846 0.8769999742507935 0.36090001463890076
vn -0.31060001254081726 0.8780999779701233 -0.36399999260902405
vn -0.3091000020503998 0.9509999752044678 -0.011500000022351742
vn -0.30790001153945923 0.9096999764442444 -0.27869999408721924
vn -0.30300000309944153 0.7944999933242798 0.526199996471405
vn -0.2994000017642975 0.8952999711036682 -0.33000001311302185
vn -0.2973000109195709 0.9363999962806702 0.18649999797344208
vn -0.2955000102519989 0.9412000179290771 -0.16359999775886536
vn -0.2946999967098236 0.8726000189781189 -0.38960000872612
vn -0.2874999940395355 0.914900004863739 0.2833000123500824
vn -0.28619998693466187 0.7440000176429749 0.6037999987602234
vn -0.28360000252723694 0.8367000222206116 -0.46860000491142273
vn -0.2799000144004822 0.9394000172615051 0.1979999989271164
vn -0.2784999907016754 0.9602000117301941 -0.020500000566244125
vn -0.2784000039100647 0.9603999853134155 0.006099999882280827
vn -0.2727000117301941 0.9047999978065491 0.3271999955177307
vn -0.2709999978542328 0.9555000066757202 -0.11659999936819077
vn -0.26840001344680786 0.8841000199317932 -0.3824000060558319
vn -0.2669000029563904 -0.07959999889135361 -0.9603999853134155
vn -0.2653000056743622 0.8044000267982483 0.531499981880188
vn -0.2606000006198883 0.965399980545044 0.0017000000225380063
vn -0.2574000060558319 0.6948999762535095 -0.6714000105857849
vn -0.2554999887943268 0.9122999906539917 0.32010000944137573
vn -0.2524000108242035 0.9556999802589417 -0.15160000324249268
vn -0.25029999017715454 0.8701000213623047 -0.4244999885559082
vn -0.25029999017715454 0.9682000279426575 0.0026000000070780516
vn -0.2502000033855438 0.9682000279426575 -0.0008999999845400453
vn -0.2493000030517578 0.9684000015258789 0.00989999994635582
vn -0.24709999561309814 0.9685999751091003 -0.026799999177455902
vn -0.24629999697208405 0.9692000150680542 0.004900000058114529
vn -0.24609999358654022 0.8705999851226807 0.4259999990463257
vn -0.24469999969005585 0.9645000100135803 -0.09969999641180038
vn -0.24330000579357147 0.9697999954223633 -0.01640000008046627
vn -0.23589999973773956 0.9718000292778015 -0.0
vn -0.23479999601840973 0.972000002861023 -0.005900000222027302
vn -0.2345999926328659 0.9433000087738037 0.23479999601840973
vn -0.2321999967098236 0.942799985408783 0.23909999430179596
vn -0.2287999987602234 0.9265000224113464 0.2985999882221222
vn -0.2280000001192093 0.9380000233650208 0.26109999418258667
vn -0.22429999709129333 0.8906000256538391 -0.39570000767707825
vn -0.21940000355243683 0.9754999876022339 0.012500000186264515
vn -0.219200000166893 0.33320000767707825 0.9169999957084656
vn -0.21889999508857727 0.975600004196167 -0.018799999728798866
vn -0.21580000221729279 0.9107999801635742 0.35179999470710754
vn -0.21330000460147858 0.9541000127792358 -0.2102999985218048
vn -0.20999999344348907 0.9717000126838684 -0.10840000212192535
vn -0.20389999449253082 0.9789999723434448 0.006200000178068876
vn -0.20360000431537628 0.9789999723434448 0.005200000014156103
vn -0.2003999948501587 0.9797000288963318 -0.002400000113993883
vn -0.1931000053882599 0.9811999797821045 -0.002899999963119626
vn -0.19179999828338623 0.9319999814033508 0.3075000047683716
vn -0.18889999389648438 0.9818000197410583 -0.021299999207258224
vn -0.17139999568462372 0.9851999878883362 -0.0007999999797903001
vn -0.17080000042915344 0.9613999724388123 0.21580000221729279
vn -0.16840000450611115 -0.7117999792098999 -0.6819000244140625
vn -0.16249999403953552 0.9865999817848206 0.011099999770522118
vn -0.1624000072479248 0.9865999817848206 0.013000000268220901
vn -0.16030000150203705 0.9757999777793884 -0.14839999377727509
vn -0.15780000388622284 0.9732000231742859 0.16699999570846558
vn -0.15209999680519104 0.9804999828338623 -0.12460000067949295
vn -0.15070000290870667 0.9081000089645386 0.39070001244544983
vn -0.14980000257492065 0.9740999937057495 0.1695999950170517
vn -0.1459999978542328 -0.17219999432563782 -0.9742000102996826
vn -0.14309999346733093 0.9897000193595886 -0.0010999999940395355
vn -0.14030000567436218 0.9901000261306763 0.006899999920278788
vn -0.13860000669956207 0.9462000131607056 0.29249998927116394
vn -0.13770000636577606 0.9803000092506409 -0.1412999927997589
vn -0.13760000467300415 0.9891999959945679 -0.05130000039935112
vn -0.13510000705718994 0.9807999730110168 0.14090000092983246
vn -0.13500000536441803 0.9563000202178955 0.25940001010894775
vn -0.13169999420642853 0.9258999824523926 -0.35409998893737793
vn -0.13009999692440033 0.989300012588501 -0.06560000032186508
vn -0.12720000743865967 0.9860000014305115 -0.1080000028014183
vn -0.12600000202655792 0.9907000064849854 0.050700001418590546
vn -0.1234000027179718 -0.24480000138282776 0.9617000222206116
vn -0.1234000027179718 0.9915000200271606 -0.041999999433755875
vn -0.1177000030875206 0.9327999949455261 0.34060001373291016
vn -0.11699999868869781 0.9627000093460083 -0.24390000104904175
vn -0.11580000072717667 -0.9933000206947327 -0.0012000000569969416
vn -0.11540000140666962 0.991599977016449 0.05810000002384186
vn -0.11410000175237656 0.9934999942779541 -0.0008999999845400453
vn -0.11389999836683273 0.3118000030517578 -0.9433000087738037
vn -0.11320000141859055 0.9936000108718872 -9.999999747378752e-05
vn -0.11240000277757645 0.9693999886512756 -0.2184000015258789
vn -0.11190000176429749 0.9833999872207642 -0.14300000667572021
vn -0.11180000007152557 0.9936000108718872 0.01590000092983246
vn -0.11140000075101852 0.9937000274658203 -0.012500000186264515
vn -0.1111999973654747 0.9937999844551086 0.0008999999845400453
vn -0.11029999703168869 0.9939000010490417 -0.008200000040233135
vn -0.10970000177621841 0.9939000010490417 -0.01269999984651804
vn -0.10970000177621841 0.9940000176429749 -0.005400000140070915
vn -0.10869999974966049 0.9940999746322632 -0.001500000013038516
vn -0.10859999805688858 0.9940999746322632 0.0031999999191612005
vn -0.10729999840259552 0.9937999844551086 0.02810000069439411
vn -0.10700000077486038 0.9940999746322632 0.015300000086426735
vn -0.1054999977350235 0.9742000102996826 -0.19939999282360077
vn -0.10440000146627426 0.9944999814033508 -0.0026000000070780516
vn -0.10400000214576721 0.9943000078201294 -0.024700000882148743
vn -0.10360000282526016 0.9929999709129333 0.05719999969005585
vn -0.10270000249147415 0.9945999979972839 0.013399999588727951
vn -0.10249999910593033 0.994700014591217 -0.010200000368058681
vn -0.10000000149011612 0.9943000078201294 -0.03739999979734421
vn -0.09849999845027924 0.9943000078201294 0.04129999876022339
vn -0.09769999980926514 0.9865999817848206 -0.13109999895095825
vn -0.09610000252723694 0.9952999949455261 -0.010599999688565731
vn -0.09539999812841415 0.9936000108718872 0.0608999989926815
vn -0.09470000118017197 0.9954000115394592 0.017100000753998756
vn -0.09459999948740005 0.9954000115394592 0.012299999594688416
vn -0.09359999746084213 0.9954000115394592 0.021199999377131462
vn -0.09300000220537186 0.9789000153541565 0.18170000612735748
vn -0.09059999883174896 0.9958999752998352 0.0052999998442828655
vn -0.09040000289678574 -0.9958999752998352 0.003100000089034438
vn -0.09040000289678574 0.9957000017166138 -0.01860000006854534
vn -0.08760000020265579 0.9819999933242798 0.16740000247955322
vn -0.08669999986886978 0.9962000250816345 -0.00570000009611249
vn -0.0860000029206276 0.9950000047683716 0.049800001084804535
vn -0.08529999852180481 0.9825000166893005 0.1656000018119812
vn -0.0851999968290329 0.9916999936103821 0.09679999947547913
vn -0.08470000326633453 0.9962999820709229 -0.014100000262260437
vn -0.08340000361204147 0.9478999972343445 0.3073999881744385
vn -0.08320000022649765 0.9965000152587891 -0.009100000374019146
vn -0.08179999887943268 0.9965999722480774 0.004900000058114529
vn -0.08169999718666077 0.9961000084877014 0.03319999948143959
vn -0.08129999786615372 0.996399998664856 -0.02449999935925007
vn -0.07859999686479568 0.9969000220298767 0.0052999998442828655
vn -0.07760000228881836 0.9969000220298767 0.00930000003427267
vn -0.07729999721050262 -0.996999979019165 0.0015999999595806003
vn -0.07680000364780426 0.996999979019165 -0.0
vn -0.07649999856948853 0.9955999851226807 0.053599998354911804
vn -0.07649999856948853 0.9965000152587891 -0.032999999821186066
vn -0.07590000331401825 0.03189999982714653 -0.9965999722480774
vn -0.07559999823570251 0.9970999956130981 0.003100000089034438
vn -0.07490000128746033 0.7953000068664551 0.6015999913215637
vn -0.07410000264644623 0.9955000281333923 -0.05909999832510948
vn -0.07209999859333038 0.9973999857902527 0.0052999998442828655
vn -0.07199999690055847 0.9973999857902527 -0.007600000128149986
vn -0.07000000029802322 0.9961000084877014 0.05400000140070915
vn -0.07000000029802322 0.9975000023841858 0.004399999976158142
vn -0.06930000334978104 0.9959999918937683 -0.055799998342990875
vn -0.06930000334978104 0.9973000288009644 -0.02319999970495701
vn -0.06719999760389328 0.9944000244140625 0.08150000125169754
vn -0.066600002348423 0.9977999925613403 -0.0003000000142492354
vn -0.0658000037074089 0.9977999925613403 -0.00559999980032444
vn -0.06509999930858612 0.9922999739646912 -0.10520000010728836
vn -0.06449999660253525 0.9977999925613403 -0.0142000000923872
vn -0.0640999972820282 0.9972000122070312 0.03840000182390213
vn -0.06379999965429306 0.9933000206947327 0.09679999947547913
vn -0.06340000033378601 0.9972000122070312 -0.040300000458955765
vn -0.0617000013589859 0.9980000257492065 0.016699999570846558
vn -0.061000000685453415 0.9980999827384949 0.012500000186264515
vn -0.05939999967813492 0.998199999332428 0.0013000000035390258
vn -0.0575999990105629 0.9961000084877014 -0.06610000133514404
vn -0.057100001722574234 -0.998199999332428 -0.017899999395012856
vn -0.05700000002980232 -0.9983000159263611 0.010200000368058681
vn -0.05609999969601631 -0.9979000091552734 0.03099999949336052
vn -0.05609999969601631 0.942799985408783 -0.3285999894142151
vn -0.05570000037550926 0.9983999729156494 0.003000000026077032
vn -0.05400000140070915 -0.9983999729156494 -0.01640000008046627
vn -0.05299999937415123 0.9983999729156494 -0.019600000232458115
vn -0.052000001072883606 0.9984999895095825 0.01510000042617321
vn -0.05180000141263008 0.9847999811172485 -0.16590000689029694
vn -0.0502999983727932 -0.9983999729156494 0.0272000003606081
vn -0.0502999983727932 0.9943000078201294 0.09369999915361404
vn -0.05009999871253967 0.998199999332428 -0.03400000184774399
vn -0.0494999997317791 -0.9987999796867371 -0.002300000051036477
vn -0.0494999997317791 0.9987000226974487 0.008200000040233135
vn -0.04919999837875366 0.9962000250816345 0.07119999825954437
vn -0.04839999973773956 0.9549999833106995 -0.29249998927116394
vn -0.04769999906420708 0.9973000288009644 -0.05559999868273735
vn -0.04729999974370003 0.9987999796867371 0.00839999970048666
vn -0.04729999974370003 0.9988999962806702 -0.000699999975040555
vn -0.04670000076293945 0.9930999875068665 0.1080000028014183
vn -0.04610000178217888 0.9976000189781189 0.051600001752376556
vn -0.043800000101327896 0.9977999925613403 -0.04969999939203262
vn -0.043699998408555984 0.996399998664856 -0.07249999791383743
vn -0.04340000078082085 0.9887999892234802 -0.14300000667572021
vn -0.04309999942779541 0.9987000226974487 0.026200000196695328
vn -0.04280000180006027 0.9965999722480774 -0.0706000030040741
vn -0.04270000010728836 0.9990000128746033 -0.008999999612569809
vn -0.040800001472234726 0.9991000294685364 -0.013000000268220901
vn -0.0406000018119812 0.9990000128746033 0.01730000041425228
vn -0.040300000458955765 -0.9990000128746033 0.017000000923871994
vn -0.04010000079870224 0.9991999864578247 0.0003000000142492354
vn -0.03999999910593033 0.9490000009536743 0.31290000677108765
vn -0.03959999978542328 0.9991999864578247 0.010099999606609344
vn -0.03889999911189079 0.9988999962806702 0.027899999171495438
vn -0.03840000182390213 0.9993000030517578 0.00419999985024333
vn -0.038100000470876694 0.9993000030517578 0.005100000184029341
vn -0.03799999877810478 0.9984999895095825 -0.039900001138448715
vn -0.03790000081062317 0.9988999962806702 -0.027799999341368675
vn -0.03750000149011612 0.9955000281333923 0.08659999817609787
vn -0.03689999878406525 0.9986000061035156 0.03790000081062317
vn -0.03689999878406525 0.9991999864578247 -0.016699999570846558
vn -0.036400001496076584 -0.9993000030517578 0.0015999999595806003
vn -0.03629999980330467 0.9993000030517578 -0.0020000000949949026
vn -0.03620000183582306 0.9977999925613403 0.05590000003576279
vn -0.035999998450279236 0.9994000196456909 0.001500000013038516
vn -0.0357000008225441 0.9984999895095825 -0.041600000113248825
vn -0.035599999129772186 0.9986000061035156 0.03959999978542328
vn -0.035599999129772186 0.9993000030517578 0.00860000029206276
vn -0.03539999946951866 0.9993000030517578 0.009999999776482582
vn -0.03539999946951866 0.9993000030517578 0.010200000368058681
vn -0.03519999980926514 0.9990000128746033 -0.0272000003606081
vn -0.03480000048875809 0.9952999949455261 0.09030000120401382
vn -0.033900000154972076 0.9991999864578247 -0.020899999886751175
vn -0.03359999880194664 0.9994000196456909 0.00559999980032444
vn -0.03290000185370445 0.9970999956130981 -0.06920000165700912
vn -0.03290000185370445 0.9994999766349792 0.0017999999690800905
vn -0.03200000151991844 0.9993000030517578 0.019600000232458115
vn -0.03139999881386757 0.9991999864578247 0.025599999353289604
vn -0.030799999833106995 0.9993000030517578 0.022600000724196434
vn -0.030400000512599945 0.9886000156402588 -0.14740000665187836
vn -0.029899999499320984 0.9994999766349792 -0.010900000110268593
vn -0.029899999499320984 0.9994999766349792 0.013700000010430813
vn -0.029500000178813934 0.9908000230789185 0.13199999928474426
vn -0.029400000348687172 0.9994000196456909 -0.02070000022649765
vn -0.029200000688433647 0.996399998664856 -0.08009999990463257
vn -0.02879999950528145 0.9995999932289124 0.006800000090152025
vn -0.028599999845027924 0.9980000257492065 0.05640000104904175
vn -0.028200000524520874 0.8693000078201294 -0.4934999942779541
vn -0.027799999341368675 0.9976000189781189 0.06390000134706497
vn -0.027699999511241913 0.9994000196456909 -0.021900000050663948
vn -0.027400000020861626 0.9995999932289124 -0.0026000000070780516
vn -0.027000000700354576 0.9991000294685364 0.03229999914765358
vn -0.027000000700354576 0.9993000030517578 -0.02459999918937683
vn -0.026799999177455902 0.9988999962806702 0.038600001484155655
vn -0.026499999687075615 0.9994000196456909 0.02070000022649765
vn -0.02630000002682209 0.9995999932289124 -0.006800000090152025
vn -0.02590000070631504 0.9994000196456909 0.024000000208616257
vn -0.02590000070631504 0.9997000098228455 -0.002099999925121665
vn -0.025499999523162842 0.9995999932289124 0.013899999670684338
vn -0.025499999523162842 0.9997000098228455 0.004800000227987766
vn -0.02539999969303608 0.9997000098228455 0.003700000001117587
vn -0.02500000037252903 0.9994999766349792 -0.017799999564886093
vn -0.02500000037252903 0.9994999766349792 0.020500000566244125
vn -0.024299999698996544 0.9994000196456909 -0.025699999183416367
vn -0.024299999698996544 0.9994000196456909 0.025699999183416367
vn -0.024000000208616257 0.9997000098228455 0.005200000014156103
vn -0.023900000378489494 0.9990000128746033 -0.03880000114440918
vn -0.02370000071823597 0.9994000196456909 -0.026799999177455902
vn -0.02370000071823597 0.9997000098228455 -0.0006000000284984708
vn -0.023399999365210533 0.996399998664856 0.08179999887943268
vn -0.023399999365210533 0.9995999932289124 -0.01810000091791153
vn -0.02319999970495701 0.9995999932289124 -0.01899999938905239
vn -0.023000000044703484 0.9984999895095825 0.04899999871850014
vn -0.023000000044703484 0.9995999932289124 -0.01759999990463257
vn -0.02290000021457672 0.9993000030517578 -0.027899999171495438
vn -0.02290000021457672 0.9994999766349792 -0.023499999195337296
vn -0.02280000038444996 0.9735999703407288 0.2272000014781952
vn -0.022700000554323196 0.9973999857902527 0.06840000301599503
vn -0.02250000089406967 0.996999979019165 0.0737999975681305
vn -0.02239999920129776 0.909500002861023 0.41519999504089355
vn -0.02239999920129776 0.9997000098228455 0.004999999888241291
vn -0.02239999920129776 0.9997000098228455 0.00989999994635582
vn -0.022299999371170998 0.9860000014305115 0.16519999504089355
vn -0.022199999541044235 0.9997000098228455 0.0027000000700354576
vn -0.022199999541044235 0.9998000264167786 -0.0013000000035390258
vn -0.022099999710917473 0.9997000098228455 -0.00800000037997961
vn -0.02199999988079071 0.9997000098228455 -0.004600000102072954
vn -0.021900000050663948 0.9987999796867371 0.04390000179409981
vn -0.0215000007301569 0.9894000291824341 0.14380000531673431
vn -0.0215000007301569 0.9984999895095825 0.05000000074505806
vn -0.021400000900030136 0.9991000294685364 0.03660000115633011
vn -0.021299999207258224 0.95169997215271 0.30630001425743103
vn -0.021299999207258224 0.9998000264167786 0.004399999976158142
vn -0.021199999377131462 -0.9988999962806702 -0.04190000146627426
vn -0.0210999995470047 0.9998000264167786 -0.006500000134110451
vn -0.020999999716877937 0.9998000264167786 -0.000699999975040555
vn -0.020600000396370888 0.9991999864578247 0.033900000154972076
vn -0.020600000396370888 0.9998000264167786 0.005400000140070915
vn -0.020500000566244125 0.9988999962806702 -0.041200000792741776
vn -0.020500000566244125 0.9995999932289124 -0.018300000578165054
vn -0.02019999921321869 0.9998000264167786 0.003000000026077032
vn -0.020099999383091927 -0.9995999932289124 -0.01860000006854534
vn -0.020099999383091927 0.9995999932289124 -0.01730000041425228
vn -0.019999999552965164 -0.9994000196456909 0.02889999933540821
vn -0.019999999552965164 0.9998000264167786 -0.005200000014156103
vn -0.019899999722838402 0.9991999864578247 0.03550000116229057
vn -0.019899999722838402 0.9998000264167786 -0.006000000052154064
vn -0.019899999722838402 0.9998000264167786 0.005100000184029341
vn -0.019700000062584877 0.9987000226974487 0.04740000143647194
vn -0.019700000062584877 0.9998000264167786 -0.010099999606609344
vn -0.019600000232458115 0.9997000098228455 0.012900000438094139
vn -0.019500000402331352 0.9987999796867371 0.04430000111460686
vn -0.019500000402331352 0.9994999766349792 -0.026100000366568565
vn -0.019500000402331352 0.9998000264167786 0.008299999870359898
vn -0.01940000057220459 0.9995999932289124 0.02160000056028366
vn -0.019300000742077827 0.9988999962806702 0.04259999841451645
vn -0.019200000911951065 0.9997000098228455 0.014100000262260437
vn -0.019099999219179153 0.9998000264167786 0.0052999998442828655
vn -0.01899999938905239 0.9993000030517578 0.03060000017285347
vn -0.01889999955892563 0.9976999759674072 -0.06509999930858612
vn -0.01889999955892563 0.9997000098228455 0.015200000256299973
vn -0.018799999728798866 0.9998000264167786 0.0017000000225380063
vn -0.018699999898672104 0.9955000281333923 -0.09269999712705612
vn -0.01850000023841858 0.9998000264167786 -0.006899999920278788
vn -0.017799999564886093 0.9993000030517578 0.032999999821186066
vn -0.017400000244379044 -0.9998000264167786 -9.999999747378752e-05
vn -0.01730000041425228 0.9991999864578247 -0.03669999912381172
vn -0.01720000058412552 0.9997000098228455 -0.01730000041425228
vn -0.01720000058412552 0.9998000264167786 0.010400000028312206
vn -0.017000000923871994 0.9968000054359436 0.07840000092983246
vn -0.01679999940097332 0.9997000098228455 -0.015699999406933784
vn -0.01679999940097332 0.9998000264167786 -0.00559999980032444
vn -0.016599999740719795 0.9794999957084656 -0.20090000331401825
vn -0.016599999740719795 0.9944000244140625 -0.10480000078678131
vn -0.016599999740719795 0.9998000264167786 0.006200000178068876
vn -0.016499999910593033 0.9993000030517578 0.034699998795986176
vn -0.01640000008046627 0.9995999932289124 0.023099999874830246
vn -0.01640000008046627 0.9998000264167786 0.00930000003427267
vn -0.01640000008046627 0.9998999834060669 -0.004999999888241291
vn -0.016300000250339508 0.9998999834060669 -0.00279999990016222
vn -0.016200000420212746 0.9994999766349792 -0.02590000070631504
vn -0.016200000420212746 0.9998000264167786 -0.00989999994635582
vn -0.016100000590085983 0.9591000080108643 -0.2824999988079071
vn -0.01600000075995922 0.9998999834060669 -0.0
vn -0.01600000075995922 0.9998999834060669 0.0007999999797903001
vn -0.01590000092983246 0.9994999766349792 0.02710000053048134
vn -0.01590000092983246 0.9998000264167786 -0.01269999984651804
vn -0.01590000092983246 0.9998000264167786 -0.009499999694526196
vn -0.015799999237060547 0.9991000294685364 0.03929999843239784
vn -0.015699999406933784 0.9998999834060669 0.006599999964237213
vn -0.01549999974668026 0.9998999834060669 -0.0005000000237487257
vn -0.015399999916553497 0.9991000294685364 -0.040300000458955765
vn -0.015399999916553497 0.9997000098228455 0.017999999225139618
vn -0.015200000256299973 0.9998000264167786 -0.014800000004470348
vn -0.01510000042617321 0.9994999766349792 -0.026599999517202377
vn -0.014999999664723873 0.9991999864578247 -0.03830000013113022
vn -0.01489999983459711 0.9994999766349792 -0.029500000178813934
vn -0.01489999983459711 0.9995999932289124 0.021900000050663948
vn -0.014700000174343586 0.9997000098228455 -0.021199999377131462
vn -0.014600000344216824 0.9998000264167786 -0.011699999682605267
vn -0.014499999582767487 0.9997000098228455 -0.017999999225139618
vn -0.014499999582767487 0.9998000264167786 -0.016899999231100082
vn -0.014499999582767487 0.9998999834060669 0.0010999999940395355
vn -0.014399999752640724 0.9997000098228455 0.019099999219179153
vn -0.014299999922513962 0.9998999834060669 -0.00279999990016222
vn -0.014100000262260437 0.9998999834060669 -0.004900000058114529
vn -0.014000000432133675 0.7714999914169312 0.6360999941825867
vn -0.014000000432133675 0.9997000098228455 0.022199999541044235
vn -0.013799999840557575 0.9950000047683716 0.09880000352859497
vn -0.013799999840557575 0.9994999766349792 -0.029400000348687172
vn -0.013799999840557575 0.9997000098228455 -0.017999999225139618
vn -0.013799999840557575 0.9998999834060669 0.006500000134110451
vn -0.01360000018030405 0.9998999834060669 -0.003000000026077032
vn -0.013500000350177288 0.9193999767303467 -0.39309999346733093
vn -0.013500000350177288 0.9998999834060669 -0.004399999976158142
vn -0.013399999588727951 0.9998999834060669 -0.009999999776482582
vn -0.013100000098347664 0.9998999834060669 -0.008799999952316284
vn -0.013100000098347664 0.9998999834060669 0.008799999952316284
vn -0.013000000268220901 0.9998999834060669 -0.0026000000070780516
vn -0.013000000268220901 0.9998999834060669 0.00989999994635582
vn -0.012799999676644802 0.9998999834060669 -0.0015999999595806003
vn -0.01269999984651804 0.9994000196456909 -0.031700000166893005
vn -0.012500000186264515 0.9995999932289124 -0.025200000032782555
vn -0.012299999594688416 0.9998000264167786 0.016300000250339508
vn -0.012199999764561653 0.9998999834060669 -0.004999999888241291
vn -0.012199999764561653 0.9998999834060669 -0.002400000113993883
vn -0.012199999764561653 0.9998999834060669 -0.002099999925121665
vn -0.01209999993443489 0.9998999834060669 -0.009999999776482582
vn -0.012000000104308128 0.9998999834060669 -0.008200000040233135
vn -0.012000000104308128 0.9998999834060669 0.0017999999690800905
vn -0.011900000274181366 0.9997000098228455 0.0203000009059906
vn -0.011800000444054604 0.9997000098228455 0.0210999995470047
vn -0.011699999682605267 0.9998000264167786 0.01850000023841858
vn -0.011599999852478504 0.9998999834060669 -0.004900000058114529
vn -0.011500000022351742 0.9998999834060669 -0.007199999876320362
vn -0.01140000019222498 0.9998000264167786 -0.019200000911951065
vn -0.01140000019222498 0.9998999834060669 -0.007000000216066837
vn -0.011300000362098217 0.9667999744415283 0.2551000118255615
vn -0.011099999770522118 0.6455000042915344 -0.763700008392334
vn -0.011099999770522118 0.9998999834060669 0.007699999958276749
vn -0.011099999770522118 0.9998999834060669 0.012400000356137753
vn -0.010999999940395355 0.998199999332428 0.05829999968409538
vn -0.010999999940395355 0.9998999834060669 -0.0010000000474974513
vn -0.010900000110268593 0.9998999834060669 -0.0007999999797903001
vn -0.01080000028014183 0.9401999711990356 -0.34049999713897705
vn -0.01080000028014183 0.9998999834060669 -0.0008999999845400453
vn -0.01080000028014183 0.9998999834060669 0.0020000000949949026
vn -0.010700000450015068 0.9994999766349792 0.02850000001490116
vn -0.010700000450015068 0.9995999932289124 -0.027799999341368675
vn -0.010700000450015068 0.9998999834060669 -0.005499999970197678
vn -0.010599999688565731 0.9957000017166138 0.0925000011920929
vn -0.010599999688565731 0.9994000196456909 -0.03200000151991844
vn -0.010599999688565731 0.9998999834060669 0.004800000227987766
vn -0.010400000028312206 0.9983999729156494 -0.05490000173449516
vn -0.010400000028312206 0.9998999834060669 0.0017000000225380063
vn -0.010400000028312206 0.9998999834060669 0.006500000134110451
vn -0.010200000368058681 0.9998000264167786 0.016300000250339508
vn -0.010200000368058681 0.9998999834060669 -0.0010999999940395355
vn -0.010200000368058681 0.9998999834060669 0.006800000090152025
vn -0.010099999606609344 0.9986000061035156 -0.051600001752376556
vn -0.010099999606609344 0.9995999932289124 -0.025200000032782555
vn -0.010099999606609344 0.9998999834060669 0.0008999999845400453
vn -0.009999999776482582 0.9962999820709229 -0.08510000258684158
vn -0.009999999776482582 0.9998999834060669 0.003100000089034438
vn -0.009999999776482582 1.0 0.00019999999494757503
vn -0.00989999994635582 0.9998999834060669 -0.008299999870359898
vn -0.00989999994635582 0.9998999834060669 0.012000000104308128
vn -0.009800000116229057 0.9998999834060669 0.012500000186264515
vn -0.009600000455975533 0.9998999834060669 0.007199999876320362
vn -0.009499999694526196 0.9986000061035156 -0.05209999904036522
vn -0.009499999694526196 0.9998000264167786 -0.01549999974668026
vn -0.009499999694526196 0.9998999834060669 0.00989999994635582
vn -0.009399999864399433 0.9998999834060669 0.00570000009611249
vn -0.00930000003427267 0.9998999834060669 -0.00570000009611249
vn -0.009200000204145908 0.9865999817848206 0.16300000250339508
vn -0.009100000374019146 1.0 0.002899999963119626
vn -0.008999999612569809 1.0 -0.0031999999191612005
vn -0.008899999782443047 0.9998999834060669 -0.010300000198185444
vn -0.008899999782443047 1.0 -0.003100000089034438
vn -0.008799999952316284 0.9998999834060669 -0.012299999594688416
vn -0.008799999952316284 0.9998999834060669 -0.004900000058114529
vn -0.008799999952316284 1.0 0.002400000113993883
vn -0.008700000122189522 1.0 0.004600000102072954
vn -0.00860000029206276 0.9993000030517578 -0.03660000115633011
vn -0.008500000461935997 0.9945999979972839 0.1031000018119812
vn -0.008500000461935997 0.9994999766349792 0.02889999933540821
vn -0.008500000461935997 1.0 -0.004999999888241291
vn -0.00839999970048666 0.9998999834060669 0.009200000204145908
vn -0.008200000040233135 0.9215999841690063 -0.3880000114440918
vn -0.008100000210106373 -1.0 0.004699999932199717
vn -0.008100000210106373 0.9998999834060669 -0.014999999664723873
vn -0.008100000210106373 0.9998999834060669 -0.014000000432133675
vn -0.00800000037997961 0.9984999895095825 0.05389999970793724
vn -0.007899999618530273 0.9998999834060669 -0.0066999997943639755
vn -0.007699999958276749 0.9998999834060669 0.007400000002235174
vn -0.007699999958276749 1.0 0.0035000001080334187
vn -0.007499999832361937 1.0 0.0044999998062849045
vn -0.007400000002235174 1.0 -0.00430000014603138
vn -0.007400000002235174 1.0 -0.0032999999821186066
vn -0.007300000172108412 0.942799985408783 0.33329999446868896
vn -0.007300000172108412 0.9998999834060669 -0.009800000116229057
vn -0.0071000000461936 -0.9998999834060669 -0.013299999758601189
vn -0.0071000000461936 0.9998000264167786 0.019999999552965164
vn -0.0071000000461936 1.0 -0.0026000000070780516
vn -0.007000000216066837 0.9998999834060669 -0.008899999782443047
vn -0.006899999920278788 -1.0 -0.00039999998989515007
vn -0.006899999920278788 0.9995999932289124 0.026599999517202377
vn -0.006899999920278788 1.0 0.002400000113993883
vn -0.006800000090152025 0.9998999834060669 -0.01140000019222498
vn -0.006800000090152025 0.9998999834060669 0.013100000098347664
vn -0.0066999997943639755 1.0 -0.004999999888241291
vn -0.006599999964237213 -0.9994000196456909 0.0348999984562397
vn -0.006599999964237213 0.9994999766349792 -0.031300000846385956
vn -0.006599999964237213 1.0 0.002400000113993883
vn -0.006500000134110451 0.944100022315979 -0.3294999897480011
vn -0.006399999838322401 0.9994999766349792 -0.031700000166893005
vn -0.006300000008195639 0.9998999834060669 -0.01140000019222498
vn -0.006300000008195639 0.9998999834060669 0.009499999694526196
vn -0.006200000178068876 0.9995999932289124 0.02630000002682209
vn -0.006200000178068876 1.0 0.00039999998989515007
vn -0.006099999882280827 0.9830999970436096 0.18289999663829803
vn -0.006099999882280827 0.9998000264167786 -0.01730000041425228
vn -0.006099999882280827 0.9998999834060669 -0.014299999922513962
vn -0.006000000052154064 -1.0 -0.00019999999494757503
vn -0.006000000052154064 0.9973999857902527 0.07150000333786011
vn -0.006000000052154064 0.9998999834060669 -0.012400000356137753
vn -0.006000000052154064 1.0 -0.0038999998942017555
vn -0.005900000222027302 1.0 -0.007899999618530273
vn -0.005900000222027302 1.0 0.0032999999821186066
vn -0.005799999926239252 -1.0 -0.0013000000035390258
vn -0.005799999926239252 0.9998999834060669 -0.008299999870359898
vn -0.005799999926239252 1.0 0.0020000000949949026
vn -0.00570000009611249 1.0 0.007199999876320362
vn -0.00559999980032444 0.9994999766349792 0.03139999881386757
vn -0.005499999970197678 0.9991000294685364 0.042899999767541885
vn -0.005499999970197678 0.9995999932289124 -0.026799999177455902
vn -0.005499999970197678 1.0 -0.004900000058114529
vn -0.0052999998442828655 1.0 -0.0066999997943639755
vn -0.0052999998442828655 1.0 -0.004000000189989805
vn -0.0052999998442828655 1.0 0.0038999998942017555
vn -0.005200000014156103 0.9958000183105469 -0.09109999984502792
vn -0.005200000014156103 1.0 -0.004100000020116568
vn -0.005200000014156103 1.0 0.0038999998942017555
vn -0.005200000014156103 1.0 0.004999999888241291
vn -0.005100000184029341 0.9995999932289124 -0.028300000354647636
vn -0.005100000184029341 0.9998999834060669 -0.016100000590085983
vn -0.005100000184029341 1.0 -0.007499999832361937
vn -0.005100000184029341 1.0 -0.0007999999797903001
vn -0.004999999888241291 0.9965000152587891 0.08320000022649765
vn -0.004999999888241291 0.9998000264167786 0.020800000056624413
vn -0.004999999888241291 1.0 -0.00419999985024333
vn -0.004900000058114529 0.9997000098228455 -0.024299999698996544
vn -0.004900000058114529 1.0 0.008299999870359898
vn -0.004800000227987766 0.9790999889373779 0.20319999754428864
vn -0.004800000227987766 1.0 0.0017000000225380063
vn -0.004699999932199717 -1.0 -0.0006000000284984708
vn -0.004699999932199717 0.9998999834060669 0.014999999664723873
vn -0.004699999932199717 0.9998999834060669 0.01510000042617321
vn -0.004699999932199717 1.0 0.0044999998062849045
vn -0.0044999998062849045 0.9998000264167786 0.020099999383091927
vn -0.0044999998062849045 0.9998999834060669 -0.01590000092983246
vn -0.0044999998062849045 1.0 -0.0010000000474974513
vn -0.0044999998062849045 1.0 0.007199999876320362
vn -0.0044999998062849045 1.0 0.007300000172108412
vn -0.004399999976158142 0.9031000137329102 0.429500013589859
vn -0.004399999976158142 1.0 -0.005499999970197678
vn -0.00430000014603138 0.9955000281333923 0.09430000185966492
vn -0.00430000014603138 0.9998999834060669 -0.011900000274181366
vn -0.00430000014603138 1.0 -0.002099999925121665
vn -0.00430000014603138 1.0 0.0005000000237487257
vn -0.00419999985024333 -1.0 -0.0020000000949949026
vn -0.00419999985024333 0.9984999895095825 -0.05420000106096268
vn -0.00419999985024333 0.9986000061035156 -0.05299999937415123
vn -0.00419999985024333 0.9990000128746033 -0.043800000101327896
vn -0.00419999985024333 1.0 -0.007000000216066837
vn -0.00419999985024333 1.0 -0.002300000051036477
vn -0.004100000020116568 -1.0 0.000699999975040555
vn -0.004100000020116568 0.9994999766349792 0.031199999153614044
vn -0.004100000020116568 0.9998999834060669 -0.016699999570846558
vn -0.004100000020116568 1.0 0.0007999999797903001
vn -0.004000000189989805 0.9656000137329102 0.259799987077713
vn -0.004000000189989805 0.9997000098228455 -0.025100000202655792
vn -0.004000000189989805 0.9998999834060669 0.009600000455975533
vn -0.0038999998942017555 0.9998999834060669 -0.014999999664723873
vn -0.003800000064074993 0.9997000098228455 -0.02539999969303608
vn -0.003800000064074993 0.9998000264167786 0.01979999989271164
vn -0.003700000001117587 0.9997000098228455 -0.026000000536441803
vn -0.003599999938160181 0.9560999870300293 0.2930000126361847
vn -0.003599999938160181 1.0 -0.006200000178068876
vn -0.003599999938160181 1.0 -0.0020000000949949026
vn -0.003599999938160181 1.0 0.0024999999441206455
vn -0.0035000001080334187 0.993399977684021 -0.11490000039339066
vn -0.0035000001080334187 1.0 -0.002199999988079071
vn -0.0035000001080334187 1.0 0.0024999999441206455
vn -0.0034000000450760126 0.9995999932289124 -0.029200000688433647
vn -0.0032999999821186066 0.991100013256073 0.13289999961853027
vn -0.003100000089034438 0.6198999881744385 -0.7846999764442444
vn -0.003100000089034438 1.0 -0.008899999782443047
vn -0.003100000089034438 1.0 0.0013000000035390258
vn -0.003100000089034438 1.0 0.008200000040233135
vn -0.003000000026077032 0.9998999834060669 -0.013299999758601189
vn -0.003000000026077032 1.0 0.0019000000320374966
vn -0.002899999963119626 0.9994000196456909 -0.033799998462200165
vn -0.00279999990016222 0.9307000041007996 -0.3659000098705292
vn -0.00279999990016222 0.9980999827384949 0.0608999989926815
vn -0.00279999990016222 0.9998999834060669 -0.013399999588727951
vn -0.00279999990016222 1.0 -0.00019999999494757503
vn -0.00279999990016222 1.0 0.00039999998989515007
vn -0.0027000000700354576 0.9617999792098999 -0.27390000224113464
vn -0.0027000000700354576 0.9998000264167786 -0.022199999541044235
vn -0.0027000000700354576 1.0 0.004399999976158142
vn -0.0026000000070780516 0.9995999932289124 -0.027000000700354576
vn -0.0024999999441206455 -1.0 0.0006000000284984708
vn -0.002400000113993883 0.9003999829292297 0.4350999891757965
vn -0.002400000113993883 0.9962999820709229 -0.08560000360012054
vn -0.002400000113993883 0.9997000098228455 0.02329999953508377
vn -0.002400000113993883 1.0 -0.004900000058114529
vn -0.002400000113993883 1.0 0.0008999999845400453
vn -0.002300000051036477 0.9672999978065491 -0.2533999979496002
vn -0.002300000051036477 0.9998999834060669 0.01679999940097332
vn -0.002300000051036477 1.0 -0.0066999997943639755
vn -0.002300000051036477 1.0 -0.0010999999940395355
vn -0.002300000051036477 1.0 0.0003000000142492354
vn -0.002199999988079071 0.9998000264167786 0.021299999207258224
vn -0.002099999925121665 0.9639999866485596 -0.26600000262260437
vn -0.002099999925121665 0.9988999962806702 -0.04670000076293945
vn -0.0019000000320374966 -1.0 -0.007499999832361937
vn -0.0019000000320374966 -1.0 -0.0019000000320374966
vn -0.0019000000320374966 0.8998000025749207 -0.43619999289512634
vn -0.0019000000320374966 0.9994000196456909 -0.03530000150203705
vn -0.0019000000320374966 0.9998000264167786 0.02160000056028366
vn -0.0019000000320374966 1.0 -0.00039999998989515007
vn -0.0017999999690800905 0.34689998626708984 0.9379000067710876
vn -0.0017999999690800905 0.8752999901771545 0.4837000072002411
vn -0.0017999999690800905 0.9684000015258789 0.2493000030517578
vn -0.0017999999690800905 0.9789999723434448 0.20399999618530273
vn -0.0017999999690800905 0.9998999834060669 0.013799999840557575
vn -0.0017999999690800905 1.0 0.004399999976158142
vn -0.0017000000225380063 0.9998999834060669 0.014100000262260437
vn -0.0017000000225380063 1.0 0.00430000014603138
vn -0.0015999999595806003 -0.9972000122070312 0.07479999959468842
vn -0.0015999999595806003 -0.9965000152587891 -0.08399999886751175
vn -0.0015999999595806003 0.9779000282287598 0.20880000293254852
vn -0.0015999999595806003 0.9998999834060669 -0.014100000262260437
vn -0.0015999999595806003 1.0 -0.007400000002235174
vn -0.001500000013038516 0.9876999855041504 -0.1565999984741211
vn -0.001500000013038516 0.9991999864578247 0.03909999877214432
vn -0.001500000013038516 1.0 -0.0038999998942017555
vn -0.00139999995008111 0.9503999948501587 -0.3109999895095825
vn -0.00139999995008111 0.9998999834060669 0.01080000028014183
vn -0.00139999995008111 1.0 -0.005400000140070915
vn -0.00139999995008111 1.0 0.00139999995008111
vn -0.00139999995008111 1.0 0.005900000222027302
vn -0.0013000000035390258 -1.0 0.0010000000474974513
vn -0.0013000000035390258 -0.9984999895095825 0.05480000004172325
vn -0.0013000000035390258 0.9089999794960022 -0.41679999232292175
vn -0.0013000000035390258 0.9901999831199646 0.13940000534057617
vn -0.0013000000035390258 0.9998999834060669 -0.01269999984651804
vn -0.0013000000035390258 0.9998999834060669 0.010700000450015068
vn -0.0013000000035390258 1.0 0.006200000178068876
vn -0.0012000000569969416 -1.0 0.0052999998442828655
vn -0.0012000000569969416 0.9480000138282776 -0.3181000053882599
vn -0.0012000000569969416 0.9836999773979187 0.17960000038146973
vn -0.0012000000569969416 0.9994000196456909 -0.03420000150799751
vn -0.0012000000569969416 1.0 -0.00019999999494757503
vn -0.0012000000569969416 1.0 0.002300000051036477
vn -0.0010999999940395355 -1.0 -0.004800000227987766
vn -0.0010999999940395355 -1.0 0.009200000204145908
vn -0.0010999999940395355 0.7064999938011169 0.7077000141143799
vn -0.0010999999940395355 1.0 -0.008200000040233135
vn -0.0010999999940395355 1.0 -0.007000000216066837
vn -0.0010000000474974513 0.35100001096725464 -0.9363999962806702
vn -0.0010000000474974513 0.9961000084877014 0.08860000222921371
vn -0.0010000000474974513 0.9988999962806702 -0.04619999974966049
vn -0.0010000000474974513 1.0 -0.005799999926239252
vn -0.0010000000474974513 1.0 -0.002400000113993883
vn -0.0008999999845400453 -0.850600004196167 -0.5257999897003174
vn -0.0008999999845400453 -0.013700000010430813 -0.9998999834060669
vn -0.0008999999845400453 0.9912999868392944 -0.13189999759197235
vn -0.0008999999845400453 0.9997000098228455 -0.026100000366568565
vn -0.0008999999845400453 1.0 0.007300000172108412
vn -0.0007999999797903001 0.9462000131607056 0.32350000739097595
vn -0.0007999999797903001 0.9991999864578247 -0.03959999978542328
vn -0.0007999999797903001 0.9995999932289124 0.0284000001847744
vn -0.0007999999797903001 1.0 -0.0
vn -0.0007999999797903001 1.0 0.008500000461935997
vn -0.000699999975040555 -0.33889999985694885 -0.9408000111579895
vn -0.000699999975040555 1.0 -0.005499999970197678
vn -0.000699999975040555 1.0 -0.002300000051036477
vn -0.000699999975040555 1.0 0.008700000122189522
vn -0.0006000000284984708 -0.010200000368058681 -0.9998999834060669
vn -0.0006000000284984708 0.891700029373169 0.45260000228881836
vn -0.0006000000284984708 0.9976000189781189 0.0697999969124794
vn -0.0006000000284984708 0.9998000264167786 0.02199999988079071
vn -0.0006000000284984708 1.0 -0.009700000286102295
vn -0.0006000000284984708 1.0 -0.008100000210106373
vn -0.0005000000237487257 0.8977000117301941 0.4406000077724457
vn -0.0005000000237487257 0.9682000279426575 0.2502000033855438
vn -0.0005000000237487257 0.9986000061035156 0.05380000174045563
vn -0.0005000000237487257 0.9994999766349792 0.03280000016093254
vn -0.0005000000237487257 1.0 -0.0066999997943639755
vn -0.00039999998989515007 0.33719998598098755 0.9413999915122986
vn -0.00039999998989515007 0.9994999766349792 0.032600000500679016
vn -0.00039999998989515007 0.9998999834060669 0.010400000028312206
vn -0.00039999998989515007 0.9998999834060669 0.012000000104308128
vn -0.00039999998989515007 1.0 -0.008200000040233135
vn -0.00039999998989515007 1.0 -0.004800000227987766
vn -0.00039999998989515007 1.0 -0.0012000000569969416
vn -0.0003000000142492354 -0.902999997138977 -0.42969998717308044
vn -0.0003000000142492354 -0.3391999900341034 -0.9406999945640564
vn -0.0003000000142492354 0.3165000081062317 0.9485999941825867
vn -0.0003000000142492354 0.9466000199317932 -0.32249999046325684
vn -0.0003000000142492354 0.9769999980926514 -0.21320000290870667
vn -0.0003000000142492354 0.9980000257492065 -0.06310000270605087
vn -0.0003000000142492354 1.0 -0.006000000052154064
vn -0.00019999999494757503 -0.29170000553131104 0.9564999938011169
vn -0.00019999999494757503 -0.00989999994635582 1.0
vn -0.00019999999494757503 0.9789999723434448 0.2037999927997589
vn -0.00019999999494757503 0.9991999864578247 0.039900001138448715
vn -0.00019999999494757503 0.9998000264167786 0.019700000062584877
vn -0.00019999999494757503 1.0 -0.0007999999797903001
vn -0.00019999999494757503 1.0 0.004800000227987766
vn -9.999999747378752e-05 -0.296099990606308 0.9552000164985657
vn -9.999999747378752e-05 0.32280001044273376 0.9465000033378601
vn -9.999999747378752e-05 0.9997000098228455 -0.02419999986886978
vn -9.999999747378752e-05 0.9998000264167786 0.0210999995470047
vn -9.999999747378752e-05 0.9998000264167786 0.021199999377131462
vn -0.0 1.0 0.008999999612569809
vn 9.999999747378752e-05 0.3458000123500824 0.9383000135421753
vn 9.999999747378752e-05 0.9120000004768372 -0.41019999980926514
vn 9.999999747378752e-05 0.9998999834060669 0.016699999570846558
vn 9.999999747378752e-05 1.0 -0.006099999882280827
vn 0.00019999999494757503 -0.9049000144004822 -0.42570000886917114
vn 0.00019999999494757503 -0.883899986743927 0.4675999879837036
vn 0.00019999999494757503 -0.883899986743927 0.46779999136924744
vn 0.00019999999494757503 -0.8827999830245972 0.46970000863075256
vn 0.00019999999494757503 -0.328000009059906 -0.9447000026702881
vn 0.00019999999494757503 0.023099999874830246 -0.9997000098228455
vn 0.00019999999494757503 1.0 0.0017999999690800905
vn 0.00019999999494757503 1.0 0.003100000089034438
vn 0.00019999999494757503 1.0 0.006300000008195639
vn 0.0003000000142492354 -0.29440000653266907 0.9556999802589417
vn 0.0003000000142492354 0.3650999963283539 -0.9309999942779541
vn 0.0003000000142492354 0.9986000061035156 0.05290000140666962
vn 0.00039999998989515007 0.321399986743927 0.9470000267028809
vn 0.00039999998989515007 0.9563999772071838 -0.2921000123023987
vn 0.00039999998989515007 0.9939000010490417 -0.11069999635219574
vn 0.00039999998989515007 0.9941999912261963 -0.10750000178813934
vn 0.00039999998989515007 0.9987999796867371 0.04910000041127205
vn 0.00039999998989515007 1.0 0.0038999998942017555
vn 0.0005000000237487257 -0.8833000063896179 0.46889999508857727
vn 0.0005000000237487257 -0.3422999978065491 -0.9395999908447266
vn 0.0005000000237487257 0.9994999766349792 -0.03290000185370445
vn 0.0005000000237487257 0.9998999834060669 -0.012500000186264515
vn 0.0005000000237487257 1.0 -0.007300000172108412
vn 0.0005000000237487257 1.0 0.0032999999821186066
vn 0.0005000000237487257 1.0 0.004699999932199717
vn 0.0006000000284984708 -0.8526999950408936 -0.5224000215530396
vn 0.0006000000284984708 0.38440001010894775 -0.9232000112533569
vn 0.0006000000284984708 0.9014999866485596 -0.43290001153945923
vn 0.0006000000284984708 0.9900000095367432 0.14090000092983246
vn 0.0006000000284984708 0.9994000196456909 -0.035599999129772186
vn 0.0006000000284984708 1.0 0.0017999999690800905
vn 0.0006000000284984708 1.0 0.007400000002235174
vn 0.000699999975040555 -1.0 0.009499999694526196
vn 0.000699999975040555 0.9300000071525574 -0.36739999055862427
vn 0.000699999975040555 1.0 0.0052999998442828655
vn 0.000699999975040555 1.0 0.006399999838322401
vn 0.0007999999797903001 -1.0 -0.002099999925121665
vn 0.0007999999797903001 -0.9965000152587891 -0.0835999995470047
vn 0.0007999999797903001 0.0010999999940395355 -1.0
vn 0.0007999999797903001 0.9998999834060669 0.011500000022351742
vn 0.0007999999797903001 1.0 -0.009600000455975533
vn 0.0008999999845400453 -0.879800021648407 0.47540000081062317
vn 0.0008999999845400453 -0.289000004529953 0.9573000073432922
vn 0.0010000000474974513 -1.0 0.005799999926239252
vn 0.0010000000474974513 1.0 -0.002899999963119626
vn 0.0010000000474974513 1.0 -0.0006000000284984708
vn 0.0010999999940395355 0.9120000004768372 -0.4101000130176544
vn 0.0010999999940395355 0.9998999834060669 0.01360000018030405
vn 0.0010999999940395355 1.0 -0.005900000222027302
vn 0.0010999999940395355 1.0 0.00019999999494757503
vn 0.0012000000569969416 0.3619000017642975 -0.932200014591217
vn 0.0012000000569969416 0.8694999814033508 0.49399998784065247
vn 0.0012000000569969416 0.968500018119812 -0.24879999458789825
vn 0.0012000000569969416 0.9998999834060669 -0.015200000256299973
vn 0.0012000000569969416 0.9998999834060669 -0.012900000438094139
vn 0.0012000000569969416 1.0 -0.005200000014156103
vn 0.0013000000035390258 -1.0 -0.002199999988079071
vn 0.0013000000035390258 0.9894000291824341 -0.1451999992132187
vn 0.0013000000035390258 0.9972000122070312 -0.07460000365972519
vn 0.0013000000035390258 1.0 0.0015999999595806003
vn 0.00139999995008111 -0.01600000075995922 -0.9998999834060669
vn 0.001500000013038516 0.9496999979019165 0.3131999969482422
vn 0.001500000013038516 0.998199999332428 -0.06019999831914902
vn 0.001500000013038516 1.0 0.004699999932199717
vn 0.0015999999595806003 0.9998000264167786 0.019200000911951065
vn 0.0015999999595806003 0.9998000264167786 0.01979999989271164
vn 0.0015999999595806003 1.0 -0.005799999926239252
vn 0.0015999999595806003 1.0 0.0007999999797903001
vn 0.0015999999595806003 1.0 0.003599999938160181
vn 0.0015999999595806003 1.0 0.008799999952316284
vn 0.0017000000225380063 -0.9998999834060669 -0.01640000008046627
vn 0.0017000000225380063 0.9990000128746033 0.04560000076889992
vn 0.0017000000225380063 0.9991999864578247 -0.03929999843239784
vn 0.0017000000225380063 0.9998999834060669 0.0142000000923872
vn 0.0017999999690800905 0.9776999950408936 0.210099995136261
vn 0.0017999999690800905 0.9998999834060669 0.011699999682605267
vn 0.0019000000320374966 0.9986000061035156 -0.05249999836087227
vn 0.0019000000320374966 1.0 -0.004000000189989805
vn 0.0020000000949949026 0.9580000042915344 0.28679999709129333
vn 0.0020000000949949026 0.9990000128746033 0.04430000111460686
vn 0.0020000000949949026 1.0 -0.002400000113993883
vn 0.002099999925121665 0.923799991607666 -0.38280001282691956
vn 0.002099999925121665 1.0 -0.006099999882280827
vn 0.002099999925121665 1.0 0.00800000037997961
vn 0.002199999988079071 -1.0 -0.00419999985024333
vn 0.002199999988079071 -0.35030001401901245 -0.9366000294685364
vn 0.002300000051036477 0.9898999929428101 0.14149999618530273
vn 0.002300000051036477 1.0 0.003100000089034438
vn 0.002300000051036477 1.0 0.0032999999821186066
vn 0.002300000051036477 1.0 0.00860000029206276
vn 0.002400000113993883 1.0 0.005900000222027302
vn 0.0024999999441206455 0.9983000159263611 -0.05810000002384186
vn 0.0024999999441206455 0.9997000098228455 0.02290000021457672
vn 0.0024999999441206455 0.9998999834060669 0.014000000432133675
vn 0.0024999999441206455 1.0 0.004100000020116568
vn 0.0026000000070780516 0.9998000264167786 -0.018799999728798866
vn 0.0026000000070780516 1.0 0.005100000184029341
vn 0.0026000000070780516 1.0 0.005400000140070915
vn 0.0027000000700354576 0.9987999796867371 0.0494999997317791
vn 0.0027000000700354576 0.9998999834060669 0.012799999676644802
vn 0.0027000000700354576 0.9998999834060669 0.015699999406933784
vn 0.0027000000700354576 1.0 0.0017000000225380063
vn 0.00279999990016222 0.4968000054359436 0.867900013923645
vn 0.00279999990016222 0.9580000042915344 0.28690001368522644
vn 0.002899999963119626 -0.9090999960899353 -0.4165000021457672
vn 0.002899999963119626 0.9998999834060669 -0.010300000198185444
vn 0.002899999963119626 1.0 -0.0027000000700354576
vn 0.003000000026077032 0.9549999833106995 0.29649999737739563
vn 0.003000000026077032 0.973800003528595 -0.22750000655651093
vn 0.003000000026077032 1.0 -0.006899999920278788
vn 0.003100000089034438 -1.0 -0.0015999999595806003
vn 0.0031999999191612005 0.9994000196456909 0.033399999141693115
vn 0.0031999999191612005 0.9997000098228455 0.025100000202655792
vn 0.0031999999191612005 0.9998999834060669 -0.014499999582767487
vn 0.0031999999191612005 1.0 0.00930000003427267
vn 0.0032999999821186066 0.9994999766349792 0.03189999982714653
vn 0.0034000000450760126 0.3952000141143799 -0.9186000227928162
vn 0.0034000000450760126 0.9997000098228455 -0.02250000089406967
vn 0.0034000000450760126 1.0 0.004800000227987766
vn 0.003599999938160181 -1.0 -0.0032999999821186066
vn 0.003599999938160181 -1.0 0.007400000002235174
vn 0.003599999938160181 0.9891999959945679 0.1462000012397766
vn 0.003599999938160181 0.9976000189781189 0.06849999725818634
vn 0.003599999938160181 0.9997000098228455 -0.02329999953508377
vn 0.003700000001117587 0.9994999766349792 0.03060000017285347
vn 0.003700000001117587 1.0 -0.004999999888241291
vn 0.003800000064074993 0.9973000288009644 -0.07370000332593918
vn 0.003800000064074993 0.9998999834060669 0.016100000590085983
vn 0.003800000064074993 1.0 -0.006800000090152025
vn 0.0038999998942017555 0.954800009727478 0.2971000075340271
vn 0.0038999998942017555 0.9997000098228455 0.02459999918937683
vn 0.0038999998942017555 0.9998999834060669 -0.01119999960064888
vn 0.0038999998942017555 0.9998999834060669 -0.009499999694526196
vn 0.004000000189989805 0.9714999794960022 0.2371000051498413
vn 0.004000000189989805 0.9979000091552734 -0.06530000269412994
vn 0.004100000020116568 0.9994000196456909 -0.03319999948143959
vn 0.004100000020116568 1.0 -0.0052999998442828655
vn 0.004100000020116568 1.0 0.00419999985024333
vn 0.00419999985024333 0.9997000098228455 0.022199999541044235
vn 0.00419999985024333 0.9998999834060669 0.014000000432133675
vn 0.00419999985024333 0.9998999834060669 0.015699999406933784
vn 0.00430000014603138 0.9991000294685364 -0.04170000180602074
vn 0.00430000014603138 1.0 0.007799999788403511
vn 0.004399999976158142 0.9998000264167786 0.018300000578165054
vn 0.0044999998062849045 0.9972000122070312 0.07509999722242355
vn 0.0044999998062849045 1.0 -0.00279999990016222
vn 0.0044999998062849045 1.0 -0.00019999999494757503
vn 0.0044999998062849045 1.0 0.00139999995008111
vn 0.004600000102072954 0.9279000163078308 -0.3727000057697296
vn 0.004600000102072954 0.9843999743461609 0.17599999904632568
vn 0.004600000102072954 0.9990000128746033 0.04390000179409981
vn 0.004600000102072954 0.9998999834060669 0.009499999694526196
vn 0.004600000102072954 1.0 -0.0031999999191612005
vn 0.004699999932199717 -1.0 0.003100000089034438
vn 0.004699999932199717 1.0 -0.005499999970197678
vn 0.004699999932199717 1.0 0.006399999838322401
vn 0.004800000227987766 0.9998999834060669 0.016499999910593033
vn 0.004800000227987766 1.0 -0.0003000000142492354
vn 0.004900000058114529 0.9998999834060669 -0.012799999676644802
vn 0.004900000058114529 1.0 -0.00430000014603138
vn 0.004900000058114529 1.0 -0.00279999990016222
vn 0.004999999888241291 0.9998999834060669 0.008700000122189522
vn 0.004999999888241291 1.0 -0.004399999976158142
vn 0.004999999888241291 1.0 0.0066999997943639755
vn 0.005100000184029341 1.0 -0.005799999926239252
vn 0.005100000184029341 1.0 0.0017999999690800905
vn 0.005200000014156103 0.9998000264167786 0.016699999570846558
vn 0.0052999998442828655 0.9998999834060669 -0.013100000098347664
vn 0.0052999998442828655 1.0 -0.006200000178068876
vn 0.0052999998442828655 1.0 0.002099999925121665
vn 0.005400000140070915 -0.9972000122070312 -0.07410000264644623
vn 0.005400000140070915 0.9815000295639038 0.19140000641345978
vn 0.005400000140070915 0.9979000091552734 0.06520000100135803
vn 0.005400000140070915 1.0 0.0005000000237487257
vn 0.005499999970197678 0.9695000052452087 0.24500000476837158
vn 0.005499999970197678 1.0 -0.0017000000225380063
vn 0.00570000009611249 0.9422000050544739 0.33489999175071716
vn 0.00570000009611249 0.9991000294685364 0.04179999977350235
vn 0.00570000009611249 0.9998999834060669 0.012500000186264515
vn 0.00570000009611249 1.0 -0.0020000000949949026
vn 0.005799999926239252 0.8618000149726868 0.5073000192642212
vn 0.005799999926239252 0.9997000098228455 -0.025100000202655792
vn 0.005900000222027302 1.0 -0.002899999963119626
vn 0.006000000052154064 1.0 0.005799999926239252
vn 0.006099999882280827 0.9991999864578247 -0.03840000182390213
vn 0.006099999882280827 0.9998999834060669 0.01590000092983246
vn 0.006099999882280827 1.0 -0.00279999990016222
vn 0.006200000178068876 1.0 0.0034000000450760126
vn 0.006300000008195639 0.9975000023841858 -0.07069999724626541
vn 0.006399999838322401 0.9998000264167786 -0.019899999722838402
vn 0.006399999838322401 0.9998999834060669 -0.007899999618530273
vn 0.006500000134110451 -0.9998999834060669 -0.00839999970048666
vn 0.006500000134110451 -0.9998999834060669 0.009100000374019146
vn 0.006500000134110451 1.0 -0.002199999988079071
vn 0.006599999964237213 -1.0 -0.0038999998942017555
vn 0.006599999964237213 0.9987000226974487 0.05040000006556511
vn 0.006599999964237213 1.0 -0.0
vn 0.0066999997943639755 0.9998999834060669 -0.010200000368058681
vn 0.0066999997943639755 0.9998999834060669 -0.009399999864399433
vn 0.006800000090152025 0.9990000128746033 -0.044199999421834946
vn 0.006800000090152025 1.0 -0.004800000227987766
vn 0.007000000216066837 0.9998000264167786 -0.0203000009059906
vn 0.007000000216066837 1.0 0.0005000000237487257
vn 0.007000000216066837 1.0 0.0015999999595806003
vn 0.0071000000461936 0.9998000264167786 -0.018799999728798866
vn 0.007300000172108412 0.896399974822998 0.4431000053882599
vn 0.007300000172108412 0.993399977684021 -0.11429999768733978
vn 0.007400000002235174 1.0 -0.0003000000142492354
vn 0.007499999832361937 0.9998999834060669 -0.012000000104308128
vn 0.007499999832361937 0.9998999834060669 -0.009499999694526196
vn 0.007600000128149986 0.9416000247001648 0.3366999924182892
vn 0.007600000128149986 0.9998999834060669 -0.010700000450015068
vn 0.007600000128149986 0.9998999834060669 0.010400000028312206
vn 0.007600000128149986 1.0 0.0027000000700354576
vn 0.007600000128149986 1.0 0.005400000140070915
vn 0.007699999958276749 1.0 -0.003000000026077032
vn 0.007899999618530273 0.9842000007629395 0.1768999993801117
vn 0.007899999618530273 0.9998999834060669 -0.0142000000923872
vn 0.007899999618530273 0.9998999834060669 -0.013000000268220901
vn 0.007899999618530273 0.9998999834060669 -0.008500000461935997
vn 0.007899999618530273 1.0 -0.0017000000225380063
vn 0.007899999618530273 1.0 0.004900000058114529
vn 0.008100000210106373 -1.0 0.0010000000474974513
vn 0.008100000210106373 0.9886999726295471 -0.14990000426769257
vn 0.008200000040233135 -1.0 -0.00019999999494757503
vn 0.008200000040233135 0.9988999962806702 0.045899998396635056
vn 0.008200000040233135 0.9998000264167786 -0.016300000250339508
vn 0.008299999870359898 0.9998000264167786 -0.01600000075995922
vn 0.008299999870359898 0.9998999834060669 -0.009700000286102295
vn 0.008299999870359898 0.9998999834060669 0.005799999926239252
vn 0.008299999870359898 1.0 0.0031999999191612005
vn 0.008500000461935997 1.0 9.999999747378752e-05
vn 0.00860000029206276 0.9998999834060669 -0.01360000018030405
vn 0.008700000122189522 -1.0 -0.0010999999940395355
vn 0.008700000122189522 0.9993000030517578 -0.0364999994635582
vn 0.008700000122189522 0.9998999834060669 -0.009399999864399433
vn 0.008700000122189522 0.9998999834060669 -0.00800000037997961
vn 0.008700000122189522 0.9998999834060669 0.006300000008195639
vn 0.008700000122189522 1.0 -0.004699999932199717
vn 0.008899999782443047 -1.0 0.00139999995008111
vn 0.008899999782443047 0.9995999932289124 -0.02590000070631504
vn 0.008899999782443047 0.9998999834060669 -0.010499999858438969
vn 0.008899999782443047 1.0 0.0012000000569969416
vn 0.008899999782443047 1.0 0.002400000113993883
vn 0.008999999612569809 0.9994999766349792 -0.02879999950528145
vn 0.008999999612569809 0.9998999834060669 0.010599999688565731
vn 0.009100000374019146 1.0 -0.00019999999494757503
vn 0.009200000204145908 0.9994999766349792 0.031300000846385956
vn 0.009200000204145908 0.9998999834060669 -0.007899999618530273
vn 0.00930000003427267 0.9998999834060669 -0.004900000058114529
vn 0.009399999864399433 0.9994000196456909 -0.032499998807907104
vn 0.009499999694526196 0.9998999834060669 -0.006399999838322401
vn 0.009600000455975533 0.954200029373169 0.29910001158714294
vn 0.009600000455975533 0.9998999834060669 -0.0071000000461936
vn 0.009600000455975533 0.9998999834060669 0.007899999618530273
vn 0.009600000455975533 1.0 0.0026000000070780516
vn 0.009700000286102295 0.9833999872207642 -0.1808999925851822
vn 0.009700000286102295 1.0 0.00019999999494757503
vn 0.009700000286102295 1.0 0.000699999975040555
vn 0.00989999994635582 0.9995999932289124 -0.02459999918937683
vn 0.00989999994635582 0.9998999834060669 -0.01080000028014183
vn 0.009999999776482582 0.9718999862670898 -0.23510000109672546
vn 0.009999999776482582 0.9993000030517578 -0.03680000081658363
vn 0.009999999776482582 0.9998999834060669 0.011300000362098217
vn 0.010099999606609344 0.9979000091552734 0.06369999796152115
vn 0.010099999606609344 0.9998000264167786 -0.01979999989271164
vn 0.010099999606609344 0.9998000264167786 0.019300000742077827
vn 0.010200000368058681 0.9452999830245972 0.32600000500679016
vn 0.010200000368058681 0.9998999834060669 -0.003000000026077032
vn 0.010200000368058681 0.9998999834060669 -0.0026000000070780516
vn 0.010400000028312206 0.9998999834060669 -0.006300000008195639
vn 0.010499999858438969 0.9998999834060669 0.010499999858438969
vn 0.010599999688565731 0.9998000264167786 -0.019600000232458115
vn 0.010599999688565731 0.9998999834060669 -0.006500000134110451
vn 0.010700000450015068 -0.9998999834060669 0.0006000000284984708
vn 0.010700000450015068 0.9998999834060669 -0.0012000000569969416
vn 0.010999999940395355 0.9997000098228455 -0.0210999995470047
vn 0.010999999940395355 0.9998999834060669 0.011099999770522118
vn 0.011099999770522118 0.9998999834060669 -0.010400000028312206
vn 0.01119999960064888 0.9690999984741211 -0.24639999866485596
vn 0.01119999960064888 0.9995999932289124 -0.027400000020861626
vn 0.01119999960064888 0.9998999834060669 0.002300000051036477
vn 0.01119999960064888 0.9998999834060669 0.0034000000450760126
vn 0.01119999960064888 0.9998999834060669 0.004100000020116568
vn 0.011599999852478504 0.9998999834060669 -0.00839999970048666
vn 0.011699999682605267 0.9587000012397766 0.2842999994754791
vn 0.011900000274181366 0.9975000023841858 0.07029999792575836
vn 0.011900000274181366 0.9997000098228455 0.019500000402331352
vn 0.012000000104308128 0.9995999932289124 -0.026499999687075615
vn 0.012199999764561653 0.9998999834060669 -0.008799999952316284
vn 0.012199999764561653 0.9998999834060669 -0.007400000002235174
vn 0.012299999594688416 0.9958000183105469 0.09040000289678574
vn 0.012299999594688416 0.9993000030517578 -0.034299999475479126
vn 0.012299999594688416 0.9993000030517578 0.0348999984562397
vn 0.012400000356137753 0.973800003528595 0.2273000031709671
vn 0.012400000356137753 0.9991999864578247 0.037300001829862595
vn 0.012500000186264515 0.9980999827384949 0.05959999933838844
vn 0.012600000016391277 0.9984999895095825 0.05270000174641609
vn 0.01269999984651804 0.9986000061035156 0.051600001752376556
vn 0.01269999984651804 0.9998999834060669 -0.001500000013038516
vn 0.012799999676644802 0.9994000196456909 0.030700000002980232
vn 0.012900000438094139 -0.9998000264167786 0.013299999758601189
vn 0.012900000438094139 0.9998999834060669 -0.00430000014603138
vn 0.013000000268220901 0.9998999834060669 0.0010999999940395355
vn 0.013100000098347664 0.9998999834060669 0.00860000029206276
vn 0.013199999928474426 0.9991999864578247 -0.03779999911785126
vn 0.013199999928474426 0.9993000030517578 0.03610000014305115
vn 0.013199999928474426 0.9998999834060669 -0.0024999999441206455
vn 0.013299999758601189 -0.9998999834060669 -0.00930000003427267
vn 0.013299999758601189 0.98089998960495 0.1941000074148178
vn 0.013299999758601189 0.9998999834060669 0.006599999964237213
vn 0.013399999588727951 0.9998999834060669 -0.004900000058114529
vn 0.013500000350177288 0.9998000264167786 0.012900000438094139
vn 0.013500000350177288 0.9998999834060669 0.004900000058114529
vn 0.01360000018030405 0.9998000264167786 -0.014000000432133675
vn 0.013700000010430813 0.9611999988555908 -0.27549999952316284
vn 0.013700000010430813 0.9994000196456909 0.031199999153614044
vn 0.013799999840557575 0.9987999796867371 0.04659999907016754
vn 0.013799999840557575 0.9998000264167786 0.014100000262260437
vn 0.013899999670684338 0.9997000098228455 -0.019999999552965164
vn 0.0142000000923872 0.6965000033378601 0.7174000144004822
vn 0.014299999922513962 0.9995999932289124 0.026100000366568565
vn 0.014600000344216824 0.9998000264167786 -0.01360000018030405
vn 0.014700000174343586 -0.9966999888420105 0.08009999990463257
vn 0.01489999983459711 -0.9980999827384949 -0.05999999865889549
vn 0.01489999983459711 0.9990000128746033 -0.041099999099969864
vn 0.014999999664723873 0.9998000264167786 -0.013799999840557575
vn 0.015300000086426735 0.9995999932289124 0.02239999920129776
vn 0.015399999916553497 -0.9983999729156494 -0.05429999902844429
vn 0.015399999916553497 0.9994000196456909 0.031199999153614044
vn 0.015399999916553497 0.9997000098228455 -0.01940000057220459
vn 0.01549999974668026 0.9962999820709229 -0.08410000056028366
vn 0.015699999406933784 0.9997000098228455 -0.017899999395012856
vn 0.015699999406933784 0.9998999834060669 0.00279999990016222
vn 0.015799999237060547 0.8827000260353088 0.46970000863075256
vn 0.015799999237060547 0.9740999937057495 -0.22540000081062317
vn 0.015799999237060547 0.9998999834060669 0.00279999990016222
vn 0.01590000092983246 0.9998999834060669 0.0038999998942017555
vn 0.016100000590085983 0.9865000247955322 -0.16290000081062317
vn 0.016100000590085983 0.9998000264167786 -0.009200000204145908
vn 0.016200000420212746 0.9952999949455261 0.09520000219345093
vn 0.01640000008046627 0.9997000098228455 -0.016699999570846558
vn 0.01640000008046627 0.9998000264167786 -0.011099999770522118
vn 0.01640000008046627 0.9998000264167786 0.00930000003427267
vn 0.016599999740719795 0.9991000294685364 0.03869999945163727
vn 0.016699999570846558 0.9994999766349792 0.026399999856948853
vn 0.017100000753998756 0.9991999864578247 0.03539999946951866
vn 0.01730000041425228 0.9998000264167786 0.003700000001117587
vn 0.017400000244379044 0.9995999932289124 0.022700000554323196
vn 0.017500000074505806 0.9998000264167786 -0.0044999998062849045
vn 0.01769999973475933 0.9420999884605408 0.33489999175071716
vn 0.017799999564886093 0.9994999766349792 0.02759999968111515
vn 0.017799999564886093 0.9998000264167786 -0.0027000000700354576
vn 0.017899999395012856 0.947700023651123 -0.31859999895095825
vn 0.018200000748038292 0.9998000264167786 -0.0020000000949949026
vn 0.018200000748038292 0.9998000264167786 0.006399999838322401
vn 0.018400000408291817 0.9994000196456909 -0.0284000001847744
vn 0.01850000023841858 0.9937000274658203 0.1103999987244606
vn 0.018699999898672104 0.9997000098228455 -0.01679999940097332
vn 0.01889999955892563 0.9991000294685364 0.03889999911189079
vn 0.01940000057220459 0.9998000264167786 -0.009200000204145908
vn 0.01940000057220459 0.9998000264167786 -0.0
vn 0.019999999552965164 0.9984999895095825 0.051899999380111694
vn 0.019999999552965164 0.9998000264167786 0.0013000000035390258
vn 0.02019999921321869 0.9984999895095825 -0.051100000739097595
vn 0.02019999921321869 0.9994999766349792 0.02319999970495701
vn 0.0203000009059906 0.9998000264167786 -0.003700000001117587
vn 0.020500000566244125 0.9998000264167786 -0.0019000000320374966
vn 0.020600000396370888 0.9905999898910522 -0.13529999554157257
vn 0.020600000396370888 0.9993000030517578 -0.03229999914765358
vn 0.020800000056624413 0.9656000137329102 0.25929999351501465
vn 0.021299999207258224 -0.9987999796867371 0.04360000044107437
vn 0.021299999207258224 0.9987000226974487 -0.04610000178217888
vn 0.021299999207258224 0.9994000196456909 0.028999999165534973
vn 0.021299999207258224 0.9994999766349792 0.023399999365210533
vn 0.021700000390410423 0.9995999932289124 0.016200000420212746
vn 0.021900000050663948 0.9998000264167786 0.00279999990016222
vn 0.02199999988079071 0.9990000128746033 -0.03909999877214432
vn 0.02199999988079071 0.9995999932289124 0.01600000075995922
vn 0.022199999541044235 0.9991000294685364 0.03530000150203705
vn 0.022600000724196434 0.9987999796867371 -0.04340000078082085
vn 0.02280000038444996 0.9997000098228455 -0.0026000000070780516
vn 0.02290000021457672 0.9997000098228455 -0.007699999958276749
vn 0.02290000021457672 0.9997000098228455 -0.00430000014603138
vn 0.023099999874830246 0.9986000061035156 -0.04690000042319298
vn 0.02370000071823597 0.9994999766349792 0.022099999710917473
vn 0.023800000548362732 0.9995999932289124 0.016100000590085983
vn 0.023900000378489494 0.9997000098228455 -0.008500000461935997
vn 0.024299999698996544 0.9997000098228455 -0.00019999999494757503
vn 0.024700000882148743 0.9994999766349792 -0.021800000220537186
vn 0.025299999862909317 0.9991000294685364 0.03400000184774399
vn 0.025299999862909317 0.9997000098228455 0.003100000089034438
vn 0.025599999353289604 0.9835000038146973 0.17890000343322754
vn 0.025800000876188278 0.996999979019165 -0.07360000163316727
vn 0.02590000070631504 0.9962000250816345 0.08370000123977661
vn 0.02590000070631504 0.9995999932289124 -0.013000000268220901
vn 0.026100000366568565 0.9995999932289124 -0.012600000016391277
vn 0.026200000196695328 0.9993000030517578 0.025499999523162842
vn 0.02630000002682209 0.9984999895095825 -0.04780000075697899
vn 0.026399999856948853 0.9930999875068665 -0.11469999700784683
vn 0.026799999177455902 0.9990000128746033 -0.03500000014901161
vn 0.026799999177455902 0.9994999766349792 -0.015200000256299973
vn 0.027000000700354576 0.9980999827384949 -0.055799998342990875
vn 0.027000000700354576 0.9990000128746033 0.03460000082850456
vn 0.027499999850988388 0.9995999932289124 -0.011800000444054604
vn 0.027699999511241913 0.9995999932289124 0.003599999938160181
vn 0.027799999341368675 0.998199999332428 0.05260000005364418
vn 0.027899999171495438 0.9995999932289124 -0.003800000064074993
vn 0.02800000086426735 0.9995999932289124 0.0019000000320374966
vn 0.02810000069439411 0.9994000196456909 0.018300000578165054
vn 0.02810000069439411 0.9994000196456909 0.01940000057220459
vn 0.028200000524520874 0.9991000294685364 0.03150000050663948
vn 0.028200000524520874 0.9995999932289124 -0.008500000461935997
vn 0.028200000524520874 0.9995999932289124 0.007300000172108412
vn 0.02850000001490116 0.9995999932289124 -0.00800000037997961
vn 0.028999999165534973 0.9995999932289124 -0.0015999999595806003
vn 0.029200000688433647 0.9980000257492065 -0.05550000071525574
vn 0.02930000051856041 0.9955000281333923 -0.08969999849796295
vn 0.029600000008940697 0.9968000054359436 0.07440000027418137
vn 0.029899999499320984 0.9983000159263611 0.049400001764297485
vn 0.029999999329447746 0.9839000105857849 -0.17630000412464142
vn 0.03009999915957451 0.998199999332428 0.051600001752376556
vn 0.030400000512599945 0.9993000030517578 -0.021299999207258224
vn 0.03060000017285347 0.9994999766349792 0.010200000368058681
vn 0.03099999949336052 0.6736999750137329 -0.7383000254631042
vn 0.03099999949336052 0.9977999925613403 0.057999998331069946
vn 0.031099999323487282 0.9957000017166138 -0.08699999749660492
vn 0.031700000166893005 0.9832000136375427 -0.17980000376701355
vn 0.03180000185966492 0.9991000294685364 -0.027300000190734863
vn 0.03180000185966492 0.9994000196456909 0.015699999406933784
vn 0.03180000185966492 0.9994999766349792 -0.004800000227987766
vn 0.03229999914765358 0.9994999766349792 0.0032999999821186066
vn 0.03280000016093254 0.9994000196456909 0.011800000444054604
vn 0.033399999141693115 0.9993000030517578 0.015599999576807022
vn 0.03420000150799751 -0.9987999796867371 -0.03370000049471855
vn 0.034299999475479126 0.9621999859809875 -0.2702000141143799
vn 0.03480000048875809 0.9991999864578247 0.0215000007301569
vn 0.03689999878406525 -0.9991000294685364 0.0210999995470047
vn 0.03709999844431877 0.9993000030517578 -0.005799999926239252
vn 0.037300001829862595 0.9987999796867371 -0.03220000118017197
vn 0.03869999945163727 0.9991999864578247 0.0066999997943639755
vn 0.03909999877214432 0.9991000294685364 -0.01720000058412552
vn 0.039400000125169754 0.9987999796867371 -0.027499999850988388
vn 0.039500001817941666 0.9984999895095825 -0.037700001150369644
vn 0.039799999445676804 0.9991999864578247 0.0008999999845400453
vn 0.03999999910593033 0.9979000091552734 0.05169999971985817
vn 0.04050000011920929 0.9979000091552734 0.050200000405311584
vn 0.0406000018119812 0.9983000159263611 -0.04190000146627426
vn 0.04149999842047691 0.9779000282287598 0.20509999990463257
vn 0.04149999842047691 0.9976000189781189 0.05480000004172325
vn 0.042100001126527786 0.9973999857902527 0.05849999934434891
vn 0.042500000447034836 0.9941999912261963 0.09849999845027924
vn 0.04270000010728836 0.9984999895095825 0.03420000150799751
vn 0.0430000014603138 0.9991000294685364 0.001500000013038516
vn 0.043299999088048935 0.980400025844574 -0.19210000336170197
vn 0.04349999874830246 0.9983999729156494 -0.03530000150203705
vn 0.043800000101327896 0.9990000128746033 0.007400000002235174
vn 0.04479999840259552 0.9986000061035156 0.027699999511241913
vn 0.04529999941587448 0.9983000159263611 -0.037300001829862595
vn 0.04610000178217888 0.9923999905586243 0.11389999836683273
vn 0.04690000042319298 0.9962000250816345 -0.07339999824762344
vn 0.04690000042319298 0.9987999796867371 -0.011099999770522118
vn 0.04749999940395355 -0.9987000226974487 -0.017899999395012856
vn 0.04809999838471413 -0.9983999729156494 0.031099999323487282
vn 0.04809999838471413 0.9983000159263611 -0.03200000151991844
vn 0.04809999838471413 0.9987999796867371 0.007199999876320362
vn 0.04910000041127205 0.996999979019165 0.06030000001192093
vn 0.049400001764297485 0.9987999796867371 -0.00419999985024333
vn 0.049800001084804535 0.9987000226974487 -0.013100000098347664
vn 0.05000000074505806 0.9987000226974487 0.000699999975040555
vn 0.05040000006556511 0.9939000010490417 -0.09769999980926514
vn 0.050999999046325684 0.9970999956130981 0.056699998676776886
vn 0.050999999046325684 0.9973000288009644 -0.053700000047683716
vn 0.050999999046325684 0.9979000091552734 -0.039500001817941666
vn 0.052000001072883606 0.998199999332428 -0.028599999845027924
vn 0.05220000073313713 0.9980999827384949 0.03310000151395798
vn 0.05400000140070915 0.9984999895095825 -0.0008999999845400453
vn 0.054999999701976776 0.9943000078201294 0.09120000153779984
vn 0.0551999993622303 0.9973999857902527 0.04600000008940697
vn 0.05570000037550926 0.998199999332428 -0.022600000724196434
vn 0.05660000070929527 0.9871000051498413 -0.14959999918937683
vn 0.05700000002980232 0.9976000189781189 -0.039799999445676804
vn 0.057100001722574234 0.9979000091552734 -0.03060000017285347
vn 0.05820000171661377 0.9962999820709229 -0.06340000033378601
vn 0.05979999899864197 0.998199999332428 0.0015999999595806003
vn 0.05999999865889549 0.9968000054359436 -0.05339999869465828
vn 0.06040000170469284 0.9980999827384949 -0.010599999688565731
vn 0.060499999672174454 -0.9977999925613403 -0.02759999968111515
vn 0.0608999989926815 0.9979000091552734 -0.02410000003874302
vn 0.061400000005960464 0.9980999827384949 0.0052999998442828655
vn 0.061900001019239426 0.9975000023841858 0.033799998462200165
vn 0.06369999796152115 0.9781000018119812 0.1981000006198883
vn 0.06440000236034393 0.9977999925613403 -0.013700000010430813
vn 0.06520000100135803 0.9765999913215637 0.20499999821186066
vn 0.06520000100135803 0.9972000122070312 0.035599999129772186
vn 0.06610000133514404 -0.9977999925613403 0.0008999999845400453
vn 0.06679999828338623 0.9976999759674072 0.009600000455975533
vn 0.06809999793767929 0.9969000220298767 0.03819999843835831
vn 0.07020000368356705 -0.9975000023841858 -0.0015999999595806003
vn 0.07020000368356705 0.9973000288009644 -0.019500000402331352
vn 0.07090000063180923 0.9958000183105469 0.0575999990105629
vn 0.07199999690055847 0.9962000250816345 0.04919999837875366
vn 0.0722000002861023 0.9973999857902527 0.00800000037997961
vn 0.07249999791383743 0.9972000122070312 0.020500000566244125
vn 0.07289999723434448 0.9972000122070312 0.01679999940097332
vn 0.0738999992609024 0.9973000288009644 0.0007999999797903001
vn 0.07440000027418137 -0.9972000122070312 -0.008299999870359898
vn 0.07460000365972519 0.9847000241279602 0.15719999372959137
vn 0.07519999891519547 0.9930999875068665 -0.09030000120401382
vn 0.07540000230073929 0.9972000122070312 0.00019999999494757503
vn 0.07649999856948853 0.996999979019165 0.006099999882280827
vn 0.07769999653100967 0.9926999807357788 -0.0925000011920929
vn 0.07859999686479568 0.9957000017166138 0.04910000041127205
vn 0.0794999971985817 0.9966999888420105 -0.016100000590085983
vn 0.08049999922513962 0.9911999702453613 -0.10530000180006027
vn 0.08070000261068344 0.9362000226974487 0.34209999442100525
vn 0.08420000225305557 0.9962999820709229 0.01600000075995922
vn 0.08429999649524689 0.9962999820709229 -0.016100000590085983
vn 0.08500000089406967 0.9958999752998352 -0.031700000166893005
vn 0.08510000258684158 0.996399998664856 -0.0006000000284984708
vn 0.08569999784231186 0.9945999979972839 -0.05790000036358833
vn 0.08579999953508377 0.991599977016449 -0.09650000184774399
vn 0.08630000054836273 0.9940999746322632 -0.06620000302791595
vn 0.08649999648332596 0.9957000017166138 -0.03220000118017197
vn 0.08959999680519104 0.993399977684021 0.07090000063180923
vn 0.09030000120401382 0.9958999752998352 -0.010200000368058681
vn 0.09080000221729279 0.9947999715805054 0.04650000110268593
vn 0.09120000153779984 0.9940999746322632 0.05860000103712082
vn 0.09189999848604202 0.9958000183105469 0.002099999925121665
vn 0.09669999778270721 0.9908999800682068 -0.09399999678134918
vn 0.09839999675750732 0.9890999794006348 0.10989999771118164
vn 0.09960000216960907 0.9890999794006348 -0.10849999636411667
vn 0.10019999742507935 0.992900013923645 -0.06390000134706497
vn 0.10080000013113022 0.9948999881744385 0.006300000008195639
vn 0.10180000215768814 0.963699996471405 -0.24690000712871552
vn 0.10249999910593033 0.8113999962806702 0.5753999948501587
vn 0.10400000214576721 0.9911999702453613 0.08219999819993973
vn 0.10589999705553055 0.992900013923645 0.05480000004172325
vn 0.10639999806880951 0.9696999788284302 0.2199999988079071
vn 0.10670000314712524 0.9943000078201294 -0.0071000000461936
vn 0.10859999805688858 0.9832000136375427 -0.1467999964952469
vn 0.1145000010728836 0.9902999997138977 0.07810000330209732
vn 0.11569999903440475 0.9740999937057495 0.19419999420642853
vn 0.1177000030875206 0.9424999952316284 -0.31290000677108765
vn 0.11869999766349792 0.992900013923645 -0.011599999852478504
vn 0.11980000138282776 0.9926999807357788 -0.015799999237060547
vn 0.12049999833106995 0.9926999807357788 0.0032999999821186066
vn 0.12110000103712082 0.986299991607666 0.11219999939203262
vn 0.12549999356269836 0.9379000067710876 -0.32350000739097595
vn 0.12610000371932983 0.9919999837875366 -0.0034000000450760126
vn 0.12759999930858612 0.9836000204086304 -0.12729999423027039
vn 0.1290999948978424 0.991599977016449 -0.009499999694526196
vn 0.13040000200271606 0.991100013256073 -0.024900000542402267
vn 0.1316000074148178 0.9912999868392944 -0.00039999998989515007
vn 0.13199999928474426 0.571399986743927 -0.8100000023841858
vn 0.13259999454021454 0.991100013256073 0.011900000274181366
vn 0.13279999792575836 0.9865000247955322 0.09589999914169312
vn 0.1348000019788742 0.9847999811172485 0.10920000076293945
vn 0.1386999934911728 0.9898999929428101 -0.030899999663233757
vn 0.1395999938249588 0.9900000095367432 -0.020400000736117363
vn 0.14229999482631683 0.989799976348877 -0.009100000374019146
vn 0.14390000700950623 0.9891999959945679 -0.027499999850988388
vn 0.14399999380111694 0.9699000120162964 0.19619999825954437
vn 0.14419999718666077 0.9254000186920166 -0.35040000081062317
vn 0.148499995470047 0.9889000058174133 0.005499999970197678
vn 0.14970000088214874 0.9886999726295471 0.0027000000700354576
vn 0.15060000121593475 0.9384999871253967 0.3107999861240387
vn 0.15209999680519104 0.9878000020980835 -0.0340999998152256
vn 0.15719999372959137 0.9865000247955322 0.04569999873638153
vn 0.15729999542236328 0.9873999953269958 -0.014499999582767487
vn 0.15950000286102295 0.9513999819755554 0.26339998841285706
vn 0.16120000183582306 0.9304999709129333 0.328900009393692
vn 0.16619999706745148 0.9861000180244446 -0.005100000184029341
vn 0.17299999296665192 0.9381999969482422 0.29989999532699585
vn 0.179299995303154 0.9032999873161316 -0.3896999955177307
vn 0.18000000715255737 0.9836000204086304 0.013000000268220901
vn 0.18080000579357147 0.964900016784668 0.19059999287128448
vn 0.18490000069141388 0.888700008392334 0.4196000099182129
vn 0.1889999955892563 0.9818999767303467 -0.011699999682605267
vn 0.1898999959230423 0.9534000158309937 -0.23430000245571136
vn 0.19020000100135803 0.9815999865531921 -0.015599999576807022
vn 0.19040000438690186 0.9814000129699707 0.022199999541044235
vn 0.19130000472068787 0.9771999716758728 0.09220000356435776
vn 0.19509999454021454 0.9805999994277954 0.019300000742077827
vn 0.19589999318122864 0.9805999994277954 -0.004600000102072954
vn 0.1972000002861023 0.9796000123023987 -0.037700001150369644
vn 0.1988999992609024 0.9800000190734863 0.00279999990016222
vn 0.19979999959468842 0.9638000130653381 -0.17649999260902405
vn 0.20430000126361847 0.9740999937057495 0.09690000116825104
vn 0.2046000063419342 0.9556000232696533 0.211899995803833
vn 0.20479999482631683 0.9787999987602234 -0.003000000026077032
vn 0.210999995470047 0.9775000214576721 0.006399999838322401
vn 0.21209999918937683 0.9283999800682068 0.3050000071525574
vn 0.21220000088214874 0.9771999716758728 0.002899999963119626
vn 0.21289999783039093 0.9771000146865845 -0.000699999975040555
vn 0.21330000460147858 0.9757999777793884 -0.04839999973773956
vn 0.2167000025510788 0.9194999933242798 0.3278999924659729
vn 0.22220000624656677 0.9750000238418579 0.002300000051036477
vn 0.22290000319480896 0.9747999906539917 0.006899999920278788
vn 0.22939999401569366 0.9706000089645386 -0.07339999824762344
vn 0.22990000247955322 0.5927000045776367 -0.7718999981880188
vn 0.2304999977350235 0.9629999995231628 0.13940000534057617
vn 0.23170000314712524 0.9284999966621399 -0.29010000824928284
vn 0.23199999332427979 0.9445000290870667 0.23240000009536743
vn 0.23389999568462372 0.9230999946594238 0.3052999973297119
vn 0.2434999942779541 0.8859000205993652 0.39469999074935913
vn 0.2451000064611435 0.9325000047683716 -0.2653999924659729
vn 0.24740000069141388 0.9663000106811523 -0.07159999758005142
vn 0.24799999594688416 0.8133000135421753 0.5263000130653381
vn 0.24950000643730164 0.9373000264167786 -0.24320000410079956
vn 0.2508000135421753 0.8090999722480774 0.531499981880188
vn 0.25279998779296875 0.9674000144004822 0.013000000268220901
vn 0.25380000472068787 0.9667999744415283 -0.03020000085234642
vn 0.2538999915122986 0.883400022983551 -0.3937999904155731
vn 0.2572000026702881 0.9151999950408936 0.3102000057697296
vn 0.26170000433921814 0.9520000219345093 0.15860000252723694
vn 0.2624000012874603 0.8288000226020813 -0.49410000443458557
vn 0.2653000056743622 0.9639999866485596 -0.017799999564886093
vn 0.2793000042438507 0.9599999785423279 0.019300000742077827
vn 0.2802000045776367 0.9598000049591064 -0.01510000042617321
vn 0.28290000557899475 0.9591000080108643 0.0017000000225380063
vn 0.2867000102996826 0.9193999767303467 0.26919999718666077
vn 0.28839999437332153 0.9531999826431274 0.09040000289678574
vn 0.29429998993873596 0.892799973487854 0.3409999907016754
vn 0.29429998993873596 0.953000009059906 0.0714000016450882
vn 0.29510000348091125 0.9424999952316284 -0.1565999984741211
vn 0.2953000068664551 0.8496000170707703 0.43689998984336853
vn 0.29739999771118164 0.9546999931335449 -0.008899999782443047
vn 0.29820001125335693 0.9534000158309937 -0.04500000178813934
vn 0.2996000051498413 0.8845999836921692 0.35740000009536743
vn 0.30160000920295715 0.9534000158309937 -0.007600000128149986
vn 0.30309998989105225 0.7847999930381775 0.5406000018119812
vn 0.303600013256073 0.8259000182151794 -0.4749999940395355
vn 0.30399999022483826 0.902400016784668 -0.3052999973297119
vn 0.304500013589859 0.9524999856948853 0.0017999999690800905
vn 0.3093999922275543 0.9437999725341797 -0.11620000004768372
vn 0.31040000915527344 0.9401999711990356 0.14030000567436218
vn 0.3118000030517578 -0.878600001335144 0.3617999851703644
vn 0.31690001487731934 0.8844000101089478 -0.3425999879837036
vn 0.3197999894618988 0.9259999990463257 0.20069999992847443
vn 0.3206999897956848 0.8273000121116638 -0.4611999988555908
vn 0.323199987411499 0.9463000297546387 9.999999747378752e-05
vn 0.32820001244544983 0.8774999976158142 0.3495999872684479
vn 0.32839998602867126 0.8783000111579895 -0.3474999964237213
vn 0.33649998903274536 0.8930000066757202 -0.298799991607666
vn 0.33649998903274536 0.9014999866485596 -0.27219998836517334
vn 0.3370000123977661 0.8037999868392944 -0.4902999997138977
vn 0.3422999978065491 0.906499981880188 0.24729999899864197
vn 0.3492000102996826 0.888700008392334 -0.2971999943256378
vn 0.351500004529953 0.8733000159263611 0.33730000257492065
vn 0.3589000105857849 0.9327999949455261 0.03290000185370445
vn 0.36419999599456787 0.890500009059906 -0.2728999853134155
vn 0.36629998683929443 0.801800012588501 0.4722000062465668
vn 0.3698999881744385 0.8766000270843506 0.3077999949455261
vn 0.3707999885082245 0.8766999840736389 -0.30630001425743103
vn 0.3749000132083893 0.9248999953269958 -0.06300000101327896
vn 0.3831999897956848 0.8648999929428101 -0.3240000009536743
vn 0.38350000977516174 0.9235000014305115 -0.00019999999494757503
vn 0.3849000036716461 0.8986999988555908 0.21040000021457672
vn 0.3853999972343445 0.8909000158309937 -0.2402999997138977
vn 0.3871000111103058 0.8396000266075134 0.38119998574256897
vn 0.4140999913215637 0.7915999889373779 -0.44940000772476196
vn 0.41780000925064087 0.9083999991416931 0.01360000018030405
vn 0.42289999127388 0.8615000247955322 -0.2809000015258789
vn 0.428600013256073 0.8266000151634216 0.3646000027656555
vn 0.43070000410079956 0.8996000289916992 -0.07169999927282333
vn 0.4327000081539154 0.9014999866485596 -0.0038999998942017555
vn 0.4343999922275543 0.8737999796867371 -0.21879999339580536
vn 0.439300000667572 0.867900013923645 -0.23190000653266907
vn 0.44369998574256897 0.8791999816894531 -0.1737000048160553
vn 0.451200008392334 -0.8501999974250793 -0.27140000462532043
vn 0.45210000872612 -0.8920000195503235 -0.0013000000035390258
vn 0.45260000228881836 0.891700029373169 0.00039999998989515007
vn 0.45590001344680786 0.8371000289916992 0.30230000615119934
vn 0.459199994802475 0.8762999773025513 0.14569999277591705
vn 0.460999995470047 0.8873999714851379 0.006000000052154064
vn 0.4634999930858612 0.8791999816894531 -0.11010000109672546
vn 0.4758000075817108 0.8489000201225281 0.23019999265670776
vn 0.4771000146865845 -0.8787999749183655 -0.0010000000474974513
vn 0.48010000586509705 0.7749000191688538 0.41119998693466187
vn 0.48170000314712524 0.8715999722480774 0.09070000052452087
vn 0.48809999227523804 0.8395000100135803 0.2387000024318695
vn 0.49079999327659607 -0.8712999820709229 0.0012000000569969416
vn 0.4927000105381012 0.828000009059906 0.2676999866962433
vn 0.492900013923645 0.8226000070571899 0.28360000252723694
vn 0.49410000443458557 -0.412200003862381 -0.765500009059906
vn 0.5013999938964844 0.8651999831199646 0.005200000014156103
vn 0.5015000104904175 0.854200005531311 -0.1371999979019165
vn 0.5156999826431274 0.8324000239372253 -0.2029000073671341
vn 0.5203999876976013 0.7824000120162964 -0.34209999442100525
vn 0.5206999778747559 0.5910999774932861 0.6159999966621399
vn 0.5242999792098999 0.839900016784668 0.14020000398159027
vn 0.5266000032424927 0.7333999872207642 0.42989999055862427
vn 0.5281999707221985 0.8349999785423279 -0.1542000025510788
vn 0.5328999757766724 0.8461999893188477 -0.0003000000142492354
vn 0.5353000164031982 0.6270999908447266 0.5658000111579895
vn 0.5375000238418579 0.8070999979972839 -0.2443999946117401
vn 0.5386000275611877 0.7199000120162964 0.4377000033855438
vn 0.5388000011444092 -0.016100000590085983 -0.8422999978065491
vn 0.541700005531311 0.8406000137329102 -0.00039999998989515007
vn 0.5418000221252441 0.7770000100135803 -0.320499986410141
vn 0.5429999828338623 0.7893000245094299 0.2867000102996826
vn 0.5604000091552734 0.8281999826431274 -0.00039999998989515007
vn 0.5612000226974487 -0.7488999962806702 0.35249999165534973
vn 0.5687000155448914 -0.8224999904632568 0.000699999975040555
vn 0.5727999806404114 0.7577000260353088 -0.31279999017715454
vn 0.5910999774932861 0.7354000210762024 -0.3312999904155731
vn 0.5924000144004822 0.7922999858856201 -0.14589999616146088
vn 0.5974000096321106 0.5390999913215637 0.5936999917030334
vn 0.5985000133514404 -0.8011000156402588 -0.0020000000949949026
vn 0.6128000020980835 0.7576000094413757 -0.2249000072479248
vn 0.6215999722480774 0.6930000185966492 -0.365200012922287
vn 0.6313999891281128 0.32420000433921814 -0.7044000029563904
vn 0.6427000164985657 0.7631999850273132 -0.066600002348423
vn 0.6434000134468079 0.5248000025749207 0.5573999881744385
vn 0.6527000069618225 0.35440000891685486 -0.6696000099182129
vn 0.6617000102996826 -0.35510000586509705 0.6603999733924866
vn 0.7400000095367432 0.6697999835014343 -0.06109999865293503
vn 0.7436000108718872 0.6686000227928162 -0.006000000052154064
vn 0.795799970626831 0.6054999828338623 0.007600000128149986
vn 0.9093000292778015 0.41609999537467957 -0.0012000000569969416
vn 0.9466000199317932 0.32249999046325684 0.0019000000320374966
vn 0.9470000267028809 0.3212999999523163 0.00019999999494757503
vn 0.9527000188827515 0.30399999022483826 -0.0005000000237487257
vn 0.9557999968528748 0.2939999997615814 -0.0003000000142492354
vn 0.9581999778747559 -0.25 -0.13899999856948853
vn 0.9593999981880188 -0.28209999203681946 0.0015999999595806003
vn 0.9593999981880188 -0.28200000524520874 -0.0007999999797903001
vn 0.9606999754905701 0.2775000035762787 -0.000699999975040555
vn 0.9616000056266785 -0.274399995803833 0.00039999998989515007
vn 0.9643999934196472 -0.2644999921321869 -0.00039999998989515007
vn 0.9998999834060669 0.013700000010430813 0.0005000000237487257
vn 1.0 -0.0035000001080334187 -0.0012000000569969416
vn 1.0 0.005799999926239252 -9.999999747378752e-05
f 17/1784/6 24/1767/37 34/1766/74
f 13/1781/10 17/1784/6 34/1766/74
f 13/1781/10 34/1766/74 30/1774/49
f 14/1780/11 13/1781/10 30/1774/49
f 14/1780/11 30/1774/49 26/1777/52
f 15/1782/13 14/1780/11 26/1777/52
f 21/1779/16 15/1782/13 26/1777/52
f 21/1779/16 26/1777/52 29/1775/43
f 18/1783/8 21/1779/16 29/1775/43
f 16/1785/9 18/1783/8 29/1775/43
f 16/1785/9 29/1775/43 32/1771/73
f 22/1776/34 16/1785/9 32/1771/73
f 17/1784/6 13/1781/10 2/1791/3
f 14/1780/11 15/1782/13 4/1789/2
f 15/1782/13 21/1779/16 11/1788/5
f 21/1779/16 18/1783/8 11/1788/5
f 18/1783/8 16/1785/9 10/1790/1
f 24/1767/37 17/1784/6 9/1794/12
f 17/1784/6 2/1791/3 8/1795/20
f 13/1781/10 14/1780/11 7/1792/4
f 14/1780/11 4/1789/2 7/1792/4
f 11/1788/5 6/1798/14 15/1782/13
f 11/1788/5 18/1783/8 6/1798/14
f 15/1782/13 1/1796/15 4/1789/2
f 15/1782/13 6/1798/14 1/1796/15
f 10/1790/1 16/1785/9 5/1797/19
f 16/1785/9 22/1776/34 3/1800/25
f 18/1783/8 10/1790/1 6/1798/14
f 10/1790/1 5/1797/19 12/1799/21
f 16/1785/9 3/1800/25 5/1797/19
f 38/1905/144 3/1906/25 22/1888/34
f 23/1803/33 24/1767/37 9/1794/12
f 13/1781/10 7/1792/4 2/1791/3
f 17/1784/6 8/1795/20 9/1794/12
f 8/1795/20 2/1791/3 19/1801/18
f 2/1791/3 7/1792/4 19/1801/18
f 7/1792/4 20/1802/17 19/1801/18
f 7/1792/4 4/1789/2 20/1802/17
f 4/1789/2 1/1796/15 20/1802/17
f 10/1790/1 12/1799/21 6/1798/14
f 9/1794/12 36/1808/102 23/1803/33
f 9/1794/12 37/1811/94 36/1808/102
f 9/1794/12 8/1795/20 37/1811/94
f 8/1795/20 31/1806/81 37/1811/94
f 8/1795/20 19/1801/18 31/1806/81
f 19/1801/18 28/1804/56 31/1806/81
f 19/1801/18 20/1802/17 28/1804/56
f 20/1802/17 25/1807/64 28/1804/56
f 20/1802/17 1/1796/15 25/1807/64
f 1/1796/15 6/1798/14 25/1807/64
f 6/1798/14 27/1805/67 25/1807/64
f 6/1798/14 12/1799/21 27/1805/67
f 12/1799/21 35/1810/96 27/1805/67
f 12/1799/21 5/1797/19 35/1810/96
f 5/1797/19 3/1800/25 35/1810/96
f 3/1800/25 33/1809/103 35/1810/96
f 30/2008/49 34/1895/74 48/1942/296
f 30/2008/49 48/1942/296 45/2010/214
f 30/2008/49 45/2010/214 44/2021/229
f 42/2036/181 26/2026/52 44/2021/229
f 29/2043/43 26/2026/52 42/2036/181
f 29/2043/43 42/2036/181 47/2051/267
f 32/2058/73 29/2043/43 47/2051/267
f 44/2021/229 26/2026/52 30/2008/49
f 38/1905/144 22/1888/34 39/1893/177
f 40/1863/165 24/1852/37 23/1876/33
f 41/1875/184 40/1863/165 23/1876/33
f 31/1394/81 28/1187/56 43/1149/199
f 28/1187/56 25/806/64 43/1149/199
f 25/806/64 27/518/67 46/816/244
f 46/816/244 27/518/67 49/500/285
f 49/500/285 27/518/67 35/244/96
f 3/1906/25 38/1905/144 33/1913/103
f 25/806/64 46/816/244 43/1149/199
f 50/1818/605 34/1895/74 24/1765/37
f 35/244/96 33/6/103 55/120/1339
f 108/2016/1006 44/2021/229 45/2010/214
f 106/2033/991 42/2036/181 44/2021/229
f 103/2045/1000 47/2051/267 42/2036/181
f 96/2061/546 22/2068/34 32/2058/73
f 36/1755/102 37/1629/94 52/1727/1245
f 37/1629/94 61/1570/1408 52/1727/1245
f 37/1629/94 31/1394/81 57/1387/1387
f 31/1394/81 43/1149/199 57/1387/1387
f 60/695/1384 46/816/244 49/500/285
f 55/120/1339 33/6/103 51/28/1017
f 34/1895/74 50/1818/605 114/1898/989
f 114/1898/989 48/1942/296 34/1895/74
f 57/1387/1387 43/1149/199 53/1208/1352
f 49/500/285 35/244/96 59/298/1394
f 59/298/1394 35/244/96 55/120/1339
f 214/2009/877 45/2010/214 48/1942/296
f 32/2058/73 47/2051/267 161/2055/886
f 43/1149/199 46/816/244 58/1011/1328
f 46/816/244 60/695/1384 56/884/1401
f 106/2033/991 44/2021/229 108/2016/1006
f 200/1856/792 24/1852/37 40/1863/165
f 53/1208/1352 43/1149/199 58/1011/1328
f 60/695/1384 49/500/285 54/458/1313
f 108/2016/1006 45/2010/214 214/2009/877
f 200/1856/792 40/1863/165 198/1862/721
f 22/1888/34 225/1883/808 39/1893/177
f 70/1697/1422 52/1694/1245 80/1693/430
f 61/1570/1408 37/1629/94 57/1387/1387
f 54/458/1313 49/500/285 59/298/1394
f 58/1011/1328 46/816/244 56/884/1401
f 103/2045/1000 42/2036/181 106/2033/991
f 96/2061/546 32/2058/73 161/2055/886
f 200/1768/792 155/1786/937 24/1765/37
f 62/938/1180 56/884/1401 66/734/1234
f 80/1698/430 52/1727/1245 64/1661/1350
f 52/1727/1245 61/1570/1408 64/1661/1350
f 64/1661/1350 61/1570/1408 67/1507/1316
f 61/1570/1408 57/1387/1387 67/1507/1316
f 67/1507/1316 57/1387/1387 65/1375/1128
f 57/1387/1387 53/1208/1352 65/1375/1128
f 77/1164/388 53/1208/1352 69/1056/1334
f 69/1056/1334 53/1208/1352 58/1011/1328
f 58/1011/1328 56/884/1401 62/938/1180
f 56/884/1401 60/695/1384 66/734/1234
f 60/695/1384 54/458/1313 73/438/1263
f 73/438/1263 54/458/1313 68/310/880
f 54/458/1313 59/298/1394 68/310/880
f 68/310/880 59/298/1394 71/256/1357
f 59/298/1394 55/120/1339 71/256/1357
f 71/256/1357 55/120/1339 74/100/495
f 51/28/1017 72/45/1296 74/100/495
f 51/28/1017 74/100/495 55/120/1339
f 22/2068/34 96/2061/546 225/2067/808
f 53/1360/1352 63/1367/1349 84/1361/191
f 58/1011/1328 62/938/1180 76/973/196
f 82/818/123 62/938/1180 66/734/1234
f 66/734/1234 60/695/1384 75/573/1110
f 60/695/1384 73/438/1263 75/573/1110
f 64/1661/1350 67/1507/1316 87/1542/221
f 87/1542/221 67/1507/1316 78/1421/132
f 67/1507/1316 65/1375/1128 78/1421/132
f 78/1421/132 65/1375/1128 84/1298/191
f 53/1208/1352 84/1298/191 65/1375/1128
f 63/1226/1349 77/1164/388 84/1298/191
f 53/1208/1352 77/1164/388 63/1226/1349
f 83/1028/154 69/1056/1334 76/973/196
f 58/1011/1328 76/973/196 69/1056/1334
f 76/973/196 62/938/1180 82/818/123
f 82/818/123 66/734/1234 79/733/117
f 66/734/1234 75/573/1110 79/733/117
f 73/438/1263 68/310/880 81/343/130
f 68/310/880 71/256/1357 81/343/130
f 85/206/207 71/256/1357 86/124/183
f 86/124/183 71/256/1357 74/100/495
f 80/1698/430 64/1661/1350 88/1637/402
f 64/1661/1350 87/1542/221 88/1637/402
f 78/1421/132 84/1298/191 99/1378/1171
f 77/1164/388 69/1056/1334 89/1108/290
f 89/1108/290 69/1056/1334 83/1028/154
f 117/961/1175 76/973/196 82/818/123
f 86/124/183 74/100/495 72/45/1296
f 155/1786/937 50/1818/605 24/1765/37
f 161/2055/886 47/2051/267 103/2045/1000
f 84/1298/191 77/1164/388 90/1257/1085
f 83/1028/154 76/973/196 102/974/798
f 93/650/1002 75/573/1110 94/567/574
f 94/567/574 75/573/1110 73/438/1263
f 97/441/367 73/438/1263 111/377/812
f 111/377/812 73/438/1263 81/343/130
f 81/343/130 71/256/1357 104/308/910
f 71/256/1357 85/206/207 95/233/729
f 87/1542/221 78/1421/132 100/1454/1198
f 100/1454/1198 78/1421/132 99/1378/1171
f 90/1257/1085 77/1164/388 89/1108/290
f 89/1108/290 83/1028/154 115/1031/982
f 102/974/798 76/973/196 117/961/1175
f 98/787/720 82/818/123 79/733/117
f 79/733/117 75/573/1110 93/650/1002
f 94/567/574 73/438/1263 97/441/367
f 104/308/910 71/256/1357 95/233/729
f 95/233/729 85/206/207 91/169/1174
f 85/206/207 86/124/183 91/169/1174
f 91/169/1174 86/124/183 105/122/999
f 86/124/183 72/45/1296 105/122/999
f 38/1905/144 136/1899/763 33/1913/103
f 136/1899/763 320/1912/731 33/1913/103
f 185/1853/920 50/1818/605 155/1786/937
f 214/2009/877 48/1942/296 114/1898/989
f 70/1716/1422 80/1698/430 118/1701/643
f 88/1637/402 87/1542/221 92/1548/1284
f 92/1548/1284 87/1542/221 100/1454/1198
f 107/1303/863 99/1378/1171 84/1298/191
f 109/683/499 79/733/117 93/650/1002
f 188/40/637 72/45/1296 51/28/1017
f 114/1898/989 50/1818/605 185/1853/920
f 113/1644/1059 80/1698/430 88/1637/402
f 101/1583/371 88/1637/402 92/1548/1284
f 160/1868/772 40/1863/165 41/1875/184
f 70/1716/1422 118/1701/643 233/1718/748
f 84/1298/191 90/1257/1085 107/1303/863
f 90/1257/1085 89/1108/290 110/1101/510
f 110/1101/510 89/1108/290 115/1031/982
f 81/343/130 104/308/910 121/336/1009
f 52/1727/1245 70/1716/1422 233/1718/748
f 122/1594/385 88/1637/402 101/1583/371
f 100/1454/1198 99/1378/1171 123/1404/1025
f 99/1378/1171 107/1303/863 125/1325/525
f 120/1130/548 90/1257/1085 110/1101/510
f 83/1028/154 102/974/798 115/1031/982
f 115/1031/982 102/974/798 128/1006/873
f 98/787/720 79/733/117 126/765/673
f 111/377/812 81/343/130 121/336/1009
f 95/233/729 91/169/1174 112/190/437
f 112/190/437 91/169/1174 105/122/999
f 117/961/1175 82/818/123 98/787/720
f 39/1893/177 261/1889/809 38/1905/144
f 101/1583/371 92/1548/1284 119/1546/1168
f 92/1548/1284 100/1454/1198 116/1500/1045
f 107/1303/863 90/1257/1085 120/1130/548
f 126/765/673 79/733/117 129/691/336
f 105/122/999 72/45/1296 142/54/938
f 51/28/1017 33/6/103 320/5/731
f 116/1500/1045 100/1454/1198 124/1443/988
f 79/733/117 109/683/499 129/691/336
f 130/554/628 93/650/1002 94/567/574
f 147/269/742 104/308/910 95/233/729
f 225/1883/808 261/1889/809 39/1893/177
f 113/1644/1059 88/1637/402 122/1594/385
f 119/1546/1168 92/1548/1284 116/1500/1045
f 123/1404/1025 99/1378/1171 133/1349/717
f 133/1349/717 99/1378/1171 125/1325/525
f 130/554/628 94/567/574 97/441/367
f 135/436/704 97/441/367 111/377/812
f 127/804/1362 117/961/1175 98/787/720
f 80/1698/430 113/1644/1059 132/1665/878
f 142/54/938 72/45/1296 188/40/637
f 122/1594/385 101/1583/371 139/1540/923
f 139/1540/923 101/1583/371 119/1546/1168
f 100/1454/1198 123/1404/1025 124/1443/988
f 107/1303/863 120/1130/548 146/1143/620
f 128/1006/873 102/974/798 117/961/1175
f 137/660/884 109/683/499 93/650/1002
f 95/233/729 112/190/437 149/225/617
f 149/225/617 112/190/437 144/189/906
f 144/189/906 112/190/437 145/123/1043
f 128/1006/873 110/1101/510 115/1031/982
f 41/1875/184 23/1876/33 237/1880/794
f 237/1759/794 23/1762/33 36/1755/102
f 128/1006/873 117/961/1175 138/958/502
f 127/804/1362 98/787/720 126/765/673
f 129/691/336 109/683/499 137/660/884
f 130/554/628 97/441/367 135/436/704
f 143/416/876 135/436/704 111/377/812
f 147/269/742 95/233/729 149/225/617
f 145/123/1043 112/190/437 105/122/999
f 93/650/1002 130/554/628 137/660/884
f 198/1862/721 40/1863/165 160/1868/772
f 223/1980/479 233/1972/748 118/1979/643
f 118/1701/643 80/1698/430 132/1665/878
f 148/1473/925 119/1546/1168 116/1500/1045
f 148/1473/925 116/1500/1045 124/1443/988
f 120/1130/548 110/1101/510 150/1079/1162
f 117/961/1175 127/804/1362 134/933/188
f 127/804/1362 126/765/673 141/776/507
f 152/384/1014 111/377/812 121/336/1009
f 121/336/1009 104/308/910 147/269/742
f 145/123/1043 105/122/999 142/54/938
f 117/961/1175 134/933/188 138/958/502
f 132/1665/878 113/1644/1059 151/1608/1248
f 122/1594/385 139/1540/923 167/1545/987
f 134/933/188 127/804/1362 131/812/1336
f 127/804/1362 141/776/507 131/812/1336
f 110/1101/510 128/1006/873 179/1014/1011
f 113/1644/1059 122/1594/385 151/1608/1248
f 148/1473/925 124/1443/988 153/1403/562
f 153/1403/562 124/1443/988 123/1404/1025
f 123/1404/1025 133/1349/717 163/1338/993
f 150/1079/1162 110/1101/510 179/1014/1011
f 138/958/502 134/933/188 140/937/158
f 134/933/188 131/812/1336 140/937/158
f 140/937/158 131/812/1336 141/776/507
f 126/765/673 129/691/336 159/721/467
f 143/416/876 111/377/812 152/384/1014
f 154/1628/1231 132/1665/878 151/1608/1248
f 151/1608/1248 122/1594/385 167/1545/987
f 139/1540/923 119/1546/1168 148/1473/925
f 153/1403/562 123/1404/1025 163/1338/993
f 133/1349/717 125/1325/525 163/1338/993
f 107/1303/863 146/1143/620 164/1284/1320
f 150/1079/1162 156/1100/553 120/1130/548
f 138/958/502 140/937/158 175/979/484
f 169/581/1133 137/660/884 130/554/628
f 36/1755/102 52/1727/1245 287/1734/622
f 235/2050/961 103/2045/1000 106/2033/991
f 118/1701/643 132/1665/878 193/1676/476
f 107/1303/863 164/1284/1320 125/1325/525
f 146/1143/620 120/1130/548 156/1100/553
f 128/1006/873 138/958/502 175/979/484
f 141/776/507 126/765/673 172/753/552
f 172/753/552 126/765/673 159/721/467
f 129/691/336 137/660/884 159/721/467
f 159/721/467 137/660/884 158/672/1189
f 152/384/1014 121/336/1009 181/337/738
f 158/672/1189 137/660/884 170/643/1150
f 38/1905/144 261/1889/809 136/1899/763
f 157/1145/1292 146/1143/620 156/1100/553
f 168/451/1173 135/436/704 143/416/876
f 164/1284/1320 146/1143/620 165/1203/1306
f 165/1203/1306 146/1143/620 157/1145/1292
f 169/581/1133 130/554/628 135/436/704
f 168/451/1173 143/416/876 189/404/975
f 189/404/975 143/416/876 152/384/1014
f 144/189/906 145/123/1043 162/138/953
f 162/138/953 145/123/1043 176/84/660
f 145/123/1043 142/54/938 176/84/660
f 237/1759/794 36/1755/102 287/1734/622
f 106/2033/991 108/2016/1006 333/2019/400
f 132/1665/878 154/1628/1231 193/1676/476
f 167/1545/987 139/1540/923 190/1465/815
f 190/1465/815 139/1540/923 148/1473/925
f 148/1473/925 153/1403/562 190/1465/815
f 190/1465/815 153/1403/562 187/1370/618
f 153/1403/562 163/1338/993 187/1370/618
f 163/1338/993 125/1325/525 164/1284/1320
f 174/1115/1024 157/1145/1292 156/1100/553
f 170/643/1150 137/660/884 169/581/1133
f 169/581/1133 135/436/704 173/479/1065
f 168/451/1173 173/479/1065 135/436/704
f 181/337/738 121/336/1009 147/269/742
f 197/231/686 147/269/742 149/225/617
f 149/225/617 144/189/906 178/191/832
f 310/2037/524 235/2050/961 106/2033/991
f 151/1608/1248 167/1545/987 184/1560/1020
f 154/1628/1231 151/1608/1248 184/1560/1020
f 166/1167/458 165/1203/1306 157/1145/1292
f 166/1167/458 157/1145/1292 174/1115/1024
f 156/1100/553 150/1079/1162 183/1044/951
f 150/1079/1162 179/1014/1011 183/1044/951
f 179/1014/1011 128/1006/873 175/979/484
f 192/750/1331 141/776/507 172/753/552
f 159/721/467 158/672/1189 186/689/1224
f 181/337/738 180/362/842 152/384/1014
f 162/138/953 178/191/832 144/189/906
f 225/2067/808 96/2061/546 161/2055/886
f 182/1196/1207 165/1203/1306 166/1167/458
f 182/1196/1207 171/1229/1319 165/1203/1306
f 220/1393/632 190/1465/815 187/1370/618
f 163/1338/993 164/1284/1320 177/1285/1261
f 177/1285/1261 164/1284/1320 171/1229/1319
f 164/1284/1320 165/1203/1306 171/1229/1319
f 175/979/484 140/937/158 195/875/303
f 195/875/303 140/937/158 192/750/1331
f 140/937/158 141/776/507 192/750/1331
f 186/689/1224 158/672/1189 170/643/1150
f 189/404/975 152/384/1014 180/362/842
f 197/231/686 149/225/617 178/191/832
f 178/191/832 162/138/953 191/153/419
f 255/53/588 142/54/938 188/40/637
f 187/1370/618 163/1338/993 194/1290/313
f 163/1338/993 177/1285/1261 194/1290/313
f 177/1285/1261 171/1229/1319 182/1196/1207
f 182/1196/1207 166/1167/458 174/1115/1024
f 174/1115/1024 156/1100/553 183/1044/951
f 191/153/419 162/138/953 176/84/660
f 235/2050/961 161/2055/886 103/2045/1000
f 218/1638/573 193/1676/476 201/1589/409
f 193/1676/476 154/1628/1231 201/1589/409
f 204/1161/238 182/1196/1207 174/1115/1024
f 205/1045/189 174/1115/1024 183/1044/951
f 179/1014/1011 175/979/484 205/1045/189
f 192/750/1331 172/753/552 159/721/467
f 147/269/742 197/231/686 217/289/811
f 310/2037/524 106/2033/991 333/2019/400
f 204/1161/238 174/1115/1024 205/1045/189
f 175/979/484 195/875/303 196/924/240
f 192/750/1331 159/721/467 186/689/1224
f 186/689/1224 170/643/1150 203/661/159
f 170/643/1150 169/581/1133 203/661/159
f 169/581/1133 173/479/1065 202/591/259
f 168/451/1173 189/404/975 226/410/864
f 176/84/660 142/54/938 255/53/588
f 345/1952/823 114/1898/989 185/1853/920
f 298/1874/817 160/1868/772 41/1875/184
f 298/1874/817 41/1875/184 237/1880/794
f 184/1560/1020 201/1589/409 154/1628/1231
f 221/1509/903 184/1560/1020 167/1545/987
f 194/1290/313 177/1285/1261 208/1232/209
f 177/1285/1261 182/1196/1207 208/1232/209
f 208/1232/209 182/1196/1207 204/1161/238
f 205/1045/189 175/979/484 211/959/355
f 211/959/355 175/979/484 196/924/240
f 203/661/159 169/581/1133 202/591/259
f 181/337/738 147/269/742 217/289/811
f 191/153/419 176/84/660 219/113/463
f 223/1702/479 118/1701/643 193/1676/476
f 167/1545/987 190/1465/815 221/1509/903
f 190/1465/815 220/1393/632 227/1426/560
f 187/1370/618 194/1290/313 209/1339/730
f 183/1044/951 179/1014/1011 205/1045/189
f 195/875/303 192/750/1331 207/829/166
f 192/750/1331 186/689/1224 206/716/210
f 202/591/259 173/479/1065 199/472/465
f 173/479/1065 168/451/1173 199/472/465
f 199/472/465 168/451/1173 226/410/864
f 189/404/975 180/362/842 222/333/791
f 180/362/842 181/337/738 222/333/791
f 219/113/463 176/84/660 224/77/629
f 201/1589/409 184/1560/1020 221/1509/903
f 208/1232/209 204/1161/238 216/1224/237
f 212/899/190 196/924/240 195/875/303
f 207/829/166 192/750/1331 206/716/210
f 206/716/210 186/689/1224 203/661/159
f 202/591/259 199/472/465 210/535/1253
f 222/333/791 181/337/738 217/289/811
f 345/1952/823 214/2009/877 114/1898/989
f 220/1393/632 187/1370/618 209/1339/730
f 194/1290/313 208/1232/209 216/1224/237
f 204/1161/238 205/1045/189 215/1055/223
f 211/959/355 215/1055/223 205/1045/189
f 195/875/303 207/829/166 212/899/190
f 213/677/149 207/829/166 206/716/210
f 206/716/210 203/661/159 213/677/149
f 213/677/149 203/661/159 202/591/259
f 202/591/259 210/535/1253 213/677/149
f 210/535/1253 199/472/465 229/489/567
f 178/191/832 191/153/419 197/231/686
f 204/1161/238 215/1055/223 216/1224/237
f 207/829/166 213/677/149 212/899/190
f 306/32/780 51/28/1017 320/5/731
f 233/1718/748 287/1734/622 52/1727/1245
f 209/1339/730 194/1290/313 216/1224/237
f 212/899/190 211/959/355 196/924/240
f 229/489/567 199/472/465 226/410/864
f 189/404/975 222/333/791 226/410/864
f 188/40/637 51/28/1017 306/32/780
f 212/899/190 213/677/149 230/858/234
f 216/1224/237 215/1055/223 232/1120/579
f 231/700/197 213/677/149 210/535/1253
f 244/257/949 217/289/811 197/231/686
f 197/231/686 191/153/419 228/185/596
f 176/84/660 255/53/588 224/77/629
f 193/1676/476 218/1638/573 256/1630/866
f 218/1638/573 201/1589/409 246/1576/492
f 241/1524/418 201/1589/409 221/1509/903
f 228/185/596 191/153/419 219/113/463
f 211/959/355 212/899/190 230/858/234
f 230/858/234 213/677/149 231/700/197
f 258/1659/1132 193/1676/476 256/1630/866
f 221/1509/903 190/1465/815 227/1426/560
f 239/1291/699 209/1339/730 216/1224/237
f 216/1224/237 232/1120/579 247/1201/980
f 231/700/197 210/535/1253 236/610/859
f 236/610/859 210/535/1253 229/489/567
f 201/1589/409 241/1524/418 246/1576/492
f 220/1393/632 209/1339/730 238/1350/614
f 242/357/700 226/410/864 222/333/791
f 219/113/463 224/77/629 257/80/829
f 215/1055/223 234/1022/91 232/1120/579
f 215/1055/223 211/959/355 234/1022/91
f 234/1022/91 211/959/355 230/858/234
f 376/1833/887 185/1853/920 155/1786/937
f 353/2048/688 235/2050/961 310/2037/524
f 415/1864/725 198/1862/721 160/1868/772
f 298/1874/817 415/1864/725 160/1868/772
f 241/1524/418 221/1509/903 227/1426/560
f 240/742/72 230/858/234 231/700/197
f 242/357/700 222/333/791 254/316/531
f 244/257/949 197/231/686 228/185/596
f 136/1899/763 347/1904/736 320/1912/731
f 237/1759/794 287/1734/622 392/1742/698
f 346/1978/638 233/1972/748 223/1980/479
f 238/1350/614 209/1339/730 239/1291/699
f 257/80/829 224/77/629 255/53/588
f 223/1702/479 193/1676/476 258/1659/1132
f 289/1352/914 220/1393/632 238/1350/614
f 269/1324/589 238/1350/614 239/1291/699
f 239/1291/699 216/1224/237 247/1201/980
f 232/1120/579 234/1022/91 243/1082/148
f 245/881/31 234/1022/91 230/858/234
f 222/333/791 217/289/811 254/316/531
f 228/185/596 219/113/463 250/143/1143
f 243/809/148 234/808/91 249/821/1465
f 234/1732/91 252/1733/121 249/1725/1465
f 234/1966/91 245/1967/31 252/1970/121
f 245/881/31 230/858/234 240/742/72
f 136/1899/763 261/1889/809 347/1904/736
f 241/1524/418 227/1426/560 262/1483/450
f 227/1426/560 220/1393/632 273/1410/1003
f 220/1393/632 289/1352/914 273/1410/1003
f 226/410/864 242/357/700 264/380/414
f 219/113/463 257/80/829 250/143/1143
f 231/700/197 263/682/36 240/742/72
f 231/700/197 236/610/859 253/659/161
f 242/357/700 254/316/531 264/380/414
f 346/1703/638 223/1702/479 279/1664/1113
f 279/1664/1113 223/1702/479 258/1659/1132
f 256/1630/866 218/1638/573 246/1576/492
f 254/316/531 217/289/811 244/257/949
f 286/217/586 244/257/949 228/185/596
f 250/143/1143 257/80/829 281/106/849
f 232/1120/579 243/1082/148 272/1105/60
f 272/1105/60 243/1082/148 259/1072/71
f 263/682/36 231/700/197 253/659/161
f 245/1967/31 251/1971/40 252/1970/121
f 248/1969/30 251/1971/40 245/1967/31
f 248/1969/30 245/1967/31 240/1965/72
f 263/1968/36 248/1969/30 240/1965/72
f 249/1723/1465 252/1715/121 260/1714/247
f 345/1952/823 185/1853/920 376/1833/887
f 238/1350/614 269/1324/589 289/1352/914
f 239/1291/699 247/1201/980 270/1253/784
f 253/659/161 236/610/859 268/596/182
f 236/610/859 274/487/865 268/596/182
f 236/610/859 229/489/567 274/487/865
f 259/1072/71 243/1082/148 249/1034/1465
f 251/904/40 248/717/30 267/745/251
f 267/745/251 248/717/30 275/669/62
f 248/1613/30 263/1601/36 275/1612/62
f 333/2019/400 108/2016/1006 214/2009/877
f 269/1324/589 239/1291/699 270/1253/784
f 232/1120/579 283/1158/126 247/1201/980
f 274/487/865 229/489/567 277/457/365
f 229/489/567 226/410/864 277/457/365
f 277/457/365 226/410/864 264/380/414
f 286/217/586 228/185/596 294/192/460
f 232/1120/579 272/1105/60 283/1158/126
f 263/682/36 253/659/161 271/651/59
f 249/1034/1465 260/1013/247 266/1059/83
f 260/1013/247 252/1051/121 265/896/194
f 252/1051/121 251/904/40 265/896/194
f 251/904/40 267/745/251 265/896/194
f 246/1576/492 241/1524/418 278/1506/572
f 241/1524/418 262/1483/450 278/1506/572
f 277/457/365 264/380/414 291/420/327
f 228/185/596 250/143/1143 293/159/891
f 294/192/460 228/185/596 293/159/891
f 293/159/891 250/143/1143 281/106/849
f 266/421/83 259/400/71 249/413/1465
f 260/1013/247 265/896/194 276/891/185
f 265/896/194 267/745/251 276/891/185
f 256/1630/866 246/1576/492 308/1571/345
f 262/1483/450 227/1426/560 273/1410/1003
f 296/1332/930 289/1352/914 269/1324/589
f 254/316/531 244/257/949 305/254/493
f 302/1197/119 247/1201/980 283/1158/126
f 259/400/71 266/421/83 272/402/60
f 253/659/161 268/596/182 280/619/1237
f 271/1142/59 275/1155/62 263/1147/36
f 272/402/60 266/421/83 284/422/47
f 266/1059/83 260/1013/247 282/1025/282
f 282/1025/282 260/1013/247 276/891/185
f 258/1659/1132 256/1630/866 295/1610/1092
f 278/1506/572 262/1483/450 313/1456/879
f 316/1415/749 262/1483/450 273/1410/1003
f 286/217/586 305/254/493 244/257/949
f 346/1703/638 279/1664/1113 352/1675/404
f 275/1155/62 271/1142/59 292/1154/54
f 282/1025/282 284/1112/47 266/1059/83
f 276/891/185 267/745/251 288/714/218
f 290/905/1078 276/891/185 288/714/218
f 267/745/251 275/669/62 288/714/218
f 279/1664/1113 258/1659/1132 295/1610/1092
f 308/1571/345 246/1576/492 278/1506/572
f 313/1456/879 262/1483/450 316/1415/749
f 316/1415/749 273/1410/1003 289/1352/914
f 269/1324/589 270/1253/784 296/1332/930
f 270/1253/784 247/1201/980 302/1197/119
f 272/402/60 284/422/47 283/401/126
f 271/651/59 253/659/161 303/609/69
f 268/596/182 274/487/865 285/553/737
f 309/388/585 291/420/327 264/380/414
f 303/609/69 253/659/161 280/619/1237
f 280/619/1237 268/596/182 285/553/737
f 271/923/59 303/922/69 292/932/54
f 282/1025/282 300/1077/242 284/1112/47
f 282/1025/282 276/891/185 290/905/1078
f 376/1833/887 155/1786/937 371/1787/804
f 295/1610/1092 256/1630/866 308/1571/345
f 302/1197/119 283/1158/126 311/1189/250
f 285/553/737 274/487/865 299/493/333
f 304/463/337 274/487/865 277/457/365
f 277/457/365 291/420/327 304/463/337
f 318/356/490 254/316/531 323/314/665
f 254/316/531 305/254/493 323/314/665
f 344/98/1001 257/80/829 255/53/588
f 274/487/865 304/463/337 299/493/333
f 301/1151/51 283/1158/126 284/1112/47
f 301/1151/51 284/1112/47 297/1128/110
f 288/714/218 275/669/62 292/630/54
f 308/1571/345 278/1506/572 321/1492/790
f 299/493/333 332/505/248 285/553/737
f 264/380/414 254/316/531 318/356/490
f 280/619/1237 285/553/737 307/566/138
f 283/1158/126 301/1151/51 311/1189/250
f 297/1128/110 284/1112/47 300/1077/242
f 328/843/657 290/905/1078 327/693/438
f 290/905/1078 288/714/218 327/693/438
f 279/1664/1113 295/1610/1092 314/1617/304
f 302/1197/119 296/1332/930 270/1253/784
f 303/609/69 280/619/1237 307/566/138
f 324/1075/396 300/1077/242 282/1025/282
f 290/905/1078 328/843/657 325/945/532
f 314/1617/304 295/1610/1092 308/1571/345
f 278/1506/572 313/1456/879 321/1492/790
f 289/1352/914 296/1332/930 315/1355/609
f 296/1332/930 302/1197/119 317/1259/241
f 309/388/585 304/463/337 291/420/327
f 309/388/585 264/380/414 318/356/490
f 311/1189/250 301/1151/51 319/1177/108
f 312/784/53 292/785/54 303/770/69
f 307/566/138 285/553/737 332/505/248
f 322/213/57 301/204/51 297/211/110
f 288/714/218 292/630/54 327/693/438
f 347/1904/736 261/1889/809 475/1897/751
f 341/173/423 293/159/891 339/152/239
f 344/98/1001 281/106/849 257/80/829
f 329/1406/342 316/1415/749 289/1352/914
f 311/1189/250 317/1259/241 302/1197/119
f 312/784/53 303/770/69 307/772/138
f 360/60/1061 344/98/1001 255/53/588
f 301/204/51 322/213/57 319/197/108
f 324/1075/396 282/1025/282 325/945/532
f 282/1025/282 290/905/1078 325/945/532
f 352/1675/404 279/1664/1113 342/1647/1115
f 308/1571/345 330/1569/405 314/1617/304
f 317/1259/241 337/1331/413 296/1332/930
f 332/505/248 299/493/333 338/471/243
f 304/463/337 338/471/243 299/493/333
f 326/214/526 305/254/493 286/217/586
f 326/214/526 286/217/586 294/192/460
f 294/192/460 293/159/891 341/173/423
f 293/159/891 281/106/849 339/152/239
f 339/152/239 281/106/849 344/98/1001
f 312/261/53 307/250/138 331/249/84
f 322/1176/57 297/1128/110 334/1152/459
f 342/1647/1115 279/1664/1113 314/1617/304
f 289/1352/914 315/1355/609 329/1406/342
f 315/1355/609 296/1332/930 337/1331/413
f 304/463/337 309/388/585 338/471/243
f 294/192/460 341/173/423 326/214/526
f 360/60/1061 255/53/588 188/40/637
f 297/1128/110 300/1077/242 324/1075/396
f 340/588/225 292/630/54 312/586/53
f 340/588/225 312/586/53 368/523/86
f 359/366/978 309/388/585 318/356/490
f 360/60/1061 188/40/637 432/41/664
f 432/41/664 188/40/637 306/32/780
f 317/1259/241 311/1189/250 335/1219/68
f 371/1787/804 155/1786/937 200/1768/792
f 336/1519/522 330/1569/405 308/1571/345
f 308/1571/345 321/1492/790 336/1519/522
f 335/1219/68 311/1189/250 319/1177/108
f 361/276/511 323/314/665 305/254/493
f 358/158/361 339/152/239 344/98/1001
f 344/98/1001 360/60/1061 363/92/1241
f 335/199/68 319/197/108 322/213/57
f 334/1152/459 297/1128/110 324/1075/396
f 343/971/332 325/945/532 328/843/657
f 327/693/438 292/630/54 340/588/225
f 433/2054/701 225/2067/808 161/2055/886
f 348/1517/1481 352/1513/404 342/1512/1115
f 330/1569/405 336/1519/522 375/1535/965
f 355/1466/474 321/1492/790 313/1456/879
f 315/1355/609 351/1372/470 329/1406/342
f 351/1372/470 315/1355/609 337/1331/413
f 338/471/243 309/388/585 349/409/967
f 317/1259/241 335/1219/68 357/1268/77
f 349/409/967 309/388/585 359/366/978
f 350/210/61 335/199/68 322/213/57
f 235/2050/961 353/2048/688 433/2054/701
f 336/1519/522 321/1492/790 355/1466/474
f 355/1466/474 313/1456/879 316/1415/749
f 359/366/978 318/356/490 366/329/905
f 366/329/905 318/356/490 323/314/665
f 305/254/493 326/214/526 379/239/503
f 354/1326/292 337/1331/413 317/1259/241
f 350/1243/61 322/1176/57 334/1152/459
f 334/1152/459 324/1075/396 343/971/332
f 324/1075/396 325/945/532 343/971/332
f 328/843/657 364/773/1325 362/897/1379
f 328/843/657 327/693/438 364/773/1325
f 329/1406/342 381/1428/678 316/1415/749
f 361/276/511 305/254/493 379/239/503
f 326/214/526 341/173/423 383/196/1022
f 354/1326/292 317/1259/241 357/1268/77
f 331/558/84 307/566/138 356/516/85
f 356/516/85 307/566/138 332/505/248
f 327/693/438 340/588/225 367/644/807
f 348/1668/1481 342/1647/1115 370/1625/970
f 375/1535/965 336/1519/522 410/1491/1096
f 336/1519/522 355/1466/474 410/1491/1096
f 355/1466/474 316/1415/749 381/1428/678
f 383/196/1022 379/239/503 326/214/526
f 358/158/361 344/98/1001 390/126/1073
f 356/246/85 312/261/53 331/249/84
f 312/261/53 356/246/85 368/264/86
f 334/1152/459 343/971/332 365/1008/1391
f 343/971/332 362/897/1379 365/1008/1391
f 343/971/332 328/843/657 362/897/1379
f 364/773/1325 327/693/438 396/719/1463
f 396/719/1463 327/693/438 367/644/807
f 370/1625/970 342/1647/1115 314/1617/304
f 314/1617/304 330/1569/405 382/1568/1081
f 351/1372/470 337/1331/413 354/1326/292
f 341/173/423 339/152/239 358/158/361
f 390/126/1073 344/98/1001 363/92/1241
f 380/1281/93 354/1326/292 357/1268/77
f 332/505/248 389/485/92 356/516/85
f 350/210/61 357/198/77 335/199/68
f 369/1227/266 350/1243/61 334/1152/459
f 370/1625/970 314/1617/304 382/1568/1081
f 382/1568/1081 330/1569/405 375/1535/965
f 323/314/665 361/276/511 366/329/905
f 332/505/248 338/471/243 389/485/92
f 389/251/92 368/264/86 356/246/85
f 481/2066/768 225/2067/808 433/2054/701
f 352/1675/404 348/1668/1481 370/1625/970
f 397/1377/890 351/1372/470 354/1326/292
f 349/409/967 359/366/978 404/373/1287
f 361/276/511 401/282/682 366/329/905
f 383/196/1022 341/173/423 358/158/361
f 349/409/967 398/395/1084 338/471/243
f 350/210/61 380/200/93 357/198/77
f 419/1119/1388 334/1152/459 403/1076/1451
f 365/141/1391 372/176/341 377/162/1194
f 365/372/1391 362/371/1379 372/386/341
f 362/897/1379 373/895/288 372/944/341
f 373/895/288 362/897/1379 374/780/1484
f 362/897/1379 364/773/1325 374/780/1484
f 374/780/1484 364/773/1325 396/719/1463
f 333/2019/400 214/2009/877 457/2013/376
f 370/1625/970 382/1568/1081 409/1586/908
f 397/1377/890 329/1406/342 351/1372/470
f 389/485/92 338/471/243 405/443/118
f 384/26/1337 378/24/941 374/20/1484
f 373/278/288 386/285/58 372/267/341
f 374/20/1484 378/24/941 373/21/288
f 374/20/1484 393/30/1474 384/26/1337
f 374/20/1484 396/17/1463 393/30/1474
f 406/262/112 368/264/86 389/251/92
f 394/1271/147 350/1243/61 369/1227/266
f 403/1076/1451 334/1152/459 365/1008/1391
f 400/608/603 367/644/807 340/588/225
f 310/2037/524 333/2019/400 453/2035/284
f 161/2055/886 235/2050/961 433/2054/701
f 395/1671/569 346/1703/638 352/1675/404
f 423/1470/1112 355/1466/474 381/1428/678
f 381/1428/678 329/1406/342 397/1377/890
f 402/1329/106 397/1377/890 354/1326/292
f 377/268/1194 372/267/341 388/283/48
f 384/33/1337 385/57/28 378/39/941
f 388/283/48 372/267/341 386/285/58
f 378/39/941 385/57/28 387/64/46
f 439/1209/1044 369/1227/266 334/1152/459
f 365/141/1391 377/162/1194 391/151/1440
f 373/895/288 387/882/46 386/942/58
f 373/52/288 378/39/941 387/64/46
f 352/1675/404 370/1625/970 413/1632/568
f 410/1491/1096 355/1466/474 423/1470/1112
f 338/471/243 398/395/1084 405/443/118
f 431/330/1169 359/366/978 366/329/905
f 361/276/511 379/239/503 417/255/1214
f 402/1329/106 354/1326/292 380/1281/93
f 393/221/1474 412/237/29 384/241/1337
f 398/395/1084 349/409/967 404/373/1287
f 394/1271/147 380/1281/93 350/1243/61
f 399/266/35 377/268/1194 388/283/48
f 412/37/29 385/57/28 384/33/1337
f 365/501/1391 391/512/1440 403/504/1451
f 427/885/347 386/942/58 387/882/46
f 396/719/1463 367/644/807 400/608/603
f 516/1855/711 200/1856/792 198/1862/721
f 200/1768/792 516/1764/711 371/1787/804
f 428/1414/457 381/1428/678 397/1377/890
f 404/373/1287 359/366/978 431/330/1169
f 391/151/1440 377/162/1194 399/177/35
f 412/37/29 407/62/39 385/57/28
f 439/1209/1044 334/1152/459 419/1119/1388
f 388/989/48 386/942/58 436/927/478
f 420/838/433 387/882/46 385/783/28
f 400/608/603 340/588/225 448/513/775
f 448/513/775 340/588/225 368/523/86
f 401/282/682 361/276/511 417/255/1214
f 406/262/112 389/251/92 405/245/118
f 380/636/93 411/664/99 402/637/106
f 394/1271/147 411/1299/99 380/1281/93
f 391/151/1440 399/177/35 408/175/65
f 394/1271/147 369/1227/266 439/1209/1044
f 387/882/46 420/838/433 422/862/399
f 420/838/433 385/783/28 441/781/454
f 441/781/454 385/783/28 407/732/39
f 427/885/347 436/927/478 386/942/58
f 395/1671/569 352/1675/404 413/1632/568
f 431/330/1169 366/329/905 401/282/682
f 416/841/41 414/835/1333 391/834/1440
f 414/521/1333 403/504/1451 391/512/1440
f 405/443/118 418/432/63 406/481/112
f 388/989/48 436/927/478 430/977/623
f 427/885/347 387/882/46 422/862/399
f 396/719/1463 400/608/603 438/627/1472
f 413/1632/568 370/1625/970 409/1586/908
f 474/1530/383 382/1568/1081 375/1535/965
f 423/1470/1112 381/1428/678 428/1414/457
f 429/1354/111 397/1377/890 402/1329/106
f 416/1385/41 391/1384/1440 408/1395/65
f 396/17/1463 421/27/1473 393/30/1474
f 388/283/48 408/286/65 399/266/35
f 457/2013/376 214/2009/877 345/1952/823
f 225/1883/808 481/1886/768 261/1889/809
f 467/1636/728 395/1671/569 413/1632/568
f 417/255/1214 379/239/503 454/208/934
f 383/196/1022 358/158/361 434/137/860
f 358/158/361 390/126/1073 434/137/860
f 701/1760/663 237/1759/794 392/1742/698
f 412/237/29 393/221/1474 421/219/1473
f 414/521/1333 419/502/1388 403/504/1451
f 445/1278/773 411/1299/99 394/1271/147
f 406/629/112 418/624/63 443/635/98
f 298/1874/817 237/1880/794 701/1878/663
f 423/1470/1112 428/1414/457 463/1427/291
f 442/263/1063 401/282/682 417/255/1214
f 402/93/106 435/111/95 429/87/111
f 440/240/32 412/237/29 421/219/1473
f 405/443/118 398/395/1084 426/378/249
f 404/373/1287 426/378/249 398/395/1084
f 424/694/70 416/675/41 408/687/65
f 402/637/106 411/664/99 435/663/95
f 412/37/29 425/63/27 407/62/39
f 396/17/1463 438/18/1472 421/27/1473
f 424/1066/70 408/1050/65 430/977/623
f 408/1050/65 388/989/48 430/977/623
f 448/513/775 368/523/86 406/481/112
f 516/1855/711 198/1862/721 484/1861/786
f 484/1861/786 198/1862/721 415/1864/725
f 375/1535/965 410/1491/1096 474/1530/383
f 397/1377/890 429/1354/111 428/1414/457
f 363/92/1241 483/72/394 390/126/1073
f 360/60/1061 483/72/394 363/92/1241
f 437/1122/1226 419/1119/1388 414/1086/1333
f 414/676/1333 416/675/41 424/694/70
f 412/37/29 440/38/32 425/63/27
f 424/694/70 437/684/1226 414/676/1333
f 346/1703/638 395/1671/569 451/1695/992
f 426/378/249 404/373/1287 431/330/1169
f 454/208/934 379/239/503 383/196/1022
f 434/137/860 390/126/1073 444/117/821
f 444/117/821 390/126/1073 483/72/394
f 428/1414/457 429/1354/111 466/1380/127
f 405/443/118 426/378/249 418/432/63
f 439/1209/1044 419/1119/1388 447/1174/1083
f 545/2018/260 453/2035/284 333/2019/400
f 520/1534/328 382/1568/1081 474/1530/383
f 454/208/934 383/196/1022 434/137/860
f 418/432/63 426/378/249 446/374/146
f 437/1122/1226 424/1066/70 450/1103/175
f 458/824/469 420/838/433 441/781/454
f 407/732/39 425/674/27 461/724/740
f 438/627/1472 400/608/603 452/583/1415
f 406/481/112 443/412/98 456/425/274
f 420/838/433 460/848/435 422/862/399
f 451/1695/992 395/1671/569 467/1636/728
f 467/1636/728 413/1632/568 465/1604/554
f 474/1530/383 410/1491/1096 423/1470/1112
f 488/1480/471 423/1470/1112 463/1427/291
f 455/223/1307 440/240/32 421/219/1473
f 438/18/1472 455/29/1307 421/27/1473
f 440/984/32 449/997/45 425/998/27
f 435/1347/95 411/1299/99 470/1340/309
f 470/1340/309 411/1299/99 445/1278/773
f 445/1278/773 394/1271/147 439/1209/1044
f 447/1174/1083 419/1119/1388 437/1122/1226
f 427/885/347 422/862/399 460/848/435
f 441/781/454 407/732/39 461/724/740
f 457/2013/376 545/2018/260 333/2019/400
f 453/2035/284 353/2048/688 310/2037/524
f 426/378/249 468/338/294 446/374/146
f 431/330/1169 468/338/294 426/378/249
f 435/111/95 466/88/127 429/87/111
f 455/743/1307 449/755/45 440/744/32
f 455/29/1307 438/18/1472 452/19/1415
f 460/848/435 420/838/433 458/824/469
f 461/724/740 425/674/27 449/628/45
f 345/1952/823 376/1833/887 533/1831/799
f 347/1904/736 475/1897/751 521/1901/758
f 346/1978/638 544/1976/448 233/1972/748
f 465/1604/554 413/1632/568 472/1574/787
f 413/1632/568 409/1586/908 472/1574/787
f 409/1586/908 382/1568/1081 472/1574/787
f 463/1427/291 428/1414/457 466/1380/127
f 443/412/98 446/374/146 477/370/168
f 431/330/1169 401/282/682 473/281/375
f 473/281/375 401/282/682 442/263/1063
f 442/263/1063 417/255/1214 454/208/934
f 486/161/957 454/208/934 434/137/860
f 418/624/63 446/623/146 443/635/98
f 466/88/127 435/111/95 464/107/114
f 462/1125/232 447/1174/1083 437/1122/1226
f 435/1347/95 470/1340/309 464/1368/114
f 476/1023/933 430/977/623 459/990/1279
f 430/977/623 436/927/478 478/953/426
f 452/583/1415 400/608/603 448/513/775
f 471/387/113 456/425/274 443/412/98
f 424/1066/70 430/977/623 476/1023/933
f 606/1959/536 457/2013/376 345/1952/823
f 544/1708/448 346/1703/638 451/1695/992
f 467/1636/728 504/1672/718 451/1695/992
f 472/1574/787 382/1568/1081 520/1534/328
f 474/1530/383 423/1470/1112 488/1480/471
f 486/161/957 434/137/860 444/117/821
f 514/49/472 483/72/394 360/60/1061
f 462/1125/232 437/1122/1226 450/1103/175
f 478/953/426 459/990/1279 430/977/623
f 452/583/1415 448/513/775 506/538/346
f 406/481/112 456/425/274 448/513/775
f 473/281/375 442/263/1063 491/235/427
f 442/263/1063 454/208/934 491/235/427
f 469/758/78 449/755/45 455/743/1307
f 443/1932/98 477/1919/168 471/1929/113
f 445/1278/773 439/1209/1044 513/1222/1223
f 439/1209/1044 447/1174/1083 482/1190/517
f 447/1174/1083 462/1125/232 482/1190/517
f 482/1190/517 462/1125/232 487/1139/561
f 450/1103/175 424/1066/70 476/1023/933
f 427/885/347 494/928/1149 436/927/478
f 376/1833/887 371/1787/804 533/1831/799
f 465/1604/554 472/1574/787 496/1585/595
f 468/338/294 431/330/1169 473/281/375
f 505/91/377 444/117/821 483/72/394
f 513/1222/1223 439/1209/1044 482/1190/517
f 450/1103/175 476/1023/933 480/1096/1097
f 479/996/275 459/990/1279 478/953/426
f 441/781/454 495/775/1012 458/824/469
f 497/696/1036 461/724/740 449/628/45
f 479/996/275 476/1023/933 459/990/1279
f 651/1873/777 415/1864/725 298/1874/817
f 651/1873/777 298/1874/817 701/1878/663
f 474/1530/383 488/1480/471 539/1516/391
f 508/179/515 454/208/934 486/161/957
f 514/49/472 360/60/1061 432/41/664
f 455/857/1307 452/871/1415 485/860/206
f 462/1125/232 450/1103/175 480/1096/1097
f 460/848/435 458/824/469 526/839/529
f 502/817/1164 458/824/469 495/775/1012
f 495/775/1012 441/781/454 461/724/740
f 449/628/45 500/645/1152 497/696/1036
f 494/928/1149 427/885/347 490/880/466
f 488/1480/471 463/1427/291 489/1433/254
f 503/317/139 446/374/146 468/338/294
f 347/1904/736 554/1914/726 320/1912/731
f 427/885/347 460/848/435 490/880/466
f 458/824/469 502/817/1164 526/839/529
f 499/737/788 461/724/740 497/696/1036
f 485/860/206 452/871/1415 506/872/346
f 448/513/775 456/425/274 492/385/153
f 471/387/113 492/385/153 456/425/274
f 467/1636/728 465/1604/554 496/1585/595
f 468/338/294 473/281/375 503/317/139
f 491/235/427 454/208/934 508/179/515
f 463/1427/291 466/1380/127 493/1392/79
f 477/370/168 446/374/146 511/328/156
f 493/90/79 466/88/127 464/107/114
f 455/847/1307 485/846/206 498/854/115
f 469/855/78 455/847/1307 498/854/115
f 478/953/426 436/927/478 494/928/1149
f 495/775/1012 461/724/740 499/737/788
f 448/513/775 492/385/153 515/405/389
f 647/2004/368 457/2013/376 606/1959/536
f 606/1959/536 345/1952/823 533/1831/799
f 486/161/957 444/117/821 505/91/377
f 489/1433/254 463/1427/291 493/1392/79
f 446/982/146 503/970/139 511/981/156
f 507/1399/82 464/1368/114 512/1371/295
f 512/1371/295 464/1368/114 470/1340/309
f 509/1314/936 470/1340/309 445/1278/773
f 509/1314/936 445/1278/773 513/1222/1223
f 501/1181/616 482/1190/517 487/1139/561
f 591/2046/378 353/2048/688 453/2035/284
f 591/2046/378 433/2054/701 353/2048/688
f 651/1873/777 484/1861/786 415/1864/725
f 287/1734/622 233/1718/748 559/1717/575
f 544/1976/448 559/1974/575 233/1972/748
f 535/1550/415 472/1574/787 520/1534/328
f 510/1476/318 488/1480/471 489/1433/254
f 503/317/139 473/281/375 540/279/329
f 517/259/364 540/279/329 473/281/375
f 473/281/375 491/235/427 517/259/364
f 486/161/957 505/91/377 529/118/514
f 464/107/114 507/110/82 493/90/79
f 492/1930/153 471/1929/113 477/1919/168
f 490/880/466 460/848/435 526/839/529
f 449/628/45 469/592/78 527/618/521
f 506/538/346 448/513/775 541/495/948
f 480/1096/1097 487/1139/561 462/1125/232
f 494/928/1149 490/880/466 522/873/446
f 496/1585/595 472/1574/787 535/1550/415
f 347/1904/736 521/1901/758 554/1914/726
f 528/1457/236 489/1433/254 493/1392/79
f 511/328/156 525/340/107 477/370/168
f 554/7/726 306/32/780 320/5/731
f 492/1930/153 477/1919/168 534/1928/101
f 512/1371/295 470/1340/309 509/1314/936
f 513/1222/1223 482/1190/517 501/1181/616
f 500/645/1152 449/628/45 527/618/521
f 527/618/521 469/592/78 498/560/115
f 485/1622/206 506/1645/346 498/1646/115
f 476/1023/933 479/996/275 523/976/895
f 504/1672/718 467/1636/728 547/1611/480
f 508/179/515 486/161/957 529/118/514
f 477/1919/168 525/1921/107 534/1928/101
f 501/1181/616 487/1139/561 519/1134/362
f 487/1139/561 480/1096/1097 531/1116/917
f 448/513/775 515/405/389 541/495/948
f 532/1052/1093 480/1096/1097 476/1023/933
f 523/976/895 532/1052/1093 476/1023/933
f 494/928/1149 522/873/446 518/916/1259
f 490/880/466 526/839/529 530/853/425
f 516/1855/711 484/1861/786 682/1860/771
f 601/1730/828 287/1734/622 559/1717/575
f 392/1742/698 287/1734/622 601/1730/828
f 467/1636/728 496/1585/595 547/1611/480
f 520/1534/328 474/1530/383 539/1516/391
f 528/1457/236 510/1476/318 489/1433/254
f 483/72/394 514/49/472 505/91/377
f 524/202/372 491/235/427 508/179/515
f 519/1134/362 487/1139/561 531/1116/917
f 531/1116/917 480/1096/1097 532/1052/1093
f 551/1073/379 531/1116/917 532/1052/1093
f 532/1052/1093 523/976/895 560/978/597
f 479/996/275 478/953/426 523/976/895
f 498/560/115 506/538/346 542/515/839
f 499/737/788 538/736/440 495/775/1012
f 544/1708/448 451/1695/992 504/1672/718
f 547/1611/480 496/1585/595 535/1550/415
f 539/1516/391 488/1480/471 510/1476/318
f 514/49/472 611/82/1290 505/91/377
f 528/1457/236 493/1392/79 543/1434/97
f 523/976/895 478/953/426 494/928/1149
f 490/880/466 530/853/425 522/873/446
f 515/405/389 492/385/153 534/347/101
f 525/340/107 511/328/156 546/311/140
f 503/317/139 540/279/329 511/328/156
f 524/202/372 517/259/364 491/235/427
f 529/118/514 549/142/382 508/179/515
f 592/34/746 306/32/780 554/7/726
f 493/90/79 507/110/82 543/81/97
f 509/1314/936 513/1222/1223 548/1251/1283
f 523/976/895 494/928/1149 518/916/1259
f 550/2034/257 453/2035/284 545/2018/260
f 545/2018/260 457/2013/376 647/2004/368
f 550/2034/257 591/2046/378 453/2035/284
f 475/1897/751 261/1889/809 702/1890/757
f 544/1708/448 504/1672/718 589/1686/591
f 306/32/780 592/34/746 432/41/664
f 513/1222/1223 501/1181/616 537/1188/1227
f 537/1188/1227 501/1181/616 519/1134/362
f 502/817/1164 495/775/1012 576/771/547
f 526/839/529 502/817/1164 576/771/547
f 499/737/788 497/696/1036 538/736/440
f 527/618/521 498/560/115 542/515/839
f 541/495/948 542/515/839 506/538/346
f 481/1886/768 702/1890/757 261/1889/809
f 524/202/372 508/179/515 549/142/382
f 534/1928/101 525/1921/107 553/1926/133
f 512/1371/295 509/1314/936 557/1407/1057
f 557/1407/1057 509/1314/936 583/1307/1291
f 583/1307/1291 509/1314/936 570/1280/1393
f 497/696/1036 500/645/1152 569/697/802
f 571/548/481 527/618/521 542/515/839
f 577/1146/1005 519/1134/362 531/1116/917
f 573/1001/431 532/1052/1093 560/978/597
f 533/1831/799 371/1787/804 709/1778/676
f 432/41/664 627/47/534 514/49/472
f 701/1760/663 392/1742/698 601/1730/828
f 540/279/329 546/311/140 511/328/156
f 552/112/180 543/81/97 507/110/82
f 570/1280/1393 509/1314/936 548/1251/1283
f 548/1251/1283 513/1222/1223 537/1188/1227
f 551/1073/379 532/1052/1093 565/1046/360
f 569/697/802 500/645/1152 527/618/521
f 515/405/389 534/347/101 563/367/403
f 709/1778/676 371/1787/804 516/1764/711
f 682/1860/771 484/1861/786 651/1873/777
f 539/1516/391 510/1476/318 580/1484/741
f 580/1484/741 510/1476/318 528/1457/236
f 517/259/364 524/202/372 566/218/778
f 566/218/778 524/202/372 549/142/382
f 546/311/140 540/279/329 558/297/163
f 536/1242/1478 537/1263/1227 562/1241/125
f 553/1926/133 525/1921/107 546/1915/140
f 552/1420/180 507/1399/82 512/1371/295
f 548/1251/1283 537/1188/1227 561/1233/222
f 537/1188/1227 519/1134/362 577/1146/1005
f 565/1046/360 532/1052/1093 573/1001/431
f 576/771/547 495/775/1012 538/736/440
f 569/697/802 538/736/440 497/696/1036
f 535/1550/415 520/1534/328 568/1538/1053
f 549/142/382 529/118/514 611/82/1290
f 529/118/514 505/91/377 611/82/1290
f 566/218/778 578/236/1215 517/259/364
f 536/1435/1478 561/1423/222 537/1422/1227
f 553/1926/133 546/1915/140 558/1917/163
f 552/1420/180 512/1371/295 557/1407/1057
f 577/1146/1005 531/1116/917 551/1073/379
f 518/916/1259 522/873/446 575/889/1322
f 571/548/481 542/515/839 564/507/1088
f 542/515/839 541/495/948 564/507/1088
f 541/495/948 515/405/389 596/398/557
f 568/1538/1053 520/1534/328 539/1516/391
f 539/1516/391 580/1484/741 660/1514/875
f 562/1431/125 561/1423/222 536/1435/1478
f 556/1306/124 543/1287/97 552/1286/180
f 548/1564/1283 555/1578/1432 570/1565/1393
f 587/1270/142 548/1251/1283 561/1233/222
f 537/1188/1227 577/1146/1005 574/1217/134
f 572/626/496 527/618/521 571/548/481
f 564/507/1088 541/495/948 582/476/1380
f 535/1550/415 568/1538/1053 595/1567/22
f 566/218/778 549/142/382 586/164/1040
f 543/1434/97 556/1451/124 528/1457/236
f 514/49/472 627/47/534 611/82/1290
f 548/442/1283 587/448/142 555/431/1432
f 562/1241/125 537/1263/1227 574/1264/134
f 608/1097/1160 577/1146/1005 551/1073/379
f 560/978/597 523/976/895 590/947/658
f 530/853/425 581/820/1355 575/889/1322
f 522/873/446 530/853/425 575/889/1322
f 569/697/802 527/618/521 572/626/496
f 589/1686/591 504/1672/718 547/1611/480
f 578/236/1215 566/218/778 584/224/1186
f 539/1516/391 624/1531/888 568/1538/1053
f 562/1754/125 574/1753/134 561/1757/222
f 590/947/658 523/976/895 598/919/513
f 523/976/895 518/916/1259 598/919/513
f 518/916/1259 575/889/1322 598/919/513
f 530/853/425 526/839/529 581/820/1355
f 526/839/529 588/807/308 581/820/1355
f 547/1611/480 595/1567/22 603/1579/280
f 535/1550/415 595/1567/22 547/1611/480
f 613/1464/523 580/1484/741 528/1457/236
f 552/1420/180 567/1439/173 556/1451/124
f 579/1496/1406 564/1497/1088 582/1471/1380
f 617/1376/850 557/1407/1057 583/1307/1291
f 587/1270/142 561/1233/222 574/1217/134
f 588/807/308 526/839/529 576/771/547
f 597/764/429 576/771/547 538/736/440
f 563/367/403 534/347/101 553/321/133
f 591/2046/378 729/2059/803 433/2054/701
f 544/1976/448 642/1981/690 559/1974/575
f 547/1611/480 603/1579/280 623/1598/408
f 540/279/329 657/293/947 558/297/163
f 556/193/124 613/181/523 528/184/236
f 555/1094/1432 605/1093/202 570/1111/1393
f 567/1439/173 552/1420/180 557/1407/1057
f 583/1307/1291 570/1280/1393 604/1293/1446
f 615/1178/395 574/1217/134 577/1146/1005
f 573/1001/431 560/978/597 622/992/1122
f 585/878/1211 575/889/1322 581/820/1355
f 582/476/1380 541/495/948 596/398/557
f 596/398/557 515/405/389 563/367/403
f 584/224/1186 566/218/778 616/216/549
f 612/170/594 566/218/778 586/164/1040
f 586/164/1040 549/142/382 611/82/1290
f 521/1901/758 762/1902/745 554/1914/726
f 636/194/1191 613/181/523 556/193/124
f 540/279/329 517/259/364 578/236/1215
f 587/448/142 605/424/202 555/431/1432
f 683/1398/898 557/1407/1057 617/1376/850
f 565/1046/360 608/1097/1160 551/1073/379
f 598/919/513 575/889/1322 585/878/1211
f 585/878/1211 581/820/1355 593/828/1312
f 588/807/308 576/771/547 594/782/518
f 594/782/518 576/771/547 597/764/429
f 572/626/496 571/548/481 625/562/281
f 571/548/481 564/507/1088 599/527/436
f 599/527/436 564/507/1088 609/484/122
f 628/444/270 582/476/1380 596/398/557
f 663/2030/264 550/2034/257 545/2018/260
f 550/2034/257 720/2039/675 591/2046/378
f 481/2066/768 433/2054/701 686/2065/769
f 642/1707/690 544/1708/448 589/1686/591
f 660/1514/875 624/1531/888 539/1516/391
f 616/216/549 566/218/778 612/170/594
f 589/1686/591 547/1611/480 623/1598/408
f 605/1093/202 604/1113/1446 570/1111/1393
f 636/1450/1191 556/1451/124 567/1439/173
f 615/1178/395 577/1146/1005 607/1121/1278
f 607/1121/1278 577/1146/1005 608/1097/1160
f 602/859/143 585/878/1211 593/828/1312
f 593/828/1312 581/820/1355 588/807/308
f 538/736/440 569/697/802 597/764/429
f 600/667/714 569/697/802 572/626/496
f 625/562/281 571/548/481 599/527/436
f 553/1926/133 558/1917/163 638/1925/441
f 620/1316/172 583/1307/1291 604/1293/1446
f 617/1376/850 583/1307/1291 629/1335/286
f 574/1217/134 614/1244/406 587/1270/142
f 598/919/513 585/878/1211 602/859/143
f 602/859/143 593/828/1312 610/825/193
f 588/807/308 610/825/193 593/828/1312
f 569/697/802 643/708/542 597/764/429
f 579/524/1406 609/540/122 564/543/1088
f 636/1450/1191 567/1439/173 650/1440/1120
f 659/1429/968 567/1439/173 557/1407/1057
f 659/1429/968 557/1407/1057 683/1398/898
f 614/1244/406 574/1217/134 615/1178/395
f 652/1038/964 608/1097/1160 565/1046/360
f 590/947/658 622/992/1122 560/978/597
f 590/947/658 598/919/513 667/935/434
f 610/825/193 588/807/308 594/782/518
f 563/367/403 553/321/133 654/334/693
f 648/312/630 553/321/133 638/306/441
f 600/667/714 643/708/542 569/697/802
f 642/1707/690 589/1686/591 626/1660/1170
f 586/164/1040 611/82/1290 631/133/324
f 619/86/1228 611/82/1290 627/47/534
f 661/11/727 554/7/726 779/4/668
f 762/1902/745 779/1910/668 554/1914/726
f 605/1527/202 620/1502/172 604/1501/1446
f 609/540/122 579/524/1406 618/528/174
f 618/901/174 579/900/1406 582/909/1380
f 650/1440/1120 567/1439/173 659/1429/968
f 583/795/1291 620/786/172 629/794/286
f 652/1038/964 565/1046/360 573/1001/431
f 533/1831/799 709/1778/676 713/1829/702
f 701/1760/663 601/1730/828 783/1745/882
f 592/34/746 554/7/726 661/11/727
f 621/449/90 605/424/202 587/448/142
f 628/907/270 618/901/174 582/909/1380
f 621/1292/90 587/1270/142 639/1273/612
f 639/1273/612 587/1270/142 614/1244/406
f 610/825/193 594/782/518 676/788/674
f 600/667/714 572/626/496 630/657/602
f 649/615/1294 572/626/496 625/562/281
f 573/1001/431 622/992/1122 652/1038/964
f 598/919/513 602/859/143 646/890/439
f 675/2020/255 663/2030/264 545/2018/260
f 626/1660/1170 589/1686/591 623/1598/408
f 612/170/594 586/164/1040 631/133/324
f 603/1739/280 595/1737/22 568/1738/1053
f 621/1282/90 620/1267/172 605/1277/202
f 615/1178/395 607/1121/1278 640/1095/1127
f 646/890/439 602/859/143 610/825/193
f 597/764/429 676/788/674 594/782/518
f 599/527/436 609/484/122 645/520/645
f 628/444/270 596/398/557 668/428/922
f 668/428/922 596/398/557 672/403/1156
f 563/367/403 654/334/693 730/361/566
f 686/2065/769 433/2054/701 729/2059/803
f 627/47/534 432/41/664 737/42/519
f 592/34/746 737/42/519 432/41/664
f 626/1660/1170 623/1598/408 634/1607/1105
f 623/1598/408 603/1579/280 633/1591/407
f 632/101/178 631/133/324 619/86/1228
f 611/82/1290 619/86/1228 631/133/324
f 632/101/178 619/86/1228 627/47/534
f 633/1591/407 603/1579/280 568/1538/1053
f 657/1916/947 638/1925/441 558/1917/163
f 644/972/918 622/992/1122 590/947/658
f 630/657/602 572/626/496 649/615/1294
f 618/528/174 637/542/224 609/540/122
f 672/403/1156 596/398/557 563/367/403
f 590/947/658 667/935/434 644/972/918
f 606/1959/536 533/1831/799 713/1829/702
f 521/1901/758 475/1897/751 762/1902/745
f 614/1244/406 615/1178/395 641/1204/646
f 644/972/918 635/986/1256 622/992/1122
f 667/935/434 598/919/513 646/890/439
f 625/562/281 599/527/436 645/520/645
f 703/2047/689 591/2046/378 720/2039/675
f 699/51/896 627/47/534 737/42/519
f 642/1707/690 626/1660/1170 726/1663/613
f 612/170/594 631/133/324 658/147/1221
f 627/47/534 699/51/896 632/101/178
f 637/459/224 618/462/174 628/444/270
f 620/1316/172 621/1292/90 653/1321/208
f 653/1321/208 621/1292/90 678/1302/1187
f 678/1302/1187 621/1292/90 639/1273/612
f 639/1273/612 614/1244/406 670/1249/1058
f 641/1204/646 670/1249/1058 614/1244/406
f 608/1097/1160 640/1095/1127 607/1121/1278
f 630/657/602 643/708/542 600/667/714
f 654/334/693 553/321/133 648/312/630
f 722/2024/256 663/2030/264 675/2020/255
f 694/25/990 592/34/746 661/11/727
f 629/794/286 620/786/172 653/793/208
f 615/1178/395 640/1095/1127 669/1131/944
f 652/1038/964 622/992/1122 635/986/1256
f 646/890/439 610/825/193 679/830/598
f 645/520/645 609/484/122 637/459/224
f 720/2039/675 550/2034/257 663/2030/264
f 665/154/1098 612/170/594 658/147/1221
f 652/1038/964 635/986/1256 671/987/543
f 645/520/645 637/459/224 673/477/1052
f 641/1204/646 615/1178/395 669/1131/944
f 649/615/1294 625/562/281 656/584/497
f 634/1607/1105 623/1598/408 633/1591/407
f 584/224/1186 738/227/902 578/236/1215
f 658/147/1221 631/133/324 632/101/178
f 683/1398/898 617/1376/850 674/1363/844
f 617/1376/850 629/1335/286 674/1363/844
f 630/657/602 677/662/1118 643/708/542
f 677/662/1118 630/657/602 649/615/1294
f 664/466/1305 637/459/224 690/452/747
f 628/444/270 668/428/922 637/459/224
f 640/1095/1127 608/1097/1160 652/1038/964
f 610/825/193 676/788/674 679/830/598
f 545/2018/260 647/2004/368 675/2020/255
f 616/216/549 714/168/900 718/212/819
f 714/168/900 612/170/594 665/154/1098
f 636/194/1191 691/182/473 613/181/523
f 669/1131/944 640/1095/1127 662/1109/1213
f 644/972/918 671/987/543 635/986/1256
f 655/1747/1087 649/1744/1294 656/1746/497
f 625/562/281 645/520/645 656/584/497
f 673/1749/1052 637/1750/224 664/1748/1305
f 690/452/747 637/459/224 668/428/922
f 671/987/543 644/972/918 667/935/434
f 745/1641/707 626/1660/1170 634/1607/1105
f 584/224/1186 616/216/549 718/212/819
f 714/168/900 616/216/549 612/170/594
f 657/293/947 540/279/329 751/248/752
f 751/248/752 540/279/329 578/236/1215
f 676/788/674 597/764/429 689/751/705
f 689/751/705 597/764/429 643/708/542
f 677/662/1118 649/615/1294 666/602/276
f 649/1692/1294 655/1684/1087 666/1691/276
f 666/602/276 655/616/1087 656/584/497
f 656/584/497 645/520/645 680/531/1176
f 662/1109/1213 640/1095/1127 652/1038/964
f 633/1591/407 568/1538/1053 750/1539/509
f 692/1312/351 653/1321/208 678/1302/1187
f 696/1266/1159 639/1273/612 670/1249/1058
f 681/1185/1047 641/1204/646 669/1131/944
f 671/987/543 684/1021/381 652/1038/964
f 666/602/276 656/584/497 687/551/1124
f 681/1185/1047 670/1249/1058 641/1204/646
f 481/1886/768 686/1887/769 702/1890/757
f 726/1663/613 626/1660/1170 745/1641/707
f 638/1925/441 657/1916/947 717/1922/869
f 680/531/1176 687/551/1124 656/584/497
f 700/465/352 664/466/1305 690/452/747
f 662/1109/1213 652/1038/964 684/1021/381
f 634/1607/1105 633/1591/407 698/1596/1046
f 776/1523/317 624/1531/888 660/1514/875
f 717/1922/869 657/1916/947 797/1918/972
f 801/1365/861 674/1363/844 629/1335/286
f 681/1185/1047 706/1245/1266 670/1249/1058
f 669/1131/944 662/1109/1213 695/1114/963
f 677/662/1118 666/602/276 685/640/1247
f 693/678/1019 643/708/542 677/662/1118
f 698/1596/1046 735/1605/824 634/1607/1105
f 731/1939/631 691/1936/473 650/1943/1120
f 691/1455/473 636/1450/1191 650/1440/1120
f 689/751/705 643/708/542 693/678/1019
f 685/640/1247 666/602/276 687/551/1124
f 688/408/1037 668/428/922 672/403/1156
f 801/1365/861 629/1335/286 742/1330/732
f 653/1321/208 742/1330/732 629/1335/286
f 662/1109/1213 684/1021/381 708/1039/580
f 667/935/434 704/962/581 671/987/543
f 745/1641/707 634/1607/1105 735/1605/824
f 613/1464/523 723/1474/841 580/1484/741
f 738/227/902 751/248/752 578/236/1215
f 650/1440/1120 659/1429/968 736/1430/583
f 695/1114/963 681/1185/1047 669/1131/944
f 695/1114/963 662/1109/1213 708/1039/580
f 680/531/1176 645/520/645 673/477/1052
f 664/466/1305 710/475/716 673/477/1052
f 716/417/874 668/428/922 688/408/1037
f 647/2004/368 769/2014/1091 675/2020/255
f 738/227/902 584/224/1186 718/212/819
f 694/25/990 737/42/519 592/34/746
f 685/640/1247 697/656/192 677/662/1118
f 653/1619/208 692/1614/351 712/1618/853
f 638/1925/441 717/1922/869 789/1927/703
f 653/1321/208 712/1313/853 742/1330/732
f 648/312/630 638/306/441 789/305/703
f 684/1021/381 671/987/543 704/962/581
f 703/2047/689 729/2059/803 591/2046/378
f 750/1539/509 568/1538/1053 624/1531/888
f 782/1488/541 660/1514/875 580/1484/741
f 801/1365/861 683/1398/898 674/1363/844
f 678/1302/1187 639/1273/612 734/1297/680
f 734/1297/680 639/1273/612 696/1266/1159
f 741/1110/587 695/1114/963 708/1039/580
f 664/466/1305 700/465/352 710/475/716
f 711/1213/397 706/1245/1266 681/1185/1047
f 632/101/178 699/51/896 658/147/1221
f 836/275/858 797/294/972 657/293/947
f 693/678/1019 677/662/1118 697/656/192
f 708/1039/580 684/1021/381 704/962/581
f 689/751/705 693/678/1019 727/705/1125
f 719/913/766 646/890/439 679/830/598
f 713/1829/702 780/1948/837 606/1959/536
f 698/1596/1046 633/1591/407 750/1539/509
f 706/1245/1266 696/1266/1159 670/1249/1058
f 681/1185/1047 695/1114/963 707/1175/760
f 725/658/393 685/640/1247 721/585/1071
f 685/640/1247 687/551/1124 721/585/1071
f 721/585/1071 687/551/1124 705/539/366
f 687/551/1124 680/531/1176 715/530/301
f 719/913/766 679/830/598 724/851/765
f 750/1539/509 624/1531/888 776/1523/317
f 697/1157/192 685/1171/1247 725/1172/393
f 687/551/1124 715/530/301 705/539/366
f 690/452/747 668/428/922 716/417/874
f 704/962/581 667/935/434 719/913/766
f 667/935/434 646/890/439 719/913/766
f 783/1745/882 601/1730/828 815/1726/599
f 665/154/1098 658/147/1221 767/146/653
f 692/1312/351 678/1302/1187 712/1313/853
f 706/1245/1266 728/1254/357 696/1266/1159
f 761/382/606 672/403/1156 563/367/403
f 663/2030/264 722/2024/256 748/2028/1090
f 722/2024/256 675/2020/255 769/2014/1091
f 516/1764/711 869/1770/743 709/1778/676
f 723/1474/841 613/1464/523 775/1463/1102
f 718/212/819 714/168/900 778/201/753
f 778/201/753 714/168/900 788/172/691
f 782/1488/541 580/1484/741 723/1474/841
f 715/530/301 680/531/1176 739/509/1023
f 739/509/1023 680/531/1176 673/477/1052
f 688/408/1037 672/403/1156 761/382/606
f 761/382/606 563/367/403 730/361/566
f 707/1175/760 711/1213/397 681/1185/1047
f 869/1851/743 516/1855/711 682/1860/771
f 676/788/674 689/751/705 757/799/762
f 697/1198/192 725/1214/393 693/1215/1019
f 739/509/1023 673/477/1052 710/475/716
f 741/1110/587 708/1039/580 759/1054/956
f 679/830/598 676/788/674 757/799/762
f 689/751/705 727/705/1125 753/729/1008
f 815/1726/599 559/1717/575 880/1719/825
f 815/1726/599 601/1730/828 559/1717/575
f 559/1974/575 642/1981/690 880/1973/825
f 775/1463/1102 613/1464/523 691/1455/473
f 741/1110/587 707/1175/760 695/1114/963
f 725/658/393 721/585/1071 744/617/343
f 705/539/366 715/530/301 733/522/314
f 754/467/901 710/475/716 700/465/352
f 716/417/874 688/408/1037 749/414/615
f 749/414/615 688/408/1037 761/382/606
f 758/1262/485 734/1297/680 696/1266/1159
f 647/2004/368 606/1959/536 780/1948/837
f 658/147/1221 699/51/896 807/70/1007
f 731/1447/631 650/1440/1120 774/1441/782
f 774/1441/782 650/1440/1120 736/1430/583
f 742/1330/732 712/1313/853 743/1311/559
f 712/1313/853 678/1302/1187 734/1297/680
f 728/1254/357 706/1245/1266 746/1247/169
f 746/1247/169 706/1245/1266 711/1213/397
f 733/522/314 715/530/301 739/509/1023
f 732/868/1094 719/913/766 724/851/765
f 762/1902/745 475/1897/751 702/1890/757
f 767/146/653 658/147/1221 807/70/1007
f 736/1430/583 659/1429/968 683/1398/898
f 743/1311/559 712/1313/853 734/1297/680
f 721/585/1071 705/539/366 733/522/314
f 730/361/566 654/334/693 784/346/795
f 748/2028/1090 722/2024/256 747/2023/157
f 747/1083/157 722/1090/256 770/1091/1254
f 802/155/392 714/168/900 665/154/1098
f 793/1389/830 683/1398/898 801/1365/861
f 728/943/357 758/948/485 696/949/1159
f 679/830/598 757/799/762 724/851/765
f 744/617/343 740/654/420 725/658/393
f 721/585/1071 733/522/314 763/557/321
f 784/346/795 654/334/693 811/331/911
f 811/331/911 654/334/693 648/312/630
f 707/1175/760 741/1110/587 755/1144/783
f 719/913/766 765/957/926 704/962/581
f 732/868/1094 760/870/1155 719/913/766
f 781/2006/1095 769/2014/1091 647/2004/368
f 724/851/765 757/799/762 760/870/1155
f 754/467/901 700/465/352 690/452/747
f 690/452/747 716/417/874 764/447/1135
f 642/1707/690 726/1663/613 851/1712/848
f 836/275/858 657/293/947 751/248/752
f 752/601/570 744/617/343 721/585/1071
f 755/1144/783 711/1213/397 707/1175/760
f 727/705/1125 693/678/1019 725/658/393
f 740/654/420 727/705/1125 725/658/393
f 752/601/570 721/585/1071 763/557/321
f 694/25/990 825/31/696 737/42/519
f 711/1213/397 766/1205/1166 746/1247/169
f 755/1144/783 766/1205/1166 711/1213/397
f 727/705/1125 740/654/420 768/652/996
f 752/601/570 740/654/420 744/617/343
f 733/522/314 756/526/445 763/557/321
f 756/526/445 733/522/314 739/509/1023
f 739/509/1023 710/475/716 754/467/901
f 754/467/901 690/452/747 764/447/1135
f 704/962/581 765/957/926 708/1039/580
f 770/2022/1254 722/2024/256 769/2014/1091
f 748/2028/1090 720/2039/675 663/2030/264
f 642/1981/690 851/1977/848 880/1973/825
f 698/1596/1046 750/1539/509 824/1577/973
f 802/155/392 665/154/1098 767/146/653
f 779/4/668 694/25/990 661/11/727
f 758/1262/485 728/1254/357 746/1247/169
f 774/1441/782 736/1430/583 886/1432/601
f 724/851/765 760/870/1155 732/868/1094
f 748/2028/1090 747/2023/157 770/2022/1254
f 780/1948/837 781/2006/1095 647/2004/368
f 776/1523/317 660/1514/875 782/1488/541
f 782/1488/541 723/1474/841 775/1463/1102
f 743/1311/559 734/1297/680 795/1300/1082
f 765/957/926 719/913/766 786/917/924
f 757/799/762 689/751/705 753/729/1008
f 768/652/996 740/654/420 752/601/570
f 876/369/644 730/361/566 784/346/795
f 768/652/996 753/729/1008 727/705/1125
f 887/2064/785 686/2065/769 729/2059/803
f 682/1860/771 651/1873/777 841/1871/706
f 776/1523/317 782/1488/541 828/1521/796
f 717/1922/869 797/1918/972 789/1927/703
f 758/1262/485 746/1247/169 766/1205/1166
f 719/913/766 760/870/1155 786/917/924
f 738/227/902 718/212/819 919/215/713
f 779/4/668 927/22/897 694/25/990
f 736/1430/583 683/1398/898 814/1418/781
f 800/1265/269 758/1262/485 771/1248/1274
f 741/1110/587 772/1133/1062 755/1144/783
f 754/467/901 787/480/677 739/509/1023
f 759/1054/956 708/1039/580 765/957/926
f 764/447/1135 716/417/874 848/423/582
f 881/238/670 751/248/752 738/227/902
f 919/215/713 718/212/819 778/201/753
f 699/51/896 830/48/977 807/70/1007
f 771/1248/1274 758/1262/485 766/1205/1166
f 773/1200/626 766/1205/1166 755/1144/783
f 773/1200/626 755/1144/783 772/1133/1062
f 763/557/321 756/526/445 777/529/298
f 786/917/924 760/870/1155 790/852/816
f 790/852/816 760/870/1155 757/799/762
f 887/1884/785 702/1890/757 686/1887/769
f 881/238/670 738/227/902 860/226/640
f 860/226/640 738/227/902 919/215/713
f 830/48/977 699/51/896 737/42/519
f 772/1133/1062 741/1110/587 785/1106/679
f 757/799/762 753/729/1008 792/752/857
f 798/461/789 754/467/901 764/447/1135
f 848/423/582 716/417/874 749/414/615
f 795/1300/1082 734/1297/680 800/1265/269
f 756/526/445 739/509/1023 787/480/677
f 745/1641/707 735/1605/824 842/1606/289
f 851/1712/848 726/1663/613 845/1678/739
f 771/1248/1274 766/1205/1166 773/1200/626
f 785/1106/679 741/1110/587 759/1054/956
f 792/752/857 753/729/1008 768/652/996
f 831/446/322 798/461/789 764/447/1135
f 887/1884/785 980/1891/776 702/1890/757
f 910/2049/959 729/2059/803 703/2047/689
f 762/1902/745 702/1890/757 980/1891/776
f 735/1605/824 698/1596/1046 842/1606/289
f 842/1606/289 698/1596/1046 824/1577/973
f 767/146/653 807/70/1007 821/145/319
f 886/1432/601 736/1430/583 814/1418/781
f 791/606/862 752/601/570 763/557/321
f 734/1297/680 758/1262/485 800/1265/269
f 846/2031/1230 720/2039/675 748/2028/1090
f 959/1859/744 682/1860/771 841/1871/706
f 694/25/990 927/22/897 825/31/696
f 768/652/996 752/601/570 791/606/862
f 804/549/754 763/557/321 777/529/298
f 785/1106/679 759/1054/956 794/1017/872
f 846/2031/1230 748/2028/1090 770/2022/1254
f 742/1330/732 743/1311/559 796/1315/916
f 771/1248/1274 773/1200/626 809/1223/461
f 790/852/816 757/799/762 799/819/950
f 749/414/615 761/382/606 810/406/417
f 805/1327/1101 801/1365/861 742/1330/732
f 796/1315/916 743/1311/559 795/1300/1082
f 768/652/996 791/606/862 803/653/904
f 777/529/298 756/526/445 787/480/677
f 853/313/1117 811/331/911 648/312/630
f 795/1300/1082 800/1265/269 870/1275/1341
f 759/1054/956 765/957/926 794/1017/872
f 794/1017/872 765/957/926 808/952/946
f 808/952/946 765/957/926 786/917/924
f 768/652/996 803/653/904 792/752/857
f 763/557/321 804/549/754 791/606/862
f 831/446/322 764/447/1135 848/423/582
f 780/1948/837 713/1829/702 833/1832/810
f 745/1641/707 842/1606/289 863/1615/555
f 814/1418/781 683/1398/898 793/1389/830
f 796/69/916 805/73/1101 742/67/732
f 800/1265/269 771/1248/1274 809/1223/461
f 848/844/582 749/845/615 813/842/220
f 810/406/417 813/415/220 749/414/615
f 853/313/1117 648/312/630 789/305/703
f 799/819/950 757/799/762 792/752/857
f 843/2042/1138 703/2047/689 720/2039/675
f 841/1871/706 651/1873/777 701/1878/663
f 845/1678/739 726/1663/613 745/1641/707
f 802/155/392 767/146/653 821/145/319
f 806/1170/945 773/1200/626 812/1126/374
f 869/1851/743 682/1860/771 959/1859/744
f 773/1200/626 772/1133/1062 812/1126/374
f 812/1126/374 772/1133/1062 785/1106/679
f 820/792/1050 799/819/950 792/752/857
f 754/467/901 798/461/789 787/480/677
f 809/1223/461 773/1200/626 806/1170/945
f 889/1541/1076 824/1577/973 750/1539/509
f 792/752/857 803/653/904 823/720/625
f 713/1829/702 709/1778/676 833/1832/810
f 750/1539/509 776/1523/317 828/1521/796
f 889/1541/1076 750/1539/509 828/1521/796
f 788/172/691 714/168/900 802/155/392
f 835/108/1067 821/145/319 807/70/1007
f 822/1318/1338 796/1315/916 795/1300/1082
f 800/1265/269 809/1223/461 832/1252/1181
f 785/1106/679 794/1017/872 818/1067/487
f 817/611/685 791/606/862 804/549/754
f 794/1017/872 808/952/946 819/1002/919
f 808/952/946 786/917/924 864/926/1010
f 845/1678/739 745/1641/707 863/1615/555
f 832/1252/1181 870/1275/1341 800/1265/269
f 803/653/904 791/606/862 817/611/685
f 794/1017/872 819/1002/919 818/1067/487
f 937/2017/1229 846/2031/1230 770/2022/1254
f 895/2011/1201 769/2014/1091 781/2006/1095
f 812/1126/374 785/1106/679 826/1098/722
f 827/866/974 790/852/816 799/819/950
f 834/569/311 817/611/685 804/549/754
f 816/525/1197 804/549/754 777/529/298
f 887/2064/785 729/2059/803 938/2057/851
f 788/172/691 802/155/392 856/160/1206
f 856/160/1206 802/155/392 821/145/319
f 797/294/972 836/275/858 920/277/1260
f 785/1106/679 818/1067/487 826/1098/722
f 777/529/298 787/480/677 837/469/1375
f 837/469/1375 787/480/677 798/461/789
f 809/1223/461 806/1170/945 838/1159/1089
f 786/917/924 790/852/816 827/866/974
f 910/2049/959 703/2047/689 843/2042/1138
f 805/73/1101 796/69/916 822/71/1338
f 897/1448/1321 731/1447/631 774/1441/782
f 798/887/789 839/886/1202 837/898/1375
f 839/355/1202 798/353/789 831/365/322
f 864/926/1010 786/917/924 827/866/974
f 843/2042/1138 720/2039/675 846/2031/1230
f 869/1770/743 833/1832/810 709/1778/676
f 919/215/713 778/201/753 844/188/892
f 900/1453/1367 775/1463/1102 691/1455/473
f 801/1365/861 805/1327/1101 852/1334/179
f 812/1126/374 838/1159/1089 806/1170/945
f 847/680/359 803/653/904 817/611/685
f 777/529/298 837/469/1375 816/525/1197
f 820/792/1050 792/752/857 823/720/625
f 834/569/311 804/549/754 816/525/1197
f 782/1488/541 775/1463/1102 908/1462/1250
f 852/79/179 805/73/1101 822/71/1338
f 822/1318/1338 795/1300/1082 870/1275/1341
f 832/1252/1181 809/1223/461 850/1220/1317
f 850/1220/1317 809/1223/461 861/1186/482
f 838/1159/1089 812/1126/374 826/1098/722
f 799/819/950 820/792/1050 827/866/974
f 770/2022/1254 769/2014/1091 895/2011/1201
f 1013/2032/1204 843/2042/1138 846/2031/1230
f 849/1592/1028 842/1606/289 824/1577/973
f 897/1938/1321 691/1936/473 731/1939/631
f 952/1373/969 801/1365/861 852/1334/179
f 818/1067/487 819/1002/919 868/1048/942
f 823/720/625 803/653/904 847/680/359
f 847/680/359 817/611/685 866/632/592
f 864/926/1010 819/1002/919 808/952/946
f 834/569/311 816/525/1197 829/534/1277
f 849/1592/1028 824/1577/973 854/1573/1249
f 889/1649/1076 828/1650/796 873/1648/1309
f 900/1453/1367 908/1462/1250 775/1463/1102
f 778/201/753 788/172/691 844/188/892
f 844/188/892 788/172/691 856/160/1206
f 856/160/1206 821/145/319 857/109/390
f 917/1475/386 782/1488/541 908/1462/1250
f 836/275/858 751/248/752 881/238/670
f 900/1934/1367 691/1936/473 897/1938/1321
f 822/71/1338 840/66/1356 852/79/179
f 840/579/1356 822/593/1338 870/600/1341
f 817/611/685 834/569/311 862/564/1072
f 848/1655/582 813/1652/220 810/1654/417
f 895/2011/1201 781/2006/1095 780/1948/837
f 855/85/312 835/108/1067 807/70/1007
f 824/1577/973 889/1541/1076 854/1573/1249
f 828/1521/796 782/1488/541 917/1475/386
f 868/1048/942 826/1098/722 818/1067/487
f 868/1048/942 819/1002/919 879/955/1026
f 817/611/685 862/564/1072 858/595/1183
f 876/369/644 810/406/417 761/382/606
f 761/382/606 730/361/566 876/369/644
f 937/2017/1229 770/2022/1254 895/2011/1201
f 825/31/696 985/36/764 737/42/519
f 821/145/319 835/108/1067 857/109/390
f 857/109/390 835/108/1067 855/85/312
f 859/1166/1136 838/1159/1089 826/1098/722
f 865/1107/1163 826/1098/722 868/1048/942
f 866/632/592 817/611/685 858/595/1183
f 834/569/311 829/534/1277 862/564/1072
f 829/534/1277 816/525/1197 867/497/1372
f 816/525/1197 837/469/1375 867/497/1372
f 874/473/120 831/446/322 848/423/582
f 876/369/644 784/346/795 888/351/962
f 809/1223/461 838/1159/1089 861/1186/482
f 855/85/312 807/70/1007 830/48/977
f 789/1927/703 797/1918/972 877/1923/235
f 839/355/1202 831/365/322 874/368/120
f 859/1166/1136 861/1186/482 838/1159/1089
f 826/1098/722 865/1107/1163 859/1166/1136
f 864/926/1010 879/955/1026 819/1002/919
f 875/801/634 827/866/974 820/792/1050
f 893/701/912 823/720/625 847/680/359
f 848/423/582 810/406/417 876/369/644
f 827/866/974 875/801/634 878/836/501
f 919/215/713 844/188/892 956/195/1018
f 882/166/363 844/188/892 856/160/1206
f 894/68/504 855/85/312 830/48/977
f 839/1553/1202 867/1554/1372 837/1547/1375
f 814/1418/781 793/1389/830 952/1373/969
f 870/1275/1341 832/1252/1181 896/1236/1303
f 832/1252/1181 871/1221/1299 896/1236/1303
f 871/1221/1299 832/1252/1181 850/1220/1317
f 901/991/226 868/1048/942 879/955/1026
f 866/632/592 858/595/1183 885/578/1167
f 862/564/1072 829/534/1277 904/541/1267
f 864/926/1010 827/866/974 872/903/411
f 1139/1849/767 869/1851/743 959/1859/744
f 1035/1999/958 780/1948/837 833/1832/810
f 863/1615/555 842/1606/289 905/1597/1129
f 842/1606/289 849/1592/1028 905/1597/1129
f 852/79/179 840/66/1356 891/65/44
f 839/1182/1202 884/1183/109 867/1173/1372
f 897/1448/1321 774/1441/782 907/1442/1383
f 907/1442/1383 774/1441/782 886/1432/601
f 952/1373/969 852/1334/179 986/1353/530
f 904/541/1267 829/534/1277 867/497/1372
f 877/1923/235 853/1931/1117 789/1927/703
f 827/866/974 878/836/501 872/903/411
f 851/1712/848 845/1678/739 899/1673/1130
f 849/1592/1028 854/1573/1249 892/1557/1184
f 892/1557/1184 854/1573/1249 889/1541/1076
f 839/355/1202 874/368/120 884/354/109
f 898/78/145 852/79/179 891/65/44
f 925/1412/624 814/1418/781 952/1373/969
f 820/792/1050 823/720/625 911/763/539
f 823/720/625 893/701/912 911/763/539
f 885/578/1167 858/595/1183 862/564/1072
f 874/473/120 848/423/582 948/426/1146
f 877/1923/235 906/1924/1302 853/1931/1117
f 845/1678/739 863/1615/555 899/1673/1130
f 857/109/390 855/85/312 894/68/504
f 762/1902/745 1099/1903/779 779/1910/668
f 870/600/1341 891/580/44 840/579/1356
f 793/1389/830 801/1365/861 952/1373/969
f 935/1283/475 852/1334/179 898/1276/145
f 850/1220/1317 861/1186/482 921/1179/348
f 921/1179/348 861/1186/482 859/1166/1136
f 872/903/411 878/836/501 883/874/170
f 875/801/634 820/792/1050 911/763/539
f 904/541/1267 867/497/1372 902/510/262
f 948/426/1146 848/423/582 876/369/644
f 888/351/962 784/346/795 811/331/911
f 729/2059/803 910/2049/959 938/2057/851
f 856/160/1206 857/109/390 947/96/1275
f 951/1522/1031 828/1521/796 917/1475/386
f 918/1129/453 859/1166/1136 865/1107/1163
f 893/701/912 847/680/359 866/632/592
f 888/351/962 811/331/911 914/318/1419
f 811/331/911 853/313/1117 914/318/1419
f 828/1521/796 951/1522/1031 873/1532/1309
f 920/277/1260 877/299/235 797/294/972
f 947/96/1275 857/109/390 894/68/504
f 920/277/1260 836/275/858 881/238/670
f 867/1397/1372 884/1396/109 902/1419/262
f 886/1432/601 814/1418/781 925/1412/624
f 921/1179/348 859/1166/1136 918/1129/453
f 923/1078/1103 865/1107/1163 868/1048/942
f 879/955/1026 864/926/1010 903/954/483
f 903/954/483 864/926/1010 872/903/411
f 872/903/411 883/874/170 890/894/176
f 878/1080/501 890/1081/176 883/1070/170
f 936/383/1264 876/369/644 888/351/962
f 914/318/1419 853/313/1117 906/300/1302
f 893/701/912 866/632/592 912/638/1179
f 1099/1903/779 762/1902/745 980/1891/776
f 954/1537/527 889/1541/1076 873/1532/1309
f 844/188/892 882/166/363 913/157/212
f 956/195/1018 844/188/892 913/157/212
f 882/166/363 856/160/1206 947/96/1275
f 877/1923/235 920/1920/1260 906/1924/1302
f 884/1118/109 874/1140/120 902/1141/262
f 898/597/145 891/580/44 870/600/1341
f 870/1275/1341 896/1236/1303 915/1258/354
f 898/1276/145 870/1275/1341 915/1258/354
f 871/1221/1299 850/1220/1317 921/1179/348
f 916/1004/340 868/1048/942 901/991/226
f 901/991/226 879/955/1026 903/954/483
f 878/836/501 875/801/634 930/833/715
f 866/632/592 885/578/1167 928/614/326
f 862/564/1072 904/541/1267 885/578/1167
f 1013/2032/1204 846/2031/1230 937/2017/1229
f 1035/1999/958 895/2011/1201 780/1948/837
f 1035/1999/958 833/1832/810 1100/1834/695
f 905/1597/1129 849/1592/1028 892/1557/1184
f 892/1557/1184 889/1541/1076 954/1537/527
f 954/1537/527 873/1532/1309 951/1522/1031
f 830/48/977 958/50/943 894/68/504
f 967/1482/1225 951/1522/1031 917/1475/386
f 907/1442/1383 886/1432/601 925/1412/624
f 945/1210/1310 896/1236/1303 871/1221/1299
f 945/1210/1310 871/1221/1299 921/1179/348
f 918/1129/453 865/1107/1163 923/1078/1103
f 911/763/539 930/833/715 875/801/634
f 902/510/262 874/473/120 932/494/373
f 872/903/411 890/894/176 903/954/483
f 851/1712/848 899/1673/1130 933/1688/1111
f 899/1673/1130 863/1615/555 942/1621/584
f 942/1621/584 863/1615/555 905/1597/1129
f 906/300/1302 920/277/1260 931/302/1368
f 881/238/670 860/226/640 965/229/1070
f 965/229/1070 860/226/640 919/215/713
f 1040/1761/813 701/1760/663 783/1745/882
f 907/1940/1383 900/1934/1367 897/1938/1321
f 915/1670/354 896/1681/1303 909/1682/1390
f 901/991/226 903/954/483 916/1004/340
f 926/749/1109 911/763/539 893/701/912
f 928/614/326 885/578/1167 970/576/1343
f 904/541/1267 902/510/262 922/533/1233
f 936/383/1264 948/426/1146 876/369/644
f 890/894/176 878/836/501 930/833/715
f 1100/1834/695 833/1832/810 869/1770/743
f 1050/1711/1193 851/1712/848 933/1688/1111
f 913/157/212 882/166/363 924/144/164
f 882/166/363 947/96/1275 924/144/164
f 1099/1903/779 1114/1909/818 779/1910/668
f 779/4/668 1114/8/818 927/22/897
f 900/1934/1367 907/1940/1383 960/1933/1330
f 932/494/373 929/511/263 902/510/262
f 923/1078/1103 868/1048/942 934/1026/1147
f 934/1026/1147 868/1048/942 916/1004/340
f 912/638/1179 866/632/592 928/614/326
f 970/576/1343 885/578/1167 946/550/1340
f 885/578/1167 904/541/1267 946/550/1340
f 874/473/120 948/426/1146 932/494/373
f 936/383/1264 888/351/962 914/318/1419
f 944/893/1074 903/954/483 890/894/176
f 890/894/176 930/833/715 944/893/1074
f 958/2003/943 830/2002/977 737/2001/519
f 841/1871/706 701/1878/663 1040/1877/813
f 908/1462/1250 900/1453/1367 960/1416/1330
f 931/302/1368 941/339/1377 906/300/1302
f 941/1343/1377 914/1333/1419 906/1342/1302
f 941/1343/1377 940/1322/1398 914/1333/1419
f 961/1409/1413 907/1442/1383 925/1412/624
f 852/1334/179 935/1283/475 986/1353/530
f 918/1129/453 923/1078/1103 972/1085/846
f 916/1004/340 903/954/483 976/921/512
f 922/533/1233 902/510/262 929/511/263
f 936/383/1264 914/318/1419 940/344/1398
f 903/954/483 944/893/1074 976/921/512
f 978/774/684 930/833/715 911/763/539
f 942/1621/584 905/1597/1129 971/1561/246
f 971/1561/246 905/1597/1129 892/1557/1184
f 924/144/164 955/127/141 913/157/212
f 961/1941/1413 960/1933/1330 907/1940/1383
f 958/2003/943 737/2001/519 1273/2000/843
f 985/36/764 1273/44/843 737/42/519
f 933/1688/1111 899/1673/1130 942/1621/584
f 931/302/1368 920/277/1260 949/295/1297
f 915/920/354 909/911/1390 953/910/271
f 896/831/1303 953/832/271 909/823/1390
f 912/638/1179 928/614/326 939/625/315
f 990/956/921 916/1004/340 976/921/512
f 1149/2015/1075 895/2011/1201 1035/1999/958
f 971/1561/246 892/1557/1184 954/1537/527
f 917/1475/386 908/1462/1250 960/1416/1330
f 920/277/1260 881/238/670 965/229/1070
f 975/273/1141 920/277/1260 965/229/1070
f 947/96/1275 894/68/504 958/50/943
f 950/544/1329 922/533/1233 929/511/263
f 956/195/1018 913/157/212 955/127/141
f 898/1276/145 915/1258/354 935/1283/475
f 953/1218/271 896/1236/1303 945/1210/1310
f 983/1162/1222 921/1179/348 918/1129/453
f 926/749/1109 893/701/912 962/710/985
f 962/710/985 893/701/912 987/685/734
f 950/544/1329 946/550/1340 922/533/1233
f 922/533/1233 946/550/1340 904/541/1267
f 978/774/684 911/763/539 926/749/1109
f 917/1475/386 960/1416/1330 982/1413/253
f 949/295/1297 920/277/1260 975/273/1141
f 924/144/164 947/96/1275 968/103/265
f 955/127/141 924/144/164 968/103/265
f 918/1129/453 972/1085/846 983/1162/1222
f 934/1026/1147 916/1004/340 990/956/921
f 979/641/984 912/638/1179 939/625/315
f 928/614/326 970/576/1343 939/625/315
f 948/426/1146 996/506/387 932/494/373
f 940/344/1398 969/394/1212 936/383/1264
f 934/1026/1147 957/1053/278 923/1078/1103
f 851/1977/848 1050/1975/1193 880/1973/825
f 998/1735/443 783/1745/882 815/1726/599
f 973/1667/1032 933/1688/1111 942/1621/584
f 965/229/1070 919/215/713 956/195/1018
f 956/195/1018 955/127/141 984/165/1108
f 974/342/1344 941/339/1377 931/302/1368
f 966/1043/186 957/1053/278 934/1026/1147
f 925/1412/624 952/1373/969 961/1409/1413
f 944/893/1074 930/833/715 963/865/981
f 893/701/912 912/638/1179 979/641/984
f 948/426/1146 936/383/1264 969/394/1212
f 943/741/1246 926/749/1109 962/710/985
f 1052/1867/805 959/1859/744 841/1871/706
f 1050/1711/1193 933/1688/1111 1001/1677/1077
f 981/1584/894 942/1621/584 971/1561/246
f 968/103/265 947/96/1275 958/50/943
f 949/295/1297 974/342/1344 931/302/1368
f 946/550/1340 950/544/1329 964/552/1335
f 940/1469/1398 941/1446/1377 974/1468/1344
f 946/550/1340 964/552/1335 970/576/1343
f 935/1283/475 915/1258/354 993/1212/171
f 993/1212/171 915/1258/354 953/1218/271
f 945/1210/1310 921/1179/348 983/1162/1222
f 930/833/715 978/774/684 977/822/801
f 987/685/734 893/701/912 979/641/984
f 1101/1872/883 1052/1867/805 841/1871/706
f 1101/1872/883 841/1871/706 1040/1877/813
f 1001/1677/1077 933/1688/1111 973/1667/1032
f 973/1667/1032 942/1621/584 981/1584/894
f 992/258/820 975/273/1141 965/229/1070
f 940/344/1398 974/342/1344 995/379/1363
f 995/379/1363 969/394/1212 940/344/1398
f 961/1409/1413 952/1373/969 986/1353/530
f 972/1085/846 923/1078/1103 997/1060/358
f 966/1043/186 934/1026/1147 990/956/921
f 943/741/1246 978/774/684 926/749/1109
f 950/544/1329 929/511/263 996/506/387
f 996/506/387 929/511/263 932/494/373
f 957/1053/278 997/1060/358 923/1078/1103
f 974/342/1344 949/295/1297 1027/335/1244
f 1000/1437/1281 917/1475/386 982/1413/253
f 989/1935/1399 960/1933/1330 961/1941/1413
f 972/1085/846 1017/1135/1436 983/1162/1222
f 966/1043/186 990/956/921 1010/995/885
f 964/552/1335 950/544/1329 996/506/387
f 1042/837/1300 930/833/715 977/822/801
f 843/2042/1138 1013/2032/1204 1110/2038/1068
f 967/1482/1225 917/1475/386 1000/1437/1281
f 960/1416/1330 989/1390/1399 982/1413/253
f 965/229/1070 956/195/1018 991/230/774
f 1040/1761/813 783/1745/882 998/1735/443
f 1027/335/1244 949/295/1297 975/273/1141
f 993/1212/171 953/1218/271 994/1192/201
f 986/1353/530 935/1283/475 1031/1260/995
f 969/394/1212 995/379/1363 988/399/310
f 1009/761/641 978/774/684 943/741/1246
f 992/258/820 965/229/1070 991/230/774
f 968/103/265 1004/75/649 1025/83/7
f 955/127/141 968/103/265 1025/83/7
f 953/1218/271 945/1210/1310 994/1192/201
f 994/1192/201 945/1210/1310 983/1162/1222
f 943/741/1246 962/710/985 1009/761/641
f 979/641/984 939/625/315 1015/603/1464
f 970/576/1343 964/552/1335 999/575/187
f 1007/570/104 964/552/1335 996/506/387
f 948/426/1146 969/394/1212 988/399/310
f 1002/814/1054 977/822/801 1003/800/907
f 973/1667/1032 981/1584/894 1014/1631/1257
f 1005/1600/1216 981/1584/894 971/1561/246
f 956/195/1018 984/165/1108 1018/171/1013
f 968/103/265 958/50/943 1004/75/649
f 1008/364/1371 995/379/1363 974/342/1344
f 989/1935/1399 961/1941/1413 1038/1944/1428
f 997/1060/358 957/1053/278 966/1043/186
f 1006/915/822 976/921/512 944/893/1074
f 1006/915/822 944/893/1074 1012/864/940
f 963/865/981 930/833/715 1042/837/1300
f 977/822/801 978/774/684 1003/800/907
f 944/893/1074 963/865/981 1012/864/940
f 880/1719/825 998/1735/443 815/1726/599
f 954/1537/527 951/1522/1031 1022/1533/1039
f 1024/1467/520 967/1482/1225 1000/1437/1281
f 1008/364/1371 974/342/1344 1027/335/1244
f 1005/1600/1216 971/1561/246 954/1537/527
f 984/165/1108 955/127/141 1025/83/7
f 927/22/897 985/36/764 825/31/696
f 999/575/187 1015/603/1464 970/576/1343
f 961/1409/1413 986/1353/530 1038/1351/1428
f 1031/1260/995 935/1283/475 993/1212/171
f 1009/761/641 962/710/985 987/685/734
f 1015/603/1464 939/625/315 970/576/1343
f 1042/837/1300 977/822/801 1002/814/1054
f 1014/1631/1257 981/1584/894 1005/1600/1216
f 975/273/1141 1011/287/1178 1027/335/1244
f 1007/965/104 999/951/187 964/964/1335
f 1012/864/940 963/865/981 1042/837/1300
f 1003/800/907 978/774/684 1009/761/641
f 996/506/387 948/426/1146 1029/437/1140
f 1029/437/1140 948/426/1146 988/399/310
f 1161/2053/662 938/2057/851 910/2049/959
f 1033/1558/1080 1005/1600/1216 954/1537/527
f 951/1522/1031 967/1482/1225 1024/1467/520
f 992/258/820 1011/287/1178 975/273/1141
f 989/1390/1399 1019/1374/1407 982/1413/253
f 1038/1944/1428 1019/1937/1407 989/1935/1399
f 1021/1071/338 972/1085/846 997/1060/358
f 1026/1049/556 997/1060/358 966/1043/186
f 966/1043/186 1010/995/885 1026/1049/556
f 1010/995/885 990/956/921 1030/969/998
f 1009/761/641 987/685/734 1067/718/1444
f 987/685/734 979/641/984 1016/649/424
f 1016/649/424 979/641/984 1015/603/1464
f 1001/1677/1077 973/1667/1032 1014/1631/1257
f 1001/1677/1077 1092/1680/733 1050/1711/1193
f 1006/915/822 990/956/921 976/921/512
f 1028/390/1396 995/379/1363 1008/364/1371
f 1020/1168/1107 994/1192/201 983/1162/1222
f 1020/1168/1107 983/1162/1222 1017/1135/1436
f 1007/570/104 996/506/387 1066/536/1104
f 1006/915/822 1012/864/940 1063/908/651
f 987/685/734 1016/649/424 1067/718/1444
f 1050/1711/1193 998/1735/443 880/1719/825
f 1039/322/1218 1027/335/1244 1011/287/1178
f 1022/1533/1039 951/1522/1031 1043/1505/708
f 951/1522/1031 1024/1467/520 1043/1505/708
f 991/230/774 956/195/1018 1018/171/1013
f 1018/171/1013 984/165/1108 1034/125/1106
f 1007/496/104 1037/498/87 999/482/187
f 1038/1351/1428 986/1353/530 1086/1288/1412
f 994/1192/201 1020/1168/1107 993/1212/171
f 1006/915/822 1047/930/994 990/956/921
f 1029/437/1140 988/399/310 995/379/1363
f 937/2017/1229 895/2011/1201 1149/2015/1075
f 998/1735/443 1050/1711/1193 1090/1720/893
f 992/258/820 991/230/774 1051/228/709
f 1018/171/1013 1034/125/1106 1062/132/826
f 984/165/1108 1025/83/7 1034/125/1106
f 1000/1437/1281 982/1413/253 1019/1374/1407
f 1017/1985/1436 1023/1997/1389 1020/1987/1107
f 1017/1135/1436 972/1085/846 1021/1071/338
f 1021/1071/338 997/1060/358 1026/1049/556
f 1030/969/998 990/956/921 1047/930/994
f 1002/814/1054 1003/800/907 1032/790/1114
f 1003/800/907 1009/761/641 1032/790/1114
f 1100/1834/695 869/1770/743 1139/1769/767
f 1045/1640/1148 1005/1600/1216 1033/1558/1080
f 1011/287/1178 992/258/820 1051/228/709
f 1015/115/1464 999/134/187 1036/135/1289
f 1023/1997/1389 1017/1985/1436 1058/1983/1456
f 995/379/1363 1028/390/1396 1046/430/1427
f 1086/1288/1412 986/1353/530 1031/1260/995
f 1074/1160/331 993/1212/171 1020/1168/1107
f 1063/908/651 1012/864/940 1048/869/1188
f 1048/869/1188 1012/864/940 1042/837/1300
f 1055/827/268 1042/837/1300 1002/814/1054
f 1041/655/1448 1016/649/424 1015/603/1464
f 1029/437/1140 995/379/1363 1046/430/1427
f 1161/2053/662 887/2064/785 938/2057/851
f 1045/1640/1148 1014/1631/1257 1005/1600/1216
f 954/1537/527 1022/1533/1039 1033/1558/1080
f 1000/1437/1281 1044/1411/1239 1057/1417/710
f 1028/390/1396 1008/364/1371 1027/335/1244
f 1054/1058/1405 1019/1033/1407 1038/1032/1428
f 1036/135/1289 1041/119/1448 1015/115/1464
f 1037/498/87 1036/483/1289 999/482/187
f 1058/1088/1456 1021/1071/338 1026/1049/556
f 1006/915/822 1063/908/651 1047/930/994
f 1041/655/1448 1067/718/1444 1016/649/424
f 1096/58/983 958/50/943 1273/44/843
f 1001/1677/1077 1014/1631/1257 1045/1640/1148
f 1024/1467/520 1000/1437/1281 1057/1417/710
f 1044/1411/1239 1000/1437/1281 1019/1374/1407
f 991/230/774 1018/171/1013 1051/228/709
f 1051/228/709 1018/171/1013 1078/205/671
f 958/50/943 1096/58/983 1004/75/649
f 1053/131/1403 1041/119/1448 1036/135/1289
f 1023/320/1389 1076/349/80 1020/350/1107
f 1031/1260/995 993/1212/171 1074/1160/331
f 1017/1135/1436 1021/1071/338 1058/1088/1456
f 1055/827/268 1002/814/1054 1032/790/1114
f 1032/790/1114 1009/761/641 1067/718/1444
f 1037/613/87 1007/570/104 1066/536/1104
f 1056/455/1270 1029/437/1140 1046/430/1427
f 1039/322/1218 1011/287/1178 1060/270/428
f 1018/171/1013 1062/132/826 1064/167/672
f 1019/1374/1407 1054/1341/1405 1081/1336/1301
f 1028/1029/1396 1049/1027/1462 1046/1018/1427
f 1095/1255/692 1086/1288/1412 1031/1260/995
f 1026/1049/556 1010/995/885 1030/969/998
f 1066/536/1104 996/506/387 1029/437/1140
f 1227/2029/1041 937/2017/1229 1149/2015/1075
f 1227/2029/1041 1013/2032/1204 937/2017/1229
f 887/1884/785 1244/1882/770 980/1891/776
f 1092/1680/733 1001/1677/1077 1045/1640/1148
f 1045/1640/1148 1033/1558/1080 1087/1572/759
f 1027/335/1244 1079/376/1157 1028/390/1396
f 1060/270/428 1011/287/1178 1051/228/709
f 1078/205/671 1018/171/1013 1064/167/672
f 1053/760/1403 1036/759/1289 1061/768/88
f 1069/326/1034 1076/349/80 1023/320/1389
f 1023/1997/1389 1058/1983/1456 1069/1995/1034
f 1037/498/87 1061/491/88 1036/483/1289
f 1074/1160/331 1020/1168/1107 1076/1087/80
f 1059/861/216 1048/869/1188 1042/837/1300
f 1027/335/1244 1039/322/1218 1075/345/1064
f 1085/1345/1346 1044/1411/1239 1019/1374/1407
f 1034/1195/1106 1025/1184/7 1004/1194/649
f 1077/1382/1315 1054/1369/1405 1038/1381/1428
f 1089/1010/1467 1058/1088/1456 1026/1049/556
f 1065/960/464 1030/969/998 1047/930/994
f 1059/861/216 1042/837/1300 1055/827/268
f 1070/803/442 1055/827/268 1032/790/1114
f 1024/1467/520 1057/1417/710 1118/1436/432
f 1028/390/1396 1079/376/1157 1080/429/1323
f 1075/345/1064 1039/322/1218 1060/270/428
f 1085/1345/1346 1019/1374/1407 1081/1336/1301
f 1028/390/1396 1080/429/1323 1049/427/1462
f 1027/335/1244 1075/345/1064 1079/376/1157
f 1073/136/593 1067/116/1444 1041/119/1448
f 1041/119/1448 1053/131/1403 1073/136/593
f 1082/1030/1431 1046/1018/1427 1049/1027/1462
f 1059/861/216 1055/827/268 1071/863/205
f 1071/863/205 1055/827/268 1068/826/228
f 1068/826/228 1055/827/268 1070/803/442
f 1066/536/1104 1029/437/1140 1056/455/1270
f 1056/455/1270 1046/430/1427 1082/468/1431
f 910/2049/959 843/2042/1138 1110/2038/1068
f 1087/1572/759 1033/1558/1080 1106/1508/401
f 1106/1508/401 1033/1558/1080 1022/1533/1039
f 1106/1508/401 1022/1533/1039 1043/1505/708
f 1141/1477/654 1043/1505/708 1024/1467/520
f 1034/125/1106 1004/75/649 1093/102/635
f 1073/766/593 1053/760/1403 1061/768/88
f 1081/1336/1301 1054/1341/1405 1077/1320/1315
f 1058/1983/1456 1072/1998/1477 1069/1995/1034
f 1030/969/998 1065/960/464 1026/1049/556
f 1071/863/205 1063/908/651 1048/869/1188
f 1059/861/216 1071/863/205 1048/869/1188
f 1070/803/442 1032/790/1114 1094/767/1414
f 1147/647/610 1061/648/88 1037/613/87
f 1227/2029/1041 1110/2038/1068 1013/2032/1204
f 1044/1411/1239 1085/1345/1346 1088/1391/723
f 1097/260/350 1060/270/428 1051/228/709
f 1049/427/1462 1080/429/1323 1083/445/1381
f 985/36/764 927/22/897 1183/23/724
f 1073/1945/593 1061/1955/88 1084/1961/50
f 1049/427/1462 1083/445/1381 1082/468/1431
f 1031/1260/995 1074/1160/331 1154/1153/1030
f 1104/985/1460 1026/1049/556 1065/960/464
f 1065/960/464 1047/930/994 1063/908/651
f 1032/790/1114 1067/718/1444 1094/767/1414
f 1133/1651/537 1045/1640/1148 1087/1572/759
f 1057/1417/710 1044/1411/1239 1088/1391/723
f 1097/260/350 1051/228/709 1078/205/671
f 1062/132/826 1034/125/1106 1093/102/635
f 1084/704/50 1061/648/88 1147/647/610
f 1037/613/87 1066/536/1104 1125/547/1314
f 1066/536/1104 1056/455/1270 1082/468/1431
f 1092/1680/733 1045/1640/1148 1133/1651/537
f 1138/1551/305 1087/1572/759 1106/1508/401
f 1106/1508/401 1043/1505/708 1141/1477/654
f 1097/260/350 1078/205/671 1122/232/761
f 1086/796/1412 1077/805/1315 1038/797/1428
f 1089/1988/1467 1072/1998/1477 1058/1983/1456
f 1073/136/593 1094/121/1414 1067/116/1444
f 1098/1231/1457 1082/1216/1431 1083/1230/1381
f 1086/1288/1412 1095/1255/692 1134/1261/1410
f 1031/1260/995 1154/1153/1030 1095/1255/692
f 1089/1010/1467 1026/1049/556 1104/985/1460
f 1104/985/1460 1065/960/464 1063/908/651
f 1063/908/651 1071/863/205 1103/849/1424
f 1118/1436/432 1057/1417/710 1142/1405/633
f 1057/1417/710 1088/1391/723 1142/1405/633
f 1040/1761/813 998/1735/443 1188/1736/669
f 1050/1711/1193 1092/1680/733 1180/1710/915
f 1080/429/1323 1079/376/1157 1129/393/1182
f 1096/58/983 1093/102/635 1004/75/649
f 1081/1336/1301 1077/1320/1315 1091/1295/1369
f 1091/1295/1369 1077/1320/1315 1086/1288/1412
f 1072/1998/1477 1089/1988/1467 1124/1993/162
f 1107/460/1258 1098/488/1457 1083/445/1381
f 1071/863/205 1068/826/228 1103/849/1424
f 1105/779/1458 1070/803/442 1094/767/1414
f 1244/2063/770 887/2064/785 1161/2053/662
f 1129/393/1182 1079/376/1157 1146/359/1126
f 1146/359/1126 1079/376/1157 1075/345/1064
f 1155/156/1051 1064/167/672 1062/132/826
f 1141/1477/654 1024/1467/520 1118/1436/432
f 1072/454/1477 1102/478/38 1069/464/1034
f 1072/454/1477 1124/453/162 1102/478/38
f 1094/767/1414 1073/702/593 1113/762/75
f 1107/460/1258 1083/445/1381 1080/429/1323
f 1114/8/818 1183/23/724 927/22/897
f 1111/1582/1479 1091/1599/1369 1086/1581/1412
f 1076/349/80 1069/326/1034 1121/348/66
f 1102/323/38 1121/348/66 1069/326/1034
f 1073/1945/593 1084/1961/50 1113/1951/75
f 1108/1225/1409 1082/1216/1431 1098/1231/1457
f 1104/985/1460 1063/908/651 1103/849/1424
f 1068/826/228 1070/803/442 1103/849/1424
f 1103/849/1424 1070/803/442 1105/779/1458
f 1125/547/1314 1066/536/1104 1108/503/1409
f 1066/536/1104 1082/468/1431 1108/503/1409
f 1075/345/1064 1060/270/428 1144/296/505
f 1060/270/428 1097/260/350 1144/296/505
f 1122/232/761 1078/205/671 1145/203/979
f 1078/205/671 1064/167/672 1145/203/979
f 1062/132/826 1093/102/635 1155/156/1051
f 1091/1599/1369 1111/1582/1479 1109/1590/344
f 1132/1544/1210 1091/1529/1369 1109/1528/344
f 1086/1357/1412 1134/1358/1410 1111/1346/1479
f 1105/779/1458 1094/767/1414 1113/762/75
f 1117/748/89 1084/704/50 1147/647/610
f 1147/647/610 1037/613/87 1125/547/1314
f 1188/1736/669 998/1735/443 1090/1720/893
f 1133/1651/537 1087/1572/759 1138/1551/305
f 1088/1391/723 1085/1345/1346 1156/1344/486
f 1155/156/1051 1093/102/635 1151/89/621
f 1120/1580/233 1109/1590/344 1111/1582/1479
f 1159/433/1219 1107/460/1258 1080/429/1323
f 1119/1990/1442 1112/1989/1487 1115/1996/1282
f 1112/1989/1487 1116/1991/1151 1115/1996/1282
f 1113/1994/75 1116/1991/1151 1105/1982/1458
f 1132/1279/1210 1081/1336/1301 1091/1295/1369
f 1104/1986/1460 1119/1990/1442 1127/1992/204
f 1112/1989/1487 1105/1982/1458 1116/1991/1151
f 1117/1963/89 1113/1951/75 1084/1961/50
f 1098/488/1457 1107/460/1258 1150/499/1382
f 1124/1993/162 1089/1988/1467 1104/1986/1460
f 1104/1986/1460 1112/1989/1487 1119/1990/1442
f 1104/1986/1460 1103/1984/1424 1112/1989/1487
f 1103/1984/1424 1105/1982/1458 1112/1989/1487
f 1085/1345/1346 1081/1336/1301 1136/1294/1373
f 1159/433/1219 1080/429/1323 1129/393/1182
f 1146/359/1126 1075/345/1064 1152/332/756
f 1152/332/756 1075/345/1064 1144/296/505
f 1145/203/979 1064/167/672 1155/156/1051
f 1040/1761/813 1188/1736/669 1276/1756/800
f 1088/1391/723 1156/1344/486 1142/1405/633
f 1143/1478/1400 1131/1479/1470 1123/1472/23
f 1143/1494/1400 1123/1498/23 1109/1495/344
f 1109/1643/344 1120/1635/233 1143/1642/1400
f 1134/1751/1410 1143/1763/1400 1120/1752/233
f 1116/1953/1151 1126/1954/24 1115/1947/1282
f 1136/1294/1373 1081/1336/1301 1132/1279/1210
f 1123/1627/23 1132/1634/1210 1109/1623/344
f 1134/1690/1410 1132/1699/1210 1111/1683/1479
f 1131/1731/1470 1132/1713/1210 1134/1728/1410
f 1134/1525/1410 1120/1526/233 1131/1520/1470
f 1123/1472/23 1131/1479/1470 1120/1481/233
f 1120/1633/233 1132/1634/1210 1123/1627/23
f 1120/1485/233 1111/1489/1479 1132/1486/1210
f 1102/1946/38 1124/1949/162 1121/1960/66
f 1115/1947/1282 1126/1954/24 1119/1956/1442
f 1116/1953/1151 1128/1958/26 1126/1954/24
f 1117/1963/89 1116/1953/1151 1113/1951/75
f 1150/1656/1382 1108/1666/1409 1098/1657/1457
f 1127/1992/204 1124/1993/162 1104/1986/1460
f 1119/936/1442 1130/941/42 1127/939/204
f 1119/936/1442 1126/940/24 1130/941/42
f 1116/1953/1151 1117/1963/89 1128/1958/26
f 1074/1160/331 1076/1087/80 1167/1092/642
f 1076/1087/80 1121/1035/66 1167/1092/642
f 1124/1949/162 1135/1962/55 1121/1960/66
f 1144/296/505 1097/260/350 1122/232/761
f 1150/499/1382 1140/517/1441 1108/503/1409
f 1143/1704/1400 1136/1705/1373 1132/1700/1210
f 1135/1962/55 1127/1950/204 1130/1957/42
f 1131/1503/1470 1143/1504/1400 1132/1510/1210
f 1148/712/1455 1143/707/1400 1134/699/1410
f 1135/1962/55 1124/1949/162 1127/1950/204
f 1130/1957/42 1137/1964/116 1135/1962/55
f 1130/1957/42 1126/1954/24 1137/1964/116
f 1126/1954/24 1128/1958/26 1137/1964/116
f 1128/810/26 1117/748/89 1137/791/116
f 1161/2053/662 910/2049/959 1110/2038/1068
f 1158/1679/639 1092/1680/733 1133/1651/537
f 1144/296/505 1122/232/761 1179/247/831
f 1151/89/621 1093/102/635 1096/58/983
f 1136/1294/1373 1153/1305/955 1085/1345/1346
f 1163/1250/1376 1136/1294/1373 1143/1272/1400
f 1154/1153/1030 1074/1160/331 1167/1092/642
f 1135/963/55 1137/791/116 1160/867/1066
f 1137/791/116 1117/748/89 1175/811/1049
f 1125/547/1314 1108/503/1409 1140/517/1441
f 1162/559/1459 1125/547/1314 1140/517/1441
f 1099/1903/779 980/1891/776 1279/1892/750
f 1229/56/870 1096/58/983 1273/44/843
f 1090/1720/893 1050/1711/1193 1180/1710/915
f 1085/1345/1346 1153/1305/955 1156/1344/486
f 1172/574/1370 1140/517/1441 1150/499/1382
f 1163/1250/1376 1143/1272/1400 1148/1256/1455
f 1134/1261/1410 1095/1255/692 1164/1191/1418
f 1117/748/89 1147/647/610 1165/690/1021
f 1101/1872/883 1040/1877/813 1276/1881/800
f 1180/1710/915 1092/1680/733 1158/1679/639
f 1106/1508/401 1141/1477/654 1157/1536/1139
f 1118/1436/432 1142/1405/633 1171/1408/960
f 1159/433/1219 1177/486/1293 1107/460/1258
f 1179/247/831 1122/232/761 1145/203/979
f 1169/130/1134 1155/156/1051 1151/89/621
f 1153/1305/955 1136/1294/1373 1163/1250/1376
f 1107/460/1258 1177/486/1293 1150/499/1382
f 1121/1035/66 1135/963/55 1170/929/927
f 1170/929/927 1135/963/55 1160/867/1066
f 1165/690/1021 1175/811/1049 1117/748/89
f 1173/1624/600 1158/1679/639 1133/1651/537
f 1133/1651/537 1138/1551/305 1173/1624/600
f 1138/1551/305 1106/1508/401 1157/1536/1139
f 1141/1477/654 1118/1436/432 1171/1408/960
f 1159/433/1219 1129/393/1182 1174/392/1158
f 1174/392/1158 1129/393/1182 1181/358/929
f 1129/393/1182 1146/359/1126 1181/358/929
f 1152/332/756 1181/358/929 1146/359/1126
f 1152/332/756 1144/296/505 1182/288/836
f 1168/1552/1195 1138/1551/305 1157/1536/1139
f 1142/1405/633 1156/1344/486 1193/1366/986
f 1145/203/979 1155/156/1051 1200/163/928
f 1345/35/683 985/36/764 1183/23/724
f 1148/1256/1455 1166/1202/1354 1178/1207/1392
f 1134/699/1410 1166/709/1354 1148/712/1455
f 1166/709/1354 1134/699/1410 1164/698/1418
f 1164/1191/1418 1095/1255/692 1154/1153/1030
f 1167/1092/642 1121/1035/66 1170/929/927
f 1147/647/610 1125/547/1314 1162/559/1459
f 1182/288/836 1144/296/505 1179/247/831
f 1180/1710/915 1158/1679/639 1213/1689/939
f 1171/1408/960 1142/1405/633 1193/1366/986
f 1194/1246/1272 1153/1305/955 1163/1250/1376
f 1177/486/1293 1185/519/1324 1150/499/1382
f 1273/44/843 985/36/764 1345/35/683
f 1138/1551/305 1168/1552/1195 1173/1624/600
f 1186/1323/1029 1156/1344/486 1153/1305/955
f 1172/563/1370 1162/545/1459 1140/556/1441
f 1172/1000/1370 1150/999/1382 1176/1007/160
f 1176/555/160 1150/499/1382 1185/519/1324
f 1178/1207/1392 1163/1250/1376 1148/1256/1455
f 1154/1153/1030 1167/1092/642 1191/1148/1402
f 1137/791/116 1175/811/1049 1160/867/1066
f 1253/1866/827 959/1859/744 1052/1867/805
f 1197/1593/577 1173/1624/600 1168/1552/1195
f 1141/1477/654 1171/1408/960 1184/1459/1048
f 1170/929/927 1160/867/1066 1175/811/1049
f 1147/647/610 1162/559/1459 1189/599/1420
f 1139/1849/767 959/1859/744 1301/1858/852
f 1253/1866/827 1052/1867/805 1101/1872/883
f 1168/1552/1195 1157/1536/1139 1190/1515/1154
f 1184/1459/1048 1157/1536/1139 1141/1477/654
f 1177/486/1293 1159/433/1219 1199/418/1042
f 1199/418/1042 1159/433/1219 1174/392/1158
f 1179/247/831 1145/203/979 1200/163/928
f 1151/89/621 1096/58/983 1229/56/870
f 1153/1305/955 1194/1246/1272 1186/1323/1029
f 1187/621/1430 1163/620/1376 1178/605/1392
f 1035/1999/958 1100/1834/695 1357/2007/558
f 1184/1459/1048 1171/1408/960 1203/1425/854
f 1181/358/929 1152/332/756 1182/288/836
f 1200/163/928 1155/156/1051 1169/130/1134
f 1164/1191/1418 1154/1153/1030 1191/1148/1402
f 1147/647/610 1189/599/1420 1165/690/1021
f 1307/2060/661 1244/2063/770 1161/2053/662
f 1213/1689/939 1158/1679/639 1205/1658/840
f 1158/1679/639 1173/1624/600 1205/1658/840
f 1190/1515/1154 1197/1593/577 1168/1552/1195
f 1157/1536/1139 1184/1459/1048 1190/1515/1154
f 1156/1344/486 1186/1323/1029 1193/1366/986
f 1189/599/1420 1172/574/1370 1195/587/1359
f 1169/130/1134 1151/89/621 1229/56/870
f 1172/574/1370 1176/555/160 1195/587/1359
f 1172/563/1370 1189/546/1420 1162/545/1459
f 1178/1207/1392 1166/1202/1354 1198/1156/1434
f 1166/709/1354 1164/698/1418 1198/711/1434
f 1192/1063/1144 1167/1092/642 1170/929/927
f 1357/2007/558 1149/2015/1075 1035/1999/958
f 1301/1858/852 959/1859/744 1253/1866/827
f 1194/1246/1272 1163/1250/1376 1187/1199/1430
f 1194/1246/1272 1187/1199/1430 1220/1211/1240
f 1217/474/1033 1177/486/1293 1199/418/1042
f 1198/1156/1434 1164/1191/1418 1191/1148/1402
f 1170/929/927 1175/811/1049 1196/918/847
f 1175/811/1049 1165/690/1021 1204/703/1203
f 1203/1425/854 1171/1408/960 1193/1366/986
f 1214/280/1196 1182/288/836 1179/247/831
f 1200/163/928 1169/130/1134 1207/104/1165
f 1169/130/1134 1229/56/870 1207/104/1165
f 1176/555/160 1185/519/1324 1202/537/1308
f 1185/519/1324 1177/486/1293 1206/508/952
f 1192/1063/1144 1170/929/927 1196/918/847
f 1196/918/847 1175/811/1049 1204/703/1203
f 1197/1593/577 1190/1515/1154 1225/1543/931
f 1216/1301/1208 1193/1366/986 1186/1323/1029
f 1217/474/1033 1206/508/952 1177/486/1293
f 1199/418/1042 1174/392/1158 1181/358/929
f 1179/247/831 1200/163/928 1209/207/856
f 1304/1706/659 1180/1710/915 1213/1689/939
f 1195/307/1359 1201/303/1450 1189/290/1420
f 1178/605/1392 1198/604/1434 1187/621/1430
f 1198/1156/1434 1191/1148/1402 1208/1123/1443
f 1191/1148/1402 1167/1092/642 1192/1063/1144
f 1346/1870/793 1253/1866/827 1101/1872/883
f 1346/396/793 1101/397/883 1276/389/800
f 1205/1658/840 1173/1624/600 1197/1593/577
f 1230/1587/1200 1197/1593/577 1225/1543/931
f 1214/280/1196 1179/247/831 1209/207/856
f 1195/587/1359 1176/555/160 1202/537/1308
f 1210/291/1468 1201/303/1450 1211/319/1429
f 1189/290/1420 1201/303/1450 1210/291/1468
f 1204/703/1203 1165/690/1021 1210/639/1468
f 1165/690/1021 1189/599/1420 1210/639/1468
f 1387/1826/647 1100/1834/695 1139/1769/767
f 1244/1882/770 1279/1892/750 980/1891/776
f 1304/666/659 1090/665/893 1180/671/915
f 1225/1543/931 1190/1515/1154 1215/1490/1027
f 1190/1515/1154 1184/1459/1048 1215/1490/1027
f 1184/1459/1048 1203/1425/854 1215/1490/1027
f 1203/1425/854 1193/1366/986 1231/1386/666
f 1186/1323/1029 1194/1246/1272 1216/1301/1208
f 1199/418/1042 1181/358/929 1223/324/1100
f 1223/324/1100 1181/358/929 1182/288/836
f 1304/1706/659 1213/1689/939 1282/1685/838
f 1187/1199/1430 1198/1156/1434 1220/1211/1240
f 1198/1156/1434 1226/1137/1366 1220/1211/1240
f 1219/561/1268 1201/612/1450 1195/587/1359
f 1195/587/1359 1202/537/1308 1219/561/1268
f 1198/1156/1434 1208/1123/1443 1226/1137/1366
f 1208/1123/1443 1191/1148/1402 1192/1063/1144
f 1208/1123/1443 1192/1063/1144 1212/1084/1411
f 1212/1084/1411 1192/1063/1144 1232/1042/1374
f 1232/1042/1374 1192/1063/1144 1218/1012/335
f 1218/1012/335 1192/1063/1144 1196/918/847
f 1196/918/847 1204/703/1203 1224/906/1251
f 1099/1903/779 1279/1892/750 1342/1900/667
f 1231/1386/666 1193/1366/986 1235/1359/656
f 1235/1359/656 1193/1366/986 1216/1301/1208
f 1241/183/997 1209/207/856 1200/163/928
f 1202/537/1308 1206/508/952 1219/561/1268
f 1206/508/952 1202/537/1308 1185/519/1324
f 1196/918/847 1224/906/1251 1218/1012/335
f 1224/906/1251 1204/703/1203 1222/757/1269
f 1205/1658/840 1197/1593/577 1230/1587/1200
f 1238/1460/954 1215/1490/1027 1203/1425/854
f 1199/418/1042 1223/324/1100 1270/381/719
f 1223/324/1100 1182/288/836 1214/280/1196
f 1222/757/1269 1204/703/1203 1233/706/1425
f 1205/1658/840 1230/1587/1200 1243/1616/1116
f 1220/1211/1240 1216/1301/1208 1194/1246/1272
f 1214/280/1196 1209/207/856 1247/242/447
f 1245/114/449 1200/163/928 1207/104/1165
f 1210/291/1468 1211/319/1429 1236/309/1416
f 1221/740/1435 1208/728/1443 1212/725/1411
f 1233/706/1425 1204/703/1203 1210/639/1468
f 1230/1587/1200 1225/1543/931 1246/1575/1142
f 1238/1460/954 1203/1425/854 1231/1386/666
f 1207/104/1165 1229/56/870 1260/74/607
f 1260/74/607 1229/56/870 1312/59/845
f 1211/633/1429 1201/612/1450 1228/634/488
f 1201/612/1450 1219/561/1268 1254/642/1192
f 1221/740/1435 1212/725/1411 1234/739/1423
f 1234/739/1423 1212/725/1411 1239/730/1426
f 1210/291/1468 1236/309/1416 1233/292/1425
f 1218/1012/335 1224/906/1251 1232/1042/1374
f 1240/802/1453 1222/757/1269 1233/706/1425
f 1213/1689/939 1205/1658/840 1267/1669/681
f 1282/1685/838 1213/1689/939 1267/1669/681
f 1235/1359/656 1216/1301/1208 1249/1304/398
f 1228/634/488 1236/686/1416 1211/633/1429
f 1219/561/1268 1206/508/952 1255/565/652
f 1206/508/952 1217/474/1033 1258/492/814
f 1217/474/1033 1199/418/1042 1270/381/719
f 1226/1137/1366 1208/1123/1443 1221/1099/1435
f 1221/1099/1435 1234/1074/1423 1226/1137/1366
f 1254/642/1192 1228/634/488 1201/612/1450
f 1239/1047/1426 1212/1084/1411 1232/1042/1374
f 1232/1042/1374 1224/906/1251 1237/912/1332
f 1237/912/1332 1224/906/1251 1222/757/1269
f 1225/1543/931 1215/1490/1027 1238/1460/954
f 1255/565/652 1206/508/952 1258/492/814
f 1270/381/719 1223/324/1100 1259/325/909
f 1259/325/909 1223/324/1100 1214/280/1196
f 1245/114/449 1207/104/1165 1260/74/607
f 1219/561/1268 1255/565/652 1254/642/1192
f 1237/912/1332 1239/1047/1426 1232/1042/1374
f 1233/706/1425 1236/686/1416 1242/726/1447
f 1240/802/1453 1233/706/1425 1242/726/1447
f 1387/1826/647 1382/1896/611 1100/1834/695
f 1377/2040/564 1392/2056/590 1110/2038/1068
f 1312/59/845 1229/56/870 1273/44/843
f 1267/1669/681 1205/1658/840 1243/1616/1116
f 1220/1211/1240 1226/1137/1366 1250/1169/384
f 1250/1169/384 1226/1137/1366 1252/1057/1454
f 1226/1137/1366 1234/1074/1423 1252/1057/1454
f 1254/642/1192 1236/686/1416 1228/634/488
f 1259/325/909 1214/280/1196 1247/242/447
f 1247/242/447 1209/207/856 1241/183/997
f 1241/183/997 1200/163/928 1245/114/449
f 1234/1074/1423 1239/1047/1426 1252/1057/1454
f 1252/1057/1454 1239/1047/1426 1248/1024/1480
f 1237/912/1332 1222/757/1269 1240/802/1453
f 1161/2053/662 1110/2038/1068 1392/2056/590
f 1090/1720/893 1314/1721/277 1188/1736/669
f 1243/1616/1116 1230/1587/1200 1246/1575/1142
f 1225/1543/931 1238/1460/954 1272/1518/735
f 1238/1460/954 1231/1386/666 1264/1402/455
f 1249/1304/398 1216/1301/1208 1257/1240/508
f 1257/1240/508 1216/1301/1208 1220/1211/1240
f 1258/492/814 1217/474/1033 1270/381/719
f 1247/242/447 1241/183/997 1274/174/293
f 1242/726/1447 1236/686/1416 1254/642/1192
f 1239/1047/1426 1237/912/1332 1248/1024/1480
f 1246/1575/1142 1225/1543/931 1272/1518/735
f 1264/1402/455 1231/1386/666 1235/1359/656
f 1257/1240/508 1220/1211/1240 1250/1169/384
f 1259/325/909 1247/242/447 1275/243/325
f 1274/174/293 1241/183/997 1277/150/323
f 1252/13/1454 1248/9/1480 1256/16/1486
f 1262/713/1417 1242/726/1447 1254/642/1192
f 1248/9/1480 1240/2/1453 1256/16/1486
f 1240/2/1453 1251/12/1485 1256/16/1486
f 1240/2/1453 1242/3/1447 1251/12/1485
f 1237/912/1332 1240/802/1453 1248/1024/1480
f 1243/1616/1116 1246/1575/1142 1281/1566/535
f 1281/1566/535 1246/1575/1142 1272/1518/735
f 1272/1518/735 1238/1460/954 1283/1458/1069
f 1283/1458/1069 1238/1460/954 1264/1402/455
f 1280/1296/468 1249/1304/398 1257/1240/508
f 1257/1240/508 1250/1169/384 1266/1193/287
f 1266/1193/287 1250/1169/384 1265/1138/1255
f 1250/1169/384 1252/1057/1454 1265/1138/1255
f 1263/1037/1298 1265/1138/1255 1252/1057/1454
f 1261/856/1345 1263/1037/1298 1256/946/1486
f 1261/856/1345 1256/946/1486 1251/813/1485
f 1261/856/1345 1251/813/1485 1262/713/1417
f 1256/946/1486 1263/1037/1298 1252/1057/1454
f 1251/12/1485 1242/3/1447 1262/15/1417
f 1377/2040/564 1110/2038/1068 1227/2029/1041
f 1235/1359/656 1249/1304/398 1280/1296/468
f 1268/723/76 1263/715/1298 1261/722/1345
f 1254/642/1192 1255/565/652 1269/631/302
f 1255/565/652 1258/492/814 1291/490/881
f 1258/492/814 1270/381/719 1298/440/755
f 1285/301/627 1259/325/909 1275/243/325
f 1275/243/325 1247/242/447 1274/174/293
f 1241/183/997 1245/114/449 1278/99/1131
f 1245/114/449 1260/74/607 1278/99/1131
f 1265/1138/1255 1263/1037/1298 1293/1061/655
f 1263/1740/1298 1268/1743/76 1293/1741/655
f 1261/856/1345 1271/892/195 1268/1040/76
f 1261/856/1345 1262/713/1417 1271/892/195
f 1254/642/1192 1269/631/302 1262/713/1417
f 1339/1850/871 1139/1849/767 1301/1858/852
f 1295/1626/835 1267/1669/681 1243/1616/1116
f 1264/1402/455 1235/1359/656 1284/1356/477
f 1280/1296/468 1257/1240/508 1286/1239/1121
f 1286/1239/1121 1257/1240/508 1266/1193/287
f 1266/1193/287 1265/1138/1255 1294/1150/868
f 1269/631/302 1255/565/652 1290/598/544
f 1277/150/323 1241/183/997 1278/99/1131
f 1183/23/724 1114/8/818 1349/10/648
f 1276/1756/800 1188/1736/669 1413/1729/1137
f 1271/892/195 1262/713/1417 1289/840/1365
f 1235/1359/656 1280/1296/468 1284/1356/477
f 1286/1239/1121 1266/1193/287 1294/1150/868
f 1293/1061/655 1294/1150/868 1265/1138/1255
f 1293/1061/655 1268/1040/76 1299/994/1285
f 1289/840/1365 1262/713/1417 1287/727/1348
f 1314/1721/277 1090/1720/893 1304/1706/659
f 1295/1626/835 1243/1616/1116 1281/1566/535
f 1317/1511/1038 1272/1518/735 1283/1458/1069
f 1287/727/1348 1262/713/1417 1269/631/302
f 1255/565/652 1291/490/881 1290/598/544
f 1277/150/323 1278/99/1131 1297/97/608
f 1387/1826/647 1139/1769/767 1339/1773/871
f 1283/1458/1069 1264/1402/455 1300/1401/971
f 1284/1356/477 1300/1401/971 1264/1402/455
f 1291/490/881 1258/492/814 1298/440/755
f 1270/381/719 1259/325/909 1285/301/627
f 1285/301/627 1275/243/325 1308/220/913
f 1268/1040/76 1271/892/195 1288/988/1326
f 1267/1669/681 1295/1626/835 1282/1685/838
f 1325/1559/1099 1272/1518/735 1317/1511/1038
f 1284/1356/477 1280/1296/468 1303/1348/650
f 1287/727/1348 1269/631/302 1290/598/544
f 1298/440/755 1270/381/719 1310/352/576
f 1275/243/325 1274/174/293 1316/180/1079
f 1278/99/1131 1260/74/607 1312/59/845
f 1099/1903/779 1349/1911/648 1114/1909/818
f 1288/988/1326 1299/994/1285 1268/1040/76
f 1288/988/1326 1271/892/195 1289/840/1365
f 1307/2060/661 1161/2053/662 1392/2056/590
f 1295/1626/835 1281/1566/535 1313/1595/1235
f 1302/879/272 1299/994/1285 1288/988/1326
f 1302/879/272 1288/988/1326 1289/840/1365
f 1302/879/272 1289/840/1365 1287/727/1348
f 1296/747/1236 1287/727/1348 1292/670/1386
f 1287/1235/1348 1290/1234/544 1292/1237/1386
f 1310/352/576 1270/381/719 1285/301/627
f 1316/180/1079 1274/174/293 1306/149/356
f 1274/174/293 1277/150/323 1306/149/356
f 1306/149/356 1277/150/323 1297/97/608
f 1297/97/608 1278/99/1131 1312/59/845
f 1282/1685/838 1295/1626/835 1334/1639/1238
f 1281/1566/535 1272/1518/735 1325/1559/1099
f 1303/1348/650 1280/1296/468 1286/1239/1121
f 1302/879/272 1287/727/1348 1296/747/1236
f 1311/679/252 1292/670/1386 1290/598/544
f 1345/35/683 1183/23/724 1349/10/648
f 1313/1595/1235 1281/1566/535 1325/1559/1099
f 1317/1511/1038 1283/1458/1069 1331/1452/935
f 1320/1362/1205 1284/1356/477 1303/1348/650
f 1294/1150/868 1293/1061/655 1315/1104/489
f 1293/1061/655 1299/994/1285 1328/1019/422
f 1305/931/151 1299/994/1285 1302/879/272
f 1305/931/151 1302/879/272 1309/778/230
f 1302/879/272 1296/747/1236 1309/778/230
f 1309/778/230 1296/747/1236 1311/679/252
f 1296/747/1236 1292/670/1386 1311/679/252
f 1298/440/755 1310/352/576 1332/411/545
f 1308/220/913 1275/243/325 1316/180/1079
f 1099/1903/779 1342/1900/667 1349/1911/648
f 1283/1458/1069 1300/1401/971 1331/1452/935
f 1333/1317/932 1303/1348/650 1286/1239/1121
f 1321/1269/687 1286/1239/1121 1294/1150/868
f 1299/994/1285 1305/931/151 1327/975/349
f 1311/679/252 1290/598/544 1319/514/578
f 1290/598/544 1291/490/881 1319/514/578
f 1291/490/881 1298/440/755 1322/456/571
f 1310/352/576 1285/301/627 1324/315/506
f 1285/301/627 1308/220/913 1318/252/976
f 1309/778/230 1330/902/563 1305/931/151
f 1304/1706/659 1282/1685/838 1355/1674/231
f 1355/1674/231 1282/1685/838 1334/1639/1238
f 1300/1401/971 1284/1356/477 1320/1362/1205
f 1320/1362/1205 1303/1348/650 1333/1317/932
f 1333/1317/932 1286/1239/1121 1321/1269/687
f 1321/1269/687 1294/1150/868 1323/1163/451
f 1323/1163/451 1294/1150/868 1315/1104/489
f 1328/1019/422 1299/994/1285 1327/975/349
f 1309/778/230 1311/679/252 1336/731/1172
f 1336/731/1172 1311/679/252 1341/692/1055
f 1322/456/571 1298/440/755 1332/411/545
f 1413/1729/1137 1188/1736/669 1314/1721/277
f 1334/1639/1238 1295/1626/835 1313/1595/1235
f 1343/1383/1086 1300/1401/971 1320/1362/1205
f 1337/1117/1145 1315/1104/489 1338/1069/1177
f 1338/1069/1177 1315/1104/489 1293/1061/655
f 1311/679/252 1319/514/578 1326/589/217
f 1319/514/578 1291/490/881 1322/456/571
f 1327/975/349 1305/931/151 1330/902/563
f 1304/1706/659 1355/1674/231 1376/1687/410
f 1331/1452/935 1300/1401/971 1343/1383/1086
f 1338/1069/1177 1293/1061/655 1328/1019/422
f 1311/679/252 1326/589/217 1329/673/1232
f 1285/301/627 1318/252/976 1359/274/353
f 1318/252/976 1308/220/913 1350/186/1199
f 1316/180/1079 1306/149/356 1340/139/1209
f 1352/95/966 1297/97/608 1312/59/845
f 1355/1674/231 1334/1639/1238 1364/1653/279
f 1323/1163/451 1315/1104/489 1337/1117/1145
f 1341/692/1055 1311/679/252 1329/673/1232
f 1329/1016/1232 1326/1009/217 1335/1015/135
f 1326/589/217 1319/514/578 1335/568/135
f 1332/411/545 1310/352/576 1347/341/1123
f 1324/315/506 1285/301/627 1359/274/353
f 1308/220/913 1316/180/1079 1350/186/1199
f 1340/139/1209 1306/149/356 1352/95/966
f 1306/149/356 1297/97/608 1352/95/966
f 1313/1595/1235 1325/1559/1099 1344/1609/1153
f 1328/1019/422 1327/975/349 1351/1005/551
f 1310/352/576 1324/315/506 1347/341/1123
f 1324/315/506 1359/274/353 1379/284/1161
f 1351/1005/551 1327/975/349 1330/902/563
f 1382/1896/611 1357/2007/558 1100/1834/695
f 1313/1595/1235 1344/1609/1153 1334/1639/1238
f 1331/1452/935 1343/1383/1086 1362/1400/500
f 1321/1269/687 1323/1163/451 1369/1180/694
f 1348/1068/899 1338/1069/1177 1328/1019/422
f 1309/778/230 1336/731/1172 1361/769/867
f 1356/746/1035 1361/769/867 1336/731/1172
f 1329/673/1232 1335/568/135 1385/688/833
f 1359/274/353 1318/252/976 1354/222/1119
f 1471/2062/1404 1244/2063/770 1307/2060/661
f 1317/1511/1038 1367/1549/636 1325/1559/1099
f 1361/769/867 1330/902/563 1309/778/230
f 1335/568/135 1319/514/578 1371/582/855
f 1372/439/498 1319/514/578 1322/456/571
f 1322/456/571 1332/411/545 1372/439/498
f 1347/341/1123 1324/315/506 1379/284/1161
f 1359/274/353 1354/222/1119 1386/209/491
f 1316/180/1079 1340/139/1209 1380/148/604
f 1273/44/843 1345/35/683 1397/43/258
f 1364/1653/279 1334/1639/1238 1344/1609/1153
f 1381/1602/330 1344/1609/1153 1325/1559/1099
f 1317/1511/1038 1331/1452/935 1363/1461/533
f 1320/1362/1205 1333/1317/932 1343/1383/1086
f 1348/1068/899 1328/1019/422 1351/1005/551
f 1371/582/855 1319/514/578 1372/439/498
f 1354/222/1119 1318/252/976 1350/186/1199
f 1418/2027/540 1227/2029/1041 1149/2015/1075
f 1377/2040/564 1227/2029/1041 1418/2027/540
f 1367/1549/636 1317/1511/1038 1363/1461/533
f 1374/1228/538 1333/1317/932 1321/1269/687
f 1323/1163/451 1337/1117/1145 1369/1180/694
f 1369/1180/694 1337/1117/1145 1353/1124/1242
f 1337/1117/1145 1338/1069/1177 1353/1124/1242
f 1353/1124/1242 1338/1069/1177 1348/1068/899
f 1330/902/563 1361/769/867 1358/888/1271
f 1385/688/833 1336/731/1172 1341/692/1055
f 1341/692/1055 1329/673/1232 1385/688/833
f 1385/688/833 1335/568/135 1371/582/855
f 1375/375/1185 1332/411/545 1347/341/1123
f 1380/148/604 1340/139/1209 1352/95/966
f 1351/1005/551 1330/902/563 1360/950/1385
f 1336/731/1172 1385/688/833 1356/746/1035
f 1413/1729/1137 1314/1721/277 1304/1706/659
f 1413/1729/1137 1304/1706/659 1449/1722/219
f 1364/1653/279 1344/1609/1153 1381/1602/330
f 1381/1602/330 1325/1559/1099 1367/1549/636
f 1321/1269/687 1369/1180/694 1374/1228/538
f 1389/1089/416 1348/1068/899 1351/1005/551
f 1372/439/498 1332/411/545 1375/375/1185
f 1347/341/1123 1379/284/1161 1388/327/456
f 1316/180/1079 1380/148/604 1350/186/1199
f 1380/148/604 1352/95/966 1399/94/550
f 1398/61/697 1312/59/845 1273/44/843
f 1368/968/300 1351/1005/551 1360/950/1385
f 1330/902/563 1358/888/1271 1360/950/1385
f 1357/2007/558 1418/2027/540 1149/2015/1075
f 1366/883/1288 1358/877/1271 1361/876/867
f 1343/1383/1086 1333/1317/932 1390/1364/369
f 1389/1089/416 1353/1124/1242 1348/1068/899
f 1360/1309/1385 1358/1308/1271 1365/1319/1252
f 1375/375/1185 1347/341/1123 1383/363/380
f 1398/61/697 1273/44/843 1397/43/258
f 1455/1865/712 1301/1858/852 1253/1866/827
f 1346/1870/793 1455/1865/712 1253/1866/827
f 1358/888/1271 1366/789/1288 1370/934/131
f 1449/1722/219 1304/1706/659 1454/1709/198
f 1454/1709/198 1304/1706/659 1376/1687/410
f 1396/1136/1015 1369/1180/694 1353/1124/1242
f 1351/1005/551 1368/968/300 1373/1003/1217
f 1373/1003/1217 1368/968/300 1370/934/131
f 1368/968/300 1360/950/1385 1365/925/1252
f 1358/888/1271 1370/934/131 1365/925/1252
f 1385/688/833 1371/582/855 1407/668/306
f 1383/363/380 1347/341/1123 1388/327/456
f 1312/59/845 1398/61/697 1352/95/966
f 1342/1900/667 1279/1892/750 1485/1894/1483
f 1363/1461/533 1331/1452/935 1362/1400/500
f 1393/1020/316 1389/1089/416 1351/1005/551
f 1393/1020/316 1351/1005/551 1373/1003/1217
f 1378/798/150 1370/934/131 1366/789/1288
f 1366/789/1288 1361/769/867 1378/798/150
f 1361/769/867 1356/746/1035 1394/754/797
f 1354/222/1119 1350/186/1199 1380/148/604
f 1368/968/300 1365/925/1252 1370/934/131
f 1362/1400/500 1343/1383/1086 1390/1364/369
f 1390/1364/369 1333/1317/932 1384/1337/320
f 1384/1337/320 1333/1317/932 1374/1228/538
f 1374/1228/538 1369/1180/694 1396/1136/1015
f 1396/1136/1015 1353/1124/1242 1389/1089/416
f 1372/439/498 1375/375/1185 1404/391/452
f 1404/391/452 1375/375/1185 1383/363/380
f 1276/1756/800 1413/1729/1137 1475/1758/1421
f 1391/980/619 1373/1003/1217 1370/934/131
f 1378/798/150 1361/769/867 1394/754/797
f 1356/746/1035 1385/688/833 1394/754/797
f 1379/284/1161 1359/274/353 1402/265/565
f 1376/1687/410 1355/1674/231 1364/1653/279
f 1414/1563/299 1381/1602/330 1367/1549/636
f 1367/1549/636 1363/1461/533 1403/1499/516
f 1406/1424/421 1363/1461/533 1362/1400/500
f 1406/1424/421 1362/1400/500 1390/1364/369
f 1384/1337/320 1374/1228/538 1401/1310/1004
f 1393/1020/316 1373/1003/1217 1391/980/619
f 1371/582/855 1372/439/498 1400/532/1280
f 1395/360/215 1383/363/380 1388/327/456
f 1416/234/297 1359/274/353 1386/209/491
f 1354/222/1119 1380/148/604 1411/140/307
f 1370/934/131 1378/798/150 1425/850/1360
f 1346/1870/793 1276/1881/800 1475/1879/1421
f 1414/1563/299 1367/1549/636 1403/1499/516
f 1421/1127/444 1396/1136/1015 1389/1089/416
f 1405/1041/334 1393/1020/316 1391/980/619
f 1416/234/297 1402/265/565 1359/274/353
f 1386/209/491 1354/222/1119 1411/140/307
f 1399/94/550 1352/95/966 1398/61/697
f 1405/1041/334 1391/980/619 1415/966/462
f 1345/35/683 1349/10/648 1470/14/1304
f 1392/2056/590 1471/2062/1404 1307/2060/661
f 1480/1857/1452 1301/1858/852 1455/1865/712
f 1494/1869/1482 1455/1865/712 1346/1870/793
f 1408/1662/1060 1376/1687/410 1364/1653/279
f 1403/1499/516 1363/1461/533 1406/1424/421
f 1401/1310/1004 1374/1228/538 1396/1136/1015
f 1370/934/131 1415/966/462 1391/980/619
f 1407/668/306 1371/582/855 1400/532/1280
f 1408/1662/1060 1364/1653/279 1381/1602/330
f 1419/1620/261 1381/1602/330 1414/1563/299
f 1409/1165/1056 1396/1136/1015 1421/1127/444
f 1389/1089/416 1393/1020/316 1405/1041/334
f 1385/688/833 1407/668/306 1420/681/339
f 1400/532/1280 1372/439/498 1417/450/834
f 1404/391/452 1383/363/380 1395/360/215
f 1390/1364/369 1384/1337/320 1401/1310/1004
f 1419/1620/261 1408/1662/1060 1381/1602/330
f 1406/1424/421 1390/1364/369 1424/1379/1311
f 1394/754/797 1385/688/833 1420/681/339
f 1244/1882/770 1471/1885/1404 1279/1892/750
f 1412/1289/1190 1401/1310/1004 1409/1165/1056
f 1401/1310/1004 1396/1136/1015 1409/1165/1056
f 1421/1127/444 1389/1089/416 1405/1041/334
f 1407/668/306 1400/532/1280 1410/607/283
f 1410/607/283 1400/532/1280 1417/450/834
f 1372/439/498 1404/391/452 1417/450/834
f 1386/209/491 1411/140/307 1423/178/211
f 1416/234/297 1386/209/491 1423/178/211
f 1411/140/307 1380/148/604 1399/94/550
f 1390/1364/369 1401/1310/1004 1424/1379/1311
f 1425/850/1360 1378/798/150 1394/754/797
f 1422/590/129 1410/607/283 1417/450/834
f 1429/407/1318 1404/391/452 1395/360/215
f 1387/1826/647 1339/1773/871 1477/1772/1437
f 1454/1709/198 1376/1687/410 1437/1696/889
f 1419/1620/261 1414/1563/299 1426/1588/1347
f 1424/1379/1311 1401/1310/1004 1412/1289/1190
f 1415/966/462 1370/934/131 1425/850/1360
f 1407/668/306 1410/607/283 1420/681/339
f 1410/607/283 1422/590/129 1420/681/339
f 1447/46/494 1398/61/697 1397/43/258
f 1470/14/1304 1349/10/648 1489/1/1475
f 1342/1900/667 1489/1907/1475 1349/1911/648
f 1398/61/697 1447/46/494 1399/94/550
f 1477/1854/1437 1339/1850/871 1301/1858/852
f 1437/1696/889 1376/1687/410 1408/1662/1060
f 1438/1493/203 1403/1499/516 1406/1424/421
f 1412/1289/1190 1409/1165/1056 1431/1328/1361
f 1405/1041/334 1430/993/1358 1421/1127/444
f 1417/450/834 1404/391/452 1429/407/1318
f 1429/407/1318 1395/360/215 1432/304/1378
f 1395/360/215 1388/327/456 1432/304/1378
f 1388/327/456 1379/284/1161 1402/265/565
f 1437/1696/889 1408/1662/1060 1419/1620/261
f 1414/1563/299 1403/1499/516 1438/1493/203
f 1424/1379/1311 1412/1289/1190 1431/1328/1361
f 1431/1328/1361 1409/1165/1056 1427/1102/1364
f 1409/1165/1056 1421/1127/444 1427/1102/1364
f 1430/993/1358 1405/1041/334 1415/966/462
f 1425/850/1360 1394/754/797 1435/735/1397
f 1420/681/339 1422/590/129 1433/594/1353
f 1432/304/1378 1388/327/456 1402/265/565
f 1402/265/565 1416/234/297 1428/253/1351
f 1447/1065/494 1397/1062/258 1345/1064/683
f 1438/1493/203 1406/1424/421 1424/1379/1311
f 1421/1127/444 1430/993/1358 1427/1102/1364
f 1430/993/1358 1415/966/462 1425/850/1360
f 1394/754/797 1420/681/339 1435/735/1397
f 1420/681/339 1433/594/1353 1435/735/1397
f 1422/590/129 1417/450/834 1429/407/1318
f 1433/594/1353 1422/590/129 1429/407/1318
f 1432/304/1378 1402/265/565 1428/253/1351
f 1428/253/1351 1416/234/297 1434/129/1342
f 1416/234/297 1423/178/211 1434/129/1342
f 1423/178/211 1411/140/307 1434/129/1342
f 1411/140/307 1399/94/550 1434/129/1342
f 1434/129/1342 1399/94/550 1447/46/494
f 1419/1620/261 1426/1588/1347 1437/1696/889
f 1426/1588/1347 1414/1563/299 1438/1493/203
f 1424/1379/1311 1431/1328/1361 1439/1388/213
f 1433/594/1353 1429/407/1318 1440/435/370
f 1447/46/494 1345/35/683 1470/14/1304
f 1451/1487/167 1441/1603/273 1438/1493/203
f 1446/271/245 1428/253/1351 1434/129/1342
f 1449/1438/219 1461/1444/412 1413/1445/1137
f 1437/1696/889 1426/1588/1347 1441/1603/273
f 1426/1588/1347 1438/1493/203 1441/1603/273
f 1438/1493/203 1424/1379/1311 1439/1388/213
f 1439/1388/213 1431/1328/1361 1444/1238/1016
f 1431/1328/1361 1427/1102/1364 1444/1238/1016
f 1444/1238/1016 1427/1102/1364 1445/983/227
f 1427/1102/1364 1430/993/1358 1445/983/227
f 1430/993/1358 1425/850/1360 1445/983/227
f 1425/850/1360 1436/815/1327 1445/983/227
f 1425/850/1360 1435/735/1397 1436/815/1327
f 1436/815/1327 1435/735/1397 1442/738/806
f 1435/735/1397 1433/594/1353 1442/738/806
f 1442/738/806 1433/594/1353 1448/622/528
f 1448/622/528 1433/594/1353 1440/435/370
f 1429/407/1318 1432/304/1378 1440/435/370
f 1440/435/370 1432/304/1378 1446/271/245
f 1432/304/1378 1428/253/1351 1446/271/245
f 1434/1556/1342 1447/1555/494 1443/1562/1395
f 1464/2044/1265 1392/2056/590 1377/2040/564
f 1342/1900/667 1485/1894/1483 1489/1907/1475
f 1454/1709/198 1437/1696/889 1441/1603/273
f 1434/129/1342 1443/76/1395 1452/272/105
f 1494/1869/1482 1346/1870/793 1475/1879/1421
f 1454/1709/198 1441/1603/273 1451/1487/167
f 1438/1493/203 1439/1388/213 1451/1487/167
f 1451/1487/167 1439/1388/213 1457/1274/136
f 1439/1388/213 1444/1238/1016 1457/1274/136
f 1457/1274/136 1444/1238/1016 1450/1132/100
f 1444/1238/1016 1445/983/227 1450/1132/100
f 1450/1132/100 1445/983/227 1453/914/137
f 1445/983/227 1436/815/1327 1453/914/137
f 1436/815/1327 1442/738/806 1459/646/152
f 1459/646/152 1442/738/806 1448/622/528
f 1448/622/528 1440/435/370 1460/470/155
f 1446/271/245 1452/272/105 1440/435/370
f 1434/129/1342 1452/272/105 1446/271/245
f 1443/76/1395 1456/105/128 1452/272/105
f 1443/76/1395 1447/46/494 1458/55/200
f 1413/1729/1137 1461/1724/412 1475/1758/1421
f 1382/1896/611 1387/1826/647 1473/1908/1445
f 1463/2005/1262 1357/2007/558 1382/1896/611
f 1418/2027/540 1357/2007/558 1472/2025/1438
f 1461/1724/412 1449/1722/219 1454/1709/198
f 1436/815/1327 1459/646/152 1453/914/137
f 1459/646/152 1448/622/528 1460/470/155
f 1460/470/155 1440/435/370 1452/272/105
f 1443/76/1395 1458/55/200 1456/105/128
f 1465/1793/1273 1387/1826/647 1477/1772/1437
f 1476/2052/1449 1392/2056/590 1464/2044/1265
f 1474/1449/1439 1451/1487/167 1457/1274/136
f 1457/1274/136 1450/1132/100 1462/1206/1220
f 1462/1206/1220 1450/1132/100 1453/914/137
f 1452/272/105 1456/105/128 1466/187/1243
f 1466/187/1243 1456/105/128 1478/128/1433
f 1458/55/200 1447/46/494 1470/14/1304
f 1464/2044/1265 1377/2040/564 1418/2027/540
f 1471/1885/1404 1485/1894/1483 1279/1892/750
f 1461/1724/412 1454/1709/198 1451/1487/167
f 1469/756/1286 1453/914/137 1459/646/152
f 1460/470/155 1452/272/105 1468/419/1295
f 1463/2005/1262 1382/1896/611 1473/1908/1445
f 1477/577/1437 1301/572/852 1480/571/1452
f 1466/187/1243 1468/419/1295 1452/272/105
f 1453/914/137 1467/967/1276 1462/1206/1220
f 1473/1908/1445 1387/1826/647 1465/1793/1273
f 1463/2005/1262 1472/2025/1438 1357/2007/558
f 1464/2044/1265 1418/2027/540 1472/2025/1438
f 1471/2062/1404 1392/2056/590 1476/2052/1449
f 1461/1724/412 1451/1487/167 1474/1449/1439
f 1474/1449/1439 1457/1274/136 1462/1206/1220
f 1468/419/1295 1459/646/152 1460/470/155
f 1478/128/1433 1456/105/128 1470/14/1304
f 1456/105/128 1458/55/200 1470/14/1304
f 1476/2052/1449 1464/2044/1265 1479/2041/1471
f 1494/1869/1482 1480/1857/1452 1455/1865/712
f 1469/756/1286 1459/646/152 1468/419/1295
f 1453/914/137 1469/756/1286 1467/967/1276
f 1473/1908/1445 1465/1793/1273 1477/1772/1437
f 1463/2005/1262 1473/1908/1445 1483/2012/1476
f 1463/2005/1262 1483/2012/1476 1472/2025/1438
f 1464/2044/1265 1472/2025/1438 1479/2041/1471
f 1461/1724/412 1474/1449/1439 1475/1758/1421
f 1474/1449/1439 1462/1206/1220 1484/1036/1466
f 1462/1206/1220 1467/967/1276 1484/1036/1466
f 1484/1036/1466 1467/967/1276 1482/777/1469
f 1467/967/1276 1469/756/1286 1482/777/1469
f 1469/756/1286 1468/419/1295 1482/777/1469
f 1482/777/1469 1468/419/1295 1481/434/1461
f 1468/419/1295 1466/187/1243 1481/434/1461
f 1481/434/1461 1466/187/1243 1478/128/1433
f 1478/128/1433 1470/14/1304 1489/1/1475
f 1477/1843/1437 1480/1841/1452 1488/1838/1492
f 1477/1843/1437 1488/1838/1492 1490/1837/1494
f 1473/1845/1445 1477/1843/1437 1490/1837/1494
f 1483/1842/1476 1473/1845/1445 1490/1837/1494
f 1483/1842/1476 1490/1837/1494 1486/1840/1493
f 1472/1848/1438 1483/1842/1476 1486/1840/1493
f 1479/1844/1471 1472/1848/1438 1486/1840/1493
f 1479/1844/1471 1486/1840/1493 1496/1836/1497
f 1479/1844/1471 1496/1836/1497 1492/1839/1496
f 1476/1847/1449 1479/1844/1471 1492/1839/1496
f 1476/1847/1449 1492/1839/1496 1485/1835/1483
f 1471/1846/1404 1476/1847/1449 1485/1835/1483
f 1495/1830/1500 1486/1840/1493 1490/1837/1494
f 1488/1838/1492 1499/1827/1498 1490/1837/1494
f 1493/1823/1495 1496/1836/1497 1486/1840/1493
f 1497/1828/1499 1492/1839/1496 1496/1836/1497
f 1492/1839/1496 1489/1819/1475 1485/1835/1483
f 1488/1838/1492 1480/1841/1452 1494/1824/1482
f 1494/1824/1482 1498/1825/1490 1488/1838/1492
f 1498/1825/1490 1499/1827/1498 1488/1838/1492
f 1493/1823/1495 1491/1821/1491 1496/1836/1497
f 1495/1830/1500 1490/1837/1494 1499/1827/1498
f 1495/1830/1500 1493/1823/1495 1486/1840/1493
f 1491/1821/1491 1497/1828/1499 1496/1836/1497
f 1497/1828/1499 1500/1822/1488 1492/1839/1496
f 1500/1822/1488 1489/1819/1475 1492/1839/1496
f 1499/1827/1498 1487/1820/1489 1495/1830/1500
f 1498/1825/1490 1487/1820/1489 1499/1827/1498
f 1493/1823/1495 1495/1830/1500 1487/1820/1489
f 1491/1821/1491 1500/1822/1488 1497/1828/1499
f 1475/1814/1421 1498/1825/1490 1494/1824/1482
f 1475/1814/1421 1474/1813/1439 1498/1825/1490
f 1474/1813/1439 1487/1820/1489 1498/1825/1490
f 1474/1813/1439 1484/1817/1466 1487/1820/1489
f 1484/1817/1466 1493/1823/1495 1487/1820/1489
f 1484/1817/1466 1482/1815/1469 1493/1823/1495
f 1482/1815/1469 1491/1821/1491 1493/1823/1495
f 1482/1815/1469 1481/1816/1461 1491/1821/1491
f 1481/1816/1461 1500/1822/1488 1491/1821/1491
f 1481/1816/1461 1478/1812/1433 1500/1822/1488
f 1478/1812/1433 1489/1819/1475 1500/1822/1488