mtllib mesh.mtl
o material_0
usemtl material_0
v -0.5 0.3648618459701538 -0.15545421838760376
v -0.4995112717151642 -0.19341038167476654 -0.11368734389543533
v -0.4991421699523926 0.33047547936439514 -0.2076501101255417
v -0.4981021583080292 0.33753615617752075 0.20020711421966553
v -0.4973931610584259 0.38016828894615173 -0.08640246838331223
v -0.497054785490036 0.3459767997264862 0.22489888966083527
v -0.4968112111091614 0.37594902515411377 0.09471919387578964
v -0.4944516122341156 0.2903797924518585 0.20219916105270386
v -0.4936980903148651 0.3315106928348541 -0.2396504282951355
v -0.4932231307029724 -0.23018328845500946 0.0840524286031723
v -0.49247491359710693 -0.20650184154510498 0.11965827643871307
v -0.48981985449790955 -0.23150235414505005 -0.10790598392486572
v -0.4894740581512451 0.32049497961997986 -0.23622757196426392
v -0.48889267444610596 0.3277304172515869 0.1965131312608719
v -0.488259881734848 0.31581661105155945 0.21752046048641205
v -0.4853782057762146 0.28946053981781006 -0.19385436177253723
v -0.48456695675849915 -0.19509798288345337 0.08212389796972275
v -0.4841645061969757 0.40029028058052063 0.07514527440071106
v -0.48299798369407654 0.4015817940235138 -0.06398499011993408
v -0.48187434673309326 0.32167261838912964 0.24230386316776276
v -0.48042553663253784 -0.20636840164661407 -0.07459034025669098
v -0.4714162051677704 0.3659076392650604 0.20340174436569214
v -0.4712769091129303 0.3931851089000702 -0.14093516767024994
v -0.4680251181125641 0.3914821445941925 0.14789576828479767
v -0.46037769317626953 0.35246405005455017 -0.22190599143505096
v -0.46007269620895386 0.27752450108528137 0.20754261314868927
v -0.44659361243247986 0.36588963866233826 0.15614208579063416
v -0.44656500220298767 0.3823637068271637 0.0774550661444664
v -0.44130945205688477 -0.2092585563659668 -0.11972659081220627
v -0.4404420852661133 -0.22971202433109283 0.11233704537153244
v -0.43865442276000977 -0.1741224080324173 -0.10560783743858337
v -0.4385877251625061 -0.2447044998407364 0.07036365568637848
v -0.43818527460098267 -0.24441483616828918 0.19684989750385284
v -0.4381815493106842 -0.17405779659748077 0.0959085151553154
v -0.4379745423793793 -0.2426636964082718 -0.1939999908208847
v -0.4379194676876068 -0.24494382739067078 -0.07682334631681442
v -0.4375567138195038 -0.17362146079540253 -0.19232192635536194
v -0.43754082918167114 0.315067857503891 -0.18924221396446228
v -0.43691810965538025 -0.17435592412948608 0.19752717018127441
v -0.4245002269744873 -0.06569722294807434 -0.17167730629444122
v -0.4234411418437958 0.0689532607793808 -0.1696624755859375
v -0.4233807623386383 0.08897939324378967 0.17833396792411804
v -0.4229968786239624 -0.08325788378715515 0.17450496554374695
v -0.42271941900253296 0.06757596135139465 0.0024752668105065823
v -0.41815754771232605 -0.0700075626373291 0.18285614252090454
v -0.41757771372795105 -0.06912855058908463 -0.17898106575012207
v -0.4175131022930145 0.08046621084213257 0.17048056423664093
v -0.4173744022846222 -0.07878445088863373 -0.004996342584490776
v -0.4172811806201935 0.07447727769613266 -0.1789519339799881
v -0.4168088138103485 -0.09091483056545258 -0.16924254596233368
v -0.4167400002479553 -0.0891176164150238 0.007407800294458866
v -0.4164392352104187 0.23300302028656006 -0.20522063970565796
v -0.4161744713783264 0.06605039536952972 0.00782082974910736
v -0.41471031308174133 -0.09772241860628128 -0.1801486760377884
v -0.41447097063064575 0.20908062160015106 0.21071605384349823
v -0.41427081823349 -0.07473357766866684 -0.1684890240430832
v -0.4121161997318268 -0.0794617086648941 0.1735338270664215
v -0.4117179811000824 -0.17257936298847198 -0.08511148393154144
v -0.41124987602233887 -0.0640101507306099 0.001974864862859249
v -0.4109141528606415 0.30235767364501953 -0.20801231265068054
v -0.4101225435733795 0.05714430287480354 -0.0017514086794108152
v -0.4089660346508026 0.22531059384346008 -0.030601035803556442
v -0.40839043259620667 0.28398841619491577 0.10519056767225266
v -0.4080647826194763 -0.2469581514596939 -0.19462378323078156
v -0.4080113172531128 0.26216769218444824 -0.06130082532763481
v -0.40787890553474426 0.0843794047832489 -0.06485341489315033
v -0.40786832571029663 -0.17144830524921417 0.19810065627098083
v -0.40785083174705505 0.22876574099063873 0.19058986008167267
v -0.4077809751033783 0.29179203510284424 -0.18900072574615479
v -0.4076480567455292 0.0762157067656517 0.17444565892219543
v -0.40747275948524475 0.01984662003815174 0.005480325780808926
v -0.4074658751487732 0.08073680102825165 -0.1687956154346466
v -0.4074479043483734 0.1699385941028595 -0.191513329744339
v -0.4074288308620453 0.29036760330200195 -0.007439045701175928
v -0.40722599625587463 0.24314607679843903 -0.18708916008472443
v -0.40667054057121277 0.007676528301090002 0.14877954125404358
v -0.4066260755062103 0.1004706397652626 -0.16349083185195923
v -0.4066207706928253 0.0008901251712813973 0.060019370168447495
v -0.40616485476493835 0.08115247637033463 -0.02038118615746498
v -0.40614789724349976 -0.07950302213430405 -0.1738695651292801
v -0.4060991704463959 -0.17631198465824127 -0.19520150125026703
v -0.40591859817504883 -0.15170332789421082 -0.20206786692142487
v -0.405771404504776 -2.966131614812184e-05 -0.14639298617839813
v -0.40569832921028137 0.08611094951629639 0.2032979279756546
v -0.4056543707847595 -0.08012468367815018 0.17937132716178894
v -0.40562206506729126 -0.1167551577091217 0.18694408237934113
v -0.4053170680999756 -0.10721787065267563 -0.16290201246738434
v -0.4052334129810333 0.21187864243984222 0.0068999845534563065
v -0.4051264524459839 0.2399800419807434 0.04755856469273567
v -0.40505021810531616 -0.07340288162231445 0.0026886656414717436
v -0.4050459563732147 0.2000405639410019 -0.03712373599410057
v -0.40498241782188416 0.24923032522201538 0.1621135175228119
v -0.40496599674224854 -0.1445520967245102 0.009090633131563663
v -0.4049151539802551 0.08760634064674377 0.16641592979431152
v -0.40476635098457336 0.24460968375205994 -0.1556718647480011
v -0.4044809341430664 0.08270133286714554 0.0015888403868302703
v -0.4042342007160187 -0.09561330825090408 -0.007074202410876751
v -0.4042278528213501 0.22777394950389862 -0.06670146435499191
v -0.40395939350128174 0.08310377597808838 0.07828165590763092
v -0.4038958251476288 -0.1058914065361023 -0.20905813574790955
v -0.40362945199012756 0.11085357517004013 -0.20758657157421112
v -0.4034515619277954 0.19251440465450287 -0.1292707622051239
v -0.4032641053199768 0.20297731459140778 0.10403196513652802
v -0.4031714200973511 -0.24764230847358704 0.1554669290781021
v -0.4030708074569702 -0.2450820356607437 0.1958676278591156
v -0.4026784300804138 0.18717150390148163 0.043832290917634964
v -0.40239039063453674 -0.18839100003242493 0.2098328173160553
v -0.40229135751724243 -0.1939372718334198 0.20120365917682648
v -0.40212827920913696 0.23609067499637604 -0.03880762681365013
v -0.40166017413139343 -0.2468591332435608 -0.15044967830181122
v -0.40163102746009827 -0.19513556361198425 -0.14858205616474152
v -0.4015881419181824 0.19762486219406128 -0.00887194275856018
v -0.40056881308555603 0.24532932043075562 0.009003790095448494
v -0.40032997727394104 0.010665171779692173 0.21451012790203094
v -0.40025004744529724 -0.19465051591396332 0.15652385354042053
v -0.39999163150787354 0.224778413772583 -0.09216582775115967
v -0.39963895082473755 -0.1922464817762375 -0.20736046135425568
v -0.39915817975997925 0.2236044555902481 0.13672807812690735
v -0.3987980782985687 0.18017010390758514 0.009616452269256115
v -0.39773109555244446 0.24376033246517181 -0.1461922824382782
v -0.3958989381790161 0.2521543800830841 -0.019651498645544052
v -0.3954986035823822 0.2942569851875305 0.0076058427803218365
v -0.3944151997566223 0.2522661089897156 0.09123491495847702
v -0.39337095618247986 0.04861681908369064 0.21563853323459625
v -0.39245277643203735 0.25565189123153687 -0.04545211419463158
v -0.3910696506500244 0.2919805645942688 -0.18688370287418365
v -0.39055493474006653 0.2574326992034912 0.034803349524736404
v -0.3904818892478943 0.25495874881744385 0.16282890737056732
v -0.3898475170135498 0.2902278006076813 0.19146832823753357
v -0.3885660469532013 0.2588947117328644 -0.16477282345294952
v -0.3870786130428314 -0.17102943360805511 0.18997082114219666
v -0.38678789138793945 -0.0006084329215809703 -0.08009528368711472
v -0.3867005407810211 -0.17102360725402832 -0.18490326404571533
v -0.38655173778533936 0.08703286200761795 0.1906004250049591
v -0.3864220082759857 0.22329415380954742 -0.1872120052576065
v -0.3854995667934418 0.05939055234193802 -0.18604493141174316
v -0.38514211773872375 0.30424967408180237 0.21431948244571686
v -0.3849563002586365 0.010369166731834412 0.19132696092128754
v -0.3842763602733612 0.07950142025947571 -0.16441962122917175
v -0.3788534700870514 0.3337823748588562 0.24324801564216614
v -0.3788270056247711 0.017707865685224533 -0.21072189509868622
v -0.37385687232017517 -0.15640869736671448 0.2118826061487198
v -0.3737509846687317 0.18992449343204498 -0.20876160264015198
v -0.3708232343196869 0.07629936933517456 -0.01162706594914198
v -0.37065961956977844 -0.15506264567375183 -0.20732340216636658
v -0.3692770004272461 0.04785483330488205 -0.1229747012257576
v -0.3684636354446411 0.2948887050151825 -0.20699402689933777
v -0.36445093154907227 0.028206244111061096 0.027124693617224693
v -0.3636714518070221 -0.13651388883590698 -0.20332176983356476
v -0.36354756355285645 0.06681026518344879 0.1524825096130371
v -0.362974613904953 0.00332064856775105 0.20865145325660706
v -0.36221420764923096 0.40113329887390137 0.07280688732862473
v -0.36039847135543823 0.33219167590141296 -0.24080796539783478
v -0.35853663086891174 0.3174608051776886 -0.21871189773082733
v -0.3580775260925293 0.204676553606987 0.21046876907348633
v -0.35001498460769653 -0.30768945813179016 0.16343152523040771
v -0.3444046676158905 -0.28309670090675354 -0.1759357452392578
v -0.34169191122055054 0.048296455293893814 0.21402031183242798
v -0.33766379952430725 -0.3042396008968353 -0.15447673201560974
v -0.3325549364089966 -0.24663196504116058 0.15572375059127808
v -0.3320460617542267 -0.2493230104446411 0.10175129771232605
v -0.3320428729057312 -0.3177764117717743 0.1806972473859787
v -0.33193010091781616 -0.24942097067832947 -0.15192915499210358
v -0.3319285213947296 -0.3010460436344147 0.05275533348321915
v -0.33169499039649963 -0.2992625832557678 0.01228896901011467
v -0.33157584071159363 -0.2511006295681 0.056751664727926254
v -0.3315620720386505 -0.2724187970161438 0.0008888072916306555
v -0.3314598798751831 -0.2665744423866272 -0.05199388042092323
v -0.33122000098228455 -0.2490984946489334 -0.04968355596065521
v -0.33120197057724 -0.30489781498908997 0.10316195338964462
v -0.33119088411331177 0.05388348549604416 -0.21061120927333832
v -0.3311135470867157 0.20246684551239014 0.1930309683084488
v -0.33103516697883606 -0.35817286372184753 -0.1631932407617569
v -0.3308514356613159 -0.2503322958946228 -0.09904436767101288
v -0.33056339621543884 -0.3019801080226898 0.15360777080059052
v -0.3303743302822113 -0.29851967096328735 -0.04642273485660553
v -0.3303462564945221 -0.2251909226179123 0.1746823489665985
v -0.330172061920166 -0.3007182478904724 -0.010428219102323055
v -0.329939067363739 0.22520044445991516 -0.2098725289106369
v -0.32974156737327576 -0.305352121591568 -0.10016854852437973
v -0.3289440870285034 0.2506563365459442 0.19212548434734344
v -0.3288164734840393 0.252134770154953 0.2150142341852188
v -0.3285983204841614 0.2417084276676178 -0.1876096874475479
v -0.327961802482605 0.0720059797167778 0.19164520502090454
v -0.32778599858283997 0.07188471406698227 0.20983916521072388
v -0.32601264119148254 0.33676624298095703 -0.19880016148090363
v -0.32461151480674744 0.07116085290908813 -0.1892332136631012
v -0.32016614079475403 0.20983518660068512 0.20058995485305786
v -0.3171171247959137 -0.3178336024284363 -0.15505868196487427
v -0.316693514585495 0.2152395397424698 0.20957335829734802
v -0.3151663541793823 -0.328614741563797 0.15899038314819336
v -0.31223225593566895 -0.260934442281723 -0.17371493577957153
v -0.3110027015209198 -0.26980772614479065 0.17301911115646362
v -0.310332328081131 0.3174189627170563 0.22531616687774658
v -0.30975353717803955 -0.25701701641082764 -0.15253546833992004
v -0.3058885335922241 0.19048579037189484 0.20766493678092957
v -0.3046351671218872 0.2174217253923416 -0.20104214549064636
v -0.3025625944137573 -0.3123355209827423 -0.16629362106323242
v -0.30145323276519775 -0.20415550470352173 -0.1695660799741745
v -0.3010825514793396 -0.23241843283176422 -0.15204088389873505
v -0.2997613847255707 -0.35987424850463867 0.18017831444740295
v -0.29837825894355774 -0.2455427199602127 0.1773315817117691
v -0.2922913730144501 -0.2931084632873535 0.1685001403093338
v -0.29015418887138367 -0.2498716115951538 -0.05395841971039772
v -0.2863665223121643 -0.2896548807621002 -0.1675930768251419
v -0.2850649356842041 -0.39934825897216797 0.17023435235023499
v -0.2849918603897095 -0.1936534196138382 -0.15166811645030975
v -0.2814768850803375 0.32085028290748596 0.19418321549892426
v -0.2804427146911621 -0.32029008865356445 0.17336225509643555
v -0.2790283262729645 -0.23398688435554504 0.1554955244064331
v -0.27577173709869385 -0.23264189064502716 -0.1645006388425827
v -0.271742045879364 -0.30750522017478943 -0.15866579115390778
v -0.2701651453971863 -0.19397060573101044 -0.17728446424007416
v -0.2694682776927948 -0.3638785183429718 -0.17277131974697113
v -0.2694656252861023 -0.4015817940235138 -0.1673002392053604
v -0.26908227801322937 0.2595232427120209 -0.2123030722141266
v -0.26801684498786926 -0.3768858015537262 0.15662075579166412
v -0.2677372395992279 -0.23786406219005585 0.17120495438575745
v -0.26623448729515076 0.28214460611343384 -0.20627863705158234
v -0.2658097743988037 -0.21838070452213287 0.15908147394657135
v -0.2655603587627411 -0.19979116320610046 0.15771795809268951
v -0.2650901675224304 -0.28268417716026306 0.1626022905111313
v -0.2646872103214264 -0.2734704613685608 -0.16386999189853668
v -0.26460033655166626 -0.3208344280719757 -0.17363180220127106
v -0.264180451631546 0.25420626997947693 -0.18648286163806915
v -0.2611234784126282 -0.3001130223274231 0.049325596541166306
v -0.2610424757003784 -0.21478310227394104 -0.17574407160282135
v -0.2600480020046234 -0.29796260595321655 -0.04449896886944771
v -0.2599886953830719 -0.30595529079437256 0.15519900619983673
v -0.2599865794181824 -0.30016279220581055 0.012381106615066528
v -0.25972607731819153 0.22269155085086823 0.20546580851078033
v -0.2596529722213745 -0.3042004108428955 -0.15243276953697205
v -0.2590329051017761 -0.1333865076303482 0.20897077023983002
v -0.2589990198612213 -0.30331453680992126 -0.0995013490319252
v -0.25894978642463684 -0.3053950071334839 0.10353314876556396
v -0.25869718194007874 -0.2819380760192871 0.00044718285789713264
v -0.25868290662765503 -0.3602629005908966 -0.16196051239967346
v -0.2585277557373047 -0.27026787400245667 -0.17380918562412262
v -0.25830745697021484 0.22219432890415192 -0.19789095222949982
v -0.2578372359275818 -0.369325190782547 -0.1728576123714447
v -0.25730717182159424 -0.289120078086853 -0.09972957521677017
v -0.2569037079811096 -0.19579482078552246 0.1564566045999527
v -0.2548401355743408 -0.22176912426948547 0.17452669143676758
v -0.2544196844100952 -0.19426238536834717 0.18151907622814178
v -0.2540537714958191 -0.23822468519210815 -0.16160359978675842
v -0.25077390670776367 -0.34373587369918823 0.1737413853406906
v -0.2506997585296631 -0.31734907627105713 -0.1535680592060089
v -0.24757927656173706 -0.03977799043059349 0.2128431648015976
v -0.24558719992637634 -0.27289167046546936 0.15444017946720123
v -0.24529701471328735 -0.278461754322052 0.1844950020313263
v -0.24413681030273438 -0.3250393867492676 0.15617859363555908
v -0.24338172376155853 -0.265453964471817 -0.17374034225940704
v -0.24259430170059204 -0.22295792400836945 -0.1712261587381363
v -0.24259114265441895 -0.33164840936660767 0.1943982094526291
v -0.23934778571128845 -0.2654740810394287 0.17323093116283417
v -0.23885850608348846 0.37955933809280396 -0.1716381162405014
v -0.23736630380153656 -0.2731860876083374 -0.03819284588098526
v -0.23735147714614868 0.3458402156829834 -0.2278028279542923
v -0.23534509539604187 -0.3247057795524597 0.04834861680865288
v -0.23288969695568085 -0.2675572335720062 -0.15113966166973114
v -0.23036755621433258 -0.31484442949295044 -0.19451628625392914
v -0.2293069213628769 -0.34058520197868347 0.17325633764266968
v -0.22903475165367126 -0.2701212167739868 0.05140557140111923
v -0.22821661829948425 -0.27562880516052246 0.10103856027126312
v -0.22736461460590363 -0.32820117473602295 0.16232268512248993
v -0.22602279484272003 -0.2780688405036926 -0.09961201995611191
v -0.22555311024188995 -0.3214179575443268 -0.15758292376995087
v -0.22546733915805817 0.39699453115463257 -0.10981862992048264
v -0.2249605655670166 -0.26711297035217285 -0.17308902740478516
v -0.22435849905014038 -0.3336282968521118 -0.1816122680902481
v -0.2239285111427307 -0.34852173924446106 -0.16257159411907196
v -0.2225581258535385 0.37665754556655884 -0.06609515100717545
v -0.22137144207954407 -0.2768805921077728 -0.17434346675872803
v -0.22124065458774567 -0.21963462233543396 0.16353215277194977
v -0.22062057256698608 -0.36774617433547974 0.16989493370056152
v -0.22020277380943298 -0.3965873420238495 -0.15402767062187195
v -0.21945826709270477 -0.27851733565330505 0.011481971479952335
v -0.21722736954689026 -0.33483561873435974 0.1845230609178543
v -0.2168164700269699 -0.28467312455177307 0.15515875816345215
v -0.2167772799730301 -0.3027569353580475 0.03344247117638588
v -0.21673598885536194 -0.3056052625179291 -0.10048680007457733
v -0.2164987474679947 -0.3036804497241974 0.10389640927314758
v -0.21627211570739746 -0.21885885298252106 0.17809993028640747
v -0.21580559015274048 -0.020858559757471085 0.21980591118335724
v -0.21554718911647797 -0.21037162840366364 0.15786568820476532
v -0.21522313356399536 0.21239757537841797 -0.20021453499794006
v -0.21428585052490234 0.07286698371171951 0.20935095846652985
v -0.21421808004379272 -0.29768091440200806 0.1781105101108551
v -0.21361812949180603 -0.10454905778169632 0.1909361630678177
v -0.2136160135269165 -0.30343419313430786 -0.14896328747272491
v -0.2131923884153366 -0.2512902021408081 0.060316432267427444
v -0.21306954324245453 0.24625492095947266 0.19174209237098694
v -0.21281854808330536 0.3770287334918976 0.08470745384693146
v -0.2123737335205078 0.2587601840496063 0.21679292619228363
v -0.21047326922416687 -0.2899058759212494 -0.1638726145029068
v -0.21039703488349915 -0.3038911819458008 0.15833906829357147
v -0.20893341302871704 0.06783701479434967 -0.20655451714992523
v -0.20889368653297424 -0.22291821241378784 -0.174429252743721
v -0.20823867619037628 0.07201603800058365 -0.1870754063129425
v -0.20692068338394165 0.2456136792898178 -0.2108733355998993
v -0.20683331787586212 -0.3701608180999756 -0.1741422563791275
v -0.20544807612895966 0.06838984042406082 0.19157689809799194
v -0.20535646378993988 -0.36179959774017334 0.17399343848228455
v -0.20514996349811554 -0.3883775770664215 0.18028104305267334
v -0.20366305112838745 -0.22753460705280304 0.17045938968658447
v -0.20349463820457458 -0.20343007147312164 -0.15317091345787048
v -0.20252086222171783 0.3080812990665436 -0.1875816285610199
v -0.20076388120651245 -0.3866406977176666 0.1570957601070404
v -0.19999660551548004 -0.3632012605667114 -0.16034387052059174
v -0.1999690681695938 -0.19516046345233917 -0.15089023113250732
v -0.19981920719146729 -0.20258283615112305 0.15792445838451385
v -0.19900745153427124 -0.1939033716917038 -0.17805758118629456
v -0.19599074125289917 -0.17307870090007782 0.11293753236532211
v -0.19510908424854279 0.013274675235152245 0.21524934470653534
v -0.19333359599113464 -0.06320527195930481 -0.2035934180021286
v -0.19219140708446503 -0.2435130476951599 0.15361198782920837
v -0.19208812713623047 0.2802589535713196 0.21026121079921722
v -0.1918456256389618 -0.11507444828748703 0.2195596992969513
v -0.1912371963262558 -0.19377999007701874 0.15588684380054474
v -0.18956230580806732 -0.2527405917644501 0.10044866800308228
v -0.18875795602798462 0.05190252512693405 0.21249578893184662
v -0.1878974735736847 -0.26400887966156006 0.1026848554611206
v -0.18509574234485626 -0.19710487127304077 0.17906419932842255
v -0.18487758934497833 -0.2773561179637909 0.1686478853225708
v -0.18434752523899078 -0.24661290645599365 -0.16293591260910034
v -0.1840176284313202 0.23674887418746948 -0.20585396885871887
v -0.18301047384738922 -0.24275000393390656 0.17163123190402985
v -0.1787043660879135 -0.3867545425891876 -0.1751716583967209
v -0.17270271480083466 -0.25861620903015137 -0.15478701889514923
v -0.1722182035446167 -0.33213186264038086 -0.16515833139419556
v -0.17176969349384308 -0.33886054158210754 0.18064109981060028
v -0.17025472223758698 -0.3176477253437042 0.1897675096988678
v -0.16865184903144836 -0.26665014028549194 0.054774414747953415
v -0.16719989478588104 -0.2545626759529114 0.17654205858707428
v -0.16652369499206543 -0.24545958638191223 0.15898191928863525
v -0.16598674654960632 -0.24922239780426025 -0.17483274638652802
v -0.16576752066612244 -0.3143572509288788 0.1669592410326004
v -0.16484509408473969 -0.37193259596824646 -0.15452754497528076
v -0.16198088228702545 -0.027734452858567238 0.22249485552310944
v -0.16017256677150726 -0.313629150390625 -0.1794777512550354
v -0.15136070549488068 -0.2238178700208664 -0.15059104561805725
v -0.14857912063598633 -0.15391939878463745 0.21233482658863068
v -0.14730241894721985 -0.2930205464363098 0.0486663356423378
v -0.14570696651935577 -0.2267683893442154 -0.1701284646987915
v -0.14274956285953522 0.33539053797721863 0.2013424038887024
v -0.13969844579696655 -0.33760926127433777 -0.15593503415584564
v -0.13872410356998444 -0.23292994499206543 0.17211416363716125
v -0.1367638111114502 0.355276882648468 0.2170640081167221
v -0.13527584075927734 -0.34513911604881287 0.1652086079120636
v -0.1343761682510376 -0.31575945019721985 -0.18327869474887848
v -0.13364754617214203 -0.24824859201908112 -0.1547738015651703
v -0.13142883777618408 -0.27473124861717224 0.1558227688074112
v -0.13131128251552582 -0.2788737118244171 0.006969882175326347
v -0.12967027723789215 -0.09631016850471497 -0.20618543028831482
v -0.12592123448848724 -0.19172489643096924 -0.2051856964826584
v -0.12564481794834137 -0.13488030433654785 0.21606162190437317
v -0.1247996985912323 -0.2558091878890991 0.0530608706176281
v -0.12377877533435822 -0.2674137353897095 -0.05136639252305031
v -0.12309727072715759 -0.31498366594314575 0.17391984164714813
v -0.12298819422721863 -0.23672346770763397 0.15764327347278595
v -0.12279544025659561 -0.25074902176856995 -0.09837081283330917
v -0.12277373671531677 -0.2561115324497223 0.10074732452630997
v -0.12231357395648956 -0.25159043073654175 -0.054821547120809555
v -0.12211659550666809 -0.2968845069408417 -0.03297489881515503
v -0.12053172290325165 -0.29720538854599 -0.09732711315155029
v -0.1192539781332016 0.39029282331466675 0.15083253383636475
v -0.11892355233430862 -0.3043656349182129 -0.15256567299365997
v -0.11789680272340775 -0.33608847856521606 0.16909533739089966
v -0.11719147115945816 -0.30721238255500793 0.15247827768325806
v -0.11653327196836472 -0.30970218777656555 -0.10268273949623108
v -0.11629922688007355 -0.3041231036186218 0.037746451795101166
v -0.11623515188694 -0.3050640821456909 0.10292525589466095
v -0.11188509315252304 0.08169153332710266 0.20998744666576385
v -0.11023350805044174 0.0258397925645113 0.2159980833530426
v -0.10898646712303162 0.2572457790374756 0.2101171612739563
v -0.10668938606977463 0.08925315737724304 -0.20618808269500732
v -0.10493824630975723 0.26774150133132935 -0.2057194858789444
v -0.10452786833047867 -0.3406757414340973 -0.1689862608909607
v -0.10242511332035065 -0.31326061487197876 0.17416712641716003
v -0.09926914423704147 -0.311901330947876 -0.1687019169330597
v -0.09881533682346344 -0.22378398478031158 0.15866050124168396
v -0.09872690588235855 -0.30987218022346497 0.15302951633930206
v -0.09809836000204086 0.030005574226379395 -0.2124306708574295
v -0.09653573483228683 0.3647861182689667 0.15720166265964508
v -0.09651772677898407 0.2431042492389679 -0.18763720989227295
v -0.0960792824625969 0.37449178099632263 -0.18691495060920715
v -0.09424234926700592 0.10982418805360794 -0.1878294199705124
v -0.09418728202581406 0.2531583607196808 0.19134441018104553
v -0.09264583140611649 -0.2462538778781891 -0.15124396979808807
v -0.0922333300113678 -0.25722458958625793 0.15703696012496948
v -0.09203793853521347 -0.309347927570343 -0.15821518003940582
v -0.09125848114490509 0.0025438342709094286 -0.2035674750804901
v -0.09125318378210068 0.15771609544754028 -0.21184927225112915
v -0.0908576250076294 0.07357443124055862 0.19117286801338196
v -0.090766541659832 0.21962453424930573 0.21722711622714996
v -0.08920920640230179 -0.051331184804439545 0.22089038789272308
v -0.08685705810785294 0.14953596889972687 -0.18815720081329346
v -0.08634871244430542 0.189838707447052 -0.1898787021636963
v -0.08410193026065826 0.23066039383411407 -0.21441641449928284
v -0.08295127749443054 0.1680826097726822 0.217498779296875
v -0.08273258060216904 -0.32139042019844055 0.1658821851015091
v -0.08166823536157608 -0.005188831593841314 0.21507196128368378
v -0.08166452497243881 -0.3103286325931549 0.10607699304819107
v -0.07815907150506973 0.11318137496709824 0.19356103241443634
v -0.07507722824811935 -0.0708574429154396 -0.1855154186487198
v -0.07466419041156769 -0.30491316318511963 -0.09045705199241638
v -0.07398056983947754 -0.25913459062576294 -0.16145533323287964
v -0.07291146367788315 0.20160213112831116 0.19543926417827606
v -0.07209441065788269 0.22039923071861267 0.20367231965065002
v -0.07041368633508682 0.15567900240421295 -0.20884524285793304
v -0.06978990882635117 -0.3120570182800293 -0.17333631217479706
v -0.06958815455436707 0.10835104435682297 0.21845614910125732
v -0.06606893241405487 0.15655535459518433 0.19523963332176208
v -0.06536360085010529 -0.28178030252456665 0.17911766469478607
v -0.06524605304002762 -0.14491480588912964 0.2107229381799698
v -0.06353620439767838 0.22197458148002625 -0.2022717148065567
v -0.0632084310054779 -0.30920761823654175 0.16051332652568817
v -0.06291507929563522 0.31888362765312195 -0.2229873239994049
v -0.05746996030211449 0.3677133321762085 -0.1488266885280609
v -0.056881655007600784 -0.14390766620635986 -0.20385023951530457
v -0.055889856070280075 -0.193669855594635 0.20567232370376587
v -0.05169336497783661 0.1814335584640503 -0.212945356965065
v -0.049919452518224716 -0.27735769748687744 -0.17724686861038208
v -0.04939945787191391 0.33162349462509155 -0.2409948855638504
v -0.047987211495637894 0.09374671429395676 0.20709200203418732
v -0.04718974605202675 0.3203509449958801 -0.23741582036018372
v -0.046446293592453 -0.3329758942127228 0.18855541944503784
v -0.04641346260905266 -0.33064016699790955 -0.18811537325382233
v -0.04622548073530197 -0.3124043643474579 0.1863027960062027
v -0.04418574646115303 0.11908294260501862 -0.21065518260002136
v -0.042017869651317596 -0.330819696187973 -0.166243314743042
v -0.04085344076156616 0.07070492953062057 0.2107510268688202
v -0.04015499725937843 -0.04090534895658493 0.2103755623102188
v -0.03820687159895897 -0.3344559371471405 0.1693727970123291
v -0.03545704111456871 0.3969632685184479 0.11587375402450562
v -0.03504083678126335 0.09030268341302872 -0.20728528499603271
v -0.03346125781536102 -0.09888789802789688 -0.2063083052635193
v -0.032400619238615036 -0.17043530941009521 0.19085410237312317
v -0.032083433121442795 0.17476840317249298 0.21431049704551697
v -0.03144058957695961 -0.07839895784854889 0.212979257106781
v -0.030074412003159523 -0.30163538455963135 -0.1776302307844162
v -0.02891898714005947 0.07149286568164825 0.19570772349834442
v -0.02790706232190132 -0.34743037819862366 0.19400633871555328
v -0.02785993553698063 0.25597065687179565 0.21500469744205475
v -0.023905964568257332 -0.29168984293937683 0.18030963838100433
v -0.019721651449799538 -0.34299561381340027 -0.19735348224639893
v -0.01872667297720909 0.3080722987651825 -0.2115670144557953
v -0.01588311791419983 0.0807780995965004 -0.1945485770702362
v -0.01506288442760706 -0.1886271834373474 0.20962205529212952
v -0.008300310000777245 -0.34109726548194885 -0.17751957476139069
v -0.007930171675980091 -0.012124030850827694 0.20714600384235382
v 0.0001615131477592513 -0.3080696761608124 -0.15373113751411438
v 0.0008641940075904131 -0.015612547285854816 0.2189343273639679
v 0.0012015021638944745 0.13282731175422668 0.2198524922132492
v 0.002023326000198722 0.15355506539344788 -0.20606206357479095
v 0.002896514255553484 0.23304696381092072 0.23087246716022491
v 0.00523331156000495 0.08610354363918304 0.2159070074558258
v 0.0054467106238007545 0.06960616260766983 -0.2055574357509613
v 0.009084553457796574 -0.2622317969799042 0.16901962459087372
v 0.010768975131213665 -0.2718951106071472 -0.16453665494918823
v 0.010938422754406929 -0.32672062516212463 0.1979793906211853
v 0.0112227788195014 -0.26421064138412476 -0.1595008671283722
v 0.011372105218470097 -0.09588019549846649 0.20930488407611847
v 0.012032952159643173 -0.3274953067302704 0.16695870459079742
v 0.012985040433704853 0.10492341965436935 -0.20548541843891144
v 0.01387993898242712 0.1892329305410385 -0.21716251969337463
v 0.01474518422037363 0.10649876296520233 -0.21943047642707825
v 0.01738540083169937 0.13366606831550598 -0.2112138271331787
v 0.020202478393912315 0.2282976359128952 -0.20617908239364624
v 0.02044711634516716 -0.31282955408096313 0.17255155742168427
v 0.021353138610720634 0.3220539093017578 0.2433623969554901
v 0.021677207201719284 -0.3052716553211212 0.10121012479066849
v 0.023086804896593094 0.37573882937431335 0.17264898121356964
v 0.023588266223669052 0.10309814661741257 0.21717362105846405
v 0.023963700979948044 -0.3087230920791626 0.1484178900718689
v 0.024067487567663193 0.1849125325679779 0.21966451406478882
v 0.02449852041900158 0.15302661061286926 0.21790914237499237
v 0.027354253455996513 0.39623939990997314 -0.1102374866604805
v 0.027401911094784737 -0.25032806396484375 0.15652017295360565
v 0.0310455784201622 0.33350542187690735 0.24296684563159943
v 0.031892821192741394 -0.30802252888679504 -0.16293326020240784
v 0.03352005034685135 0.3502241373062134 0.01248595304787159
v 0.03485816344618797 -0.3001643717288971 -0.18061676621437073
v 0.03544911742210388 -0.33282235264778137 0.17346180975437164
v 0.03620792552828789 0.1877555549144745 -0.2063676118850708
v 0.03626299276947975 0.3761407136917114 -0.007645559962838888
v 0.03956829756498337 0.24102585017681122 -0.20064449310302734
v 0.039663612842559814 -0.3090752363204956 0.15265780687332153
v 0.041821956634521484 0.24896396696567535 0.19260099530220032
v 0.042420320212841034 -0.27536138892173767 0.1704588532447815
v 0.04331522062420845 0.17823204398155212 -0.20743617415428162
v 0.04336922988295555 0.24915355443954468 -0.18820804357528687
v 0.043861690908670425 0.07027707248926163 -0.20516082644462585
v 0.04387175291776657 -0.25765669345855713 -0.16373655200004578
v 0.044525716453790665 0.07014203816652298 0.21138113737106323
v 0.04488791525363922 -0.30884966254234314 0.1777721643447876
v 0.04489161819219589 0.05716124549508095 -0.18678045272827148
v 0.045237403362989426 0.3358522951602936 -0.19868524372577667
v 0.04574203863739967 0.35171422362327576 -0.00197539827786386
v 0.046688828617334366 0.06217056140303612 0.1913592517375946
v 0.04685351252555847 0.1610870361328125 -0.20565538108348846
v 0.04697636514902115 0.37734487652778625 -0.10590913891792297
v 0.04703567177057266 0.2316972017288208 0.2143210917711258
v 0.04776853322982788 0.3781058192253113 0.05674901604652405
v 0.04780718684196472 0.24813738465309143 -0.2104576677083969
v 0.04815031960606575 0.3532159626483917 0.21700100600719452
v 0.04818474128842354 -0.0639275461435318 0.20801866054534912
v 0.050767239183187485 -0.30352580547332764 -0.1408451497554779
v 0.05078577250242233 -0.17282824218273163 -0.05404314398765564
v 0.05098381265997887 -0.30182018876075745 -0.09265881031751633
v 0.05163725093007088 0.3757520616054535 0.11200451105833054
v 0.052783142775297165 -0.2992456555366516 0.06085125356912613
v 0.052848804742097855 -0.07220297306776047 0.2385304719209671
v 0.05285463109612465 -0.22325021028518677 -0.15141604840755463
v 0.053019311279058456 0.29960307478904724 -0.18566472828388214
v 0.05333385244011879 0.3946804702281952 -0.003687884658575058
v 0.05368545651435852 -0.30303704738616943 0.1289726346731186
v 0.053976695984601974 0.3759363293647766 -0.003911873791366816
v 0.05431453138589859 -0.3049428164958954 0.17534004151821136
v 0.054999206215143204 -0.3329150080680847 -0.15637612342834473
v 0.05565846711397171 0.349712610244751 -0.041921768337488174
v 0.05653960257768631 -0.31193625926971436 -0.0998937264084816
v 0.05713055282831192 0.3883775472640991 0.11869242042303085
v 0.05824572965502739 -0.316124826669693 0.17161694169044495
v 0.05895211920142174 -0.26851463317871094 0.14099712669849396
v 0.06008689105510712 0.39193329215049744 0.06130770593881607
v 0.06049780547618866 -0.29435548186302185 0.16611570119857788
v 0.06157592311501503 -0.26746508479118347 0.05674266442656517
v 0.06161881238222122 0.37049758434295654 -0.04611825942993164
v 0.06239350885152817 -0.32554876804351807 0.15342243015766144
v 0.06243163347244263 -0.2509894371032715 -0.09729428589344025
v 0.06263550370931625 -0.2548671364784241 -0.1510014533996582
v 0.06313960999250412 -0.2497635781764984 0.1578460931777954
v 0.0653943344950676 0.38568544387817383 -0.14259152114391327
v 0.0668097585439682 -0.32503989338874817 0.15979155898094177
v 0.06706498563289642 0.38976702094078064 -0.012562737800180912
v 0.06752672791481018 -0.3084694743156433 -0.15689770877361298
v 0.07017012685537338 -0.05139896273612976 0.21760624647140503
v 0.07042006403207779 0.37605810165405273 0.038236796855926514
v 0.07081138342618942 0.3363950252532959 0.010110500268638134
v 0.0715511292219162 0.17328043282032013 -0.20833374559879303
v 0.07278916239738464 0.2776028513908386 0.21079762279987335
v 0.07387309521436691 -0.13572171330451965 -0.2033408284187317
v 0.073899045586586 0.3674866855144501 0.1598392128944397
v 0.07428665459156036 -0.31140461564064026 -0.17914733290672302
v 0.07495386153459549 0.0023823289666324854 -0.2034170776605606
v 0.07667799293994904 0.3092780113220215 0.003055097535252571
v 0.07835712283849716 -0.22857831418514252 0.15698084235191345
v 0.07848262041807175 -0.020114047452807426 0.2334057092666626
v 0.07881992310285568 0.08863203227519989 0.21083839237689972
v 0.07985780388116837 -0.3095417618751526 0.17876340448856354
v 0.08027824014425278 0.31793153285980225 0.23437634110450745
v 0.0810137540102005 0.30640801787376404 -0.20861013233661652
v 0.08104711025953293 -0.2923649847507477 0.1966211348772049
v 0.0811614915728569 -0.11206726729869843 0.21644394099712372
v 0.08175456523895264 0.35943102836608887 0.15186931192874908
v 0.08186152577400208 -0.3077964186668396 0.1563766598701477
v 0.08205744624137878 0.38712942600250244 -0.030833495780825615
v 0.0824122354388237 -0.25900909304618835 0.17987805604934692
v 0.08260021358728409 -0.15655219554901123 -0.20770148932933807
v 0.08299471437931061 -0.2502221465110779 0.05870826169848442
v 0.08349352329969406 -0.2942432165145874 0.17919498682022095
v 0.08402834087610245 0.30904027819633484 0.21607115864753723
v 0.084325410425663 0.32371553778648376 0.19222606718540192
v 0.08458064496517181 0.3593616485595703 0.011190202087163925
v 0.08465424925088882 -0.28664082288742065 -0.17747348546981812
v 0.08548347651958466 0.39850735664367676 0.03515759855508804
v 0.08571912348270416 0.3602967858314514 -0.02836431749165058
v 0.08583878725767136 -0.3363950550556183 0.18257863819599152
v 0.08602942526340485 -0.24644292891025543 0.15711164474487305
v 0.0860394835472107 -0.2629334032535553 -0.09220077842473984
v 0.08653035759925842 -0.2756563425064087 -0.1521727591753006
v 0.08764871209859848 -0.26758742332458496 0.055036529898643494
v 0.0880204439163208 -0.23180630803108215 -0.1708623766899109
v 0.08842393755912781 0.3616582155227661 0.007329959888011217
v 0.08848748356103897 0.33235421776771545 0.04324928671121597
v 0.08854202181100845 -0.31748253107070923 -0.1829826682806015
v 0.08854573220014572 -0.26775211095809937 -0.05035129189491272
v 0.08914197236299515 0.2982802987098694 0.01374092884361744
v 0.08934319764375687 -0.2769928574562073 0.1026965007185936
v 0.08963125944137573 -0.2503089904785156 0.10030940175056458
v 0.0900728851556778 -0.25055891275405884 -0.09306125342845917
v 0.09029210358858109 -0.2514442801475525 -0.15042054653167725
v 0.09079303592443466 0.04727553203701973 -0.21054820716381073
v 0.09094077348709106 -0.33833205699920654 -0.17977535724639893
v 0.09109275043010712 0.358569473028183 -0.14998212456703186
v 0.0921592190861702 -0.27614933252334595 0.1557597666978836
v 0.0924292728304863 0.28344300389289856 0.009804963134229183
v 0.09269244223833084 -0.24761052429676056 -0.1530115157365799
v 0.09293285012245178 -0.006103322375565767 0.23023122549057007
v 0.09301809966564178 0.17284253239631653 -0.2121521383523941
v 0.0933501198887825 0.36566513776779175 0.0018048870842903852
v 0.09352274239063263 0.3608861267566681 0.036395635455846786
v 0.09410256892442703 0.3335811495780945 0.2015521079301834
v 0.09578752517700195 0.367317259311676 0.055311355739831924
v 0.09599669277667999 -0.1422581821680069 -0.2132667899131775
v 0.100277379155159 -0.3728237748146057 0.17503714561462402
v 0.10090062767267227 -0.2802150249481201 -0.15194664895534515
v 0.10142644494771957 0.36477604508399963 -0.11608610302209854
v 0.10191255062818527 0.3930791914463043 -0.10247410833835602
v 0.10276191681623459 0.38062581419944763 0.03341228514909744
v 0.10313258320093155 0.018020816147327423 0.21628032624721527
v 0.1031569391489029 0.20243242383003235 0.2166404128074646
v 0.10387496650218964 0.3135497272014618 0.2163962721824646
v 0.10416250675916672 -0.16001370549201965 0.21335415542125702
v 0.10450457781553268 0.387147456407547 -0.130234494805336
v 0.10588664561510086 -0.2928240895271301 0.16797222197055817
v 0.106246717274189 0.2617763876914978 0.027894096449017525
v 0.10625995695590973 -0.31621429324150085 0.18235571682453156
v 0.10666398704051971 0.35784614086151123 0.20973750948905945
v 0.10670264065265656 0.35463881492614746 -0.2151768058538437
v 0.10777175426483154 -0.3170112371444702 -0.16454829275608063
v 0.10802803933620453 -0.33364102244377136 0.15688711404800415
v 0.10819854587316513 0.013572268187999725 -0.21080130338668823
v 0.1085602194070816 0.16663117706775665 0.21375660598278046
v 0.10869471728801727 -0.308365136384964 -0.12350528687238693
v 0.10879003256559372 0.16830767691135406 0.19147205352783203
v 0.11062166094779968 -0.19355228543281555 0.2093043476343155
v 0.11174054443836212 -0.26930785179138184 -0.16094276309013367
v 0.1125311329960823 0.2974473834037781 -0.20966021716594696
v 0.11414194852113724 0.37250977754592896 -0.15822310745716095
v 0.11440671235322952 0.1543726623058319 -0.18696683645248413
v 0.11671491712331772 -0.07603250443935394 0.22751952707767487
v 0.11776178330183029 -0.02280774526298046 0.1913221925497055
v 0.11787193268537521 -0.15178489685058594 -0.2047276645898819
v 0.11804667115211487 0.38977229595184326 0.07499859482049942
v 0.11925611644983292 0.12505388259887695 0.21200650930404663
v 0.12014994770288467 -0.002662993036210537 0.22825662791728973
v 0.12070754170417786 -0.007033699192106724 -0.20290343463420868
v 0.12100831419229507 -0.3404030501842499 0.17297253012657166
v 0.12155001610517502 -0.3426424264907837 -0.16165710985660553
v 0.12172211706638336 0.3789578080177307 -0.07832561433315277
v 0.12256830185651779 0.12284045666456223 0.1955181360244751
v 0.12259000539779663 0.15952017903327942 -0.20147530734539032
v 0.12272185832262039 -0.39409008622169495 -0.1591736078262329
v 0.12309199571609497 -0.24962589144706726 0.1761692762374878
v 0.12318836897611618 -0.25305986404418945 -0.16290782392024994
v 0.12431096285581589 -0.26462259888648987 0.1686648279428482
v 0.1250607669353485 0.35213467478752136 0.16796109080314636
v 0.12572798132896423 0.3697461783885956 -0.06334744393825531
v 0.12805894017219543 -0.04254687950015068 0.2168252021074295
v 0.12842538952827454 -0.19729603826999664 0.17465589940547943
v 0.12851910293102264 0.10309867560863495 -0.1958136260509491
v 0.12875473499298096 -0.29404357075691223 0.1690492480993271
v 0.12898509204387665 0.3241439461708069 0.0651557669043541
v 0.1291259378194809 0.3246321380138397 -0.0801212340593338
v 0.13021570444107056 0.18649104237556458 0.20410121977329254
v 0.1304386407136917 -0.25276386737823486 0.1667722910642624
v 0.13306137919425964 -0.19459757208824158 0.1566212922334671
v 0.13731560111045837 0.3771415054798126 -0.039202120155096054
v 0.137582466006279 -0.21555037796497345 -0.15314443409442902
v 0.13773655891418457 -0.08129122108221054 0.2088886797428131
v 0.13835293054580688 -0.2199263870716095 0.1549358069896698
v 0.139060378074646 0.36799344420433044 0.08991904556751251
v 0.1390773206949234 -0.31723734736442566 0.17165029048919678
v 0.13930077850818634 0.2387949675321579 -0.19086943566799164
v 0.13995634019374847 0.3134618103504181 0.037758104503154755
v 0.14079932868480682 -0.19632118940353394 0.17791776359081268
v 0.14173342287540436 0.3761730194091797 0.15326200425624847
v 0.141839861869812 -0.2794334292411804 -0.14870381355285645
v 0.14241227507591248 0.3771976828575134 0.02758273482322693
v 0.14250017702579498 0.3656466007232666 0.13523268699645996
v 0.14257802069187164 -0.0985294058918953 0.21552680432796478
v 0.14316368103027344 -0.2807562053203583 0.15501947700977325
v 0.1439013034105301 -0.1204364225268364 0.2075876146554947
v 0.14396747946739197 -0.23396942019462585 -0.17175249755382538
v 0.14464953541755676 -0.33052313327789307 -0.16878344118595123
v 0.1451631486415863 -0.22501936554908752 0.17783835530281067
v 0.14640171825885773 -0.36216285824775696 0.17442448437213898
v 0.14737127721309662 0.06783278286457062 -0.20502738654613495
v 0.1481957584619522 0.2567538321018219 0.02560919150710106
v 0.14845681190490723 -0.29115238785743713 -0.16014423966407776
v 0.14874593913555145 -0.3932809829711914 0.1558137685060501
v 0.1487559974193573 0.3258384168148041 -0.15408700704574585
v 0.1489693969488144 -0.10218631476163864 0.24105629324913025
v 0.14957517385482788 -0.19539609551429749 -0.15022940933704376
v 0.14980392158031464 0.35413259267807007 -0.17886614799499512
v 0.1499950885772705 -0.3049115836620331 0.18481697142124176
v 0.14999932050704956 0.26247748732566833 0.19208258390426636
v 0.15028896927833557 -0.3659939765930176 -0.1730392575263977
v 0.15128712356090546 0.25095871090888977 -0.20501096546649933
v 0.15134696662425995 0.3314122259616852 -0.1922202706336975
v 0.1514020413160324 -0.2676318883895874 -0.1682809293270111
v 0.15148940682411194 0.3754708766937256 0.06591193377971649
v 0.15161067247390747 -0.31259870529174805 -0.17574088275432587
v 0.1517234593629837 -0.2935982644557953 0.10641112923622131
v 0.15227045118808746 -0.027652377262711525 0.23591302335262299
v 0.1525082141160965 0.3601178228855133 -0.12903882563114166
v 0.1526188850402832 -0.39761778712272644 -0.1767771691083908
v 0.15334804356098175 -0.2994712293148041 -0.09554843604564667
v 0.15418733656406403 -0.3026446998119354 0.15775661170482635
v 0.15452994406223297 -0.36722034215927124 -0.15620562434196472
v 0.1553104668855667 -0.2635667324066162 0.1620589792728424
v 0.1558055728673935 0.3855075240135193 0.1062411516904831
v 0.15600097179412842 0.3367805480957031 0.03603343293070793
v 0.15642723441123962 -0.36700111627578735 0.160922110080719
v 0.15680266916751862 -0.2256712168455124 0.1642507016658783
v 0.15708279609680176 -0.30679774284362793 -0.05854570120573044
v 0.15719452500343323 -0.2811586260795593 -0.18255534768104553
v 0.15785589814186096 0.3130545914173126 -0.055713266134262085
v 0.1579114943742752 -0.3061819076538086 0.10638782382011414
v 0.1581021249294281 -0.3375367224216461 -0.17436306178569794
v 0.1590939164161682 0.31750473380088806 -0.03197409585118294
v 0.15919029712677002 -0.2242785543203354 -0.17242605984210968
v 0.15938198566436768 -0.27504685521125793 0.17616504430770874
v 0.16030707955360413 -0.37007978558540344 0.1726050227880478
v 0.16044104099273682 -0.32571664452552795 0.1678858995437622
v 0.16083236038684845 -0.39854341745376587 0.17977535724639893
v 0.1623033881187439 -0.19447685778141022 -0.1509818583726883
v 0.16235210001468658 -0.3227905035018921 -0.1809699535369873
v 0.16246488690376282 -0.19340932369232178 -0.17954078316688538
v 0.16257290542125702 0.38846439123153687 -0.01976640708744526
v 0.16310720145702362 -0.19323615729808807 -0.20459476113319397
v 0.16328036785125732 0.3422415554523468 -0.039028968662023544
v 0.16454538702964783 -0.3157859146595001 -0.1570136696100235
v 0.16469313204288483 0.3738478720188141 0.11811312288045883
v 0.1659528762102127 -0.27239394187927246 -0.04192706570029259
v 0.1665581315755844 -0.27271905541419983 0.01163235679268837
v 0.16927725076675415 0.07552520185709 0.1896563023328781
v 0.16964685916900635 -0.2648487091064453 -0.09946110844612122
v 0.16978134214878082 -0.19592033326625824 0.15629087388515472
v 0.16994920372962952 0.07310262322425842 -0.18630971014499664
v 0.1701483130455017 0.2761191129684448 0.20983970165252686
v 0.17173528671264648 0.34891992807388306 -0.05037141218781471
v 0.17344407737255096 0.34041520953178406 0.04025958105921745
v 0.17376019060611725 0.34748438000679016 -0.015070042572915554
v 0.17417694628238678 0.38330572843551636 -0.110916867852211
v 0.17418964207172394 0.3637911081314087 0.046659961342811584
v 0.17472659051418304 -0.26594483852386475 0.10195622593164444
v 0.17478220164775848 -0.24588532745838165 -0.14871865510940552
v 0.1751253306865692 0.344913512468338 0.2032725214958191
v 0.1756342053413391 -0.3210112750530243 0.0023264698684215546
v 0.17605039477348328 -0.3367360532283783 0.16218185424804688
v 0.1766185760498047 0.38119184970855713 0.0551641471683979
v 0.17947536706924438 -0.2647560238838196 0.16970905661582947
v 0.17952357232570648 0.22460103034973145 0.03774910047650337
v 0.18108725547790527 0.08594150841236115 0.20607370138168335
v 0.18117940425872803 0.3426174819469452 0.22645145654678345
v 0.18204569816589355 -0.2688482105731964 -0.17495296895503998
v 0.18347011506557465 0.34482458233833313 0.060907911509275436
v 0.18348336219787598 -0.2749600112438202 0.192132368683815
v 0.1843496561050415 -0.32151591777801514 -0.15548919141292572
v 0.1848871409893036 0.3770022690296173 -0.06213323771953583
v 0.18543043732643127 -0.32861846685409546 0.19710618257522583
v 0.18625065684318542 0.36009714007377625 -0.0039124032482504845
v 0.18827980756759644 0.21138988435268402 0.02258189208805561
v 0.1883576512336731 -0.27465498447418213 -0.09833480417728424
v 0.1887727826833725 -0.32116377353668213 0.15914131700992584
v 0.18913234770298004 -0.3504672050476074 -0.16464680433273315
v 0.189207524061203 0.20758576691150665 0.03120627999305725
v 0.18938440084457397 -0.2764469385147095 0.00800033938139677
v 0.19134734570980072 -0.27238917350769043 -0.16015534102916718
v 0.19153109192848206 -0.3164239823818207 -0.19082443416118622
v 0.1924196481704712 -0.012416329234838486 0.20980633795261383
v 0.19375351071357727 0.354708194732666 0.019617076963186264
v 0.19383558630943298 0.3665028214454651 -0.10486385226249695
v 0.19514352083206177 0.2153872698545456 0.02812337875366211
v 0.19618192315101624 0.36115145683288574 -0.09371786564588547
v 0.19751472771167755 0.3559112250804901 0.05882740765810013
v 0.19829419255256653 -0.33076778054237366 0.1688951700925827
v 0.19861403107643127 0.3110460937023163 0.03924660012125969
v 0.19864051043987274 -0.3070063591003418 -0.09783599525690079
v 0.1989995241165161 -0.300393670797348 -0.010366793721914291
v 0.200287327170372 0.2113305777311325 0.029341289773583412
v 0.20093387365341187 0.20682483911514282 0.02815885841846466
v 0.20111392438411713 -0.3059399127960205 -0.15331123769283295
v 0.2012997716665268 -0.2302134782075882 -0.17013004422187805
v 0.2015407234430313 -0.2971264719963074 -0.043614134192466736
v 0.2015438973903656 -0.30330604314804077 0.10412304848432541
v 0.20171916484832764 -0.276853084564209 -0.17420049011707306
v 0.2024191915988922 -0.27886366844177246 0.1769423931837082
v 0.20277664065361023 0.31625133752822876 -0.09224525094032288
v 0.2028602957725525 0.20051872730255127 0.032431602478027344
v 0.20293495059013367 0.38401636481285095 -0.13635052740573883
v 0.20327650010585785 -0.2669980525970459 0.1651826649904251
v 0.20389287173748016 0.32373884320259094 0.19031131267547607
v 0.20529399812221527 -0.3670514225959778 0.17744119465351105
v 0.20576050877571106 0.38008198142051697 -0.03951824828982353
v 0.20622330904006958 0.33897435665130615 -0.08404925465583801
v 0.20701071619987488 0.3424772024154663 -0.208408921957016
v 0.20749682188034058 -0.3152743875980377 0.1772007942199707
v 0.20774993300437927 -0.3938104808330536 0.1567240208387375
v 0.20787808299064636 0.2123197317123413 0.036688461899757385
v 0.20791727304458618 -0.2168503701686859 0.15567979216575623
v 0.20839914679527283 -0.2520866096019745 -0.09671656787395477
v 0.2083996683359146 -0.32460516691207886 -0.1678551882505417
v 0.20873697102069855 -0.25769534707069397 -0.05664152652025223
v 0.2088863104581833 0.34075674414634705 -0.15302740037441254
v 0.2088889628648758 0.31755661964416504 -0.14417214691638947
v 0.20929986238479614 0.05980146303772926 0.2077666074037552
v 0.2100343108177185 0.33340853452682495 0.11225179582834244
v 0.21045635640621185 0.3194486200809479 -0.07266338914632797
v 0.21060512959957123 0.35544103384017944 0.1386168897151947
v 0.21072004735469818 -0.22381629049777985 0.17601518332958221
v 0.2118648737668991 0.011153394356369972 -0.2066059112548828
v 0.21189771592617035 0.33011114597320557 -0.10611565411090851
v 0.2123080939054489 -0.3573807179927826 -0.16078497469425201
v 0.21238858997821808 -0.19499629735946655 0.1799326241016388
v 0.21254797279834747 0.06546791642904282 -0.19883033633232117
v 0.2144002467393875 0.2182382494211197 0.03108660690486431
v 0.21475397050380707 -0.36374348402023315 0.1580308973789215
v 0.21489854156970978 0.038703564554452896 0.19120992720127106
v 0.2151479423046112 -0.2972387373447418 0.16376565396785736
v 0.21621441841125488 0.336186945438385 -0.055019062012434006
v 0.21654324233531952 -0.23294584453105927 0.15732291340827942
v 0.2170272320508957 -0.2213365137577057 -0.1519371122121811
v 0.2212168425321579 -0.2956703007221222 -0.16643182933330536
v 0.22203071415424347 -0.2719327211380005 0.056609753519296646
v 0.2223738580942154 -0.20262201130390167 0.15733033418655396
v 0.2226635068655014 -0.1956375688314438 -0.15953634679317474
v 0.2229960411787033 -0.19483479857444763 0.16320541501045227
v 0.2231840342283249 0.2335960865020752 -0.19904108345508575
v 0.2237606793642044 0.27458667755126953 0.050716131925582886
v 0.22440776228904724 0.3521818220615387 0.12936237454414368
v 0.2256420999765396 -0.37794217467308044 -0.1540912389755249
v 0.22700032591819763 0.37664908170700073 -0.03043370507657528
v 0.23001915216445923 -0.2848541736602783 0.15215370059013367
v 0.23017112910747528 -0.0844985619187355 -0.20525772869586945
v 0.23037181794643402 -0.2559410333633423 -0.160973459482193
v 0.23049624264240265 -0.3906232714653015 -0.16886022686958313
v 0.23074036836624146 -0.25087663531303406 0.16759254038333893
v 0.23156960308551788 0.19167140126228333 0.033737409859895706
v 0.23198209702968597 0.18742036819458008 0.04134723171591759
v 0.2325042188167572 -0.2859370708465576 -0.10515562444925308
v 0.23410920798778534 -0.17065824568271637 -0.18527977168560028
v 0.23419976234436035 -0.33079424500465393 0.16496926546096802
v 0.23687173426151276 0.32277828454971313 -0.09923817217350006
v 0.23834910988807678 0.3597874045372009 0.09887386113405228
v 0.2391868233680725 -0.282918244600296 0.10291413962841034
v 0.2395680993795395 -0.3097683787345886 0.17119914293289185
v 0.24001924693584442 0.3638615608215332 -0.12274965643882751
v 0.24113920331001282 -0.26716485619544983 -0.16426075994968414
v 0.2412763386964798 0.29600653052330017 -0.08230075985193253
v 0.2413901835680008 0.28311362862586975 0.19736512005329132
v 0.24246247112751007 0.3354514241218567 -0.03156636282801628
v 0.24262873828411102 -0.14542527496814728 0.21134409308433533
v 0.242947518825531 -0.326057106256485 -0.17308583855628967
v 0.24464042484760284 0.32234883308410645 -0.08280486613512039
v 0.2450253814458847 0.3612891137599945 -0.14456242322921753
v 0.24509316682815552 0.10097580403089523 -0.20177872478961945
v 0.24609872698783875 0.37083911895751953 0.05007540062069893
v 0.24639949202537537 -0.3802006244659424 0.1699071228504181
v 0.24667009711265564 -0.32504943013191223 -0.156925767660141
v 0.2467876523733139 0.29518574476242065 0.13395971059799194
v 0.24701005220413208 -0.2577207684516907 0.17681528627872467
v 0.24721866846084595 -0.05793384090065956 -0.157863050699234
v 0.247608944773674 0.27072060108184814 -0.07570446282625198
v 0.2478737086057663 -0.2610038220882416 -0.1754157543182373
v 0.24804528057575226 -0.3090842366218567 -0.17395374178886414
v 0.24818453192710876 0.08227294683456421 -0.15952999889850616
v 0.2488999217748642 -0.2699962258338928 -0.04545794427394867
v 0.249303936958313 0.36187317967414856 0.04490405321121216
v 0.2493208944797516 -0.31773772835731506 0.17802314460277557
v 0.2496100217103958 -0.026212595403194427 -0.1621410846710205
v 0.24962377548217773 -0.1938519924879074 0.2038889080286026
v 0.2498551905155182 -0.30287662148475647 -0.02738999016582966
v 0.249917671084404 -0.24971380829811096 -0.19753246009349823
v 0.2499573975801468 0.07847996056079865 0.18876297771930695
v 0.24999551475048065 0.028823142871260643 0.15301044285297394
v 0.2504037618637085 -0.03688465803861618 0.17385418713092804
v 0.25063198804855347 -0.1943100392818451 -0.17277608811855316
v 0.250634104013443 -0.26399511098861694 0.20415787398815155
v 0.2512621283531189 -0.3177187144756317 -0.19285835325717926
v 0.25131139159202576 -0.234266996383667 -0.17518223822116852
v 0.25139665603637695 -0.29993030428886414 0.19456076622009277
v 0.25161004066467285 -0.13271507620811462 0.16789120435714722
v 0.2517244219779968 -0.31619787216186523 0.20341919362545013
v 0.25194206833839417 -0.2623445689678192 0.1566610038280487
v 0.25230902433395386 -0.3022327125072479 0.1802656650543213
v 0.25246891379356384 0.38156837224960327 0.033042676746845245
v 0.2525520622730255 -0.26739412546157837 -0.005013816989958286
v 0.2526029050350189 -0.17206095159053802 0.14798101782798767
v 0.2536614239215851 0.2580379247665405 -0.191029891371727
v 0.25369584560394287 0.34578937292099 0.18724960088729858
v 0.25406596064567566 -0.11675145477056503 0.19016146659851074
v 0.25460079312324524 -0.2485218495130539 0.199943408370018
v 0.254641056060791 -0.1715414822101593 -0.1393328160047531
v 0.25492167472839355 0.022431766614317894 -0.1520223617553711
v 0.25558677315711975 -0.17133496701717377 -0.16816812753677368
v 0.2563974857330322 -0.2997206449508667 -0.1953868418931961
v 0.25653886795043945 0.30676648020744324 -0.16434389352798462
v 0.2566007971763611 -0.12380050122737885 -0.14855661988258362
v 0.2573140859603882 -0.23301255702972412 0.17973880469799042
v 0.25805649161338806 -0.055698711425065994 -0.14992862939834595
v 0.25809726119041443 -0.1699153184890747 0.18798458576202393
v 0.2581841051578522 0.09389392286539078 0.16187791526317596
v 0.2581888735294342 -0.2643234133720398 -0.15152567625045776
v 0.25832176208496094 0.029460163787007332 -0.1687527298927307
v 0.2585351765155792 -0.1945885866880417 0.18115846812725067
v 0.25873690843582153 0.0961359366774559 0.2093440592288971
v 0.25916266441345215 0.09605174511671066 -0.15811191499233246
v 0.25935277342796326 0.08064783364534378 -0.1666266918182373
v 0.2597520351409912 0.06223410367965698 -0.1563284546136856
v 0.2598155736923218 -0.19435134530067444 -0.17593947052955627
v 0.25996699929237366 -0.19554118812084198 -0.16276857256889343
v 0.26003003120422363 -0.26306578516960144 -0.1780422031879425
v 0.2604494094848633 0.07317835092544556 -0.18462738394737244
v 0.26060137152671814 0.2690525949001312 -0.04552095755934715
v 0.26087039709091187 -0.05019058287143707 -0.1679457426071167
v 0.2610578238964081 0.0256592258810997 0.160432830452919
v 0.26156511902809143 -0.24884115159511566 -0.17889949679374695
v 0.2619045376777649 0.10431341081857681 0.17941686511039734
v 0.2625039517879486 0.31249967217445374 0.1634262353181839
v 0.26250502467155457 0.0011480042012408376 -0.15440471470355988
v 0.26376107335090637 0.33197879791259766 0.06275225430727005
v 0.2643911838531494 0.08475060760974884 -0.14120732247829437
v 0.26441025733947754 0.045932650566101074 -0.20915290713310242
v 0.26457440853118896 -0.008364398032426834 -0.16843925416469574
v 0.26484182476997375 -0.1704729199409485 -0.18441398441791534
v 0.26506686210632324 -0.19381706416606903 0.19595660269260406
v 0.2652045488357544 0.001702417735941708 0.21328216791152954
v 0.26542696356773376 0.31720346212387085 0.12794111669063568
v 0.2654804587364197 0.3376463055610657 0.035588108003139496
v 0.26577168703079224 0.31540942192077637 -0.2133944034576416
v 0.2659543752670288 -0.2529878616333008 0.18135279417037964
v 0.2660861909389496 0.3309430480003357 -0.1313343346118927
v 0.2662672996520996 -0.17805783450603485 0.21065571904182434
v 0.2665882110595703 -0.26437583565711975 -0.1992189884185791
v 0.2670430541038513 -0.07745587080717087 -0.18590937554836273
v 0.2671198546886444 0.3044572174549103 0.13826262950897217
v 0.26744550466537476 -0.2481945902109146 -0.15400545299053192
v 0.26776373386383057 -0.14191292226314545 -0.20582590997219086
v 0.267829954624176 -0.17239879071712494 -0.20554472506046295
v 0.2680502235889435 0.2888176739215851 0.21280503273010254
v 0.26819318532943726 0.3772558867931366 -0.09423468261957169
v 0.26829642057418823 -0.3002321720123291 -0.19626319408416748
v 0.2684161067008972 -0.07295754551887512 0.17095820605754852
v 0.2690160870552063 0.07255879789590836 -0.2022717148065567
v 0.2691071331501007 -0.08967309445142746 -0.15916407108306885
v 0.2693465054035187 0.32277777791023254 -0.10593137890100479
v 0.26976537704467773 0.2537953555583954 -0.02401850000023842
v 0.27008888125419617 -0.1718623787164688 -0.14694899320602417
v 0.27022022008895874 -0.17078480124473572 0.14800749719142914
v 0.27055540680885315 0.30509424209594727 0.04088389500975609
v 0.27056124806404114 0.3688449263572693 -0.05127054825425148
v 0.270831823348999 0.37625032663345337 0.13516120612621307
v 0.27118927240371704 -0.03772713243961334 -0.16243760287761688
v 0.27139946818351746 0.05948321893811226 -0.16104653477668762
v 0.27379557490348816 0.32303139567375183 -0.1500721424818039
v 0.2745882570743561 -0.3075544536113739 -0.17488624155521393
v 0.27554935216903687 -0.31581026315689087 0.17901545763015747
v 0.275687575340271 -0.022827336564660072 -0.15574759244918823
v 0.27595338225364685 0.32791152596473694 -0.19085144996643066
v 0.27693620324134827 0.2589741349220276 0.03170085698366165
v 0.2773931622505188 -0.11515705287456512 0.20319415628910065
v 0.2783595621585846 0.3392597734928131 0.2405770868062973
v 0.27843421697616577 0.32212749123573303 0.1395832598209381
v 0.27941492199897766 0.010404116474092007 -0.2035875767469406
v 0.28013506531715393 -0.319245845079422 -0.1612911969423294
v 0.2805872857570648 -0.08869346231222153 -0.19942815601825714
v 0.2806735932826996 -0.24909797310829163 0.1573149710893631
v 0.28092774748802185 0.2804967164993286 -0.20609541237354279
v 0.2810251712799072 -0.283270925283432 0.15850798785686493
v 0.28177180886268616 0.0630125105381012 0.1914990395307541
v 0.2827604413032532 0.3229715824127197 0.24268408119678497
v 0.28297489881515503 0.32662951946258545 -0.2433623969554901
v 0.2841075658798218 0.027712196111679077 -0.18961606919765472
v 0.28413987159729004 0.3256615400314331 -0.0850617066025734
v 0.2847694754600525 0.07322864979505539 -0.19980359077453613
v 0.2852460741996765 0.2977258861064911 -0.18768329918384552
v 0.28528204560279846 -0.2821663022041321 0.10368619114160538
v 0.2853683531284332 0.05221600458025932 -0.20563635230064392
v 0.2853805422782898 -0.28071436285972595 -0.14903108775615692
v 0.28545626997947693 0.04303773492574692 0.19544349610805511
v 0.2856956124305725 0.33750176429748535 0.21119104325771332
v 0.28575599193573 -0.08465266227722168 0.21087968349456787
v 0.2858031094074249 0.36341091990470886 -0.01827261410653591
v 0.28610649704933167 -0.2847324311733246 -0.10210449993610382
v 0.2862754166126251 0.06979096680879593 -0.19096848368644714
v 0.2863389849662781 0.07330278307199478 0.2068876028060913
v 0.2870310842990875 -0.007833813317120075 -0.1981048732995987
v 0.2872598171234131 -0.24952740967273712 0.10192392766475677
v 0.28728950023651123 -0.25012895464897156 -0.09945157170295715
v 0.2878015339374542 -0.24909266829490662 -0.14747217297554016
v 0.28780314326286316 0.016742011532187462 0.2149866819381714
v 0.2886185944080353 -0.09178801625967026 -0.21109521389007568
v 0.28876370191574097 0.017999105155467987 0.1952877938747406
v 0.2890866994857788 0.34474143385887146 -0.09593552350997925
v 0.28996676206588745 -0.11167754232883453 0.19785335659980774
v 0.29011502861976624 0.05861055850982666 -0.1955403834581375
v 0.2908881604671478 0.007976769469678402 -0.18994595110416412
v 0.2916141152381897 0.29814159870147705 0.1875074952840805
v 0.2924412190914154 -0.07877280563116074 -0.19836434721946716
v 0.2927345931529999 0.2524567246437073 -0.08581628650426865
v 0.29297447204589844 0.034620389342308044 0.1979338377714157
v 0.29376715421676636 0.07607008516788483 -0.21126413345336914
v 0.29446032643318176 -0.2662159502506256 0.053033336997032166
v 0.2950052320957184 0.3187263607978821 0.2168707549571991
v 0.2952641546726227 0.005045314319431782 0.19520942866802216
v 0.2953298091888428 -0.10746992379426956 -0.19205081462860107
v 0.2956194579601288 0.3781794011592865 0.09699510037899017
v 0.29578518867492676 0.05765529349446297 -0.19465714693069458
v 0.295977920293808 0.3207862079143524 0.192280113697052
v 0.29655247926712036 -0.11352557688951492 0.19617633521556854
v 0.29661494493484497 -0.26891177892684937 -0.046637725085020065
v 0.2971958518028259 0.07301577925682068 0.21117888391017914
v 0.2981977164745331 -0.10988456010818481 0.20891883969306946
v 0.29860490560531616 -0.2495734840631485 0.057381801307201385
v 0.29885804653167725 0.010412588715553284 0.2059868723154068
v 0.299747109413147 -0.24931135773658752 -0.051313966512680054
v 0.3001098334789276 -0.09553176164627075 0.19438442587852478
v 0.30019456148147583 -0.003609255887567997 -0.20370672643184662
v 0.30281519889831543 0.35124242305755615 -0.2149406373500824
v 0.3055936098098755 -0.0041133644990623 0.20604299008846283
v 0.306465208530426 0.30612099170684814 -0.1973799616098404
v 0.31111177802085876 0.31181710958480835 0.14577342569828033
v 0.3118298351764679 0.2652648985385895 0.19902943074703217
v 0.3127141296863556 0.3550131618976593 -0.03645864874124527
v 0.3128300905227661 0.3295583426952362 0.1144615113735199
v 0.31544122099876404 -0.11495900899171829 0.2045852243900299
v 0.3177483379840851 -0.195659801363945 -0.15085847675800323
v 0.3187396228313446 0.25669029355049133 -0.026868406683206558
v 0.31939834356307983 0.25708532333374023 0.0456475093960762
v 0.32137030363082886 0.3336399495601654 -0.03730747848749161
v 0.3222731351852417 0.3094443082809448 -0.0562671534717083
v 0.3226649761199951 0.29239675402641296 -0.09798372536897659
v 0.3234931528568268 0.3471566140651703 -0.08835642039775848
v 0.324049174785614 -0.007463674061000347 0.20634855329990387
v 0.3250526189804077 0.3637985289096832 0.18352067470550537
v 0.32619744539260864 -0.1165989488363266 0.19485200941562653
v 0.3265363574028015 0.3169402778148651 0.05659280717372894
v 0.32744288444519043 0.3341297209262848 0.022928202524781227
v 0.327983558177948 0.25966569781303406 -0.18767215311527252
v 0.3292512595653534 0.32794803380966187 -0.10550723224878311
v 0.33074235916137695 -0.13628725707530975 0.1895541101694107
v 0.3334927260875702 -0.0006645628018304706 0.2097247838973999
v 0.33413875102996826 0.367260605096817 0.02486361935734749
v 0.334686815738678 0.357881098985672 -0.01271259319037199
v 0.3347937762737274 -0.16604077816009521 0.19992750883102417
v 0.33515703678131104 0.0011432385072112083 0.19261899590492249
v 0.3449961543083191 -0.19464682042598724 0.15690459311008453
v 0.3456469178199768 0.2783108353614807 0.058756981045007706
v 0.3457835614681244 0.31669193506240845 0.13081485033035278
v 0.3480091691017151 0.2768053710460663 -0.03669111058115959
v 0.3491576910018921 -0.21478362381458282 0.15816114842891693
v 0.3496342599391937 0.3484216630458832 0.012338215485215187
v 0.3514934480190277 0.3368102014064789 -0.01619051955640316
v 0.35211244225502014 0.2776282727718353 -0.15688234567642212
v 0.3531460762023926 -0.16967438161373138 0.19232404232025146
v 0.3537905216217041 -0.16839450597763062 0.0542973130941391
v 0.3541262447834015 0.2794646620750427 0.049572352319955826
v 0.35444554686546326 -0.12992976605892181 -0.05900638923048973
v 0.35444924235343933 -0.17126773297786713 0.08108919858932495
v 0.35511907935142517 -0.1702568531036377 0.15146002173423767
v 0.3558429777622223 -0.0038433063309639692 0.2061515599489212
v 0.356375128030777 -0.06288967281579971 0.07761816680431366
v 0.3564572036266327 -0.0910106748342514 0.14582638442516327
v 0.35662296414375305 -0.12215526401996613 0.16304180026054382
v 0.35702380537986755 0.04732212796807289 0.16636879742145538
v 0.35726475715637207 0.009695610031485558 -0.20116236805915833
v 0.35756760835647583 -0.07943258434534073 -0.0861901268362999
v 0.357704758644104 -0.22038230299949646 -0.15227071940898895
v 0.35775190591812134 -0.17053169012069702 -0.14768609404563904
v 0.3580950200557709 0.26267552375793457 -0.05372278019785881
v 0.3587331175804138 -0.17001646757125854 -0.035951364785432816
v 0.35891422629356384 -0.17084886133670807 -0.09460588544607162
v 0.35904815793037415 0.033234093338251114 -0.1291717290878296
v 0.3594273328781128 0.008640265092253685 0.09284678846597672
v 0.35946914553642273 0.033797506242990494 -0.16652289032936096
v 0.3597709834575653 -0.09553441405296326 0.11795691400766373
v 0.35998013615608215 -0.16966697573661804 0.1160019040107727
v 0.3601840138435364 -0.13233858346939087 -0.16088026762008667
v 0.36041173338890076 -0.07511324435472488 0.09753521531820297
v 0.3606208860874176 -0.004111246205866337 0.1950807422399521
v 0.3612436056137085 0.3695105314254761 -0.038623351603746414
v 0.361348420381546 -0.12209489941596985 0.0522136315703392
v 0.36143794655799866 -0.033688440918922424 -0.12094290554523468
v 0.3614792227745056 -0.16204126179218292 -0.10786996781826019
v 0.3614802956581116 0.257341593503952 -0.14565958082675934
v 0.36148929595947266 -0.12326250225305557 0.15302158892154694
v 0.3618006408214569 0.053150616586208344 -0.08614034950733185
v 0.36185359954833984 0.031154116615653038 0.15197151899337769
v 0.36195263266563416 -0.08519595116376877 0.06306202709674835
v 0.36205217242240906 -0.04157784953713417 -0.14364951848983765
v 0.36298099160194397 -0.1691395491361618 -0.17321240901947021
v 0.3630630373954773 -0.13082996010780334 0.08889812231063843
v 0.363099604845047 -0.11206462234258652 0.20252588391304016
v 0.36312130093574524 -0.12623631954193115 -0.11512447893619537
v 0.3635094165802002 -0.08888038992881775 0.08954890072345734
v 0.36372917890548706 0.031678345054388046 0.1405983567237854
v 0.36388275027275085 -0.16918721795082092 -0.06404905766248703
v 0.36403366923332214 -0.16923010349273682 0.06687513738870621
v 0.36408182978630066 -0.0925828367471695 -0.14371727406978607
v 0.36415281891822815 -0.10181299597024918 -0.051940396428108215
v 0.3644842803478241 0.03683274984359741 -0.05378897115588188
v 0.36456161737442017 0.05731216073036194 -0.15124289691448212
v 0.36470454931259155 0.03761273995041847 0.05476435273885727
v 0.364764928817749 0.25237730145454407 0.15216852724552155
v 0.3650408387184143 0.022068511694669724 0.1281878799200058
v 0.3653283417224884 -0.0915253683924675 -0.08096741884946823
v 0.3656153380870819 0.019673466682434082 0.10292632132768631
v 0.3658742904663086 0.0006179488846100867 0.10891260206699371
v 0.36649012565612793 -0.16845013201236725 -0.04725409299135208
v 0.3666537404060364 -0.17158491909503937 0.049344658851623535
v 0.3678531348705292 -0.052142418920993805 0.1745801568031311
v 0.36790767312049866 -0.1662605255842209 0.16048577427864075
v 0.36846789717674255 -0.12672825157642365 0.1145949512720108
v 0.36861246824264526 -0.004657716955989599 -0.1950405091047287
v 0.3686744272708893 -0.09334588050842285 0.08221761882305145
v 0.36878299713134766 -0.0843878909945488 -0.07447542995214462
v 0.36899372935295105 0.009259810671210289 0.2052677571773529
v 0.36909961700439453 -0.030341308563947678 -0.1013207957148552
v 0.3692193031311035 0.00824841670691967 0.09197202324867249
v 0.36931517720222473 0.008514238521456718 0.15366177260875702
v 0.36992040276527405 -0.10852526873350143 -0.06666067987680435
v 0.37095776200294495 -0.10139413923025131 -0.1561405062675476
v 0.3734486401081085 -0.10476351529359818 0.07683604955673218
v 0.3741619288921356 -0.08336538076400757 0.12247111648321152
v 0.3748306930065155 -0.05798467621207237 -0.1286935806274414
v 0.378948837518692 0.3607039749622345 0.19413766264915466
v 0.380621075630188 -0.09529824554920197 0.06593205034732819
v 0.38074707984924316 0.32032182812690735 -0.09570571035146713
v 0.3811976909637451 0.358870267868042 0.025761166587471962
v 0.3826427757740021 -0.06456244736909866 0.022961033508181572
v 0.3837611675262451 -0.009518234990537167 0.06670515984296799
v 0.38665926456451416 -0.1242537721991539 0.06796914339065552
v 0.3891972601413727 -0.16965901851654053 -0.14874355494976044
v 0.3896457552909851 0.07765283435583115 0.16154587268829346
v 0.3897246718406677 0.07547330856323242 -0.15994514524936676
v 0.39017370343208313 0.29798853397369385 -0.07740052789449692
v 0.3903966248035431 -0.1719931662082672 0.20381368696689606
v 0.3907408118247986 -0.07018759846687317 -0.08873502910137177
v 0.3913259506225586 -0.10958590358495712 0.13917922973632812
v 0.39142337441444397 0.3122444152832031 0.12434987723827362
v 0.3928176462650299 -0.13140131533145905 -0.02337777428328991
v 0.39290499687194824 -0.06556377559900284 -0.06697680801153183
v 0.3931199908256531 -0.12133768200874329 0.0509004071354866
v 0.3934117555618286 -0.06343508511781693 0.11605114489793777
v 0.3934482932090759 -0.11179032921791077 -0.14181947708129883
v 0.39372313022613525 -0.10593270510435104 -0.17502868175506592
v 0.3939873278141022 -0.1704729199409485 0.04545052722096443
v 0.39444538950920105 -0.041965458542108536 0.07768170535564423
v 0.3946577310562134 -0.17010699212551117 -0.0395674966275692
v 0.3952507972717285 -0.16967226564884186 -0.09289286285638809
v 0.39534613490104675 -0.16383901238441467 0.06413325667381287
v 0.39567017555236816 -0.11679381132125854 -0.05585941672325134
v 0.3961499333381653 -0.07026544213294983 0.06493548303842545
v 0.3961504399776459 0.053950730711221695 -0.14600960910320282
v 0.3963596224784851 -0.26447007060050964 -0.18003641068935394
v 0.39652642607688904 -0.16144342720508575 0.01764565333724022
v 0.39712053537368774 -0.24780751764774323 -0.19405138492584229
v 0.3974091410636902 -0.08676493912935257 0.1904495358467102
v 0.39750605821609497 -0.1947617381811142 0.18258552253246307
v 0.39769455790519714 -0.12895755469799042 0.10256941616535187
v 0.39793655276298523 0.024918947368860245 -0.06872371584177017
v 0.3980345129966736 -0.16832461953163147 0.08525815606117249
v 0.3982606530189514 0.024827340617775917 -0.10938335955142975
v 0.39826855063438416 -0.3016359210014343 -0.17649228870868683
v 0.39832043647766113 -0.19569793343544006 -0.19600744545459747
v 0.39833423495292664 -0.25574934482574463 0.17935015261173248
v 0.39883461594581604 -0.11679328233003616 -0.08198358118534088
v 0.39891618490219116 -0.1665327101945877 0.12716855108737946
v 0.39896276593208313 -0.11885102093219757 0.1777382642030716
v 0.39915233850479126 0.31888681650161743 -0.07662530243396759
v 0.3993127942085266 -0.13460864126682281 -0.11401035636663437
v 0.3994748294353485 0.012266987934708595 -0.18463639914989471
v 0.3994981348514557 0.038981564342975616 0.1564142405986786
v 0.3995637893676758 0.0587344691157341 -0.12735970318317413
v 0.399984747171402 0.024010811001062393 0.08040187507867813
v 0.39999112486839294 0.045311518013477325 0.130671888589859
v 0.4009871780872345 0.006288111209869385 0.10100413858890533
v 0.4011460244655609 0.024862289428710938 -0.0333964005112648
v 0.4011693298816681 0.0021133299451321363 0.0320889987051487
v 0.4011889100074768 0.3350193202495575 0.02092129923403263
v 0.40139544010162354 -0.10025990009307861 -0.18487520515918732
v 0.4015817940235138 -0.19653403759002686 0.1568712294101715
v 0.40159982442855835 0.013353575021028519 -0.17200666666030884
v 0.40188947319984436 -0.1688552051782608 0.1596967726945877
v 0.40194931626319885 -0.1950916200876236 -0.15412986278533936
v 0.4019567370414734 -0.1646994948387146 -0.013584721833467484
v 0.40196678042411804 -0.3037879467010498 0.20491035282611847
v 0.4020048975944519 0.006296053994446993 -0.010790415108203888
v 0.4028468430042267 -0.16292399168014526 0.0027447952888906
v 0.4034833312034607 0.017018422484397888 0.18216457962989807
v 0.404151052236557 -0.26505839824676514 0.19966010749340057
v 0.40441054105758667 -0.16405770182609558 0.06508640199899673
v 0.405254602432251 -0.1940537542104721 0.20523548126220703
v 0.40594246983528137 -0.11440353840589523 0.15733879804611206
v 0.40599170327186584 -0.24851971864700317 0.15572690963745117
v 0.40640684962272644 -0.17043690383434296 0.19818800687789917
v 0.4071810245513916 -0.31481635570526123 -0.201495960354805
v 0.4074394404888153 -0.08312920480966568 0.17645415663719177
v 0.40748974680900574 -0.3033812642097473 0.17994531989097595
v 0.4075368642807007 0.04989297688007355 -0.04850112646818161
v 0.40778785943984985 0.04406660422682762 0.06389443576335907
v 0.4079456627368927 -0.2569105923175812 0.17625506222248077
v 0.4080081582069397 -0.24934260547161102 0.20103846490383148
v 0.4083031117916107 -0.26045310497283936 -0.19883140921592712
v 0.40858373045921326 -0.21892346441745758 0.17835937440395355
v 0.4088103771209717 -0.24797165393829346 -0.15322387218475342
v 0.40906187891960144 -0.08168413490056992 -0.04937484487891197
v 0.4091111421585083 0.0035727028734982014 -0.08959444612264633
v 0.4091661870479584 -0.13168461620807648 0.029546216130256653
v 0.4094616770744324 -0.19556395709514618 -0.17782139778137207
v 0.4097338914871216 -0.1673852503299713 -0.058386847376823425
v 0.4098365902900696 -0.03651345893740654 -0.04059848561882973
v 0.41012465953826904 -0.13098934292793274 -0.10515932738780975
v 0.410347580909729 -0.16828808188438416 0.03741973638534546
v 0.4105631113052368 -0.16201479732990265 0.09780474752187729
v 0.4110645651817322 -0.2566998302936554 -0.17489154636859894
v 0.41109052300453186 -0.16968655586242676 0.025720922276377678
v 0.4117656648159027 -0.1344699114561081 -0.015995653346180916
v 0.4120213985443115 -0.31598183512687683 -0.17467069625854492
v 0.4120526611804962 -0.318194180727005 0.18838438391685486
v 0.41233277320861816 -0.11023034155368805 0.04949239641427994
v 0.4123629331588745 -0.07502058148384094 0.06382771581411362
v 0.41300421953201294 -0.172061488032341 0.0110779432579875
v 0.41328537464141846 -0.02379954792559147 0.04937060549855232
v 0.41347602009773254 0.008369147777557373 -0.06176362931728363
v 0.41457003355026245 0.02357395365834236 -0.12366890907287598
v 0.41549035906791687 -0.113926962018013 -0.07587125897407532
v 0.4156179428100586 -0.16898971796035767 0.12902028858661652
v 0.4167511463165283 -0.24985624849796295 0.10198323428630829
v 0.41716891527175903 -0.24943102896213531 -0.09445761144161224
v 0.4175470173358917 0.009776098653674126 -0.014132252894341946
v 0.4194257855415344 0.058910269290208817 -0.1401858776807785
v 0.42023858428001404 -0.172408327460289 -0.04187093302607536
v 0.4204212725162506 -0.09228789061307907 -0.13820385932922363
v 0.4204218089580536 -0.02859228476881981 -0.10783502459526062
v 0.4217228591442108 -0.05126763880252838 -0.07633988559246063
v 0.4222947359085083 -0.006658265832811594 0.13521574437618256
v 0.42264580726623535 -0.1957683563232422 0.19905856251716614
v 0.4229195713996887 0.09320235997438431 -0.13306692242622375
v 0.42344486713409424 0.2817935347557068 0.14214301109313965
v 0.4270980656147003 0.09151317924261093 0.1428356170654297
v 0.42851296067237854 0.3432788848876953 -0.029625648632645607
v 0.42938244342803955 0.03610464930534363 0.14287005364894867
v 0.42944175004959106 -0.17125554382801056 -0.1362467259168625
v 0.4302513897418976 -0.24907413125038147 0.024692581966519356
v 0.431519091129303 0.2708588242530823 0.1295498162508011
v 0.43381088972091675 -0.25217610597610474 0.15179309248924255
v 0.4338230490684509 -0.1730818748474121 0.20267944037914276
v 0.43449079990386963 -0.19233913719654083 -0.20144037902355194
v 0.4353703260421753 0.05050722509622574 -0.05388375744223595
v 0.4356541335582733 -0.24958248436450958 -0.013776411302387714
v 0.43589773774147034 -0.17193862795829773 -0.20153038203716278
v 0.4360809624195099 0.006645011715590954 -0.04950563609600067
v 0.43614980578422546 -0.24873469769954681 -0.1503506451845169
v 0.4362631142139435 -0.19396373629570007 -0.15392443537712097
v 0.4368392527103424 -0.17344143986701965 0.04748125746846199
v 0.4368816018104553 -0.25221845507621765 -0.01966261863708496
v 0.437703937292099 -0.24956075847148895 -0.023526040837168694
v 0.43778762221336365 0.07252490520477295 0.04303165152668953
v 0.4381551146507263 -0.25663048028945923 -0.10953427851200104
v 0.43852365016937256 -0.2542751431465149 -0.09405887871980667
v 0.43857449293136597 -0.1777724176645279 -0.08545885235071182
v 0.43868038058280945 -0.2507702112197876 -0.014691430144011974
v 0.4387148320674896 -0.24838787317276 0.12893344461917877
v 0.4387296140193939 -0.26159054040908813 -0.003168949391692877
v 0.4390367567539215 -0.19114983081817627 0.1573377549648285
v 0.43915802240371704 -0.245380699634552 -3.680374356918037e-05
v 0.4392808675765991 -0.25347715616226196 0.15519370138645172
v 0.439842164516449 -0.25334951281547546 -0.14796936511993408
v 0.4406481087207794 -0.21037743985652924 0.032269567251205444
v 0.44187554717063904 -0.25836360454559326 0.09508456289768219
v 0.4420047402381897 0.030734730884432793 0.09834963083267212
v 0.44321948289871216 -0.27952930331230164 -0.09756910800933838
v 0.443434476852417 0.33798837661743164 -0.0052060349844396114
v 0.4436192810535431 0.04625513404607773 0.08766485005617142
v 0.4448467195034027 -0.22591479122638702 -0.056682828813791275
v 0.44501668214797974 0.0399114154279232 -0.05935746803879738
v 0.44562458992004395 0.2693628966808319 -0.07867245376110077
v 0.4460492730140686 -0.256545752286911 -0.0020590631756931543
v 0.446612685918808 -0.28716716170310974 -0.14783330261707306
v 0.4474482834339142 -0.2675238847732544 0.1573462188243866
v 0.44915440678596497 0.04694722592830658 0.00628732331097126
v 0.44999369978904724 -0.20154549181461334 -0.12112400680780411
v 0.4501303434371948 -0.28463655710220337 -0.16238678991794586
v 0.4502388834953308 -0.2734328806400299 0.1435854434967041
v 0.45031723380088806 -0.27125492691993713 -0.02879323437809944
v 0.45109090209007263 -0.2230362892150879 0.11837787926197052
v 0.45276790857315063 0.03723413124680519 -0.07537297159433365
v 0.4534223973751068 0.050066132098436356 -0.03470856696367264
v 0.4549262523651123 -0.2690425515174866 -0.10071184486150742
v 0.4555298984050751 0.05349374935030937 -0.10761898010969162
v 0.4564756453037262 -0.27269625663757324 0.1536114513874054
v 0.4568029046058655 -0.28931543231010437 0.16443444788455963
v 0.45805788040161133 -0.2268817126750946 0.06665220856666565
v 0.4582151174545288 -0.2555682361125946 0.1461414396762848
v 0.4583628475666046 -0.2973335385322571 0.10670183598995209
v 0.45853811502456665 -0.29577672481536865 0.003929344471544027
v 0.46020403504371643 -0.2983422875404358 -0.10432003438472748
v 0.46138066053390503 0.05910778418183327 0.06834245473146439
v 0.4627208709716797 -0.26642829179763794 -0.021918930113315582
v 0.4659695029258728 -0.05355783924460411 0.05492427200078964
v 0.4660775065422058 -0.13885705173015594 0.006767603103071451
v 0.46807119250297546 -0.03828578442335129 -0.03717298060655594
v 0.47043657302856445 -0.31939834356307983 0.15561836957931519
v 0.4730508625507355 -0.3293740749359131 -0.1537025421857834
v 0.4815291166305542 -0.22335189580917358 -0.10620991140604019
v 0.4840671122074127 -0.21907861530780792 -0.08134125918149948
v 0.4878881573677063 -0.21129193902015686 0.11249220371246338
v 0.48862525820732117 -0.2956427335739136 0.05492427200078964
v 0.49107006192207336 -0.32567641139030457 0.02813979610800743
v 0.4939316511154175 -0.18843388557434082 -0.07829860597848892
v 0.4957129657268524 -0.2330670952796936 0.08367964625358582
v 0.4992745816707611 -0.24628512561321259 -0.0977761521935463
v 0.4998120367527008 -0.18938492238521576 -0.11977901309728622
v 0.4999009966850281 -0.19127215445041656 0.08488961309194565
v 0.5 -0.21456493437290192 -0.06290581822395325
vt 0.0017269999952986836 0.0635799989104271
vt 0.0017269999952986836 0.27018800377845764
vt 0.0017269999952986836 0.3239479959011078
vt 0.0017269999952986836 0.590067982673645
vt 0.0017269999952986836 0.6415839791297913
vt 0.0017269999952986836 0.7358229756355286
vt 0.0017269999952986836 0.7786539793014526
vt 0.0017269999952986836 0.8171550035476685
vt 0.0017269999952986836 0.8401690125465393
vt 0.0017269999952986836 0.867779016494751
vt 0.0017269999952986836 0.9032149910926819
vt 0.0017269999952986836 0.921521008014679
vt 0.0017269999952986836 0.9276720285415649
vt 0.0017269999952986836 0.9458609819412231
vt 0.0017269999952986836 0.9493160247802734
vt 0.0017269999952986836 0.9653580188751221
vt 0.0017269999952986836 0.9688119888305664
vt 0.0017269999952986836 0.9857720136642456
vt 0.0017269999952986836 0.9917250275611877
vt 0.001896000001579523 0.8246610164642334
vt 0.0019839999731630087 0.4761259853839874
vt 0.002174000022932887 0.0032569998875260353
vt 0.0023950000759214163 0.739870011806488
vt 0.0030900000128895044 0.8582299947738647
vt 0.003370000049471855 0.20507200062274933
vt 0.004904000088572502 0.1983180046081543
vt 0.005305000115185976 0.9892259836196899
vt 0.005305000115185976 0.9970129728317261
vt 0.006155999843031168 0.41145598888397217
vt 0.00622399989515543 0.038509998470544815
vt 0.006641000043600798 0.6740120053291321
vt 0.007164999842643738 0.6347500085830688
vt 0.007794999983161688 0.3349300026893616
vt 0.007907000370323658 0.7635570168495178
vt 0.008076000027358532 0.9819070100784302
vt 0.010546999983489513 0.8950200080871582
vt 0.01093900017440319 0.0017269999952986836
vt 0.011013000272214413 0.5291079878807068
vt 0.011266999877989292 0.6916109919548035
vt 0.011423000134527683 0.5963429808616638
vt 0.011531000025570393 0.9700989723205566
vt 0.011979999952018261 0.26113298535346985
vt 0.011979999952018261 0.9569910168647766
vt 0.012303000316023827 0.738893985748291
vt 0.01234699971973896 0.8863430023193359
vt 0.01243599969893694 0.8918579816818237
vt 0.013287999667227268 0.6249539852142334
vt 0.013429000042378902 0.9292629957199097
vt 0.013539000414311886 0.5636849999427795
vt 0.013621999882161617 0.8850970268249512
vt 0.013675999827682972 0.8629710078239441
vt 0.013675999827682972 0.8997610211372375
vt 0.013687999919056892 0.9048519730567932
vt 0.013875000178813934 0.8074390292167664
vt 0.014600000344216824 0.10442999750375748
vt 0.015038999728858471 0.9688119888305664
vt 0.015038999728858471 0.9872350096702576
vt 0.015358000062406063 0.013217000290751457
vt 0.015469999983906746 0.7915740013122559
vt 0.01569500006735325 0.19466400146484375
vt 0.015804000198841095 0.9242179989814758
vt 0.01627499982714653 0.2278759926557541
vt 0.017273999750614166 0.8629710078239441
vt 0.017273999750614166 0.8947749733924866
vt 0.017399000003933907 0.7607219815254211
vt 0.01803399994969368 0.6493250131607056
vt 0.018340999260544777 0.7152190208435059
vt 0.018377000465989113 0.8176689743995667
vt 0.018502000719308853 0.938044011592865
vt 0.018502000719308853 0.9475039839744568
vt 0.018502000719308853 0.9643340110778809
vt 0.018502000719308853 0.986657977104187
vt 0.01866300031542778 0.7295899987220764
vt 0.019040999934077263 0.5448009967803955
vt 0.019724000245332718 0.5875440239906311
vt 0.02031099982559681 0.4592230021953583
vt 0.02099199965596199 0.22169899940490723
vt 0.021493999287486076 0.6723219752311707
vt 0.02163200080394745 0.9800450205802917
vt 0.021820999681949615 0.9029489755630493
vt 0.021820999681949615 0.9329969882965088
vt 0.021900000050663948 0.8250589966773987
vt 0.021900000050663948 0.859516978263855
vt 0.021900000050663948 0.8783640265464783
vt 0.021942000836133957 0.0972369983792305
vt 0.02255300059914589 0.13272899389266968
vt 0.02303300052881241 0.160179004073143
vt 0.023523999378085136 0.801069974899292
vt 0.02353999949991703 0.543815016746521
vt 0.023843999952077866 0.7290099859237671
vt 0.02413799986243248 0.05762200057506561
vt 0.024299999698996544 0.7752000093460083
vt 0.025032000616192818 0.9772440195083618
vt 0.025032000616192818 0.9888499975204468
vt 0.025303000584244728 0.410194993019104
vt 0.02535399980843067 0.8246610164642334
vt 0.02535399980843067 0.8962770104408264
vt 0.02545499987900257 0.8822219967842102
vt 0.025791000574827194 0.9364510178565979
vt 0.026426000520586967 0.9553250074386597
vt 0.026426000520586967 0.9737899899482727
vt 0.02848600037395954 0.9928709864616394
vt 0.02923700027167797 0.8212069869041443
vt 0.02988000027835369 0.9553250074386597
vt 0.02988000027835369 0.9706950187683105
vt 0.02993899956345558 0.9518709778785706
vt 0.030154999345541 0.7126299738883972
vt 0.03036700002849102 0.899757981300354
vt 0.030482999980449677 0.3210020065307617
vt 0.030500000342726707 0.5312129855155945
vt 0.0307839997112751 0.8250730037689209
vt 0.030873000621795654 0.17000800371170044
vt 0.03135199844837189 0.8963040113449097
vt 0.03135199844837189 0.9076769948005676
vt 0.03135199844837189 0.947405993938446
vt 0.031415000557899475 0.18570199608802795
vt 0.03162499889731407 0.9772440195083618
vt 0.03162499889731407 0.9938840270042419
vt 0.031626999378204346 0.96076899766922
vt 0.03169199824333191 0.720570981502533
vt 0.03169199824333191 0.7698209881782532
vt 0.032168999314308167 0.03163300082087517
vt 0.032641999423503876 0.6480950117111206
vt 0.034313999116420746 0.08151300251483917
vt 0.03514600172638893 0.7617729902267456
vt 0.03514600172638893 0.8247449994087219
vt 0.03514600172638893 0.851302981376648
vt 0.03514600172638893 0.8869640231132507
vt 0.03514600172638893 0.9178580045700073
vt 0.03514600172638893 0.9445850253105164
vt 0.03514600172638893 0.9767910242080688
vt 0.03514600172638893 0.9912739992141724
vt 0.03541100025177002 0.33027398586273193
vt 0.035436000674963 0.5762310028076172
vt 0.035450998693704605 0.13861800730228424
vt 0.03573700040578842 0.5142369866371155
vt 0.036263998597860336 0.8022040128707886
vt 0.03646299988031387 0.8771989941596985
vt 0.036545999348163605 0.6954259872436523
vt 0.036577001214027405 0.7465839982032776
vt 0.03681899979710579 0.06193000078201294
vt 0.037021998316049576 0.9287449717521667
vt 0.03743499889969826 0.9862589836120605
vt 0.037436001002788544 0.9042569994926453
vt 0.03810599818825722 0.5613660216331482
vt 0.03886000066995621 0.028560999780893326
vt 0.03889700025320053 0.8076170086860657
vt 0.03947800025343895 0.9895370006561279
vt 0.03947800025343895 0.997169017791748
vt 0.03975899890065193 0.8530179858207703
vt 0.04003399983048439 0.5275819897651672
vt 0.040410999208688736 0.04778200015425682
vt 0.04047999903559685 0.6418420076370239
vt 0.041471999138593674 0.9637529850006104
vt 0.041471999138593674 0.9828050136566162
vt 0.041485998779535294 0.20470400154590607
vt 0.04152100160717964 0.8248649835586548
vt 0.041788000613451004 0.7087720036506653
vt 0.042054999619722366 0.8095499873161316
vt 0.04222999885678291 0.9342060089111328
vt 0.04222999885678291 0.960299015045166
vt 0.04290200024843216 0.5744280219078064
vt 0.04293299838900566 0.9948170185089111
vt 0.043157998472452164 0.9862589836120605
vt 0.04327299818396568 0.8993300199508667
vt 0.043675001710653305 0.7523930072784424
vt 0.04368399828672409 0.8468999862670898
vt 0.04480399936437607 0.9027850031852722
vt 0.04480399936437607 0.9307519793510437
vt 0.045322999358177185 0.06566199660301208
vt 0.04552000015974045 0.6333010196685791
vt 0.045566998422145844 0.9948170185089111
vt 0.045621998608112335 0.877265989780426
vt 0.046470001339912415 0.41433799266815186
vt 0.046737998723983765 0.5009480118751526
vt 0.04678700119256973 0.5514839887619019
vt 0.04680899903178215 0.7812190055847168
vt 0.046845000237226486 0.829463005065918
vt 0.047008998692035675 0.21440400183200836
vt 0.04743200168013573 0.17761600017547607
vt 0.04758799821138382 0.6905609965324402
vt 0.04831999912858009 0.5080209970474243
vt 0.049077000468969345 0.8583509922027588
vt 0.049077000468969345 0.9062319993972778
vt 0.049077000468969345 0.9181200265884399
vt 0.049077000468969345 0.9435870051383972
vt 0.049077000468969345 0.965237021446228
vt 0.049077000468969345 0.9855520129203796
vt 0.049531999975442886 0.5265309810638428
vt 0.050887998193502426 0.15868400037288666
vt 0.05105200037360191 0.7908809781074524
vt 0.05105200037360191 0.8478490114212036
vt 0.051146000623703 0.9401320219039917
vt 0.051757000386714935 0.6730570197105408
vt 0.05236300081014633 0.9798049926757812
vt 0.0526450015604496 0.6420090198516846
vt 0.05279900133609772 0.5594120025634766
vt 0.05313599854707718 0.14121699333190918
vt 0.0537789985537529 0.20662300288677216
vt 0.05382800102233887 0.7777649760246277
vt 0.05450600013136864 0.7812190055847168
vt 0.05450600013136864 0.8244249820709229
vt 0.05450600013136864 0.827879011631012
vt 0.054715998470783234 0.7126299738883972
vt 0.055153001099824905 0.7377039790153503
vt 0.055396001785993576 0.9832590222358704
vt 0.055396001785993576 0.9934089779853821
vt 0.05609999969601631 0.8472750186920166
vt 0.056373000144958496 0.6906740069389343
vt 0.05650699883699417 0.851302981376648
vt 0.05651300027966499 0.860372006893158
vt 0.05707300081849098 0.965237021446228
vt 0.057137999683618546 0.9617829918861389
vt 0.0574829988181591 0.9026139974594116
vt 0.05761700123548508 0.9096860289573669
vt 0.05761700123548508 0.9366649985313416
vt 0.05789700150489807 0.5335419774055481
vt 0.058375000953674316 0.1777999997138977
vt 0.058747000992298126 0.8126919865608215
vt 0.05888599902391434 0.827879011631012
vt 0.05893800035119057 0.9435870051383972
vt 0.05923200026154518 0.6747589707374573
vt 0.059944998472929 0.7088800072669983
vt 0.06175899878144264 0.3259600102901459
vt 0.06220100075006485 0.7879940271377563
vt 0.062442000955343246 0.8103110194206238
vt 0.062442000955343246 0.84169602394104
vt 0.062442000955343246 0.8747320175170898
vt 0.062442000955343246 0.9084630012512207
vt 0.062442000955343246 0.9346579909324646
vt 0.062442000955343246 0.9517359733581543
vt 0.062442000955343246 0.9615100026130676
vt 0.062442000955343246 0.9742820262908936
vt 0.062442000955343246 0.9902979731559753
vt 0.06278199702501297 0.7812190055847168
vt 0.06278199702501297 0.7943549752235413
vt 0.06289499998092651 0.7204189896583557
vt 0.06289499998092651 0.7672410011291504
vt 0.06297200173139572 0.9257749915122986
vt 0.06482800096273422 0.9126219749450684
vt 0.06528200209140778 0.16976399719715118
vt 0.0661109983921051 0.856660008430481
vt 0.06634899973869324 0.7469620108604431
vt 0.06649299710988998 0.6422370076179504
vt 0.06717699766159058 0.6969389915466309
vt 0.06757400184869766 0.9897310137748718
vt 0.0679050013422966 0.8282830119132996
vt 0.06805399805307388 0.2102939933538437
vt 0.06886299699544907 0.21207299828529358
vt 0.06903699785470963 0.8119620084762573
vt 0.06938999891281128 0.923874020576477
vt 0.06978199630975723 0.8601139783859253
vt 0.07012899965047836 0.909168004989624
vt 0.07102800160646439 0.9838709831237793
vt 0.07118099927902222 0.8917009830474854
vt 0.07130700349807739 0.8068559765815735
vt 0.07136999815702438 0.97428297996521
vt 0.0724869966506958 0.9559770226478577
vt 0.0724869966506958 0.9708279967308044
vt 0.07265599817037582 0.9891849756240845
vt 0.07363300025463104 0.1456719934940338
vt 0.07457400113344193 0.9346579909324646
vt 0.07476499676704407 0.7489079833030701
vt 0.07532600313425064 0.8824059963226318
vt 0.07532600313425064 0.9049280285835266
vt 0.07550399750471115 0.17746800184249878
vt 0.07562799751758575 0.9381120204925537
vt 0.07562799751758575 0.9525229930877686
vt 0.07568100094795227 0.8452969789505005
vt 0.07594200223684311 0.9584239721298218
vt 0.07644599676132202 0.9816480278968811
vt 0.07660000026226044 0.977632999420166
vt 0.07660000026226044 0.9867100119590759
vt 0.07700199633836746 0.68927401304245
vt 0.07782900333404541 0.9559770226478577
vt 0.07782900333404541 0.9685890078544617
vt 0.07807900011539459 0.2578989863395691
vt 0.07849200069904327 0.8601149916648865
vt 0.07868999987840652 0.15346699953079224
vt 0.07916100323200226 0.7126299738883972
vt 0.07916100323200226 0.7919710278511047
vt 0.07916100323200226 0.8288570046424866
vt 0.07916100323200226 0.8835340142250061
vt 0.07921499758958817 0.6324359774589539
vt 0.07921499758958817 0.7091760039329529
vt 0.08052299916744232 0.1965239942073822
vt 0.08106999844312668 0.03171699866652489
vt 0.081324003636837 0.1712460070848465
vt 0.08138900250196457 0.9329460263252258
vt 0.08138900250196457 0.9545390009880066
vt 0.08138900250196457 0.9736149907112122
vt 0.08138900250196457 0.9770690202713013
vt 0.08153100311756134 0.23155799508094788
vt 0.08266899734735489 0.6710669994354248
vt 0.08266899734735489 0.7404999732971191
vt 0.08266899734735489 0.7906739711761475
vt 0.08266899734735489 0.7941290140151978
vt 0.08266899734735489 0.844635009765625
vt 0.08266899734735489 0.8570129871368408
vt 0.08266899734735489 0.8847669959068298
vt 0.08266899734735489 0.9261659979820251
vt 0.08270200341939926 0.9615380167961121
vt 0.08277300000190735 0.13156700134277344
vt 0.08306899666786194 0.9430360198020935
vt 0.08333399891853333 0.5096830129623413
vt 0.08364500105381012 0.6958299875259399
vt 0.08376400172710419 0.6249539852142334
vt 0.08496999740600586 0.9904710054397583
vt 0.08573000133037567 0.09668900072574615
vt 0.0859379991889 0.2673780024051666
vt 0.08598600327968597 0.057992998510599136
vt 0.08603200316429138 0.2709070146083832
vt 0.08638700097799301 0.9078220129013062
vt 0.08658900111913681 0.1557299941778183
vt 0.08683999627828598 0.184798002243042
vt 0.0871800035238266 0.9770690202713013
vt 0.08760800212621689 0.8480889797210693
vt 0.08918900042772293 0.9571020007133484
vt 0.08979800343513489 0.7780529856681824
vt 0.09002500027418137 0.7450479865074158
vt 0.09051299840211868 0.24107800424098969
vt 0.09064999967813492 0.9873690009117126
vt 0.09085399657487869 0.925881028175354
vt 0.09085399657487869 0.9296200275421143
vt 0.09085399657487869 0.9510849714279175
vt 0.09136900305747986 0.7335140109062195
vt 0.09161499887704849 0.7657960057258606
vt 0.09181100130081177 0.7528250217437744
vt 0.09281399846076965 0.9852880239486694
vt 0.09281399846076965 0.9943659901618958
vt 0.09292999655008316 0.10524199903011322
vt 0.0939050018787384 0.03539099916815758
vt 0.09405600279569626 0.05306499823927879
vt 0.09415800124406815 0.865451991558075
vt 0.09426599740982056 0.5404700040817261
vt 0.09430799633264542 0.8847669959068298
vt 0.09430799633264542 0.9267989993095398
vt 0.09430799633264542 0.9457269906997681
vt 0.09430799633264542 0.9616150259971619
vt 0.09430799633264542 0.9818339943885803
vt 0.09626899659633636 0.9880279898643494
vt 0.09630099684000015 0.5780730247497559
vt 0.09669800102710724 0.5205519795417786
vt 0.0973839983344078 0.8344429731369019
vt 0.09830799698829651 0.6522510051727295
vt 0.09880200028419495 0.740077018737793
vt 0.09924899786710739 0.7276430130004883
vt 0.09944099932909012 0.6601409912109375
vt 0.09979800134897232 0.701304018497467
vt 0.10022599995136261 0.8486250042915344
vt 0.10022599995136261 0.8813120126724243
vt 0.10038899630308151 0.9236810207366943
vt 0.10045800358057022 0.9760519862174988
vt 0.10045800358057022 0.9852880239486694
vt 0.10045800358057022 0.9972540140151978
vt 0.10055000334978104 0.8848239779472351
vt 0.10093499720096588 0.9302530288696289
vt 0.10093499720096588 0.9581609964370728
vt 0.10142900049686432 0.8351920247077942
vt 0.10191600024700165 0.1318340003490448
vt 0.10217099636793137 0.5760650038719177
vt 0.10359899699687958 0.7696509957313538
vt 0.10371100157499313 0.6817240118980408
vt 0.1037679985165596 0.5520600080490112
vt 0.1047469973564148 0.20452100038528442
vt 0.10488300025463104 0.8522480130195618
vt 0.10488300025463104 0.871167004108429
vt 0.10488300025463104 0.9207540154457092
vt 0.10488300025463104 0.9356719851493835
vt 0.10488300025463104 0.9505040049552917
vt 0.10488300025463104 0.9711229801177979
vt 0.10488300025463104 0.9794579744338989
vt 0.10490600019693375 0.7496770024299622
vt 0.10494399815797806 0.2686069905757904
vt 0.10531800240278244 0.2674979865550995
vt 0.10565000027418137 0.5119310021400452
vt 0.10595999658107758 0.784466028213501
vt 0.10616900026798248 0.1029290035367012
vt 0.10688400268554688 0.7548350095748901
vt 0.10692200064659119 0.03302599862217903
vt 0.10695499926805496 0.9470499753952026
vt 0.10752300173044205 0.27161499857902527
vt 0.10796999931335449 0.29554200172424316
vt 0.108754001557827 0.8506979942321777
vt 0.10887899994850159 0.3670920133590698
vt 0.109484001994133 0.04597900062799454
vt 0.10948699712753296 0.32533401250839233
vt 0.10992799699306488 0.9699329733848572
vt 0.110446996986866 0.5317990183830261
vt 0.11046700179576874 0.25984999537467957
vt 0.11061699688434601 0.9745780229568481
vt 0.11061699688434601 0.9889339804649353
vt 0.11085599660873413 0.7346479892730713
vt 0.11133699864149094 0.28325799107551575
vt 0.11181999742984772 0.20982399582862854
vt 0.1120079979300499 0.8679519891738892
vt 0.1120079979300499 0.9172999858856201
vt 0.11232099682092667 0.9530540108680725
vt 0.11245299875736237 0.2910119891166687
vt 0.11251100152730942 0.27389299869537354
vt 0.1125819981098175 0.1415729969739914
vt 0.11297500133514404 0.2004690021276474
vt 0.11309800297021866 0.799564003944397
vt 0.11334999650716782 0.9289010167121887
vt 0.11364900320768356 0.933264970779419
vt 0.11367200314998627 0.28016600012779236
vt 0.11423700302839279 0.7941290140151978
vt 0.1150360032916069 0.1670060008764267
vt 0.1152689978480339 0.23517100512981415
vt 0.11620499938726425 0.16953299939632416
vt 0.1163880005478859 0.8020309805870056
vt 0.1163880005478859 0.8644980192184448
vt 0.11653800308704376 0.7561669945716858
vt 0.11668200045824051 0.6522629857063293
vt 0.11718600243330002 0.9119179844856262
vt 0.11718600243330002 0.9288219809532166
vt 0.11718600243330002 0.9434159994125366
vt 0.11718600243330002 0.9516159892082214
vt 0.11718600243330002 0.9678450226783752
vt 0.11718600243330002 0.9746829867362976
vt 0.11718600243330002 0.9931780099868774
vt 0.11758100241422653 0.6806759834289551
vt 0.1177619993686676 0.1954050064086914
vt 0.11780399829149246 0.6970210075378418
vt 0.11784999817609787 0.09566099941730499
vt 0.11893600225448608 0.5735329985618591
vt 0.11917799711227417 0.8964009881019592
vt 0.11951500177383423 0.6978499889373779
vt 0.11990399658679962 0.6257039904594421
vt 0.11999200284481049 0.7448390126228333
vt 0.11999200284481049 0.7736009955406189
vt 0.11999200284481049 0.7926260232925415
vt 0.11999200284481049 0.8114969730377197
vt 0.11999200284481049 0.8601210117340088
vt 0.12023899704217911 0.11388900130987167
vt 0.12029699981212616 0.8825579881668091
vt 0.12039300054311752 0.22044099867343903
vt 0.12123999744653702 0.5447570085525513
vt 0.12165000289678574 0.6667910218238831
vt 0.12309399992227554 0.9866719841957092
vt 0.12309399992227554 0.9942529797554016
vt 0.12419500201940536 0.47901201248168945
vt 0.12433800101280212 0.0850910022854805
vt 0.12440499663352966 0.7394469976425171
vt 0.12471000105142593 0.8397489786148071
vt 0.12487699836492538 0.15586799383163452
vt 0.12534199655056 0.5108829736709595
vt 0.12534299492835999 0.9643549919128418
vt 0.12536700069904327 0.5480020046234131
vt 0.12553900480270386 0.21293100714683533
vt 0.12555399537086487 0.9084640145301819
vt 0.12558700144290924 0.9712989926338196
vt 0.12558700144290924 0.9832180142402649
vt 0.12698499858379364 0.9621530175209045
vt 0.12838900089263916 0.13872599601745605
vt 0.1285330057144165 0.19316500425338745
vt 0.12906500697135925 0.8601160049438477
vt 0.12915199995040894 0.9905490279197693
vt 0.12921999394893646 0.701304018497467
vt 0.12995199859142303 0.9322760105133057
vt 0.12995199859142303 0.9481610059738159
vt 0.13043899834156036 0.9516149759292603
vt 0.13043899834156036 0.9809020161628723
vt 0.13137899339199066 0.5842790007591248
vt 0.1328430026769638 0.186039999127388
vt 0.13348500430583954 0.9755989909172058
vt 0.13348500430583954 0.9843559861183167
vt 0.13348500430583954 0.9963560104370117
vt 0.13377000391483307 0.8334329724311829
vt 0.13377000391483307 0.8791040182113647
vt 0.13377000391483307 0.8849779963493347
vt 0.13377000391483307 0.9051089882850647
vt 0.13377100229263306 0.9193480014801025
vt 0.1342960000038147 0.6249539852142334
vt 0.13449899852275848 0.3308979868888855
vt 0.1354299932718277 0.6667670011520386
vt 0.1355700045824051 0.7170150279998779
vt 0.13559800386428833 0.1864130049943924
vt 0.13606899976730347 0.6937919855117798
vt 0.1360750049352646 0.4503740072250366
vt 0.1364459991455078 0.6536679863929749
vt 0.13698799908161163 0.2086080014705658
vt 0.13721799850463867 0.7520570158958435
vt 0.13722500205039978 0.8465920090675354
vt 0.13722500205039978 0.8824959993362427
vt 0.13722500205039978 0.8975300192832947
vt 0.13722500205039978 0.9187049865722656
vt 0.13722500205039978 0.953594982624054
vt 0.13722500205039978 0.9661980271339417
vt 0.13722500205039978 0.9736109972000122
vt 0.1373790055513382 0.5400300025939941
vt 0.13773700594902039 0.1586959958076477
vt 0.13806499540805817 0.7926210165023804
vt 0.13881200551986694 0.8114629983901978
vt 0.13886000216007233 0.21650299429893494
vt 0.13896800577640533 0.9870409965515137
vt 0.13955600559711456 0.5169500112533569
vt 0.14011099934577942 0.2668589949607849
vt 0.14119699597358704 0.8299790024757385
vt 0.14152400195598602 0.8790420293807983
vt 0.14156100153923035 0.7388929724693298
vt 0.14159700274467468 0.9365959763526917
vt 0.14247800409793854 0.5347509980201721
vt 0.14319899678230286 0.777055025100708
vt 0.14377400279045105 0.1734119951725006
vt 0.1438390016555786 0.4993650019168854
vt 0.14390000700950623 0.27239200472831726
vt 0.14424799382686615 0.9736109972000122
vt 0.14594300091266632 0.21903599798679352
vt 0.14651399850845337 0.8043649792671204
vt 0.14658799767494202 0.912276029586792
vt 0.14669500291347504 0.844668984413147
vt 0.14770199358463287 0.9736109972000122
vt 0.14770199358463287 0.9908139705657959
vt 0.14809800684452057 0.6029999852180481
vt 0.1486320048570633 0.9570500254631042
vt 0.1486320048570633 0.9701570272445679
vt 0.1486780047416687 0.953594982624054
vt 0.1487800031900406 0.27115100622177124
vt 0.14932399988174438 0.5788959860801697
vt 0.1493549942970276 0.19689400494098663
vt 0.14942100644111633 0.26878198981285095
vt 0.14959199726581573 0.29351699352264404
vt 0.14973799884319305 0.8911910057067871
vt 0.14996899664402008 0.777055025100708
vt 0.14996899664402008 0.8042979836463928
vt 0.14996899664402008 0.8279719948768616
vt 0.15018700063228607 0.10373900085687637
vt 0.15028199553489685 0.7187150120735168
vt 0.1503710001707077 0.5622529983520508
vt 0.1503719985485077 0.8219419717788696
vt 0.15054599940776825 0.27719300985336304
vt 0.15059100091457367 0.2642819881439209
vt 0.15099400281906128 0.8334329724311829
vt 0.15099400281906128 0.8606259822845459
vt 0.15111100673675537 0.8253960013389587
vt 0.15111100673675537 0.8289470076560974
vt 0.15128299593925476 0.753616988658905
vt 0.1518380045890808 0.6215000152587891
vt 0.1519940048456192 0.9157299995422363
vt 0.1519940048456192 0.9331420063972473
vt 0.15204200148582458 0.9764260053634644
vt 0.1522960066795349 0.21861499547958374
vt 0.15248799324035645 0.7969369888305664
vt 0.15254299342632294 0.6941540241241455
vt 0.15362200140953064 0.33012399077415466
vt 0.1546970009803772 0.5519729852676392
vt 0.1555359959602356 0.9459649920463562
vt 0.1555359959602356 0.9494190216064453
vt 0.1555359959602356 0.9687719941139221
vt 0.1555359959602356 0.9743220210075378
vt 0.15599699318408966 0.6365879774093628
vt 0.15599699318408966 0.7614039778709412
vt 0.15599699318408966 0.8033139705657959
vt 0.15599699318408966 0.8329060077667236
vt 0.15599699318408966 0.8738240003585815
vt 0.15599699318408966 0.8886920213699341
vt 0.15610599517822266 0.8551549911499023
vt 0.1564520001411438 0.08124499768018723
vt 0.15675899386405945 0.5282660126686096
vt 0.15703700482845306 0.12641599774360657
vt 0.1576170027256012 0.5899710059165955
vt 0.15817900002002716 0.7797150015830994
vt 0.15848800539970398 0.9209380149841309
vt 0.15882299840450287 0.962565004825592
vt 0.15888699889183044 0.444923996925354
vt 0.15917199850082397 0.5082989931106567
vt 0.1605370044708252 0.14719800651073456
vt 0.1609259992837906 0.2520830035209656
vt 0.16102400422096252 0.32168298959732056
vt 0.16123299300670624 0.9722260236740112
vt 0.16123299300670624 0.9885680079460144
vt 0.16137099266052246 0.8064420223236084
vt 0.16234199702739716 0.8326020240783691
vt 0.162664994597435 0.5540480017662048
vt 0.16356299817562103 0.11872799694538116
vt 0.16379299759864807 0.9548869729042053
vt 0.16425999999046326 0.041978999972343445
vt 0.1642789989709854 0.8535119891166687
vt 0.16473199427127838 0.8772810101509094
vt 0.16473199427127838 0.9174839854240417
vt 0.16473199427127838 0.9212129712104797
vt 0.16473199427127838 0.9458100199699402
vt 0.16525499522686005 0.8738269805908203
vt 0.1656769961118698 0.6330450177192688
vt 0.16582800447940826 0.20480500161647797
vt 0.1659809947013855 0.7393450140953064
vt 0.16755199432373047 0.36236798763275146
vt 0.16767999529838562 0.5873720049858093
vt 0.16809499263763428 0.28391900658607483
vt 0.16811899840831757 0.5027689933776855
vt 0.1681859940290451 0.8772810101509094
vt 0.1681859940290451 0.9222840070724487
vt 0.1681859940290451 0.9538059830665588
vt 0.1681859940290451 0.9618340134620667
vt 0.1681859940290451 0.9771580100059509
vt 0.1681859940290451 0.9890369772911072
vt 0.16820399463176727 0.640919029712677
vt 0.1694449931383133 0.6249539852142334
vt 0.17016500234603882 0.3027060031890869
vt 0.17057199776172638 0.317548006772995
vt 0.17063699662685394 0.9257379770278931
vt 0.17087200284004211 0.8189870119094849
vt 0.17154699563980103 0.8501909971237183
vt 0.1715729981660843 0.3210020065307617
vt 0.1715729981660843 0.49692198634147644
vt 0.1715729981660843 0.6019610166549683
vt 0.1715729981660843 0.6201379895210266
vt 0.17164500057697296 0.6407139897346497
vt 0.1721390038728714 0.2601320147514343
vt 0.17286700010299683 0.43984898924827576
vt 0.17287999391555786 0.5979250073432922
vt 0.17338800430297852 0.5445759892463684
vt 0.1743919998407364 0.8902140259742737
vt 0.1745000034570694 0.32111600041389465
vt 0.1745389997959137 0.9810259938240051
vt 0.17489999532699585 0.7328510284423828
vt 0.17500199377536774 0.8326020240783691
vt 0.17500199377536774 0.838873028755188
vt 0.17521700263023376 0.03230400010943413
vt 0.17556999623775482 0.16429699957370758
vt 0.17561499774456024 0.9538059830665588
vt 0.17610499262809753 0.5498740077018738
vt 0.17621299624443054 0.6330320239067078
vt 0.17689700424671173 0.8385400176048279
vt 0.17705200612545013 0.957260012626648
vt 0.17705200612545013 0.9737039804458618
vt 0.17720000445842743 0.6785820126533508
vt 0.17728300392627716 0.15053600072860718
vt 0.1773490011692047 0.2071319967508316
vt 0.17756499350070953 0.25471198558807373
vt 0.17757000029087067 0.8291469812393188
vt 0.1777389943599701 0.30768999457359314
vt 0.17819200456142426 0.7648580074310303
vt 0.17835700511932373 0.3138589859008789
vt 0.17852599918842316 0.8335310220718384
vt 0.17894500494003296 0.7823209762573242
vt 0.17894500494003296 0.812063992023468
vt 0.1792449951171875 0.843280017375946
vt 0.1792449951171875 0.8790770173072815
vt 0.1792449951171875 0.9021639823913574
vt 0.1792449951171875 0.919975996017456
vt 0.18086299300193787 0.8636950254440308
vt 0.1811780035495758 0.5476530194282532
vt 0.18120600283145905 0.37181800603866577
vt 0.18160900473594666 0.531840980052948
vt 0.18195199966430664 0.942736029624939
vt 0.18195199966430664 0.9659979939460754
vt 0.18195199966430664 0.9739699959754944
vt 0.18231399357318878 0.507319986820221
vt 0.18239900469779968 0.7662929892539978
vt 0.18415400385856628 0.6863719820976257
vt 0.18504300713539124 0.7822390198707581
vt 0.18540500104427338 0.6189590096473694
vt 0.1868630051612854 0.6013799905776978
vt 0.1873449981212616 0.5354830026626587
vt 0.1877869963645935 0.760496973991394
vt 0.18783000111579895 0.9694520235061646
vt 0.18783000111579895 0.9867349863052368
vt 0.188292995095253 0.7822179794311523
vt 0.18942900002002716 0.9147040247917175
vt 0.18942900002002716 0.9392820000648499
vt 0.18942900002002716 0.9462890028953552
vt 0.18945500254631042 0.5967249870300293
vt 0.18947100639343262 0.5773029923439026
vt 0.18963100016117096 0.5046560168266296
vt 0.18972499668598175 0.5172610282897949
vt 0.18979400396347046 0.3709999918937683
vt 0.18982000648975372 0.32184898853302
vt 0.18998299539089203 0.3934819996356964
vt 0.1905899941921234 0.6409010291099548
vt 0.19084900617599487 0.8348910212516785
vt 0.190870001912117 0.8698880076408386
vt 0.1909320056438446 0.6795570254325867
vt 0.19100099802017212 0.7418429851531982
vt 0.19105300307273865 0.8465679883956909
vt 0.19128400087356567 0.9694520235061646
vt 0.19128400087356567 0.9893800020217896
vt 0.19152000546455383 0.7465940117835999
vt 0.19286400079727173 0.8837050199508667
vt 0.19286400079727173 0.9112499952316284
vt 0.19342799484729767 0.9791049957275391
vt 0.19343699514865875 0.36762499809265137
vt 0.19343699514865875 0.3887369930744171
vt 0.19343699514865875 0.44493401050567627
vt 0.19345399737358093 0.6039479970932007
vt 0.19355499744415283 0.49162301421165466
vt 0.19355499744415283 0.5120289921760559
vt 0.19355499744415283 0.5654259920120239
vt 0.19471900165081024 0.3210020065307617
vt 0.19492599368095398 0.6743980050086975
vt 0.19541700184345245 0.8056039810180664
vt 0.1959500014781952 0.4477759897708893
vt 0.1961819976568222 0.7648580074310303
vt 0.1961819976568222 0.8398259878158569
vt 0.1961819976568222 0.8802499771118164
vt 0.19625499844551086 0.3553540110588074
vt 0.19625499844551086 0.3852829933166504
vt 0.1965620070695877 0.3932340145111084
vt 0.1965620070695877 0.451229989528656
vt 0.1965620070695877 0.5085750222206116
vt 0.19666700065135956 0.5621510148048401
vt 0.1967190057039261 0.30873799324035645
vt 0.1967190057039261 0.57253098487854
vt 0.1967190057039261 0.6078540086746216
vt 0.1967190057039261 0.6113079786300659
vt 0.1967190057039261 0.7411010265350342
vt 0.1967190057039261 0.7452970147132874
vt 0.1967190057039261 0.7581570148468018
vt 0.19783200323581696 0.9091519713401794
vt 0.19783200323581696 0.9341440200805664
vt 0.19783200323581696 0.9383460283279419
vt 0.19783200323581696 0.9651240110397339
vt 0.19783200323581696 0.9826300144195557
vt 0.19783200323581696 0.986083984375
vt 0.19783200323581696 0.9981120228767395
vt 0.2001730054616928 0.32277199625968933
vt 0.2001730054616928 0.3394030034542084
vt 0.2001730054616928 0.6057590246200562
vt 0.2001730054616928 0.6441180109977722
vt 0.2001730054616928 0.7799350023269653
vt 0.2001730054616928 0.8302329778671265
vt 0.2001730054616928 0.8525239825248718
vt 0.2001730054616928 0.9056980013847351
vt 0.2016180008649826 0.9900190234184265
vt 0.20203900337219238 0.48430201411247253
vt 0.20356400310993195 0.793766975402832
vt 0.2038930058479309 0.35227200388908386
vt 0.20390400290489197 0.17326700687408447
vt 0.20430700480937958 0.9759309887886047
vt 0.20456500351428986 0.27462300658226013
vt 0.20479999482631683 0.38484400510787964
vt 0.20488899946212769 0.060465000569820404
vt 0.20506800711154938 0.8521550297737122
vt 0.2054460048675537 0.9375979900360107
vt 0.2054460048675537 0.9616699814796448
vt 0.20644499361515045 0.7817280292510986
vt 0.2075749933719635 0.1580200046300888
vt 0.2077620029449463 0.9782389998435974
vt 0.20803500711917877 0.04638399928808212
vt 0.20808300375938416 0.12379000335931778
vt 0.2082500010728836 0.657912015914917
vt 0.2085539996623993 0.8483800292015076
vt 0.20873400568962097 0.9037929773330688
vt 0.20873400568962097 0.9157130122184753
vt 0.20875099301338196 0.7752450108528137
vt 0.20959599316120148 0.8420630097389221
vt 0.20961099863052368 0.8298239707946777
vt 0.20976600050926208 0.29249799251556396
vt 0.2100680023431778 0.8000190258026123
vt 0.21015100181102753 0.9651240110397339
vt 0.21015100181102753 0.9868019819259644
vt 0.2111389935016632 0.11298300325870514
vt 0.21218900382518768 0.856997013092041
vt 0.21230199933052063 0.2779270112514496
vt 0.2136480063199997 0.8365640044212341
vt 0.21376000344753265 0.8647800087928772
vt 0.21376000344753265 0.9428489804267883
vt 0.21376000344753265 0.9463040232658386
vt 0.21376000344753265 0.9682739973068237
vt 0.21376000344753265 0.9799680113792419
vt 0.21376100182533264 0.9069200158119202
vt 0.21376100182533264 0.9219239950180054
vt 0.21403999626636505 0.9012939929962158
vt 0.21422100067138672 0.31792399287223816
vt 0.21423399448394775 0.896435022354126
vt 0.21529200673103333 0.871612012386322
vt 0.21538400650024414 0.3357889950275421
vt 0.21640600264072418 0.8041039705276489
vt 0.21661199629306793 0.24285200238227844
vt 0.21684999763965607 0.05519099906086922
vt 0.2179190069437027 0.351828008890152
vt 0.21832099556922913 0.8521550297737122
vt 0.21832099556922913 0.8604900240898132
vt 0.2184389978647232 0.8213620185852051
vt 0.2184389978647232 0.848701000213623
vt 0.21848000586032867 0.3869220018386841
vt 0.21858300268650055 0.38091298937797546
vt 0.21961799263954163 0.9253780245780945
vt 0.22013799846172333 0.9717289805412292
vt 0.22013799846172333 0.9867730140686035
vt 0.22036099433898926 0.8822479844093323
vt 0.22131900489330292 0.9471139907836914
vt 0.22145600616931915 0.18751999735832214
vt 0.22189299762248993 0.8000199794769287
vt 0.22189299762248993 0.8613259792327881
vt 0.22202500700950623 0.786037027835846
vt 0.2224069982767105 0.7489950060844421
vt 0.22320100665092468 0.7965649962425232
vt 0.22394900023937225 0.03890300169587135
vt 0.22420699894428253 0.8913090229034424
vt 0.2243800014257431 0.24385899305343628
vt 0.22455500066280365 0.06441699713468552
vt 0.22457799315452576 0.7731310129165649
vt 0.2247689962387085 0.8468629717826843
vt 0.22477300465106964 0.9463040232658386
vt 0.22477300465106964 0.9706680178642273
vt 0.22516000270843506 0.8723189830780029
vt 0.22534500062465668 0.9099400043487549
vt 0.22560599446296692 0.8557940125465393
vt 0.22619600594043732 0.9741219878196716
vt 0.22619600594043732 0.9906569719314575
vt 0.226283997297287 0.8878549933433533
vt 0.22653000056743622 0.33704501390457153
vt 0.22691400349140167 0.9428489804267883
vt 0.227059006690979 0.09962700307369232
vt 0.22775499522686005 0.540736973285675
vt 0.22790299355983734 0.8029199838638306
vt 0.22809399664402008 0.13515600562095642
vt 0.2287999987602234 0.8913090229034424
vt 0.2287999987602234 0.9211990237236023
vt 0.22911299765110016 0.22252100706100464
vt 0.2301120012998581 0.35038501024246216
vt 0.2304060012102127 0.9246529936790466
vt 0.2304060012102127 0.9411910176277161
vt 0.23052899539470673 0.13790500164031982
vt 0.23135100305080414 0.9576879739761353
vt 0.23135100305080414 0.982001006603241
vt 0.23169800639152527 0.8743500113487244
vt 0.23213200271129608 0.9115300178527832
vt 0.23213200271129608 0.934158980846405
vt 0.23213499784469604 0.21462300419807434
vt 0.23296600580215454 0.07491400092840195
vt 0.2335589975118637 0.2943289875984192
vt 0.23413099348545074 0.8538749814033508
vt 0.23413099348545074 0.8647800087928772
vt 0.2341729998588562 0.18041500449180603
vt 0.2342199981212616 0.7524210214614868
vt 0.2342199981212616 0.7876889705657959
vt 0.23452900350093842 0.6971790194511414
vt 0.2349119931459427 0.14458000659942627
vt 0.2356259971857071 0.9081429839134216
vt 0.2356259971857071 0.9266800284385681
vt 0.2356259971857071 0.9550430178642273
vt 0.2356259971857071 0.9645429849624634
vt 0.23618799448013306 0.2646920084953308
vt 0.23716400563716888 0.24003399908542633
vt 0.23737500607967377 0.9184389710426331
vt 0.23762400448322296 0.9813380241394043
vt 0.23762400448322296 0.9942529797554016
vt 0.2376749962568283 0.7489950060844421
vt 0.2376749962568283 0.8201959729194641
vt 0.2376749962568283 0.837427020072937
vt 0.2376749962568283 0.8821370005607605
vt 0.2386939972639084 0.8236500024795532
vt 0.2388319969177246 0.2559430003166199
vt 0.23885400593280792 0.9778839945793152
vt 0.2405019998550415 0.22526900470256805
vt 0.24085399508476257 0.9916960000991821
vt 0.24089300632476807 0.3375610113143921
vt 0.2420479953289032 0.3524549901485443
vt 0.24234800040721893 0.7878419756889343
vt 0.2424910068511963 0.9584980010986328
vt 0.2424910068511963 0.9768279790878296
vt 0.2424910068511963 0.9829810261726379
vt 0.24281999468803406 0.9495090246200562
vt 0.24351200461387634 0.8289539813995361
vt 0.2436870038509369 0.8637490272521973
vt 0.24627399444580078 0.9486510157585144
vt 0.24627399444580078 0.9562489986419678
vt 0.24627399444580078 0.9737989902496338
vt 0.24627399444580078 0.9772530198097229
vt 0.24627399444580078 0.9920060038566589
vt 0.24698799848556519 0.3492960035800934
vt 0.2483139932155609 0.2796880006790161
vt 0.24832800030708313 0.14680500328540802
vt 0.24862100183963776 0.6957510113716125
vt 0.24875199794769287 0.7308200001716614
vt 0.2488110065460205 0.13906699419021606
vt 0.2488279938697815 0.6592329740524292
vt 0.2490610033273697 0.6438090205192566
vt 0.24932900071144104 0.6253139972686768
vt 0.2507070004940033 0.8672029972076416
vt 0.2507070004940033 0.8988490104675293
vt 0.2507070004940033 0.9023029804229736
vt 0.2507070004940033 0.9232249855995178
vt 0.2510389983654022 0.1692589968442917
vt 0.2510409951210022 0.9863799810409546
vt 0.2510559856891632 0.842831015586853
vt 0.2520749866962433 0.13663099706172943
vt 0.25300899147987366 0.3484579920768738
vt 0.2537569999694824 0.12695099413394928
vt 0.2538979947566986 0.11961600184440613
vt 0.2541620135307312 0.8689180016517639
vt 0.254269003868103 0.9266800284385681
vt 0.254269003868103 0.9527950286865234
vt 0.254379004240036 0.9625049829483032
vt 0.25451499223709106 0.33914199471473694
vt 0.2545369863510132 0.9707620143890381
vt 0.25468501448631287 0.9221360087394714
vt 0.25512200593948364 0.829584002494812
vt 0.25512200593948364 0.8605200052261353
vt 0.2577590048313141 0.7513740062713623
vt 0.2579520046710968 0.13539400696754456
vt 0.2584399878978729 0.10938700288534164
vt 0.2587290108203888 0.9451109766960144
vt 0.2587290108203888 0.9550570249557495
vt 0.2587290108203888 0.9721459746360779
vt 0.2587290108203888 0.9822800159454346
vt 0.25919800996780396 0.18280300498008728
vt 0.25920599699020386 0.8672029972076416
vt 0.25920599699020386 0.9140959978103638
vt 0.2593980133533478 0.7815899848937988
vt 0.25988098978996277 0.1756329983472824
vt 0.2599009871482849 0.975600004196167
vt 0.2601960003376007 0.11208300292491913
vt 0.2605629861354828 0.1507669985294342
vt 0.26232799887657166 0.9365879893302917
vt 0.2628520131111145 0.7500420212745667
vt 0.2628520131111145 0.8212900161743164
vt 0.2628520131111145 0.8247449994087219
vt 0.2628520131111145 0.8649439811706543
vt 0.2628520131111145 0.8683980107307434
vt 0.2628520131111145 0.9174990057945251
vt 0.26317098736763 0.8840129971504211
vt 0.2634490132331848 0.7988880276679993
vt 0.26400500535964966 0.9508789777755737
vt 0.26448801159858704 0.9772400259971619
vt 0.26448801159858704 0.9896280169487
vt 0.2673819959163666 0.14552399516105652
vt 0.26754099130630493 0.9688900113105774
vt 0.2689490020275116 0.9944310188293457
vt 0.2693440020084381 0.8599010109901428
vt 0.2706019878387451 0.98471999168396
vt 0.27099600434303284 0.9550570249557495
vt 0.27099600434303284 0.9812650084495544
vt 0.2718360126018524 0.9024779796600342
vt 0.2718360126018524 0.9331030249595642
vt 0.2718360126018524 0.9365580081939697
vt 0.2718360126018524 0.9516029953956604
vt 0.2724210023880005 0.16662800312042236
vt 0.2726899981498718 0.7303850054740906
vt 0.27316799759864807 0.8780869841575623
vt 0.2735210061073303 0.6254540085792542
vt 0.27356401085853577 0.6116120219230652
vt 0.2738499939441681 0.8990229964256287
vt 0.2746559977531433 0.9629539847373962
vt 0.2746559977531433 0.9944310188293457
vt 0.2748290002346039 0.33687299489974976
vt 0.2748369872570038 0.745540976524353
vt 0.2754560112953186 0.2898769974708557
vt 0.2758280038833618 0.8702269792556763
vt 0.2758280038833618 0.8933280110359192
vt 0.27671200037002563 0.14647400379180908
vt 0.27754199504852295 0.9222480058670044
vt 0.27754199504852295 0.9448400139808655
vt 0.277785986661911 0.10727600008249283
vt 0.27835598587989807 0.9541929960250854
vt 0.27835598587989807 0.9768499732017517
vt 0.27835598587989807 0.9880369901657104
vt 0.27845001220703125 0.0673379972577095
vt 0.27860599756240845 0.9363750219345093
vt 0.27928200364112854 0.9146749973297119
vt 0.27965301275253296 0.8490530252456665
vt 0.27999699115753174 0.8247900009155273
vt 0.280782014131546 0.7730500102043152
vt 0.28102898597717285 0.7489950060844421
vt 0.28154700994491577 0.9490709900856018
vt 0.2822200059890747 0.35170701146125793
vt 0.28222399950027466 0.9249299764633179
vt 0.28228500485420227 0.1634490042924881
vt 0.2822880148887634 0.9327309727668762
vt 0.2826870083808899 0.1880130022764206
vt 0.28345099091529846 0.8247449994087219
vt 0.28345099091529846 0.8559100031852722
vt 0.2836799919605255 0.3394240140914917
vt 0.28448399901390076 0.7489950060844421
vt 0.28448399901390076 0.7764229774475098
vt 0.28448399901390076 0.8212900161743164
vt 0.2845959961414337 0.7843170166015625
vt 0.2845959961414337 0.8017659783363342
vt 0.2845959961414337 0.8098090291023254
vt 0.2851479947566986 0.7453770041465759
vt 0.28522300720214844 0.7051730155944824
vt 0.2854520082473755 0.8173890113830566
vt 0.2854810059070587 0.8065080046653748
vt 0.28553101420402527 0.7706019878387451
vt 0.28553101420402527 0.7798770070075989
vt 0.28553101420402527 0.7983109951019287
vt 0.28557100892066956 0.8455410003662109
vt 0.2855759859085083 0.8683980107307434
vt 0.2855759859085083 0.9187939763069153
vt 0.2855759859085083 0.9418349862098694
vt 0.2855759859085083 0.9525250196456909
vt 0.2855759859085083 0.9733960032463074
vt 0.28558099269866943 0.8212900161743164
vt 0.28561100363731384 0.6113079786300659
vt 0.28561100363731384 0.6546909809112549
vt 0.28564000129699707 0.9835879802703857
vt 0.2861489951610565 0.3491469919681549
vt 0.28653499484062195 0.45722100138664246
vt 0.2869749963283539 0.05069899931550026
vt 0.28804099559783936 0.09297800064086914
vt 0.2881850004196167 0.059119001030921936
vt 0.28906500339508057 0.6756539940834045
vt 0.28906500339508057 0.7108970284461975
vt 0.28906500339508057 0.756866991519928
vt 0.28906500339508057 0.832610011100769
vt 0.28906500339508057 0.8585649728775024
vt 0.28906500339508057 0.8978310227394104
vt 0.28910499811172485 0.13636000454425812
vt 0.28935301303863525 0.8370919823646545
vt 0.2893590033054352 0.14953699707984924
vt 0.2895849943161011 0.8708570003509521
vt 0.28970399498939514 0.8508890271186829
vt 0.28978800773620605 0.6167830228805542
vt 0.28986701369285583 0.9317370057106018
vt 0.28986701369285583 0.9502660036087036
vt 0.28986701369285583 0.971114993095398
vt 0.28986701369285583 0.9874160289764404
vt 0.28988200426101685 0.10085699707269669
vt 0.2900950014591217 0.2230689972639084
vt 0.2905369997024536 0.9159690141677856
vt 0.2906480133533478 0.07845599949359894
vt 0.2907789945602417 0.7873499989509583
vt 0.2912229895591736 0.6597939729690552
vt 0.2918910086154938 0.3501259982585907
vt 0.29350098967552185 0.7919629812240601
vt 0.29473501443862915 0.826777994632721
vt 0.29495900869369507 0.2650200128555298
vt 0.29515698552131653 0.053523000329732895
vt 0.29569101333618164 0.9750040173530579
vt 0.29697299003601074 0.12028899788856506
vt 0.29732900857925415 0.06073300167918205
vt 0.2974480092525482 0.9452329874038696
vt 0.2974480092525482 0.9676610231399536
vt 0.29883700609207153 0.8549569845199585
vt 0.29913100600242615 0.9358810186386108
vt 0.29914599657058716 0.8764740228652954
vt 0.29914599657058716 0.9125149846076965
vt 0.29914700984954834 0.9163370132446289
vt 0.29914700984954834 0.9417790174484253
vt 0.299576997756958 0.7201330065727234
vt 0.30049899220466614 0.8730189800262451
vt 0.30197399854660034 0.33954501152038574
vt 0.30202001333236694 0.7861549854278564
vt 0.3023360073566437 0.35197699069976807
vt 0.3024060130119324 0.8001270294189453
vt 0.30260100960731506 0.8764740228652954
vt 0.30260100960731506 0.9256929755210876
vt 0.30260100960731506 0.9291470050811768
vt 0.30260100960731506 0.9589729905128479
vt 0.30260100960731506 0.9696639776229858
vt 0.30260100960731506 0.9823899865150452
vt 0.30260100960731506 0.9858440160751343
vt 0.30260100960731506 0.9970329999923706
vt 0.302729994058609 0.8088700175285339
vt 0.30301299691200256 0.18507599830627441
vt 0.30601298809051514 0.962427020072937
vt 0.30650898814201355 0.8360639810562134
vt 0.30650898814201355 0.8723440170288086
vt 0.30692800879478455 0.3513459861278534
vt 0.3069649934768677 0.9918860197067261
vt 0.3073979914188385 0.2813360095024109
vt 0.3081839978694916 0.9561929702758789
vt 0.3085249960422516 0.11430100351572037
vt 0.30867499113082886 0.9739750027656555
vt 0.30875998735427856 0.8809469938278198
vt 0.30928799510002136 0.07871399819850922
vt 0.3095020055770874 0.05552399903535843
vt 0.3096959888935089 0.02880599908530712
vt 0.3099629878997803 0.8410459756851196
vt 0.3111410140991211 0.6758769750595093
vt 0.3120259940624237 0.7872350215911865
vt 0.3123759925365448 0.12564100325107574
vt 0.3124200105667114 0.18264800310134888
vt 0.312483012676239 0.8491309881210327
vt 0.312483012676239 0.8736159801483154
vt 0.312483012676239 0.8806999921798706
vt 0.312483012676239 0.9029030203819275
vt 0.312483012676239 0.9239969849586487
vt 0.312483012676239 0.9431509971618652
vt 0.312483012676239 0.9532150030136108
vt 0.312483012676239 0.9707099795341492
vt 0.312483012676239 0.9741640090942383
vt 0.312483012676239 0.9877960085868835
vt 0.31257298588752747 0.7323539853096008
vt 0.31271401047706604 0.7908049821853638
vt 0.31271401047706604 0.8224899768829346
vt 0.31376099586486816 0.9779589772224426
vt 0.3141759932041168 0.8360639810562134
vt 0.3141759932041168 0.845445990562439
vt 0.31429699063301086 0.048388998955488205
vt 0.31460699439048767 0.024860000237822533
vt 0.3146120011806488 0.7175909876823425
vt 0.31557801365852356 0.10993900150060654
vt 0.315748006105423 0.05285999923944473
vt 0.31659799814224243 0.8971999883651733
vt 0.3170369863510132 0.387937992811203
vt 0.3180670142173767 0.7325069904327393
vt 0.3180670142173767 0.8434200286865234
vt 0.31892699003219604 0.9795950055122375
vt 0.3189760148525238 0.9371920228004456
vt 0.31974300742149353 0.3826870024204254
vt 0.32053500413894653 0.3526960015296936
vt 0.3209969997406006 0.8181530237197876
vt 0.32109299302101135 0.341949999332428
vt 0.321399986743927 0.953819990158081
vt 0.3220849931240082 0.9274510145187378
vt 0.3220849931240082 0.9497600197792053
vt 0.3222709894180298 0.7108970284461975
vt 0.3239859938621521 0.7200809717178345
vt 0.32450801134109497 0.8554480075836182
vt 0.3251740038394928 0.9708719849586487
vt 0.3251740038394928 0.9820770025253296
vt 0.3251740038394928 0.9937300086021423
vt 0.3262520134449005 0.9558560252189636
vt 0.32664400339126587 0.9095240235328674
vt 0.32693299651145935 0.3877899944782257
vt 0.32847100496292114 0.7858729958534241
vt 0.3287299871444702 0.9728090167045593
vt 0.32874900102615356 0.6078540086746216
vt 0.3288539946079254 0.8121839761734009
vt 0.3289789855480194 0.831492006778717
vt 0.32966598868370056 0.9855309724807739
vt 0.32966598868370056 0.9965310096740723
vt 0.32978400588035583 0.7654129862785339
vt 0.3299809992313385 0.8456760048866272
vt 0.3300980031490326 0.9029030203819275
vt 0.3300980031490326 0.9438719749450684
vt 0.33038100600242615 0.9717190265655518
vt 0.3305779993534088 0.9674180150032043
vt 0.33081701397895813 0.8785300254821777
vt 0.33081701397895813 0.8994489908218384
vt 0.3312639892101288 0.7452229857444763
vt 0.33132100105285645 0.7762349843978882
vt 0.33142200112342834 0.7796890139579773
vt 0.3325650095939636 0.3847329914569855
vt 0.33267301321029663 0.39525899291038513
vt 0.33283698558807373 0.8190280199050903
vt 0.33312100172042847 0.9972509741783142
vt 0.3332250118255615 0.9419919848442078
vt 0.3344700038433075 0.9034209847450256
vt 0.3344700038433075 0.9473270177841187
vt 0.3344700038433075 0.9587969779968262
vt 0.3344700038433075 0.9819380044937134
vt 0.334522008895874 0.783972978591919
vt 0.334522008895874 0.8455719947814941
vt 0.334522008895874 0.8750759959220886
vt 0.3350360095500946 0.21761499345302582
vt 0.33540698885917664 0.6734279990196228
vt 0.33646801114082336 0.9855309724807739
vt 0.33646801114082336 0.9973570108413696
vt 0.33797600865364075 0.8418980240821838
vt 0.33797600865364075 0.8663240075111389
vt 0.33797600865364075 0.9130799770355225
vt 0.33797600865364075 0.9285979866981506
vt 0.33797600865364075 0.953112006187439
vt 0.33797600865364075 0.9709150195121765
vt 0.3381960093975067 0.9604269862174988
vt 0.33914199471473694 0.7269840240478516
vt 0.33947598934173584 0.32622599601745605
vt 0.33982399106025696 0.3837980031967163
vt 0.3402779996395111 0.974370002746582
vt 0.3402779996395111 0.9906100034713745
vt 0.3408760130405426 0.82505202293396
vt 0.3417719900608063 0.7603660225868225
vt 0.3417870104312897 0.9490339756011963
vt 0.3420889973640442 0.07236599922180176
vt 0.34241101145744324 0.6154270172119141
vt 0.34272098541259766 0.7498409748077393
vt 0.34303998947143555 0.7796890139579773
vt 0.34327900409698486 0.35943201184272766
vt 0.34327900409698486 0.5523449778556824
vt 0.34327900409698486 0.5563570261001587
vt 0.34327900409698486 0.6022070050239563
vt 0.34340700507164 0.5890820026397705
vt 0.3434920012950897 0.05502999946475029
vt 0.3435570001602173 0.45852598547935486
vt 0.3441239893436432 0.5688880085945129
vt 0.3443869948387146 0.9172170162200928
vt 0.34456101059913635 0.05235999822616577
vt 0.345196008682251 0.9577580094337463
vt 0.345196008682251 0.9877870082855225
vt 0.34519800543785095 0.8686990141868591
vt 0.34635698795318604 0.19577999413013458
vt 0.3471840023994446 0.1627819985151291
vt 0.3474220037460327 0.8441050052642822
vt 0.3474299907684326 0.9317880272865295
vt 0.34746798872947693 0.9206709861755371
vt 0.34746798872947693 0.945580005645752
vt 0.3477810025215149 0.7935829758644104
vt 0.3477810025215149 0.8628699779510498
vt 0.34828001260757446 0.7240399718284607
vt 0.34828001260757446 0.762598991394043
vt 0.34981098771095276 0.28984498977661133
vt 0.3499169945716858 0.04990699887275696
vt 0.3517340123653412 0.7108970284461975
vt 0.3517340123653412 0.7817670106887817
vt 0.3517340123653412 0.8206509947776794
vt 0.3517340123653412 0.8605009913444519
vt 0.3517340123653412 0.8882279992103577
vt 0.3517340123653412 0.934237003326416
vt 0.3517340123653412 0.9384629726409912
vt 0.3517340123653412 0.9627879858016968
vt 0.3517340123653412 0.9911370277404785
vt 0.3518739938735962 0.3596140146255493
vt 0.3522700071334839 0.6075890064239502
vt 0.35291600227355957 0.9539179801940918
vt 0.35295000672340393 0.32622599601745605
vt 0.3529990017414093 0.48350900411605835
vt 0.35338500142097473 0.5078979730606079
vt 0.35405001044273376 0.32936999201774597
vt 0.35488399863243103 0.9122049808502197
vt 0.35645100474357605 0.6258029937744141
vt 0.3566569983959198 0.9844459891319275
vt 0.3566569983959198 0.9957929849624634
vt 0.35738301277160645 0.863955020904541
vt 0.3576839864253998 0.8013290166854858
vt 0.35776498913764954 0.6730650067329407
vt 0.3582800030708313 0.9613890051841736
vt 0.3582800030708313 0.9809920191764832
vt 0.35861900448799133 0.7074429988861084
vt 0.3586460053920746 0.3389190137386322
vt 0.3586939871311188 0.6611289978027344
vt 0.35975199937820435 0.1259250044822693
vt 0.36028599739074707 0.27598801255226135
vt 0.3609279990196228 0.9376909732818604
vt 0.3609279990196228 0.9579349756240845
vt 0.3609839975833893 0.8868640065193176
vt 0.3609839975833893 0.9087510108947754
vt 0.361178994178772 0.7466509938240051
vt 0.36167600750923157 0.35961300134658813
vt 0.3617349863052368 0.9659000039100647
vt 0.36176300048828125 0.05944199860095978
vt 0.3619610071182251 0.36396199464797974
vt 0.3619920015335083 0.1184070035815239
vt 0.3620539903640747 0.5825570225715637
vt 0.36214199662208557 0.9881420135498047
vt 0.3621940016746521 0.5129470229148865
vt 0.3623259961605072 0.48378100991249084
vt 0.3625670075416565 0.9844380021095276
vt 0.36263900995254517 0.17076900601387024
vt 0.3631350100040436 0.9162309765815735
vt 0.3634600043296814 0.5529029965400696
vt 0.36396801471710205 0.934237003326416
vt 0.3649919927120209 0.7359989881515503
vt 0.36507800221443176 0.9613890051841736
vt 0.36507800221443176 0.9716950058937073
vt 0.36507800221443176 0.9878919720649719
vt 0.36507800221443176 0.996982991695404
vt 0.3652380108833313 0.11083599925041199
vt 0.3653169870376587 0.8556110262870789
vt 0.365790992975235 0.6147230267524719
vt 0.36665698885917664 0.27840301394462585
vt 0.36689698696136475 0.12295199930667877
vt 0.3669140040874481 0.5810160040855408
vt 0.3669140040874481 0.5960270166397095
vt 0.3669140040874481 0.6078519821166992
vt 0.36766600608825684 0.7825139760971069
vt 0.3687709867954254 0.8550599813461304
vt 0.3687709867954254 0.9043859839439392
vt 0.3687709867954254 0.9149090051651001
vt 0.3687709867954254 0.9540179967880249
vt 0.3691670000553131 0.5045679807662964
vt 0.3694089949131012 0.9229769706726074
vt 0.3698189854621887 0.9750239849090576
vt 0.36986100673675537 0.735418975353241
vt 0.37026000022888184 0.7978749871253967
vt 0.37060999870300293 0.7113400101661682
vt 0.370620995759964 0.7498599886894226
vt 0.37182098627090454 0.8736739754676819
vt 0.3719579875469208 0.0017269999952986836
vt 0.3719649910926819 0.7840930223464966
vt 0.3722200095653534 0.059397999197244644
vt 0.3722350001335144 0.8330910205841064
vt 0.37264901399612427 0.6247339844703674
vt 0.37320199608802795 0.8092470169067383
vt 0.3735800087451935 0.8013290166854858
vt 0.37387600541114807 0.5468639731407166
vt 0.3740229904651642 0.6193270087242126
vt 0.3740350008010864 0.4402030110359192
vt 0.3741239905357361 0.5925729870796204
vt 0.37425899505615234 0.6113079786300659
vt 0.37459200620651245 0.9671599864959717
vt 0.3747769892215729 0.673114001750946
vt 0.3748840093612671 0.6667460203170776
vt 0.37536299228668213 0.9396640062332153
vt 0.3754189908504486 0.7108970284461975
vt 0.3754189908504486 0.7603499889373779
vt 0.3754189908504486 0.763804018497467
vt 0.3754189908504486 0.797540009021759
vt 0.3757129907608032 0.32622599601745605
vt 0.37591201066970825 0.9431179761886597
vt 0.37591201066970825 0.9554139971733093
vt 0.37591201066970825 0.9706140160560608
vt 0.37591201066970825 0.98676997423172
vt 0.3769870102405548 0.8689069747924805
vt 0.377005010843277 0.6018419861793518
vt 0.3772599995136261 0.6545439958572388
vt 0.3772599995136261 0.7050740122795105
vt 0.3775300085544586 0.8808209896087646
vt 0.3778980076313019 0.4394170045852661
vt 0.3778980076313019 0.5910969972610474
vt 0.3784100115299225 0.8723610043525696
vt 0.3784100115299225 0.911454975605011
vt 0.37856999039649963 0.8061910271644592
vt 0.37856999039649963 0.8660399913787842
vt 0.3785710036754608 0.9149090051651001
vt 0.37895700335502625 0.0021959999576210976
vt 0.3790850043296814 0.1944269984960556
vt 0.37915998697280884 0.7182980179786682
vt 0.3792180120944977 0.7947610020637512
vt 0.37942999601364136 0.0952949970960617
vt 0.37942999601364136 0.2883189916610718
vt 0.3826490044593811 0.9118109941482544
vt 0.3826490044593811 0.929472029209137
vt 0.3826490044593811 0.9329270124435425
vt 0.3826490044593811 0.9603049755096436
vt 0.3826490044593811 0.9637600183486938
vt 0.3826490044593811 0.9831699728965759
vt 0.38288500905036926 0.02028699964284897
vt 0.38288500905036926 0.36463698744773865
vt 0.38288500905036926 0.579613983631134
vt 0.38288500905036926 0.5898169875144958
vt 0.38288500905036926 0.6643739938735962
vt 0.38288500905036926 0.7643359899520874
vt 0.38288500905036926 0.8147709965705872
vt 0.38288500905036926 0.8801419734954834
vt 0.38288500905036926 0.8842489719390869
vt 0.38288500905036926 0.9083560109138489
vt 0.38303399085998535 0.8189520239830017
vt 0.3831369876861572 0.5976189970970154
vt 0.3833250105381012 0.7073249816894531
vt 0.38372400403022766 0.30595600605010986
vt 0.3839850127696991 0.0017269999952986836
vt 0.3846290111541748 0.7169139981269836
vt 0.3848550021648407 0.8573690056800842
vt 0.38503700494766235 0.9982730150222778
vt 0.3858500123023987 0.9178850054740906
vt 0.38609299063682556 0.49109798669815063
vt 0.386337012052536 0.8381959795951843
vt 0.38714998960494995 0.986624002456665
vt 0.38723599910736084 0.7976059913635254
vt 0.3884199857711792 0.5269539952278137
vt 0.3886150121688843 0.9424690008163452
vt 0.3887439966201782 0.9680269956588745
vt 0.3887439966201782 0.9982730150222778
vt 0.3889940083026886 0.044748999178409576
vt 0.3892059922218323 0.0715780034661293
vt 0.3893359899520874 0.9339050054550171
vt 0.3894209861755371 0.326088011264801
vt 0.3905870020389557 0.5693209767341614
vt 0.3911229968070984 0.30250200629234314
vt 0.391959011554718 0.7617130279541016
vt 0.3919669985771179 0.8518019914627075
vt 0.39218398928642273 0.18062099814414978
vt 0.39219799637794495 0.9637600183486938
vt 0.39219799637794495 0.970333993434906
vt 0.392210990190506 0.8316959738731384
vt 0.3924799859523773 0.8126659989356995
vt 0.3924880027770996 0.7185689806938171
vt 0.39302098751068115 0.09938900172710419
vt 0.3932870030403137 0.8180490136146545
vt 0.3936440050601959 0.40602898597717285
vt 0.3938800096511841 0.9669470191001892
vt 0.3944770097732544 0.7664669752120972
vt 0.3944990038871765 0.29937899112701416
vt 0.3947579860687256 0.8688809871673584
vt 0.39523598551750183 0.907929003238678
vt 0.39640599489212036 0.1028200015425682
vt 0.39650899171829224 0.061827000230550766
vt 0.39705199003219604 0.22826600074768066
vt 0.3974199891090393 0.9358729720115662
vt 0.3974199891090393 0.9563419818878174
vt 0.3974199891090393 0.9643679857254028
vt 0.3974199891090393 0.9809809923171997
vt 0.3974199891090393 0.9927549958229065
vt 0.3976050019264221 0.030232999473810196
vt 0.39763399958610535 0.33602699637413025
vt 0.3976919949054718 0.3416379988193512
vt 0.3978460133075714 0.3097650110721588
vt 0.39819398522377014 0.8835960030555725
vt 0.39819398522377014 0.9230890274047852
vt 0.3983219861984253 0.5797950029373169
vt 0.3985370099544525 0.49293801188468933
vt 0.39897799491882324 0.7576550245285034
vt 0.399073988199234 0.947284996509552
vt 0.3996509909629822 0.8664129972457886
vt 0.40075400471687317 0.841795027256012
vt 0.4009999930858612 0.5721150040626526
vt 0.4010179936885834 0.8132460117340088
vt 0.4010179936885834 0.8483480215072632
vt 0.40164801478385925 0.8835970163345337
vt 0.40164801478385925 0.9324190020561218
vt 0.4016849994659424 0.794152021408081
vt 0.40174201130867004 0.711089015007019
vt 0.40187299251556396 0.8801419734954834
vt 0.40187498927116394 0.6666979789733887
vt 0.4019849896430969 0.9488239884376526
vt 0.4025929868221283 0.5989680290222168
vt 0.4029160141944885 0.9871900081634521
vt 0.4035879969596863 0.7653629779815674
vt 0.4040359854698181 0.7198240160942078
vt 0.4044730067253113 0.8159310221672058
vt 0.4044730067253113 0.8331800103187561
vt 0.4044730067253113 0.8464149832725525
vt 0.404913991689682 0.9597960114479065
vt 0.404913991689682 0.9775270223617554
vt 0.4053269922733307 0.8648800253868103
vt 0.4053730070590973 0.03178500011563301
vt 0.4063670039176941 0.7939860224723816
vt 0.4067460000514984 0.8413249850273132
vt 0.4068720042705536 0.9178190231323242
vt 0.4068720042705536 0.9557890295982361
vt 0.4069199860095978 0.7976059913635254
vt 0.4069199860095978 0.8297250270843506
vt 0.407056987285614 0.8502830266952515
vt 0.407056987285614 0.8801419734954834
vt 0.4070790112018585 0.7232779860496521
vt 0.4070790112018585 0.7780830264091492
vt 0.40730100870132446 0.3012770116329193
vt 0.4074600040912628 0.26548099517822266
vt 0.4104729890823364 0.04895000159740448
vt 0.41053301095962524 0.760191023349762
vt 0.41053301095962524 0.8054360151290894
vt 0.41053301095962524 0.8303459882736206
vt 0.41053301095962524 0.8461390137672424
vt 0.41053301095962524 0.8660449981689453
vt 0.41053301095962524 0.8995429873466492
vt 0.41053301095962524 0.9220439791679382
vt 0.41053301095962524 0.9330480098724365
vt 0.41053301095962524 0.9469509720802307
vt 0.41053301095962524 0.9615110158920288
vt 0.41053301095962524 0.9808989763259888
vt 0.41053301095962524 0.9871829748153687
vt 0.41053301095962524 0.9958140254020691
vt 0.41090700030326843 0.8908159732818604
vt 0.41127699613571167 0.8587549924850464
vt 0.41163501143455505 0.38453999161720276
vt 0.41217300295829773 0.770209014415741
vt 0.41415199637413025 0.9910669922828674
vt 0.41431400179862976 0.3357430100440979
vt 0.41437700390815735 0.5611630082130432
vt 0.41438600420951843 0.5863630175590515
vt 0.4154219925403595 0.3625369966030121
vt 0.4157730042934418 0.4893389940261841
vt 0.41665899753570557 0.024795999750494957
vt 0.4166660010814667 0.9649649858474731
vt 0.4166660010814667 0.9837290048599243
vt 0.41675400733947754 0.44161200523376465
vt 0.41686901450157166 0.5967370271682739
vt 0.4170460104942322 0.7417629957199097
vt 0.41714298725128174 0.670635998249054
vt 0.41747400164604187 0.08035200089216232
vt 0.4183160066604614 0.7612360119819641
vt 0.41833001375198364 0.8239660263061523
vt 0.4185760021209717 0.4884690046310425
vt 0.4200490117073059 0.8942700028419495
vt 0.4200829863548279 0.5220400094985962
vt 0.4201200008392334 0.9649649858474731
vt 0.4201200008392334 0.9803850054740906
vt 0.4201200008392334 0.9892650246620178
vt 0.4204469919204712 0.16411300003528595
vt 0.4210900068283081 0.24462400376796722
vt 0.4212850034236908 0.34267300367355347
vt 0.4215709865093231 0.8088549971580505
vt 0.42201000452041626 0.11746100336313248
vt 0.42240801453590393 0.9556580185890198
vt 0.4225499927997589 0.5508970022201538
vt 0.4226999878883362 0.38672998547554016
vt 0.4227060079574585 0.20488899946212769
vt 0.42317500710487366 0.9254980087280273
vt 0.42317500710487366 0.9434970021247864
vt 0.4232020080089569 0.9039679765701294
vt 0.4239870011806488 0.3710330128669739
vt 0.4242829978466034 0.9921879768371582
vt 0.4254780113697052 0.811227023601532
vt 0.4258759915828705 0.8006449937820435
vt 0.42640501260757446 0.4014190137386322
vt 0.42663198709487915 0.7722259759902954
vt 0.42665600776672363 0.9053000211715698
vt 0.42665600776672363 0.9239140152931213
vt 0.42665600776672363 0.9529420137405396
vt 0.4272870123386383 0.9838389754295349
vt 0.4272870123386383 0.9927499890327454
vt 0.4274829924106598 0.8489869832992554
vt 0.42785200476646423 0.9772769808769226
vt 0.42818498611450195 0.8902959823608398
vt 0.42824500799179077 0.7157909870147705
vt 0.42826199531555176 0.8660449981689453
vt 0.42832499742507935 0.9319440126419067
vt 0.4285280108451843 0.27171701192855835
vt 0.4285460114479065 0.7454190254211426
vt 0.4286450147628784 0.8226029872894287
vt 0.42936500906944275 0.8314930200576782
vt 0.43031999468803406 0.862591028213501
vt 0.43073299527168274 0.22080999612808228
vt 0.43081799149513245 0.8942700028419495
vt 0.43081799149513245 0.9204599857330322
vt 0.4314649999141693 0.8052719831466675
vt 0.4316200017929077 0.8538519740104675
vt 0.4316929876804352 0.15647399425506592
vt 0.4321939945220947 0.9427639842033386
vt 0.4321939945220947 0.9593560099601746
vt 0.4321939945220947 0.9702669978141785
vt 0.4321939945220947 0.9885550141334534
vt 0.43254199624061584 0.7328199744224548
vt 0.4326860010623932 0.7617300152778625
vt 0.43362200260162354 0.7381830215454102
vt 0.43455299735069275 0.8894590139389038
vt 0.43455299735069275 0.9219099879264832
vt 0.4346790015697479 0.8182219862937927
vt 0.43469399213790894 0.9487059712409973
vt 0.4347020089626312 0.7524440288543701
vt 0.434920996427536 0.7232779860496521
vt 0.43498700857162476 0.7756800055503845
vt 0.43507400155067444 0.8303459882736206
vt 0.4350929856300354 0.24158699810504913
vt 0.4351080060005188 0.4447300136089325
vt 0.43565401434898376 0.8104199767112732
vt 0.43571001291275024 0.8490229845046997
vt 0.43606799840927124 0.7308449745178223
vt 0.43631500005722046 0.9873660206794739
vt 0.43631500005722046 0.9950389862060547
vt 0.4368390142917633 0.4871149957180023
vt 0.4376179873943329 0.24540400505065918
vt 0.43763500452041626 0.9253649711608887
vt 0.43814900517463684 0.1568319946527481
vt 0.4386039972305298 0.9670230150222778
vt 0.4386039972305298 0.9839119911193848
vt 0.4392220079898834 0.8020139932632446
vt 0.4392220079898834 0.8268920183181763
vt 0.4401650130748749 0.4895009994506836
vt 0.44173699617385864 0.23665499687194824
vt 0.4420579969882965 0.9670230150222778
vt 0.4420579969882965 0.9867079854011536
vt 0.4425089955329895 0.9462190270423889
vt 0.4425089955329895 0.9635679721832275
vt 0.4428679943084717 0.8860039710998535
vt 0.44319799542427063 0.8053280115127563
vt 0.4435099959373474 0.08711600303649902
vt 0.4435819983482361 0.8966739773750305
vt 0.4439390003681183 0.12340699881315231
vt 0.44438499212265015 0.7247030138969421
vt 0.4454509913921356 0.8303459882736206
vt 0.4454509913921356 0.9207360148429871
vt 0.4454509913921356 0.9427639842033386
vt 0.4457690119743347 0.9736009836196899
vt 0.4458650052547455 0.7467420101165771
vt 0.4458650052547455 0.764581024646759
vt 0.4458659887313843 0.7756800055503845
vt 0.4458659887313843 0.8213899731636047
vt 0.44737300276756287 0.1427139937877655
vt 0.44830000400543213 0.4751780033111572
vt 0.44882598519325256 0.5127159953117371
vt 0.44891899824142456 0.44415900111198425
vt 0.449319988489151 0.7821339964866638
vt 0.449319988489151 0.7954530119895935
vt 0.449319988489151 0.844323992729187
vt 0.449319988489151 0.8811920285224915
vt 0.449319988489151 0.8956660032272339
vt 0.449319988489151 0.9332290291786194
vt 0.449319988489151 0.958299994468689
vt 0.449319988489151 0.9617549777030945
vt 0.449319988489151 0.9807369709014893
vt 0.449319988489151 0.9841910004615784
vt 0.449319988489151 0.9966920018196106
vt 0.4493809938430786 0.73198002576828
vt 0.449741005897522 0.09457399696111679
vt 0.4501970112323761 0.9418309926986694
vt 0.45195600390434265 0.8846459984779358
vt 0.4536080062389374 0.15452800691127777
vt 0.4537769854068756 0.9904149770736694
vt 0.45383501052856445 0.8477789759635925
vt 0.45442599058151245 0.6711429953575134
vt 0.4548789858818054 0.12330099940299988
vt 0.4550989866256714 0.9379379749298096
vt 0.45514100790023804 0.9198150038719177
vt 0.4552600085735321 0.4804520010948181
vt 0.4558410048484802 0.969402015209198
vt 0.45636799931526184 0.9344840049743652
vt 0.45824798941612244 0.8976860046386719
vt 0.45835599303245544 0.84791499376297
vt 0.4584310054779053 0.958299994468689
vt 0.4584600031375885 0.9934399724006653
vt 0.4613550007343292 0.9873800277709961
vt 0.4613550007343292 0.9967100024223328
vt 0.4617849886417389 0.13129499554634094
vt 0.461885005235672 0.9458379745483398
vt 0.461885005235672 0.9766389727592468
vt 0.4622659981250763 0.9145359992980957
vt 0.4622659981250763 0.9326639771461487
vt 0.46247899532318115 0.4413059949874878
vt 0.46357300877571106 0.8851180076599121
vt 0.46357300877571106 0.9110810160636902
vt 0.46480900049209595 0.9873800277709961
vt 0.46480900049209595 0.9968060255050659
vt 0.4653469920158386 0.0898590013384819
vt 0.465719997882843 0.9206529855728149
vt 0.4670270085334778 0.9082040190696716
vt 0.4676569998264313 0.9652619957923889
vt 0.4676569998264313 0.9839249849319458
vt 0.4676569998264313 0.9940149784088135
vt 0.4677169919013977 0.8811920285224915
vt 0.46794500946998596 0.8187860250473022
vt 0.4682120084762573 0.5573850274085999
vt 0.4683699905872345 0.8435660004615784
vt 0.4684779942035675 0.15872499346733093
vt 0.46891701221466064 0.5993329882621765
vt 0.4691219925880432 0.7114409804344177
vt 0.4691370129585266 0.8846459984779358
vt 0.4691370129585266 0.9125850200653076
vt 0.46933498978614807 0.9379379749298096
vt 0.46933498978614807 0.9618080258369446
vt 0.46951600909233093 0.916267991065979
vt 0.46951600909233093 0.9344840049743652
vt 0.4703899919986725 0.5898690223693848
vt 0.471110999584198 0.9652630090713501
vt 0.471110999584198 0.9860450029373169
vt 0.471110999584198 0.9912509918212891
vt 0.4718239903450012 0.8151230216026306
vt 0.47200700640678406 0.12366300076246262
vt 0.473021000623703 0.8315579891204834
vt 0.473021000623703 0.8686190247535706
vt 0.473021000623703 0.8930709958076477
vt 0.473021000623703 0.9235590100288391
vt 0.473021000623703 0.9382500052452087
vt 0.473021000623703 0.9503729939460754
vt 0.47325900197029114 0.9044600129127502
vt 0.47331899404525757 0.7954530119895935
vt 0.47331899404525757 0.8180220127105713
vt 0.47338199615478516 0.8502629995346069
vt 0.47361400723457336 0.7232779860496521
vt 0.47361400723457336 0.791998028755188
vt 0.4739469885826111 0.3625659942626953
vt 0.4739629924297333 0.9150210022926331
vt 0.47402599453926086 0.9834319949150085
vt 0.474153995513916 0.8449100255966187
vt 0.4741860032081604 0.9894989728927612
vt 0.4741860032081604 0.9973620176315308
vt 0.4742330014705658 0.7187489867210388
vt 0.4745529890060425 0.4021320044994354
vt 0.4746190011501312 0.04307999834418297
vt 0.4751589894294739 0.14829400181770325
vt 0.47615501284599304 0.9467849731445312
vt 0.47692200541496277 0.9304749965667725
vt 0.4770680069923401 0.7232779860496521
vt 0.4770680069923401 0.8155149817466736
vt 0.4771279990673065 0.5309470295906067
vt 0.477169007062912 0.2645390033721924
vt 0.4774959981441498 0.34160101413726807
vt 0.47763100266456604 0.7442269921302795
vt 0.4776670038700104 0.9586769938468933
vt 0.4776670038700104 0.9738969802856445
vt 0.4776670038700104 0.9773510098457336
vt 0.4776670038700104 0.9875509738922119
vt 0.47780200839042664 0.5617120265960693
vt 0.4778209924697876 0.12998299300670624
vt 0.47839298844337463 0.7683539986610413
vt 0.4784240126609802 0.9501799941062927
vt 0.4788160026073456 0.8268709778785706
vt 0.4791879951953888 0.5707319974899292
vt 0.479544997215271 0.9359809756278992
vt 0.47978198528289795 0.9184880256652832
vt 0.48012399673461914 0.5458909869194031
vt 0.48059698939323425 0.735522985458374
vt 0.4806390106678009 0.8610590100288391
vt 0.4806880056858063 0.04625900089740753
vt 0.48102501034736633 0.9079139828681946
vt 0.48131200671195984 0.7699990272521973
vt 0.4815079867839813 0.8320969939231873
vt 0.48162099719047546 0.48823198676109314
vt 0.4816269874572754 0.07392600178718567
vt 0.4817360043525696 0.953827977180481
vt 0.48199599981307983 0.8480799794197083
vt 0.48205599188804626 0.16313299536705017
vt 0.48237600922584534 0.24445000290870667
vt 0.4828220009803772 0.1418589949607849
vt 0.48343798518180847 0.5740190148353577
vt 0.4835340082645416 0.9462050199508667
vt 0.4837290048599243 0.20243600010871887
vt 0.48439300060272217 0.8234170079231262
vt 0.48512300848960876 0.8720729947090149
vt 0.48512300848960876 0.9024839997291565
vt 0.48517298698425293 0.9851080179214478
vt 0.48521900177001953 0.933929979801178
vt 0.48521900177001953 0.9705730080604553
vt 0.4853169918060303 0.9115849733352661
vt 0.4853169918060303 0.9272310137748718
vt 0.4854240119457245 0.7521560192108154
vt 0.4860199987888336 0.03534099832177162
vt 0.48609399795532227 0.11596900224685669
vt 0.4870389997959137 0.060079000890254974
vt 0.48762500286102295 0.7984139919281006
vt 0.4882810115814209 0.7179989814758301
vt 0.4885849952697754 0.5994830131530762
vt 0.48878800868988037 0.5900499820709229
vt 0.48890799283981323 0.7768030166625977
vt 0.48890799283981323 0.8512979745864868
vt 0.48929500579833984 0.708620011806488
vt 0.48968198895454407 0.6601669788360596
vt 0.49147701263427734 0.923774003982544
vt 0.49147701263427734 0.9490839838981628
vt 0.49147701263427734 0.9667109847068787
vt 0.49147701263427734 0.9701650142669678
vt 0.4928719997406006 0.03406599909067154
vt 0.49291300773620605 0.9322810173034668
vt 0.493137001991272 0.6212210059165955
vt 0.493137001991272 0.7013720273971558
vt 0.493137001991272 0.7416030168533325
vt 0.493137001991272 0.7843149900436401
vt 0.493137001991272 0.826337993144989
vt 0.493137001991272 0.8699889779090881
vt 0.493137001991272 0.8940100073814392
vt 0.4931899905204773 0.7301470041275024
vt 0.4935140013694763 0.9454630017280579
vt 0.49359700083732605 0.5695970058441162
vt 0.4942980110645294 0.05829999968409538
vt 0.4943079948425293 0.9868720173835754
vt 0.4944930076599121 0.8391860127449036
vt 0.49576398730278015 0.03147700056433678
vt 0.496196985244751 0.6746640205383301
vt 0.4971970021724701 0.8339880108833313
vt 0.497516006231308 0.9701650142669678
vt 0.4995419979095459 0.7275769710540771
vt 0.4996680021286011 0.9269049763679504
vt 0.4997279942035675 0.7139809727668762
vt 0.49985501170158386 0.7018920183181763
vt 0.500419020652771 0.571757972240448
vt 0.5008310079574585 0.9554589986801147
vt 0.5008640289306641 0.8066440224647522
vt 0.5009250044822693 0.8734430074691772
vt 0.5009250044822693 0.9181180000305176
vt 0.5009250044822693 0.9215729832649231
vt 0.5009250044822693 0.9456300139427185
vt 0.5014640092849731 0.032954998314380646
vt 0.5034689903259277 0.2640550136566162
vt 0.5035250186920166 0.606037974357605
vt 0.5037569999694824 0.6206369996070862
vt 0.5043799877166748 0.8734430074691772
vt 0.5043799877166748 0.9141209721565247
vt 0.5043799877166748 0.917576014995575
vt 0.5043799877166748 0.9445229768753052
vt 0.5043799877166748 0.9479770064353943
vt 0.5043799877166748 0.9676889777183533
vt 0.5043799877166748 0.9805859923362732
vt 0.5045369863510132 0.7661780118942261
vt 0.5076979994773865 0.7900760173797607
vt 0.5078489780426025 0.6252750158309937
vt 0.5086600184440613 0.7121819853782654
vt 0.5094990134239197 0.9711430072784424
vt 0.5094990134239197 0.988959014415741
vt 0.5100880265235901 0.6443399786949158
vt 0.5114790201187134 0.7626519799232483
vt 0.5119079947471619 0.7403770089149475
vt 0.512686014175415 0.9571859836578369
vt 0.5128939747810364 0.934194028377533
vt 0.5129950046539307 0.8858399987220764
vt 0.5131310224533081 0.8374419808387756
vt 0.5131310224533081 0.8690890073776245
vt 0.5139170289039612 0.5905309915542603
vt 0.5140990018844604 0.8133879899978638
vt 0.5153099894523621 0.091669000685215
vt 0.5165879726409912 0.9169430136680603
vt 0.5165879726409912 0.9393630027770996
vt 0.5165879726409912 0.9642729759216309
vt 0.5165879726409912 0.9949229955673218
vt 0.5171380043029785 0.8770970106124878
vt 0.5174260139465332 0.7134640216827393
vt 0.517553985118866 0.7843149900436401
vt 0.517553985118866 0.8434039950370789
vt 0.5176519751548767 0.6105409860610962
vt 0.518854022026062 0.6209400296211243
vt 0.5193169713020325 0.60344398021698
vt 0.5195029973983765 0.7872459888458252
vt 0.5197550058364868 0.9813809990882874
vt 0.5211330056190491 0.9949229955673218
vt 0.5212799906730652 0.8421090245246887
vt 0.5215150117874146 0.6342369914054871
vt 0.5225939750671387 0.7808600068092346
vt 0.5228639841079712 0.8736429810523987
vt 0.5229129791259766 0.7887070178985596
vt 0.5230069756507874 0.9225509762763977
vt 0.5230069756507874 0.9540330171585083
vt 0.5231040120124817 0.9574869871139526
vt 0.5231040120124817 0.977927029132843
vt 0.523160994052887 0.6183599829673767
vt 0.5235390067100525 0.8423349857330322
vt 0.5235850214958191 0.8548930287361145
vt 0.5237979888916016 0.7848089933395386
vt 0.5237979888916016 0.8774669766426086
vt 0.5237979888916016 0.9190970063209534
vt 0.5245829820632935 0.4462670087814331
vt 0.5245869755744934 0.9823470115661621
vt 0.5246409773826599 0.5957810282707214
vt 0.5247989892959595 0.7287600040435791
vt 0.5270469784736633 0.9813809990882874
vt 0.5270469784736633 0.9920120239257812
vt 0.528253972530365 0.6976400017738342
vt 0.528253972530365 0.7607190012931824
vt 0.528253972530365 0.7864869832992554
vt 0.528253972530365 0.8055089712142944
vt 0.528253972530365 0.8601679801940918
vt 0.528253972530365 0.8945580124855042
vt 0.528253972530365 0.9271439909934998
vt 0.528253972530365 0.9305980205535889
vt 0.528253972530365 0.9470409750938416
vt 0.528253972530365 0.9504950046539307
vt 0.5284950137138367 0.9095860123634338
vt 0.5287700295448303 0.783033013343811
vt 0.5288649797439575 0.642611026763916
vt 0.5289959907531738 0.8812130093574524
vt 0.5295159816741943 0.5627769827842712
vt 0.5302940011024475 0.743183970451355
vt 0.5304030179977417 0.9019129872322083
vt 0.5307329893112183 0.9858139753341675
vt 0.5309640169143677 0.8201029896736145
vt 0.5325239896774292 0.9701899886131287
vt 0.5333049893379211 0.6049100160598755
vt 0.5340980291366577 0.6185309886932373
vt 0.5351319909095764 0.5985950231552124
vt 0.5356019735336304 0.9603760242462158
vt 0.5357649922370911 0.7829329967498779
vt 0.5361019968986511 0.6587859988212585
vt 0.5361279845237732 0.7666170001029968
vt 0.5363050103187561 0.9504950046539307
vt 0.5363050103187561 0.9736440181732178
vt 0.5363050103187561 0.9893220067024231
vt 0.5369600057601929 0.8984590172767639
vt 0.5369930267333984 0.6143869757652283
vt 0.5378119945526123 0.6448180079460144
vt 0.5386149883270264 0.7551969885826111
vt 0.5389140248298645 0.8567140102386475
vt 0.5389230251312256 0.8040580153465271
vt 0.5391219854354858 0.6396920084953308
vt 0.5397589802742004 0.9671940207481384
vt 0.5397589802742004 0.9859409928321838
vt 0.5399090051651001 0.8874049782752991
vt 0.5402600169181824 0.9030879735946655
vt 0.5402600169181824 0.9271259903907776
vt 0.5404220223426819 0.029171999543905258
vt 0.5407660007476807 0.943835973739624
vt 0.5409929752349854 0.7026640176773071
vt 0.5410529971122742 0.6746630072593689
vt 0.5416319966316223 0.9504950046539307
vt 0.5416319966316223 0.9721590280532837
vt 0.5417460203170776 0.975612998008728
vt 0.5417460203170776 0.9947839975357056
vt 0.5419380068778992 0.7906469702720642
vt 0.5422019958496094 0.614995002746582
vt 0.5430480241775513 0.20539699494838715
vt 0.5449129939079285 0.6037240028381348
vt 0.5453919768333435 0.7864869832992554
vt 0.5453919768333435 0.8965839743614197
vt 0.5453919768333435 0.9000380039215088
vt 0.5453919768333435 0.9327239990234375
vt 0.5453919768333435 0.9528819918632507
vt 0.5453919768333435 0.9610229730606079
vt 0.5453919768333435 0.9788879752159119
vt 0.5453919768333435 0.982342004776001
vt 0.5453919768333435 0.9916099905967712
vt 0.5459480285644531 0.0326399989426136
vt 0.5460159778594971 0.595475971698761
vt 0.5460529923439026 0.6377480030059814
vt 0.5465409755706787 0.6906269788742065
vt 0.5466399788856506 0.8615949749946594
vt 0.5466979742050171 0.7330560088157654
vt 0.5476629734039307 0.04501400142908096
vt 0.5477610230445862 0.9361780285835266
vt 0.5501160025596619 0.8574519753456116
vt 0.5522580146789551 0.6161190271377563
vt 0.5522609949111938 0.5898169875144958
vt 0.5522609949111938 0.6712089776992798
vt 0.5524160265922546 0.9872620105743408
vt 0.5525609850883484 0.8638529777526855
vt 0.5528050065040588 0.9695339798927307
vt 0.5528519749641418 0.7995910048484802
vt 0.5531309843063354 0.713612973690033
vt 0.5535730123519897 0.8539980053901672
vt 0.5542809963226318 0.7052119970321655
vt 0.554298996925354 0.9374139904975891
vt 0.554298996925354 0.9575679898262024
vt 0.5544360280036926 0.0187389999628067
vt 0.5546849966049194 0.9024500250816345
vt 0.5548999905586243 0.7651680111885071
vt 0.555715024471283 0.6376510262489319
vt 0.555715024471283 0.6711620092391968
vt 0.5558590292930603 0.6620410084724426
vt 0.5565009713172913 0.33926400542259216
vt 0.5565710067749023 0.7458199858665466
vt 0.5565900206565857 0.832302987575531
vt 0.5574430227279663 0.7511199712753296
vt 0.5575760006904602 0.8965839743614197
vt 0.5578100085258484 0.634440004825592
vt 0.5581390261650085 0.9000380039215088
vt 0.5581390261650085 0.9220349788665771
vt 0.558559000492096 0.9085800051689148
vt 0.5592589974403381 0.7864869832992554
vt 0.5598679780960083 0.5898169875144958
vt 0.5598679780960083 0.6430469751358032
vt 0.5605229735374451 0.9464250206947327
vt 0.5605229735374451 0.9701189994812012
vt 0.5605229735374451 0.9735730290412903
vt 0.5605229735374451 0.9885330200195312
vt 0.5606279969215393 0.9574459791183472
vt 0.5611069798469543 0.9032700061798096
vt 0.5611580014228821 0.665494978427887
vt 0.5612180233001709 0.6711620092391968
vt 0.5612199902534485 0.5507709980010986
vt 0.5613930225372314 0.5612080097198486
vt 0.5648469924926758 0.5587400197982788
vt 0.5648469924926758 0.6862379908561707
vt 0.5648469924926758 0.7821140289306641
vt 0.5648469924926758 0.7936369776725769
vt 0.5648469924926758 0.8433219790458679
vt 0.5648469924926758 0.846776008605957
vt 0.5648469924926758 0.8823140263557434
vt 0.5648469924926758 0.8857679963111877
vt 0.5648469924926758 0.9264690279960632
vt 0.5656669735908508 0.8378769755363464
vt 0.5656960010528564 0.2649550139904022
vt 0.5657010078430176 0.8616510033607483
vt 0.5657340288162231 0.7062079906463623
vt 0.5658159852027893 0.1433050036430359
vt 0.5659070014953613 0.011064000427722931
vt 0.5659070014953613 0.04369499906897545
vt 0.5659210085868835 0.5670170187950134
vt 0.5660979747772217 0.9299229979515076
vt 0.5666990280151367 0.9814630150794983
vt 0.5670750141143799 0.37220099568367004
vt 0.5675860047340393 0.49946901202201843
vt 0.5678399801254272 0.5640919804573059
vt 0.5678960084915161 0.8979790210723877
vt 0.5683159828186035 0.949878990650177
vt 0.5683159828186035 0.9676949977874756
vt 0.569159984588623 0.33576101064682007
vt 0.5693609714508057 0.026086999103426933
vt 0.5693609714508057 0.28933900594711304
vt 0.5694289803504944 0.002517000073567033
vt 0.5697619915008545 0.08231499791145325
vt 0.5701299905776978 0.16135500371456146
vt 0.570572018623352 0.9816589951515198
vt 0.570572018623352 0.9947299957275391
vt 0.5711960196495056 0.7023460268974304
vt 0.5717700123786926 0.949878990650177
vt 0.5717700123786926 0.970225989818573
vt 0.5726619958877563 0.6650369763374329
vt 0.5731279850006104 0.9782050251960754
vt 0.573166012763977 0.8915500044822693
vt 0.573166012763977 0.9464250206947327
vt 0.573606014251709 0.568340003490448
vt 0.5749199986457825 0.7854869961738586
vt 0.5750340223312378 0.9659439921379089
vt 0.5750340223312378 0.9916470050811768
vt 0.5758270025253296 0.754941999912262
vt 0.5766209959983826 0.8857679963111877
vt 0.5766209959983826 0.9062290191650391
vt 0.5770350098609924 0.01387100014835596
vt 0.5771909952163696 0.07541800290346146
vt 0.5774340033531189 0.7579360008239746
vt 0.5777699947357178 0.8338710069656372
vt 0.5786910057067871 0.9225280284881592
vt 0.5786910057067871 0.9368730187416077
vt 0.5786910057067871 0.9591460227966309
vt 0.5786910057067871 0.975458025932312
vt 0.5786910057067871 0.9789130091667175
vt 0.5786910057067871 0.9894520044326782
vt 0.5796250104904175 0.7047380208969116
vt 0.5796290040016174 0.9550489783287048
vt 0.5799919962882996 0.7837340235710144
vt 0.5805299878120422 0.7545160055160522
vt 0.5819360017776489 0.8918730020523071
vt 0.5822070240974426 0.8680710196495056
vt 0.5824769735336304 0.9310780167579651
vt 0.5824840068817139 0.632731020450592
vt 0.582548975944519 0.5594350099563599
vt 0.5835779905319214 0.35673001408576965
vt 0.5839920043945312 0.8364610075950623
vt 0.5841429829597473 0.40777599811553955
vt 0.5855299830436707 0.9842879772186279
vt 0.585660994052887 0.8506219983100891
vt 0.5857250094413757 0.972038984298706
vt 0.5862849950790405 0.8740310072898865
vt 0.5869809985160828 0.9586930274963379
vt 0.5874459743499756 0.7936369776725769
vt 0.5874459743499756 0.8370689749717712
vt 0.5888180136680603 0.9359679818153381
vt 0.5888180136680603 0.9552389979362488
vt 0.588985025882721 0.9840980172157288
vt 0.5895659923553467 0.7394840121269226
vt 0.5904350280761719 0.9586930274963379
vt 0.5904350280761719 0.9705650210380554
vt 0.5906599760055542 0.3356730043888092
vt 0.5915409922599792 0.846776008605957
vt 0.5915409922599792 0.9076650142669678
vt 0.5915409922599792 0.9111189842224121
vt 0.5915409922599792 0.9325129985809326
vt 0.5915560126304626 0.08630099892616272
vt 0.5920950174331665 0.9683700203895569
vt 0.5923550128936768 0.5721870064735413
vt 0.5923810005187988 0.8276389837265015
vt 0.5924410223960876 0.9789119958877563
vt 0.5924410223960876 0.9943100214004517
vt 0.5924429893493652 0.7106069922447205
vt 0.5924429893493652 0.7901819944381714
vt 0.5949609875679016 0.6914680004119873
vt 0.5951520204544067 0.35322898626327515
vt 0.595333993434906 0.7071520090103149
vt 0.5958970189094543 0.7308440208435059
vt 0.5958970189094543 0.7624660134315491
vt 0.5958970189094543 0.8077210187911987
vt 0.5958970189094543 0.8539959788322449
vt 0.5958970189094543 0.8822709918022156
vt 0.5958970189094543 0.9134330153465271
vt 0.5958970189094543 0.9279279708862305
vt 0.5958970189094543 0.9421330094337463
vt 0.5958970189094543 0.9706709980964661
vt 0.5958970189094543 0.985040009021759
vt 0.5958970189094543 0.9961050152778625
vt 0.5959150195121765 0.877282977104187
vt 0.5971149802207947 0.8321509957313538
vt 0.597760021686554 0.8945009708404541
vt 0.5981460213661194 0.6977279782295227
vt 0.59825199842453 0.7716479897499084
vt 0.5986499786376953 0.3720510005950928
vt 0.5992429852485657 0.638329029083252
vt 0.599448025226593 0.7133690118789673
vt 0.5997670292854309 0.9386789798736572
vt 0.6006709933280945 0.9881899952888489
vt 0.6007649898529053 0.9168869853019714
vt 0.60105299949646 0.8040220141410828
vt 0.6014459729194641 0.633882999420166
vt 0.6027029752731323 0.32067200541496277
vt 0.6028670072555542 0.9641280174255371
vt 0.6028670072555542 0.9815859794616699
vt 0.6029390096664429 0.960673987865448
vt 0.6039230227470398 0.819221019744873
vt 0.6041250228881836 0.985040009021759
vt 0.6041250228881836 0.9957119822502136
vt 0.6044430136680603 0.6953039765357971
vt 0.6049050092697144 0.5748569965362549
vt 0.604964017868042 0.6381610035896301
vt 0.6057509779930115 0.9421330094337463
vt 0.6060749888420105 0.10289400070905685
vt 0.6061390042304993 0.5586619973182678
vt 0.6063950061798096 0.9947490096092224
vt 0.6068770289421082 0.6350839734077454
vt 0.6068810224533081 0.8390030264854431
vt 0.6071820259094238 0.9178370237350464
vt 0.6071820259094238 0.9331859946250916
vt 0.6073949933052063 0.899029016494751
vt 0.607990026473999 0.34641700983047485
vt 0.609138011932373 0.8857259750366211
vt 0.609138011932373 0.9105089902877808
vt 0.6102830171585083 0.9653480052947998
vt 0.6102830171585083 0.978193998336792
vt 0.6102830171585083 0.9896199703216553
vt 0.6108270287513733 0.9323610067367554
vt 0.6108270287513733 0.9548259973526001
vt 0.611778974533081 0.8552690148353577
vt 0.6122499704360962 0.8404080271720886
vt 0.6125919818878174 0.8857250213623047
vt 0.6125919818878174 0.9267320036888123
vt 0.6127139925956726 0.46438100934028625
vt 0.6134269833564758 0.7106069922447205
vt 0.6150559782981873 0.858722984790802
vt 0.6153309941291809 0.7699390053749084
vt 0.6153690218925476 0.9364920258522034
vt 0.615556001663208 0.2888369858264923
vt 0.6157039999961853 0.8077210187911987
vt 0.6157039999961853 0.8377429842948914
vt 0.6157039999961853 0.8411980271339417
vt 0.6157039999961853 0.8550339937210083
vt 0.6163949966430664 0.8822709918022156
vt 0.616815984249115 0.9872360229492188
vt 0.6174650192260742 0.2917790114879608
vt 0.6177240014076233 0.8042669892311096
vt 0.6178699731826782 0.9539729952812195
vt 0.6179080009460449 0.014976000413298607
vt 0.6184059977531433 0.8501139879226685
vt 0.6187540292739868 0.8245459794998169
vt 0.6187769770622253 0.9259009957313538
vt 0.6187769770622253 0.9301859736442566
vt 0.6187769770622253 0.9582800269126892
vt 0.6187769770622253 0.9747400283813477
vt 0.6187999844551086 0.7554699778556824
vt 0.6200850009918213 0.021669000387191772
vt 0.6206300258636475 0.0340300016105175
vt 0.6222540140151978 0.738215982913971
vt 0.6222540140151978 0.8286409974098206
vt 0.6222540140151978 0.8428789973258972
vt 0.6222540140151978 0.8998439908027649
vt 0.6222540140151978 0.9157209992408752
vt 0.6222540140151978 0.9388769865036011
vt 0.6222540140151978 0.9627040028572083
vt 0.6222540140151978 0.9661579728126526
vt 0.6222540140151978 0.9835839867591858
vt 0.6222540140151978 0.9906709790229797
vt 0.6224759817123413 0.7855039834976196
vt 0.6226660013198853 0.8332980275154114
vt 0.6226819753646851 0.8750789761543274
vt 0.6241570115089417 0.9354230165481567
vt 0.624459981918335 0.9122670292854309
vt 0.6245959997177124 0.7629259824752808
vt 0.6247360110282898 0.8716250061988831
vt 0.6256780028343201 0.9870380163192749
vt 0.6256780028343201 0.9963780045509338
vt 0.6264439821243286 0.28614500164985657
vt 0.6267189979553223 0.016169000416994095
vt 0.6269140243530273 0.7426239848136902
vt 0.6274290084838867 0.8144230246543884
vt 0.6284390091896057 0.9781759977340698
vt 0.6296740174293518 0.9520710110664368
vt 0.629721999168396 0.07654000073671341
vt 0.6299639940261841 0.30108100175857544
vt 0.6303529739379883 0.03486499935388565
vt 0.6307309865951538 0.9347460269927979
vt 0.6317579746246338 0.6861100196838379
vt 0.6320679783821106 0.8903449773788452
vt 0.6320679783821106 0.9104089736938477
vt 0.6322929859161377 0.7421259880065918
vt 0.632377028465271 0.3755829930305481
vt 0.6324629783630371 0.6157739758491516
vt 0.6336320042610168 0.369502991437912
vt 0.6336640119552612 0.7567229866981506
vt 0.6346539855003357 0.9435160160064697
vt 0.6346539855003357 0.9588959813117981
vt 0.6346539855003357 0.9808850288391113
vt 0.6346539855003357 0.9945759773254395
vt 0.6346549987792969 0.9730929732322693
vt 0.6348720192909241 0.7373660206794739
vt 0.6349250078201294 0.9157209992408752
vt 0.6349599957466125 0.585532009601593
vt 0.6355230212211609 0.8858039975166321
vt 0.6360710263252258 0.0017269999952986836
vt 0.6361370086669922 0.5628889799118042
vt 0.6362699866294861 0.7616230249404907
vt 0.6362810134887695 0.7245810031890869
vt 0.6364960074424744 0.018502000719308853
vt 0.6367210149765015 0.04085800051689148
vt 0.6371960043907166 0.9631869792938232
vt 0.6385570168495178 0.8750789761543274
vt 0.6385570168495178 0.9005150198936462
vt 0.638742983341217 0.8320950269699097
vt 0.638742983341217 0.8504809737205505
vt 0.6388580203056335 0.6344450116157532
vt 0.6394370198249817 0.9899200201034546
vt 0.6395320296287537 0.9214169979095459
vt 0.6395320296287537 0.9400619864463806
vt 0.6414510011672974 0.7496690154075623
vt 0.6421970129013062 0.8320950269699097
vt 0.6421970129013062 0.9012269973754883
vt 0.642890989780426 0.9808850288391113
vt 0.642890989780426 0.9954710006713867
vt 0.6430730223655701 0.09304899722337723
vt 0.6432549953460693 0.9623500108718872
vt 0.6432549953460693 0.9774309992790222
vt 0.6438530087471008 0.8850399851799011
vt 0.644340991973877 0.9046810269355774
vt 0.6447439789772034 0.945667028427124
vt 0.6450269818305969 0.8397690057754517
vt 0.6454470157623291 0.014368000440299511
vt 0.6465129852294922 0.7853230237960815
vt 0.6465129852294922 0.8200160264968872
vt 0.6466010212898254 0.8996989727020264
vt 0.6466010212898254 0.9356369972229004
vt 0.6466010212898254 0.9543949961662292
vt 0.6471160054206848 0.98614901304245
vt 0.6473680138587952 0.7818689942359924
vt 0.6482999920845032 0.7770310044288635
vt 0.6484130024909973 0.0384490005671978
vt 0.6492469906806946 0.7390940189361572
vt 0.6495010256767273 0.7509790062904358
vt 0.6496679782867432 0.020329000428318977
vt 0.6502349972724915 0.29584598541259766
vt 0.6504579782485962 0.7106069922447205
vt 0.6504579782485962 0.7690879702568054
vt 0.6508209705352783 0.8339869976043701
vt 0.6508209705352783 0.87295001745224
vt 0.6508209705352783 0.9081559777259827
vt 0.6516270041465759 0.6370999813079834
vt 0.6517580151557922 0.9828670024871826
vt 0.6520339846611023 0.9424579739570618
vt 0.6520339846611023 0.9633119702339172
vt 0.652521014213562 0.9459120035171509
vt 0.6530519723892212 0.8872159719467163
vt 0.6539120078086853 0.7632020115852356
vt 0.6540250182151794 0.22696299850940704
vt 0.6540629863739014 0.8622009754180908
vt 0.6544349789619446 0.3715839982032776
vt 0.6546739935874939 0.6340879797935486
vt 0.6549680233001709 0.9230660200119019
vt 0.6550530195236206 0.7348459959030151
vt 0.6551600098609924 0.6361629962921143
vt 0.6557220220565796 0.986320972442627
vt 0.6557220220565796 0.996783971786499
vt 0.6557490229606628 0.7184600234031677
vt 0.6564520001411438 0.2154580056667328
vt 0.656578004360199 0.9704110026359558
vt 0.6574379801750183 0.3359839916229248
vt 0.6577939987182617 0.8665450215339661
vt 0.658070981502533 0.2745110094547272
vt 0.6585140228271484 0.5769810080528259
vt 0.6585569977760315 0.9381049871444702
vt 0.6586670279502869 0.8404840230941772
vt 0.6591600179672241 0.8515610098838806
vt 0.6594120264053345 0.6940029859542847
vt 0.6598430275917053 0.64335697889328
vt 0.6599779725074768 0.23340199887752533
vt 0.6602039933204651 0.961555004119873
vt 0.6602039933204651 0.9669569730758667
vt 0.6602039933204651 0.9828670024871826
vt 0.6602039933204651 0.99378901720047
vt 0.6602200269699097 0.8905389904975891
vt 0.6602200269699097 0.9116100072860718
vt 0.6602200269699097 0.9419569969177246
vt 0.6604229807853699 0.6358060240745544
vt 0.6604480147361755 0.800449013710022
vt 0.6607099771499634 0.6096410155296326
vt 0.6607580184936523 0.24316899478435516
vt 0.660772979259491 0.7288060188293457
vt 0.6608579754829407 0.6585909724235535
vt 0.6619139909744263 0.8630899786949158
vt 0.6619449853897095 0.19498300552368164
vt 0.6619719862937927 0.5670940279960632
vt 0.6622520089149475 0.5410619974136353
vt 0.662418007850647 0.5796419978141785
vt 0.6629520058631897 0.7106069922447205
vt 0.663673996925354 0.8867040276527405
vt 0.663673996925354 0.9207209944725037
vt 0.663673996925354 0.9241750240325928
vt 0.663673996925354 0.9552099704742432
vt 0.663673996925354 0.9586640000343323
vt 0.663673996925354 0.980247974395752
vt 0.663673996925354 0.9837020039558411
vt 0.663673996925354 0.9950119853019714
vt 0.664421021938324 0.46085700392723083
vt 0.6647560000419617 0.01613299921154976
vt 0.6648719906806946 0.22818799316883087
vt 0.6657350063323975 0.34011200070381165
vt 0.6657590270042419 0.7820249795913696
vt 0.6666269898414612 0.735617995262146
vt 0.667589008808136 0.9645839929580688
vt 0.6682429909706116 0.7567480206489563
vt 0.6682429909706116 0.8182330131530762
vt 0.6682429909706116 0.8216869831085205
vt 0.6682429909706116 0.8495129942893982
vt 0.6682869791984558 0.5581759810447693
vt 0.6687059998512268 0.30595600605010986
vt 0.6688359975814819 0.9866920113563538
vt 0.6690499782562256 0.03302599862217903
vt 0.6690769791603088 0.18371400237083435
vt 0.6691979765892029 0.26178300380706787
vt 0.6694089770317078 0.8665450215339661
vt 0.6694179773330688 0.24113699793815613
vt 0.6695600152015686 0.9310389757156372
vt 0.6695619821548462 0.913087010383606
vt 0.6696320176124573 0.9641879796981812
vt 0.6696850061416626 0.7071520090103149
vt 0.6702389717102051 0.2532680034637451
vt 0.6708769798278809 0.16569100320339203
vt 0.6718140244483948 0.3009659945964813
vt 0.6731340289115906 0.24369299411773682
vt 0.6731389760971069 0.598347008228302
vt 0.6731389760971069 0.6867280006408691
vt 0.6731389760971069 0.7896869778633118
vt 0.6731389760971069 0.8224220275878906
vt 0.6731389760971069 0.8835920095443726
vt 0.6731389760971069 0.8870459794998169
vt 0.6731389760971069 0.9168059825897217
vt 0.6731389760971069 0.9202600121498108
vt 0.6731389760971069 0.9453179836273193
vt 0.6731389760971069 0.9536100029945374
vt 0.6731389760971069 0.9811630249023438
vt 0.6733959913253784 0.3701559901237488
vt 0.6735720038414001 0.6970970034599304
vt 0.673600971698761 0.8568469882011414
vt 0.6745610237121582 0.214368999004364
vt 0.6753330230712891 0.3313699960708618
vt 0.6753529906272888 0.2944509983062744
vt 0.6756529808044434 0.2801479995250702
vt 0.6759039759635925 0.2836489975452423
vt 0.677619993686676 0.5709819793701172
vt 0.6777700185775757 0.7604680061340332
vt 0.6786940097808838 0.23695099353790283
vt 0.6788730025291443 0.19909100234508514
vt 0.6789489984512329 0.9696589708328247
vt 0.6789489984512329 0.9870330095291138
vt 0.6795269846916199 0.6212109923362732
vt 0.6803039908409119 0.025956999510526657
vt 0.6808220148086548 0.8181560039520264
vt 0.6810770034790039 0.7309269905090332
vt 0.6812859773635864 0.3388440012931824
vt 0.6817700266838074 0.9096630215644836
vt 0.6820279955863953 0.2516289949417114
vt 0.682371973991394 0.5963029861450195
vt 0.682403028011322 0.9742140173912048
vt 0.6824049949645996 0.3153569996356964
vt 0.682669997215271 0.9487720131874084
vt 0.682669997215271 0.9662050008773804
vt 0.6826760172843933 0.9224349856376648
vt 0.6827210187911987 0.684319019317627
vt 0.6834409832954407 0.7457579970359802
vt 0.6843680143356323 0.6091899871826172
vt 0.6845300197601318 0.7155240178108215
vt 0.685276985168457 0.8946200013160706
vt 0.6859660148620605 0.9696589708328247
vt 0.6859660148620605 0.989441990852356
vt 0.6860679984092712 0.07980799674987793
vt 0.6863319873809814 0.8285679817199707
vt 0.6864039897918701 0.7572410106658936
vt 0.6867780089378357 0.5908820033073425
vt 0.6868590116500854 0.8530309796333313
vt 0.6868780255317688 0.5798799991607666
vt 0.6871200203895569 0.3595609962940216
vt 0.6881960034370422 0.7764660120010376
vt 0.6883379817008972 0.6129779815673828
vt 0.6884300112724304 0.7680410146713257
vt 0.6884409785270691 0.6862220168113708
vt 0.6884790062904358 0.8013499975204468
vt 0.6887310147285461 0.8870459794998169
vt 0.6887310147285461 0.9102219939231873
vt 0.6887310147285461 0.9374120235443115
vt 0.6891840100288391 0.4207409918308258
vt 0.6893380284309387 0.5407480001449585
vt 0.6893460154533386 0.015216000378131866
vt 0.6896889805793762 0.9687340259552002
vt 0.6897130012512207 0.19491900503635406
vt 0.690418004989624 0.07259900122880936
vt 0.6912739872932434 0.8189679980278015
vt 0.6915349960327148 0.9250919818878174
vt 0.6915850043296814 0.9770740270614624
vt 0.6915850043296814 0.9897699952125549
vt 0.691618025302887 0.956072986125946
vt 0.6917480230331421 0.8564850091934204
vt 0.6917480230331421 0.8807070255279541
vt 0.691769003868103 0.23329100012779236
vt 0.6918389797210693 0.7564610242843628
vt 0.6920350193977356 0.16480900347232819
vt 0.6920350193977356 0.2952049970626831
vt 0.6926169991493225 0.3445970118045807
vt 0.6933479905128479 0.726186990737915
vt 0.6938580274581909 0.704708993434906
vt 0.6940439939498901 0.5739420056343079
vt 0.6950160264968872 0.6185839772224426
vt 0.6951879858970642 0.6340299844741821
vt 0.6952030062675476 0.8732110261917114
vt 0.6954889893531799 0.16801300644874573
vt 0.6954889893531799 0.2180909961462021
vt 0.6954889893531799 0.28655698895454407
vt 0.6954889893531799 0.290012001991272
vt 0.6954889893531799 0.30167800188064575
vt 0.6963409781455994 0.21463699638843536
vt 0.6963819861412048 0.24560000002384186
vt 0.6974899768829346 0.7451459765434265
vt 0.6976360082626343 0.9285470247268677
vt 0.6976360082626343 0.9514899849891663
vt 0.6976360082626343 0.9549440145492554
vt 0.6976360082626343 0.9736199975013733
vt 0.6976360082626343 0.9851070046424866
vt 0.6977369785308838 0.9001780152320862
vt 0.698186993598938 0.5980439782142639
vt 0.6985719799995422 0.16480900347232819
vt 0.6985719799995422 0.2094770073890686
vt 0.698665976524353 0.16135500371456146
vt 0.698777973651886 0.8564850091934204
vt 0.698777973651886 0.8809459805488586
vt 0.6989009976387024 0.0728290006518364
vt 0.6989409923553467 0.8224220275878906
vt 0.6990410089492798 0.29850900173187256
vt 0.699163019657135 0.09913100302219391
vt 0.6991739869117737 0.0031190000008791685
vt 0.7001349925994873 0.6227110028266907
vt 0.7019259929656982 0.5946189761161804
vt 0.7020779848098755 0.780830979347229
vt 0.7020779848098755 0.8066869974136353
vt 0.7022950053215027 0.8800820112228394
vt 0.7022950053215027 0.9166210293769836
vt 0.7022950053215027 0.9542689919471741
vt 0.702629029750824 0.08628900349140167
vt 0.702629029750824 0.2397020012140274
vt 0.702629029750824 0.2831360101699829
vt 0.7026870250701904 0.21040700376033783
vt 0.7026919722557068 0.004120999947190285
vt 0.702754020690918 0.23480600118637085
vt 0.7029359936714172 0.03297499939799309
vt 0.7029510140419006 0.09064800292253494
vt 0.703091025352478 0.21053500473499298
vt 0.7032070159912109 0.2796820104122162
vt 0.7033370137214661 0.5784819722175598
vt 0.7036470174789429 0.9927939772605896
vt 0.7037550210952759 0.9596059918403625
vt 0.7037550210952759 0.979656994342804
vt 0.7039369940757751 0.7342680096626282
vt 0.7041170001029968 0.6991509795188904
vt 0.7042940258979797 0.35491499304771423
vt 0.7045660018920898 0.4361270070075989
vt 0.704695999622345 0.3272939920425415
vt 0.704695999622345 0.557964026927948
vt 0.7055320143699646 0.8047490119934082
vt 0.7055320143699646 0.8559010028839111
vt 0.7062600255012512 0.2454729974269867
vt 0.7065669894218445 0.6046879887580872
vt 0.7066249847412109 0.8277609944343567
vt 0.7066810131072998 0.8642370104789734
vt 0.7071040272712708 0.6481059789657593
vt 0.7075679898262024 0.9003099799156189
vt 0.7080079913139343 0.9831110239028931
vt 0.7081500291824341 0.35407501459121704
vt 0.7081500291824341 0.46455299854278564
vt 0.7081500291824341 0.501347005367279
vt 0.7081500291824341 0.5561130046844482
vt 0.7081500291824341 0.5594350099563599
vt 0.708325982093811 0.5628889799118042
vt 0.7085739970207214 0.47707900404930115
vt 0.7089200019836426 0.7523210048675537
vt 0.7090590000152588 0.5581179857254028
vt 0.7098870277404785 0.23165300488471985
vt 0.7102710008621216 0.32868000864982605
vt 0.7103279829025269 0.9323379993438721
vt 0.7103279829025269 0.9561520218849182
vt 0.7103279829025269 0.9627860188484192
vt 0.7103279829025269 0.9927939772605896
vt 0.7104359865188599 0.796733021736145
vt 0.7107869982719421 0.8396379947662354
vt 0.7108250260353088 0.49496299028396606
vt 0.710843026638031 0.6036549806594849
vt 0.711097002029419 0.8560199737548828
vt 0.7111719846725464 0.3510749936103821
vt 0.7112669944763184 0.8162789940834045
vt 0.7113940119743347 0.019266000017523766
vt 0.7115820050239563 0.7680400013923645
vt 0.711808979511261 0.06751000136137009
vt 0.712568998336792 0.12381099909543991
vt 0.712643027305603 0.21375200152397156
vt 0.7126749753952026 0.22528700530529022
vt 0.7128909826278687 0.19384300708770752
vt 0.7129579782485962 0.9010739922523499
vt 0.7129579782485962 0.9288840293884277
vt 0.7132779955863953 0.5800840258598328
vt 0.7135170102119446 0.5684549808502197
vt 0.7138569951057434 0.3457219898700714
vt 0.713919997215271 0.19204699993133545
vt 0.7141039967536926 0.806315004825592
vt 0.7141889929771423 0.7645859718322754
vt 0.7146080136299133 0.8172190189361572
vt 0.7146080136299133 0.8594740033149719
vt 0.7146080136299133 0.8968560099601746
vt 0.7149620056152344 0.6856020092964172
vt 0.7149620056152344 0.7127190232276917
vt 0.7159370183944702 0.24519799649715424
vt 0.7160109877586365 0.23660999536514282
vt 0.7165409922599792 0.6808639764785767
vt 0.7171390056610107 0.6542450189590454
vt 0.71738201379776 0.3023580014705658
vt 0.7183560132980347 0.3854750096797943
vt 0.7184159755706787 0.687050998210907
vt 0.7184159755706787 0.7745440006256104
vt 0.7184159755706787 0.8181449770927429
vt 0.7184159755706787 0.8315669894218445
vt 0.7184159755706787 0.8693259954452515
vt 0.7184159755706787 0.8727800250053406
vt 0.7184159755706787 0.9208530187606812
vt 0.7184159755706787 0.9243069887161255
vt 0.7184159755706787 0.9498209953308105
vt 0.7184159755706787 0.9532750248908997
vt 0.7184159755706787 0.9724720120429993
vt 0.7184159755706787 0.980783998966217
vt 0.7184159755706787 0.9897480010986328
vt 0.7194679975509644 0.788707971572876
vt 0.71977698802948 0.5909469723701477
vt 0.7198529839515686 0.445917010307312
vt 0.7201910018920898 0.5974850058555603
vt 0.7202540040016174 0.08195900171995163
vt 0.7203220129013062 0.6188330054283142
vt 0.7205510139465332 0.17369599640369415
vt 0.7207440137863159 0.20523299276828766
vt 0.7208020091056824 0.616221010684967
vt 0.7208269834518433 0.0017269999952986836
vt 0.7209020256996155 0.1101439967751503
vt 0.7209529876708984 0.2796719968318939
vt 0.7209929823875427 0.05021600052714348
vt 0.7210680246353149 0.9855440258979797
vt 0.7212650179862976 0.18778300285339355
vt 0.7214919924736023 0.37134799361228943
vt 0.7215980291366577 0.2831360101699829
vt 0.7216399908065796 0.19902299344539642
vt 0.7217890024185181 0.25576600432395935
vt 0.7220190167427063 0.324196994304657
vt 0.722216010093689 0.11094500124454498
vt 0.7228180170059204 0.3772850036621094
vt 0.7229359745979309 0.5994830131530762
vt 0.7230759859085083 0.9759259819984436
vt 0.7234079837799072 0.12043300271034241
vt 0.7234159708023071 0.5880619883537292
vt 0.7236679792404175 0.667169988155365
vt 0.723779022693634 0.6326730251312256
vt 0.7241230010986328 0.9850370287895203
vt 0.7243199944496155 0.7217640280723572
vt 0.7243819832801819 0.2481600046157837
vt 0.7243899703025818 0.12695999443531036
vt 0.7248129844665527 0.692903995513916
vt 0.7248460054397583 0.20117099583148956
vt 0.7249060273170471 0.5702959895133972
vt 0.7249690294265747 0.1673620045185089
vt 0.725051999092102 0.2831360101699829
vt 0.725051999092102 0.3021810054779053
vt 0.7252179980278015 0.3538669943809509
vt 0.7255929708480835 0.5526379942893982
vt 0.7257469892501831 0.9016180038452148
vt 0.7257490158081055 0.24916400015354156
vt 0.7258489727973938 0.3624019920825958
vt 0.7260119915008545 0.502124011516571
vt 0.7262049913406372 0.9287139773368835
vt 0.7264009714126587 0.9604009985923767
vt 0.7264019846916199 0.30595600605010986
vt 0.7265290021896362 0.05336200073361397
vt 0.7266539931297302 0.13812200725078583
vt 0.7269030213356018 0.9258760213851929
vt 0.7272560000419617 0.22554799914360046
vt 0.7273589968681335 0.4285829961299896
vt 0.7278130054473877 0.2192240059375763
vt 0.7278730273246765 0.614391028881073
vt 0.727948009967804 0.22178100049495697
vt 0.7283409833908081 0.10365500301122665
vt 0.7287709712982178 0.6579059958457947
vt 0.7289170026779175 0.2307399958372116
vt 0.7291629910469055 0.6458619832992554
vt 0.7292010188102722 0.8727800250053406
vt 0.7292010188102722 0.8883330225944519
vt 0.7292960286140442 0.1383100003004074
vt 0.7298259735107422 0.387800008058548
vt 0.7304099798202515 0.28638899326324463
vt 0.7304350137710571 0.4984169900417328
vt 0.7307450175285339 0.5470409989356995
vt 0.7311609983444214 0.9838579893112183
vt 0.7311620116233826 0.2179960012435913
vt 0.7312210202217102 0.15921500325202942
vt 0.7315279841423035 0.9653189778327942
vt 0.7315279841423035 0.9804030060768127
vt 0.7315999865531921 0.8928430080413818
vt 0.7315999865531921 0.9342349767684937
vt 0.7315999865531921 0.937690019607544
vt 0.7315999865531921 0.9618639945983887
vt 0.7320629954338074 0.8827229738235474
vt 0.7324529886245728 0.2987290024757385
vt 0.7327100038528442 0.919173002243042
vt 0.7333390116691589 0.5803769826889038
vt 0.7333739995956421 0.26019999384880066
vt 0.7337219715118408 0.684319019317627
vt 0.7342780232429504 0.6805089712142944
vt 0.7352120280265808 0.7205010056495667
vt 0.7353389859199524 0.33565500378608704
vt 0.7355790138244629 0.24022899568080902
vt 0.7355949878692627 0.656125009059906
vt 0.7356129884719849 0.21417200565338135
vt 0.7358400225639343 0.7731599807739258
vt 0.7358649969100952 0.874521017074585
vt 0.735867977142334 0.3745020031929016
vt 0.7358959913253784 0.43316298723220825
vt 0.7359679937362671 0.8463900089263916
vt 0.7366260290145874 0.6971399784088135
vt 0.7368839979171753 0.7779989838600159
vt 0.7372999787330627 0.9919270277023315
vt 0.7378739714622498 0.6752960085868835
vt 0.7381110191345215 0.8076239824295044
vt 0.7383009791374207 0.7954949736595154
vt 0.7386249899864197 0.8150269985198975
vt 0.7386670112609863 0.914093017578125
vt 0.7389900088310242 0.9429519772529602
vt 0.7389900088310242 0.979748010635376
vt 0.7389900088310242 0.9838579893112183
vt 0.7393479943275452 0.5724340081214905
vt 0.7393540143966675 0.3454369902610779
vt 0.7394229769706726 0.8315669894218445
vt 0.7394229769706726 0.8893889784812927
vt 0.7395370006561279 0.15239599347114563
vt 0.7400389909744263 0.8421689867973328
vt 0.7400969862937927 0.12439599633216858
vt 0.7402409911155701 0.2151309996843338
vt 0.7405040264129639 0.18268099427223206
vt 0.7405359745025635 0.23094500601291656
vt 0.74167400598526 0.13102999329566956
vt 0.7417010068893433 0.1418450027704239
vt 0.741798996925354 0.1187639981508255
vt 0.741802990436554 0.5994269847869873
vt 0.741802990436554 0.6609280109405518
vt 0.7422019839286804 0.1734980046749115
vt 0.7424439787864685 0.9466230273246765
vt 0.7424439787864685 0.9826629757881165
vt 0.7427889704704285 0.5507649779319763
vt 0.7429789900779724 0.937690019607544
vt 0.7430520057678223 0.5466949939727783
vt 0.7430930137634277 0.1760540008544922
vt 0.743133008480072 0.16597799956798553
vt 0.7433680295944214 0.2457589954137802
vt 0.7433879971504211 0.2994230091571808
vt 0.7437360286712646 0.1970209926366806
vt 0.7438179850578308 0.7936980128288269
vt 0.7442119717597961 0.22120599448680878
vt 0.744234025478363 0.9175469875335693
vt 0.7444049715995789 0.6887040138244629
vt 0.744454026222229 0.1881999969482422
vt 0.7448260188102722 0.8112350106239319
vt 0.7448260188102722 0.828112006187439
vt 0.7452520132064819 0.25066399574279785
vt 0.7452579736709595 0.5628889799118042
vt 0.7452579736709595 0.6107580065727234
vt 0.7452579736709595 0.6244329810142517
vt 0.7452579736709595 0.6697260141372681
vt 0.7453929781913757 0.30674800276756287
vt 0.7459319829940796 0.3475089967250824
vt 0.7462249994277954 0.8343790173530579
vt 0.7462670207023621 0.23278799653053284
vt 0.7466170191764832 0.9342349767684937
vt 0.7466909885406494 0.3307360112667084
vt 0.7468420267105103 0.2978389859199524
vt 0.7470070123672485 0.3795030117034912
vt 0.7472500205039978 0.6615949869155884
vt 0.747859001159668 0.684319019317627
vt 0.747859001159668 0.7229179739952087
vt 0.747859001159668 0.7263720035552979
vt 0.747859001159668 0.7595909833908081
vt 0.7481080293655396 0.9687740206718445
vt 0.7481080293655396 0.9869549870491028
vt 0.7482990026473999 0.8153380155563354
vt 0.7482990026473999 0.8239930272102356
vt 0.748320996761322 0.2831360101699829
vt 0.7483320236206055 0.9435150027275085
vt 0.7483320236206055 0.9653199911117554
vt 0.7483639717102051 0.7648959755897522
vt 0.7483639717102051 0.7948859930038452
vt 0.7483639717102051 0.8053579926490784
vt 0.7486469745635986 0.8878160119056702
vt 0.7486469745635986 0.8928430080413818
vt 0.7489219903945923 0.5526379942893982
vt 0.7490109801292419 0.38367998600006104
vt 0.749019980430603 0.7038030028343201
vt 0.7490710020065308 0.6807960271835327
vt 0.7490739822387695 0.4992179870605469
vt 0.7492560148239136 0.7343040108680725
vt 0.7492560148239136 0.7630450129508972
vt 0.7492560148239136 0.7914310097694397
vt 0.7494270205497742 0.6142119765281677
vt 0.7494270205497742 0.6410139799118042
vt 0.749459981918335 0.8001880049705505
vt 0.7494810223579407 0.6095889806747437
vt 0.7495080232620239 0.15805800259113312
vt 0.7495700120925903 0.6650500297546387
vt 0.7495700120925903 0.6702489852905273
vt 0.7496209740638733 0.3766460120677948
vt 0.7496209740638733 0.8191519975662231
vt 0.750639021396637 0.2190369963645935
vt 0.7519239783287048 0.9330009818077087
vt 0.7519239783287048 0.9484050273895264
vt 0.7519239783287048 0.967523992061615
vt 0.7519239783287048 0.9709789752960205
vt 0.7519239783287048 0.9859679937362671
vt 0.7519239783287048 0.9914119839668274
vt 0.7529680132865906 0.17784099280834198
vt 0.7530750036239624 0.31448501348495483
vt 0.7530750036239624 0.5989019870758057
vt 0.7530750036239624 0.7223250269889832
vt 0.7530750036239624 0.799032986164093
vt 0.7530750036239624 0.8350080251693726
vt 0.7530750036239624 0.8545230031013489
vt 0.7530750036239624 0.9077810049057007
vt 0.7531030178070068 0.776095986366272
vt 0.7534629702568054 0.2858569920063019
vt 0.7534629702568054 0.30207499861717224
vt 0.7537389993667603 0.14896400272846222
vt 0.7547730207443237 0.9894220232963562
vt 0.7547730207443237 0.9979519844055176
vt 0.7559729814529419 0.868694007396698
vt 0.756197988986969 0.6019669771194458
vt 0.7566519975662231 0.4275369942188263
vt 0.7569169998168945 0.29286301136016846
vt 0.7569169998168945 0.30207499861717224
vt 0.7571939826011658 0.0017269999952986836
vt 0.7571939826011658 0.08638499677181244
vt 0.7571939826011658 0.08983899652957916
vt 0.7571939826011658 0.17434799671173096
vt 0.7571939826011658 0.27332600951194763
vt 0.7578790187835693 0.15565399825572968
vt 0.7581290006637573 0.5859079957008362
vt 0.7582269906997681 0.9894220232963562
vt 0.7582269906997681 0.9973019957542419
vt 0.758234977722168 0.6910269856452942
vt 0.7584900259971619 0.9788050055503845
vt 0.758542001247406 0.10306499898433685
vt 0.75906902551651 0.5791270136833191
vt 0.7597479820251465 0.024958999827504158
vt 0.7604990005493164 0.9550110101699829
vt 0.7606340050697327 0.6300050020217896
vt 0.7613160014152527 0.9932289719581604
vt 0.7615690231323242 0.8118829727172852
vt 0.761680006980896 0.43284499645233154
vt 0.7617049813270569 0.717523992061615
vt 0.7624179720878601 0.8819230198860168
vt 0.7624179720878601 0.9199650287628174
vt 0.7624179720878601 0.9234189987182617
vt 0.7624179720878601 0.9449509978294373
vt 0.7625849843025208 0.8215399980545044
vt 0.7633919715881348 0.05673300102353096
vt 0.7634339928627014 0.8784689903259277
vt 0.7634959816932678 0.32009899616241455
vt 0.7644619941711426 0.1815900057554245
vt 0.7644990086555481 0.5341309905052185
vt 0.7646300196647644 0.15406399965286255
vt 0.7649210095405579 0.6909480094909668
vt 0.765159010887146 0.6539469957351685
vt 0.7654579877853394 0.4175029993057251
vt 0.7658640146255493 0.2399280071258545
vt 0.7658720016479492 0.8969619870185852
vt 0.7658720016479492 0.9473059773445129
vt 0.7658720016479492 0.9670850038528442
vt 0.7658720016479492 0.9705389738082886
vt 0.7658720016479492 0.9874749779701233
vt 0.7659100294113159 0.6810809969902039
vt 0.7660290002822876 0.38328099250793457
vt 0.7660409808158875 0.950760006904602
vt 0.7660620212554932 0.29411500692367554
vt 0.7664560079574585 0.8503329753875732
vt 0.7666170001029968 0.5998929738998413
vt 0.767304003238678 0.10089699923992157
vt 0.7675089836120605 0.7257800102233887
vt 0.7682710289955139 0.2697939872741699
vt 0.7683979868888855 0.17357000708580017
vt 0.7684929966926575 0.5518320202827454
vt 0.7688570022583008 0.30595600605010986
vt 0.7688570022583008 0.5824530124664307
vt 0.7689480185508728 0.28883498907089233
vt 0.7693449854850769 0.04087600111961365
vt 0.7697619795799255 0.7730129957199097
vt 0.7705100178718567 0.6948530077934265
vt 0.7709779739379883 0.76105797290802
vt 0.7709779739379883 0.8073740005493164
vt 0.7712879776954651 0.8153380155563354
vt 0.771602988243103 0.9765920042991638
vt 0.7723109722137451 0.30250200629234314
vt 0.7723109722137451 0.30595600605010986
vt 0.7723109722137451 0.569570004940033
vt 0.7723109722137451 0.5821369886398315
vt 0.7723919749259949 0.9262530207633972
vt 0.7724670171737671 0.13822999596595764
vt 0.7727699875831604 0.6298400163650513
vt 0.7731350064277649 0.5917800068855286
vt 0.7732149958610535 0.2348490059375763
vt 0.7735999822616577 0.645313024520874
vt 0.7738419771194458 0.17780199646949768
vt 0.7743499875068665 0.8819230198860168
vt 0.7743499875068665 0.9227979779243469
vt 0.7744320034980774 0.7304369807243347
vt 0.7744320034980774 0.8076750040054321
vt 0.7745180130004883 0.2890450060367584
vt 0.7748330235481262 0.8320299983024597
vt 0.7748330235481262 0.8510689735412598
vt 0.7750020027160645 0.4852199852466583
vt 0.7750570178031921 0.9705389738082886
vt 0.7750570178031921 0.9907640218734741
vt 0.7752270102500916 0.03352300077676773
vt 0.7753159999847412 0.29480600357055664
vt 0.7755789756774902 0.8545230031013489
vt 0.7758659720420837 0.9670850038528442
vt 0.7761039733886719 0.345537006855011
vt 0.7763760089874268 0.9473059773445129
vt 0.776602029800415 0.5744829773902893
vt 0.7766500115394592 0.198853999376297
vt 0.7768369913101196 0.9801250100135803
vt 0.776856005191803 0.16069099307060242
vt 0.7773550152778625 0.11428599804639816
vt 0.7778800129890442 0.571029007434845
vt 0.7779020071029663 0.7257800102233887
vt 0.7779020071029663 0.7674009799957275
vt 0.7780389785766602 0.7708550095558167
vt 0.7780389785766602 0.8083109855651855
vt 0.7780550122261047 0.6140109896659851
vt 0.7781379818916321 0.05490599945187569
vt 0.7784410119056702 0.2927680015563965
vt 0.7785149812698364 0.02282099984586239
vt 0.7789570093154907 0.48193201422691345
vt 0.7790250182151794 0.05059099942445755
vt 0.779787003993988 0.5821369886398315
vt 0.780098021030426 0.30250200629234314
vt 0.7805609703063965 0.3105030059814453
vt 0.7811340093612671 0.07582899928092957
vt 0.7814059853553772 0.25522300601005554
vt 0.7814059853553772 0.28905099630355835
vt 0.7815089821815491 0.7604809999465942
vt 0.7815089821815491 0.7923650145530701
vt 0.7815089821815491 0.8243529796600342
vt 0.7815089821815491 0.8278070092201233
vt 0.7815089821815491 0.8462409973144531
vt 0.7815089821815491 0.865227997303009
vt 0.7815089821815491 0.892212986946106
vt 0.7815089821815491 0.9269890189170837
vt 0.7815089821815491 0.9310060143470764
vt 0.7815089821815491 0.9476339817047119
vt 0.7815089821815491 0.9592750072479248
vt 0.7815089821815491 0.9830909967422485
vt 0.7815089821815491 0.994513988494873
vt 0.7822710275650024 0.5879920125007629
vt 0.7822719812393188 0.9865450263023376
vt 0.7827190160751343 0.1741980016231537
vt 0.7838339805603027 0.9689419865608215
vt 0.7840160131454468 0.30595600605010986
vt 0.7840160131454468 0.41662299633026123
vt 0.7840160131454468 0.46195200085639954
vt 0.7840160131454468 0.5314480066299438
vt 0.7840160131454468 0.5389379858970642
vt 0.7840160131454468 0.5781270265579224
vt 0.7844280004501343 0.10821499675512314
vt 0.7845190167427063 0.7807440161705017
vt 0.7848600149154663 0.1861719936132431
vt 0.7848600149154663 0.26549801230430603
vt 0.7853249907493591 0.2502259910106659
vt 0.7853639721870422 0.8736839890480042
vt 0.7854989767074585 0.30113598704338074
vt 0.785522997379303 0.1308699995279312
vt 0.7856370210647583 0.2163819968700409
vt 0.7856889963150024 0.4449020028114319
vt 0.785781979560852 0.24268899857997894
vt 0.787086009979248 0.4755040109157562
vt 0.7871410250663757 0.9705989956855774
vt 0.7875699996948242 0.994513988494873
vt 0.7877389788627625 0.5629379749298096
vt 0.7879350185394287 0.6468679904937744
vt 0.7880970239639282 0.38345199823379517
vt 0.7883570194244385 0.8660560250282288
vt 0.7893329858779907 0.9830909967422485
vt 0.789355993270874 0.1727129966020584
vt 0.7896929979324341 0.11978500336408615
vt 0.7897850275039673 0.14057299494743347
vt 0.7900189757347107 0.1492220014333725
vt 0.7900509834289551 0.3272239863872528
vt 0.7901989817619324 0.3962840139865875
vt 0.7904819846153259 0.8617730140686035
vt 0.7906410098075867 0.788910984992981
vt 0.7906439900398254 0.9087269902229309
vt 0.7907000184059143 0.05184900015592575
vt 0.7907419800758362 0.5859079957008362
vt 0.7907419800758362 0.782168984413147
vt 0.7910609841346741 0.17780199646949768
vt 0.7911930084228516 0.5389379858970642
vt 0.7911930084228516 0.5453159809112549
vt 0.791487991809845 0.548774003982544
vt 0.791487991809845 0.5776600241661072
vt 0.7917349934577942 0.8458600044250488
vt 0.7917749881744385 0.5354840159416199
vt 0.7917860150337219 0.3098999857902527
vt 0.7919430136680603 0.5542920231819153
vt 0.7923449873924255 0.4185729920864105
vt 0.7925710082054138 0.8940160274505615
vt 0.7926149964332581 0.8974699974060059
vt 0.7926149964332581 0.9275519847869873
vt 0.7927839756011963 0.951088011264801
vt 0.7927839756011963 0.9654880166053772
vt 0.7927870154380798 0.9689419865608215
vt 0.7927870154380798 0.9895889759063721
vt 0.7934470176696777 0.2995400130748749
vt 0.7934730052947998 0.17434799671173096
vt 0.7935259938240051 0.16550500690937042
vt 0.7938399910926819 0.9434289932250977
vt 0.7941539883613586 0.0017269999952986836
vt 0.7941539883613586 0.12208099663257599
vt 0.7941539883613586 0.16203999519348145
vt 0.7941960096359253 0.5859079957008362
vt 0.7941960096359253 0.6025199890136719
vt 0.7941960096359253 0.6944090127944946
vt 0.7941960096359253 0.7874270081520081
vt 0.7943339943885803 0.3275899887084961
vt 0.7943829894065857 0.8362709879875183
vt 0.7947570085525513 0.04969099909067154
vt 0.7948039770126343 0.06565000116825104
vt 0.7951629757881165 0.4249480068683624
vt 0.7953090071678162 0.4678420126438141
vt 0.7953180074691772 0.44367900490760803
vt 0.7953810095787048 0.9890450239181519
vt 0.795628011226654 0.828948974609375
vt 0.7960690259933472 0.8974699974060059
vt 0.7960690259933472 0.9264159798622131
vt 0.7962219715118408 0.7067409753799438
vt 0.7963449954986572 0.5303459763526917
vt 0.7964490056037903 0.4150550067424774
vt 0.7964540123939514 0.028088999912142754
vt 0.796517014503479 0.07638800144195557
vt 0.7968720197677612 0.5137479901313782
vt 0.7969080209732056 0.8757669925689697
vt 0.7973560094833374 0.5407570004463196
vt 0.7974579930305481 0.1667889952659607
vt 0.7974860072135925 0.24706700444221497
vt 0.7977340221405029 0.01694599911570549
vt 0.797872006893158 0.04942600056529045
vt 0.7985000014305115 0.629626989364624
vt 0.7989310026168823 0.9253529906272888
vt 0.7992050051689148 0.31149300932884216
vt 0.799223005771637 0.9313870072364807
vt 0.799223005771637 0.9498400092124939
vt 0.799223005771637 0.9662759900093079
vt 0.799223005771637 0.9722819924354553
vt 0.799223005771637 0.987142026424408
vt 0.799223005771637 0.9963459968566895
vt 0.79926997423172 0.6612439751625061
vt 0.7993770241737366 0.17434799671173096
vt 0.799481987953186 0.19071300327777863
vt 0.7995690107345581 0.003771000076085329
vt 0.8001130223274231 0.3778330087661743
vt 0.8001589775085449 0.038252998143434525
vt 0.8003299832344055 0.5938649773597717
vt 0.8003379702568054 0.4214940071105957
vt 0.8003630042076111 0.865227997303009
vt 0.8003630042076111 0.8725579977035522
vt 0.800570011138916 0.3595550060272217
vt 0.8006060123443604 0.06798399984836578
vt 0.800661027431488 0.6020020246505737
vt 0.8008109927177429 0.5436499714851379
vt 0.8013619780540466 0.9431089758872986
vt 0.8014900088310242 0.868274986743927
vt 0.801816999912262 0.8396570086479187
vt 0.8018730282783508 0.5389379858970642
vt 0.8018730282783508 0.5439469814300537
vt 0.8021129965782166 0.3973810076713562
vt 0.802232027053833 0.027560999616980553
vt 0.8024150133132935 0.7028560042381287
vt 0.80246901512146 0.9116590023040771
vt 0.8025310039520264 0.533348023891449
vt 0.8026139736175537 0.9919250011444092
vt 0.8027349710464478 0.08619199693202972
vt 0.8027420043945312 0.46282899379730225
vt 0.8029360175132751 0.270346999168396
vt 0.8031479716300964 0.3000960052013397
vt 0.8034549951553345 0.2012230008840561
vt 0.8040739893913269 0.16636599600315094
vt 0.8050640225410461 0.9463859796524048
vt 0.8052319884300232 0.11862699687480927
vt 0.8052710294723511 0.8335360288619995
vt 0.8054879903793335 0.6365820169448853
vt 0.8055220246315002 0.8923029899597168
vt 0.8055670261383057 0.36563900113105774
vt 0.8055670261383057 0.4006989896297455
vt 0.8057349920272827 0.30595600605010986
vt 0.8060899972915649 0.13708899915218353
vt 0.8061959743499756 0.4793179929256439
vt 0.8061959743499756 0.5398979783058167
vt 0.806302011013031 0.3849180042743683
vt 0.8065639734268188 0.6901479959487915
vt 0.8067759871482849 0.969730019569397
vt 0.8067759871482849 0.9836869835853577
vt 0.8072130084037781 0.9403210282325745
vt 0.8088250160217285 0.1012519970536232
vt 0.8090389966964722 0.00241199997253716
vt 0.8090389966964722 0.05565899983048439
vt 0.8091689944267273 0.964896023273468
vt 0.810230016708374 0.9833170175552368
vt 0.8103470206260681 0.4333080053329468
vt 0.8104950189590454 0.6936020255088806
vt 0.8105679750442505 0.7053490281105042
vt 0.810617983341217 0.4906280040740967
vt 0.8106769919395447 0.6005079746246338
vt 0.811191976070404 0.48386698961257935
vt 0.8115820288658142 0.5453199744224548
vt 0.8120269775390625 0.734188973903656
vt 0.8121370077133179 0.9697309732437134
vt 0.8121370077133179 0.9902999997138977
vt 0.8121690154075623 0.263374000787735
vt 0.8124769926071167 0.3669689893722534
vt 0.8124930262565613 0.09160400182008743
vt 0.8124930262565613 0.09593299776315689
vt 0.8124930262565613 0.11788800358772278
vt 0.8125939965248108 0.7874860167503357
vt 0.8128679990768433 0.8278070092201233
vt 0.8128679990768433 0.886322021484375
vt 0.8128679990768433 0.8957570195198059
vt 0.8128679990768433 0.9279329776763916
vt 0.8128679990768433 0.9336190223693848
vt 0.8128679990768433 0.9426169991493225
vt 0.8130789995193481 0.8038690090179443
vt 0.8136889934539795 0.4249480068683624
vt 0.8139690160751343 0.1662359982728958
vt 0.8139690160751343 0.30113598704338074
vt 0.8139870166778564 0.4305559992790222
vt 0.8141310214996338 0.5903440117835999
vt 0.8141310214996338 0.6592580080032349
vt 0.8141319751739502 0.6627690196037292
vt 0.8142499923706055 0.625307023525238
vt 0.814486026763916 0.0717879980802536
vt 0.814640998840332 0.007550999987870455
vt 0.8148390054702759 0.5571169853210449
vt 0.8149930238723755 0.6627119779586792
vt 0.8160480260848999 0.7553049921989441
vt 0.8166509866714478 0.7849270105361938
vt 0.8166509866714478 0.8549870252609253
vt 0.8166509866714478 0.8794839978218079
vt 0.8166509866714478 0.9154660105705261
vt 0.8166509866714478 0.9318670034408569
vt 0.8166509866714478 0.9590139985084534
vt 0.8166509866714478 0.9850839972496033
vt 0.8167679905891418 0.014973999932408333
vt 0.8167920112609863 0.902662992477417
vt 0.8170040249824524 0.9389340281486511
vt 0.8171129822731018 0.40973201394081116
vt 0.8171640038490295 0.585906982421875
vt 0.8172919750213623 0.6444090008735657
vt 0.8174229860305786 0.1662359982728958
vt 0.8174239993095398 0.23402899503707886
vt 0.8174239993095398 0.25951001048088074
vt 0.8178460001945496 0.16194599866867065
vt 0.8180090188980103 0.9239000082015991
vt 0.8182470202445984 0.13242700695991516
vt 0.8184289932250977 0.7424299716949463
vt 0.8185570240020752 0.6810470223426819
vt 0.8189240097999573 0.4842059910297394
vt 0.8189240097999573 0.5525910258293152
vt 0.8189859986305237 0.7814729809761047
vt 0.8191840052604675 0.8248149752616882
vt 0.8197640180587769 0.968550980091095
vt 0.8209519982337952 0.7360780239105225
vt 0.8214229941368103 0.9800609946250916
vt 0.8214229941368103 0.9941120147705078
vt 0.8217009902000427 0.12208099663257599
vt 0.8217009902000427 0.16250799596309662
vt 0.8217849731445312 0.6881110072135925
vt 0.8218759894371033 0.394569993019104
vt 0.8223779797554016 0.5427899956703186
vt 0.8223789930343628 0.4505369961261749
vt 0.8223789930343628 0.4861280024051666
vt 0.8229020237922668 0.20485299825668335
vt 0.8232579827308655 0.9550560116767883
vt 0.8232579827308655 0.9766070246696472
vt 0.823399007320404 0.6253719925880432
vt 0.8236430287361145 0.7644979953765869
vt 0.8236920237541199 0.10054100304841995
vt 0.8239240050315857 0.06532300263643265
vt 0.8241119980812073 0.6725490093231201
vt 0.8241450190544128 0.3436029851436615
vt 0.8241450190544128 0.386368989944458
vt 0.8248199820518494 0.5194849967956543
vt 0.8248329758644104 0.013464000076055527
vt 0.8249210119247437 0.49285000562667847
vt 0.8249239921569824 0.2908959984779358
vt 0.8253089785575867 0.6403710246086121
vt 0.8258330225944519 0.987034022808075
vt 0.8258330225944519 0.9963629841804504
vt 0.8259270191192627 0.15946100652217865
vt 0.8259339928627014 0.8206940293312073
vt 0.8259620070457458 0.11861799657344818
vt 0.8263710141181946 0.0017269999952986836
vt 0.8263710141181946 0.09247899800539017
vt 0.826574981212616 0.23414500057697296
vt 0.8266080021858215 0.756630003452301
vt 0.8267120122909546 0.9550560116767883
vt 0.8267120122909546 0.9835799932479858
vt 0.8267329931259155 0.8584420084953308
vt 0.8267329931259155 0.9014440178871155
vt 0.8267589807510376 0.9346749782562256
vt 0.8267589807510376 0.9516019821166992
vt 0.8270210027694702 0.6832720041275024
vt 0.8272470235824585 0.7394930124282837
vt 0.8273879885673523 0.6936020255088806
vt 0.8274250030517578 0.7755200266838074
vt 0.8275989890098572 0.32006898522377014
vt 0.8275989890098572 0.3792850077152252
vt 0.8275989890098572 0.386368989944458
vt 0.8282790184020996 0.4963040053844452
vt 0.8286160230636597 0.16694499552249908
vt 0.8286319971084595 0.3755219876766205
vt 0.82881098985672 0.18276099860668182
vt 0.8293009996414185 0.9665930271148682
vt 0.8293009996414185 0.9908459782600403
vt 0.8293820023536682 0.16250799596309662
vt 0.8294280171394348 0.9061170220375061
vt 0.8294280171394348 0.9284120202064514
vt 0.8297299742698669 0.7123119831085205
vt 0.8297299742698669 0.7742120027542114
vt 0.8297299742698669 0.8474540114402771
vt 0.8298249840736389 0.0017269999952986836
vt 0.8298249840736389 0.07837799936532974
vt 0.8298249840736389 0.10418999940156937
vt 0.8299840092658997 0.4249480068683624
vt 0.8300690054893494 0.2569339871406555
vt 0.83017498254776 0.6542630195617676
vt 0.8304460048675537 0.5391610264778137
vt 0.8304499983787537 0.03101399913430214
vt 0.8306649923324585 0.4734309911727905
vt 0.8315449953079224 0.38982298970222473
vt 0.8315449953079224 0.4210149943828583
vt 0.8316259980201721 0.3836340010166168
vt 0.8316410183906555 0.6254500150680542
vt 0.8317279815673828 0.12422800064086914
vt 0.8323519825935364 0.21274599432945251
vt 0.8325110077857971 0.15716299414634705
vt 0.8329430222511292 0.02880699932575226
vt 0.833184003829956 0.7540460228919983
vt 0.833184003829956 0.8564010262489319
vt 0.833184003829956 0.8604769706726074
vt 0.833184003829956 0.9229009747505188
vt 0.833184003829956 0.9270009994506836
vt 0.833184003829956 0.936007022857666
vt 0.833184003829956 0.9556530117988586
vt 0.833184003829956 0.9846320152282715
vt 0.8338490128517151 0.23759999871253967
vt 0.8338490128517151 0.29604899883270264
vt 0.8339920043945312 0.5803689956665039
vt 0.8340150117874146 0.16250799596309662
vt 0.8340650200843811 0.08183299750089645
vt 0.8349990248680115 0.41852501034736633
vt 0.8350949883460999 0.586122989654541
vt 0.8350949883460999 0.657446026802063
vt 0.8355870246887207 0.3986310064792633
vt 0.8357530236244202 0.19568899273872375
vt 0.8358920216560364 0.53233402967453
vt 0.8358920216560364 0.5581889748573303
vt 0.8371319770812988 0.9680910110473633
vt 0.8374689817428589 0.15817999839782715
vt 0.8375200033187866 0.4924440085887909
vt 0.8376870155334473 0.1533609926700592
vt 0.8377689719200134 0.05037299916148186
vt 0.8379039764404297 0.36805200576782227
vt 0.838126003742218 0.8938450217247009
vt 0.838346004486084 0.10738199949264526
vt 0.8387640118598938 0.6683149933815002
vt 0.8387640118598938 0.6878629922866821
vt 0.8392069935798645 0.19863399863243103
vt 0.8392069935798645 0.25575798749923706
vt 0.8392999768257141 0.9733200073242188
vt 0.8392999768257141 0.9885550141334534
vt 0.8393459916114807 0.4963040053844452
vt 0.8393459916114807 0.5675089955329895
vt 0.8393459916114807 0.581961989402771
vt 0.8393489718437195 0.9521989822387695
vt 0.8396790027618408 0.4142940044403076
vt 0.8396790027618408 0.4210149943828583
vt 0.8397390246391296 0.08810500055551529
vt 0.8398489952087402 0.395253986120224
vt 0.8398489952087402 0.5717329978942871
vt 0.8399860262870789 0.13071300089359283
vt 0.8401060104370117 0.31897199153900146
vt 0.8405870199203491 0.48349300026893616
vt 0.8409069776535034 0.6936020255088806
vt 0.8409609794616699 0.8278599977493286
vt 0.8412259817123413 0.15716299414634705
vt 0.8412259817123413 0.16200099885463715
vt 0.8414120078086853 0.2922289967536926
vt 0.841480016708374 0.9346619844436646
vt 0.8427540063858032 0.9733200073242188
vt 0.8427540063858032 0.9900100231170654
vt 0.8427630066871643 0.5200669765472412
vt 0.8430830240249634 0.4971480071544647
vt 0.8431469798088074 0.6894440054893494
vt 0.8431500196456909 0.6802639961242676
vt 0.8432430028915405 0.7522159814834595
vt 0.8436560034751892 0.13779599964618683
vt 0.8437730073928833 0.9566619992256165
vt 0.8437730073928833 0.9698659777641296
vt 0.8438829779624939 0.8392879962921143
vt 0.8440420031547546 0.4517039954662323
vt 0.8442000150680542 0.30595600605010986
vt 0.8442000150680542 0.3609730005264282
vt 0.8442000150680542 0.3789759874343872
vt 0.8442000150680542 0.4108150005340576
vt 0.844336986541748 0.7138310074806213
vt 0.844336986541748 0.7893480062484741
vt 0.8444370031356812 0.1673240065574646
vt 0.8444859981536865 0.29960399866104126
vt 0.8445580005645752 0.005659999791532755
vt 0.8446810245513916 0.15896500647068024
vt 0.8449349999427795 0.9332829713821411
vt 0.8450800180435181 0.47477900981903076
vt 0.8455899953842163 0.08246000111103058
vt 0.8455899953842163 0.11529199779033661
vt 0.8458769917488098 0.5709630250930786
vt 0.8463410139083862 0.8972989916801453
vt 0.8463410139083862 0.9235470294952393
vt 0.8467699885368347 0.8604769706726074
vt 0.8468970060348511 0.18059399724006653
vt 0.847474992275238 0.9270009994506836
vt 0.847474992275238 0.9492589831352234
vt 0.8476549983024597 0.31070899963378906
vt 0.8476549983024597 0.35880500078201294
vt 0.8476549983024597 0.40715301036834717
vt 0.8477889895439148 0.9773269891738892
vt 0.8477910161018372 0.7342609763145447
vt 0.8477910161018372 0.7892969846725464
vt 0.8478180170059204 0.7928019762039185
vt 0.8478180170059204 0.8570230007171631
vt 0.8479300141334534 0.5181859731674194
vt 0.8480129837989807 0.012904999777674675
vt 0.8480600118637085 0.2714020013809204
vt 0.8483710289001465 0.34792301058769226
vt 0.8484299778938293 0.15716299414634705
vt 0.8484299778938293 0.16161899268627167
vt 0.8488230109214783 0.7114660143852234
vt 0.8490440249443054 0.059484001249074936
vt 0.8490440249443054 0.14907699823379517
vt 0.8499069809913635 0.5266669988632202
vt 0.8500369787216187 0.5859079957008362
vt 0.8502069711685181 0.581961989402771
vt 0.8503739833831787 0.4013949930667877
vt 0.8504629731178284 0.19001199305057526
vt 0.8505110144615173 0.6434620022773743
vt 0.8505110144615173 0.6608999967575073
vt 0.8505110144615173 0.6900799870491028
vt 0.8506649732589722 0.4214099943637848
vt 0.8507059812545776 0.39769798517227173
vt 0.8511829972267151 0.32881200313568115
vt 0.8512110114097595 0.4557250142097473
vt 0.8512730002403259 0.8430770039558411
vt 0.8512730002403259 0.8833960294723511
vt 0.8512730002403259 0.9098349809646606
vt 0.8512730002403259 0.9432169795036316
vt 0.8512730002403259 0.9466710090637207
vt 0.8512730002403259 0.9659900069236755
vt 0.8512730002403259 0.969444990158081
vt 0.8512730002403259 0.9863920211791992
vt 0.8513990044593811 0.30595600605010986
vt 0.8514360189437866 0.3112489879131317
vt 0.8518840074539185 0.15716299414634705
vt 0.8522440195083618 0.356128990650177
vt 0.8524569869041443 0.8592209815979004
vt 0.852744996547699 0.8956109881401062
vt 0.8534160256385803 0.34177300333976746
vt 0.8537619709968567 0.1662359982728958
vt 0.8537619709968567 0.23746299743652344
vt 0.8538789749145508 0.5287309885025024
vt 0.8539649844169617 0.642553985118866
vt 0.8539649844169617 0.6809110045433044
vt 0.8539649844169617 0.690097987651825
vt 0.8541259765625 0.6065449714660645
vt 0.854282021522522 0.764706015586853
vt 0.854345977306366 0.16137999296188354
vt 0.8547019958496094 0.24091699719429016
vt 0.8547019958496094 0.27621400356292725
vt 0.8552240133285522 0.36964499950408936
vt 0.8553069829940796 0.9132890105247498
vt 0.8557689785957336 0.15716299414634705
vt 0.8562549948692322 0.8626760244369507
vt 0.8562700152397156 0.4161440134048462
vt 0.8562700152397156 0.49285000562667847
vt 0.8564779758453369 0.7135819792747498
vt 0.8573330044746399 0.5095139741897583
vt 0.8573330044746399 0.5759950280189514
vt 0.8573539853096008 0.34669598937034607
vt 0.8574060201644897 0.40115201473236084
vt 0.8574060201644897 0.4120340049266815
vt 0.8575279712677002 0.9736189842224121
vt 0.8575310111045837 0.19697199761867523
vt 0.8576909899711609 0.034170001745224
vt 0.8578609824180603 0.1533609926700592
vt 0.857895016670227 0.8338069915771484
vt 0.8581560254096985 0.24598799645900726
vt 0.8581669926643372 0.08791700005531311
vt 0.8582000136375427 0.1792290061712265
vt 0.8585579991340637 0.5859079957008362
vt 0.8586959838867188 0.8043709993362427
vt 0.8588320016860962 0.5429670214653015
vt 0.8589249849319458 0.8833709955215454
vt 0.8590419888496399 0.26250699162483215
vt 0.8596360087394714 0.9432169795036316
vt 0.8597239851951599 0.4161440134048462
vt 0.8597239851951599 0.48561400175094604
vt 0.8600209951400757 0.6936020255088806
vt 0.8600209951400757 0.7694569826126099
vt 0.8600760102272034 0.8437179923057556
vt 0.8600829839706421 0.9557160139083862
vt 0.8601599931716919 0.8931130170822144
vt 0.8607069849967957 0.772911012172699
vt 0.8608080148696899 0.3397980034351349
vt 0.8609820008277893 0.9824680089950562
vt 0.8609830141067505 0.38407400250434875
vt 0.8611609935760498 0.39203500747680664
vt 0.8611609935760498 0.4111019968986511
vt 0.8612210154533386 0.6024730205535889
vt 0.8615149855613708 0.6863790154457092
vt 0.8616210222244263 0.09186399728059769
vt 0.8616210222244263 0.11460600048303604
vt 0.8616210222244263 0.1580830067396164
vt 0.8620049953460693 0.6413869857788086
vt 0.8620049953460693 0.6774569749832153
vt 0.8623129725456238 0.7892969846725464
vt 0.862330973148346 0.11968299746513367
vt 0.863070011138916 0.969444990158081
vt 0.863070011138916 0.9896389842033386
vt 0.8631309866905212 0.8251709938049316
vt 0.8634759783744812 0.706616997718811
vt 0.8634759783744812 0.7288709878921509
vt 0.8634859919548035 0.5619360208511353
vt 0.8635290265083313 0.0017269999952986836
vt 0.8635290265083313 0.05072899907827377
vt 0.863614022731781 0.29960399866104126
vt 0.8641970157623291 0.4857330024242401
vt 0.8642510175704956 0.7928019762039185
vt 0.8642510175704956 0.858780026435852
vt 0.864346981048584 0.30595600605010986
vt 0.8651440143585205 0.4676850140094757
vt 0.8654590249061584 0.5859079957008362
vt 0.8654590249061584 0.6564450263977051
vt 0.8654590249061584 0.6731849908828735
vt 0.8655170202255249 0.9099479913711548
vt 0.8655170202255249 0.9382740259170532
vt 0.8657619953155518 0.13507600128650665
vt 0.8657910227775574 0.37109899520874023
vt 0.8659129738807678 0.20807600021362305
vt 0.8659129738807678 0.26879099011421204
vt 0.8660159707069397 0.9336289763450623
vt 0.8661860227584839 0.4963040053844452
vt 0.8662289977073669 0.16364899277687073
vt 0.866254985332489 0.514290988445282
vt 0.8665649890899658 0.9591739773750305
vt 0.8666639924049377 0.8687120079994202
vt 0.8669840097427368 0.0017269999952986836
vt 0.8669840097427368 0.03132300078868866
vt 0.8670560121536255 0.059484001249074936
vt 0.8675230145454407 0.9626290202140808
vt 0.8675230145454407 0.9808909893035889
vt 0.8675230145454407 0.984345018863678
vt 0.8675709962844849 0.429641991853714
vt 0.8677049875259399 0.784604012966156
vt 0.8677049875259399 0.7928019762039185
vt 0.8677049875259399 0.8635349869728088
vt 0.8680629730224609 0.6850159764289856
vt 0.8682739734649658 0.6099900007247925
vt 0.8685669898986816 0.14962799847126007
vt 0.8688459992408752 0.15667100250720978
vt 0.869047999382019 0.11806000024080276
vt 0.8690900206565857 0.6665890216827393
vt 0.8693670034408569 0.20807600021362305
vt 0.8693670034408569 0.26896101236343384
vt 0.8694980144500732 0.31419798731803894
vt 0.8694980144500732 0.38382700085639954
vt 0.8695949912071228 0.9464200139045715
vt 0.8697090148925781 0.49760299921035767
vt 0.8697090148925781 0.5683389902114868
vt 0.8697090148925781 0.582306981086731
vt 0.8698170185089111 0.10091400146484375
vt 0.8700159788131714 0.46787700057029724
vt 0.8702099919319153 0.5717930197715759
vt 0.8704959750175476 0.7725309729576111
vt 0.8710629940032959 0.533473014831543
vt 0.8711339831352234 0.9926210045814514
vt 0.8713750243186951 0.05129599943757057
vt 0.87260502576828 0.7590659856796265
vt 0.8726750016212463 0.6936020255088806
vt 0.8729519844055176 0.386896014213562
vt 0.8732680082321167 0.5477619767189026
vt 0.8734139800071716 0.1792290061712265
vt 0.8734700083732605 0.4161440134048462
vt 0.8734700083732605 0.48966801166534424
vt 0.8734899759292603 0.7236310243606567
vt 0.8735190033912659 0.6000310182571411
vt 0.8735520243644714 0.13337500393390656
vt 0.8735520243644714 0.17577500641345978
vt 0.8735520243644714 0.20346100628376007
vt 0.8736460208892822 0.06920500099658966
vt 0.8742679953575134 0.9382740259170532
vt 0.8742679953575134 0.9683539867401123
vt 0.8745099902153015 0.5874029994010925
vt 0.8747479915618896 0.984345018863678
vt 0.8747889995574951 0.09793999791145325
vt 0.8749470114707947 0.30197298526763916
vt 0.875095009803772 0.25633299350738525
vt 0.8752869963645935 0.6598989963531494
vt 0.8756009936332703 0.4963040053844452
vt 0.8760179877281189 0.8836600184440613
vt 0.8760460019111633 0.30595600605010986
vt 0.8763059973716736 0.8617709875106812
vt 0.8763059973716736 0.9105759859085083
vt 0.8763059973716736 0.9348199963569641
vt 0.8763070106506348 0.866989016532898
vt 0.8763070106506348 0.9064940214157104
vt 0.8766739964485168 0.6789420247077942
vt 0.8769440054893494 0.6936020255088806
vt 0.8769440054893494 0.7123240232467651
vt 0.8769789934158325 0.03482000157237053
vt 0.8770059943199158 0.14143699407577515
vt 0.8770059943199158 0.18614399433135986
vt 0.8770059943199158 0.19116400182247162
vt 0.8772619962692261 0.582306981086731
vt 0.8775309920310974 0.5477399826049805
vt 0.8777400255203247 0.9750310182571411
vt 0.877964973449707 0.6103370189666748
vt 0.877964973449707 0.6552119851112366
vt 0.8779950141906738 0.5672839879989624
vt 0.8782430291175842 0.08445099741220474
vt 0.8784040212631226 0.392551988363266
vt 0.8785489797592163 0.20807600021362305
vt 0.8785489797592163 0.2718999981880188
vt 0.8785489797592163 0.2770789861679077
vt 0.8785489797592163 0.2987299859523773
vt 0.8791869878768921 0.4884049892425537
vt 0.8794419765472412 0.4178520143032074
vt 0.8795269727706909 0.7323790192604065
vt 0.8795589804649353 0.4115050137042999
vt 0.8795599937438965 0.3389829993247986
vt 0.8795599937438965 0.3885810077190399
vt 0.8797609806060791 0.813513994216919
vt 0.8797609806060791 0.8666350245475769
vt 0.8797609806060791 0.8715850114822388
vt 0.8797609806060791 0.9238160252571106
vt 0.8797609806060791 0.9459149837493896
vt 0.8798990249633789 0.019254999235272408
vt 0.8799800276756287 0.11806000024080276
vt 0.880843997001648 0.08376400172710419
vt 0.8810639977455139 0.46357500553131104
vt 0.8813779950141907 0.9907100200653076
vt 0.8814489841461182 0.5403059720993042
vt 0.8814769983291626 0.6937689781188965
vt 0.8816239833831787 0.5566700100898743
vt 0.8816800117492676 0.5104680061340332
vt 0.8819040060043335 0.9843590259552002
vt 0.8823599815368652 0.5616459846496582
vt 0.8823599815368652 0.5824530124664307
vt 0.8826460242271423 0.760670006275177
vt 0.8830140233039856 0.3448539972305298
vt 0.8830140233039856 0.38436898589134216
vt 0.8832700252532959 0.7928019762039185
vt 0.8833529949188232 0.015437999740242958
vt 0.8833529949188232 0.048624999821186066
vt 0.8833529949188232 0.055939000099897385
vt 0.883433997631073 0.6635749936103821
vt 0.883433997631073 0.6870859861373901
vt 0.8837990164756775 0.052080001682043076
vt 0.8840039968490601 0.5859079957008362
vt 0.884145975112915 0.16548199951648712
vt 0.8842059969902039 0.273624986410141
vt 0.8844370245933533 0.37908899784088135
vt 0.8844529986381531 0.7361419796943665
vt 0.8844630122184753 0.9576240181922913
vt 0.8845189809799194 0.4216670095920563
vt 0.8845189809799194 0.48163101077079773
vt 0.8849390149116516 0.10148900002241135
vt 0.8850650191307068 0.8700900077819824
vt 0.8851619958877563 0.9225800037384033
vt 0.8852149844169617 0.13516999781131744
vt 0.8852149844169617 0.1895979940891266
vt 0.8852149844169617 0.20445199310779572
vt 0.8852869868278503 0.17055100202560425
vt 0.8855180144309998 0.711654007434845
vt 0.8858969807624817 0.9272699952125549
vt 0.8858969807624817 0.9526619911193848
vt 0.8858969807624817 0.9610779881477356
vt 0.8858969807624817 0.9774870276451111
vt 0.8858969807624817 0.9809409976005554
vt 0.8858969807624817 0.9946960210800171
vt 0.8859919905662537 0.6228619813919067
vt 0.8863480091094971 0.055939000099897385
vt 0.8864079713821411 0.765084981918335
vt 0.8864079713821411 0.7893480062484741
vt 0.886568009853363 0.8300179839134216
vt 0.8869339823722839 0.21270400285720825
vt 0.8870940208435059 0.5305740237236023
vt 0.8876979947090149 0.45587998628616333
vt 0.8878960013389587 0.0017269999952986836
vt 0.8887410163879395 0.1239439994096756
vt 0.8887410163879395 0.18557000160217285
vt 0.8887410163879395 0.2033499926328659
vt 0.8888739943504333 0.059484001249074936
vt 0.8888739943504333 0.11345800012350082
vt 0.8889719843864441 0.1992419958114624
vt 0.8889719843864441 0.7293189764022827
vt 0.8889719843864441 0.7527980208396912
vt 0.8892490267753601 0.3659519851207733
vt 0.8894460201263428 0.6277120113372803
vt 0.8894460201263428 0.6878780126571655
vt 0.8894969820976257 0.4788990020751953
vt 0.8894969820976257 0.4925459921360016
vt 0.8895630240440369 0.30595600605010986
vt 0.8895630240440369 0.37375301122665405
vt 0.8896329998970032 0.17937299609184265
vt 0.8898620009422302 0.765084981918335
vt 0.8898620009422302 0.7873110175132751
vt 0.8900110125541687 0.4963040053844452
vt 0.8900110125541687 0.5472790002822876
vt 0.8900219798088074 0.7938479781150818
vt 0.8900219798088074 0.8465080261230469
vt 0.8900219798088074 0.8499619960784912
vt 0.8900219798088074 0.8991180062294006
vt 0.8900219798088074 0.9239810109138489
vt 0.8900219798088074 0.9441409707069397
vt 0.8900219798088074 0.9650139808654785
vt 0.8900219798088074 0.9684680104255676
vt 0.8900219798088074 0.9834129810333252
vt 0.8900219798088074 0.9878339767456055
vt 0.890388011932373 0.20880800485610962
vt 0.8909519910812378 0.033403001725673676
vt 0.8911470174789429 0.2253199964761734
vt 0.8916659951210022 0.5791850090026855
vt 0.8922690153121948 0.4630729854106903
vt 0.8923029899597168 0.748744010925293
vt 0.8923280239105225 0.07164599746465683
vt 0.8930180072784424 0.3158339858055115
vt 0.8930180072784424 0.36691901087760925
vt 0.8930180072784424 0.370373010635376
vt 0.89308100938797 0.4161440134048462
vt 0.89308100938797 0.4754450023174286
vt 0.8931419849395752 0.9868670105934143
vt 0.8931419849395752 0.9972649812698364
vt 0.8934659957885742 0.49285000562667847
vt 0.8934659957885742 0.4963040053844452
vt 0.8934659957885742 0.5574970245361328
vt 0.8940420150756836 0.5442500114440918
vt 0.8940960168838501 0.34211501479148865
vt 0.8941310048103333 0.4795350134372711
vt 0.8946760296821594 0.024156000465154648
vt 0.8947790265083313 0.5859079957008362
vt 0.8951969742774963 0.7615360021591187
vt 0.8953099846839905 0.27913999557495117
vt 0.8954190015792847 0.9400169849395752
vt 0.8956639766693115 0.19161400198936462
vt 0.8960559964179993 0.664671003818512
vt 0.8963670134544373 0.11806000024080276
vt 0.8963670134544373 0.18211500346660614
vt 0.8965349793434143 0.4161440134048462
vt 0.8965349793434143 0.4662719964981079
vt 0.8966479897499084 0.29663699865341187
vt 0.8966699838638306 0.38254299759864807
vt 0.8966699838638306 0.41189199686050415
vt 0.8967239856719971 0.3632560074329376
vt 0.8968989849090576 0.9560620188713074
vt 0.8971019983291626 0.8445979952812195
vt 0.8972169756889343 0.3790520131587982
vt 0.8974040150642395 0.3208959996700287
vt 0.8974729776382446 0.9751120209693909
vt 0.8975290060043335 0.30595600605010986
vt 0.8975740075111389 0.7527980208396912
vt 0.8976250290870667 0.3186529874801636
vt 0.8976960182189941 0.4403589963912964
vt 0.8977259993553162 0.9025729894638062
vt 0.8977259993553162 0.9365630149841309
vt 0.8977569937705994 0.7991830110549927
vt 0.8980749845504761 0.6936020255088806
vt 0.8980749845504761 0.749343991279602
vt 0.8981299996376038 0.04855300113558769
vt 0.8982200026512146 0.20807600021362305
vt 0.8982200026512146 0.26993700861930847
vt 0.8984839916229248 0.640779972076416
vt 0.898643970489502 0.5696899890899658
vt 0.898643970489502 0.5895599722862244
vt 0.898643970489502 0.6300860047340393
vt 0.8988149762153625 0.3176420032978058
vt 0.8994719982147217 0.7928019762039185
vt 0.8995599746704102 0.4653249979019165
vt 0.8998209834098816 0.14708900451660156
vt 0.8998209834098816 0.18085800111293793
vt 0.8998519778251648 0.3221760094165802
vt 0.8998619914054871 0.11438100039958954
vt 0.8999770283699036 0.8898590207099915
vt 0.900189995765686 0.6442340016365051
vt 0.900189995765686 0.6885010004043579
vt 0.9002640247344971 0.3158990144729614
vt 0.9004330039024353 0.5497120022773743
vt 0.9005590081214905 0.370373010635376
vt 0.9007400274276733 0.3211579918861389
vt 0.9008849859237671 0.46141400933265686
vt 0.9010220170021057 0.47605401277542114
vt 0.9010279774665833 0.515483021736145
vt 0.9012749791145325 0.059484001249074936
vt 0.9012749791145325 0.09129200130701065
vt 0.9013339877128601 0.45489901304244995
vt 0.9015290141105652 0.7478770017623901
vt 0.9015420079231262 0.7613959908485413
vt 0.9016739726066589 0.2126310020685196
vt 0.9016739726066589 0.301147997379303
vt 0.9017329812049866 0.28325599431991577
vt 0.9020980000495911 0.6338480114936829
vt 0.9022679924964905 0.46466898918151855
vt 0.9025890231132507 0.11806000024080276
vt 0.9026489853858948 0.9150130152702332
vt 0.9026489853858948 0.9406570196151733
vt 0.9026489853858948 0.9618610143661499
vt 0.9026489853858948 0.9653159976005554
vt 0.9026489853858948 0.9833269715309143
vt 0.9026489853858948 0.9877179861068726
vt 0.9027450084686279 0.6127489805221558
vt 0.9029269814491272 0.838146984577179
vt 0.9034309983253479 0.8499619960784912
vt 0.9034309983253479 0.9031469821929932
vt 0.903535008430481 0.2711699903011322
vt 0.9036440253257751 0.6442340016365051
vt 0.9036440253257751 0.6819530129432678
vt 0.9037590026855469 0.7928019762039185
vt 0.9041129946708679 0.42737099528312683
vt 0.9041939973831177 0.3190839886665344
vt 0.9041939973831177 0.33931899070739746
vt 0.9041950106620789 0.35956600308418274
vt 0.9041950106620789 0.41212698817253113
vt 0.9042930006980896 0.4610750079154968
vt 0.9044830203056335 0.4963040053844452
vt 0.9044830203056335 0.544838011264801
vt 0.9044830203056335 0.5483430027961731
vt 0.9044830203056335 0.5743240118026733
vt 0.9047290086746216 0.08585400134325027
vt 0.9047920107841492 0.8057119846343994
vt 0.9048659801483154 0.8313630223274231
vt 0.9051730036735535 0.19132499396800995
vt 0.9054319858551025 0.04291800037026405
vt 0.9054399728775024 0.6936020255088806
vt 0.9055839776992798 0.5813239812850952
vt 0.9057819843292236 0.12091299891471863
vt 0.9058259725570679 0.8461480140686035
vt 0.9059510231018066 0.9867810010910034
vt 0.9059510231018066 0.9975450038909912
vt 0.9060360193252563 0.49285000562667847
vt 0.9062989950180054 0.27738499641418457
vt 0.9064080119132996 0.10978599637746811
vt 0.9064689874649048 0.7826759815216064
vt 0.9066110253334045 0.766340970993042
vt 0.9066799879074097 0.0017269999952986836
vt 0.9066799879074097 0.05246499925851822
vt 0.9068340063095093 0.1773969978094101
vt 0.9075890183448792 0.7274540066719055
vt 0.9075890183448792 0.7610390186309814
vt 0.9077469706535339 0.4474009871482849
vt 0.907941997051239 0.20807600021362305
vt 0.907941997051239 0.27393099665641785
vt 0.9081770181655884 0.9833030104637146
vt 0.9084309935569763 0.30595600605010986
vt 0.9086490273475647 0.96977299451828
vt 0.9090920090675354 0.6089490056037903
vt 0.9090920090675354 0.640779972076416
vt 0.9094060063362122 0.9867820143699646
vt 0.9094060063362122 0.9948750138282776
vt 0.9096009731292725 0.8654710054397583
vt 0.9096760153770447 0.48824599385261536
vt 0.9101340174674988 0.026311000809073448
vt 0.9102879762649536 0.16583499312400818
vt 0.9102879762649536 0.1821420043706894
vt 0.910423994064331 0.5001760125160217
vt 0.9105849862098694 0.40819600224494934
vt 0.9107170104980469 0.804561972618103
vt 0.9107170104980469 0.8393530249595642
vt 0.9109290242195129 0.356112003326416
vt 0.9110440015792847 0.7283999919891357
vt 0.9110440015792847 0.7524589896202087
vt 0.9110440015792847 0.7854070067405701
vt 0.9110749959945679 0.9461150169372559
vt 0.9111899733543396 0.8513399958610535
vt 0.9111899733543396 0.9066010117530823
vt 0.9111899733543396 0.9372029900550842
vt 0.9112370014190674 0.6899710297584534
vt 0.9113969802856445 0.20807600021362305
vt 0.9113969802856445 0.2726219892501831
vt 0.9115899801254272 0.3628059923648834
vt 0.911641001701355 0.9934530258178711
vt 0.9116529822349548 0.6500160098075867
vt 0.911674976348877 0.23692399263381958
vt 0.9123589992523193 0.059484001249074936
vt 0.9123589992523193 0.08857499808073044
vt 0.9123780131340027 0.3349820077419281
vt 0.9125159978866577 0.16718600690364838
vt 0.9125459790229797 0.6378589868545532
vt 0.912680983543396 0.5226590037345886
vt 0.9127740263938904 0.17704099416732788
vt 0.9141709804534912 0.7962380051612854
vt 0.9146440029144287 0.8499619960784912
vt 0.9146440029144287 0.9054449796676636
vt 0.9146440029144287 0.9218840003013611
vt 0.9146440029144287 0.9469450116157532
vt 0.9146440029144287 0.9597880244255066
vt 0.915008008480072 0.8743550181388855
vt 0.9150440096855164 0.35956600308418274
vt 0.9150440096855164 0.4082289934158325
vt 0.915107011795044 0.6430789828300476
vt 0.915107011795044 0.6899710297584534
vt 0.9151489734649658 0.9786080121994019
vt 0.9151489734649658 0.992838978767395
vt 0.9152560234069824 0.4161440134048462
vt 0.9152560234069824 0.4663349986076355
vt 0.9158130288124084 0.059484001249074936
vt 0.9158130288124084 0.10032200068235397
vt 0.915831983089447 0.3115769922733307
vt 0.915831983089447 0.35597100853919983
vt 0.9159160256385803 0.20220699906349182
vt 0.9160889983177185 0.28277599811553955
vt 0.9160889983177185 0.3008979856967926
vt 0.9161350131034851 0.49718600511550903
vt 0.9162039756774902 0.11806000024080276
vt 0.9162039756774902 0.17101800441741943
vt 0.9162480235099792 0.23855000734329224
vt 0.9162899851799011 0.5264409780502319
vt 0.9163489937782288 0.5616080164909363
vt 0.9169549942016602 0.34974199533462524
vt 0.9170060157775879 0.18327100574970245
vt 0.9170250296592712 0.9089000225067139
vt 0.9171310067176819 0.0017269999952986836
vt 0.9171310067176819 0.05347499996423721
vt 0.917343020439148 0.6936020255088806
vt 0.917343020439148 0.7490050196647644
vt 0.9175530076026917 0.38086000084877014
vt 0.918034017086029 0.30595600605010986
vt 0.9182450175285339 0.9628109931945801
vt 0.9182720184326172 0.5482919812202454
vt 0.9183610081672668 0.5813239812850952
vt 0.9183610081672668 0.6387289762496948
vt 0.9187099933624268 0.4206880033016205
vt 0.9187340140342712 0.799465000629425
vt 0.9188050031661987 0.31852999329566956
vt 0.9189620018005371 0.960561990737915
vt 0.9195899963378906 0.6836580038070679
vt 0.9196590185165405 0.12044399976730347
vt 0.9197019934654236 0.212910994887352
vt 0.9197019934654236 0.25970301032066345
vt 0.9197019934654236 0.2798210084438324
vt 0.9197019934654236 0.2996920049190521
vt 0.919842004776001 0.7809399962425232
vt 0.9198790192604065 0.8650820255279541
vt 0.9199100136756897 0.9234840273857117
vt 0.9199820160865784 0.790565013885498
vt 0.9199820160865784 0.8461480140686035
vt 0.9200680255889893 0.9503989815711975
vt 0.9200680255889893 0.9751539826393127
vt 0.9200680255889893 0.9901620149612427
vt 0.9203619956970215 0.8984770178794861
vt 0.9205849766731262 0.0024319998919963837
vt 0.9207069873809814 0.35597100853919983
vt 0.9207969903945923 0.72496497631073
vt 0.9210100173950195 0.10628099739551544
vt 0.9213749766349792 0.37338098883628845
vt 0.9213860034942627 0.3602359890937805
vt 0.9214609861373901 0.5223760008811951
vt 0.92180997133255 0.7613109946250916
vt 0.9218159914016724 0.5813239812850952
vt 0.9218159914016724 0.6166210174560547
vt 0.9218159914016724 0.6236389875411987
vt 0.9218159914016724 0.6387289762496948
vt 0.9218800067901611 0.3876500129699707
vt 0.9222059845924377 0.6550049781799316
vt 0.9227910041809082 0.07407999783754349
vt 0.9229779839515686 0.4749239981174469
vt 0.9229779839515686 0.49285000562667847
vt 0.9229779839515686 0.4963040053844452
vt 0.9229779839515686 0.5436339974403381
vt 0.9234359860420227 0.8062210083007812
vt 0.9238160252571106 0.8306189775466919
vt 0.9238160252571106 0.8465080261230469
vt 0.9238160252571106 0.8500810265541077
vt 0.9238160252571106 0.8902750015258789
vt 0.9238160252571106 0.9263160228729248
vt 0.9238160252571106 0.9490839838981628
vt 0.9238160252571106 0.9746930003166199
vt 0.9238160252571106 0.9894310235977173
vt 0.9238319993019104 0.20807600021362305
vt 0.9239339828491211 0.1804949939250946
vt 0.9239339828491211 0.20253600180149078
vt 0.924094021320343 0.4161440134048462
vt 0.924094021320343 0.4706920087337494
vt 0.9243419766426086 0.3090429902076721
vt 0.9243419766426086 0.3462870121002197
vt 0.9244509935379028 0.11806000024080276
vt 0.9244509935379028 0.17567700147628784
vt 0.9245749711990356 0.21231700479984283
vt 0.924651026725769 0.8176440000534058
vt 0.9252640008926392 0.7744079828262329
vt 0.9253339767456055 0.39299800992012024
vt 0.9253339767456055 0.4012489914894104
vt 0.9253339767456055 0.4120999872684479
vt 0.9253730177879333 0.2588460147380829
vt 0.9253770112991333 0.38091498613357544
vt 0.9255399703979492 0.7165399789810181
vt 0.9256370067596436 0.790565013885498
vt 0.925661027431488 0.6681870222091675
vt 0.9256799817085266 0.6936020255088806
vt 0.9256799817085266 0.7482730150222778
vt 0.9258189797401428 0.35956600308418274
vt 0.92610102891922 0.0017269999952986836
vt 0.92610102891922 0.05304500088095665
vt 0.9262449741363525 0.09117600321769714
vt 0.9262449741363525 0.10433900356292725
vt 0.9263589978218079 0.8568710088729858
vt 0.9264320135116577 0.5127059817314148
vt 0.9264330267906189 0.5661929845809937
vt 0.9266189932823181 0.10954699665307999
vt 0.9266909956932068 0.5003219842910767
vt 0.9268670082092285 0.5973010063171387
vt 0.9270989894866943 0.26315799355506897
vt 0.9275479912757874 0.4161440134048462
vt 0.9275479912757874 0.4528459906578064
vt 0.9275479912757874 0.48739099502563477
vt 0.9277960062026978 0.3470900058746338
vt 0.9277970194816589 0.3341189920902252
vt 0.9279050230979919 0.12680000066757202
vt 0.9279050230979919 0.15194100141525269
vt 0.9279050230979919 0.1729779988527298
vt 0.9279050230979919 0.19797000288963318
vt 0.9279050230979919 0.20458899438381195
vt 0.9285249710083008 0.957135021686554
vt 0.928542971611023 0.2851080000400543
vt 0.9288280010223389 0.20807600021362305
vt 0.9288280010223389 0.2433439940214157
vt 0.9288280010223389 0.25064000487327576
vt 0.9291340112686157 0.7092339992523193
vt 0.9291340112686157 0.7483630180358887
vt 0.9295549988746643 0.0017269999952986836
vt 0.9295549988746643 0.038986001163721085
vt 0.9295549988746643 0.054347001016139984
vt 0.9295709729194641 0.6430789828300476
vt 0.9301639795303345 0.9781469702720642
vt 0.9301639795303345 0.9899399876594543
vt 0.9305570125579834 0.11806000024080276
vt 0.930728018283844 0.6165329813957214
vt 0.9307330250740051 0.5928249955177307
vt 0.9311500191688538 0.734965980052948
vt 0.931647002696991 0.08458500355482101
vt 0.9317430257797241 0.9746930003166199
vt 0.9319970011711121 0.29533299803733826
vt 0.9320899844169617 0.9297699928283691
vt 0.9320899844169617 0.9536809921264648
vt 0.9320970177650452 0.7384200096130371
vt 0.9321280121803284 0.8030070066452026
vt 0.9321280121803284 0.8263720273971558
vt 0.9321370124816895 0.8499619960784912
vt 0.9321370124816895 0.8868209719657898
vt 0.9321939945220947 0.8927990198135376
vt 0.9325799942016602 0.5129969716072083
vt 0.9330329895019531 0.6609169840812683
vt 0.9330329895019531 0.6827260255813599
vt 0.9330829977989197 0.37672901153564453
vt 0.9330829977989197 0.3977949917316437
vt 0.9334250092506409 0.7483630180358887
vt 0.9335079789161682 0.7524589896202087
vt 0.9335079789161682 0.7865930199623108
vt 0.9340360164642334 0.5350580215454102
vt 0.9340360164642334 0.5720949769020081
vt 0.9340609908103943 0.20116500556468964
vt 0.9341869950294495 0.5813239812850952
vt 0.9341869950294495 0.616142988204956
vt 0.9344919919967651 0.059484001249074936
vt 0.9344919919967651 0.09538300335407257
vt 0.934719979763031 0.4963040053844452
vt 0.934719979763031 0.531603991985321
vt 0.934781014919281 0.15617099404335022
vt 0.934781014919281 0.19451600313186646
vt 0.9350100159645081 0.30595600605010986
vt 0.9350100159645081 0.3432599902153015
vt 0.9350699782371521 0.6936020255088806
vt 0.9350699782371521 0.7156710028648376
vt 0.9351990222930908 0.4562999904155731
vt 0.9351990222930908 0.49226999282836914
vt 0.9352269768714905 0.4397389888763428
vt 0.9352610111236572 0.003249000059440732
vt 0.9355049729347229 0.34671398997306824
vt 0.9355049729347229 0.35561299324035645
vt 0.9355400204658508 0.4035550057888031
vt 0.9355829954147339 0.8102449774742126
vt 0.9355909824371338 0.8552020192146301
vt 0.9355909824371338 0.8863319754600525
vt 0.9356480240821838 0.9005079865455627
vt 0.9356480240821838 0.928695023059845
vt 0.9356480240821838 0.9321489930152893
vt 0.9356480240821838 0.9666600227355957
vt 0.9356480240821838 0.9701150059700012
vt 0.9356480240821838 0.9896680116653442
vt 0.9356619715690613 0.04244000092148781
vt 0.9356619715690613 0.055674001574516296
vt 0.9357399940490723 0.0988370031118393
vt 0.9357399940490723 0.1137700006365776
vt 0.935774028301239 0.1527169942855835
vt 0.9357939958572388 0.13339999318122864
vt 0.9361129999160767 0.6260820031166077
vt 0.9362670183181763 0.22412799298763275
vt 0.936269998550415 0.03739999979734421
vt 0.9364870190620422 0.6486549973487854
vt 0.9364870190620422 0.6828240156173706
vt 0.9365379810333252 0.39095601439476013
vt 0.9367169737815857 0.6332949995994568
vt 0.9369620084762573 0.751285970211029
vt 0.9370599985122681 0.8454729914665222
vt 0.9372259974479675 0.8361700177192688
vt 0.9374899864196777 0.5433530211448669
vt 0.9374899864196777 0.5704560279846191
vt 0.9374899864196777 0.5776969790458679
vt 0.9375150203704834 0.19922800362110138
vt 0.9379379749298096 0.8499619960784912
vt 0.9379460215568542 0.06004000082612038
vt 0.9379460215568542 0.09194900095462799
vt 0.9381740093231201 0.5254799723625183
vt 0.9382349848747253 0.1840669959783554
vt 0.9384170174598694 0.16242699325084686
vt 0.9384649991989136 0.30595600605010986
vt 0.9384649991989136 0.34288299083709717
vt 0.9385240077972412 0.6936020255088806
vt 0.9385240077972412 0.7270110249519348
vt 0.9385240077972412 0.736536979675293
vt 0.9386529922485352 0.4671509861946106
vt 0.9386820197105408 0.4161440134048462
vt 0.9386820197105408 0.4456540048122406
vt 0.9389610290527344 0.26315799355506897
vt 0.9389610290527344 0.29924100637435913
vt 0.9390460252761841 0.8902750015258789
vt 0.9391040205955505 0.6200219988822937
vt 0.9391720294952393 0.6430789828300476
vt 0.9391819834709167 0.3962309956550598
vt 0.9391819834709167 0.41263800859451294
vt 0.9392480254173279 0.09698700159788132
vt 0.9392489790916443 0.11687900125980377
vt 0.9392489790916443 0.1527169942855835
vt 0.9393870234489441 0.6478719711303711
vt 0.9394909739494324 0.9352830052375793
vt 0.9395769834518433 0.9831969738006592
vt 0.9396700263023376 0.3559649884700775
vt 0.9397220015525818 0.20807600021362305
vt 0.9397220015525818 0.24369199573993683
vt 0.9397240281105042 0.0017269999952986836
vt 0.9397240281105042 0.033167000859975815
vt 0.9397240281105042 0.03662100061774254
vt 0.9397240281105042 0.05527399852871895
vt 0.9399369955062866 0.24737299978733063
vt 0.9399369955062866 0.25970301032066345
vt 0.940172016620636 0.11342500150203705
vt 0.9404709935188293 0.5855690240859985
vt 0.940680980682373 0.8410120010375977
vt 0.940746009349823 0.5350580215454102
vt 0.9415540099143982 0.9144989848136902
vt 0.9415709972381592 0.742097020149231
vt 0.9415709972381592 0.7865930199623108
vt 0.9419990181922913 0.1983959972858429
vt 0.9419990181922913 0.20458899438381195
vt 0.9420499801635742 0.6769570112228394
vt 0.9421700239181519 0.4562999904155731
vt 0.9422360062599182 0.8734440207481384
vt 0.9423390030860901 0.790565013885498
vt 0.9423390030860901 0.8270890116691589
vt 0.9424149990081787 0.289683997631073
vt 0.9431269764900208 0.9536280035972595
vt 0.9431269764900208 0.9645029902458191
vt 0.9431269764900208 0.9832900166511536
vt 0.9431269764900208 0.9867439866065979
vt 0.9431269764900208 0.9971020221710205
vt 0.9433910250663757 0.24737299978733063
vt 0.9433910250663757 0.25909799337387085
vt 0.9434639811515808 0.179626002907753
vt 0.9436969757080078 0.35956600308418274
vt 0.9436969757080078 0.3927769958972931
vt 0.9436969757080078 0.4040530025959015
vt 0.94371098279953 0.9391019940376282
vt 0.9438030123710632 0.3463369905948639
vt 0.9439250230789185 0.6354069709777832
vt 0.9439259767532349 0.5813239812850952
vt 0.9439259767532349 0.6217219829559326
vt 0.9439520239830017 0.15617099404335022
vt 0.9439520239830017 0.19448800384998322
vt 0.9439619779586792 0.5407509803771973
vt 0.9441909790039062 0.570976972579956
vt 0.9444590210914612 0.3386479914188385
vt 0.9444590210914612 0.3559649884700775
vt 0.9444630146026611 0.5389879941940308
vt 0.9445679783821106 0.7304649949073792
vt 0.9445679783821106 0.7384690046310425
vt 0.9448789954185486 0.5420370101928711
vt 0.9448789954185486 0.5670009851455688
vt 0.9450079798698425 0.8902750015258789
vt 0.9450079798698425 0.9302809834480286
vt 0.9450250267982483 0.7449740171432495
vt 0.9450250267982483 0.7740160226821899
vt 0.9450250267982483 0.7822650074958801
vt 0.9450460076332092 0.46307501196861267
vt 0.9450460076332092 0.4904949963092804
vt 0.945106029510498 0.06994199752807617
vt 0.9451519846916199 0.6963580250740051
vt 0.945169985294342 0.059484001249074936
vt 0.9452149868011475 0.12296400219202042
vt 0.9452459812164307 0.4963040053844452
vt 0.9452459812164307 0.5284500122070312
vt 0.9455040097236633 0.6619330048561096
vt 0.9455040097236633 0.6824280023574829
vt 0.9456909894943237 0.8499619960784912
vt 0.9456909894943237 0.8825200200080872
vt 0.9457060098648071 0.21064500510692596
vt 0.9457929730415344 0.7938269972801208
vt 0.9457929730415344 0.8251399993896484
vt 0.9464629888534546 0.43988901376724243
vt 0.9468209743499756 0.009011000394821167
vt 0.94691002368927 0.9893860220909119
vt 0.9471510052680969 0.40956300497055054
vt 0.9471520185470581 0.36005398631095886
vt 0.947405993938446 0.15617099404335022
vt 0.947405993938446 0.19322000443935394
vt 0.947405993938446 0.19667400419712067
vt 0.947405993938446 0.2043450027704239
vt 0.9479129910469055 0.30595600605010986
vt 0.9479129910469055 0.3468019962310791
vt 0.9481449723243713 0.3986470103263855
vt 0.9483330249786377 0.5350580215454102
vt 0.9483330249786377 0.5653510093688965
vt 0.9483330249786377 0.5688049793243408
vt 0.9483330249786377 0.5775709748268127
vt 0.9484999775886536 0.4585629999637604
vt 0.948606014251709 0.7246789932250977
vt 0.9486089944839478 0.9652829766273499
vt 0.9486240148544312 0.08103200048208237
vt 0.9486690163612366 0.11687900125980377
vt 0.9486690163612366 0.1496960073709488
vt 0.9486939907073975 0.6173160076141357
vt 0.9487000107765198 0.5006030201911926
vt 0.9487429857254028 0.26315799355506897
vt 0.9487429857254028 0.29723501205444336
vt 0.9490730166435242 0.7534520030021667
vt 0.9491609930992126 0.22559300065040588
vt 0.9494310021400452 0.9802839756011963
vt 0.9498109817504883 0.9240099787712097
vt 0.9498109817504883 0.9337350130081177
vt 0.9498109817504883 0.9610490202903748
vt 0.9499170184135437 0.4180999994277954
vt 0.9500390291213989 0.0373149998486042
vt 0.9502750039100647 0.00927099958062172
vt 0.9502769708633423 0.05437200143933296
vt 0.9503440260887146 0.2143850028514862
vt 0.9503530263900757 0.790565013885498
vt 0.9504669904708862 0.20807600021362305
vt 0.9508200287818909 0.7774699926376343
vt 0.9508200287818909 0.7866780161857605
vt 0.9510260224342346 0.11314400285482407
vt 0.9511529803276062 0.09698700159788132
vt 0.9514520168304443 0.7951930165290833
vt 0.9514930248260498 0.35956600308418274
vt 0.9514930248260498 0.4004879891872406
vt 0.9515140056610107 0.6430789828300476
vt 0.9515140056610107 0.6764159798622131
vt 0.9515209794044495 0.7420979738235474
vt 0.9515399932861328 0.7652300000190735
vt 0.9516699910163879 0.8306189775466919
vt 0.9516699910163879 0.8460339903831482
vt 0.9519000053405762 0.8563969731330872
vt 0.952148973941803 0.5813239812850952
vt 0.952148973941803 0.6174290180206299
vt 0.9521980285644531 0.26315799355506897
vt 0.9521980285644531 0.30197200179100037
vt 0.9522079825401306 0.202674001455307
vt 0.9522110223770142 0.3407309949398041
vt 0.952468991279602 0.16697199642658234
vt 0.9525629878044128 0.2495180070400238
vt 0.9527209997177124 0.4493750035762787
vt 0.9527209997177124 0.4904949963092804
vt 0.9532650113105774 0.9808269739151001
vt 0.9532660245895386 0.8902750015258789
vt 0.9532660245895386 0.9243069887161255
vt 0.9532660245895386 0.9409769773483276
vt 0.9532660245895386 0.9866380095481873
vt 0.9532660245895386 0.9953569769859314
vt 0.953266978263855 0.6798710227012634
vt 0.953266978263855 0.6900240182876587
vt 0.9533320069313049 0.6936020255088806
vt 0.9533320069313049 0.731777012348175
vt 0.9535999894142151 0.5763739943504333
vt 0.9537310004234314 0.055153001099824905
vt 0.9537609815597534 0.03720000013709068
vt 0.9538329839706421 0.6105309724807739
vt 0.9540879726409912 0.5714970231056213
vt 0.954246997833252 0.21554400026798248
vt 0.954246997833252 0.24381500482559204
vt 0.9543730020523071 0.059484001249074936
vt 0.9543730020523071 0.09286099672317505
vt 0.9544540047645569 0.4039419889450073
vt 0.9544540047645569 0.41223499178886414
vt 0.95448899269104 0.11952800303697586
vt 0.9549059867858887 0.790565013885498
vt 0.9549059867858887 0.8228650093078613
vt 0.9549469947814941 0.35956600308418274
vt 0.9549469947814941 0.3919990062713623
vt 0.9549679756164551 0.6430789828300476
vt 0.9549679756164551 0.6711519956588745
vt 0.9549940228462219 0.7515980005264282
vt 0.9549940228462219 0.7769150137901306
vt 0.9550229907035828 0.5516660213470459
vt 0.9550290107727051 0.7687550187110901
vt 0.9552929997444153 0.7453740239143372
vt 0.9553549885749817 0.8408560156822205
vt 0.9553549885749817 0.8482990264892578
vt 0.9556660056114197 0.3103969991207123
vt 0.9556660056114197 0.3352310061454773
vt 0.9556660056114197 0.3542180061340332
vt 0.9557179808616638 0.4963040053844452
vt 0.9557179808616638 0.524944007396698
vt 0.9557330012321472 0.6251760125160217
vt 0.9557330012321472 0.6390960216522217
vt 0.9559230208396912 0.15617099404335022
vt 0.9559230208396912 0.18510599434375763
vt 0.9559230208396912 0.19288399815559387
vt 0.9561750292778015 0.4521529972553253
vt 0.9561750292778015 0.4707159996032715
vt 0.9563220143318176 0.2814730107784271
vt 0.9565349817276001 0.4161440134048462
vt 0.9565349817276001 0.4459010064601898
vt 0.9567260146141052 0.0017269999952986836
vt 0.9567260146141052 0.031615000218153
vt 0.9567859768867493 0.6768850088119507
vt 0.9567859768867493 0.6901479959487915
vt 0.9567859768867493 0.7099980115890503
vt 0.9567859768867493 0.721776008605957
vt 0.9567859768867493 0.7345920205116272
vt 0.9568179845809937 0.6132789850234985
vt 0.957548975944519 0.20460200309753418
vt 0.9577010273933411 0.20807600021362305
vt 0.9577010273933411 0.23442000150680542
vt 0.9577010273933411 0.23787400126457214
vt 0.9578279852867126 0.0713379979133606
vt 0.9578279852867126 0.11325699836015701
vt 0.9579430222511292 0.11687900125980377
vt 0.9579430222511292 0.14568999409675598
vt 0.9580039978027344 0.40021398663520813
vt 0.9580039978027344 0.41269001364707947
vt 0.9580559730529785 0.25687000155448914
vt 0.9583510160446167 0.9178829789161682
vt 0.9584770202636719 0.5653949975967407
vt 0.9585430026054382 0.9910399913787842
vt 0.9589099884033203 0.9626520276069641
vt 0.9589099884033203 0.9831839799880981
vt 0.9589530229568481 0.9277610182762146
vt 0.9589530229568481 0.959197998046875
vt 0.959102988243103 0.778236985206604
vt 0.9591720104217529 0.49285000562667847
vt 0.9591720104217529 0.4963040053844452
vt 0.9591720104217529 0.5265499949455261
vt 0.9592329859733582 0.8443099856376648
vt 0.9592329859733582 0.8825200200080872
vt 0.9593579769134521 0.738618016242981
vt 0.9595900177955627 0.09507200121879578
vt 0.9597769975662231 0.27811500430107117
vt 0.9599890112876892 0.4161440134048462
vt 0.9599890112876892 0.44155699014663696
vt 0.9601250290870667 0.5411379933357239
vt 0.9601809978485107 0.0017269999952986836
vt 0.9601809978485107 0.028544999659061432
vt 0.9602069854736328 0.7722089886665344
vt 0.9602069854736328 0.7868599891662598
vt 0.9602630138397217 0.38486000895500183
vt 0.960273027420044 0.5849080085754395
vt 0.960273027420044 0.6123160123825073
vt 0.960273027420044 0.6375259757041931
vt 0.9602929949760437 0.7926790118217468
vt 0.9604889750480652 0.18942999839782715
vt 0.9605029821395874 0.684984028339386
vt 0.9607440233230591 0.15810200572013855
vt 0.9610829949378967 0.4493750035762787
vt 0.9614109992980957 0.646248996257782
vt 0.9615340232849121 0.742097020149231
vt 0.9617779850959778 0.7479360103607178
vt 0.9617779850959778 0.7637979984283447
vt 0.961804986000061 0.8902750015258789
vt 0.961804986000061 0.9139270186424255
vt 0.9620599746704102 0.47442200779914856
vt 0.9623029828071594 0.2022089958190918
vt 0.9624069929122925 0.9277610182762146
vt 0.9624069929122925 0.9462609887123108
vt 0.9624069929122925 0.9788540005683899
vt 0.9624069929122925 0.9823079705238342
vt 0.9624069929122925 0.9932810068130493
vt 0.9626219868659973 0.30595600605010986
vt 0.9626219868659973 0.33177700638771057
vt 0.9626719951629639 0.5350580215454102
vt 0.9626719951629639 0.5701419711112976
vt 0.9626870155334473 0.8478969931602478
vt 0.9626870155334473 0.8830299973487854
vt 0.9628300070762634 0.9659199714660645
vt 0.962893009185791 0.4339820146560669
vt 0.9628990292549133 0.7243980169296265
vt 0.9629160165786743 0.059484001249074936
vt 0.9629160165786743 0.0906360000371933
vt 0.9631289839744568 0.03662100061774254
vt 0.9631289839744568 0.055406998842954636
vt 0.96315598487854 0.4617820084095001
vt 0.9636449813842773 0.14566799998283386
vt 0.963716983795166 0.39663299918174744
vt 0.9637479782104492 0.7871109843254089
vt 0.9637479782104492 0.7949879765510559
vt 0.96384197473526 0.6936020255088806
vt 0.96384197473526 0.7183219790458679
vt 0.9640030264854431 0.21654699742794037
vt 0.9641810059547424 0.2302210032939911
vt 0.9641870260238647 0.3488590121269226
vt 0.9641979932785034 0.15617099404335022
vt 0.9641979932785034 0.17348800599575043
vt 0.964451014995575 0.5020689964294434
vt 0.9647679924964905 0.3360249996185303
vt 0.9647840261459351 0.8972629904747009
vt 0.9648650288581848 0.6518509984016418
vt 0.9649500250816345 0.19288399815559387
vt 0.9652100205421448 0.8443099856376648
vt 0.9652320146560669 0.7455769777297974
vt 0.965237021446228 0.26315799355506897
vt 0.965237021446228 0.2925570011138916
vt 0.9656490087509155 0.35956600308418274
vt 0.965694010257721 0.23854699730873108
vt 0.965694010257721 0.2594900131225586
vt 0.96601402759552 0.8483269810676575
vt 0.9660760164260864 0.3181709945201874
vt 0.9661200046539307 0.5813239812850952
vt 0.9661200046539307 0.6088610291481018
vt 0.966126024723053 0.5350580215454102
vt 0.966126024723053 0.5515369772911072
vt 0.966126024723053 0.5731779932975769
vt 0.9662740230560303 0.0037819999270141125
vt 0.9663529992103577 0.7301049828529358
vt 0.9663709998130798 0.06501500308513641
vt 0.9665039777755737 0.09408999979496002
vt 0.9665039777755737 0.11318299919366837
vt 0.9665840268135071 0.037390999495983124
vt 0.9666100144386292 0.4493750035762787
vt 0.9666100144386292 0.4761449992656708
vt 0.9666709899902344 0.40834900736808777
vt 0.9666709899902344 0.4378100037574768
vt 0.966858983039856 0.6333000063896179
vt 0.9671000242233276 0.11687900125980377
vt 0.9671000242233276 0.14299599826335907
vt 0.9671030044555664 0.16017299890518188
vt 0.9672970175743103 0.714464008808136
vt 0.9673100113868713 0.39663299918174744
vt 0.967399001121521 0.8279650211334229
vt 0.9675359725952148 0.954164981842041
vt 0.9675660133361816 0.8408560156822205
vt 0.967635989189148 0.20807600021362305
vt 0.967635989189148 0.2337609976530075
vt 0.967644989490509 0.7244200110435486
vt 0.9679049849510193 0.5035780072212219
vt 0.9680479764938354 0.9831759929656982
vt 0.968222975730896 0.3352310061454773
vt 0.968222975730896 0.3507469892501831
vt 0.9682890176773071 0.6831870079040527
vt 0.9684039950370789 0.20030400156974792
vt 0.9685099720954895 0.9576190114021301
vt 0.9685099720954895 0.9777380228042603
vt 0.9685419797897339 0.943884015083313
vt 0.9685850143432617 0.8995580077171326
vt 0.9686030149459839 0.9148690104484558
vt 0.9686909914016724 0.2715870141983032
vt 0.969074010848999 0.16589899361133575
vt 0.969074010848999 0.18646200001239777
vt 0.9691029787063599 0.47976601123809814
vt 0.9691479802131653 0.24933399260044098
vt 0.9691630005836487 0.5620319843292236
vt 0.9692490100860596 0.790565013885498
vt 0.9692490100860596 0.8187879920005798
vt 0.9694690108299255 0.8443099856376648
vt 0.9694690108299255 0.8793010115623474
vt 0.969573974609375 0.5799030065536499
vt 0.969573974609375 0.6088610291481018
vt 0.9697279930114746 0.02879600040614605
vt 0.9699199795722961 0.6430789828300476
vt 0.9699199795722961 0.6723690032958984
vt 0.9700019955635071 0.7734429836273193
vt 0.9701250195503235 0.4385089874267578
vt 0.9702379703521729 0.06693100184202194
vt 0.9703130125999451 0.49285000562667847
vt 0.9703130125999451 0.6275749802589417
vt 0.9706670045852661 0.742097020149231
vt 0.9706670045852661 0.769923985004425
vt 0.9707639813423157 0.3693859875202179
vt 0.9707639813423157 0.3851960003376007
vt 0.9707639813423157 0.4117929935455322
vt 0.9708330035209656 0.4161440134048462
vt 0.97086101770401 0.5654870271682739
vt 0.97086101770401 0.5763829946517944
vt 0.9708830118179321 0.059484001249074936
vt 0.9708830118179321 0.09013400226831436
vt 0.971015989780426 0.728380024433136
vt 0.971015989780426 0.738618016242981
vt 0.9712690114974976 0.30316200852394104
vt 0.9712690114974976 0.33177700638771057
vt 0.9716320037841797 0.6936020255088806
vt 0.9716320037841797 0.7242559790611267
vt 0.971655011177063 0.5496829748153687
vt 0.9719589948654175 0.1926490068435669
vt 0.971996009349823 0.9319429993629456
vt 0.971996009349823 0.9746649861335754
vt 0.971996009349823 0.985971987247467
vt 0.971996009349823 0.9974759817123413
vt 0.9720569849014282 0.8984190225601196
vt 0.972108006477356 0.4566349983215332
vt 0.9725289940834045 0.15617099404335022
vt 0.9725289940834045 0.17948000133037567
vt 0.9726840257644653 0.12781600654125214
vt 0.9727029800415039 0.790565013885498
vt 0.9727029800415039 0.8143579959869385
vt 0.9727029800415039 0.8320789933204651
vt 0.972760021686554 0.3556640148162842
vt 0.972760021686554 0.8608139753341675
vt 0.9728410243988037 0.7871109843254089
vt 0.9732329845428467 0.21615999937057495
vt 0.9733740091323853 0.667169988155365
vt 0.9733740091323853 0.6757590174674988
vt 0.9733740091323853 0.6896979808807373
vt 0.9735360145568848 0.4963040053844452
vt 0.9735360145568848 0.5217220187187195
vt 0.9738540053367615 0.2631570100784302
vt 0.9738540053367615 0.2898409962654114
vt 0.9739670157432556 0.0017269999952986836
vt 0.9739670157432556 0.03173699975013733
vt 0.9740960001945496 0.5843030214309692
vt 0.9741209745407104 0.742097020149231
vt 0.9741209745407104 0.7673590183258057
vt 0.9743369817733765 0.07483900338411331
vt 0.9743369817733765 0.08885499835014343
vt 0.9743369817733765 0.11258900165557861
vt 0.9745299816131592 0.03662100061774254
vt 0.9745299816131592 0.05415499955415726
vt 0.9747229814529419 0.30316200852394104
vt 0.9747229814529419 0.32788801193237305
vt 0.9749429821968079 0.18904200196266174
vt 0.975085973739624 0.7074800133705139
vt 0.975085973739624 0.7196030020713806
vt 0.975085973739624 0.7384729981422424
vt 0.9751089811325073 0.5363010168075562
vt 0.9751089811325073 0.558542013168335
vt 0.9751089811325073 0.5761299729347229
vt 0.975229024887085 0.3397809863090515
vt 0.975288987159729 0.19267000257968903
vt 0.975288987159729 0.20460200309753418
vt 0.9753440022468567 0.6123160123825073
vt 0.9753440022468567 0.6385059952735901
vt 0.9754419922828674 0.5550879836082458
vt 0.9755629897117615 0.45858898758888245
vt 0.9755629897117615 0.48927000164985657
vt 0.9755730032920837 0.4177829921245575
vt 0.9755989909172058 0.9277610182762146
vt 0.9755989909172058 0.9595659971237183
vt 0.975629985332489 0.3868350088596344
vt 0.9758489727973938 0.1776919960975647
vt 0.9758579730987549 0.2376289963722229
vt 0.9758579730987549 0.2594900131225586
vt 0.9758870005607605 0.6997720003128052
vt 0.9761379957199097 0.12824499607086182
vt 0.9761379957199097 0.1446709930896759
vt 0.9761379957199097 0.15268400311470032
vt 0.9761599898338318 0.9948179721832275
vt 0.9762139916419983 0.8580570220947266
vt 0.9762139916419983 0.8733069896697998
vt 0.9763410091400146 0.77081298828125
vt 0.9763410091400146 0.7852749824523926
vt 0.9765570163726807 0.4385089874267578
vt 0.9766870141029358 0.20807600021362305
vt 0.9766870141029358 0.22853000462055206
vt 0.976951003074646 0.8443099856376648
vt 0.9769909977912903 0.5079889893531799
vt 0.9769909977912903 0.5277150273323059
vt 0.9770050048828125 0.8902750015258789
vt 0.9770050048828125 0.916263997554779
vt 0.9770950078964233 0.35956600308418274
vt 0.9770950078964233 0.381742000579834
vt 0.9773079752922058 0.26677700877189636
vt 0.9773079752922058 0.28629401326179504
vt 0.9773079752922058 0.29948800802230835
vt 0.9774209856987 0.007945000194013119
vt 0.9775500297546387 0.5799030065536499
vt 0.9775500297546387 0.6067270040512085
vt 0.9777690172195435 0.059484001249074936
vt 0.9779850244522095 0.03662100061774254
vt 0.9779850244522095 0.05580199882388115
vt 0.9780120253562927 0.6430789828300476
vt 0.9780120253562927 0.6697710156440735
vt 0.9781190156936646 0.28209900856018066
vt 0.9781529903411865 0.9630200266838074
vt 0.9781529903411865 0.9825170040130615
vt 0.9782620072364807 0.810558021068573
vt 0.9783530235290527 0.8178120255470276
vt 0.9783530235290527 0.8402820229530334
vt 0.9784979820251465 0.22082099318504333
vt 0.9785360097885132 0.4714049994945526
vt 0.9786829948425293 0.3352310061454773
vt 0.9786829948425293 0.35491999983787537
vt 0.978797972202301 0.6109049916267395
vt 0.978797972202301 0.6385059952735901
vt 0.9790530204772949 0.9277610182762146
vt 0.9790530204772949 0.9533529877662659
vt 0.9790589809417725 0.7237210273742676
vt 0.9790840148925781 0.3851960003376007
vt 0.9790840148925781 0.3967919945716858
vt 0.9790850281715393 0.673225998878479
vt 0.9791240096092224 0.7560880184173584
vt 0.9791240096092224 0.776790976524353
vt 0.9791399836540222 0.0738229975104332
vt 0.9791399836540222 0.08540099859237671
vt 0.9791550040245056 0.0243539996445179
vt 0.9793030023574829 0.16595600545406342
vt 0.9793030023574829 0.18061700463294983
vt 0.9793030023574829 0.20344099402427673
vt 0.979312002658844 0.2398270070552826
vt 0.9796159863471985 0.10751999914646149
vt 0.9796640276908875 0.3080599904060364
vt 0.980010986328125 0.4161440134048462
vt 0.980010986328125 0.4452030062675476
vt 0.9800440073013306 0.14121699333190918
vt 0.9800570011138916 0.6936020255088806
vt 0.980305016040802 0.43835899233818054
vt 0.9804589748382568 0.9040979743003845
vt 0.9804589748382568 0.9154040217399597
vt 0.9805439710617065 0.70728999376297
vt 0.9805439710617065 0.7161489725112915
vt 0.9805489778518677 0.35956600308418274
vt 0.9805489778518677 0.37918299436569214
vt 0.9805909991264343 0.5550879836082458
vt 0.9806410074234009 0.8453999757766724
vt 0.9806410074234009 0.8694459795951843
vt 0.9807000160217285 0.6828179955482483
vt 0.9808750152587891 0.11687900125980377
vt 0.9808750152587891 0.13752099871635437
vt 0.9810529947280884 0.41041499376296997
vt 0.981078028678894 0.4493750035762787
vt 0.981078028678894 0.46576300263404846
vt 0.9812849760055542 0.5917369723320007
vt 0.9814350008964539 0.5350580215454102
vt 0.9814670085906982 0.6430789828300476
vt 0.9814670085906982 0.6670510172843933
vt 0.9814730286598206 0.7354080080986023
vt 0.9816070199012756 0.9630200266838074
vt 0.9816070199012756 0.9836609959602356
vt 0.9816070199012756 0.9871159791946411
vt 0.9816070199012756 0.9970059990882874
vt 0.9817169904708862 0.7904989719390869
vt 0.9817169904708862 0.8143579959869385
vt 0.9818069934844971 0.817812979221344
vt 0.9818069934844971 0.8399310111999512
vt 0.9818959832191467 0.5701689720153809
vt 0.9819139838218689 0.036991000175476074
vt 0.9820799827575684 0.47485899925231934
vt 0.9820799827575684 0.4923489987850189
vt 0.9822160005569458 0.6212689876556396
vt 0.9822710156440735 0.4963040053844452
vt 0.9822710156440735 0.5182170271873474
vt 0.9823780059814453 0.0017269999952986836
vt 0.9823780059814453 0.021748999133706093
vt 0.9825469851493835 0.2136009931564331
vt 0.9825779795646667 0.7580509781837463
vt 0.9825779795646667 0.7680799961090088
vt 0.9825779795646667 0.7857000231742859
vt 0.9825940132141113 0.059484001249074936
vt 0.9825940132141113 0.07898899912834167
vt 0.9827470183372498 0.9519479870796204
vt 0.982820987701416 0.3898879885673523
vt 0.9828889966011047 0.24651400744915009
vt 0.9830700159072876 0.08547999709844589
vt 0.9830700159072876 0.10042499750852585
vt 0.9831179976463318 0.30641600489616394
vt 0.9832720160484314 0.06982800364494324
vt 0.9833829998970032 0.26315799355506897
vt 0.9833829998970032 0.28283900022506714
vt 0.9835259914398193 0.8809919953346252
vt 0.9836159944534302 0.19373400509357452
vt 0.9837200045585632 0.4349049925804138
vt 0.9839739799499512 0.14531899988651276
vt 0.9839810132980347 0.2376289963722229
vt 0.9839810132980347 0.25887399911880493
vt 0.9839990139007568 0.6973860263824463
vt 0.9839990139007568 0.7128999829292297
vt 0.98403400182724 0.05142499879002571
vt 0.9840949773788452 0.8443099856376648
vt 0.9840949773788452 0.8623650074005127
vt 0.9841539859771729 0.6716910004615784
vt 0.9841539859771729 0.6896979808807373
vt 0.9842569828033447 0.8729000091552734
vt 0.9842569828033447 0.8852459788322449
vt 0.9842820167541504 0.15617099404335022
vt 0.9842820167541504 0.1771630048751831
vt 0.984300971031189 0.1125900000333786
vt 0.9843289852142334 0.1346130073070526
vt 0.9844329953193665 0.10835599899291992
vt 0.9844599962234497 0.3383199870586395
vt 0.9844689965248108 0.2871119976043701
vt 0.9844920039176941 0.5216709971427917
vt 0.9844920039176941 0.5310940146446228
vt 0.9845330119132996 0.4493750035762787
vt 0.9845330119132996 0.46756601333618164
vt 0.9846919775009155 0.9926900267601013
vt 0.9847390055656433 0.5820819735527039
vt 0.9847390055656433 0.5974519848823547
vt 0.9848889708518982 0.5504350066184998
vt 0.9849269986152649 0.7208160161972046
vt 0.9849629998207092 0.8902750015258789
vt 0.9849629998207092 0.9119499921798706
vt 0.9852979779243469 0.6437439918518066
vt 0.9853500127792358 0.557889997959137
vt 0.9853500127792358 0.5761299729347229
vt 0.985418975353241 0.7983080148696899
vt 0.9855340123176575 0.47240400314331055
vt 0.9855340123176575 0.4923489987850189
vt 0.985588014125824 0.4161440134048462
vt 0.985647976398468 0.7351719737052917
vt 0.9856699705123901 0.6109049916267395
vt 0.9856699705123901 0.6284700036048889
vt 0.9856699705123901 0.6319239735603333
vt 0.9856699705123901 0.6395760178565979
vt 0.9856849908828735 0.36207398772239685
vt 0.9857249855995178 0.5028169751167297
vt 0.9858319759368896 0.0017269999952986836
vt 0.9858319759368896 0.020123999565839767
vt 0.9858319759368896 0.027029000222682953
vt 0.9858880043029785 0.08681300282478333
vt 0.985912024974823 0.836525022983551
vt 0.9859340190887451 0.4452030062675476
vt 0.9859619736671448 0.9239789843559265
vt 0.9860010147094727 0.21772800385951996
vt 0.9862020015716553 0.9345700144767761
vt 0.9862020015716553 0.9590550065040588
vt 0.9862430095672607 0.7581070065498352
vt 0.9862639904022217 0.9824029803276062
vt 0.9862759709358215 0.39836201071739197
vt 0.9865130186080933 0.7420979738235474
vt 0.9865130186080933 0.7646260261535645
vt 0.9868370294570923 0.2787950038909912
vt 0.9870700240135193 0.18061700463294983
vt 0.9870700240135193 0.19929400086402893
vt 0.9873020052909851 0.3911319971084595
vt 0.9874200224876404 0.07037000358104706
vt 0.9874359965324402 0.25080299377441406
vt 0.9874879717826843 0.05214200168848038
vt 0.9877110123634338 0.8676109910011292
vt 0.9877110123634338 0.8852459788322449
vt 0.9877359867095947 0.1700969934463501
vt 0.9878829717636108 0.30316200852394104
vt 0.9878829717636108 0.32273799180984497
vt 0.9879090189933777 0.783178985118866
vt 0.9879149794578552 0.34894099831581116
vt 0.9879230260848999 0.28812798857688904
vt 0.9879459738731384 0.5198090076446533
vt 0.9879459738731384 0.5310940146446228
vt 0.9881229996681213 0.3352310061454773
vt 0.9881449937820435 0.8637840151786804
vt 0.9883890151977539 0.11687900125980377
vt 0.9883890151977539 0.13782300055027008
vt 0.9884170293807983 0.8902750015258789
vt 0.9884170293807983 0.9085620045661926
vt 0.9884520173072815 0.9154040217399597
vt 0.9886890053749084 0.6936020255088806
vt 0.9887480139732361 0.7066590189933777
vt 0.988752007484436 0.6447209715843201
vt 0.9887650012969971 0.849012017250061
vt 0.9888740181922913 0.7954220175743103
vt 0.9888740181922913 0.8086079955101013
vt 0.9890419840812683 0.42559799551963806
vt 0.989063024520874 0.6797099709510803
vt 0.9891390204429626 0.3657279908657074
vt 0.9892510175704956 0.460114985704422
vt 0.9893209934234619 0.5350580215454102
vt 0.9893209934234619 0.5537189841270447
vt 0.9893419742584229 0.09740199893712997
vt 0.9893659949302673 0.8270130157470703
vt 0.9893879890441895 0.43835899233818054
vt 0.9893879890441895 0.44590699672698975
vt 0.989503026008606 0.4891679883003235
vt 0.9895370006561279 0.5799030065536499
vt 0.9896510243415833 0.5931379795074463
vt 0.9896590113639832 0.949944019317627
vt 0.9897180199623108 0.9754319787025452
vt 0.9897180199623108 0.9828940033912659
vt 0.9897180199623108 0.9964079856872559
vt 0.9898639917373657 0.5705540180206299
vt 0.9899280071258545 0.43482398986816406
vt 0.9899320006370544 0.7196030020713806
vt 0.9899320006370544 0.7367249727249146
vt 0.9899680018424988 0.742097020149231
vt 0.9899680018424988 0.7584239840507507
vt 0.9899889826774597 0.20807600021362305
vt 0.9899889826774597 0.2274249941110611
vt 0.990073025226593 0.4963040053844452
vt 0.990073025226593 0.5149379968643188
vt 0.9901530146598816 0.009345999918878078
vt 0.9901679754257202 0.3851960003376007
vt 0.9901679754257202 0.404354989528656
vt 0.9902759790420532 0.9590550065040588
vt 0.9903029799461365 0.9277610182762146
vt 0.9903029799461365 0.9464899897575378
vt 0.9904249906539917 0.6150389909744263
vt 0.9906139969825745 0.659263014793396
vt 0.9907360076904297 0.7904989719390869
vt 0.9908750057220459 0.059484001249074936
vt 0.9908750057220459 0.07699599862098694
vt 0.9910820126533508 0.18771600723266602
vt 0.9912469983100891 0.33534500002861023
vt 0.9912469983100891 0.35405001044273376
vt 0.9913370013237 0.30316200852394104
vt 0.9913370013237 0.31822699308395386
vt 0.9913370013237 0.3280630111694336
vt 0.9913390278816223 0.26315799355506897
vt 0.9913390278816223 0.2805370092391968
vt 0.9913640022277832 0.7813429832458496
vt 0.9916710257530212 0.15617099404335022
vt 0.9916710257530212 0.1732410043478012
vt 0.9916819930076599 0.8759620189666748
vt 0.9917230010032654 0.03662100061774254
vt 0.9917230010032654 0.05369599908590317
vt 0.9917600154876709 0.2376289963722229
vt 0.9917600154876709 0.25447601079940796
vt 0.9917790293693542 0.8993629813194275
vt 0.9918429851531982 0.12398199737071991
vt 0.9918429851531982 0.13575999438762665
vt 0.9918429851531982 0.15160700678825378
vt 0.9919059872627258 0.9125159978866577
vt 0.9919059872627258 0.9239789843559265
vt 0.9921979904174805 0.4161440134048462
vt 0.9921979904174805 0.42975500226020813
vt 0.9922029972076416 0.7056699991226196
vt 0.9922199845314026 0.8524850010871887
vt 0.992231011390686 0.7996060252189636
vt 0.9923440217971802 0.6367170214653015
vt 0.992501974105835 0.8337889909744263
vt 0.9925169944763184 0.6814069747924805
vt 0.9925469756126404 0.35956600308418274
vt 0.9925469756126404 0.37736400961875916
vt 0.9925820231437683 0.02357799932360649
vt 0.9925820231437683 0.03189000114798546
vt 0.9926810264587402 0.28505098819732666
vt 0.9926810264587402 0.29948800802230835
vt 0.9927049875259399 0.45941099524497986
vt 0.992775022983551 0.5350580215454102
vt 0.992775022983551 0.5494539737701416
vt 0.9928119778633118 0.6430789828300476
vt 0.9928119778633118 0.650397002696991
vt 0.9929580092430115 0.4795350134372711
vt 0.9930229783058167 0.08547999709844589
vt 0.9930229783058167 0.10243000090122223
vt 0.9931049942970276 0.58228999376297
vt 0.9931049942970276 0.5998020172119141
vt 0.9933059811592102 0.817812979221344
vt 0.9933059811592102 0.8285880088806152
vt 0.9933180212974548 0.557889997959137
vt 0.9933180212974548 0.5749639868736267
vt 0.9933649897575378 0.4384860098361969
vt 0.9933859705924988 0.7196030020713806
vt 0.9933859705924988 0.7361270189285278
vt 0.9934430122375488 0.211557999253273
vt 0.9934430122375488 0.22103600203990936
vt 0.9934430122375488 0.2244900017976761
vt 0.9934430122375488 0.23405000567436218
vt 0.9934830069541931 0.9630200266838074
vt 0.9934830069541931 0.9794399738311768
vt 0.9934849739074707 0.5299190282821655
vt 0.9935269951820374 0.4998280107975006
vt 0.9936069846153259 0.0017269999952986836
vt 0.9936069846153259 0.014245999976992607
vt 0.9936230182647705 0.3851960003376007
vt 0.9936230182647705 0.40161800384521484
vt 0.9936509728431702 0.7510120272636414
vt 0.9937570095062256 0.9306049942970276
vt 0.9937570095062256 0.9481239914894104
vt 0.9937700033187866 0.9869289994239807
vt 0.9938790202140808 0.6109049916267395
vt 0.9938790202140808 0.6241769790649414
vt 0.9941390156745911 0.07032400369644165
vt 0.9945359826087952 0.18855500221252441
vt 0.9947019815444946 0.34353500604629517
vt 0.9947940111160278 0.26315799355506897
vt 0.9947940111160278 0.2764750123023987
vt 0.9951249957084656 0.15617099404335022
vt 0.9951249957084656 0.16524900496006012
vt 0.9951500296592712 0.3216809928417206
vt 0.9951500296592712 0.3316349983215332
vt 0.9951509833335876 0.7680799961090088
vt 0.9951509833335876 0.7836949825286865
vt 0.9953669905662537 0.14162799715995789
vt 0.9954100251197815 0.30948999524116516
vt 0.9955800175666809 0.11687900125980377
vt 0.9955800175666809 0.13230599462985992
vt 0.9956600069999695 0.6716910004615784
vt 0.9956600069999695 0.6878889799118042
vt 0.9958019852638245 0.5684300065040588
vt 0.9958469867706299 0.8443099856376648
vt 0.9958469867706299 0.859279990196228
vt 0.9958699941635132 0.7289549708366394
vt 0.9959570169448853 0.39028400182724
vt 0.9960749745368958 0.6936020255088806
vt 0.9960749745368958 0.7080000042915344
vt 0.9964020252227783 0.9183080196380615
vt 0.9964339733123779 0.545117974281311
vt 0.9966040253639221 0.18061700463294983
vt 0.9966040253639221 0.19724300503730774
vt 0.9966390132904053 0.22733399271965027
vt 0.9966570138931274 0.4493750035762787
vt 0.9966570138931274 0.46326199173927307
vt 0.9966989755630493 0.47240400314331055
vt 0.9966989755630493 0.4860450029373169
vt 0.9967280030250549 0.5799030065536499
vt 0.9967280030250549 0.5937280058860779
vt 0.9967640042304993 0.5971819758415222
vt 0.9967640042304993 0.6073070168495178
vt 0.9967870116233826 0.3352310061454773
vt 0.9967870116233826 0.3511179983615875
vt 0.9971920251846313 0.20807600021362305
vt 0.9971960186958313 0.21552400290966034
vt 0.9971989989280701 0.61940997838974
vt 0.9974079728126526 0.9430320262908936
vt 0.9974079728126526 0.955564022064209
vt 0.9974730014801025 0.4963040053844452
vt 0.9974730014801025 0.5087779760360718
vt 0.9974880218505859 0.0034920000471174717
vt 0.9976710081100464 0.2689859867095947
vt 0.9977869987487793 0.9277610182762146
vt 0.9977869987487793 0.9395779967308044
vt 0.9980670213699341 0.1615779995918274
vn -1.0 0.003800000064074993 0.003800000064074993
vn -1.0 0.0038999998942017555 0.005400000140070915
vn -0.9998999834060669 -0.008899999782443047 0.011900000274181366
vn -0.9998000264167786 -0.010400000028312206 -0.01899999938905239
vn -0.9993000030517578 0.022299999371170998 -0.028999999165534973
vn -0.9991999864578247 -0.035999998450279236 0.018200000748038292
vn -0.9979000091552734 0.05950000137090683 0.025599999353289604
vn -0.996999979019165 -0.07339999824762344 0.02449999935925007
vn -0.996999979019165 0.06909999996423721 0.035100001841783524
vn -0.9969000220298767 -0.04749999940395355 -0.06199999898672104
vn -0.9962000250816345 0.07750000059604645 -0.04089999943971634
vn -0.9958999752998352 0.09000000357627869 0.0026000000070780516
vn -0.9954000115394592 0.05180000141263008 0.08089999854564667
vn -0.9941999912261963 -0.0502999983727932 0.09489999711513519
vn -0.9939000010490417 0.046799998730421066 -0.09969999641180038
vn -0.9926999807357788 0.07249999791383743 0.09669999778270721
vn -0.9908999800682068 0.06629999727010727 -0.11749999970197678
vn -0.9905999898910522 -0.09290000051259995 0.10010000318288803
vn -0.9891999959945679 -0.13729999959468842 0.05209999904036522
vn -0.9890000224113464 0.10930000245571136 -0.09969999641180038
vn -0.988099992275238 -0.07440000027418137 -0.1348000019788742
vn -0.987500011920929 -0.06040000170469284 0.1454000025987625
vn -0.983299970626831 0.17839999496936798 0.03539999946951866
vn -0.9825999736785889 0.15950000286102295 -0.09529999643564224
vn -0.9789999723434448 -0.2037999927997589 -0.0066999997943639755
vn -0.978600025177002 -0.18449999392032623 0.09109999984502792
vn -0.9735999703407288 -0.19200000166893005 0.12380000203847885
vn -0.9717000126838684 0.2362000048160553 0.0024999999441206455
vn -0.9710999727249146 0.22849999368190765 0.06960000097751617
vn -0.9695000052452087 -0.04820000007748604 -0.2401999980211258
vn -0.968999981880188 -0.04839999973773956 0.24240000545978546
vn -0.9685999751091003 0.07980000227689743 0.23559999465942383
vn -0.9661999940872192 0.22789999842643738 0.1200999990105629
vn -0.9628000259399414 -0.2102999985218048 -0.16979999840259552
vn -0.958299994468689 -0.0031999999191612005 -0.2856999933719635
vn -0.9526000022888184 0.18389999866485596 -0.24250000715255737
vn -0.9524999856948853 0.008899999782443047 -0.3043999969959259
vn -0.9520999789237976 -0.066600002348423 0.29829999804496765
vn -0.9513999819755554 -0.016100000590085983 -0.3077000081539154
vn -0.9513999819755554 0.304500013589859 0.045099999755620956
vn -0.9470000267028809 -0.3037000000476837 0.10490000247955322
vn -0.9458000063896179 -0.08659999817609787 -0.31310001015663147
vn -0.9437000155448914 0.33070001006126404 0.007600000128149986
vn -0.9433000087738037 -0.08259999752044678 -0.3215000033378601
vn -0.9431999921798706 -0.030700000002980232 0.33079999685287476
vn -0.9430000185966492 0.1421000063419342 -0.30079999566078186
vn -0.9429000020027161 -0.2492000013589859 -0.22120000422000885
vn -0.9333999752998352 -0.3587000072002411 0.007300000172108412
vn -0.9300000071525574 0.08659999817609787 -0.3573000133037567
vn -0.9297999739646912 -0.11540000140666962 0.3495999872684479
vn -0.9254000186920166 0.35260000824928284 0.13920000195503235
vn -0.9225999712944031 0.3855000138282776 0.012799999676644802
vn -0.9222999811172485 -0.3856000006198883 0.025200000032782555
vn -0.9208999872207642 0.361299991607666 0.1459999978542328
vn -0.9200999736785889 -0.3903999924659729 0.031599998474121094
vn -0.9199000000953674 -0.19920000433921814 0.337799996137619
vn -0.9171000123023987 -0.005900000222027302 0.398499995470047
vn -0.9157999753952026 -0.2775999903678894 -0.29019999504089355
vn -0.9059000015258789 -0.39570000767707825 -0.15109999477863312
vn -0.9057999849319458 0.039400000125169754 0.4219000041484833
vn -0.9049999713897705 -0.19110000133514404 0.38019999861717224
vn -0.9034000039100647 0.003800000064074993 0.42879998683929443
vn -0.8999999761581421 -0.2745000123977661 -0.3386000096797943
vn -0.8967000246047974 -0.33399999141693115 0.2903999984264374
vn -0.8962000012397766 -0.17640000581741333 -0.40700000524520874
vn -0.8956999778747559 0.414900004863739 -0.1599999964237213
vn -0.8939999938011169 0.44769999384880066 0.017999999225139618
vn -0.8937000036239624 -0.12770000100135803 -0.4300999939441681
vn -0.8920999765396118 0.14820000529289246 0.426800012588501
vn -0.8876000046730042 -0.42719998955726624 0.17249999940395355
vn -0.8855000138282776 -0.13109999895095825 -0.4456999897956848
vn -0.881600022315979 -0.039500001817941666 0.47040000557899475
vn -0.8792999982833862 -0.4706999957561493 -0.07329999655485153
vn -0.8791999816894531 -0.39629998803138733 0.26440000534057617
vn -0.8784999847412109 -0.44920000433921814 0.16290000081062317
vn -0.8777999877929688 -0.39149999618530273 -0.2761000096797943
vn -0.8758000135421753 -0.17890000343322754 0.448199987411499
vn -0.8738999962806702 0.012799999676644802 -0.48590001463890076
vn -0.8716999888420105 0.32089999318122864 0.37040001153945923
vn -0.8641999959945679 -0.38370001316070557 -0.3253999948501587
vn -0.8640999794006348 -0.008899999782443047 0.5031999945640564
vn -0.8589000105857849 -0.4593000113964081 0.226500004529953
vn -0.8532999753952026 -0.39259999990463257 0.3431999981403351
vn -0.8489000201225281 -0.3305000066757202 0.4124000072479248
vn -0.8464000225067139 0.4499000012874603 0.2849999964237213
vn -0.8442000150680542 -0.5206999778747559 -0.12690000236034393
vn -0.8406000137329102 -0.26899999380111694 -0.4700999855995178
vn -0.8392999768257141 0.3174999952316284 -0.44130000472068787
vn -0.8371999859809875 0.4959000051021576 0.2303999960422516
vn -0.8359000086784363 0.11500000208616257 -0.5368000268936157
vn -0.8309000134468079 -0.1671999990940094 0.5306000113487244
vn -0.829800009727478 -0.17260000109672546 -0.5307999849319458
vn -0.8267999887466431 -0.2890999913215637 0.48249998688697815
vn -0.8248000144958496 0.5471000075340271 0.1428000032901764
vn -0.8213000297546387 -0.36329999566078186 -0.4397999942302704
vn -0.8173999786376953 0.5758000016212463 0.016499999910593033
vn -0.8166999816894531 0.04479999840259552 -0.5752999782562256
vn -0.8095999956130981 -0.5410000085830688 -0.22779999673366547
vn -0.8091999888420105 0.31150001287460327 0.498199999332428
vn -0.8083999752998352 0.14970000088214874 -0.5691999793052673
vn -0.8075000047683716 0.4388999938964844 -0.39410001039505005
vn -0.8044999837875366 -0.05490000173449516 -0.5914999842643738
vn -0.8004999756813049 -0.5677000284194946 -0.19220000505447388
vn -0.795199990272522 -0.6057000160217285 0.027799999341368675
vn -0.7918999791145325 -0.1662999987602234 0.5875999927520752
vn -0.7842000126838684 0.3765999972820282 -0.49309998750686646
vn -0.7839000225067139 0.03889999911189079 -0.619700014591217
vn -0.7771999835968018 -0.445499986410141 -0.44440001249313354
vn -0.7750999927520752 0.4154999852180481 -0.47609999775886536
vn -0.7734000086784363 -0.30169999599456787 -0.5575000047683716
vn -0.7698000073432922 -0.34139999747276306 0.5393999814987183
vn -0.7688999772071838 0.08569999784231186 -0.6335999965667725
vn -0.7688000202178955 -0.5532000064849854 0.3208000063896179
vn -0.7669000029563904 -0.4147000014781952 -0.48980000615119934
vn -0.760699987411499 0.3271999955177307 0.560699999332428
vn -0.7555000185966492 -0.5662999749183655 -0.3294000029563904
vn -0.7538999915122986 0.5982999801635742 -0.27149999141693115
vn -0.7501000165939331 -0.6575000286102295 -0.07090000063180923
vn -0.7436000108718872 -0.4837000072002411 0.46149998903274536
vn -0.7429999709129333 0.4343999922275543 -0.5091999769210815
vn -0.7421000003814697 -0.019600000232458115 -0.6700000166893005
vn -0.7404000163078308 0.373199999332428 0.5590999722480774
vn -0.7387999892234802 -0.6486999988555908 0.18289999663829803
vn -0.737500011920929 -0.6697999835014343 -0.08630000054836273
vn -0.7368000149726868 -0.018300000578165054 -0.6758999824523926
vn -0.7329999804496765 -0.3837999999523163 0.5616000294685364
vn -0.7303000092506409 0.11550000309944153 -0.67330002784729
vn -0.7257000207901001 0.6200000047683716 -0.29829999804496765
vn -0.7243000268936157 -0.5587000250816345 -0.4041000008583069
vn -0.72079998254776 0.5742999911308289 0.3882000148296356
vn -0.7197999954223633 0.6704000234603882 -0.18019999563694
vn -0.7174999713897705 -0.3325999975204468 -0.6119999885559082
vn -0.7166000008583069 -0.040699999779462814 -0.6963000297546387
vn -0.708899974822998 -0.24940000474452972 0.6597999930381775
vn -0.7026000022888184 0.5735999941825867 -0.421099990606308
vn -0.7021999955177307 0.29019999504089355 0.6502000093460083
vn -0.6995000243186951 -0.3151000142097473 -0.6413999795913696
vn -0.6978999972343445 -0.5418000221252441 0.4684000015258789
vn -0.692799985408783 0.7210000157356262 0.009999999776482582
vn -0.6919000148773193 0.00019999999494757503 -0.722000002861023
vn -0.6894999742507935 0.18310000002384186 0.7006999850273132
vn -0.6887000203132629 -0.09359999746084213 0.718999981880188
vn -0.6837999820709229 0.390500009059906 -0.6164000034332275
vn -0.6786999702453613 -0.7279999852180481 -0.09700000286102295
vn -0.6754000186920166 -0.36149999499320984 -0.642799973487854
vn -0.6743000149726868 -0.7365000247955322 0.05429999902844429
vn -0.6729999780654907 -0.5730999708175659 -0.4675999879837036
vn -0.6725999712944031 0.12309999763965607 0.7297000288963318
vn -0.6722999811172485 -0.7283999919891357 0.13230000436306
vn -0.6714000105857849 -0.07240000367164612 -0.7376000285148621
vn -0.670199990272522 0.7249000072479248 -0.15889999270439148
vn -0.6650000214576721 0.7462000250816345 -0.029100000858306885
vn -0.6622999906539917 -0.3379000127315521 0.6686999797821045
vn -0.6601999998092651 -0.6060000061988831 0.4438000023365021
vn -0.6599000096321106 0.676800012588501 0.3264999985694885
vn -0.659500002861023 0.7515000104904175 0.018699999898672104
vn -0.6585999727249146 -0.7509999871253967 0.047200001776218414
vn -0.6574000120162964 0.032999999821186066 0.7529000043869019
vn -0.6556000113487244 -0.30469998717308044 0.6909000277519226
vn -0.6553000211715698 -0.016899999231100082 -0.7552000284194946
vn -0.6503000259399414 0.7595000267028809 0.014100000262260437
vn -0.6482999920845032 0.7075999975204468 -0.28110000491142273
vn -0.6437000036239624 -0.7117999792098999 0.2809000015258789
vn -0.6435999870300293 0.7574999928474426 0.10920000076293945
vn -0.6424999833106995 -0.6416000127792358 0.4189999997615814
vn -0.6373999714851379 0.5527999997138977 0.5367000102996826
vn -0.635699987411499 0.7718999981880188 -0.004600000102072954
vn -0.6349999904632568 0.41620001196861267 -0.6507999897003174
vn -0.6348000168800354 -0.7699000239372253 0.06469999998807907
vn -0.6345999836921692 0.7728000283241272 0.011699999682605267
vn -0.6344000101089478 0.7720999717712402 0.038600001484155655
vn -0.6312000155448914 -0.38679999113082886 -0.6723999977111816
vn -0.6290000081062317 -0.534600019454956 0.5644000172615051
vn -0.6283000111579895 -0.4668999910354614 -0.6222000122070312
vn -0.6280999779701233 -0.5329999923706055 -0.5669000148773193
vn -0.6280999779701233 0.15889999270439148 -0.7616999745368958
vn -0.6244999766349792 -0.7777000069618225 -0.07180000096559525
vn -0.6233999729156494 -0.6018000245094299 0.4991999864578247
vn -0.6223000288009644 0.03229999914765358 -0.7821000218391418
vn -0.6222000122070312 -0.6751000285148621 -0.39640000462532043
vn -0.617900013923645 -0.4749000072479248 0.6266000270843506
vn -0.6175000071525574 0.5787000060081482 -0.532800018787384
vn -0.6154999732971191 -0.5853999853134155 -0.5277000069618225
vn -0.6136999726295471 0.13459999859333038 0.777999997138977
vn -0.6133000254631042 -0.6880999803543091 0.387800008058548
vn -0.6122000217437744 -0.5669999718666077 -0.5511000156402588
vn -0.6115000247955322 0.5587000250816345 0.5601999759674072
vn -0.6114000082015991 -0.527999997138977 -0.5893999934196472
vn -0.6104000210762024 -0.7681999802589417 -0.19329999387264252
vn -0.6075999736785889 -0.6500999927520752 -0.4562999904155731
vn -0.6046000123023987 0.7961999773979187 0.022199999541044235
vn -0.6029999852180481 -0.16110000014305115 -0.7813000082969666
vn -0.6025000214576721 0.7973999977111816 -0.03370000049471855
vn -0.5975000262260437 -0.6082000136375427 -0.522599995136261
vn -0.5964999794960022 0.3303999900817871 -0.7315000295639038
vn -0.5961999893188477 0.5914000272750854 0.5429999828338623
vn -0.5932000279426575 -0.30309998989105225 0.7458000183105469
vn -0.5906000137329102 -0.5672000050544739 0.5738999843597412
vn -0.5881999731063843 0.7324000000953674 0.34310001134872437
vn -0.5875999927520752 0.5051000118255615 -0.632099986076355
vn -0.5849000215530396 -0.7760999798774719 -0.23559999465942383
vn -0.5806999802589417 0.006099999882280827 -0.8141000270843506
vn -0.5795999765396118 -0.3968999981880188 -0.7117000222206116
vn -0.5787000060081482 -0.6211000084877014 0.5285999774932861
vn -0.5781000256538391 -0.603600025177002 -0.5490999817848206
vn -0.5753999948501587 -0.7559999823570251 0.31220000982284546
vn -0.5741000175476074 -0.7979000210762024 0.18379999697208405
vn -0.5734000205993652 -0.5853999853134155 0.573199987411499
vn -0.5727999806404114 -0.614799976348877 0.5422000288963318
vn -0.5705000162124634 -0.6051999926567078 0.5552999973297119
vn -0.5697000026702881 0.5619000196456909 0.5996999740600586
vn -0.569599986076355 0.2962999939918518 -0.766700029373169
vn -0.5690000057220459 0.8188999891281128 0.07540000230073929
vn -0.5669000148773193 -0.7171000242233276 0.40540000796318054
vn -0.5666000247001648 -0.009700000286102295 -0.8238999843597412
vn -0.5651000142097473 0.6118999719619751 -0.5533999800682068
vn -0.5633000135421753 -0.6061000227928162 -0.5616000294685364
vn -0.5605999827384949 -0.7111999988555908 0.42419999837875366
vn -0.5597000122070312 -0.5874999761581421 0.5843999981880188
vn -0.5593000054359436 -0.16120000183582306 0.8131999969482422
vn -0.5579000115394592 0.6445000171661377 -0.5228000283241272
vn -0.5573999881744385 -0.8131999969482422 -0.1671999990940094
vn -0.5547000169754028 -0.8320000171661377 0.010499999858438969
vn -0.5539000034332275 -0.7106000185012817 0.43389999866485596
vn -0.5482000112533569 -0.6064000129699707 -0.5759000182151794
vn -0.5430999994277954 -0.5554999709129333 0.6295999884605408
vn -0.5407999753952026 0.7914999723434448 0.2847000062465668
vn -0.5392000079154968 -0.8090000152587891 -0.23399999737739563
vn -0.5371999740600586 -0.4309999942779541 0.7250000238418579
vn -0.5347999930381775 0.48980000615119934 0.6884999871253967
vn -0.5342000126838684 -0.427700012922287 0.729200005531311
vn -0.5281999707221985 -0.3944000005722046 0.7519999742507935
vn -0.5271000266075134 -0.6622999906539917 0.5325000286102295
vn -0.5270000100135803 -0.8439000248908997 -0.10000000149011612
vn -0.5206000208854675 -0.6053000092506409 0.6021000146865845
vn -0.519599974155426 0.7583000063896179 -0.3937000036239624
vn -0.5174000263214111 -0.6825000047683716 0.5162000060081482
vn -0.5156000256538391 0.8564000129699707 0.02630000002682209
vn -0.5152999758720398 0.6717000007629395 -0.5322999954223633
vn -0.5149999856948853 0.39890000224113464 -0.7587000131607056
vn -0.5149000287055969 -0.7687000036239624 0.37940001487731934
vn -0.5128999948501587 -0.5792999863624573 -0.6335999965667725
vn -0.5084999799728394 -0.3124000132083893 -0.8023999929428101
vn -0.5084999799728394 -0.028200000524520874 0.8605999946594238
vn -0.5060999989509583 0.8597000241279602 0.06909999996423721
vn -0.5052000284194946 0.8550000190734863 -0.11699999868869781
vn -0.5040000081062317 -0.2547000050544739 -0.8252999782562256
vn -0.5022000074386597 0.29580000042915344 0.8126000165939331
vn -0.49729999899864197 0.7450000047683716 0.4447000026702881
vn -0.49559998512268066 -0.8632000088691711 -0.09560000151395798
vn -0.4948999881744385 -0.8679999709129333 -0.04100000113248825
vn -0.49129998683929443 0.8633999824523926 -0.1145000010728836
vn -0.4909999966621399 0.057500001043081284 0.8691999912261963
vn -0.49059998989105225 0.8282999992370605 0.27070000767707825
vn -0.4878999888896942 -0.25769999623298645 0.8339999914169312
vn -0.4876999855041504 -0.13840000331401825 0.8619999885559082
vn -0.4862000048160553 -0.01510000042617321 -0.8737000226974487
vn -0.48069998621940613 0.43140000104904175 0.7634000182151794
vn -0.4796999990940094 0.8773999810218811 -0.010099999606609344
vn -0.4781999886035919 0.8604999780654907 -0.17560000717639923
vn -0.4763000011444092 -0.6026999950408936 -0.6402000188827515
vn -0.4749999940395355 -0.8483999967575073 -0.2337999939918518
vn -0.47200000286102295 -0.23240000009536743 0.8504999876022339
vn -0.47189998626708984 -0.6198999881744385 -0.6269000172615051
vn -0.47130000591278076 -0.2542000114917755 -0.8445000052452087
vn -0.4684000015258789 -0.05570000037550926 0.8817999958992004
vn -0.4666999876499176 0.7700999975204468 -0.4348999857902527
vn -0.4659000039100647 -0.5489000082015991 -0.6940000057220459
vn -0.4593000113964081 0.8043000102043152 -0.37700000405311584
vn -0.4593000113964081 0.8759999871253967 -0.14740000665187836
vn -0.4575999975204468 0.3684000074863434 -0.8091999888420105
vn -0.4571000039577484 -0.6987000107765198 0.5503000020980835
vn -0.45680001378059387 0.5087000131607056 0.7297999858856201
vn -0.45649999380111694 -0.6801000237464905 0.5737000107765198
vn -0.4555000066757202 0.8888999819755554 -0.04910000041127205
vn -0.45509999990463257 0.21140000224113464 0.8650000095367432
vn -0.451200008392334 -0.42080000042915344 0.7870000004768372
vn -0.44859999418258667 0.3564000129699707 -0.819599986076355
vn -0.44670000672340393 -0.8657000064849854 -0.22579999268054962
vn -0.4447000026702881 0.3240000009536743 0.8349999785423279
vn -0.4440000057220459 -0.7544000148773193 -0.483599990606308
vn -0.44369998574256897 -0.8949999809265137 0.04600000008940697
vn -0.439300000667572 0.7384999990463257 0.5116000175476074
vn -0.4388999938964844 -0.8973000049591064 0.047200001776218414
vn -0.43650001287460327 -0.774399995803833 0.45809999108314514
vn -0.43380001187324524 -0.8992000222206116 0.05620000138878822
vn -0.43160000443458557 -0.3303000032901764 -0.8393999934196472
vn -0.4302000105381012 0.4848000109195709 0.7615000009536743
vn -0.4291999936103821 0.8906999826431274 0.15000000596046448
vn -0.428600013256073 0.08540000021457672 0.8995000123977661
vn -0.428600013256073 0.2705000042915344 0.8621000051498413
vn -0.42800000309944153 0.04280000180006027 0.9028000235557556
vn -0.42730000615119934 -0.3003000020980835 -0.8528000116348267
vn -0.4203999936580658 -0.0357000008225441 -0.9065999984741211
vn -0.41909998655319214 -0.3528999984264374 -0.8364999890327454
vn -0.4124000072479248 0.3395000100135803 0.8453999757766724
vn -0.40779998898506165 -0.8950999975204468 -0.18039999902248383
vn -0.4077000021934509 -0.18140000104904175 0.8949000239372253
vn -0.4075999855995178 0.016300000250339508 -0.9129999876022339
vn -0.4072999954223633 -0.7897999882698059 -0.4586000144481659
vn -0.4016999900341034 -0.7599999904632568 -0.5109000205993652
vn -0.3952000141143799 -0.7529000043869019 -0.5263000130653381
vn -0.391400009393692 -0.8682000041007996 -0.3050000071525574
vn -0.3898000121116638 -0.6101999878883362 0.6898000240325928
vn -0.38690000772476196 0.2085999995470047 0.8981999754905701
vn -0.38530001044273376 -0.36489999294281006 0.847599983215332
vn -0.38190001249313354 -0.8062000274658203 0.45190000534057617
vn -0.3817000091075897 -0.4968000054359436 0.7793999910354614
vn -0.3799000084400177 0.38510000705718994 0.8410999774932861
vn -0.3792000114917755 -0.49959999322891235 -0.7789000272750854
vn -0.37790000438690186 0.12929999828338623 -0.9168000221252441
vn -0.3772999942302704 -0.21930000185966492 -0.8996999859809875
vn -0.3702000081539154 -0.026900000870227814 0.928600013256073
vn -0.36579999327659607 -0.9074000120162964 -0.2071000039577484
vn -0.3653999865055084 -0.18050000071525574 0.9132000207901001
vn -0.36160001158714294 0.4223000109195709 -0.8312000036239624
vn -0.36010000109672546 -0.2802000045776367 0.8899000287055969
vn -0.35749998688697815 -0.5756000280380249 0.7354000210762024
vn -0.3560999929904938 0.5821999907493591 -0.73089998960495
vn -0.34850001335144043 0.29030001163482666 0.8912000060081482
vn -0.3472000062465668 -0.46939998865127563 -0.8118000030517578
vn -0.3456999957561493 0.9302999973297119 -0.1225999966263771
vn -0.3400999903678894 -0.5313000082969666 -0.7759000062942505
vn -0.33959999680519104 -0.5527999997138977 -0.7609999775886536
vn -0.33820000290870667 0.3124000132083893 -0.8877000212669373
vn -0.3361000120639801 -0.6848000288009644 -0.6466000080108643
vn -0.33390000462532043 -0.7526000142097473 0.5674999952316284
vn -0.3310000002384186 0.43299999833106995 0.8384000062942505
vn -0.33079999685287476 -0.9300000071525574 0.1599999964237213
vn -0.3294000029563904 0.6201000213623047 0.7120000123977661
vn -0.3273000121116638 -0.125 0.9366000294685364
vn -0.3172000050544739 -0.9391999840736389 -0.13179999589920044
vn -0.3165999948978424 0.9380000233650208 0.14110000431537628
vn -0.3165000081062317 -0.02019999921321869 -0.9484000205993652
vn -0.3142000138759613 -0.9205999970436096 0.23190000653266907
vn -0.30959999561309814 0.1525000035762787 0.9386000037193298
vn -0.3061000108718872 -0.9158999919891357 -0.2597000002861023
vn -0.3052000105381012 -0.904699981212616 0.2973000109195709
vn -0.3012999892234802 -0.9478999972343445 -0.10360000282526016
vn -0.3003000020980835 0.9136000275611877 -0.27399998903274536
vn -0.3000999987125397 0.940500020980835 0.1590999960899353
vn -0.29980000853538513 0.7754999995231628 -0.5555999875068665
vn -0.2987000048160553 -0.08579999953508377 -0.9505000114440918
vn -0.29010000824928284 -0.4472000002861023 -0.8460999727249146
vn -0.2890999913215637 -0.9049999713897705 -0.31220000982284546
vn -0.288100004196167 0.4431999921798706 -0.848800003528595
vn -0.2847999930381775 -0.8776999711990356 0.3853999972343445
vn -0.28060001134872437 0.12790000438690186 -0.951200008392334
vn -0.2793999910354614 -0.5989000201225281 -0.7505000233650208
vn -0.2791000008583069 -0.6571000218391418 -0.7002000212669373
vn -0.27790001034736633 0.005900000222027302 0.9606000185012817
vn -0.2775999903678894 -0.7487999796867371 0.6018999814987183
vn -0.27720001339912415 -0.5906000137329102 -0.7578999996185303
vn -0.27469998598098755 0.026900000870227814 0.9611999988555908
vn -0.2743000090122223 -0.9075999855995178 0.31790000200271606
vn -0.2700999975204468 0.9240000247955322 0.27059999108314514
vn -0.27000001072883606 -0.3529999852180481 -0.895799994468689
vn -0.27000001072883606 -0.19099999964237213 0.9437000155448914
vn -0.26910001039505005 0.5809999704360962 0.7681000232696533
vn -0.2572999894618988 0.964900016784668 -0.052799999713897705
vn -0.2540000081062317 -0.684499979019165 -0.6833000183105469
vn -0.2533999979496002 -0.2842000126838684 -0.9247000217437744
vn -0.2531000077724457 -0.576200008392334 0.7771999835968018
vn -0.24979999661445618 0.2818000018596649 0.9264000058174133
vn -0.2485000044107437 -0.9684000015258789 0.02290000021457672
vn -0.2475000023841858 -0.7688999772071838 -0.5895000100135803
vn -0.2467000037431717 -0.5221999883651733 0.8163999915122986
vn -0.24650000035762787 0.32839998602867126 -0.9118000268936157
vn -0.24539999663829803 -0.942799985408783 0.22550000250339508
vn -0.2433999925851822 0.13449999690055847 -0.9606000185012817
vn -0.24250000715255737 0.3788999915122986 -0.8931000232696533
vn -0.2418999969959259 -0.8504999876022339 0.46709999442100525
vn -0.23549999296665192 -0.8228999972343445 0.5170999765396118
vn -0.2345999926328659 -0.4178999960422516 0.8776999711990356
vn -0.23440000414848328 -0.9283999800682068 0.2881999909877777
vn -0.23430000245571136 -0.6340000033378601 0.7369999885559082
vn -0.2312999963760376 0.27390000224113464 -0.9334999918937683
vn -0.22689999639987946 -0.45010000467300415 0.8636999726295471
vn -0.2257000058889389 -0.027400000020861626 0.973800003528595
vn -0.22300000488758087 -0.9747999906539917 0.0017000000225380063
vn -0.2168000042438507 0.026799999177455902 0.9757999777793884
vn -0.21250000596046448 -0.35040000081062317 0.9121999740600586
vn -0.2079000025987625 0.43560001254081726 -0.8758000135421753
vn -0.2069000005722046 -0.8335000276565552 0.5123999714851379
vn -0.2061000019311905 -0.45179998874664307 -0.8679999709129333
vn -0.20489999651908875 0.22709999978542328 0.9520999789237976
vn -0.20170000195503235 0.9501000046730042 -0.2378000020980835
vn -0.20090000331401825 0.06019999831914902 0.9778000116348267
vn -0.20010000467300415 -0.5044999718666077 -0.839900016784668
vn -0.19740000367164612 0.18250000476837158 -0.9631999731063843
vn -0.1923999935388565 0.0957999974489212 -0.9765999913215637
vn -0.19169999659061432 -0.7781000137329102 -0.5982000231742859
vn -0.18479999899864197 0.7595000267028809 -0.6237000226974487
vn -0.18410000205039978 -0.5630999803543091 -0.8055999875068665
vn -0.18279999494552612 0.22930000722408295 -0.9559999704360962
vn -0.18160000443458557 -0.219200000166893 -0.9585999846458435
vn -0.1809999942779541 -0.7667999863624573 -0.6158000230789185
vn -0.18029999732971191 0.6747000217437744 0.7156999707221985
vn -0.1800999939441681 -0.6628999710083008 -0.7267000079154968
vn -0.18000000715255737 0.06620000302791595 -0.9814000129699707
vn -0.17980000376701355 -0.21330000460147858 0.9603000283241272
vn -0.17739999294281006 0.025499999523162842 -0.9837999939918518
vn -0.17479999363422394 0.4562000036239624 -0.8725000023841858
vn -0.1737000048160553 0.7020000219345093 0.6906999945640564
vn -0.17339999973773956 -0.44369998574256897 0.8791999816894531
vn -0.17239999771118164 0.11699999868869781 -0.9781000018119812
vn -0.1720999926328659 0.15299999713897705 0.9731000065803528
vn -0.17090000212192535 -0.021800000220537186 -0.9850999712944031
vn -0.17020000517368317 -0.4262999892234802 0.8884000182151794
vn -0.1687999963760376 -0.9854000210762024 0.019700000062584877
vn -0.1639000028371811 0.26109999418258667 -0.9513000249862671
vn -0.16380000114440918 0.9517999887466431 0.25920000672340393
vn -0.1606999933719635 0.9013000130653381 -0.40230000019073486
vn -0.15940000116825104 0.1889999955892563 0.968999981880188
vn -0.15889999270439148 -0.24089999496936798 -0.9574000239372253
vn -0.15160000324249268 -0.4659999907016754 0.8716999888420105
vn -0.14810000360012054 -0.694599986076355 0.7039999961853027
vn -0.14790000021457672 0.06679999828338623 -0.9866999983787537
vn -0.14749999344348907 0.33959999680519104 -0.9289000034332275
vn -0.14740000665187836 -0.8267999887466431 -0.5428000092506409
vn -0.14579999446868896 0.9616000056266785 -0.23250000178813934
vn -0.14560000598430634 0.8543000221252441 0.49900001287460327
vn -0.1454000025987625 0.9876000285148621 -0.05889999866485596
vn -0.1444000005722046 0.05979999899864197 0.9876999855041504
vn -0.14339999854564667 -0.22210000455379486 -0.9643999934196472
vn -0.14239999651908875 0.9363999962806702 -0.32089999318122864
vn -0.14159999787807465 -0.3869999945163727 0.9111999869346619
vn -0.14159999787807465 0.21230000257492065 0.9668999910354614
vn -0.13910000026226044 0.6098999977111816 0.7800999879837036
vn -0.13819999992847443 -0.569100022315979 -0.8105999827384949
vn -0.1362999975681305 0.675000011920929 0.7250999808311462
vn -0.13230000436306 -0.9740999937057495 0.18330000340938568
vn -0.13079999387264252 -0.8360000252723694 0.5328999757766724
vn -0.12880000472068787 0.23839999735355377 0.9625999927520752
vn -0.12860000133514404 0.09780000150203705 0.9868999719619751
vn -0.12780000269412994 0.5116999745368958 -0.8496000170707703
vn -0.12770000100135803 0.515500009059906 -0.8472999930381775
vn -0.1273999959230423 0.7186999917030334 -0.6834999918937683
vn -0.12700000405311584 0.9666000008583069 -0.22269999980926514
vn -0.12620000541210175 0.9667999744415283 0.2222999930381775
vn -0.12269999831914902 0.5234000086784363 0.8432000279426575
vn -0.12150000035762787 0.04149999842047691 -0.9916999936103821
vn -0.12080000340938568 -0.6133999824523926 -0.7804999947547913
vn -0.11840000003576279 -0.26910001039505005 0.9557999968528748
vn -0.11590000241994858 0.04809999838471413 -0.9921000003814697
vn -0.11569999903440475 -0.704200029373169 0.7005000114440918
vn -0.1151999980211258 -0.1412999927997589 0.9832000136375427
vn -0.11479999870061874 0.04859999939799309 0.9922000169754028
vn -0.11379999667406082 -0.9110999703407288 0.3961000144481659
vn -0.11339999735355377 -0.09070000052452087 0.9894000291824341
vn -0.11219999939203262 -0.7768999934196472 -0.6195999979972839
vn -0.11100000143051147 -0.27459999918937683 -0.9550999999046326
vn -0.11050000041723251 0.9937000274658203 -0.020500000566244125
vn -0.10809999704360962 0.9929999709129333 -0.04670000076293945
vn -0.10729999840259552 0.4562999904155731 0.8833000063896179
vn -0.10599999874830246 0.6621999740600586 -0.7418000102043152
vn -0.10559999942779541 -0.7319999933242798 -0.6730999946594238
vn -0.10509999841451645 -0.43459999561309814 -0.8945000171661377
vn -0.10450000315904617 -0.5942000150680542 0.7975000143051147
vn -0.10300000011920929 -0.8766000270843506 0.4700999855995178
vn -0.10279999673366547 -0.7663999795913696 -0.6341000199317932
vn -0.10170000046491623 0.8022000193595886 -0.5882999897003174
vn -0.10140000283718109 -0.37470000982284546 0.9215999841690063
vn -0.10119999945163727 -0.11089999973773956 -0.9886999726295471
vn -0.10040000081062317 -0.8052999973297119 0.5842999815940857
vn -0.10000000149011612 -0.9502999782562256 -0.2946999967098236
vn -0.09989999979734421 -0.8209999799728394 -0.5620999932289124
vn -0.09950000047683716 -0.30570000410079956 0.9469000101089478
vn -0.09950000047683716 -0.048900000751018524 -0.9937999844551086
vn -0.09780000150203705 -0.2791000008583069 0.955299973487854
vn -0.09730000048875809 0.22599999606609344 -0.9692999720573425
vn -0.09650000184774399 -0.8348000049591064 0.5421000123023987
vn -0.09619999676942825 -0.0754999965429306 -0.9925000071525574
vn -0.0949999988079071 -0.07859999686479568 0.9923999905586243
vn -0.09470000118017197 0.9836000204086304 -0.1534000039100647
vn -0.09440000355243683 0.8727999925613403 -0.4788999855518341
vn -0.09430000185966492 -0.17659999430179596 -0.9797999858856201
vn -0.09290000051259995 0.15790000557899475 -0.9830999970436096
vn -0.09279999881982803 -0.9409000277519226 -0.32580000162124634
vn -0.08919999748468399 0.07739999890327454 0.9929999709129333
vn -0.08829999715089798 -0.9602000117301941 -0.26510000228881836
vn -0.08699999749660492 -0.878000020980835 0.4706999957561493
vn -0.08699999749660492 0.0044999998062849045 0.9962000250816345
vn -0.0868000015616417 0.4171999990940094 0.904699981212616
vn -0.08259999752044678 0.9965999722480774 -0.004100000020116568
vn -0.08190000057220459 -0.1712999939918518 0.9818000197410583
vn -0.08070000261068344 0.04399999976158142 0.9958000183105469
vn -0.07999999821186066 0.3452000021934509 -0.9351000189781189
vn -0.07930000126361847 0.9861000180244446 0.1459999978542328
vn -0.07880000025033951 0.8115000128746033 -0.5789999961853027
vn -0.07819999754428864 -0.07159999758005142 0.9944000244140625
vn -0.0778999999165535 -0.24770000576972961 -0.9656999707221985
vn -0.07699999958276749 -0.996999979019165 -0.0026000000070780516
vn -0.07680000364780426 0.11389999836683273 0.9904999732971191
vn -0.07649999856948853 0.3133000135421753 0.9466000199317932
vn -0.07349999994039536 -0.569599986076355 -0.8187000155448914
vn -0.07329999655485153 -0.7468000054359436 -0.6608999967575073
vn -0.07249999791383743 0.9670000076293945 0.24410000443458557
vn -0.07119999825954437 -0.47540000081062317 0.8769000172615051
vn -0.07010000199079514 -0.9106000065803528 0.40720000863075256
vn -0.06909999996423721 -0.004100000020116568 0.9976000189781189
vn -0.0689999982714653 -0.7396000027656555 0.6694999933242798
vn -0.06679999828338623 -0.28760001063346863 0.9553999900817871
vn -0.06599999964237213 0.00430000014603138 -0.9977999925613403
vn -0.06599999964237213 0.1347000002861023 -0.9886999726295471
vn -0.0658000037074089 -0.7394000291824341 0.6700999736785889
vn -0.06530000269412994 -0.7379999756813049 0.6717000007629395
vn -0.0649000033736229 0.09529999643564224 -0.9933000206947327
vn -0.06459999829530716 -0.14300000667572021 -0.9876000285148621
vn -0.06419999897480011 0.5199000239372253 -0.8518000245094299
vn -0.06379999965429306 0.9879999756813049 -0.14059999585151672
vn -0.06300000101327896 -0.12470000237226486 0.9901999831199646
vn -0.06120000034570694 -0.7958999872207642 0.602400004863739
vn -0.06019999831914902 0.3257000148296356 -0.9435999989509583
vn -0.05860000103712082 -0.9466999769210815 0.3165999948978424
vn -0.057999998331069946 -0.25440001487731934 -0.9653000235557556
vn -0.057100001722574234 -0.9273999929428101 0.36959999799728394
vn -0.055799998342990875 -0.07159999758005142 0.9958999752998352
vn -0.05559999868273735 0.9979000091552734 -0.03280000016093254
vn -0.0551999993622303 -0.03319999948143959 0.9979000091552734
vn -0.05510000139474869 0.12849999964237213 -0.9901999831199646
vn -0.05490000173449516 -0.9696999788284302 0.23819999396800995
vn -0.054499998688697815 0.9966999888420105 0.06040000170469284
vn -0.053700000047683716 -0.9107000231742859 -0.40959998965263367
vn -0.05209999904036522 -0.9977999925613403 0.03999999910593033
vn -0.05180000141263008 -0.7161999940872192 0.695900022983551
vn -0.051500000059604645 -0.9431999921798706 -0.32820001244544983
vn -0.050999999046325684 0.9071999788284302 -0.41760000586509705
vn -0.04960000142455101 -0.13779999315738678 0.9891999959945679
vn -0.04809999838471413 -0.2587999999523163 0.9646999835968018
vn -0.04809999838471413 0.007699999958276749 -0.9987999796867371
vn -0.04780000075697899 -0.78329998254776 -0.619700014591217
vn -0.04639999940991402 -0.43299999833106995 -0.9002000093460083
vn -0.04529999941587448 0.6894999742507935 -0.7228999733924866
vn -0.04470000043511391 0.16220000386238098 -0.9857000112533569
vn -0.043800000101327896 -0.04780000075697899 -0.9979000091552734
vn -0.042899999767541885 -0.07249999791383743 -0.996399998664856
vn -0.04170000180602074 -0.36059999465942383 0.9318000078201294
vn -0.04149999842047691 -0.3594000041484833 0.932200014591217
vn -0.04149999842047691 0.9397000074386597 0.3395000100135803
vn -0.03959999978542328 -0.8623999953269958 -0.5045999884605408
vn -0.03880000114440918 -0.9139999747276306 -0.40389999747276306
vn -0.03799999877810478 0.038100000470876694 0.9986000061035156
vn -0.037700001150369644 -0.9787999987602234 0.20110000669956207
vn -0.03709999844431877 -0.8465999960899353 -0.5309000015258789
vn -0.03709999844431877 -0.009600000455975533 -0.9993000030517578
vn -0.03689999878406525 -0.02319999970495701 -0.9991000294685364
vn -0.03579999879002571 0.3828999996185303 -0.9230999946594238
vn -0.03550000116229057 0.02500000037252903 0.9991000294685364
vn -0.034699998795986176 0.9988999962806702 0.031700000166893005
vn -0.03240000084042549 0.020800000056624413 -0.9993000030517578
vn -0.03099999949336052 -0.29510000348091125 0.9549999833106995
vn -0.030799999833106995 0.8799999952316284 0.4740000069141388
vn -0.030400000512599945 -0.259799987077713 -0.9652000069618225
vn -0.030400000512599945 -0.15710000693798065 0.9871000051498413
vn -0.02969999983906746 -0.9043999910354614 0.42570000886917114
vn -0.029600000008940697 -0.980400025844574 -0.19460000097751617
vn -0.02810000069439411 -0.3675000071525574 -0.9296000003814697
vn -0.027799999341368675 0.8719000220298767 0.48890000581741333
vn -0.027000000700354576 -0.007199999876320362 -0.9995999932289124
vn -0.025200000032782555 0.02070000022649765 -0.9994999766349792
vn -0.023800000548362732 0.02410000003874302 -0.9994000196456909
vn -0.023000000044703484 0.1200999990105629 0.9925000071525574
vn -0.02239999920129776 0.018799999728798866 0.9995999932289124
vn -0.02239999920129776 0.742900013923645 -0.6690999865531921
vn -0.022099999710917473 -0.534600019454956 0.8447999954223633
vn -0.0210999995470047 -0.7450000047683716 -0.6668000221252441
vn -0.020800000056624413 0.27799999713897705 -0.9603999853134155
vn -0.020600000396370888 0.10559999942779541 0.9941999912261963
vn -0.020600000396370888 0.8030999898910522 0.5954999923706055
vn -0.019500000402331352 0.5587999820709229 -0.8291000127792358
vn -0.019099999219179153 -0.014499999582767487 0.9997000098228455
vn -0.01730000041425228 0.017500000074505806 0.9997000098228455
vn -0.01720000058412552 -0.9121999740600586 -0.4092999994754791
vn -0.015399999916553497 0.01940000057220459 -0.9997000098228455
vn -0.014999999664723873 -0.6854000091552734 0.7279999852180481
vn -0.014499999582767487 -0.29440000653266907 0.9556000232696533
vn -0.0142000000923872 -0.8921999931335449 -0.4514000117778778
vn -0.01360000018030405 0.6176000237464905 -0.7864000201225281
vn -0.01269999984651804 -0.0414000004529953 0.9991000294685364
vn -0.012600000016391277 0.05770000070333481 0.9983000159263611
vn -0.012199999764561653 -0.9975000023841858 -0.07020000368356705
vn -0.012000000104308128 -0.9991000294685364 0.04019999876618385
vn -0.009700000286102295 -0.20600000023841858 -0.9785000085830688
vn -0.009700000286102295 0.005400000140070915 -0.9998999834060669
vn -0.00930000003427267 0.049300000071525574 0.9987000226974487
vn -0.008899999782443047 0.05350000038743019 -0.9984999895095825
vn -0.008100000210106373 -0.22290000319480896 -0.9747999906539917
vn -0.0071000000461936 -0.7749000191688538 -0.632099986076355
vn -0.006899999920278788 -0.02280000038444996 0.9997000098228455
vn -0.0066999997943639755 0.14180000126361847 0.9898999929428101
vn -0.006599999964237213 -0.0071000000461936 -1.0
vn -0.006500000134110451 0.4860000014305115 0.8738999962806702
vn -0.006399999838322401 0.4034999907016754 0.914900004863739
vn -0.0052999998442828655 0.03310000151395798 -0.9994000196456909
vn -0.0044999998062849045 0.17260000109672546 0.9850000143051147
vn -0.0044999998062849045 0.6972000002861023 0.7168999910354614
vn -0.0035000001080334187 -0.9126999974250793 -0.40860000252723694
vn -0.003100000089034438 -0.6970000267028809 -0.7171000242233276
vn -0.002899999963119626 -0.6643000245094299 -0.7475000023841858
vn -0.0027000000700354576 -0.12849999964237213 0.9916999936103821
vn -0.0024999999441206455 0.004000000189989805 -1.0
vn -0.002300000051036477 0.3668000102043152 -0.9302999973297119
vn -0.002199999988079071 0.010300000198185444 0.9998999834060669
vn -0.0020000000949949026 -0.5446000099182129 0.838699996471405
vn -0.0020000000949949026 0.1234000027179718 -0.9923999905586243
vn -0.0015999999595806003 -0.9240999817848206 -0.3822000026702881
vn -0.001500000013038516 0.20270000398159027 -0.979200005531311
vn -0.001500000013038516 0.7753999829292297 -0.6315000057220459
vn -0.00139999995008111 -0.8970999717712402 0.44179999828338623
vn -0.00139999995008111 1.0 0.006800000090152025
vn -0.0013000000035390258 -0.30160000920295715 0.9534000158309937
vn -0.0010999999940395355 -0.14990000426769257 -0.9886999726295471
vn -0.00039999998989515007 -0.7343000173568726 0.6787999868392944
vn -0.00039999998989515007 -0.6248000264167786 -0.7807999849319458
vn -0.0003000000142492354 0.007799999788403511 1.0
vn -0.0003000000142492354 0.6952000260353088 -0.7188000082969666
vn -0.00019999999494757503 -0.9751999974250793 -0.22139999270439148
vn -0.0 -0.9350000023841858 0.3546000123023987
vn 0.00019999999494757503 -0.805899977684021 -0.5920000076293945
vn 0.0005000000237487257 0.25099998712539673 -0.9679999947547913
vn 0.0006000000284984708 -0.35760000348091125 -0.933899998664856
vn 0.000699999975040555 -0.3750999867916107 0.9269999861717224
vn 0.0007999999797903001 -0.8511000275611877 0.5250999927520752
vn 0.0010000000474974513 -0.09319999814033508 -0.9957000017166138
vn 0.0010000000474974513 0.005499999970197678 -1.0
vn 0.002199999988079071 0.9998999834060669 -0.012199999764561653
vn 0.0026000000070780516 0.1729000061750412 0.9848999977111816
vn 0.00279999990016222 0.9023000001907349 -0.4311999976634979
vn 0.00279999990016222 0.9187999963760376 -0.39480000734329224
vn 0.0031999999191612005 0.2206999957561493 -0.9753000140190125
vn 0.003700000001117587 -0.15850000083446503 -0.9873999953269958
vn 0.003700000001117587 0.7242000102996826 0.6895999908447266
vn 0.004800000227987766 0.358599990606308 0.9334999918937683
vn 0.005100000184029341 0.998199999332428 0.05939999967813492
vn 0.00570000009611249 0.945900022983551 0.32429999113082886
vn 0.00570000009611249 0.9909999966621399 0.13379999995231628
vn 0.005900000222027302 -0.024299999698996544 -0.9997000098228455
vn 0.006099999882280827 0.8320000171661377 0.5547999739646912
vn 0.007300000172108412 -0.9998999834060669 -0.008700000122189522
vn 0.007300000172108412 0.989799976348877 0.14219999313354492
vn 0.007600000128149986 -0.8392000198364258 -0.5437999963760376
vn 0.007699999958276749 -0.734000027179718 -0.679099977016449
vn 0.008700000122189522 0.05950000137090683 0.998199999332428
vn 0.00930000003427267 -0.04659999907016754 0.9988999962806702
vn 0.010300000198185444 -0.9700000286102295 -0.24289999902248383
vn 0.011300000362098217 0.989799976348877 -0.14190000295639038
vn 0.011500000022351742 0.9175999760627747 -0.39719998836517334
vn 0.011900000274181366 -0.28049999475479126 -0.9598000049591064
vn 0.012400000356137753 -0.7063000202178955 -0.7077999711036682
vn 0.012600000016391277 0.08649999648332596 0.9962000250816345
vn 0.013000000268220901 -0.6464999914169312 0.7627999782562256
vn 0.013500000350177288 -0.06159999966621399 0.9980000257492065
vn 0.013799999840557575 -0.9998999834060669 0.00430000014603138
vn 0.014100000262260437 0.9889000058174133 -0.147599995136261
vn 0.014299999922513962 0.24879999458789825 -0.968500018119812
vn 0.014999999664723873 -0.4733999967575073 -0.8806999921798706
vn 0.016100000590085983 -0.1453000009059906 -0.989300012588501
vn 0.01640000008046627 0.15850000083446503 -0.9872000217437744
vn 0.01640000008046627 0.9866999983787537 -0.16189999878406525
vn 0.016699999570846558 0.2676999866962433 0.9632999897003174
vn 0.01810000091791153 0.9998000264167786 0.0038999998942017555
vn 0.019099999219179153 -0.000699999975040555 -0.9998000264167786
vn 0.019999999552965164 -0.6833000183105469 -0.7299000024795532
vn 0.020600000396370888 -0.04919999837875366 0.9986000061035156
vn 0.020999999716877937 0.04500000178813934 -0.9987999796867371
vn 0.0215000007301569 -0.5227000117301941 -0.8522999882698059
vn 0.022199999541044235 -0.11400000005960464 0.9932000041007996
vn 0.022199999541044235 0.9763000011444092 -0.21529999375343323
vn 0.02280000038444996 0.195700004696846 -0.980400025844574
vn 0.027499999850988388 -0.9995999932289124 0.007499999832361937
vn 0.02810000069439411 -0.9995999932289124 -0.009200000204145908
vn 0.028699999675154686 -0.2370000034570694 -0.9710999727249146
vn 0.02879999950528145 0.10840000212192535 0.9937000274658203
vn 0.029600000008940697 -0.15710000693798065 0.9871000051498413
vn 0.02979999966919422 0.12039999663829803 -0.9922999739646912
vn 0.029999999329447746 -0.03200000151991844 0.9990000128746033
vn 0.031199999153614044 -0.616599977016449 0.7867000102996826
vn 0.031300000846385956 0.03869999945163727 0.9987999796867371
vn 0.03180000185966492 -0.6190999746322632 0.7846999764442444
vn 0.032499998807907104 -0.9747999906539917 0.22050000727176666
vn 0.03420000150799751 -0.049800001084804535 0.998199999332428
vn 0.03500000014901161 -0.9952999949455261 -0.09070000052452087
vn 0.0357000008225441 -0.04309999942779541 0.9983999729156494
vn 0.03689999878406525 -0.03420000150799751 0.9987000226974487
vn 0.03700000047683716 0.05649999901652336 -0.9976999759674072
vn 0.03739999979734421 -0.15109999477863312 0.9878000020980835
vn 0.03840000182390213 0.8230000138282776 -0.5666999816894531
vn 0.03959999978542328 -0.06300000101327896 -0.9972000122070312
vn 0.04010000079870224 -0.2912999987602234 0.9557999968528748
vn 0.04149999842047691 0.02889999933540821 -0.9987000226974487
vn 0.04170000180602074 0.9783999919891357 -0.20250000059604645
vn 0.04190000146627426 -0.732200026512146 -0.6797999739646912
vn 0.04190000146627426 0.9883000254631042 0.1469999998807907
vn 0.04390000179409981 -0.7311999797821045 0.6808000206947327
vn 0.04520000144839287 0.3441999852657318 0.9377999901771545
vn 0.04610000178217888 0.5378000140190125 -0.8417999744415283
vn 0.04659999907016754 -0.6797000169754028 -0.7319999933242798
vn 0.04780000075697899 -0.06159999966621399 -0.996999979019165
vn 0.04859999939799309 0.03139999881386757 -0.9983000159263611
vn 0.049300000071525574 -0.7598999738693237 -0.6481999754905701
vn 0.049400001764297485 -0.1454000025987625 0.988099992275238
vn 0.05079999938607216 0.12780000269412994 0.9904999732971191
vn 0.05090000107884407 -0.7953000068664551 0.6040999889373779
vn 0.05130000039935112 -0.004000000189989805 -0.9987000226974487
vn 0.051899999380111694 0.22100000083446503 0.9739000201225281
vn 0.05249999836087227 0.11649999767541885 -0.9918000102043152
vn 0.05260000005364418 -0.002300000051036477 0.9986000061035156
vn 0.052799999713897705 0.3167000114917755 0.9470000267028809
vn 0.053300000727176666 -0.9983999729156494 -0.017400000244379044
vn 0.054499998688697815 -0.6565999984741211 0.7522000074386597
vn 0.05609999969601631 0.0658000037074089 -0.9962999820709229
vn 0.05649999901652336 0.9264000058174133 0.37229999899864197
vn 0.05820000171661377 0.982699990272522 0.17560000717639923
vn 0.05979999899864197 0.6585999727249146 -0.7501999735832214
vn 0.06030000001192093 -0.5684999823570251 0.8205000162124634
vn 0.061000000685453415 0.882099986076355 0.46709999442100525
vn 0.06129999831318855 0.01269999984651804 0.9980000257492065
vn 0.06199999898672104 -0.6636000275611877 0.7455000281333923
vn 0.06369999796152115 -0.13779999315738678 -0.9883999824523926
vn 0.06430000066757202 -0.9264000058174133 -0.3711000084877014
vn 0.06650000065565109 -0.9977999925613403 0.003599999938160181
vn 0.066600002348423 0.9934999942779541 0.0925000011920929
vn 0.06700000166893005 -0.11299999803304672 0.9912999868392944
vn 0.06790000200271606 -0.00860000029206276 -0.9976999759674072
vn 0.07039999961853027 0.017000000923871994 0.9973999857902527
vn 0.07199999690055847 -0.6365000009536743 0.7678999900817871
vn 0.07209999859333038 0.6712999939918518 0.7376999855041504
vn 0.07240000367164612 0.19830000400543213 -0.9775000214576721
vn 0.07349999994039536 -0.8974999785423279 -0.4348999857902527
vn 0.07349999994039536 0.8698999881744385 -0.4876999855041504
vn 0.07410000264644623 -0.9761000275611877 0.20419999957084656
vn 0.07460000365972519 0.9739999771118164 0.21410000324249268
vn 0.0778999999165535 0.9854000210762024 0.15119999647140503
vn 0.07900000363588333 0.8652999997138977 -0.4948999881744385
vn 0.07989999651908875 0.09260000288486481 0.9925000071525574
vn 0.07999999821186066 -0.9947999715805054 -0.06260000169277191
vn 0.0812000036239624 0.32850000262260437 0.9409999847412109
vn 0.08190000057220459 0.2754000127315521 -0.9577999711036682
vn 0.08259999752044678 0.9646000266075134 0.25060001015663147
vn 0.08420000225305557 -0.9064000248908997 -0.414000004529953
vn 0.08540000021457672 0.961899995803833 0.2596000134944916
vn 0.08669999986886978 0.9693999886512756 -0.2296999990940094
vn 0.0877000018954277 -0.05000000074505806 -0.9948999881744385
vn 0.08810000121593475 0.9251000285148621 0.3693999946117401
vn 0.08889999985694885 -0.1678999960422516 -0.9818000197410583
vn 0.09109999984502792 0.9412000179290771 0.325300008058548
vn 0.09139999747276306 0.9954000115394592 -0.02979999966919422
vn 0.09160000085830688 0.9679999947547913 0.2337999939918518
vn 0.09359999746084213 0.021299999207258224 0.9954000115394592
vn 0.09459999948740005 0.013000000268220901 0.9954000115394592
vn 0.09600000083446503 -0.21089999377727509 0.9728000164031982
vn 0.09619999676942825 0.031099999323487282 0.9948999881744385
vn 0.0966000035405159 0.8579000234603882 0.5047000050544739
vn 0.09700000286102295 -0.9829000234603882 0.15639999508857727
vn 0.09809999912977219 0.9912999868392944 0.08799999952316284
vn 0.0982000008225441 -0.12389999628067017 -0.9873999953269958
vn 0.09969999641180038 0.916700005531311 0.38690000772476196
vn 0.10000000149011612 -0.21220000088214874 0.972100019454956
vn 0.10199999809265137 0.09319999814033508 0.9904000163078308
vn 0.1023000031709671 0.9225999712944031 0.3718999922275543
vn 0.1031000018119812 -0.7279000282287598 0.6779000163078308
vn 0.10329999774694443 -0.17020000517368317 0.9800000190734863
vn 0.10649999976158142 0.49390000104904175 -0.8629999756813049
vn 0.10760000348091125 0.8389999866485596 0.5333999991416931
vn 0.10790000110864639 -0.6103000044822693 0.7847999930381775
vn 0.10930000245571136 0.9855999946594238 -0.1290999948978424
vn 0.1096000000834465 0.507099986076355 0.8549000024795532
vn 0.11050000041723251 0.9363999962806702 0.33320000767707825
vn 0.11150000244379044 0.9549999833106995 0.27480000257492065
vn 0.11159999668598175 0.9911999702453613 0.07150000333786011
vn 0.11309999972581863 0.9828000068664551 -0.14579999446868896
vn 0.11320000141859055 0.7609999775886536 0.6388000249862671
vn 0.11330000311136246 0.027499999850988388 -0.9932000041007996
vn 0.11349999904632568 0.44749999046325684 -0.8870000243186951
vn 0.1136000007390976 0.14300000667572021 -0.9832000136375427
vn 0.11659999936819077 0.9751999974250793 -0.18790000677108765
vn 0.11779999732971191 -0.0142000000923872 0.992900013923645
vn 0.11819999665021896 -0.19529999792575836 0.9735999703407288
vn 0.11860000342130661 0.06340000033378601 0.9908999800682068
vn 0.12060000002384186 0.4171999990940094 0.9007999897003174
vn 0.12099999934434891 -0.9797999858856201 -0.15919999778270721
vn 0.12189999967813492 -0.6273000240325928 -0.76910001039505
vn 0.12269999831914902 0.3732999861240387 0.9196000099182129
vn 0.12290000170469284 -0.2978000044822693 0.9466999769210815
vn 0.12330000102519989 0.015399999916553497 0.9922000169754028
vn 0.12359999865293503 0.10610000044107437 0.9865999817848206
vn 0.12439999729394913 -0.7002999782562256 -0.7028999924659729
vn 0.12460000067949295 0.1770000010728836 -0.9763000011444092
vn 0.1265999972820282 -0.32429999113082886 -0.9373999834060669
vn 0.12839999794960022 0.13259999454021454 -0.9828000068664551
vn 0.12890000641345978 0.9284999966621399 0.3481999933719635
vn 0.1307000070810318 0.4275999963283539 0.8945000171661377
vn 0.13109999895095825 -0.7634999752044678 0.6323000192642212
vn 0.1331000030040741 -0.4666999876499176 0.8743000030517578
vn 0.13439999520778656 -0.31369999051094055 -0.9399999976158142
vn 0.13459999859333038 -0.5349000096321106 -0.8341000080108643
vn 0.13539999723434448 -0.14730000495910645 0.9797999858856201
vn 0.13600000739097595 0.5037999749183655 0.8531000018119812
vn 0.13930000364780426 0.7734000086784363 0.618399977684021
vn 0.1395999938249588 0.19789999723434448 -0.9702000021934509
vn 0.1395999938249588 0.9631999731063843 -0.22949999570846558
vn 0.14409999549388885 -0.6292999982833862 0.763700008392334
vn 0.1444000005722046 -0.09929999709129333 -0.984499990940094
vn 0.14730000495910645 -0.01080000028014183 0.9890000224113464
vn 0.14749999344348907 0.8324000239372253 -0.5342000126838684
vn 0.14810000360012054 -0.4108000099658966 0.8996000289916992
vn 0.15060000121593475 -0.05939999967813492 0.9868000149726868
vn 0.15620000660419464 -0.6323000192642212 -0.758899986743927
vn 0.16189999878406525 0.7590000033378601 0.6305999755859375
vn 0.16419999301433563 -0.37709999084472656 0.9114999771118164
vn 0.1648000031709671 0.3619000017642975 -0.9175999760627747
vn 0.16539999842643738 -0.0689999982714653 0.9837999939918518
vn 0.16539999842643738 0.5311999917030334 0.8309000134468079
vn 0.1656000018119812 0.13510000705718994 -0.9768999814987183
vn 0.16859999299049377 -0.8095999956130981 0.5622000098228455
vn 0.1688999980688095 -0.06809999793767929 0.983299970626831
vn 0.17000000178813934 0.2720000147819519 -0.9472000002861023
vn 0.1720999926328659 0.2393999993801117 0.9555000066757202
vn 0.17270000278949738 -0.9804999828338623 0.0934000015258789
vn 0.1728000044822693 -0.10300000011920929 0.9796000123023987
vn 0.17350000143051147 0.32519999146461487 -0.9296000003814697
vn 0.1737000048160553 -0.02889999933540821 0.9843999743461609
vn 0.1784999966621399 0.8420000076293945 0.5090000033378601
vn 0.17880000174045563 0.059700001031160355 -0.9821000099182129
vn 0.17900000512599945 -0.7896000146865845 -0.5870000123977661
vn 0.18119999766349792 -0.5390999913215637 0.8224999904632568
vn 0.18250000476837158 -0.9016000032424927 0.3921999931335449
vn 0.18289999663829803 -0.9771000146865845 -0.10869999974966049
vn 0.18320000171661377 0.03579999879002571 0.9824000000953674
vn 0.18459999561309814 -0.000699999975040555 -0.9828000068664551
vn 0.1851000040769577 -0.4408999979496002 0.8783000111579895
vn 0.1858000010251999 0.18330000340938568 0.9653000235557556
vn 0.1860000044107437 -0.15790000557899475 0.9697999954223633
vn 0.186599999666214 -0.22200000286102295 -0.9570000171661377
vn 0.18690000474452972 -0.6452999711036682 -0.7407000064849854
vn 0.1873999983072281 -0.48980000615119934 -0.8514000177383423
vn 0.18809999525547028 0.8546000123023987 -0.48399999737739563
vn 0.19130000472068787 0.9236999750137329 0.3321000039577484
vn 0.1941000074148178 0.5612000226974487 0.8046000003814697
vn 0.19470000267028809 -0.01549999974668026 0.9807000160217285
vn 0.1956000030040741 -0.29589998722076416 -0.9350000023841858
vn 0.19840000569820404 -0.8478000164031982 0.4918000102043152
vn 0.19869999587535858 -0.9478999972343445 0.24889999628067017
vn 0.20080000162124634 0.782800018787384 -0.5889999866485596
vn 0.20180000364780426 -0.7318999767303467 0.6507999897003174
vn 0.2021999955177307 0.66839998960495 -0.7157999873161316
vn 0.20340000092983246 -0.6219000220298767 0.7562000155448914
vn 0.20409999787807465 0.645799994468689 -0.7357000112533569
vn 0.2046000063419342 -0.8416000008583069 -0.4997999966144562
vn 0.20489999651908875 -0.2062000036239624 -0.9567999839782715
vn 0.20509999990463257 -0.9686999917030334 0.13979999721050262
vn 0.20569999516010284 0.9726999998092651 0.10750000178813934
vn 0.20720000565052032 -0.17180000245571136 -0.963100016117096
vn 0.2102999985218048 0.16590000689029694 -0.9635000228881836
vn 0.21050000190734863 0.09070000052452087 0.9733999967575073
vn 0.21719999611377716 0.47859999537467957 0.8507000207901001
vn 0.21770000457763672 0.05990000069141388 -0.9742000102996826
vn 0.21960000693798065 -0.9702000021934509 -0.10239999741315842
vn 0.22010000050067902 0.33559998869895935 -0.9158999919891357
vn 0.2206999957561493 -0.0038999998942017555 -0.9753000140190125
vn 0.2224999964237213 -0.8410000205039978 0.49320000410079956
vn 0.22280000150203705 -0.8518999814987183 0.4740000069141388
vn 0.22509999573230743 -0.6481999754905701 0.727400004863739
vn 0.22550000250339508 -0.024000000208616257 -0.9739999771118164
vn 0.22779999673366547 -0.1428000032901764 0.9631999731063843
vn 0.22840000689029694 0.23720000684261322 -0.9441999793052673
vn 0.2290000021457672 0.12919999659061432 -0.9648000001907349
vn 0.22910000383853912 -0.9678999781608582 -0.1031000018119812
vn 0.22939999401569366 -0.38580000400543213 0.8935999870300293
vn 0.22990000247955322 -0.11069999635219574 -0.9668999910354614
vn 0.23149999976158142 -0.20759999752044678 0.9503999948501587
vn 0.2363000065088272 -0.5521000027656555 0.7996000051498413
vn 0.2370000034570694 -0.9225000143051147 0.3046000003814697
vn 0.2393999993801117 0.09969999641180038 -0.9657999873161316
vn 0.23960000276565552 -0.7208999991416931 -0.6503000259399414
vn 0.24120000004768372 0.041099999099969864 -0.9696000218391418
vn 0.24130000174045563 -0.5078999996185303 -0.8269000053405762
vn 0.24300000071525574 -0.9416000247001648 0.23330000042915344
vn 0.2442999929189682 -0.7414000034332275 0.625
vn 0.24480000138282776 -0.8755999803543091 -0.4165000021457672
vn 0.2459000051021576 -0.1906999945640564 -0.9502999782562256
vn 0.24629999697208405 -0.1518000066280365 0.9571999907493591
vn 0.24799999594688416 0.9656999707221985 -0.07680000364780426
vn 0.24809999763965607 0.2587999999523163 -0.9334999918937683
vn 0.2484000027179718 -0.4156999886035919 -0.8748999834060669
vn 0.2515999972820282 0.9588000178337097 -0.13169999420642853
vn 0.25189998745918274 -0.5769000053405762 -0.7770000100135803
vn 0.2538999915122986 0.5414000153541565 0.8015000224113464
vn 0.2538999915122986 0.7294999957084656 -0.6351000070571899
vn 0.2572999894618988 0.9606999754905701 0.10379999876022339
vn 0.25929999351501465 0.40720000863075256 -0.8758000135421753
vn 0.26019999384880066 -0.2883000075817108 0.921500027179718
vn 0.260699987411499 0.1298000067472458 -0.9567000269889832
vn 0.2646999955177307 -0.9545000195503235 -0.13750000298023224
vn 0.2646999955177307 -0.34139999747276306 0.9018999934196472
vn 0.2655999958515167 -0.9412999749183655 0.20829999446868896
vn 0.2678000032901764 0.9542999863624573 -0.13279999792575836
vn 0.2678999900817871 -0.12039999663829803 -0.9559000134468079
vn 0.2680000066757202 -0.8866000175476074 -0.37709999084472656
vn 0.2680000066757202 0.7803000211715698 0.5649999976158142
vn 0.2685000002384186 0.38609999418258667 -0.8824999928474426
vn 0.26899999380111694 -0.9330000281333923 -0.23929999768733978
vn 0.27070000767707825 0.9264000058174133 0.26190000772476196
vn 0.27149999141693115 -0.8960999846458435 -0.35109999775886536
vn 0.27390000224113464 0.28529998660087585 -0.9185000061988831
vn 0.27390000224113464 0.8432000279426575 -0.4625000059604645
vn 0.2750000059604645 -0.9567000269889832 0.09570000320672989
vn 0.27570000290870667 -0.31189998984336853 -0.9092000126838684
vn 0.27709999680519104 0.5597000122070312 0.781000018119812
vn 0.27720001339912415 -0.3244999945163727 -0.9042999744415283
vn 0.2784000039100647 0.08669999986886978 0.95660001039505
vn 0.2793000042438507 0.745199978351593 0.6054999828338623
vn 0.2809000015258789 0.751800000667572 0.5965999960899353
vn 0.2838999927043915 -0.9365000128746033 0.20600000023841858
vn 0.2849000096321106 0.8428999781608582 -0.4564000070095062
vn 0.2863999903202057 -0.16820000112056732 -0.9431999921798706
vn 0.2906000018119812 -0.9232000112533569 -0.2515000104904175
vn 0.2913999855518341 0.03290000185370445 0.9559999704360962
vn 0.2930999994277954 0.8734999895095825 0.3887999951839447
vn 0.2944999933242798 -0.21899999678134918 0.9301999807357788
vn 0.29589998722076416 0.2705000042915344 -0.916100025177002
vn 0.29660001397132874 0.24779999256134033 -0.9222999811172485
vn 0.29679998755455017 0.5472000241279602 -0.7827000021934509
vn 0.2971000075340271 -0.17720000445842743 0.9381999969482422
vn 0.29840001463890076 0.3043000102043152 -0.9046000242233276
vn 0.29980000853538513 0.3984000086784363 0.8668000102043152
vn 0.30079999566078186 0.4147000014781952 -0.8587999939918518
vn 0.301800012588501 0.7778000235557556 0.5512999892234802
vn 0.30230000615119934 0.5253000259399414 -0.7954000234603882
vn 0.30320000648498535 -0.07039999961853027 0.9502999782562256
vn 0.3034999966621399 0.8862000107765198 0.35010001063346863
vn 0.3066999912261963 -0.08579999953508377 0.9478999972343445
vn 0.30959999561309814 0.2851000130176544 0.9071000218391418
vn 0.30979999899864197 0.25360000133514404 -0.9164000153541565
vn 0.3133000135421753 0.9334999918937683 -0.17419999837875366
vn 0.31859999895095825 0.05260000005364418 -0.946399986743927
vn 0.3199999928474426 -0.07450000196695328 0.9445000290870667
vn 0.325300008058548 -0.7648000121116638 -0.5562000274658203
vn 0.32580000162124634 -0.210099995136261 0.9218000173568726
vn 0.3264999985694885 -0.703499972820282 0.6312000155448914
vn 0.3314000070095062 -0.8420000076293945 0.42570000886917114
vn 0.3379000127315521 0.557200014591217 0.7584999799728394
vn 0.3384000062942505 0.243599995970726 -0.9089000225067139
vn 0.3416999876499176 0.8774999976158142 -0.33640000224113464
vn 0.3418999910354614 -0.29989999532699585 0.8906000256538391
vn 0.3424000144004822 -0.24289999902248383 -0.9075999855995178
vn 0.3434999883174896 -0.17090000212192535 0.9235000014305115
vn 0.3434999883174896 -0.10080000013113022 0.9337000250816345
vn 0.3450999855995178 0.7340999841690063 -0.5849000215530396
vn 0.3479999899864197 0.147599995136261 -0.9258000254631042
vn 0.3481000065803528 0.9291999936103821 0.12460000067949295
vn 0.3495999872684479 0.7771999835968018 0.5232999920845032
vn 0.35190001130104065 -0.5979999899864197 -0.7200999855995178
vn 0.352400004863739 0.7720999717712402 0.5289000272750854
vn 0.3528999984264374 -0.9337999820709229 -0.05829999968409538
vn 0.3580999970436096 -0.09260000288486481 -0.929099977016449
vn 0.3610000014305115 -0.878000020980835 -0.31439998745918274
vn 0.362199991941452 0.9312999844551086 -0.03920000046491623
vn 0.36250001192092896 -0.019500000402331352 0.9318000078201294
vn 0.3630000054836273 -0.6381999850273132 0.6789000034332275
vn 0.3677000105381012 -0.9114999771118164 0.18410000205039978
vn 0.3695000112056732 -0.9129999876022339 0.17309999465942383
vn 0.36959999799728394 0.9086999893188477 0.1940000057220459
vn 0.36970001459121704 -0.6995000243186951 -0.6115999817848206
vn 0.3700000047683716 -0.26350000500679016 0.8909000158309937
vn 0.3716999888420105 -0.3140000104904175 -0.8737000226974487
vn 0.37310001254081726 -0.8863999843597412 0.27410000562667847
vn 0.375900000333786 -0.3815000057220459 0.8445000052452087
vn 0.3783000111579895 -0.012600000016391277 0.925599992275238
vn 0.37860000133514404 0.39430001378059387 0.8374000191688538
vn 0.37959998846054077 0.20239999890327454 -0.9027000069618225
vn 0.38109999895095825 0.21299999952316284 -0.8996999859809875
vn 0.3822999894618988 0.839900016784668 -0.38530001044273376
vn 0.382999986410141 -0.41659998893737793 -0.8245000243186951
vn 0.383899986743927 -0.5819000005722046 0.7168999910354614
vn 0.38499999046325684 -0.40880000591278076 -0.8274000287055969
vn 0.38609999418258667 -0.6191999912261963 0.6837999820709229
vn 0.3871999979019165 -0.05660000070929527 0.9203000068664551
vn 0.3871999979019165 0.03359999880194664 -0.9214000105857849
vn 0.38769999146461487 -0.42100000381469727 -0.8199999928474426
vn 0.387800008058548 -0.7045999765396118 -0.5942000150680542
vn 0.39010000228881836 0.8216999769210815 0.4156000018119812
vn 0.39250001311302185 0.9193000197410583 0.028300000354647636
vn 0.39259999990463257 -0.9179999828338623 -0.05570000037550926
vn 0.39320001006126404 -0.32350000739097595 0.8607000112533569
vn 0.39419999718666077 -0.5623000264167786 0.7268999814987183
vn 0.3962000012397766 -0.7864000201225281 0.4738999903202057
vn 0.39959999918937683 -0.9154000282287598 -0.04899999871850014
vn 0.40459999442100525 0.6715999841690063 0.6207000017166138
vn 0.40700000524520874 0.7443000078201294 -0.5293999910354614
vn 0.4081000089645386 -0.4244999885559082 0.8082000017166138
vn 0.40849998593330383 0.7389000058174133 0.5358999967575073
vn 0.4129999876022339 -0.7050999999046326 -0.5763999819755554
vn 0.4156999886035919 -0.8906000256538391 0.18440000712871552
vn 0.4162999987602234 0.050999999046325684 0.907800018787384
vn 0.4293999969959259 0.034299999475479126 -0.902400016784668
vn 0.43050000071525574 -0.8899999856948853 0.15039999783039093
vn 0.4327000081539154 -0.6029000282287598 0.6703000068664551
vn 0.43389999866485596 -0.647599995136261 -0.6263999938964844
vn 0.43720000982284546 0.8952000141143799 -0.0868000015616417
vn 0.4372999966144562 0.28999999165534973 0.8513000011444092
vn 0.44119998812675476 0.3772999942302704 0.8141999840736389
vn 0.4422000050544739 0.08879999816417694 -0.8924999833106995
vn 0.4431000053882599 -0.18299999833106995 -0.8776000142097473
vn 0.44600000977516174 -0.8901000022888184 -0.09350000321865082
vn 0.4465000033378601 0.5012000203132629 0.7411999702453613
vn 0.44769999384880066 0.8181999921798706 -0.36070001125335693
vn 0.4494999945163727 0.6284999847412109 -0.6348000168800354
vn 0.45350000262260437 0.8378000259399414 0.30410000681877136
vn 0.4560000002384186 -0.847100019454956 -0.2728999853134155
vn 0.4569999873638153 -0.6887000203132629 -0.5629000067710876
vn 0.45829999446868896 -0.5475999712944031 0.7001000046730042
vn 0.4603999853134155 0.09619999676942825 -0.8824999928474426
vn 0.4629000127315521 -0.8863999843597412 -0.0052999998442828655
vn 0.4684000015258789 0.18649999797344208 0.8636000156402588
vn 0.4708999991416931 0.8468000292778015 -0.24729999899864197
vn 0.4715000092983246 0.863099992275238 -0.1808999925851822
vn 0.47209998965263367 0.18119999766349792 0.8626999855041504
vn 0.4779999852180481 -0.6270999908447266 -0.6150000095367432
vn 0.4781000018119812 0.5145000219345093 0.7117999792098999
vn 0.4796999990940094 0.866599977016449 -0.13729999959468842
vn 0.4805000126361847 0.5842999815940857 0.6539999842643738
vn 0.4805999994277954 -0.1387999951839447 0.8658999800682068
vn 0.4819999933242798 -0.8762000203132629 9.999999747378752e-05
vn 0.4844000041484833 0.8284000158309937 -0.28119999170303345
vn 0.48590001463890076 0.7498999834060669 0.4490000009536743
vn 0.486299991607666 -0.48539999127388 -0.7264999747276306
vn 0.4918999969959259 0.8500999808311462 0.1881999969482422
vn 0.49219998717308044 -0.4392000138759613 -0.7515000104904175
vn 0.4932999908924103 -0.6003000140190125 -0.6295999884605408
vn 0.49720001220703125 0.8669000267982483 0.0364999994635582
vn 0.4984999895095825 -0.6987000107765198 -0.5131000280380249
vn 0.4984999895095825 -0.16089999675750732 -0.8518000245094299
vn 0.49880000948905945 0.70169997215271 0.5088000297546387
vn 0.5037000179290771 -0.8421000242233276 0.19280000030994415
vn 0.5044000148773193 0.4851999878883362 0.7142999768257141
vn 0.5049999952316284 0.708299994468689 0.49320000410079956
vn 0.5070000290870667 0.20739999413490295 0.8366000056266785
vn 0.5078999996185303 -0.4269999861717224 0.7480999827384949
vn 0.5102999806404114 0.7121999859809875 -0.4819999933242798
vn 0.5115000009536743 -0.6258000135421753 -0.5889000296592712
vn 0.5144000053405762 0.24490000307559967 0.8217999935150146
vn 0.5175999999046326 -0.7688999772071838 -0.3752000033855438
vn 0.5213000178337097 0.8151000142097473 0.2526000142097473
vn 0.5220000147819519 0.8468000292778015 0.10199999809265137
vn 0.5231999754905701 0.0851999968290329 -0.8478999733924866
vn 0.5241000056266785 -0.1761000007390976 0.833299994468689
vn 0.5246999859809875 0.8456000089645386 -0.09809999912977219
vn 0.5249999761581421 0.2915000021457672 -0.7996000051498413
vn 0.5270000100135803 0.2709999978542328 0.8054999709129333
vn 0.5285999774932861 -0.08709999918937683 0.8443999886512756
vn 0.5289999842643738 0.7835000157356262 0.32589998841285706
vn 0.5297999978065491 0.26649999618530273 0.8051999807357788
vn 0.5322999954223633 -0.7044000029563904 -0.46959999203681946
vn 0.5349000096321106 -0.6922000050544739 0.484499990940094
vn 0.5372999906539917 0.8428999781608582 -0.02850000001490116
vn 0.5379999876022339 -0.5443999767303467 -0.6434999704360962
vn 0.538100004196167 -0.39320001006126404 0.7455000281333923
vn 0.5396999716758728 0.0640999972820282 -0.8393999934196472
vn 0.5497000217437744 -0.16439999639987946 0.8190000057220459
vn 0.5503000020980835 0.6033999919891357 0.5770999789237976
vn 0.5514000058174133 0.19910000264644623 -0.8101000189781189
vn 0.554099977016449 -0.589900016784668 0.5874000191688538
vn 0.5569999814033508 -0.7578999996185303 0.33980000019073486
vn 0.5577999949455261 0.8058000206947327 -0.1988999992609024
vn 0.5598000288009644 0.6050999760627747 -0.5659999847412109
vn 0.5611000061035156 -0.6863999962806702 -0.4627000093460083
vn 0.5620999932289124 0.8112999796867371 0.16040000319480896
vn 0.5641999840736389 -0.20090000331401825 0.8008000254631042
vn 0.5651000142097473 -0.3930000066757202 -0.7253999710083008
vn 0.5659999847412109 -0.4603999853134155 0.683899998664856
vn 0.5709999799728394 -0.5630999803543091 -0.5972999930381775
vn 0.5710999965667725 -0.42989999055862427 -0.6992999911308289
vn 0.5727999806404114 -0.629800021648407 0.5246000289916992
vn 0.574999988079071 -0.6000000238418579 0.5562000274658203
vn 0.5770000219345093 0.15209999680519104 0.8025000095367432
vn 0.5777999758720398 -0.7638999819755554 -0.2874000072479248
vn 0.5781000256538391 -0.4853000044822693 -0.6559000015258789
vn 0.5789999961853027 0.5766000151634216 0.5763999819755554
vn 0.5794000029563904 0.8149999976158142 -0.01209999993443489
vn 0.5809000134468079 -0.2587999999523163 -0.7717000246047974
vn 0.5809999704360962 0.8025000095367432 0.13580000400543213
vn 0.5824999809265137 0.5742999911308289 -0.5752999782562256
vn 0.5841000080108643 -0.5871000289916992 0.5605000257492065
vn 0.5860999822616577 0.7052000164985657 0.39890000224113464
vn 0.5906000137329102 0.3402000069618225 -0.7318000197410583
vn 0.5963000059127808 -0.590499997138977 -0.5437999963760376
vn 0.603600025177002 0.5568000078201294 -0.5705999732017517
vn 0.6043999791145325 -0.6129000186920166 0.5090000033378601
vn 0.6049000024795532 0.7304999828338623 0.31709998846054077
vn 0.6118999719619751 0.23649999499320984 -0.7547000050544739
vn 0.6126000285148621 -0.7407000064849854 0.2757999897003174
vn 0.6144000291824341 0.7559000253677368 -0.22619999945163727
vn 0.6157000064849854 -0.6855999827384949 0.38839998841285706
vn 0.6179999709129333 0.5813999772071838 -0.52920001745224
vn 0.6187999844551086 -0.6753000020980835 -0.40119999647140503
vn 0.6190999746322632 -0.5641000270843506 0.5462999939918518
vn 0.6269000172615051 0.738099992275238 0.24950000643730164
vn 0.628000020980835 0.5572999715805054 -0.5432000160217285
vn 0.6281999945640564 -0.120899997651577 -0.7685999870300293
vn 0.6320000290870667 -0.4952000081539154 0.5961999893188477
vn 0.6320000290870667 0.5296000242233276 -0.5658000111579895
vn 0.6347000002861023 -0.7056999802589417 0.31470000743865967
vn 0.6348000168800354 -0.7714999914169312 -0.04309999942779541
vn 0.6359999775886536 -0.7107999920845032 -0.3005000054836273
vn 0.6371999979019165 -0.10559999942779541 0.7634000182151794
vn 0.6377999782562256 0.6473000049591064 -0.4174000024795532
vn 0.6403999924659729 0.767799973487854 0.018799999728798866
vn 0.6425999999046326 -0.765999972820282 0.015599999576807022
vn 0.6444000005722046 0.7148000001907349 0.2718000113964081
vn 0.6499000191688538 -0.6563000082969666 -0.3833000063896179
vn 0.6518999934196472 0.7552000284194946 0.06840000301599503
vn 0.6535000205039978 0.7563999891281128 -0.028599999845027924
vn 0.65420001745224 -0.7458000183105469 -0.12610000371932983
vn 0.6553999781608582 -0.08959999680519104 0.7498999834060669
vn 0.6563000082969666 -0.7541999816894531 -0.02239999920129776
vn 0.6564000248908997 -0.7159000039100647 -0.2379000037908554
vn 0.6567999720573425 -0.6338000297546387 -0.40860000252723694
vn 0.6570000052452087 -0.28060001134872437 -0.6996999979019165
vn 0.6586999893188477 0.7394999861717224 -0.13850000500679016
vn 0.6589000225067139 -0.7519000172615051 -0.02070000022649765
vn 0.6593000292778015 0.552299976348877 -0.5101000070571899
vn 0.6620000004768372 0.33079999685287476 0.6725000143051147
vn 0.6625000238418579 0.42250001430511475 0.6184999942779541
vn 0.6638000011444092 0.597599983215332 0.4498000144958496
vn 0.6689000129699707 0.4790000021457672 -0.5684000253677368
vn 0.6704000234603882 -0.7361000180244446 -0.09380000084638596
vn 0.6753000020980835 -0.6848000288009644 -0.27399998903274536
vn 0.6776999831199646 0.023600000888109207 0.7350000143051147
vn 0.6783999800682068 0.017100000753998756 -0.734499990940094
vn 0.6847000122070312 -0.20020000636577606 -0.7008000016212463
vn 0.6850000023841858 0.7103999853134155 -0.16120000183582306
vn 0.692799985408783 -0.12489999830722809 0.7102000117301941
vn 0.6934000253677368 0.11739999800920486 -0.7109000086784363
vn 0.6935999989509583 0.03550000116229057 -0.7195000052452087
vn 0.6942999958992004 -0.5105999708175659 0.5072000026702881
vn 0.6944000124931335 -0.5634999871253967 0.44760000705718994
vn 0.6948000192642212 0.34299999475479126 -0.6322000026702881
vn 0.6969000101089478 -0.6732000112533569 -0.24729999899864197
vn 0.697700023651123 -0.11760000139474869 0.7067000269889832
vn 0.6991999745368958 -0.6069999933242798 -0.37770000100135803
vn 0.6995999813079834 0.6812999844551086 -0.2152000069618225
vn 0.7041000127792358 0.33869999647140503 0.6241000294685364
vn 0.704200029373169 0.3580999970436096 -0.613099992275238
vn 0.7042999863624573 -0.7099000215530396 0.008200000040233135
vn 0.7067999839782715 0.2669000029563904 0.6552000045776367
vn 0.7070000171661377 -0.6868000030517578 -0.16850000619888306
vn 0.7070000171661377 -0.2134999930858612 0.6743000149726868
vn 0.7095000147819519 -0.6891000270843506 -0.14749999344348907
vn 0.7103999853134155 -0.2962000072002411 -0.6384999752044678
vn 0.7109000086784363 0.5982000231742859 0.36980000138282776
vn 0.7111999988555908 0.6966999769210815 0.09399999678134918
vn 0.7134000062942505 0.22269999980926514 -0.6644999980926514
vn 0.7139999866485596 0.30970001220703125 -0.628000020980835
vn 0.7163000106811523 0.6638000011444092 -0.21529999375343323
vn 0.7196000218391418 0.0003000000142492354 0.6944000124931335
vn 0.722000002861023 -0.6029999852180481 -0.3393999934196472
vn 0.722100019454956 -0.4796000123023987 0.4986000061035156
vn 0.7239000201225281 0.680400013923645 -0.11400000005960464
vn 0.7254999876022339 0.6879000067710876 -0.020500000566244125
vn 0.7269999980926514 -0.6470000147819519 -0.2298000007867813
vn 0.7285000085830688 -0.06319999694824219 -0.682200014591217
vn 0.7315000295639038 -0.09650000184774399 0.675000011920929
vn 0.7342000007629395 0.6486999988555908 0.2003999948501587
vn 0.7353000044822693 -0.2937000095844269 0.61080002784729
vn 0.7376000285148621 -0.600600004196167 -0.3086000084877014
vn 0.7402999997138977 -0.0925000011920929 -0.6658999919891357
vn 0.7419999837875366 -0.6668000221252441 0.06939999759197235
vn 0.744700014591217 -0.5156000256538391 -0.4237000048160553
vn 0.7450000047683716 -0.5425000190734863 0.3880999982357025
vn 0.746399998664856 -0.5374000072479248 -0.39250001311302185
vn 0.7480000257492065 0.17810000479221344 -0.6394000053405762
vn 0.7483999729156494 0.6262999773025513 -0.218299999833107
vn 0.7505000233650208 0.12080000340938568 0.6496999859809875
vn 0.7511000037193298 0.4950999915599823 0.4368000030517578
vn 0.7519000172615051 0.651199996471405 0.10289999842643738
vn 0.7555999755859375 -0.6538000106811523 0.03909999877214432
vn 0.7595999836921692 -0.3560999929904938 0.5442000031471252
vn 0.762499988079071 0.519599974155426 0.3856000006198883
vn 0.7646999955177307 0.579800009727478 -0.28110000491142273
vn 0.7651000022888184 -0.613099992275238 0.19670000672340393
vn 0.7674000263214111 -0.5580999851226807 0.3156000077724457
vn 0.769599974155426 -0.4113999903202057 -0.48840001225471497
vn 0.7703999876976013 -0.30379998683929443 0.5605000257492065
vn 0.7753999829292297 -0.5842000246047974 0.23980000615119934
vn 0.776199996471405 0.44449999928474426 0.4471000134944916
vn 0.77920001745224 0.3287999927997589 -0.5336999893188477
vn 0.7814000248908997 -0.04839999973773956 -0.6220999956130981
vn 0.7815999984741211 -0.3449999988079071 -0.519599974155426
vn 0.7838000059127808 0.037300001829862595 0.6198999881744385
vn 0.7879999876022339 -0.04639999940991402 0.6139000058174133
vn 0.7886000275611877 0.10989999771118164 -0.6050000190734863
vn 0.7892000079154968 -0.03420000150799751 0.613099992275238
vn 0.7896999716758728 -0.5338000059127808 0.30239999294281006
vn 0.7907999753952026 0.5332000255584717 0.3003999888896942
vn 0.7932000160217285 -0.6068999767303467 0.05139999836683273
vn 0.8015999794006348 0.559499979019165 -0.21060000360012054
vn 0.8026999831199646 0.3416999876499176 -0.48890000581741333
vn 0.8033000230789185 -0.5631999969482422 0.19359999895095825
vn 0.805400013923645 -0.4943999946117401 -0.32690000534057617
vn 0.807200014591217 -0.4077000021934509 -0.42669999599456787
vn 0.8082000017166138 -0.22339999675750732 -0.5447999835014343
vn 0.8090000152587891 0.5867999792098999 0.03449999913573265
vn 0.8122000098228455 -0.19480000436306 -0.5498999953269958
vn 0.8136000037193298 -0.5802000164985657 0.037300001829862595
vn 0.8166000247001648 -0.2937999963760376 0.4968999922275543
vn 0.8198999762535095 -0.014600000344216824 -0.5723000168800354
vn 0.8216000199317932 0.08370000123977661 -0.5637999773025513
vn 0.8223999738693237 -0.531499981880188 0.20280000567436218
vn 0.8328999876976013 -0.5530999898910522 0.020099999383091927
vn 0.833899974822998 0.54339998960495 -0.09690000116825104
vn 0.8384000062942505 0.08309999853372574 0.5386000275611877
vn 0.840499997138977 -0.5375999808311462 -0.06700000166893005
vn 0.8407999873161316 -0.5170999765396118 0.16009999811649323
vn 0.8409000039100647 -0.4196999967098236 -0.3416999876499176
vn 0.8427000045776367 0.29490000009536743 0.4505000114440918
vn 0.8579000234603882 0.09870000183582306 0.5042999982833862
vn 0.861299991607666 0.49970000982284546 0.09200000017881393
vn 0.8633000254631042 -0.4921000003814697 -0.11230000108480453
vn 0.867900013923645 -0.40689998865127563 -0.2849000096321106
vn 0.8680999875068665 -0.2770000100135803 -0.41179999709129333
vn 0.8704000115394592 -0.07349999994039536 0.4867999851703644
vn 0.8729000091552734 -0.45660001039505005 0.17190000414848328
vn 0.8743000030517578 -0.4788999855518341 -0.0794999971985817
vn 0.8755999803543091 -0.15209999680519104 0.4584999978542328
vn 0.8824999928474426 -0.18469999730587006 0.4325000047683716
vn 0.8877999782562256 -0.1234000027179718 0.4433000087738037
vn 0.8902000188827515 0.4553999900817871 -0.006300000008195639
vn 0.892799973487854 0.10949999839067459 -0.43700000643730164
vn 0.9006999731063843 0.328000009059906 -0.2847000062465668
vn 0.9021999835968018 -0.2858000099658966 0.3231000006198883
vn 0.902400016784668 0.0640999972820282 -0.4262000024318695
vn 0.9031999707221985 -0.29980000853538513 0.30709999799728394
vn 0.906499981880188 -0.11469999700784683 0.40639999508857727
vn 0.9100000262260437 -0.302700012922287 0.2833000123500824
vn 0.9101999998092651 0.23340000212192535 -0.34220001101493835
vn 0.9103999733924866 0.2973000109195709 0.28769999742507935
vn 0.9180999994277954 -0.2206999957561493 -0.3292999863624573
vn 0.9197999835014343 0.3497999906539917 -0.17759999632835388
vn 0.920799970626831 0.21480000019073486 0.3253999948501587
vn 0.9243999719619751 -0.36419999599456787 0.1137000024318695
vn 0.9261000156402588 0.19259999692440033 -0.32440000772476196
vn 0.9276999831199646 -0.11900000274181366 0.3538999855518341
vn 0.929099977016449 0.31630000472068787 0.19169999659061432
vn 0.9298999905586243 0.35690000653266907 -0.08860000222921371
vn 0.9308000206947327 -0.3652999997138977 -0.011699999682605267
vn 0.9337999820709229 -0.19280000030994415 -0.3012999892234802
vn 0.9337999820709229 -0.05739999935030937 -0.3531000018119812
vn 0.9358000159263611 0.3059999942779541 0.17479999363422394
vn 0.9394000172615051 -0.31630000472068787 0.13230000436306
vn 0.9449999928474426 0.02710000053048134 0.32589998841285706
vn 0.9485999941825867 0.09589999914169312 -0.30160000920295715
vn 0.9498000144958496 -0.3043000102043152 0.0729999989271164
vn 0.95169997215271 -0.30709999799728394 -0.004800000227987766
vn 0.9523000121116638 0.3052000105381012 0.0066999997943639755
vn 0.9538000226020813 0.25 0.16680000722408295
vn 0.9538999795913696 -0.2087000012397766 0.21580000221729279
vn 0.9538999795913696 0.2939000129699707 -0.06019999831914902
vn 0.9567999839782715 0.16269999742507935 -0.2410999983549118
vn 0.9574000239372253 -0.28870001435279846 -0.006000000052154064
vn 0.9589999914169312 -0.20309999585151672 0.19779999554157257
vn 0.9593999981880188 0.16030000150203705 0.23190000653266907
vn 0.9616000056266785 0.10159999877214432 -0.2547999918460846
vn 0.961899995803833 0.09629999846220016 -0.25589999556541443
vn 0.9624999761581421 0.030300000682473183 -0.26969999074935913
vn 0.9628000259399414 0.2628999948501587 -0.062300000339746475
vn 0.9710000157356262 -0.21449999511241913 0.10570000112056732
vn 0.9710000157356262 -0.2143000066280365 0.1062999963760376
vn 0.9717000126838684 -0.20029999315738678 -0.12489999830722809
vn 0.9726999998092651 0.22849999368190765 0.041600000113248825
vn 0.9746000170707703 -0.2175000011920929 -0.05380000174045563
vn 0.9775000214576721 0.21070000529289246 0.0142000000923872
vn 0.9781000018119812 -0.18070000410079956 0.10320000350475311
vn 0.9790999889373779 -0.1315000057220459 0.1550000011920929
vn 0.9800999760627747 -0.19220000505447388 -0.050599999725818634
vn 0.9805999994277954 -0.051600001752376556 -0.18889999389648438
vn 0.9812999963760376 0.1907999962568283 0.027400000020861626
vn 0.9825999736785889 -0.13979999721050262 -0.12210000306367874
vn 0.9829000234603882 -0.13529999554157257 0.12520000338554382
vn 0.9842000007629395 -0.04190000146627426 0.17190000414848328
vn 0.9843999743461609 -0.17599999904632568 0.0032999999821186066
vn 0.9857000112533569 0.09459999948740005 0.13950000703334808
vn 0.98580002784729 -0.1256999969482422 -0.11110000312328339
vn 0.9883000254631042 0.08020000159740448 0.12950000166893005
vn 0.9891999959945679 -0.12849999964237213 0.0706000030040741
vn 0.9894999861717224 0.10040000081062317 0.10440000146627426
vn 0.9901999831199646 -0.0052999998442828655 -0.1396999955177307
vn 0.9915000200271606 -0.07109999656677246 0.10909999907016754
vn 0.9919000267982483 0.08609999716281891 -0.09350000321865082
vn 0.9919999837875366 0.10750000178813934 0.06620000302791595
vn 0.9929999709129333 -0.008100000210106373 0.1177000030875206
vn 0.9940999746322632 0.10760000348091125 -0.01679999940097332
vn 0.9943000078201294 0.09000000357627869 0.057100001722574234
vn 0.9944999814033508 -0.08160000294446945 0.06499999761581421
vn 0.9947999715805054 0.0032999999821186066 -0.10180000215768814
vn 0.9965000152587891 0.06469999998807907 0.053300000727176666
vn 0.9983000159263611 0.05869999900460243 0.006099999882280827
vn 0.9997000098228455 -0.022199999541044235 0.010700000450015068
vn 0.9998000264167786 0.019500000402331352 0.010700000450015068
f 12/1424/297 21/1423/313 2/1459/101
f 10/489/116 11/516/248 17/517/267
f 13/4203/281 3/4196/82 9/4250/176
f 3/4196/82 1/4249/27 9/4250/176
f 7/628/73 4/609/80 6/624/122
f 7/628/73 6/624/122 18/652/245
f 5/587/53 7/628/73 18/652/245
f 1/553/27 5/587/53 19/617/275
f 5/587/53 18/652/245 19/617/275
f 15/585/119 6/624/122 4/609/80
f 9/3/176 1/109/27 23/133/340
f 8/552/86 15/585/119 14/598/257
f 14/598/257 15/585/119 4/609/80
f 6/570/122 24/475/356 18/387/245
f 1/109/27 19/224/275 23/133/340
f 20/599/306 6/624/122 15/585/119
f 38/1342/495 3/1325/82 16/1372/75
f 27/2316/721 4/2390/80 7/2239/73
f 27/2316/721 7/2239/73 28/2217/683
f 13/2682/281 60/2720/533 3/2722/82
f 23/133/340 25/33/462 9/3/176
f 28/2217/683 7/2239/73 5/2036/53
f 6/570/122 22/546/422 24/475/356
f 14/1358/257 68/1483/68 8/1412/86
f 11/11/248 10/53/116 30/12/56
f 29/3023/65 12/3037/297 2/2960/101
f 8/37/86 26/58/374 15/22/119
f 60/749/533 16/765/75 3/717/82
f 6/2732/122 20/2776/306 140/2756/594
f 6/570/122 140/588/594 22/546/422
f 15/2832/119 194/2818/624 20/2793/306
f 60/2720/533 13/2682/281 154/2699/620
f 1/1967/27 3/1902/82 186/1922/612
f 21/2538/313 12/2592/297 29/2606/65
f 32/3438/222 10/3308/116 17/3328/267
f 32/3438/222 17/3328/267 34/3437/191
f 68/122/68 26/58/374 8/37/86
f 15/22/119 26/58/374 137/30/552
f 17/805/267 11/758/248 30/779/56
f 31/541/259 2/487/101 21/540/313
f 129/1413/659 68/1483/68 14/1358/257
f 137/30/552 194/1/624 15/22/119
f 30/12/56 10/53/116 32/61/222
f 2/2960/101 31/2959/259 29/3023/65
f 60/749/533 52/824/110 16/765/75
f 9/1273/176 25/1247/462 153/1270/608
f 19/224/275 18/387/245 152/385/635
f 30/473/56 34/416/191 17/415/267
f 186/1313/612 3/1325/82 38/1342/495
f 36/2856/157 29/2933/65 35/2857/188
f 29/2606/65 36/2533/157 21/2538/313
f 32/2081/222 33/2090/198 30/2102/56
f 35/2857/188 29/2933/65 37/2998/216
f 36/1548/157 32/1559/222 31/1625/259
f 21/2477/313 36/2446/157 31/2373/259
f 32/1559/222 34/1624/191 31/1625/259
f 30/2102/56 33/2090/198 34/2155/191
f 33/2090/198 39/2154/187 34/2155/191
f 29/2933/65 31/3000/259 37/2998/216
f 33/987/198 32/988/222 104/934/874
f 64/940/1020 36/974/157 35/973/188
f 16/4178/75 52/4117/110 75/4177/77
f 16/1372/75 75/1433/77 69/1370/305
f 38/1342/495 16/1372/75 69/1370/305
f 152/385/635 18/387/245 24/475/356
f 81/3357/90 35/3295/188 37/3289/216
f 58/2956/167 37/2922/216 31/2921/259
f 58/2956/167 31/2921/259 34/2923/191
f 36/974/157 64/940/1020 110/932/905
f 104/934/874 32/988/222 36/974/157
f 64/3358/1020 35/3295/188 81/3357/90
f 54/4053/58 50/4100/142 40/4115/31
f 46/3640/825 54/3643/58 40/3616/31
f 43/684/98 45/699/518 42/693/94
f 48/2033/202 51/2023/134 44/2185/66
f 47/1766/299 57/1769/1004 43/1762/98
f 49/3667/348 46/3640/825 40/3616/31
f 49/2067/348 40/1929/31 41/2060/69
f 47/685/299 43/684/98 42/693/94
f 41/2060/69 77/2099/158 49/2067/348
f 68/4155/68 55/4221/105 26/4222/374
f 105/935/1076 33/987/198 104/934/874
f 81/2971/90 37/2922/216 58/2956/167
f 40/2946/31 50/2969/142 56/2972/1164
f 41/2934/69 40/2946/31 56/2972/1164
f 44/2185/66 51/2023/134 53/2182/414
f 61/3686/133 48/3699/202 44/3644/66
f 70/3685/59 42/3735/94 45/3736/518
f 101/2106/140 49/2067/348 77/2099/158
f 47/1766/299 42/1761/94 94/1781/239
f 26/58/374 55/146/105 137/30/552
f 36/974/157 110/932/905 104/934/874
f 58/2956/167 34/2923/191 39/2924/187
f 67/2970/99 58/2956/167 39/2924/187
f 45/3998/518 43/4004/98 85/3959/9
f 85/3436/9 57/3409/1004 45/3412/518
f 45/702/518 57/689/1004 70/688/59
f 41/2934/69 56/2972/1164 72/2951/220
f 41/2934/69 72/2951/220 77/2949/158
f 47/1766/299 70/1773/59 57/1769/1004
f 53/2182/414 61/2172/133 71/2137/3
f 96/3698/238 61/3686/133 44/3644/66
f 53/2234/414 96/2224/238 44/2249/66
f 47/1766/299 94/1781/239 70/1773/59
f 52/2253/110 73/2166/14 75/2271/77
f 27/2316/721 384/2315/607 4/2390/80
f 58/1938/167 67/1942/99 93/1966/12
f 67/1772/99 43/1762/98 86/1780/192
f 85/3959/9 43/4004/98 67/3960/99
f 46/3640/825 80/3668/40 54/3643/58
f 50/4667/142 80/4609/40 46/4666/825
f 56/403/1164 50/407/142 46/411/825
f 56/403/1164 46/411/825 49/384/348
f 56/403/1164 49/384/348 72/366/220
f 53/1890/414 51/1891/134 59/1885/1297
f 61/2339/133 59/2355/1297 48/2344/202
f 53/2354/414 59/2355/1297 61/2339/133
f 53/2234/414 71/2225/3 96/2224/238
f 72/366/220 49/384/348 101/412/140
f 70/922/59 84/924/45 42/938/94
f 84/3327/45 94/3368/239 42/3324/94
f 140/2756/594 20/2776/306 471/2772/605
f 33/1831/198 105/1796/1076 108/1800/680
f 39/1830/187 33/1831/198 108/1800/680
f 39/1830/187 108/1800/680 67/1806/99
f 58/1938/167 82/1959/39 81/1935/90
f 58/1938/167 93/1966/12 82/1959/39
f 100/4575/160 87/4574/18 54/4638/58
f 50/4100/142 54/4053/58 87/4114/18
f 93/1966/12 51/2023/134 97/2017/44
f 100/1999/160 54/2014/58 80/2031/40
f 97/2017/44 51/2023/134 48/2033/202
f 86/1780/192 43/1762/98 57/1769/1004
f 84/2216/45 85/2032/9 67/1942/99
f 90/1877/29 51/1891/134 93/1879/12
f 87/4610/18 80/4609/40 50/4667/142
f 90/148/29 97/149/44 48/132/202
f 59/143/1297 90/148/29 48/132/202
f 51/1891/134 90/1877/29 59/1885/1297
f 85/2032/9 84/2216/45 76/2124/1
f 83/2109/4 71/2137/3 66/2213/170
f 71/2137/3 61/2172/133 79/2199/161
f 83/2109/4 66/2213/170 72/2198/220
f 66/2213/170 71/2137/3 79/2199/161
f 78/2114/2 76/2124/1 99/2210/152
f 79/2199/161 61/2172/133 96/2208/238
f 78/2114/2 99/2210/152 71/2137/3
f 101/2250/140 83/2109/4 72/2198/220
f 99/2210/152 76/2124/1 94/2218/239
f 76/2124/1 70/2194/59 94/2218/239
f 99/2210/152 96/2208/238 71/2137/3
f 94/3052/239 84/3128/45 68/3109/68
f 94/3052/239 68/3109/68 92/3057/1167
f 101/2106/140 77/2099/158 73/2166/14
f 106/2189/526 89/2269/329 119/2179/755
f 112/2200/545 88/2230/19 62/2246/11
f 77/2099/158 95/2273/165 75/2271/77
f 65/2286/6 120/2272/956 102/2193/524
f 123/2277/1011 103/2215/481 63/2319/67
f 118/2243/681 63/2319/67 103/2215/481
f 98/2251/339 109/2254/330 65/2286/6
f 62/2246/11 88/2230/19 65/2286/6
f 65/2286/6 88/2230/19 89/2269/329
f 88/2230/19 119/2179/755 89/2269/329
f 120/4037/956 65/4014/6 95/4081/165
f 65/2286/6 89/2269/329 74/2328/96
f 89/2269/329 63/2319/67 74/2328/96
f 92/71/1167 68/100/68 118/101/681
f 118/2243/681 68/2252/68 63/2319/67
f 95/2273/165 74/2328/96 75/2271/77
f 95/2273/165 65/2286/6 74/2328/96
f 63/2319/67 68/2252/68 129/2330/659
f 75/2271/77 74/2328/96 69/2331/305
f 74/674/96 63/671/67 122/691/1032
f 38/1342/495 69/1370/305 126/1371/1067
f 23/133/340 256/95/630 25/33/462
f 81/3343/90 110/3243/905 64/3336/1020
f 108/1918/680 107/1923/229 67/1942/99
f 117/1914/264 81/1935/90 82/1959/39
f 82/1959/39 93/1966/12 97/2017/44
f 82/1959/39 87/1997/18 100/1999/160
f 107/1923/229 114/2127/244 67/1942/99
f 82/1959/39 100/1999/160 117/1914/264
f 93/1966/12 67/1942/99 86/1991/192
f 82/1959/39 97/2017/44 87/1997/18
f 93/1966/12 86/1991/192 85/2032/9
f 85/1779/9 86/1780/192 57/1769/1004
f 114/2127/244 84/2216/45 67/1942/99
f 100/1999/160 80/2031/40 83/2109/4
f 80/2031/40 87/1997/18 83/2109/4
f 97/2017/44 90/2038/29 83/2109/4
f 93/1966/12 85/2032/9 76/2124/1
f 97/2017/44 83/2109/4 87/1997/18
f 90/2038/29 93/1966/12 78/2114/2
f 90/2038/29 71/2137/3 83/2109/4
f 93/1966/12 76/2124/1 78/2114/2
f 71/2137/3 90/2038/29 78/2114/2
f 76/2124/1 84/2216/45 70/2194/59
f 114/380/244 124/332/354 84/287/45
f 100/1999/160 83/2109/4 101/2250/140
f 124/3148/354 55/3149/105 84/3128/45
f 84/3128/45 55/3149/105 68/3109/68
f 101/2106/140 73/2166/14 52/2253/110
f 75/2271/77 73/2166/14 77/2099/158
f 62/2246/11 91/2211/527 112/2200/545
f 116/2244/988 98/2251/339 65/2286/6
f 98/2251/339 91/2211/527 62/2246/11
f 98/2251/339 62/2246/11 109/2254/330
f 102/2193/524 116/2244/988 65/2286/6
f 52/824/110 60/749/533 143/865/531
f 123/2277/1011 63/2319/67 89/2269/329
f 74/674/96 122/691/1032 69/675/305
f 115/607/1064 105/654/1076 104/608/874
f 111/3237/1058 110/3243/905 81/3343/90
f 108/655/680 105/654/1076 115/607/1064
f 117/1914/264 111/1903/1058 81/1935/90
f 94/2805/239 134/2834/1092 99/2811/152
f 128/3739/1279 94/3740/239 92/3690/1167
f 98/1038/339 125/1018/1036 91/1078/527
f 95/2935/165 77/2949/158 139/3003/1245
f 91/2079/527 121/2100/1220 112/2107/545
f 91/4431/527 125/4366/1036 109/4419/330
f 109/2078/330 121/2100/1220 91/2079/527
f 109/2254/330 62/2246/11 121/2276/1220
f 65/4430/6 109/4419/330 125/4366/1036
f 121/595/1220 62/626/11 65/627/6
f 125/4581/1036 121/4645/1220 65/4646/6
f 114/380/244 107/620/229 142/578/590
f 128/2317/1279 134/2359/1092 94/2320/239
f 143/865/531 141/1054/546 101/941/140
f 143/865/531 101/941/140 52/824/110
f 88/2230/19 112/2200/545 119/2179/755
f 121/2100/1220 119/2131/755 112/2107/545
f 116/1047/988 102/1079/524 120/1019/956
f 123/2229/1011 118/2281/681 103/2242/481
f 113/2130/1254 89/2165/329 106/2162/526
f 127/2153/1261 123/2229/1011 89/2165/329
f 69/675/305 122/691/1032 126/707/1067
f 122/691/1032 63/671/67 129/706/659
f 24/475/356 22/546/422 348/566/639
f 141/1054/546 100/1186/160 101/941/140
f 72/2809/220 66/2806/170 139/2851/1245
f 139/2851/1245 66/2806/170 144/2882/1161
f 96/2813/238 99/2811/152 144/2882/1161
f 77/2949/158 72/2951/220 139/3003/1245
f 113/2130/1254 106/2162/526 119/2131/755
f 113/2130/1254 119/2131/755 121/2100/1220
f 89/2165/329 113/2130/1254 127/2153/1261
f 130/4015/1289 120/4037/956 95/4081/165
f 120/1019/956 125/1018/1036 116/1047/988
f 125/1018/1036 98/1038/339 116/1047/988
f 123/2229/1011 128/2317/1279 118/2281/681
f 141/1054/546 117/1305/264 100/1186/160
f 95/2935/165 139/3003/1245 130/2952/1289
f 92/1106/1167 118/1115/681 128/1116/1279
f 120/1019/956 130/998/1289 125/1018/1036
f 113/2130/1254 121/2100/1220 127/2153/1261
f 129/2363/659 123/2229/1011 127/2153/1261
f 125/2070/1036 127/2153/1261 121/2100/1220
f 129/2363/659 128/2317/1279 123/2229/1011
f 126/1930/1067 130/1949/1289 135/1928/1130
f 127/2340/1261 125/2345/1036 130/2341/1289
f 130/1949/1289 126/1930/1067 127/2153/1261
f 122/2126/1032 129/2363/659 127/2153/1261
f 126/1930/1067 122/2126/1032 127/2153/1261
f 147/755/584 143/865/531 60/749/533
f 132/2035/1276 131/2356/1084 133/1932/1080
f 132/2035/1276 133/1932/1080 136/1931/1157
f 131/2356/1084 132/2035/1276 138/2362/1168
f 139/1950/1245 132/2035/1276 136/1931/1157
f 144/2882/1161 79/2807/161 96/2813/238
f 139/1950/1245 136/1931/1157 130/1949/1289
f 130/1949/1289 136/1931/1157 135/1928/1130
f 129/2363/659 134/2359/1092 128/2317/1279
f 147/755/584 60/749/533 154/731/620
f 208/1363/631 129/1413/659 14/1358/257
f 111/1235/1058 117/1164/264 207/1230/392
f 132/2035/1276 148/2146/1255 138/2362/1168
f 146/4108/1222 132/4170/1276 139/4171/1245
f 144/2882/1161 66/2806/170 79/2807/161
f 99/2811/152 134/2834/1092 144/2882/1161
f 126/1000/1067 135/1029/1130 38/1030/495
f 141/1054/546 145/1245/700 117/1305/264
f 184/1668/923 138/1728/1168 134/1641/1092
f 155/152/501 55/146/105 124/332/354
f 135/1456/1130 136/1642/1157 183/1436/763
f 172/1517/1047 134/1641/1092 129/1413/659
f 348/566/639 22/546/422 140/588/594
f 115/909/1064 104/957/874 160/956/38
f 142/578/590 151/386/690 114/380/244
f 132/2035/1276 146/1989/1222 148/2146/1255
f 124/332/354 114/380/244 158/333/679
f 138/2362/1168 150/2300/1257 134/2359/1092
f 144/2882/1161 134/2834/1092 150/2896/1257
f 137/30/552 55/146/105 155/152/501
f 38/1342/495 135/1456/1130 183/1436/763
f 110/2472/905 111/2380/1058 207/2372/392
f 149/1217/858 145/1245/700 141/1054/546
f 148/2146/1255 150/2300/1257 138/2362/1168
f 144/2105/1161 148/2146/1255 146/1989/1222
f 139/1950/1245 144/2105/1161 146/1989/1222
f 138/1728/1168 289/1842/626 131/1912/1084
f 144/2105/1161 150/2300/1257 148/2146/1255
f 179/836/947 143/865/531 147/755/584
f 110/932/905 163/868/78 169/867/303
f 169/867/303 104/934/874 110/932/905
f 200/2442/476 110/2472/905 207/2372/392
f 151/386/690 142/578/590 233/559/543
f 124/332/354 158/333/679 155/152/501
f 184/1668/923 134/1641/1092 172/1517/1047
f 172/1517/1047 129/1413/659 181/1455/720
f 163/2479/78 110/2472/905 200/2442/476
f 161/871/337 104/934/874 166/870/338
f 133/1112/1080 131/719/1084 313/807/627
f 171/1020/789 141/1054/546 143/865/531
f 38/1342/495 183/1436/763 225/1430/675
f 13/1294/281 9/1273/176 153/1270/608
f 137/30/552 155/152/501 182/91/668
f 208/1363/631 181/1455/720 129/1413/659
f 208/1363/631 14/1358/257 4/1344/80
f 162/3609/331 177/3610/155 156/3564/34
f 159/494/84 163/493/78 157/510/107
f 104/934/874 169/867/303 166/870/338
f 151/386/690 233/559/543 248/443/450
f 171/1020/789 143/865/531 179/836/947
f 268/174/647 19/224/275 152/385/635
f 169/867/303 163/868/78 204/830/567
f 160/872/38 104/934/874 161/871/337
f 313/807/627 131/719/1084 438/726/617
f 258/1255/609 153/1270/608 25/1247/462
f 419/1970/619 5/2036/53 1/1967/27
f 173/499/146 159/494/84 157/510/107
f 149/1217/858 420/1233/606 145/1245/700
f 384/2315/607 27/2316/721 28/2217/683
f 156/1185/34 160/1126/38 175/1157/310
f 177/3610/155 160/3555/38 156/3564/34
f 158/333/679 182/91/668 155/152/501
f 219/770/595 179/836/947 147/755/584
f 175/1157/310 191/1161/587 156/1185/34
f 165/1005/190 164/1002/210 167/1027/25
f 204/3911/567 163/3912/78 174/3834/211
f 183/1436/763 136/1642/1157 187/1626/1023
f 471/2780/605 20/2793/306 194/2818/624
f 23/133/340 19/224/275 268/174/647
f 191/1161/587 206/1184/284 156/1185/34
f 206/3588/284 162/3609/331 156/3564/34
f 159/494/84 180/433/235 174/432/211
f 176/1004/225 178/999/218 167/1027/25
f 176/1004/225 167/1027/25 168/1034/150
f 170/3261/205 175/3375/310 161/3262/337
f 167/1027/25 164/1002/210 166/1050/338
f 159/494/84 174/432/211 163/493/78
f 175/3375/310 160/3383/38 161/3262/337
f 168/1034/150 167/1027/25 169/1051/303
f 167/1027/25 166/1050/338 169/1051/303
f 182/91/668 158/333/679 185/311/1002
f 193/2335/752 177/2274/155 162/2405/331
f 161/871/337 166/870/338 291/742/226
f 199/504/151 157/510/107 163/493/78
f 392/1066/613 149/1217/858 141/1054/546
f 158/333/679 114/380/244 314/378/569
f 187/2963/1023 179/2927/947 183/2962/763
f 182/3524/668 185/3525/1002 172/3476/1047
f 181/3474/720 182/3524/668 172/3476/1047
f 157/2540/107 199/2393/151 192/2502/851
f 289/1842/626 138/1728/1168 184/1668/923
f 179/2927/947 187/2963/1023 171/2929/789
f 196/2053/1258 185/2073/1002 184/2054/923
f 184/1668/923 172/1517/1047 196/1525/1258
f 185/311/1002 196/170/1258 190/141/266
f 196/1525/1258 172/1517/1047 188/1509/419
f 185/1040/1002 190/1039/266 172/1058/1047
f 172/2903/1047 190/2902/266 188/2909/419
f 188/2796/419 190/2815/266 181/2791/720
f 182/2821/668 181/2791/720 190/2815/266
f 199/484/151 163/534/78 200/512/476
f 183/3483/763 179/3542/947 197/3511/722
f 384/2315/607 28/2217/683 293/2228/582
f 159/2309/84 173/2366/146 189/2307/996
f 192/2502/851 198/2587/824 157/2540/107
f 193/1117/752 191/1161/587 175/1157/310
f 257/1501/967 176/1537/225 168/1502/150
f 177/2274/155 193/2335/752 202/2305/893
f 244/645/465 108/615/680 115/669/1064
f 231/1488/820 188/1509/419 181/1455/720
f 206/2564/284 201/2495/447 162/2405/331
f 173/2366/146 237/2311/448 189/2307/996
f 189/4378/996 198/4471/824 192/4379/851
f 193/2335/752 162/2405/331 191/2432/587
f 189/985/996 192/948/851 195/984/1055
f 115/909/1064 160/956/38 242/916/285
f 216/792/551 197/846/722 179/836/947
f 219/770/595 216/792/551 179/836/947
f 28/2217/683 5/2036/53 272/2055/583
f 217/1151/473 206/1184/284 191/1161/587
f 297/1782/371 171/1783/789 187/1755/1023
f 196/1525/1258 188/1509/419 231/1488/820
f 239/837/525 197/846/722 216/792/551
f 224/2062/203 157/2061/107 198/2072/824
f 162/2405/331 201/2495/447 209/2431/727
f 260/2515/579 189/2597/996 195/2491/1055
f 202/2305/893 193/2335/752 250/2365/709
f 196/170/1258 231/124/820 190/141/266
f 426/1293/589 13/1294/281 153/1270/608
f 174/1188/211 180/1260/235 241/1237/280
f 169/97/303 204/98/567 168/113/150
f 213/2376/457 192/2502/851 199/2393/151
f 244/645/465 115/669/1064 242/668/285
f 289/1842/626 438/1915/617 131/1912/1084
f 297/1782/371 187/1755/1023 299/1759/320
f 224/3973/203 189/4054/996 157/3974/107
f 229/4326/180 191/4257/587 162/4325/331
f 175/1479/310 170/1428/205 235/1419/147
f 165/200/190 230/125/201 164/238/210
f 260/2515/579 232/2573/185 189/2597/996
f 230/582/201 165/583/190 167/548/25
f 222/2348/325 193/2314/752 175/2347/310
f 195/3410/1055 223/3361/283 200/3352/476
f 211/4524/881 192/4598/851 227/4599/632
f 227/2409/632 192/2502/851 213/2376/457
f 220/157/746 160/192/38 177/167/155
f 182/91/668 190/141/266 231/124/820
f 292/1462/362 231/1488/820 181/1455/720
f 256/95/630 23/133/340 268/174/647
f 214/2769/478 173/2777/146 157/2671/107
f 229/1593/180 209/1581/727 191/1592/587
f 198/1980/824 189/1993/996 212/1994/315
f 159/2309/84 189/2307/996 232/2257/185
f 210/647/1013 202/663/893 175/648/310
f 108/615/680 244/645/465 421/611/610
f 213/1202/457 207/1230/392 117/1164/264
f 287/352/288 184/336/923 185/356/1002
f 294/85/645 182/91/668 231/124/820
f 208/1363/631 292/1462/362 181/1455/720
f 214/357/478 157/358/107 189/338/996
f 189/4522/996 224/4523/203 212/4455/315
f 178/2292/218 236/2263/189 167/2262/25
f 241/1237/280 180/1260/235 234/1258/113
f 230/582/201 167/548/25 236/564/189
f 203/2839/17 193/2784/752 222/2863/325
f 202/2532/893 222/2626/325 175/2560/310
f 187/1626/1023 136/1642/1157 299/1633/320
f 225/1430/675 183/1436/763 197/1466/722
f 208/1363/631 4/1344/80 345/1347/588
f 232/2268/185 180/2327/235 159/2259/84
f 229/2910/180 162/2828/331 203/2839/17
f 212/1513/315 205/1506/87 198/1535/824
f 166/911/338 164/955/210 226/954/178
f 223/3361/283 211/3316/881 200/3352/476
f 315/1140/585 149/1217/858 392/1066/613
f 158/333/679 314/378/569 321/331/581
f 209/1125/727 217/1151/473 191/1161/587
f 203/2381/17 162/2405/331 209/2431/727
f 205/597/87 195/596/1055 192/616/851
f 193/2335/752 203/2381/17 250/2365/709
f 177/2274/155 202/2305/893 244/2255/465
f 221/126/319 220/157/746 177/167/155
f 221/2505/319 177/2456/155 244/2455/465
f 221/2505/319 244/2455/465 242/2510/285
f 383/1048/625 141/1054/546 171/1020/789
f 185/311/1002 158/333/679 321/331/581
f 197/1466/722 239/1461/525 225/1430/675
f 214/2769/478 215/2831/251 173/2777/146
f 209/2431/727 201/2495/447 217/2539/473
f 226/166/178 164/238/210 230/125/201
f 232/1742/185 195/1743/1055 205/1737/87
f 205/3857/87 192/3725/851 211/3724/881
f 195/3410/1055 232/3411/185 223/3361/283
f 223/3858/283 205/3857/87 211/3724/881
f 202/1556/893 250/1555/709 222/1571/325
f 175/2602/310 249/2544/800 210/2480/1013
f 213/4031/457 199/3955/151 207/4030/392
f 108/615/680 421/611/610 107/605/229
f 229/1481/180 175/1479/310 235/1419/147
f 232/1498/185 205/1506/87 212/1513/315
f 166/911/338 226/954/178 263/923/653
f 200/2442/476 260/2515/579 195/2491/1055
f 160/192/38 220/157/746 210/178/1013
f 218/2382/373 202/2399/893 210/2414/1013
f 137/30/552 182/91/668 317/55/682
f 237/4508/448 214/4444/478 189/4507/996
f 228/1320/1074 178/1360/218 176/1321/225
f 320/1549/302 170/1598/205 161/1550/337
f 211/4647/881 245/4608/896 200/4607/476
f 243/2287/976 202/2305/893 218/2303/373
f 202/2305/893 243/2287/976 244/2255/465
f 200/512/476 245/535/896 306/500/949
f 201/4057/447 246/4198/263 217/4200/473
f 234/2326/113 180/2327/235 232/2268/185
f 220/1878/746 218/1898/373 210/1899/1013
f 185/311/1002 321/331/581 287/309/288
f 302/337/390 184/336/923 287/352/288
f 258/29/609 25/33/462 256/95/630
f 217/796/473 246/817/263 229/797/180
f 205/2545/87 224/2605/203 198/2587/824
f 178/1360/218 228/1320/1074 236/1373/189
f 250/2365/709 203/2381/17 209/2431/727
f 320/1549/302 235/1596/147 170/1598/205
f 245/372/896 211/391/881 238/392/278
f 200/512/476 306/500/949 199/484/151
f 136/1642/1157 133/1880/1080 299/1633/320
f 314/378/569 114/380/244 151/386/690
f 38/1342/495 225/1430/675 307/1355/596
f 345/2388/588 4/2390/80 384/2315/607
f 173/2366/146 215/2367/251 237/2311/448
f 240/2773/725 215/2831/251 214/2769/478
f 214/4506/478 237/4436/448 224/4515/203
f 224/4515/203 237/4436/448 212/4435/315
f 222/2863/325 229/2910/180 203/2839/17
f 175/2602/310 229/2607/180 249/2544/800
f 252/2511/902 211/2443/881 227/2409/632
f 242/916/285 160/956/38 319/910/719
f 355/1301/599 117/1305/264 145/1245/700
f 420/1233/606 149/1217/858 315/1140/585
f 182/91/668 294/85/645 317/55/682
f 38/1342/495 307/1355/596 186/1313/612
f 194/1/624 137/30/552 563/26/716
f 272/2055/583 5/2036/53 419/1970/619
f 212/1513/315 247/1500/304 232/1498/185
f 223/3361/283 232/3411/185 260/3311/579
f 222/2863/325 218/2783/373 249/2870/800
f 218/3426/373 222/3367/325 250/3425/709
f 211/2443/881 252/2511/902 238/2518/278
f 320/720/302 161/871/337 291/742/226
f 310/2379/965 200/2442/476 207/2372/392
f 319/3675/719 160/3676/38 221/3615/319
f 224/2695/203 240/2773/725 214/2769/478
f 209/2203/727 229/2173/180 246/2190/263
f 212/1513/315 237/1540/448 247/1500/304
f 226/166/178 230/125/201 259/140/710
f 226/166/178 259/140/710 235/205/147
f 235/4349/147 251/4348/347 229/4446/180
f 205/2545/87 261/2591/854 224/2605/203
f 234/3285/113 230/3307/201 241/3326/280
f 230/1310/201 236/1337/189 228/1311/1074
f 229/2910/180 222/2863/325 249/2870/800
f 223/3361/283 260/3311/579 245/3288/896
f 228/1533/1074 176/1537/225 257/1501/967
f 250/2365/709 255/2353/955 218/2303/373
f 249/4544/800 218/4472/373 220/4543/746
f 218/2303/373 255/2353/955 243/2287/976
f 207/4093/392 199/4026/151 306/4025/949
f 142/578/590 342/576/601 233/559/543
f 265/1103/911 217/1068/473 229/1067/180
f 246/1150/263 254/1173/427 209/1149/727
f 247/3251/304 259/3250/710 230/3307/201
f 247/3251/304 234/3285/113 232/3281/185
f 247/3251/304 230/3307/201 234/3285/113
f 238/2518/278 261/2591/854 205/2545/87
f 228/2629/1074 241/2612/280 230/2611/201
f 205/1587/87 223/1594/283 238/1588/278
f 238/1143/278 223/1131/283 245/1142/896
f 227/2409/632 253/2427/797 252/2511/902
f 260/2515/579 200/2442/476 310/2379/965
f 216/792/551 300/812/867 239/837/525
f 217/1334/473 304/1382/864 275/1351/79
f 201/2495/447 304/2577/864 246/2486/263
f 304/2577/864 265/2464/911 246/2486/263
f 265/1103/911 304/1139/864 217/1068/473
f 259/140/710 251/237/347 235/205/147
f 241/2706/280 257/2735/967 266/2757/833
f 241/1026/280 228/1008/1074 257/1025/967
f 241/1237/280 266/1222/833 174/1188/211
f 264/1400/754 235/1408/147 320/1409/302
f 255/3989/955 249/3916/800 220/3915/746
f 221/2410/319 160/2507/38 210/2480/1013
f 310/2872/965 207/2871/392 306/2886/949
f 301/2752/411 215/2831/251 240/2773/725
f 237/2311/448 215/2367/251 276/2321/711
f 271/2724/209 240/2773/725 224/2695/203
f 209/2431/727 254/2462/427 250/2365/709
f 226/3896/178 235/3895/147 264/3994/754
f 226/3896/178 264/3994/754 263/3996/653
f 220/3915/746 243/3979/976 255/3989/955
f 220/157/746 221/126/319 285/147/432
f 213/2376/457 312/2374/850 227/2409/632
f 233/559/543 318/528/512 248/443/450
f 237/1338/448 240/1329/725 271/1333/209
f 265/1397/911 229/1396/180 251/1403/347
f 267/3310/999 259/3309/710 247/3356/304
f 252/2145/902 253/2144/797 245/2159/896
f 243/4530/976 220/4454/746 274/4453/349
f 220/157/746 285/147/432 274/159/349
f 244/2255/465 243/2287/976 283/2295/530
f 221/2410/319 210/2480/1013 285/2433/432
f 293/2228/582 28/2217/683 272/2055/583
f 201/2495/447 206/2564/284 304/2577/864
f 261/232/854 271/258/209 224/259/203
f 247/1500/304 237/1540/448 267/1484/999
f 362/2659/217 264/2687/754 320/2655/302
f 154/731/620 447/738/657 147/755/584
f 328/2771/982 215/2831/251 301/2752/411
f 240/41/725 237/56/448 301/57/411
f 246/4612/263 265/4611/911 262/4655/282
f 254/1173/427 246/1150/263 262/1148/282
f 238/2518/278 273/2528/894 261/2591/854
f 252/2511/902 273/2528/894 238/2518/278
f 237/2311/448 276/2321/711 301/2282/411
f 271/4411/209 261/4321/854 270/4346/443
f 267/1484/999 237/1540/448 271/1505/209
f 260/1676/579 252/1647/902 245/1646/896
f 279/207/1062 249/188/800 255/206/955
f 166/911/338 263/923/653 291/912/226
f 210/2480/1013 249/2544/800 316/2499/555
f 243/4530/976 274/4453/349 283/4529/530
f 392/1066/613 141/1054/546 383/1048/625
f 300/812/867 216/792/551 219/770/595
f 418/2688/598 13/2682/281 426/2667/589
f 268/174/647 152/385/635 435/442/694
f 215/2150/251 328/2157/982 276/2139/711
f 308/1101/888 206/1184/284 217/1151/473
f 308/1101/888 217/1151/473 275/1102/79
f 278/1158/843 254/1173/427 262/1148/282
f 273/2528/894 252/2511/902 269/2513/471
f 260/3937/579 269/3938/471 252/3873/902
f 248/443/450 284/425/487 151/386/690
f 153/1270/608 258/1255/609 424/1272/621
f 275/2063/79 262/2071/282 265/2064/911
f 267/2917/999 281/2878/1171 259/2920/710
f 259/140/710 296/204/1158 251/237/347
f 290/2874/1142 295/2840/1291 260/2800/579
f 253/4497/797 306/4565/949 245/4566/896
f 275/1102/79 265/1090/911 308/1101/888
f 296/1007/1158 265/1028/911 251/1032/347
f 281/3797/1171 266/3729/833 257/3796/967
f 257/3773/967 277/3821/1119 281/3822/1171
f 316/2499/555 249/2544/800 279/2565/1062
f 269/1496/471 260/1520/579 253/1521/797
f 253/2427/797 227/2409/632 298/2426/790
f 355/1169/599 213/1202/457 117/1164/264
f 142/578/590 107/620/229 342/576/601
f 154/2699/620 13/2682/281 418/2688/598
f 271/801/209 301/818/411 276/802/711
f 301/4320/411 271/4411/209 270/4346/443
f 303/1354/404 262/1318/282 275/1351/79
f 295/2660/1291 270/2661/443 261/2608/854
f 290/2874/1142 281/2878/1171 267/2917/999
f 280/2867/1169 282/2868/1170 259/2920/710
f 280/2867/1169 259/2920/710 281/2878/1171
f 250/2365/709 254/2462/427 288/2418/971
f 264/2812/754 280/2867/1169 263/2799/653
f 255/2353/955 250/2365/709 288/2418/971
f 269/2513/471 253/2427/797 298/2426/790
f 298/2426/790 227/2409/632 312/2374/850
f 285/2433/432 210/2480/1013 360/2482/703
f 303/1354/404 278/1322/843 262/1318/282
f 259/2920/710 282/2868/1170 296/2866/1158
f 282/2868/1170 280/2867/1169 264/2812/754
f 277/2814/1119 280/2867/1169 281/2878/1171
f 267/2917/999 295/2840/1291 290/2874/1142
f 263/4337/653 322/4336/499 291/4434/226
f 274/1860/349 279/1873/1062 255/1848/955
f 255/2353/955 288/2418/971 283/2295/530
f 274/234/349 255/233/955 283/246/530
f 306/2260/949 253/2297/797 260/2285/579
f 311/1621/914 221/1622/319 242/1612/285
f 151/386/690 284/425/487 314/378/569
f 231/3431/820 292/3432/362 294/3370/645
f 286/1470/63 225/1430/675 239/1461/525
f 304/3582/864 206/3637/284 308/3638/888
f 275/1351/79 304/1382/864 303/1354/404
f 267/657/999 301/708/411 270/709/443
f 278/1817/843 303/1813/404 265/1799/911
f 288/2418/971 254/2462/427 332/2469/781
f 261/2608/854 273/2619/894 295/2660/1291
f 336/2478/464 295/2547/1291 273/2528/894
f 320/4403/302 291/4434/226 322/4336/499
f 260/2515/579 310/2379/965 290/2571/1142
f 260/2285/579 295/2261/1291 306/2260/949
f 360/2482/703 210/2480/1013 316/2499/555
f 244/2255/465 283/2295/530 323/2280/993
f 302/1672/390 289/1842/626 184/1668/923
f 299/3334/320 286/3384/63 297/3385/371
f 294/3376/645 292/3440/362 287/3377/288
f 286/848/63 239/837/525 300/812/867
f 326/1473/638 300/1482/867 219/1474/595
f 219/770/595 147/755/584 447/738/657
f 309/1499/429 267/1484/999 271/1505/209
f 353/3225/262 280/3249/1169 277/3201/1119
f 168/113/150 204/98/567 363/96/194
f 298/2426/790 295/2547/1291 269/2513/471
f 283/2295/530 288/2418/971 305/2308/846
f 319/2400/719 221/2410/319 311/2420/914
f 302/3415/390 287/3377/288 292/3440/362
f 348/566/639 366/480/636 24/475/356
f 308/1809/888 265/1799/911 303/1813/404
f 267/657/999 309/679/429 301/708/411
f 270/2644/443 295/2547/1291 340/2589/200
f 324/4151/1148 296/4131/1158 279/4070/1062
f 325/1359/72 269/1328/471 295/1346/1291
f 279/4267/1062 288/4154/971 334/4230/470
f 298/3995/790 306/4074/949 295/4075/1291
f 305/2535/846 288/2534/971 279/2561/1062
f 305/1872/846 279/1873/1062 274/1860/349
f 274/159/349 285/147/432 335/191/131
f 323/3781/993 311/3826/914 242/3792/285
f 319/4059/719 323/4138/993 242/4139/285
f 314/378/569 284/425/487 339/435/586
f 286/848/63 326/822/638 297/1012/371
f 326/822/638 286/848/63 300/812/867
f 286/3384/63 299/3334/320 307/3355/596
f 225/1430/675 286/1470/63 307/1355/596
f 426/1293/589 153/1270/608 424/1272/621
f 140/2756/594 471/2772/605 480/2749/593
f 348/566/639 140/588/594 480/591/593
f 309/1499/429 271/1505/209 276/1541/711
f 330/313/925 267/323/999 270/301/443
f 332/3341/781 337/3291/456 288/3315/971
f 324/2536/1148 288/2520/971 296/2549/1158
f 269/2513/471 325/2468/72 273/2528/894
f 308/1714/888 303/1703/404 337/1722/456
f 265/1028/911 337/1013/456 331/1031/538
f 278/353/843 265/340/911 331/339/538
f 278/2483/843 332/2469/781 254/2462/427
f 282/2728/1170 264/2687/754 362/2659/217
f 322/1964/499 263/1908/653 333/1913/762
f 274/4546/349 335/4547/131 305/4491/846
f 284/425/487 248/443/450 318/528/512
f 294/85/645 287/309/288 321/331/581
f 292/1462/362 208/1363/631 388/1454/699
f 330/313/925 270/301/443 378/300/852
f 263/639/653 280/676/1169 343/673/704
f 334/2521/470 288/2520/971 324/2536/1148
f 336/3117/464 329/3091/172 295/3116/1291
f 327/4485/93 305/4491/846 335/4547/131
f 347/177/1038 335/191/131 285/147/432
f 347/177/1038 285/147/432 311/137/914
f 152/385/635 24/475/356 366/480/636
f 332/2469/781 278/2483/843 331/2514/538
f 296/2603/1158 369/2609/234 279/2565/1062
f 263/639/653 343/673/704 333/643/762
f 283/2295/530 305/2308/846 323/2280/993
f 323/3781/993 347/3825/1038 311/3826/914
f 318/528/512 233/559/543 342/576/601
f 284/425/487 318/528/512 339/435/586
f 268/174/647 386/76/629 256/95/630
f 337/1332/456 303/1354/404 331/1350/538
f 303/1354/404 304/1382/864 331/1350/538
f 340/1415/200 295/1443/1291 330/1446/925
f 330/1446/925 295/1443/1291 267/1484/999
f 296/3271/1158 288/3315/971 337/3291/456
f 358/841/95 257/852/967 168/842/150
f 334/2364/470 327/2336/93 279/2394/1062
f 306/1894/949 298/1920/790 325/1895/72
f 305/2308/846 327/2336/93 323/2280/993
f 312/1201/850 213/1202/457 355/1169/599
f 317/55/682 294/85/645 321/331/581
f 337/1013/456 265/1028/911 296/1007/1158
f 273/2528/894 325/2468/72 336/2478/464
f 279/4070/1062 327/4069/93 335/4124/131
f 360/2482/703 316/2499/555 335/2503/131
f 285/2433/432 360/2482/703 311/2420/914
f 310/1229/965 306/1240/949 312/1241/850
f 152/385/635 366/480/636 435/442/694
f 276/2139/711 328/2157/982 338/2140/1059
f 304/3582/864 308/3638/888 349/3595/1044
f 309/1499/429 276/1541/711 338/1471/1059
f 257/852/967 358/841/95 277/903/1119
f 316/2499/555 279/2565/1062 352/2550/1116
f 324/4151/1148 279/4070/1062 335/4124/131
f 306/1319/949 325/1359/72 341/1388/930
f 312/4186/850 306/4087/949 344/4185/1100
f 319/2370/719 244/2411/465 323/2412/993
f 354/1176/425 420/1233/606 315/1140/585
f 354/1176/425 315/1140/585 392/1066/613
f 137/30/552 317/55/682 563/26/716
f 186/1922/612 419/1970/619 1/1967/27
f 365/1250/308 266/1222/833 281/1261/1171
f 325/1359/72 295/1346/1291 329/1379/172
f 329/2494/172 290/2571/1142 310/2379/965
f 316/2499/555 352/2550/1116 335/2503/131
f 336/4559/464 325/4639/72 298/4560/790
f 336/2478/464 298/2426/790 312/2374/850
f 347/878/1038 360/863/703 335/862/131
f 349/1753/1044 308/1714/888 337/1722/456
f 309/4592/429 330/4656/925 301/4657/411
f 358/841/95 353/893/262 277/903/1119
f 266/1222/833 365/1250/308 174/1188/211
f 357/4392/272 320/4391/302 322/4459/499
f 327/2336/93 334/2364/470 323/2280/993
f 319/2400/719 311/2420/914 360/2482/703
f 338/1471/1059 330/1446/925 309/1499/429
f 370/2058/482 281/2068/1171 290/2022/1142
f 280/1674/1169 353/1675/262 343/1616/704
f 357/1907/272 322/1964/499 333/1913/762
f 341/1388/930 325/1359/72 329/1379/172
f 292/1462/362 404/1599/865 302/1672/390
f 317/55/682 321/331/581 375/86/491
f 272/2055/583 419/1970/619 502/2016/1072
f 293/2228/582 272/2055/583 486/2113/829
f 330/2683/925 378/2670/852 301/2752/411
f 279/2565/1062 369/2609/234 352/2550/1116
f 324/1206/1148 335/1207/131 334/1196/470
f 344/2434/1100 336/2478/464 312/2374/850
f 299/1633/320 133/1880/1080 405/1784/616
f 338/1471/1059 340/1415/200 330/1446/925
f 335/4263/131 337/4262/456 334/4343/470
f 361/1189/219 174/1188/211 365/1250/308
f 363/96/194 358/111/95 168/113/150
f 341/2428/930 329/2494/172 310/2379/965
f 306/4087/949 341/4107/930 344/4185/1100
f 314/378/569 339/435/586 374/360/651
f 377/784/547 326/822/638 219/770/595
f 378/2670/852 328/2771/982 301/2752/411
f 340/1415/200 338/1471/1059 346/1431/529
f 340/185/200 346/215/529 329/216/172
f 329/216/172 336/193/464 340/185/200
f 329/2494/172 367/2572/261 290/2571/1142
f 362/2659/217 372/2725/350 282/2728/1170
f 341/1295/930 351/1292/1063 344/1262/1100
f 352/2550/1116 360/2482/703 347/2476/1038
f 318/528/512 356/561/687 339/435/586
f 321/331/581 314/378/569 374/360/651
f 171/1020/789 297/1012/371 383/1048/625
f 331/1350/538 304/1382/864 349/1380/1044
f 334/2364/470 337/2466/456 347/2337/1038
f 323/2280/993 334/2364/470 347/2337/1038
f 387/1584/753 299/1633/320 405/1784/616
f 154/2699/620 418/2688/598 447/2703/657
f 486/2113/829 272/2055/583 502/2016/1072
f 350/2594/868 270/2644/443 340/2589/200
f 352/1739/1116 349/1753/1044 337/1722/456
f 352/1739/1116 337/1722/456 335/1702/131
f 329/3506/172 346/3507/529 351/3405/1063
f 318/528/512 342/576/601 356/561/687
f 421/629/610 449/621/577 107/620/229
f 384/2315/607 293/2228/582 511/2266/557
f 344/2434/1100 340/2589/200 336/2478/464
f 421/611/610 244/645/465 319/670/719
f 338/4521/1059 328/4451/982 346/4450/529
f 346/1803/529 328/1794/982 378/1829/852
f 359/3313/360 337/3291/456 332/3341/781
f 344/2434/1100 350/2594/868 340/2589/200
f 367/2015/261 370/2058/482 290/2022/1142
f 281/1261/1171 370/1264/482 365/1250/308
f 333/643/762 343/673/704 357/640/272
f 329/2494/172 351/2475/1063 367/2572/261
f 204/3191/567 174/3099/211 361/3098/219
f 342/576/601 107/620/229 449/621/577
f 394/1667/712 289/1842/626 302/1672/390
f 375/86/491 321/331/581 373/303/573
f 347/2337/1038 337/2466/456 359/2488/360
f 361/3098/219 363/3187/194 204/3191/567
f 339/435/586 356/561/687 396/455/751
f 374/360/651 339/435/586 396/455/751
f 376/963/562 297/1012/371 326/822/638
f 307/1355/596 299/1633/320 385/1441/685
f 403/1215/578 296/1291/1158 282/1213/1170
f 369/1276/234 296/1291/1158 403/1215/578
f 371/1620/286 343/1616/704 353/1675/262
f 358/2039/95 364/2012/124 353/2028/262
f 350/1252/868 344/1262/1100 351/1292/1063
f 369/2609/234 360/2482/703 352/2550/1116
f 362/641/217 320/680/302 357/681/272
f 383/1048/625 297/1012/371 376/963/562
f 424/21/621 258/29/609 611/38/735
f 331/1350/538 349/1380/1044 368/1383/532
f 352/3903/1116 359/3837/360 349/3879/1044
f 351/1292/1063 346/1296/529 350/1252/868
f 371/2002/286 353/2028/262 364/2012/124
f 405/1784/616 133/1880/1080 825/1900/597
f 346/1803/529 378/1829/852 367/1795/261
f 350/1249/868 346/1248/529 367/1289/261
f 403/2727/578 282/2728/1170 372/2725/350
f 347/3838/1038 359/3837/360 352/3903/1116
f 343/673/704 371/696/286 357/640/272
f 373/303/573 321/331/581 374/360/651
f 377/784/547 376/963/562 326/822/638
f 368/1053/532 349/1046/1044 359/1045/360
f 370/2058/482 367/2015/261 391/2001/900
f 365/2003/308 363/2052/194 361/2051/219
f 447/738/657 377/784/547 219/770/595
f 256/95/630 386/76/629 258/29/609
f 378/2651/852 270/2644/443 350/2594/868
f 368/3909/532 359/3946/360 369/3874/234
f 371/3461/286 372/3460/350 357/3596/272
f 369/3874/234 359/3946/360 360/3947/703
f 372/3460/350 362/3597/217 357/3596/272
f 365/2003/308 364/2012/124 358/2039/95
f 365/2003/308 358/2039/95 363/2052/194
f 404/1599/865 394/1667/712 302/1672/390
f 611/38/735 258/29/609 386/76/629
f 350/1100/868 367/1072/261 380/1093/974
f 385/1441/685 299/1633/320 398/1510/778
f 208/1363/631 564/1361/603 388/1454/699
f 516/305/1057 268/174/647 435/442/694
f 368/776/532 369/743/234 382/747/989
f 379/3314/920 359/3313/360 332/3341/781
f 364/1063/124 365/995/308 406/1016/522
f 360/2482/703 359/2642/360 379/2628/920
f 360/2482/703 379/2628/920 381/2447/644
f 387/1584/753 405/1784/616 497/1663/428
f 413/1563/937 404/1599/865 292/1462/362
f 401/756/656 368/776/532 382/747/989
f 360/2482/703 381/2447/644 319/2400/719
f 299/1633/320 397/1547/786 398/1510/778
f 331/2514/538 427/2546/363 332/2469/781
f 379/3314/920 332/3341/781 429/3342/434
f 382/1277/989 369/1276/234 403/1215/578
f 406/1016/522 371/1141/286 364/1063/124
f 389/2467/521 367/2572/261 351/2475/1063
f 341/2428/930 389/2467/521 351/2475/1063
f 428/2639/385 378/2651/852 350/2594/868
f 367/1795/261 378/1829/852 391/1820/900
f 365/1250/308 370/1264/482 406/1259/522
f 367/2572/261 389/2467/521 380/2585/974
f 374/360/651 396/455/751 402/401/750
f 438/1915/617 289/1842/626 394/1667/712
f 400/198/483 373/303/573 412/261/759
f 375/86/491 373/303/573 400/198/483
f 376/963/562 377/784/547 393/900/408
f 377/784/547 399/827/418 393/900/408
f 395/135/379 375/86/491 400/198/483
f 391/4307/900 378/4288/852 380/4260/974
f 389/4259/521 391/4307/900 380/4260/974
f 390/2523/912 381/2447/644 379/2628/920
f 420/1233/606 560/1246/469 145/1245/700
f 386/76/629 268/174/647 478/175/884
f 331/3050/538 368/3064/532 427/3008/363
f 429/2517/434 332/2469/781 427/2546/363
f 401/3297/656 379/3314/920 429/3342/434
f 382/3267/989 379/3314/920 401/3297/656
f 390/2384/912 379/2383/920 382/2413/989
f 437/1177/663 420/1233/606 354/1176/425
f 430/931/878 376/963/562 393/900/408
f 299/1633/320 387/1584/753 397/1547/786
f 400/198/483 412/261/759 454/241/1281
f 408/1519/875 292/1462/362 388/1454/699
f 390/14/912 382/13/989 417/48/301
f 356/561/687 415/568/684 396/455/751
f 373/303/573 374/360/651 432/314/677
f 408/1519/875 413/1563/937 292/1462/362
f 268/174/647 516/305/1057 478/175/884
f 350/1100/868 380/1093/974 411/1099/316
f 407/2496/383 391/2579/900 389/2467/521
f 560/1246/469 355/1301/599 145/1245/700
f 412/261/759 373/303/573 425/279/1233
f 400/198/483 439/190/1217 395/135/379
f 395/135/379 456/112/872 375/86/491
f 380/289/974 431/325/513 411/304/316
f 676/2378/664 389/2467/521 341/2428/930
f 415/568/684 356/561/687 342/576/601
f 458/1003/847 383/1048/625 376/963/562
f 376/963/562 430/931/878 467/944/1209
f 454/3875/1281 413/3961/937 400/3876/483
f 406/1016/522 372/1210/350 371/1141/286
f 390/1850/912 417/1849/301 414/1867/276
f 676/2378/664 341/2428/930 310/2379/965
f 425/1635/1233 394/1667/712 404/1599/865
f 422/877/835 393/900/408 399/827/418
f 409/4520/1131 408/4586/875 388/4587/699
f 317/55/682 375/86/491 444/87/634
f 390/2397/912 414/2445/276 459/2444/927
f 436/961/1050 458/1003/847 376/963/562
f 430/3693/878 387/3765/753 436/3777/1050
f 431/325/513 380/289/974 378/324/852
f 431/4496/513 391/4495/900 411/4567/316
f 411/2586/316 391/2579/900 407/2496/383
f 372/2725/350 472/2717/737 403/2727/578
f 381/2447/644 390/2523/912 479/2512/563
f 387/3652/753 497/3651/428 448/3679/984
f 465/3694/1194 430/3693/878 436/3777/1050
f 398/1510/778 397/1547/786 455/1545/1272
f 466/866/855 422/877/835 399/827/418
f 456/3718/872 395/3707/379 409/3660/1131
f 417/748/301 401/756/656 414/722/276
f 407/2496/383 423/2529/488 411/2586/316
f 437/1177/663 354/1176/425 392/1066/613
f 436/3716/1050 387/3652/753 448/3679/984
f 564/1361/603 208/1363/631 345/1347/588
f 431/3199/513 378/3227/852 428/3247/385
f 434/775/497 368/776/532 401/756/656
f 397/3801/786 468/3802/1296 410/3759/885
f 455/2223/1272 397/2222/786 410/2247/885
f 399/1940/418 416/1924/544 385/1909/685
f 407/4228/383 460/4229/89 423/4166/488
f 468/3802/1296 393/3726/408 410/3759/885
f 395/3942/379 476/3941/1280 409/3990/1131
f 428/2639/385 350/2594/868 411/2586/316
f 401/2519/656 429/2517/434 414/2445/276
f 396/455/751 415/568/684 440/492/708
f 500/1683/395 438/1915/617 394/1667/712
f 436/961/1050 376/963/562 467/944/1209
f 397/1547/786 387/1584/753 468/1570/1296
f 439/1544/1217 413/1563/937 408/1519/875
f 439/190/1217 476/180/1280 395/135/379
f 385/3484/685 466/3442/855 399/3419/418
f 456/112/872 444/87/634 375/86/491
f 713/1163/650 312/1201/850 355/1169/599
f 455/4099/1272 422/4027/835 398/4098/778
f 417/748/301 434/775/497 401/756/656
f 431/59/513 452/54/828 391/7/900
f 417/1290/301 382/1277/989 403/1215/578
f 313/807/627 872/777/387 509/991/611
f 402/401/750 396/455/751 433/446/780
f 402/401/750 433/446/780 451/408/486
f 500/3721/395 394/3722/712 442/3710/845
f 425/1635/1233 442/1669/845 394/1667/712
f 319/2400/719 381/2447/644 649/2401/502
f 404/834/865 454/833/1281 412/856/759
f 485/1516/953 385/1441/685 398/1510/778
f 385/3484/685 485/3478/953 466/3442/855
f 476/1534/1280 408/1519/875 409/1493/1131
f 564/1361/603 489/1458/415 388/1454/699
f 348/566/639 473/506/758 366/480/636
f 534/136/692 386/76/629 478/175/884
f 427/3008/363 368/3064/532 434/3049/497
f 428/2639/385 411/2586/316 441/2568/739
f 452/2000/828 370/2058/482 391/2001/900
f 414/2445/276 429/2517/434 445/2487/738
f 441/2568/739 411/2586/316 423/2529/488
f 479/3971/563 390/3970/912 459/4019/927
f 310/1231/965 312/1201/850 713/1163/650
f 440/492/708 433/446/780 396/455/751
f 614/1056/689 392/1066/613 383/1048/625
f 602/365/661 402/401/750 451/408/486
f 374/360/651 402/401/750 602/365/661
f 584/1023/686 383/1048/625 458/1003/847
f 468/920/1296 430/931/878 393/900/408
f 410/904/885 393/900/408 422/877/835
f 370/2058/482 522/2056/1104 406/2077/522
f 133/1112/1080 313/807/627 509/991/611
f 425/1635/1233 404/1599/865 474/1613/1292
f 430/4071/878 468/4017/1296 387/4016/753
f 454/1579/1281 404/1599/865 413/1563/937
f 413/1563/937 439/1544/1217 477/1567/1274
f 317/55/682 444/87/634 542/60/520
f 307/1355/596 385/1441/685 515/1376/591
f 307/1355/596 498/1331/539 186/1313/612
f 498/1921/539 419/1970/619 186/1922/612
f 431/3199/513 428/3247/385 450/3211/844
f 443/2578/384 429/2517/434 427/2546/363
f 522/359/1104 510/344/1085 406/297/522
f 440/492/708 415/568/684 463/505/468
f 400/3813/483 413/3761/937 477/3812/1274
f 399/827/418 377/784/547 505/809/537
f 427/3008/363 434/3049/497 443/3001/384
f 450/3211/844 428/3247/385 446/3256/615
f 429/2517/434 443/2578/384 461/2556/817
f 459/2444/927 414/2445/276 445/2487/738
f 474/266/1292 412/261/759 425/279/1233
f 469/3689/869 385/3653/685 416/3717/544
f 452/54/828 431/59/513 450/88/844
f 417/748/301 464/769/836 434/775/497
f 445/2487/738 429/2517/434 461/2556/817
f 463/505/468 415/568/684 605/586/665
f 457/1649/1263 442/1669/845 425/1635/1233
f 425/279/1233 373/303/573 457/288/1263
f 503/3466/298 409/3537/1131 388/3467/699
f 649/2401/502 381/2447/644 479/2512/563
f 543/1216/400 420/1233/606 437/1177/663
f 546/1065/492 392/1066/613 614/1056/689
f 497/1663/428 405/1784/616 722/1640/913
f 432/1819/677 442/1807/845 457/1818/1263
f 400/198/483 477/218/1274 439/190/1217
f 511/2266/557 293/2228/582 504/2181/782
f 406/1016/522 472/1205/737 372/1210/350
f 462/2509/670 441/2568/739 423/2529/488
f 462/2850/670 423/2849/488 460/2869/89
f 543/1216/400 437/1177/663 392/1066/613
f 546/1065/492 543/1216/400 392/1066/613
f 497/3651/428 458/3708/847 448/3679/984
f 467/4395/1209 430/4394/878 465/4484/1194
f 422/877/835 455/907/1272 410/904/885
f 504/2181/782 293/2228/582 486/2113/829
f 464/3041/836 443/3001/384 434/3049/497
f 825/1129/597 133/1112/1080 509/991/611
f 432/314/677 457/288/1263 373/303/573
f 404/3828/865 412/3768/759 474/3827/1292
f 441/2568/739 446/2662/615 428/2639/385
f 475/1267/962 403/1215/578 472/1205/737
f 385/3653/685 469/3689/869 487/3654/207
f 385/1441/685 492/1437/401 515/1376/591
f 484/3022/467 461/2981/817 443/3001/384
f 470/3723/1177 445/3750/738 461/3799/817
f 462/2509/670 481/2574/230 441/2568/739
f 442/3710/845 432/3670/677 495/3666/309
f 594/2387/658 345/2388/588 384/2315/607
f 443/3001/384 464/3041/836 484/3022/467
f 452/54/828 450/88/844 481/68/230
f 389/2467/521 462/2509/670 407/2496/383
f 462/2509/670 389/2467/521 514/2425/676
f 342/576/601 449/621/577 415/568/684
f 614/1056/689 383/1048/625 584/1023/686
f 556/2306/574 594/2387/658 384/2315/607
f 472/1205/737 406/1016/522 512/1160/1117
f 469/1910/869 416/1924/544 399/1940/418
f 456/3718/872 409/3660/1131 503/3659/298
f 399/827/418 505/809/537 469/831/869
f 564/1361/603 345/1347/588 594/1353/658
f 445/2487/738 470/2542/1177 459/2444/927
f 676/1226/664 310/1231/965 713/1163/650
f 467/4563/1209 465/4488/1194 436/4562/1050
f 487/1576/207 469/1577/869 505/1578/537
f 446/2662/615 441/2568/739 481/2574/230
f 475/1267/962 417/1290/301 403/1215/578
f 872/777/387 313/807/627 438/726/617
f 451/408/486 433/446/780 507/465/328
f 432/314/677 374/360/651 495/315/309
f 470/3723/1177 461/3799/817 554/3800/431
f 462/2509/670 460/2522/89 407/2496/383
f 433/446/780 440/492/708 507/465/328
f 497/3651/428 493/3709/240 458/3708/847
f 436/3716/1050 448/3679/984 458/3708/847
f 473/506/758 435/442/694 366/480/636
f 446/3820/615 481/3760/230 483/3804/342
f 476/1534/1280 439/1544/1217 408/1519/875
f 471/2780/605 194/2818/624 552/2804/934
f 480/591/593 473/506/758 348/566/639
f 475/750/962 464/769/836 417/748/301
f 676/1226/664 713/1163/650 711/1197/541
f 307/1355/596 515/1376/591 498/1331/539
f 569/3005/405 461/2981/817 484/3022/467
f 398/1510/778 491/1524/169 485/1516/953
f 487/2638/207 492/2599/401 385/2598/685
f 388/397/699 489/367/415 503/396/298
f 516/305/1057 435/442/694 526/376/660
f 450/3211/844 446/3256/615 483/3200/342
f 522/2056/1104 370/2058/482 452/2000/828
f 462/8/670 452/54/828 481/68/230
f 459/398/927 475/388/962 479/370/563
f 676/2378/664 514/2425/676 389/2467/521
f 480/591/593 506/567/559 473/506/758
f 475/2175/962 470/2201/1177 464/2202/836
f 512/1160/1117 406/1016/522 510/1006/1085
f 475/388/962 488/371/177 479/370/563
f 713/1304/650 355/1301/599 560/1246/469
f 493/1001/240 584/1023/686 458/1003/847
f 470/2201/1177 475/2175/962 459/2176/927
f 500/1683/395 624/1754/602 438/1915/617
f 451/4464/486 507/4463/328 453/4528/184
f 398/592/778 422/614/835 491/593/169
f 317/55/682 542/60/520 563/26/716
f 435/442/694 473/506/758 523/447/733
f 470/3723/1177 554/3800/431 519/3742/785
f 494/2492/791 508/2570/1065 452/2575/828
f 494/2492/791 452/2575/828 462/2509/670
f 450/88/844 520/103/873 481/68/230
f 470/4135/1177 490/4144/336 488/4211/177
f 470/368/1177 519/404/785 490/369/336
f 494/2492/791 462/2509/670 514/2425/676
f 491/880/169 422/877/835 466/866/855
f 586/1968/863 419/1970/619 498/1921/539
f 544/497/761 473/506/758 506/567/559
f 419/1970/619 586/1968/863 502/2016/1072
f 516/3891/1057 486/3958/829 502/3892/1072
f 484/983/467 464/958/836 470/946/1177
f 483/1815/342 577/1826/764 450/1864/844
f 470/1405/1177 488/1365/177 496/1390/837
f 519/1378/785 554/1364/431 496/1390/837
f 649/2401/502 479/2512/563 548/2463/480
f 495/315/309 374/360/651 602/365/661
f 542/60/520 444/87/634 503/116/298
f 377/784/547 553/741/622 505/809/537
f 611/38/735 386/76/629 534/136/692
f 511/2266/557 556/2306/574 384/2315/607
f 520/3468/873 450/3518/844 585/3519/323
f 481/3089/230 520/3088/873 508/3135/1065
f 481/3089/230 508/3135/1065 494/3121/791
f 484/983/467 470/946/1177 496/952/837
f 519/1378/785 496/1390/837 488/1365/177
f 517/1244/1129 475/1267/962 472/1205/737
f 479/4210/563 488/4211/177 490/4144/336
f 440/81/708 513/80/386 507/114/328
f 500/3721/395 442/3710/845 495/3666/309
f 497/3604/428 487/3568/207 493/3552/240
f 444/4193/634 456/4261/872 503/4194/298
f 585/1855/323 450/1864/844 577/1826/764
f 508/2018/1065 522/2056/1104 452/2000/828
f 517/1244/1129 488/1271/177 475/1267/962
f 517/1244/1129 472/1205/737 512/1160/1117
f 555/521/503 463/505/468 605/586/665
f 440/492/708 463/505/468 513/478/386
f 493/1001/240 487/816/207 501/894/334
f 500/3502/395 495/3459/309 489/3501/415
f 489/3501/415 495/3459/309 503/3444/298
f 487/3568/207 497/3604/428 492/3605/401
f 491/977/169 501/968/334 487/967/207
f 491/1524/169 487/1448/207 485/1516/953
f 485/1609/953 487/1628/207 505/1610/537
f 447/738/657 553/741/622 377/784/547
f 552/2804/934 194/2818/624 563/2833/716
f 518/4663/279 499/4601/247 482/4662/57
f 482/1585/57 565/1552/1070 518/1562/279
f 526/376/660 435/442/694 523/447/733
f 530/4448/1012 484/4449/467 488/4324/177
f 524/4000/777 488/4001/177 484/3945/467
f 524/962/777 484/983/467 496/952/837
f 545/2891/321 537/2938/832 483/2939/342
f 519/4606/785 488/4527/177 524/4526/777
f 421/611/610 319/670/719 649/666/502
f 507/114/328 513/80/386 538/108/435
f 507/465/328 538/456/435 453/410/184
f 491/880/169 541/882/445 501/894/334
f 518/2115/279 504/2181/782 486/2113/829
f 534/136/692 478/175/884 502/182/1072
f 502/182/1072 478/175/884 516/305/1057
f 530/1274/1012 488/1271/177 517/1244/1129
f 548/2463/480 479/2512/563 490/2551/336
f 560/1246/469 420/1233/606 543/1216/400
f 463/505/468 555/521/503 513/478/386
f 541/2750/445 491/2760/169 466/2751/855
f 485/3478/953 541/3485/445 466/3442/855
f 516/4231/1057 504/4303/782 518/4319/279
f 577/3203/764 483/3202/342 520/3255/873
f 520/4021/873 483/3920/342 537/3919/832
f 525/2493/1284 517/2553/1129 512/2543/1117
f 495/315/309 602/365/661 550/286/564
f 492/1437/401 497/1663/428 622/1546/1134
f 489/1458/415 617/1560/861 500/1683/395
f 502/2016/1072 599/1998/671 632/2043/549
f 523/447/733 473/506/758 544/497/761
f 504/4303/782 516/4231/1057 526/4240/660
f 535/3051/673 484/3022/467 530/3065/1012
f 531/298/1110 510/344/1085 522/359/1104
f 562/2775/289 527/2753/1126 519/2770/785
f 527/405/1126 490/369/336 519/404/785
f 525/2493/1284 512/2543/1117 528/2490/1282
f 517/2553/1129 525/2493/1284 530/2593/1012
f 490/369/336 527/405/1126 533/381/1183
f 533/821/1183 548/815/480 490/814/336
f 584/1023/686 493/1001/240 501/894/334
f 591/883/744 501/894/334 541/882/445
f 569/3005/405 484/3022/467 535/3051/673
f 519/3611/785 535/3634/673 530/3612/1012
f 519/2617/785 524/2643/777 535/2618/673
f 537/4134/832 508/4212/1065 520/4199/873
f 566/3819/377 483/3804/342 481/3760/230
f 566/3819/377 481/3760/230 537/3763/832
f 481/2574/230 494/2492/791 537/2576/832
f 532/4133/1120 508/4212/1065 537/4134/832
f 531/2449/1110 528/2490/1282 510/2548/1085
f 532/2485/1120 537/2576/832 494/2492/791
f 531/1123/1110 522/1124/1104 508/1088/1065
f 528/2490/1282 512/2543/1117 510/2548/1085
f 533/2448/1183 530/2593/1012 525/2493/1284
f 533/2448/1183 527/2541/1126 530/2593/1012
f 531/1123/1110 508/1088/1065 532/1069/1120
f 514/2425/676 532/2485/1120 494/2492/791
f 531/2449/1110 533/2448/1183 528/2490/1282
f 451/705/486 453/686/184 590/704/484
f 497/1663/428 722/1640/913 622/1546/1134
f 540/1573/1238 565/1552/1070 482/1585/57
f 610/560/747 544/497/761 506/567/559
f 611/38/735 534/136/692 621/110/1152
f 486/2967/829 536/2908/413 518/2940/279
f 592/3137/940 516/3136/1057 518/3172/279
f 557/4479/406 519/4375/785 530/4511/1012
f 557/3769/406 551/3831/125 519/3832/785
f 566/1802/377 545/1822/321 483/1815/342
f 527/3451/1126 557/3515/406 530/3496/1012
f 525/2493/1284 528/2490/1282 533/2448/1183
f 421/611/610 649/666/502 618/606/614
f 509/991/611 872/777/387 877/1089/440
f 549/423/474 590/402/484 453/410/184
f 503/116/298 495/315/309 550/286/564
f 679/1445/981 489/1458/415 564/1361/603
f 482/3446/57 499/3449/247 547/3585/667
f 600/189/498 534/136/692 502/182/1072
f 536/2908/413 486/2967/829 516/2925/1057
f 551/960/125 524/962/777 496/952/837
f 551/960/125 496/952/837 562/945/289
f 562/3583/289 496/3571/837 554/3620/431
f 533/1315/1183 531/1608/1110 582/1600/104
f 549/423/474 453/410/184 538/456/435
f 594/2387/658 556/2306/574 639/2332/1146
f 539/2900/137 595/2859/556 504/2858/782
f 502/182/1072 632/217/549 600/189/498
f 539/2880/137 504/2836/782 526/2835/660
f 577/4671/764 520/4672/873 545/4616/321
f 551/3968/125 535/4018/673 524/3969/777
f 557/2731/406 527/2753/1126 562/2775/289
f 531/1608/1110 532/1688/1120 583/1687/353
f 415/568/684 449/621/577 605/586/665
f 538/456/435 641/450/811 549/423/474
f 485/869/953 505/809/537 541/882/445
f 586/1968/863 498/1921/539 682/1927/798
f 499/2966/247 518/2940/279 536/2908/413
f 545/3745/321 520/3833/873 585/3746/323
f 557/441/406 535/421/673 551/440/125
f 551/2204/125 562/2187/289 519/2186/785
f 557/3808/406 559/3748/148 570/3807/91
f 557/3808/406 562/3744/289 559/3748/148
f 561/1442/369 533/1315/1183 582/1600/104
f 570/1323/91 533/1315/1183 581/1391/345
f 584/1023/686 501/894/334 591/883/744
f 603/156/823 503/116/298 550/286/564
f 482/2299/57 547/2288/667 579/2298/929
f 482/1585/57 579/1586/929 540/1573/1238
f 499/2676/247 568/2715/314 565/2653/1070
f 518/4661/279 565/4600/1070 592/4660/940
f 684/2191/870 511/2266/557 504/2181/782
f 592/4593/940 536/4652/413 516/4594/1057
f 545/3140/321 585/3141/323 537/3193/832
f 566/4215/377 537/4274/832 574/4275/117
f 532/2485/1120 514/2425/676 676/2378/664
f 421/629/610 618/630/614 449/621/577
f 543/1216/400 596/1227/536 560/1246/469
f 679/1445/981 617/1560/861 489/1458/415
f 503/116/298 603/156/823 542/60/520
f 447/2703/657 418/2688/598 553/2711/622
f 540/3499/1238 547/3585/667 499/3449/247
f 956/4/899 424/21/621 611/38/735
f 529/1865/42 568/1852/314 558/1851/269
f 606/151/950 534/136/692 600/189/498
f 526/4043/660 567/4044/393 539/3964/137
f 597/713/149 569/730/405 535/714/673
f 557/2094/406 613/2083/815 535/2111/673
f 582/1600/104 531/1608/1110 583/1687/353
f 589/2471/88 583/2481/353 532/2485/1120
f 533/2583/1183 570/2620/91 548/2580/480
f 513/478/386 555/521/503 623/482/819
f 543/1216/400 546/1065/492 596/1227/536
f 515/1376/591 492/1437/401 622/1546/1134
f 604/25/678 563/26/716 542/60/520
f 547/4536/667 588/4518/293 608/4578/181
f 579/4579/929 547/4536/667 608/4578/181
f 540/3499/1238 499/3449/247 565/3445/1070
f 502/2016/1072 586/1968/863 599/1998/671
f 568/2888/314 499/2966/247 536/2908/413
f 640/3069/391 529/3096/42 558/3124/269
f 597/2110/149 535/2111/673 613/2083/815
f 461/349/817 569/347/405 609/326/1019
f 587/1485/394 557/1523/406 570/1447/91
f 572/3323/129 571/3335/70 583/3373/353
f 582/3369/104 578/3329/144 561/3353/369
f 578/3329/144 573/3322/237 561/3353/369
f 449/621/577 618/630/614 605/586/665
f 603/156/823 550/286/564 615/199/938
f 541/882/445 505/809/537 553/741/622
f 575/2950/265 593/2906/517 539/2900/137
f 595/2859/556 539/2900/137 593/2906/517
f 635/3192/241 537/3193/832 585/3141/323
f 572/2004/129 598/2011/472 571/2065/70
f 574/459/117 537/529/832 598/477/472
f 580/1960/175 587/1954/394 570/1978/91
f 581/1979/345 580/1960/175 570/1978/91
f 571/3335/70 582/3369/104 583/3373/353
f 589/4621/88 574/4540/117 572/4539/129
f 596/1227/536 713/1304/650 560/1246/469
f 614/1056/689 596/1227/536 546/1065/492
f 451/408/486 590/402/484 602/365/661
f 624/1754/602 500/1683/395 617/1560/861
f 682/1335/798 498/1331/539 515/1376/591
f 592/2666/940 565/2653/1070 568/2715/314
f 558/2020/269 568/2010/314 536/2009/413
f 595/4266/556 684/4224/870 504/4223/782
f 621/110/1152 534/136/692 606/151/950
f 601/1179/892 575/1147/265 539/1180/137
f 601/3793/892 539/3818/137 567/3757/393
f 574/514/117 598/513/472 572/542/129
f 676/2378/664 589/2471/88 532/2485/1120
f 722/1640/913 405/1784/616 825/1900/597
f 550/286/564 627/248/1054 615/199/938
f 523/447/733 544/497/761 659/491/810
f 689/1449/693 635/1465/241 585/1421/323
f 578/3329/144 582/3369/104 571/3335/70
f 561/3337/369 573/3381/237 808/3394/695
f 574/2398/117 589/2429/88 651/2369/364
f 649/2401/502 548/2463/480 721/2406/566
f 711/1197/541 709/1223/300 676/1226/664
f 541/882/445 553/741/622 620/753/592
f 659/491/810 694/438/898 523/447/733
f 626/389/853 526/376/660 523/447/733
f 598/477/472 537/529/832 631/501/1051
f 571/2065/70 598/2011/472 690/2057/83
f 589/2007/88 572/2034/129 660/2027/287
f 583/2714/353 660/2747/287 572/2748/129
f 622/906/1134 722/993/913 643/947/972
f 601/4029/892 595/4028/556 593/4095/517
f 556/2306/574 511/2266/557 662/2284/466
f 567/343/393 526/376/660 626/389/853
f 545/3418/321 612/3390/1212 577/3430/764
f 598/4328/472 616/4237/163 690/4327/83
f 587/1485/394 607/1503/1008 557/1523/406
f 559/67/148 562/107/289 607/120/1008
f 729/3018/568 580/3040/175 581/2996/345
f 875/1859/666 438/1915/617 624/1754/602
f 538/456/435 513/478/386 623/482/819
f 687/3751/986 549/3786/474 641/3805/811
f 550/286/564 602/365/661 627/248/1054
f 591/883/744 541/882/445 620/753/592
f 542/60/520 603/156/823 604/25/678
f 579/3482/929 671/3492/1046 588/3508/293
f 671/3517/1046 579/3503/929 608/3572/181
f 606/420/950 599/452/671 586/453/863
f 673/2092/430 597/2110/149 613/2083/815
f 598/751/472 631/752/1051 612/739/1212
f 691/1522/114 557/1523/406 607/1503/1008
f 602/365/661 590/402/484 628/395/799
f 515/1376/591 622/1546/1134 656/1450/966
f 588/4553/293 547/4582/667 540/4517/1238
f 586/2563/863 621/2555/1152 606/2527/950
f 632/2043/549 599/1998/671 758/2024/921
f 684/2191/870 654/2231/939 511/2266/557
f 626/389/853 523/447/733 694/438/898
f 631/501/1051 537/529/832 635/538/241
f 566/710/377 612/745/1212 699/711/368
f 672/2103/50 699/2088/368 612/2087/1212
f 686/3378/108 587/3505/394 580/3379/175
f 619/4101/1210 612/4218/1212 566/4233/377
f 598/4532/472 612/4613/1212 619/4614/1210
f 660/3845/287 598/3762/472 619/3758/1210
f 587/1485/394 638/1468/186 607/1503/1008
f 607/120/1008 638/90/186 559/67/148
f 589/4555/88 660/4554/287 619/4627/1210
f 559/67/148 636/73/931 642/6/254
f 642/3754/254 570/3807/91 559/3748/148
f 553/741/622 418/729/598 914/733/698
f 659/3365/810 544/3392/761 639/3424/1146
f 529/2738/42 640/2768/391 568/2715/314
f 688/255/397 599/253/671 606/229/950
f 728/3817/204 601/3793/892 567/3757/393
f 630/346/1191 609/326/1019 569/347/405
f 557/1122/406 609/1107/1019 613/1135/815
f 557/4280/406 678/4279/409 609/4358/1019
f 609/212/1019 678/195/409 607/187/1008
f 718/345/123 573/307/237 578/429/144
f 566/4365/377 683/4364/270 619/4427/1210
f 589/2471/88 619/2516/1210 583/2481/353
f 730/2430/705 651/2369/364 589/2429/88
f 676/2378/664 730/2465/705 589/2471/88
f 555/521/503 605/586/665 665/543/834
f 643/947/972 584/1023/686 591/883/744
f 633/1589/1155 624/1754/602 617/1560/861
f 620/753/592 681/806/796 591/883/744
f 579/4516/929 588/4553/293 540/4517/1238
f 639/503/1146 544/497/761 610/560/747
f 593/168/517 661/129/528 601/144/892
f 569/347/405 597/393/149 708/413/507
f 678/4401/409 557/4400/406 655/4477/97
f 644/295/295 461/349/817 609/326/1019
f 619/1770/1210 683/1764/270 699/1778/368
f 638/90/186 636/73/931 559/67/148
f 713/1304/650 596/1227/536 625/1242/935
f 625/1242/935 596/1227/536 614/1056/689
f 629/1086/871 625/1242/935 614/1056/689
f 670/1011/822 614/1056/689 584/1023/686
f 670/1011/822 584/1023/686 643/947/972
f 622/4205/1134 591/4137/744 634/4136/1097
f 617/1560/861 647/1532/1262 633/1589/1155
f 647/1532/1262 617/1560/861 679/1445/981
f 603/156/823 615/199/938 647/179/1262
f 634/895/1097 591/883/744 681/806/796
f 714/3084/891 700/3142/389 521/3153/28
f 714/243/891 521/280/28 703/263/378
f 758/2024/921 599/1998/671 688/1984/397
f 575/1147/265 601/1179/892 661/1181/528
f 558/3124/269 536/3160/413 712/3161/742
f 680/1420/1060 689/1449/693 585/1421/323
f 686/3378/108 664/3497/103 587/3505/394
f 637/798/1149 619/819/1210 672/803/50
f 583/826/353 619/819/1210 637/798/1149
f 555/521/503 675/509/1107 623/482/819
f 628/395/799 590/402/484 687/437/986
f 719/1664/860 624/1754/602 633/1589/1155
f 622/4078/1134 643/4156/972 591/4157/744
f 647/179/1262 615/199/938 633/249/1155
f 576/3296/24 657/3298/326 645/3231/351
f 604/2829/678 552/2804/934 563/2833/716
f 576/1183/24 695/1144/916 657/1178/326
f 726/2685/500 592/2666/940 568/2715/314
f 724/2737/420 568/2715/314 640/2768/391
f 677/89/1037 611/38/735 621/110/1152
f 662/2284/466 511/2266/557 654/2231/939
f 728/3771/204 595/3847/556 601/3772/892
f 654/2668/939 684/2713/870 626/2669/853
f 592/3344/940 712/3265/742 536/3303/413
f 640/3069/391 558/3124/269 650/3111/648
f 673/4096/430 613/4097/815 630/4024/1191
f 585/4442/323 631/4363/1051 680/4441/1060
f 667/4489/724 631/4556/1051 585/4490/323
f 612/549/1212 631/577/1051 667/565/724
f 644/4429/295 609/4313/1019 607/4312/1008
f 461/3598/817 644/3586/295 678/3523/409
f 598/3762/472 660/3845/287 616/3846/163
f 607/4629/1008 562/4664/289 644/4665/295
f 699/2279/368 672/2265/50 619/2278/1210
f 638/1468/186 587/1485/394 648/1457/1145
f 566/1605/377 637/1580/1149 683/1604/270
f 730/2694/705 583/2714/353 651/2656/364
f 711/1699/541 566/1802/377 574/1744/117
f 642/6/254 636/73/931 658/23/417
f 548/2580/480 570/2620/91 642/2621/254
f 602/365/661 737/293/1091 627/248/1054
f 615/1154/938 627/1174/1054 633/1155/1155
f 634/4123/1097 656/4067/966 622/4066/1134
f 604/25/678 603/156/823 723/62/827
f 726/3349/500 745/3325/813 592/3344/940
f 682/2205/798 621/2170/1152 586/2192/863
f 728/3771/204 684/3848/870 595/3847/556
f 716/2270/1156 662/2284/466 654/2231/939
f 774/228/806 688/255/397 606/229/950
f 600/189/498 727/176/839 606/151/950
f 669/373/889 630/346/1191 569/347/405
f 613/1135/815 609/1107/1019 655/1134/97
f 655/4368/97 557/4287/406 691/4286/114
f 691/898/114 607/897/1008 678/921/409
f 461/3070/817 678/3075/409 554/3016/431
f 561/1442/369 581/1391/345 533/1315/1183
f 653/1416/942 648/1457/1145 587/1485/394
f 711/1299/541 574/1278/117 651/1256/364
f 623/482/819 641/450/811 538/456/435
f 703/3268/378 521/3269/28 700/3216/389
f 610/560/747 506/567/559 738/575/734
f 480/591/593 738/575/734 506/567/559
f 639/503/1146 610/560/747 731/547/907
f 639/2332/1146 556/2306/574 662/2284/466
f 650/3111/648 558/3124/269 712/3161/742
f 774/145/806 606/151/950 727/176/839
f 569/347/405 708/413/507 669/373/889
f 690/3719/83 616/3720/163 660/3614/287
f 638/119/186 644/105/295 636/104/931
f 729/3018/568 686/3081/108 580/3040/175
f 658/650/417 618/606/614 649/666/502
f 675/661/1107 555/662/503 665/642/834
f 652/4077/1039 663/4122/1260 665/4208/834
f 627/4498/1054 719/4499/860 633/4422/1155
f 681/4121/796 656/4067/966 634/4123/1097
f 603/156/823 647/179/1262 679/77/981
f 635/538/241 692/483/960 631/501/1051
f 630/1777/1191 696/1757/980 673/1776/430
f 715/2174/173 612/2183/1212 685/2195/361
f 578/429/144 571/474/70 787/439/730
f 636/840/931 693/855/436 648/849/1145
f 648/4296/1145 653/4297/942 636/4252/931
f 666/767/496 583/826/353 637/798/1149
f 583/826/353 666/767/496 651/757/364
f 666/1526/496 637/1539/1149 566/1527/377
f 649/28/502 642/19/254 658/27/417
f 798/646/794 618/606/614 658/650/417
f 855/631/446 917/610/702 618/630/614
f 679/4192/981 723/4119/827 603/4118/823
f 673/3574/430 708/3639/507 597/3622/149
f 669/4668/889 696/4626/980 630/4625/1191
f 707/318/250 613/291/815 655/302/97
f 655/320/97 609/326/1019 630/346/1191
f 678/3523/409 644/3586/295 691/3599/114
f 554/3016/431 678/3075/409 741/3017/840
f 683/782/270 637/798/1149 672/803/50
f 808/294/695 573/307/237 718/345/123
f 668/4209/623 636/4252/931 653/4297/942
f 711/1299/541 651/1256/364 709/1253/300
f 590/402/484 549/423/474 687/437/986
f 471/810/605 552/820/934 604/811/678
f 682/2205/798 677/2177/1037 621/2170/1152
f 725/169/223 661/129/528 593/168/517
f 684/3848/870 728/3771/204 759/3789/674
f 702/4191/268 667/4145/724 585/4109/323
f 612/2712/1212 715/2755/173 672/2707/50
f 655/4674/97 630/4631/1191 678/4630/409
f 685/2195/361 612/2183/1212 545/2206/321
f 699/1778/368 685/1811/361 545/1822/321
f 699/1778/368 545/1822/321 566/1802/377
f 660/2875/287 715/2798/173 690/2827/83
f 644/4389/295 562/4334/289 705/4333/398
f 787/439/730 571/474/70 720/481/463
f 627/3648/1054 737/3647/1091 719/3697/860
f 608/3572/181 736/3549/572 671/3517/1046
f 955/3185/1040 471/3184/605 604/3242/678
f 695/2313/916 576/2312/24 645/2352/351
f 694/3491/898 654/3541/939 626/3490/853
f 680/1941/1060 631/1892/1051 715/1919/173
f 644/1511/295 664/1491/103 691/1522/114
f 562/3583/289 554/3620/431 741/3621/840
f 705/3584/398 562/3583/289 741/3621/840
f 664/1491/103 644/1511/295 638/1468/186
f 648/1457/1145 664/1491/103 638/1468/186
f 636/4011/931 644/4012/295 705/3901/398
f 693/855/436 636/840/931 705/839/398
f 730/2694/705 660/2747/287 583/2714/353
f 653/1645/942 693/1644/436 668/1678/623
f 666/1740/496 566/1802/377 711/1699/541
f 605/586/665 618/630/614 836/569/718
f 641/450/811 623/482/819 652/495/1039
f 754/409/726 628/395/799 687/437/986
f 602/365/661 628/395/799 754/409/726
f 670/1011/822 643/947/972 722/993/913
f 639/2332/1146 731/2389/907 594/2387/658
f 661/129/528 725/169/223 728/142/204
f 778/3127/772 650/3111/648 712/3161/742
f 567/4148/393 661/4086/528 728/4147/204
f 567/343/393 626/389/853 734/364/792
f 673/3574/430 782/3573/788 708/3639/507
f 631/501/1051 692/483/960 715/444/173
f 577/1826/764 710/1821/294 585/1855/323
f 710/550/294 612/549/1212 667/565/724
f 707/4460/250 630/4535/1191 613/4461/815
f 612/3390/1212 710/3429/294 577/3430/764
f 655/302/97 691/290/114 707/318/250
f 571/3163/70 690/3164/83 720/3087/463
f 693/1469/436 664/1491/103 648/1457/1145
f 693/4295/436 653/4265/942 697/4207/1033
f 809/3657/812 548/3658/480 642/3603/254
f 649/4045/502 809/3982/812 642/3981/254
f 825/1129/597 509/991/611 879/1109/511
f 754/3806/726 687/3751/986 641/3805/811
f 726/2685/500 568/2715/314 724/2737/420
f 593/2906/517 575/2950/265 755/2928/554
f 743/3080/571 640/3069/391 650/3111/648
f 685/2195/361 710/2207/294 715/2174/173
f 678/1452/409 630/1451/1191 707/1478/250
f 664/2887/103 686/2862/108 691/2841/114
f 718/345/123 578/429/144 717/414/174
f 683/4474/270 651/4473/364 666/4545/496
f 668/1678/623 693/1644/436 705/1665/398
f 658/23/417 636/73/931 668/44/623
f 885/1917/565 438/1915/617 875/1859/666
f 675/4090/1107 652/4190/1039 623/4091/819
f 629/1086/871 614/1056/689 795/1059/561
f 602/365/661 754/409/726 737/293/1091
f 661/2209/528 755/2232/554 575/2236/265
f 712/3265/742 592/3344/940 745/3325/813
f 734/364/792 661/335/528 567/343/393
f 669/373/889 708/413/507 706/379/1144
f 707/4649/250 696/4650/980 669/4580/889
f 715/4509/173 702/4572/268 680/4510/1060
f 667/4145/724 702/4191/268 715/4110/173
f 710/4583/294 667/4470/724 715/4469/173
f 686/2862/108 701/2826/118 691/2841/114
f 668/3776/623 705/3794/398 735/3730/756
f 618/630/614 917/610/702 836/569/718
f 675/4076/1107 665/4208/834 663/4122/1260
f 795/1059/561 614/1056/689 670/1011/822
f 746/3852/558 608/3908/181 588/3853/293
f 914/2697/698 418/2688/598 426/2667/589
f 480/2749/593 471/2772/605 955/2763/1040
f 715/444/173 692/483/960 742/430/848
f 707/721/250 733/737/477 696/727/980
f 698/2819/48 690/2827/83 715/2798/173
f 672/2843/50 715/2798/173 660/2875/287
f 698/2819/48 720/2913/463 690/2827/83
f 698/2819/48 718/2904/123 717/2898/174
f 698/2819/48 701/2826/118 718/2904/123
f 701/2826/118 686/2862/108 718/2904/123
f 739/1763/775 683/1764/270 666/1740/496
f 704/1730/975 739/1763/775 666/1740/496
f 668/1758/623 735/1767/756 697/1768/1033
f 704/1730/975 666/1740/496 711/1699/541
f 671/3492/1046 746/3535/558 588/3508/293
f 956/4/899 611/38/735 780/49/749
f 791/3223/396 662/3155/466 716/3134/1156
f 669/373/889 706/379/1144 707/328/250
f 707/3104/250 744/3144/766 678/3145/409
f 710/1821/294 685/1811/361 753/1810/882
f 753/1810/882 685/1811/361 699/1778/368
f 720/2913/463 698/2819/48 717/2898/174
f 699/1778/368 683/1764/270 739/1763/775
f 697/4207/1033 735/4206/756 693/4295/436
f 794/2050/382 668/2049/623 697/2059/1033
f 605/586/665 836/569/718 665/543/834
f 818/1159/560 922/1225/1163 625/1242/935
f 675/4076/1107 663/4122/1260 652/4077/1039
f 914/2697/698 426/2667/589 956/2652/899
f 776/1362/514 564/1361/603 594/1353/658
f 600/189/498 632/217/549 727/176/839
f 654/3541/939 694/3491/898 991/3489/1293
f 692/4251/960 680/4180/1060 742/4179/848
f 702/1841/268 749/1843/228 680/1862/1060
f 707/328/250 706/379/1144 760/327/1200
f 702/1841/268 585/1855/323 710/1821/294
f 701/2826/118 707/2797/250 691/2841/114
f 683/2901/270 672/2843/50 660/2875/287
f 651/1733/364 683/1748/270 752/1734/1007
f 704/4329/975 651/4424/364 752/4425/1007
f 653/563/942 587/634/394 664/637/103
f 752/4425/1007 739/4340/775 704/4329/975
f 721/2406/566 548/2463/480 809/2417/812
f 645/3231/351 657/3298/326 813/3246/376
f 611/38/735 677/89/1037 780/49/749
f 791/3829/396 844/3767/915 662/3766/466
f 684/1657/870 734/1643/792 626/1638/853
f 708/413/507 777/362/296 706/379/1144
f 689/4220/693 680/4180/1060 692/4251/960
f 702/1841/268 710/1821/294 753/1810/882
f 701/2759/118 732/2739/640 748/2698/954
f 707/2741/250 701/2759/118 748/2698/954
f 698/2778/48 715/2779/173 742/2746/848
f 732/2739/640 701/2759/118 698/2778/48
f 705/3584/398 741/3621/840 735/3565/756
f 683/649/270 660/658/287 752/659/1007
f 784/2069/214 794/2050/382 697/2059/1033
f 653/2074/942 784/2069/214 697/2059/1033
f 658/23/417 668/44/623 798/34/794
f 818/1159/560 625/1242/935 629/1086/871
f 725/2885/223 593/2906/517 755/2928/554
f 738/575/734 731/547/907 610/560/747
f 724/3364/420 640/3331/391 743/3302/571
f 778/3127/772 743/3080/571 650/3111/648
f 706/4492/1144 696/4423/980 733/4415/477
f 678/3075/409 744/3129/766 741/3017/840
f 718/3795/123 686/3877/108 751/3878/1159
f 718/345/123 751/348/1159 808/294/695
f 664/1491/103 693/1469/436 817/1507/987
f 651/3992/364 704/3914/975 806/3991/145
f 709/445/300 651/469/364 810/434/1010
f 608/3908/181 746/3852/558 750/3887/327
f 608/3572/181 750/3577/327 736/3549/572
f 873/1434/961 515/1376/591 656/1450/966
f 847/1723/352 646/1724/23 772/1705/311
f 688/4308/397 796/4309/372 758/4219/921
f 725/4475/223 740/4588/255 728/4589/204
f 758/4673/921 796/4618/372 756/4617/1259
f 716/449/1156 694/438/898 659/491/810
f 692/483/960 635/538/241 820/431/958
f 673/4416/430 696/4423/980 706/4492/1144
f 749/3025/228 742/3002/848 680/2975/1060
f 733/4481/477 760/4549/1200 706/4550/1144
f 760/3090/1200 744/3144/766 707/3104/250
f 732/2739/640 698/2778/48 742/2746/848
f 739/1763/775 753/1810/882 699/1778/368
f 747/2108/1003 720/2093/463 717/2084/174
f 686/1846/108 729/1875/568 751/1847/1159
f 720/845/463 747/857/1003 785/843/816
f 581/1391/345 561/1442/369 998/1444/879
f 799/1014/423 795/1059/561 670/1011/822
f 761/1156/1017 657/1178/326 695/1144/916
f 695/2313/916 645/2352/351 761/2322/1017
f 716/449/1156 659/491/810 936/464/1278
f 782/1218/788 673/1219/430 706/1199/1144
f 753/1810/882 749/1843/228 702/1841/268
f 855/613/446 618/606/614 798/646/794
f 652/495/1039 665/543/834 754/409/726
f 737/293/1091 754/409/726 790/321/570
f 719/1664/860 802/1709/535 624/1754/602
f 799/4344/423 670/4345/822 722/4264/913
f 426/1293/589 424/1272/621 956/1283/899
f 674/3252/5 789/3230/416 788/3183/519
f 662/2284/466 793/2289/779 639/2332/1146
f 749/3025/228 692/2980/960 815/3112/807
f 735/937/756 817/926/987 693/925/436
f 847/84/352 772/64/311 984/63/1214
f 776/1362/514 679/1445/981 564/1361/603
f 594/1353/658 731/1340/907 776/1362/514
f 731/547/907 738/575/734 776/530/514
f 956/4/899 780/49/749 1003/40/1114
f 814/3179/1096 791/3223/396 716/3134/1156
f 692/4338/960 820/4339/958 815/4269/807
f 689/1198/693 692/1166/960 749/1167/228
f 709/2371/300 806/2424/145 730/2465/705
f 668/44/623 794/65/382 798/34/794
f 730/2465/705 676/2378/664 709/2371/300
f 1094/881/743 877/1089/440 872/777/387
f 641/450/811 652/495/1039 754/409/726
f 757/3544/1082 736/3549/572 750/3577/327
f 681/4278/796 812/4226/859 656/4225/966
f 952/771/842 681/806/796 620/753/592
f 620/753/592 914/733/698 952/771/842
f 654/2231/939 828/2240/908 716/2270/1156
f 635/3966/241 689/4020/693 820/3967/958
f 777/1194/296 782/1218/788 706/1199/1144
f 782/760/788 760/759/1200 733/783/477
f 748/2698/954 732/2739/640 763/2704/1093
f 742/2746/848 763/2704/1093 732/2739/640
f 717/2084/174 768/2123/1190 747/2108/1003
f 771/3590/1016 735/3565/756 741/3621/840
f 767/3608/197 739/3606/775 752/3562/1007
f 717/414/174 578/429/144 787/439/730
f 787/439/730 720/481/463 785/476/816
f 664/637/103 817/638/987 653/563/942
f 767/3925/197 806/3991/145 704/3914/975
f 767/1729/197 704/1730/975 711/1699/541
f 923/1265/922 713/1304/650 625/1242/935
f 802/1709/535 875/1859/666 624/1754/602
f 812/823/859 681/806/796 952/771/842
f 792/4050/407 772/4125/311 646/4051/23
f 662/3044/466 844/3045/915 793/2984/779
f 743/3302/571 804/3391/451 724/3364/420
f 816/3143/904 778/3127/772 712/3161/742
f 842/3607/1178 708/3639/507 782/3573/788
f 760/4407/1200 782/4408/788 777/4323/296
f 748/746/954 782/789/788 733/737/477
f 786/1812/1150 749/1843/228 753/1810/882
f 748/746/954 733/737/477 707/721/250
f 763/3093/1093 751/3031/1159 769/3071/1201
f 752/2729/1007 660/2747/287 730/2694/705
f 775/2537/928 817/2588/987 735/2498/756
f 739/1763/775 767/1729/197 770/1765/926
f 879/1109/511 509/991/611 877/1089/440
f 754/409/726 665/543/834 836/569/718
f 719/3697/860 737/3647/1091 790/3674/570
f 914/733/698 620/753/592 553/741/622
f 761/1156/1017 944/1182/783 657/1178/326
f 842/377/1178 777/362/296 708/413/507
f 749/3025/228 815/3112/807 742/3002/848
f 742/3002/848 786/3048/1150 766/3013/1185
f 742/2746/848 766/2723/1185 762/2718/1186
f 762/2718/1186 763/2704/1093 742/2746/848
f 729/2997/568 769/3071/1201 751/3031/1159
f 753/1810/882 739/1763/775 770/1765/926
f 784/554/214 653/563/942 817/638/987
f 735/1073/756 771/1098/1016 794/1074/382
f 750/3887/327 746/3852/558 773/3881/365
f 757/537/1082 764/527/271 783/536/628
f 736/4396/572 757/4452/1082 783/4397/628
f 757/3512/1082 746/3535/558 671/3492/1046
f 736/3549/572 800/3504/1174 671/3517/1046
f 898/3152/649 700/3142/389 714/3084/891
f 734/364/792 870/342/887 661/335/528
f 748/746/954 801/787/818 782/789/788
f 748/1487/954 769/1429/1201 803/1492/1236
f 769/3071/1201 748/3092/954 763/3093/1093
f 747/2787/1003 768/2830/1190 762/2846/1186
f 768/2830/1190 763/2845/1093 762/2846/1186
f 752/3477/1007 730/3402/705 766/3527/1185
f 851/247/876 768/269/1190 717/242/174
f 717/242/174 787/227/730 851/247/876
f 805/2524/206 775/2537/928 735/2498/756
f 767/3608/197 752/3562/1007 806/3561/145
f 805/2524/206 735/2498/756 784/2497/214
f 794/35/382 784/18/214 735/17/756
f 651/469/364 806/457/145 810/434/1010
f 773/2641/365 783/2601/628 750/2640/327
f 765/3530/917 773/3540/365 746/3535/558
f 750/1349/327 783/1348/628 764/1356/271
f 765/3530/917 746/3535/558 757/3512/1082
f 750/3543/327 764/3516/271 765/3530/917
f 757/3544/1082 750/3577/327 765/3556/917
f 800/3481/1174 764/3516/271 757/3512/1082
f 800/3481/1174 757/3512/1082 671/3492/1046
f 679/3646/981 834/3650/642 723/3703/827
f 813/3435/376 761/3371/1017 645/3413/351
f 677/2177/1037 682/2205/798 780/2171/749
f 740/1297/255 759/1268/674 728/1269/204
f 870/2178/887 755/2232/554 661/2209/528
f 727/176/839 632/217/549 758/197/921
f 786/1812/1150 815/1863/807 797/1854/426
f 742/3002/848 815/3112/807 786/3048/1150
f 760/4080/1200 801/4146/818 748/4106/954
f 744/2794/766 760/2816/1200 781/2792/1024
f 760/115/1200 748/106/954 803/70/1236
f 741/3017/840 744/3129/766 781/3106/1024
f 762/891/1186 824/879/862 747/857/1003
f 771/3030/1016 741/3017/840 781/3106/1024
f 803/2066/1236 817/2048/987 775/2047/928
f 771/4290/1016 775/4354/928 794/4291/382
f 719/572/860 790/551/570 802/571/535
f 604/25/678 723/62/827 924/42/795
f 792/754/407 779/773/213 772/774/311
f 727/4398/839 756/4462/1259 831/4399/1026
f 816/3266/904 712/3265/742 745/3325/813
f 797/1854/426 749/1843/228 786/1812/1150
f 807/949/1256 786/989/1150 753/950/882
f 803/1564/1236 771/1558/1016 781/1557/1024
f 770/1765/926 807/1786/1256 753/1810/882
f 785/843/816 747/857/1003 824/879/862
f 561/3337/369 808/3394/695 998/3338/879
f 711/1774/541 770/1775/926 767/1756/197
f 811/656/1078 649/666/502 721/667/566
f 818/1159/560 629/1086/871 795/1059/561
f 800/3481/1174 765/3530/917 764/3516/271
f 783/3532/628 800/3504/1174 736/3549/572
f 703/3268/378 700/3216/389 898/3219/649
f 639/3424/1146 793/3414/779 659/3365/810
f 727/3893/839 758/3962/921 925/3894/1287
f 756/4116/1259 727/4049/839 925/4048/1287
f 760/4080/1200 777/4079/296 801/4146/818
f 824/2674/862 762/2718/1186 766/2723/1185
f 829/3058/809 769/3101/1201 729/3018/568
f 752/203/1007 770/220/926 806/208/145
f 805/4393/206 794/4291/382 775/4354/928
f 817/638/987 805/573/206 784/554/214
f 800/3481/1174 773/3540/365 765/3530/917
f 656/1450/966 812/1460/859 873/1434/961
f 834/3650/642 924/3696/795 723/3703/827
f 776/1362/514 834/1414/642 679/1445/981
f 792/1719/407 646/1713/23 833/1741/1180
f 943/75/793 780/49/749 682/74/798
f 779/2180/213 827/2197/509 772/2214/311
f 726/2685/500 724/2737/420 835/2702/460
f 830/1636/130 803/1618/1236 781/1654/1024
f 766/2164/1185 807/2141/1256 752/2163/1007
f 887/2508/335 730/2465/705 806/2424/145
f 770/873/926 711/874/541 806/844/145
f 809/3393/812 649/3448/502 811/3374/1078
f 799/1656/423 722/1640/913 919/1804/919
f 822/3514/1205 773/3540/365 800/3481/1174
f 881/3197/452 674/3229/5 788/3159/519
f 831/3866/1026 688/3952/397 839/3953/1203
f 793/3414/779 936/3366/1278 659/3365/810
f 841/1650/1043 734/1643/792 684/1657/870
f 842/829/1178 782/789/788 801/787/818
f 801/3788/818 777/3731/296 826/3787/127
f 786/3048/1150 843/3113/388 766/3013/1185
f 824/3401/862 766/3527/1185 730/3402/705
f 887/2082/335 824/2136/862 730/2096/705
f 803/4284/1236 868/4285/138 771/4187/1016
f 775/1495/928 821/1504/55 803/1529/1236
f 799/1014/423 840/951/475 795/1059/561
f 783/2601/628 773/2641/365 823/2630/1090
f 833/1741/1180 646/1713/23 847/1760/352
f 804/3391/451 743/3302/571 935/3301/1290
f 839/252/1203 688/255/397 774/228/806
f 689/1198/693 749/1167/228 820/1228/958
f 781/1654/1024 853/1651/318 830/1636/130
f 770/1765/926 832/1752/224 807/1786/1256
f 751/1204/1159 763/1234/1093 871/1193/897
f 770/4432/926 752/4512/1007 819/4513/126
f 829/3058/809 729/3018/568 972/2995/918
f 581/2996/345 972/2995/918 729/3018/568
f 754/409/726 836/569/718 911/390/808
f 773/1789/365 822/1785/1205 823/1788/1090
f 772/2214/311 827/2197/509 833/2238/1180
f 759/1268/674 740/1297/255 905/1266/814
f 837/1948/312 749/1947/228 797/1963/426
f 781/1654/1024 760/1677/1200 826/1671/127
f 807/2141/1256 819/2122/126 752/2163/1007
f 711/2167/541 819/2122/126 806/2129/145
f 864/2396/403 711/2439/541 810/2368/1010
f 811/656/1078 721/667/566 1031/665/576
f 722/1640/913 825/1900/597 919/1804/919
f 703/3268/378 898/3219/649 931/3263/433
f 772/1407/311 833/1395/1180 984/1406/1214
f 960/1381/787 682/1335/798 515/1376/591
f 682/1335/798 960/1381/787 943/1343/793
f 779/1700/213 792/1719/407 838/1718/948
f 835/2702/460 724/2737/420 804/2740/451
f 831/557/1026 916/580/909 688/581/397
f 743/3080/571 778/3127/772 935/3107/1290
f 841/361/1043 870/342/887 734/364/792
f 797/4503/426 843/4615/388 837/4504/312
f 837/3420/312 843/3455/388 786/3456/1150
f 849/3126/109 786/3188/1150 807/3120/1256
f 763/518/1093 768/488/1190 856/502/1105
f 832/2112/224 819/2122/126 807/2141/1256
f 808/294/695 751/348/1159 871/363/897
f 845/2581/232 771/2615/1016 868/2616/138
f 868/1528/138 803/1529/1236 821/1504/55
f 775/4548/928 771/4482/1016 821/4531/55
f 805/72/206 821/79/55 794/94/382
f 883/3509/453 811/3469/1078 798/3498/794
f 913/3276/1079 934/3339/366 725/3332/223
f 1037/2679/506 726/2685/500 835/2702/460
f 841/1650/1043 684/1657/870 759/1681/674
f 828/426/908 694/438/898 716/449/1156
f 777/362/296 842/377/1178 941/296/1106
f 830/69/130 826/99/127 760/115/1200
f 760/115/1200 803/70/1236 830/69/130
f 849/2116/109 807/2141/1256 766/2164/1185
f 856/282/1105 768/269/1190 851/247/876
f 769/1429/1201 829/1418/809 803/1492/1236
f 829/1418/809 817/1477/987 803/1492/1236
f 845/4571/232 821/4493/55 771/4570/1016
f 819/4163/126 711/4103/541 848/4102/243
f 798/34/794 794/65/382 883/92/453
f 872/777/387 438/726/617 885/732/565
f 907/1024/877 795/1059/561 840/951/475
f 802/1709/535 790/1684/570 858/1659/437
f 822/3545/1205 800/3504/1174 783/3532/628
f 822/163/1205 783/164/628 823/172/1090
f 738/575/734 874/520/534 776/530/514
f 755/2928/554 913/2894/1079 725/2885/223
f 852/1661/979 759/1681/674 913/1689/1079
f 936/3366/1278 793/3414/779 814/3427/1096
f 745/3462/813 967/3441/773 816/3399/904
f 797/2168/426 815/2161/807 843/2128/388
f 826/319/127 777/362/296 941/296/1106
f 781/1654/1024 826/1671/127 853/1651/318
f 837/3162/312 786/3188/1150 849/3126/109
f 766/4413/1185 843/4500/388 849/4414/109
f 972/1389/918 581/1391/345 998/1444/879
f 805/4669/206 868/4670/138 821/4623/55
f 794/94/382 821/79/55 845/93/232
f 848/2438/243 711/2439/541 864/2396/403
f 1031/665/576 798/646/794 811/656/1078
f 922/1225/1163 923/1265/922 625/1242/935
f 754/409/726 911/390/808 790/321/570
f 818/1159/560 795/1059/561 907/1024/877
f 703/263/378 931/281/433 714/243/891
f 960/1381/787 515/1376/591 873/1434/961
f 674/3406/5 881/3439/452 789/3386/416
f 793/2984/779 844/3045/915 912/2990/672
f 814/3835/1096 793/3863/779 947/3910/946
f 480/591/593 946/589/990 738/575/734
f 738/575/734 946/589/990 874/520/534
f 831/3475/1026 756/3408/1259 978/3407/740
f 816/2645/904 804/2692/451 935/2693/1290
f 745/4058/813 726/4104/500 967/4105/773
f 814/3179/1096 716/3134/1156 936/3115/1278
f 820/1228/958 749/1167/228 837/1170/312
f 871/1193/897 763/1234/1093 856/1236/1105
f 805/573/206 817/638/987 868/603/138
f 848/4637/243 832/4564/224 770/4636/926
f 848/4433/243 770/4432/926 819/4513/126
f 819/2122/126 887/2101/335 806/2129/145
f 721/3421/566 809/3393/812 951/3447/1141
f 951/3470/1141 811/3469/1078 883/3509/453
f 861/1203/332 711/1197/541 713/1163/650
f 861/1203/332 810/1214/1010 711/1197/541
f 709/964/300 810/980/1010 861/965/332
f 952/4542/842 873/4480/961 812/4541/859
f 838/4181/948 833/4241/1180 827/4242/509
f 792/1719/407 833/1741/1180 838/1718/948
f 740/3600/255 725/3534/223 934/3533/366
f 916/3015/909 796/3103/372 688/3094/397
f 853/800/318 826/786/127 941/795/1106
f 810/434/1010 806/457/145 921/470/1136
f 889/644/618 798/646/794 1031/665/576
f 858/2531/437 790/2530/570 890/2562/769
f 944/3277/783 813/3246/376 657/3298/326
f 793/3790/779 912/3764/672 947/3791/946
f 796/3711/372 930/3695/461 756/3624/1259
f 758/4417/921 756/4353/1259 925/4352/1287
f 832/4410/224 848/4362/243 849/4332/109
f 869/4213/196 845/4214/232 868/4130/138
f 883/92/453 794/65/382 845/121/232
f 921/3304/1136 864/3346/403 810/3305/1010
f 951/3447/1141 809/3393/812 811/3374/1078
f 889/644/618 855/613/446 798/646/794
f 858/1659/437 875/1859/666 802/1709/535
f 840/1597/475 799/1656/423 897/1648/784
f 939/3173/964 788/3183/519 789/3230/416
f 804/1243/451 816/1191/904 1015/1190/1041
f 967/3241/773 726/3293/500 1037/3294/506
f 852/1661/979 841/1650/1043 759/1681/674
f 849/4127/109 863/4056/242 837/4126/312
f 869/1619/196 830/1636/130 853/1651/318
f 868/4130/138 826/4129/127 830/4165/130
f 849/4332/109 843/4409/388 832/4410/224
f 868/4130/138 830/4165/130 869/4213/196
f 819/2122/126 832/2112/224 887/2101/335
f 721/2932/566 951/3026/1141 1031/2930/576
f 895/1282/910 709/1281/300 861/1303/332
f 884/2421/494 854/2435/35 846/2437/7
f 854/2600/35 878/2636/424 850/2610/51
f 740/3600/255 934/3533/366 1032/3589/941
f 905/1266/814 740/1297/255 1032/1298/941
f 779/1700/213 838/1718/948 978/1706/740
f 780/49/749 943/75/793 1003/40/1114
f 816/1731/904 835/1749/460 1015/1732/1041
f 778/3127/772 816/3143/904 935/3107/1290
f 1027/2184/767 755/2232/554 870/2178/887
f 837/1170/312 940/1165/1265 820/1228/958
f 842/829/1178 801/787/818 826/794/127
f 953/828/1224 842/829/1178 826/794/127
f 853/3976/318 867/3975/231 865/4038/199
f 853/3976/318 865/4038/199 869/4034/196
f 880/4052/179 863/4056/242 849/4127/109
f 832/2112/224 843/2128/388 887/2101/335
f 871/2847/897 856/2848/1105 851/2790/876
f 868/603/138 817/638/987 953/632/1224
f 864/3217/403 857/3264/168 848/3218/243
f 845/2040/232 869/2041/196 915/2021/1244
f 845/1693/232 862/1725/208 876/1717/273
f 845/1693/232 876/1717/273 883/1698/453
f 883/1698/453 876/1717/273 855/1726/446
f 889/1707/618 883/1698/453 855/1726/446
f 864/835/403 921/853/1136 861/847/332
f 894/4557/1009 864/4501/403 861/4505/332
f 921/853/1136 895/854/910 861/847/332
f 879/3300/511 882/3354/292 846/3360/7
f 919/1804/919 825/1900/597 909/1901/932
f 866/1868/49 860/1882/81 900/1870/1189
f 899/3209/801 846/3170/7 854/3180/35
f 907/1024/877 922/1225/1163 818/1159/560
f 854/3180/35 850/3169/51 888/3196/504
f 799/1656/423 919/1804/919 957/1708/1213
f 897/1648/784 799/1656/423 957/1708/1213
f 850/3169/51 892/3207/906 888/3196/504
f 905/1220/814 913/1192/1079 759/1208/674
f 843/2128/388 815/2161/807 949/2095/1232
f 863/2604/242 940/2569/1265 837/2566/312
f 926/2584/924 863/2627/242 880/2582/179
f 880/4052/179 849/4127/109 896/4128/459
f 880/4052/179 896/4128/459 857/4055/168
f 896/1497/459 848/1514/243 857/1515/168
f 845/3531/232 915/3520/1244 862/3464/208
f 901/3060/1160 857/3034/168 864/3033/403
f 894/4557/1009 901/4558/1160 864/4501/403
f 894/1200/1009 861/1203/332 713/1163/650
f 879/1109/511 909/1128/932 825/1129/597
f 885/1889/565 866/1868/49 872/1844/387
f 879/3300/511 877/3359/440 882/3354/292
f 884/2421/494 846/2437/7 882/2416/292
f 854/2600/35 884/2635/494 878/2636/424
f 888/3196/504 908/3212/957 854/3180/35
f 790/321/570 911/390/808 890/277/769
f 900/283/1189 860/265/81 859/264/215
f 859/3642/215 860/3579/81 886/3618/438
f 840/951/475 928/994/890 907/1024/877
f 850/4418/51 878/4386/424 893/4356/61
f 860/3579/81 902/3578/745 886/3618/438
f 891/3206/771 892/3207/906 850/3169/51
f 982/1401/1132 834/1414/642 776/1362/514
f 788/3159/519 939/3147/964 881/3197/452
f 916/3015/909 930/3073/461 796/3103/372
f 978/3625/740 756/3624/1259 930/3695/461
f 1008/3396/548 816/3399/904 967/3441/773
f 820/2160/958 949/2095/1232 815/2161/807
f 868/788/138 953/828/1224 826/794/127
f 995/250/1068 851/247/876 787/227/730
f 1000/226/903 995/250/1068 787/227/730
f 910/4369/995 855/4465/446 876/4428/273
f 1233/1300/1073 713/1304/650 923/1265/922
f 1094/881/743 872/777/387 933/778/802
f 872/3551/387 866/3550/49 933/3602/802
f 899/3209/801 879/3195/511 846/3170/7
f 908/3212/957 899/3209/801 854/3180/35
f 878/544/424 904/526/358 892/525/906
f 892/4351/906 904/4350/358 888/4406/504
f 878/2954/424 892/2955/906 893/2945/61
f 893/4356/61 891/4355/771 850/4418/51
f 714/3084/891 1012/3130/1269 898/3152/649
f 960/1381/787 873/1434/961 1023/1435/1215
f 604/25/678 924/42/795 988/2/1227
f 776/1362/514 874/1339/534 993/1369/1151
f 978/1706/740 838/1718/948 958/1716/841
f 480/2749/593 955/2763/1040 946/2733/990
f 827/2197/509 779/2180/213 930/2196/461
f 978/2169/740 930/2196/461 779/2180/213
f 791/3223/396 814/3179/1096 1009/3222/1266
f 828/3546/908 654/3541/939 991/3489/1293
f 843/2128/388 949/2095/1232 887/2101/335
f 918/2526/886 880/2582/179 857/2500/168
f 895/3397/910 921/3428/1136 901/3363/1160
f 894/3362/1009 895/3397/910 901/3363/1160
f 883/3259/453 889/3272/618 915/3273/1244
f 915/4390/1244 910/4300/995 876/4292/273
f 932/2392/952 882/2416/292 877/2419/440
f 929/3224/1299 879/3195/511 899/3209/801
f 860/1882/81 866/1868/49 885/1889/565
f 884/2421/494 882/2416/292 929/2395/1299
f 836/569/718 945/533/821 911/390/808
f 878/4113/424 884/4112/494 899/4182/801
f 902/3317/745 860/3351/81 927/3318/1298
f 908/1590/957 904/1606/358 899/1607/801
f 904/526/358 878/544/424 899/531/801
f 893/3997/61 938/4039/1173 888/3988/504
f 893/3987/61 888/4010/504 904/3944/358
f 893/3997/61 892/3999/906 938/4039/1173
f 942/2391/1252 906/2423/728 904/2415/358
f 893/3987/61 904/3944/358 906/3943/728
f 891/4009/771 893/3987/61 906/3943/728
f 890/1634/769 954/1682/973 858/1659/437
f 833/1741/1180 847/1760/352 984/1787/1214
f 931/281/433 1012/256/1269 714/243/891
f 774/145/806 831/162/1026 839/134/1203
f 727/176/839 831/162/1026 774/145/806
f 870/1631/887 841/1611/1043 852/1630/979
f 918/2526/886 926/2584/924 880/2582/179
f 849/2708/109 926/2730/924 918/2709/886
f 817/1477/987 829/1418/809 961/1417/1088
f 901/1568/1160 849/1554/109 848/1561/243
f 963/2091/1031 824/2136/862 887/2082/335
f 896/4302/459 849/4404/109 918/4405/886
f 871/363/897 851/422/876 995/424/1068
f 896/3741/459 901/3691/1160 848/3732/243
f 910/4300/995 915/4390/1244 889/4380/618
f 929/2395/1299 882/2416/292 932/2392/952
f 866/3550/49 927/3601/1298 933/3602/802
f 866/3550/49 900/3587/1189 927/3601/1298
f 927/3318/1298 860/3351/81 885/3350/565
f 899/3662/801 884/3672/494 937/3705/64
f 904/3841/358 937/3889/64 884/3842/494
f 977/1727/997 875/1859/666 858/1659/437
f 937/4534/64 904/4533/358 908/4624/957
f 900/283/1189 859/264/215 886/278/438
f 902/1985/745 900/1974/1189 886/1972/438
f 892/3661/906 906/3737/728 938/3687/1173
f 891/3680/771 906/3737/728 892/3661/906
f 912/186/672 844/221/915 791/213/396
f 965/562/1027 874/520/534 946/589/990
f 1008/3006/548 835/3066/460 816/2983/904
f 694/2453/898 828/2501/908 991/2454/1293
f 949/3417/1232 820/3403/958 940/3382/1265
f 953/4042/1224 941/3980/1106 842/4041/1178
f 867/825/231 853/800/318 941/795/1106
f 867/3755/231 1171/3756/856 865/3704/199
f 940/1575/1265 849/1554/109 901/1568/1160
f 871/363/897 987/306/1056 808/294/695
f 951/2808/1141 883/2785/453 915/2820/1244
f 1000/428/903 787/439/730 785/476/816
f 713/1595/650 895/1565/910 894/1574/1009
f 709/1551/300 895/1565/910 713/1595/650
f 909/1128/932 879/1109/511 932/1094/952
f 922/3948/1163 909/3864/932 923/3950/922
f 919/3865/919 909/3864/932 922/3948/1163
f 932/622/952 879/594/511 929/602/1299
f 885/3086/565 933/3165/802 927/3110/1298
f 929/3224/1299 899/3209/801 942/3233/1252
f 899/2623/801 937/2637/64 942/2624/1252
f 884/2421/494 929/2395/1299 942/2391/1252
f 904/2415/358 884/2421/494 942/2391/1252
f 902/1985/745 927/1986/1298 900/1974/1189
f 888/1232/504 942/1224/1252 908/1239/957
f 906/3737/728 942/3738/1252 938/3687/1173
f 960/1381/787 1005/1375/1285 943/1343/793
f 930/2196/461 1016/2237/1225 827/2197/509
f 978/3407/740 916/3494/909 831/3475/1026
f 1027/4073/767 870/3993/887 852/4072/979
f 926/183/924 849/210/109 940/211/1265
f 949/3417/1232 940/3382/1265 901/3363/1160
f 953/1486/1224 817/1477/987 961/1417/1088
f 785/843/816 824/879/862 968/892/1075
f 887/2101/335 949/2095/1232 921/2080/1136
f 953/2879/1224 951/2808/1141 915/2820/1244
f 887/3171/335 921/3189/1136 974/3234/1123
f 910/623/995 889/644/618 1031/665/576
f 1177/612/444 855/613/446 910/623/995
f 917/610/702 945/533/821 836/569/718
f 990/128/1195 919/173/919 922/165/1163
f 990/1187/1195 922/1225/1163 950/1168/776
f 948/1060/505 950/1168/776 922/1225/1163
f 907/1024/877 948/1060/505 922/1225/1163
f 977/1727/997 979/1853/1029 875/1859/666
f 937/1238/64 908/1239/957 942/1224/1252
f 890/277/769 911/390/808 975/375/883
f 907/919/877 957/899/1213 948/918/505
f 957/1708/1213 919/1804/919 981/1720/830
f 977/1727/997 858/1659/437 964/1697/1101
f 942/4040/1252 888/3988/504 938/4039/1173
f 964/1697/1101 858/1659/437 954/1682/973
f 897/2226/784 928/2241/890 840/2227/475
f 1013/1162/1268 944/1182/783 761/1156/1017
f 1069/3387/1182 789/3386/416 881/3439/452
f 939/3173/964 789/3230/416 1069/3253/1182
f 913/2894/1079 755/2928/554 1036/2937/691
f 953/2006/1224 869/2041/196 941/2019/1106
f 869/2041/196 953/2006/1224 915/2021/1244
f 963/2091/1031 968/2135/1075 824/2136/862
f 921/3428/1136 949/3417/1232 901/3363/1160
f 963/3235/1031 887/3171/335 974/3234/1123
f 973/858/968 785/843/816 968/892/1075
f 1011/2377/600 806/2424/145 709/2371/300
f 945/533/821 966/498/580 911/390/808
f 948/1060/505 971/1087/1102 950/1168/776
f 890/1309/769 975/1308/883 964/1336/1101
f 897/1648/784 957/1708/1213 992/1670/1218
f 959/2474/901 928/2459/890 969/2489/1176
f 897/2484/784 969/2489/1176 928/2459/890
f 970/1080/553 954/1092/973 890/1076/769
f 955/3185/1040 604/3242/678 988/3239/1227
f 913/1689/1079 1022/1685/493 852/1661/979
f 1014/3036/643 835/3066/460 1008/3006/548
f 972/2995/918 961/3056/1088 829/3058/809
f 1011/2377/600 921/2473/1136 806/2424/145
f 1011/2953/600 709/2961/300 713/2861/650
f 933/778/802 885/732/565 1039/728/748
f 964/4385/1101 970/4311/553 890/4384/769
f 761/3371/1017 813/3435/376 1013/3372/1268
f 924/3696/795 834/3650/642 1007/3645/1211
f 903/3727/115 920/3803/121 1088/3728/1206
f 1016/1041/1225 838/1055/948 827/1042/509
f 791/3713/396 1009/3712/1266 912/3764/672
f 1034/3824/1048 1015/3770/1041 835/3823/460
f 814/3835/1096 947/3910/946 1009/3836/1266
f 1037/2679/506 835/2702/460 1014/2710/643
f 945/533/821 917/610/702 1029/590/857
f 971/466/1102 981/463/830 919/462/919
f 977/3905/997 966/3856/580 979/3904/1029
f 911/390/808 966/498/580 977/374/997
f 911/4246/808 977/4183/997 989/4245/442
f 911/467/808 989/468/442 975/458/883
f 957/899/1213 981/905/830 948/918/505
f 975/1308/883 977/1341/997 964/1336/1101
f 1005/740/1285 952/771/842 914/733/698
f 835/2702/460 804/2740/451 1054/2726/1140
f 982/1401/1132 776/1362/514 993/1369/1151
f 956/2652/899 1005/2721/1285 914/2697/698
f 1036/2212/691 755/2232/554 1027/2184/767
f 926/183/924 940/211/1265 1148/214/258
f 987/306/1056 871/363/897 995/424/1068
f 1139/1146/111 896/1145/459 918/1175/886
f 998/3338/879 808/3394/695 987/3380/1056
f 917/610/702 855/631/446 1177/633/444
f 875/1859/666 1025/1874/1154 885/1917/565
f 875/1859/666 1001/1832/707 1025/1874/1154
f 945/4573/821 1001/4640/707 875/4641/666
f 979/522/1029 1001/507/707 945/533/821
f 1001/1062/707 979/1081/1029 966/1082/580
f 971/4236/1102 919/4169/919 950/4235/776
f 983/4094/136 971/4111/1102 976/4141/516
f 966/3816/580 975/3815/883 989/3900/442
f 977/1897/997 970/1887/553 985/1888/1014
f 977/1195/997 975/1211/883 970/1212/553
f 985/1712/1014 964/1697/1101 954/1682/973
f 964/4385/1101 985/4371/1014 970/4311/553
f 980/1111/236 957/1136/1213 907/1105/877
f 980/1111/236 907/1105/877 969/1104/1176
f 969/1653/1176 897/1648/784 992/1670/1218
f 962/1021/30 907/1024/877 928/994/890
f 907/4576/877 962/4651/30 959/4577/901
f 907/3487/877 959/3473/901 969/3486/1176
f 928/2459/890 959/2474/901 986/2460/991
f 1023/790/1215 873/793/961 952/771/842
f 835/2702/460 1054/2726/1140 1034/2701/1048
f 988/1655/1227 924/1680/795 982/1637/1132
f 1016/1746/1225 958/1716/841 838/1718/948
f 903/1398/115 1006/1399/1066 920/1366/121
f 865/734/199 1183/724/831 869/723/196
f 963/4002/1031 974/3899/1123 968/4003/1075
f 972/2786/918 953/2879/1224 961/2844/1088
f 951/2808/1141 953/2879/1224 972/2786/918
f 862/3464/208 915/3520/1244 1150/3510/92
f 974/3899/1123 973/3884/968 968/4003/1075
f 1000/428/903 785/476/816 973/479/968
f 915/3619/1244 876/3576/273 1187/3575/1077
f 945/533/821 1029/590/857 979/522/1029
f 997/4595/803 945/4596/821 875/4552/666
f 997/519/803 966/498/580 945/533/821
f 990/3053/1195 950/3078/776 976/3054/516
f 983/3226/136 976/3221/516 950/3208/776
f 950/1432/776 919/1427/919 983/1426/136
f 966/3816/580 989/3900/442 1001/3880/707
f 976/1172/516 948/1060/505 986/992/991
f 948/4140/505 976/4141/516 971/4111/1102
f 999/3157/1187 989/3181/442 977/3182/997
f 962/1021/30 986/992/991 948/1060/505
f 962/4525/30 957/4602/1213 980/4603/236
f 969/1104/1176 992/1121/1218 980/1111/236
f 959/4584/901 962/4525/30 980/4603/236
f 928/994/890 986/992/991 962/1021/30
f 898/3219/649 1012/3244/1269 931/3263/433
f 1038/3194/1199 881/3197/452 939/3147/964
f 930/3073/461 916/3015/909 1024/3028/757
f 978/1706/740 958/1716/841 1017/1701/770
f 955/1679/1040 988/1655/1227 946/1660/990
f 932/1094/952 877/1089/440 1094/881/743
f 1025/1874/1154 1039/1916/748 885/1917/565
f 1001/4467/707 994/4551/1240 1025/4468/1154
f 875/3701/666 979/3681/1029 994/3688/1240
f 997/4595/803 875/4552/666 994/4514/1240
f 919/173/919 990/128/1195 983/138/136
f 962/4466/30 948/4456/505 981/4537/830
f 962/4466/30 981/4537/830 992/4538/1218
f 985/1888/1014 999/1886/1187 977/1897/997
f 957/3798/1213 962/3809/30 992/3782/1218
f 970/310/553 975/375/883 996/312/1086
f 959/636/901 980/625/236 992/619/1218
f 992/619/1218 986/618/991 959/636/901
f 924/2025/795 1007/2026/1211 982/2008/1132
f 1041/3557/1221 1032/3589/941 934/3533/366
f 1003/2789/1114 1005/2788/1285 956/2854/899
f 965/1627/1027 946/1660/990 988/1655/1227
f 1000/3784/903 987/3830/1056 995/3851/1068
f 1000/3784/903 998/3783/879 987/3830/1056
f 923/1153/922 909/1128/932 1236/1152/1089
f 1025/3009/1154 994/3010/1240 1020/2988/729
f 1020/3700/729 994/3688/1240 979/3681/1029
f 1002/3886/1030 990/3885/1195 976/3951/516
f 1002/127/1030 983/138/136 990/128/1195
f 999/382/1187 966/498/580 997/519/803
f 975/375/883 966/498/580 999/382/1187
f 971/150/1102 983/138/136 1002/127/1030
f 1002/1083/1030 976/1172/516 986/992/991
f 986/2838/991 981/2842/830 1050/2979/1181
f 996/3019/1086 985/3007/1014 954/2987/973
f 996/312/1086 975/375/883 999/382/1187
f 970/1080/553 996/1075/1086 954/1092/973
f 1015/1190/1041 1054/1209/1140 804/1243/451
f 1022/2233/493 913/2235/1079 1036/2212/691
f 967/3441/773 1065/3398/1237 1008/3396/548
f 1181/2631/977 863/2627/242 926/2584/924
f 1236/1263/1089 1233/1300/1073 923/1265/922
f 1020/3700/729 979/3681/1029 997/3649/803
f 1020/4255/729 997/4314/803 1001/4256/707
f 1001/3907/707 997/3862/803 994/3906/1240
f 1004/400/978 999/382/1187 997/519/803
f 1050/1061/1181 1002/1083/1030 986/992/991
f 981/2357/830 986/2358/991 992/2338/1218
f 999/3020/1187 985/3007/1014 996/3019/1086
f 813/3246/376 944/3277/783 1013/3232/1268
f 1023/790/1215 952/771/842 1005/740/1285
f 1088/2690/1206 920/2691/121 1006/2658/1066
f 930/155/461 958/131/841 1016/154/1225
f 993/1617/1151 988/1655/1227 982/1637/1132
f 1009/3712/1266 947/3791/946 912/3764/672
f 1019/1312/688 993/1369/1151 874/1339/534
f 862/3422/208 1187/3389/1077 876/3388/273
f 967/3241/773 1037/3294/506 1028/3248/768
f 918/2526/886 857/2500/168 1141/2504/143
f 1236/1152/1089 909/1128/932 932/1094/952
f 997/519/803 1010/532/736 1004/400/978
f 1004/3888/978 1001/3840/707 989/3839/442
f 1007/1438/1211 834/1414/642 982/1401/1132
f 1027/1531/767 852/1542/979 1113/1543/1111
f 1204/785/1128 867/825/231 941/795/1106
f 1204/785/1128 1171/808/856 867/825/231
f 1000/428/903 973/479/968 974/545/1123
f 997/4677/803 979/4633/1029 1010/4632/736
f 1004/4032/978 1010/4033/736 1001/3978/707
f 1038/3220/1199 939/3173/964 1069/3253/1182
f 1022/1685/493 1113/1639/1111 852/1661/979
f 1175/3465/992 862/3464/208 1150/3510/92
f 951/3026/1141 1035/2957/604 1031/2930/576
f 1020/2097/729 1001/2098/707 1010/2089/736
f 1004/3400/978 989/3433/442 1030/3434/774
f 999/382/1187 1004/400/978 1026/394/866
f 905/1266/814 1032/1298/941 1021/1251/1099
f 1024/3921/757 978/3931/740 1017/3867/770
f 874/520/534 965/562/1027 1019/515/688
f 857/982/168 901/953/1160 1141/981/143
f 1004/3400/978 1030/3434/774 1018/3395/154
f 1018/406/154 1026/394/866 1004/400/978
f 1038/3194/1199 1069/3228/1182 881/3197/452
f 960/1381/787 1023/1435/1215 1005/1375/1285
f 1041/3333/1221 934/3339/366 913/3276/1079
f 943/1343/793 1005/1375/1285 1003/1314/1114
f 1024/3443/757 916/3494/909 978/3407/740
f 1065/3398/1237 967/3441/773 1028/3463/768
f 1179/1324/449 972/1389/918 998/1444/879
f 1043/851/246 1094/881/743 933/778/802
f 913/1192/1079 905/1220/814 1021/1221/1099
f 1010/532/736 979/522/1029 1029/590/857
f 1018/2766/154 1020/2767/729 1010/2745/736
f 1018/3035/154 1030/3012/774 1020/3011/729
f 1041/3333/1221 913/3276/1079 1021/3275/1099
f 940/2569/1265 863/2604/242 1203/2567/1098
f 1204/901/1128 941/902/1106 869/890/196
f 1010/532/736 1029/590/857 1018/406/154
f 1098/1602/1251 971/1603/1102 1002/1591/1030
f 1017/1701/770 958/1716/841 1120/1745/307
f 921/3870/1136 1000/3869/903 974/3934/1123
f 1214/1601/410 1000/1566/903 921/1692/1136
f 932/1094/952 1056/1037/156 1053/1095/333
f 1055/959/489 932/1094/952 1094/881/743
f 1018/406/154 1029/590/857 1026/394/866
f 1179/1324/449 951/1316/1141 972/1389/918
f 1053/1095/333 1236/1152/1089 932/1094/952
f 932/1094/952 1055/959/489 1056/1037/156
f 1029/2138/857 1039/2120/748 1025/2119/1154
f 1025/4644/1154 1020/4605/729 1029/4604/857
f 1150/3633/92 915/3619/1244 1187/3575/1077
f 1052/2422/575 1190/2470/741 921/2473/1136
f 1052/2422/575 921/2473/1136 1011/2377/600
f 1011/2953/600 713/2861/650 1169/2948/183
f 1061/813/523 1043/851/246 933/778/802
f 1029/590/857 917/610/702 1121/600/441
f 1029/701/857 1020/687/729 1030/700/774
f 1030/3684/774 1026/3641/866 1029/3683/857
f 981/2842/830 971/2837/1102 1098/3004/1251
f 989/4322/442 999/4381/1187 1101/4382/1165
f 1177/612/444 910/623/995 1031/665/576
f 1044/772/439 933/778/802 1039/728/748
f 1026/2895/866 1030/2852/774 1064/2853/804
f 1110/1326/1273 993/1369/1151 1019/1312/688
f 1183/884/831 1204/901/1128 869/890/196
f 1148/1952/258 940/1905/1265 1203/1969/1098
f 1006/2705/1066 903/2742/115 1088/2743/1206
f 930/3073/461 1024/3028/757 958/3102/841
f 1120/1745/307 1154/1738/1035 1017/1701/770
f 1017/4189/770 1154/4188/1035 1112/4258/944
f 1113/1639/1111 1022/1685/493 1164/1673/1247
f 993/1617/1151 965/1627/1027 988/1655/1227
f 1036/2212/691 1164/2219/1247 1022/2233/493
f 965/562/1027 1110/539/1273 1019/515/688
f 863/2604/242 1181/2625/977 1203/2567/1098
f 1039/1330/748 1029/1306/857 1121/1374/441
f 1045/2881/367 1026/2895/866 1064/2853/804
f 1021/1251/1099 1032/1298/941 1041/1288/1221
f 1112/3868/944 1024/3921/757 1017/3867/770
f 1226/3635/1135 1008/3630/548 1028/3570/768
f 1183/724/831 865/734/199 1171/744/856
f 1035/2957/604 951/3026/1141 1179/3027/449
f 1056/1037/156 1055/959/489 1081/1017/454
f 1094/2343/743 1043/2342/246 1040/2361/76
f 1101/383/1165 1026/394/866 1045/399/367
f 999/382/1187 1026/394/866 1101/383/1165
f 1034/1257/1048 1054/1286/1140 1015/1287/1041
f 1179/1324/449 998/1444/879 1213/1387/380
f 917/610/702 1177/633/444 1121/600/441
f 1068/1052/252 1117/1097/669 1053/1095/333
f 1081/3154/454 1055/3213/489 1042/3166/71
f 1053/1996/333 1056/1943/156 1068/1961/252
f 1044/651/439 1039/694/748 1048/660/62
f 1042/3166/71 1084/3190/696 1051/3114/15
f 1083/3480/458 1078/3547/515 1067/3548/290
f 1095/692/970 1049/695/412 1048/660/62
f 1074/3258/381 1059/3319/346 1062/3292/100
f 1064/4153/804 1077/4172/654 1045/4197/367
f 1024/3028/757 1120/3055/307 958/3102/841
f 993/3949/1151 1110/3872/1273 965/3871/1027
f 1008/2075/548 1065/2076/1237 1028/2046/768
f 1113/2188/1111 1036/2212/691 1027/2184/767
f 998/1444/879 1000/1566/903 1214/1601/410
f 1236/3957/1089 1053/3956/333 1075/4013/344
f 1043/2892/246 1082/2918/723 1040/2893/76
f 1061/813/523 933/778/802 1044/772/439
f 1075/3320/344 1053/3260/333 1062/3292/100
f 1082/1138/723 1043/1118/246 1076/1114/510
f 1068/1961/252 1056/1943/156 1051/1962/15
f 1066/1411/370 1040/1402/76 1073/1393/357
f 1076/1114/510 1043/1118/246 1061/1091/523
f 1051/1962/15 1056/1943/156 1090/1951/1071
f 1084/3190/696 1042/3166/71 1055/3213/489
f 1082/1386/723 1073/1393/357 1040/1402/76
f 1070/653/402 1044/651/439 1048/660/62
f 1053/3260/333 1074/3258/381 1062/3292/100
f 1073/1393/357 1082/1386/723 1079/1357/41
f 1079/1357/41 1046/1377/141 1073/1393/357
f 1070/653/402 1048/660/62 1072/672/697
f 1090/4195/1071 1042/4162/71 1051/4161/15
f 1072/672/697 1048/660/62 1049/695/412
f 1085/3214/641 1051/3114/15 1084/3190/696
f 1083/3480/458 1067/3548/290 1057/3536/485
f 1060/1096/20 1092/1110/760 1063/1113/21
f 1063/1113/21 1092/1110/760 1058/1137/106
f 1073/1393/357 1046/1377/141 1087/1410/655
f 981/2842/830 1098/3004/1251 1050/2979/1181
f 1059/3319/346 1074/3258/381 1086/3284/714
f 1113/2188/1111 1164/2219/1247 1036/2212/691
f 1141/2504/143 1188/2525/1034 918/2526/886
f 1040/4494/76 1066/4568/370 1094/4569/743
f 1042/308/71 1093/292/1083 1081/316/454
f 1076/1114/510 1061/1091/523 1060/1096/20
f 1097/2125/1223 1060/2133/20 1061/2134/523
f 1055/3118/489 1093/3139/1083 1084/3138/696
f 1063/2976/21 1097/3032/1223 1076/2994/510
f 1063/1113/21 1076/1114/510 1060/1096/20
f 1102/1981/951 1068/1961/252 1051/1962/15
f 1042/4162/71 1090/4195/1071 1105/4216/1115
f 1104/2152/1230 1070/2149/402 1072/2142/697
f 1079/1357/41 1063/1345/21 1046/1377/141
f 1108/3983/1264 1060/3929/20 1089/3928/715
f 1100/3186/1246 1051/3215/15 1085/3119/641
f 1089/3528/715 1060/3529/20 1047/3453/317
f 1047/3453/317 1080/3495/540 1089/3528/715
f 1002/1083/1030 1050/1061/1181 1098/1084/1251
f 1092/1110/760 1091/1127/713 1058/1137/106
f 1030/4315/774 989/4322/442 1101/4382/1165
f 1102/1981/951 1051/1962/15 1071/1995/550
f 1056/1943/156 1081/1904/454 1090/1951/1071
f 1096/2156/1239 1044/2143/439 1070/2149/402
f 1062/3340/100 1106/3312/1288 1075/3347/344
f 1039/2646/748 1096/2684/1239 1048/2647/62
f 1066/1710/370 1082/1696/723 1094/1715/743
f 1082/4063/723 1111/3984/135 1079/4062/41
f 1105/4216/1115 1093/4217/1083 1042/4162/71
f 1066/2324/370 1079/2323/41 1111/2351/135
f 1096/2802/1239 1095/2801/970 1048/2817/62
f 1099/270/1242 1079/275/41 1066/276/370
f 1060/3529/20 1097/3526/1223 1047/3453/317
f 1063/2976/21 1108/3021/1264 1097/3032/1223
f 1099/4447/1242 1066/4331/370 1073/4330/357
f 1151/4068/47 1105/4132/1115 1090/4082/1071
f 1063/1345/21 1079/1357/41 1108/1317/1264
f 1060/1982/20 1079/1990/41 1099/1983/1242
f 1060/4622/20 1108/4675/1264 1079/4676/41
f 1067/3749/290 1078/3753/515 1109/3706/1294
f 1099/4426/1242 1107/4440/1094 1046/4316/141
f 1099/4426/1242 1046/4316/141 1063/4439/21
f 1060/1884/20 1099/1845/1242 1092/1866/760
f 1071/1995/550 1051/1962/15 1100/1946/1246
f 1099/1130/1242 1063/1113/21 1058/1137/106
f 1045/399/367 1077/523/654 1101/383/1165
f 1103/4175/1139 1099/4143/1242 1058/4142/106
f 1106/3312/1288 1062/3340/100 1059/3287/346
f 1109/3706/1294 1057/3752/485 1067/3749/290
f 1109/219/1294 1083/202/458 1057/201/485
f 1103/4175/1139 1058/4142/106 1091/4168/713
f 1166/2936/652 1035/2957/604 1179/3027/449
f 1169/2375/183 1052/2422/575 1011/2377/600
f 1055/959/489 1094/881/743 1131/888/260
f 1096/1307/1239 1039/1330/748 1121/1374/441
f 1068/3156/252 1090/3083/1071 1081/3067/454
f 1097/3032/1223 1061/3072/523 1082/2974/723
f 1106/3312/1288 1117/3286/669 1075/3347/344
f 1076/2994/510 1097/3032/1223 1082/2974/723
f 1053/3539/333 1117/3454/669 1106/3500/1288
f 1074/3538/381 1053/3539/333 1106/3500/1288
f 1102/3108/951 1090/3083/1071 1068/3156/252
f 1099/4238/1242 1111/4306/135 1082/4239/723
f 1084/3138/696 1093/3139/1083 1105/3177/1115
f 1099/3814/1242 1073/3775/357 1111/3774/135
f 1104/2152/1230 1096/2156/1239 1070/2149/402
f 1100/448/1246 1151/418/47 1090/454/1071
f 1084/3138/696 1105/3177/1115 1100/3186/1246
f 1078/2085/515 1083/2104/458 1109/2086/1294
f 1104/3452/1230 1095/3404/970 1096/3457/1239
f 1100/3074/1246 1090/3083/1071 1102/3108/951
f 1077/2765/654 1064/2744/804 1101/2764/1165
f 1085/3119/641 1084/3138/696 1100/3186/1246
f 1087/1280/655 1107/1279/1094 1073/1302/357
f 1087/1384/655 1046/1404/141 1107/1385/1094
f 1101/715/1165 1064/725/804 1030/716/774
f 1091/1861/713 1092/1866/760 1103/1857/1139
f 1071/3068/550 1100/3074/1246 1102/3108/951
f 1049/3416/412 1095/3404/970 1104/3452/1230
f 1104/3452/1230 1072/3458/697 1049/3416/412
f 1112/3868/944 1120/3930/307 1024/3921/757
f 1117/1097/669 1068/1052/252 1134/1035/171
f 1068/1052/252 1081/1017/454 1134/1035/171
f 1133/966/164 1093/990/1083 1055/959/489
f 1146/850/139 1082/864/723 1061/813/523
f 1044/1837/439 1096/1827/1239 1121/1836/441
f 1066/3198/370 1111/3240/135 1116/3254/1005
f 1082/3210/723 1066/3198/370 1116/3254/1005
f 1047/3079/317 1097/3032/1223 1108/3021/1264
f 1108/3021/1264 1080/2993/540 1047/3079/317
f 1080/2993/540 1108/3021/1264 1089/2973/715
f 1092/1866/760 1099/1845/1242 1103/1857/1139
f 1074/2220/381 1106/2245/1288 1086/2221/714
f 1086/2221/714 1106/2245/1288 1059/2248/346
f 1031/2930/576 1035/2957/604 1166/2936/652
f 1081/1017/454 1093/990/1083 1133/966/164
f 1094/881/743 1082/864/723 1131/888/260
f 1073/4243/357 1107/4232/1094 1111/4184/135
f 1181/184/977 926/183/924 1148/214/258
f 1139/3747/111 1141/3692/143 901/3691/1160
f 1213/1387/380 998/1444/879 1229/1480/998
f 1177/612/444 1031/665/576 1166/664/652
f 1061/813/523 1044/772/439 1168/768/637
f 1099/160/1242 1082/161/723 1116/130/1005
f 1107/4445/1094 1099/4443/1242 1116/4421/1005
f 901/3691/1160 896/3741/459 1139/3747/111
f 1229/1480/998 998/1444/879 1214/1601/410
f 1233/2860/1073 1149/2873/542 713/2861/650
f 1131/888/260 1082/864/723 1146/850/139
f 1146/850/139 1061/813/523 1152/804/322
f 1100/887/1246 1105/889/1115 1136/861/26
f 1111/4184/135 1107/4232/1094 1146/4244/139
f 1226/2982/1135 1014/3036/643 1008/3006/548
f 1139/1146/111 918/1175/886 1188/1171/1034
f 1169/2375/183 1190/2470/741 1052/2422/575
f 1177/4653/444 1166/4654/652 1143/4628/221
f 1081/1017/454 1133/966/164 1134/1035/171
f 1133/966/164 1055/959/489 1131/888/260
f 1061/813/523 1168/768/637 1152/804/322
f 1127/39/153 1114/78/16 1125/139/8
f 1122/419/46 1151/418/47 1100/448/1246
f 1100/2758/1246 1126/2774/33 1122/2734/46
f 1125/139/8 1114/78/16 1126/194/33
f 1114/78/16 1127/39/153 1137/31/102
f 1111/2825/135 1146/2795/139 1132/2810/60
f 1115/2823/120 1111/2825/135 1132/2810/60
f 1124/3954/838 1230/4007/1162 1033/4008/43
f 1124/4176/838 1033/4247/43 1224/4248/1052
f 1028/3248/768 1037/3294/506 1258/3280/1235
f 1226/3635/1135 1028/3570/768 1258/3569/1235
f 1187/3389/1077 862/3422/208 1175/3423/992
f 1121/2855/441 1232/2942/1125 1180/2897/983
f 1168/768/637 1044/772/439 1121/718/441
f 1136/4167/26 1105/4132/1115 1151/4068/47
f 1146/3283/139 1116/3254/1005 1137/3274/102
f 1137/3274/102 1116/3254/1005 1111/3240/135
f 1126/860/33 1100/887/1246 1136/861/26
f 1146/1976/139 1137/1992/102 1132/1977/60
f 1126/194/33 1136/181/26 1125/139/8
f 1114/78/16 1137/31/102 1163/66/162
f 1111/3240/135 1115/3245/120 1137/3274/102
f 1126/194/33 1114/78/16 1172/123/128
f 1159/3282/85 1137/3274/102 1115/3245/120
f 1149/2873/542 1169/2948/183 713/2861/650
f 1131/3617/260 1146/3733/139 1135/3673/36
f 1144/2761/10 1146/2795/139 1152/2719/322
f 1168/2673/637 1178/2675/805 1123/2700/37
f 1117/285/669 1155/245/13 1129/274/112
f 1146/1009/139 1176/1022/945 1116/1010/1005
f 1178/2675/805 1157/2681/256 1123/2700/37
f 1142/3131/291 1174/3175/662 1153/3146/343
f 1114/78/16 1163/66/162 1172/123/128
f 1123/2700/37 1160/2716/212 1128/2736/22
f 1130/1120/355 1156/1133/490 1165/1132/994
f 1130/1120/355 1167/1119/765 1156/1133/490
f 1159/2803/85 1115/2823/120 1132/2810/60
f 1183/1955/831 1171/1975/856 1150/1956/92
f 1148/2318/258 1139/2325/111 1181/2350/977
f 1150/1956/92 1171/1975/856 1175/1973/992
f 1214/1601/410 921/1692/1136 1190/1691/741
f 1141/3554/143 1139/3594/111 1169/3665/183
f 1141/3554/143 1169/3665/183 1149/3553/542
f 1177/4085/444 1143/4173/221 1150/4174/92
f 1141/2504/143 1149/2402/542 1188/2525/1034
f 1121/600/441 1177/633/444 1232/601/1125
f 1236/2754/1089 1075/2696/344 1117/2665/669
f 1131/888/260 1170/939/54 1133/966/164
f 1134/223/171 1133/158/164 1136/181/26
f 1170/761/54 1202/780/1202 1133/781/164
f 1140/682/32 1170/678/54 1131/677/260
f 1116/4421/1005 1135/4476/36 1107/4445/1094
f 1107/3734/1094 1135/3673/36 1146/3733/139
f 1134/223/171 1155/245/13 1117/285/669
f 1155/245/13 1134/223/171 1151/209/47
f 1170/762/54 1173/764/479 1125/799/8
f 1173/764/479 1140/766/32 1125/799/8
f 1131/3205/260 1127/3204/153 1193/3236/732
f 1121/4152/441 1180/4089/983 1142/4088/291
f 1152/2719/322 1168/2673/637 1123/2700/37
f 1193/4204/732 1127/4272/153 1125/4273/8
f 1125/139/8 1136/181/26 1133/158/164
f 1144/2761/10 1176/2822/945 1146/2795/139
f 1144/2761/10 1152/2719/322 1128/2736/22
f 1155/245/13 1151/209/47 1122/222/46
f 1176/2822/945 1144/2761/10 1137/2824/102
f 1132/2810/60 1137/2824/102 1144/2761/10
f 1129/274/112 1155/245/13 1138/284/132
f 1144/2761/10 1128/2736/22 1132/2810/60
f 1163/66/162 1137/31/102 1159/5/85
f 1138/284/132 1155/245/13 1147/244/249
f 1155/245/13 1122/222/46 1147/244/249
f 1132/2810/60 1128/2736/22 1161/2762/52
f 1159/2803/85 1132/2810/60 1161/2762/52
f 1122/222/46 1126/194/33 1147/244/249
f 1147/244/249 1126/194/33 1145/196/182
f 1126/194/33 1172/123/128 1162/153/359
f 1163/66/162 1159/5/85 1185/32/193
f 1145/196/182 1126/194/33 1162/153/359
f 1128/2736/22 1160/2716/212 1161/2762/52
f 1123/2700/37 1157/2681/256 1160/2716/212
f 1162/153/359 1184/171/227 1145/196/182
f 1138/239/132 1158/251/253 1119/230/195
f 1118/1840/166 1157/1825/256 1227/1793/1241
f 1160/2716/212 1157/2681/256 1118/2672/166
f 1223/262/1045 1119/230/195 1158/251/253
f 1160/2042/212 1118/2045/166 1225/2005/1049
f 1224/4227/1052 1033/4276/43 1230/4277/1162
f 1150/118/92 1186/102/1184 1183/117/831
f 1188/2349/1034 1181/2350/977 1139/2325/111
f 1139/3594/111 1190/3664/741 1169/3665/183
f 1177/4085/444 1150/4174/92 1187/4092/1077
f 1153/3146/343 1168/3176/637 1121/3085/441
f 1125/3785/8 1133/3843/164 1202/3844/1202
f 1140/254/32 1131/257/260 1201/271/1069
f 1176/4420/945 1135/4476/36 1116/4421/1005
f 1151/209/47 1134/223/171 1136/181/26
f 1140/1945/32 1201/1934/1069 1193/1933/732
f 1153/3146/343 1121/3085/441 1142/3131/291
f 1125/799/8 1140/766/32 1193/791/732
f 1206/4120/1207 1176/4047/945 1137/4046/102
f 1174/3632/662 1142/3636/291 1182/3669/1193
f 1210/1057/1196 1138/1044/132 1147/1043/249
f 1158/251/253 1138/239/132 1210/240/1196
f 1154/1425/1035 1262/1439/1197 1112/1440/944
f 1200/4561/1234 1190/4634/741 1139/4635/111
f 1186/2650/1184 1150/2663/92 1179/2664/449
f 1179/1926/449 1150/1893/92 1166/1925/652
f 1222/2117/1137 1143/2151/221 1166/2158/652
f 1236/2754/1089 1117/2665/669 1228/2657/1198
f 1201/271/1069 1131/257/260 1198/272/826
f 1207/2905/959 1170/2877/54 1140/2865/32
f 1140/3082/32 1173/3095/479 1207/3061/959
f 1193/3655/732 1198/3702/826 1131/3656/260
f 1212/3522/1001 1152/3479/322 1123/3450/37
f 1221/3521/1226 1212/3522/1001 1123/3450/37
f 1153/683/343 1182/697/1193 1180/698/983
f 1152/3677/322 1221/3678/1226 1128/3623/22
f 1123/3778/37 1128/3850/22 1221/3779/1226
f 1127/2595/153 1206/2558/1207 1137/2590/102
f 1130/4006/355 1165/3972/994 1167/4005/765
f 1142/3636/291 1180/3631/983 1182/3669/1193
f 1174/690/662 1182/697/1193 1153/683/343
f 1147/4271/249 1145/4270/182 1192/4383/1204
f 1204/1652/1128 1175/1629/992 1171/1614/856
f 1183/1662/831 1186/1666/1184 1204/1652/1128
f 1203/584/1098 1181/556/977 1188/558/1034
f 1203/1969/1098 1200/1906/1234 1148/1952/258
f 1139/1911/111 1148/1952/258 1200/1906/1234
f 1166/1925/652 1150/1893/92 1189/1896/1188
f 1143/3290/221 1189/3321/1188 1150/3299/92
f 1222/635/1137 1177/633/444 1187/703/1077
f 1143/3290/221 1222/3345/1137 1189/3321/1188
f 1176/2884/945 1207/2905/959 1135/2864/36
f 1173/4619/479 1170/4648/54 1217/4620/1081
f 1207/2905/959 1217/2919/1081 1170/2877/54
f 1180/1538/983 1168/1494/637 1153/1518/343
f 1131/3617/260 1135/3673/36 1205/3663/969
f 1202/508/1202 1195/496/1053 1125/490/8
f 1131/2596/260 1205/2557/969 1127/2595/153
f 1125/799/8 1195/763/1053 1170/762/54
f 1199/2899/1219 1152/2876/322 1212/2914/1001
f 1221/1077/1226 1152/1064/322 1199/1036/1219
f 1167/4005/765 1165/3972/994 1156/3965/490
f 1218/3024/1208 1129/2977/112 1138/2989/132
f 1162/3559/359 1172/3626/128 1196/3560/1267
f 1192/4383/1204 1145/4270/182 1209/4357/731
f 1147/1043/249 1192/1049/1204 1210/1057/1196
f 1112/4283/944 1262/4282/1197 1120/4367/307
f 1200/579/1234 1203/584/1098 1188/558/1034
f 1186/1666/1184 1175/1629/992 1204/1652/1128
f 1187/1623/1077 1175/1629/992 1186/1666/1184
f 1194/574/1112 1200/579/1234 1188/558/1034
f 1189/1658/1188 1186/1666/1184 1179/1690/449
f 1189/1658/1188 1187/1623/1077 1186/1666/1184
f 1222/1615/1137 1187/1623/1077 1189/1658/1188
f 1149/555/542 1194/574/1112 1188/558/1034
f 1231/2458/274 1166/2457/652 1189/2506/1188
f 1222/2117/1137 1166/2158/652 1250/2118/1228
f 1201/271/1069 1198/272/826 1207/273/959
f 1207/1839/959 1198/1828/826 1135/1838/36
f 1135/4060/36 1198/4164/826 1205/4061/969
f 1173/933/479 1217/943/1081 1202/915/1202
f 1173/260/479 1201/271/1069 1207/273/959
f 1173/933/479 1202/915/1202 1201/942/1069
f 1205/4061/969 1198/4164/826 1193/4160/732
f 1211/2334/1295 1195/2310/1053 1197/2386/1283
f 1191/2296/1248 1170/2256/54 1195/2310/1053
f 1211/2334/1295 1191/2296/1248 1195/2310/1053
f 1202/2267/1202 1170/2256/54 1191/2296/1248
f 1206/2558/1207 1127/2595/153 1205/2557/969
f 1197/2386/1283 1220/2333/1286 1211/2334/1295
f 1206/997/1207 1221/1077/1226 1199/1036/1219
f 1163/1463/162 1266/1464/1153 1172/1422/128
f 1214/1601/410 1190/1691/741 1238/1686/1042
f 1190/604/741 1200/579/1234 1194/574/1112
f 1189/2648/1188 1179/2680/449 1231/2649/274
f 1194/4036/1112 1239/4149/1249 1190/4035/741
f 1217/2293/1081 1228/2440/1198 1197/2386/1283
f 1195/936/1053 1202/915/1202 1217/943/1081
f 1197/3168/1283 1195/3158/1053 1217/3167/1081
f 1218/2441/1208 1197/2386/1283 1228/2440/1198
f 1193/913/732 1201/942/1069 1202/915/1202
f 1117/2958/669 1129/2977/112 1218/3024/1208
f 1219/2385/1300 1197/2386/1283 1218/2441/1208
f 1199/1036/1219 1176/1015/945 1206/997/1207
f 1211/2334/1295 1220/2333/1286 1191/2296/1248
f 1157/1825/256 1178/1824/805 1221/1808/1226
f 1196/2283/1267 1191/2296/1248 1220/2333/1286
f 1220/2965/1286 1192/2916/1204 1272/2964/1108
f 1272/2147/1108 1192/2148/1204 1209/2121/731
f 1161/2044/52 1160/2042/212 1227/2013/1241
f 1185/1583/193 1159/1572/85 1259/1569/633
f 1259/1569/633 1159/1572/85 1161/1553/52
f 1243/47/1022 1163/66/162 1185/32/193
f 1138/2989/132 1216/3029/1277 1218/3024/1208
f 1216/3029/1277 1138/2989/132 1119/2978/195
f 1227/1793/1241 1225/1792/1049 1118/1840/166
f 1124/4591/838 1224/4502/1052 1230/4590/1162
f 1262/1771/1197 1154/1738/1035 1120/1745/307
f 1258/2654/1235 1037/2679/506 1014/2710/643
f 1166/51/652 1231/50/274 1250/10/1228
f 1207/2905/959 1176/2884/945 1240/2943/1121
f 1199/2899/1219 1212/2914/1001 1240/2943/1121
f 1220/2333/1286 1197/2386/1283 1219/2385/1300
f 1196/3151/1267 1172/3100/128 1215/3125/1087
f 1192/2346/1204 1220/2333/1286 1219/2385/1300
f 1196/511/1267 1237/486/1166 1162/524/359
f 1208/3986/1231 1163/3913/162 1243/3985/1022
f 1237/930/1166 1209/917/731 1145/896/182
f 1157/1825/256 1221/1808/1226 1227/1793/1241
f 1158/1254/253 1210/1284/1196 1216/1285/1277
f 1223/3038/1045 1216/3029/1277 1119/2978/195
f 1214/4659/410 1244/4597/1000 1257/4658/233
f 1229/4022/998 1214/4023/410 1249/3977/375
f 1239/2947/1249 1149/2873/542 1233/2860/1073
f 1239/2947/1249 1194/2915/1112 1149/2873/542
f 1176/2884/945 1199/2899/1219 1240/2943/1121
f 1218/3024/1208 1228/3039/1198 1117/2958/669
f 1212/1536/1001 1178/1512/805 1168/1508/637
f 1221/1530/1226 1178/1512/805 1212/1536/1001
f 1215/2992/1087 1208/3076/1231 1196/3077/1267
f 1210/2407/1196 1219/2385/1300 1218/2441/1208
f 1163/3014/162 1208/3076/1231 1215/2992/1087
f 1272/2147/1108 1209/2121/731 1261/2132/936
f 1216/2436/1277 1210/2407/1196 1218/2441/1208
f 1275/3593/1109 1210/3488/1196 1192/3493/1204
f 1161/417/52 1227/460/1241 1256/461/1124
f 1145/896/182 1184/908/227 1234/929/1103
f 1158/1254/253 1216/1285/1277 1223/1275/1045
f 1225/2005/1049 1227/2013/1241 1160/2042/212
f 1258/2654/1235 1014/2710/643 1226/2689/1135
f 1244/1632/1000 1214/1601/410 1238/1686/1042
f 1255/1394/1028 1213/1387/380 1229/1480/998
f 1231/1327/274 1179/1324/449 1213/1387/380
f 1231/50/274 1252/45/706 1250/10/1228
f 1232/601/1125 1177/633/444 1222/635/1137
f 1168/2883/637 1180/2897/983 1232/2942/1125
f 1287/82/1127 1191/9/1248 1196/20/1267
f 1196/2283/1267 1220/2333/1286 1237/2294/1166
f 1256/1033/1124 1221/1077/1226 1206/997/1207
f 1208/3810/1231 1243/3811/1022 1185/3743/193
f 1208/3238/1231 1185/3178/193 1283/3278/1143
f 1249/4304/375 1214/4305/410 1235/4253/1216
f 1231/1327/274 1213/1387/380 1248/1352/1095
f 1239/4149/1249 1238/4150/1042 1190/4035/741
f 1217/2919/1081 1207/2905/959 1240/2943/1121
f 1232/2942/1125 1212/2914/1001 1168/2883/637
f 1206/2558/1207 1205/2557/969 1285/2461/1147
f 1285/2461/1147 1208/2554/1231 1206/2558/1207
f 1196/1704/1267 1208/1711/1231 1287/1751/1127
f 1209/4438/731 1273/4437/1021 1261/4519/936
f 1234/485/1103 1162/524/359 1237/486/1166
f 1234/929/1103 1237/930/1166 1145/896/182
f 1235/2633/1216 1214/2634/410 1241/2622/74
f 1240/2943/1121 1212/2914/1001 1232/2942/1125
f 1202/24/1202 1191/9/1248 1286/83/1122
f 1275/927/1109 1219/928/1300 1210/914/1196
f 1184/3714/227 1209/3849/731 1237/3855/1166
f 1184/3714/227 1237/3855/1166 1273/3715/1021
f 1162/4293/359 1234/4402/1103 1273/4294/1021
f 1162/3513/359 1209/3472/731 1184/3471/227
f 1162/2290/359 1273/2291/1021 1209/2264/731
f 1234/3924/1103 1184/3883/227 1273/3882/1021
f 1192/3558/1204 1219/3628/1300 1275/3629/1109
f 1215/3125/1087 1172/3100/128 1266/3150/1153
f 1259/1937/633 1161/1936/52 1256/1944/1124
f 1185/1583/193 1259/1569/633 1283/1582/1143
f 1214/4372/410 1257/4376/233 1245/4310/1179
f 1280/2889/985 1248/2944/1095 1213/2890/380
f 1214/3940/410 1270/3859/701 1241/3932/74
f 1249/975/375 1235/986/1216 1247/969/421
f 1214/3923/410 1245/3854/1179 1251/3922/1271
f 1250/3613/1228 1240/3567/1121 1232/3566/1125
f 1228/2926/1198 1217/2919/1081 1246/2941/1113
f 1217/2919/1081 1240/2943/1121 1246/2941/1113
f 1286/2450/1122 1205/2557/969 1193/2559/732
f 1248/4084/1095 1277/4158/880 1231/4159/274
f 1268/4281/508 1264/4360/159 1253/4361/341
f 1241/3932/74 1249/3902/375 1247/3936/421
f 1214/736/410 1242/712/1133 1270/735/701
f 1241/3932/74 1247/3936/421 1242/3939/1133
f 1235/2403/1216 1241/2408/74 1242/2404/1133
f 1251/2613/1271 1242/2632/1133 1214/2614/410
f 1251/971/1271 1235/976/1216 1242/972/1133
f 1251/2911/1271 1247/2912/421 1235/2907/1216
f 1251/1869/1271 1254/1834/1253 1229/1871/998
f 1250/1987/1228 1252/1988/706 1248/1965/1095
f 1240/1790/1121 1254/1834/1253 1251/1869/1271
f 1239/1816/1249 1267/1823/1243 1238/1876/1042
f 1233/1814/1073 1236/1801/1089 1239/1816/1249
f 1267/1823/1243 1239/1816/1249 1228/1791/1198
f 1236/1801/1089 1228/1791/1198 1239/1816/1249
f 1246/1805/1113 1240/1790/1121 1260/1858/1275
f 1250/3613/1228 1232/3566/1125 1222/3627/1137
f 1246/1805/1113 1267/1823/1243 1228/1791/1198
f 1237/2294/1166 1220/2333/1286 1272/2329/1108
f 1256/1033/1124 1227/1085/1241 1221/1077/1226
f 1248/4084/1095 1288/4083/963 1277/4158/880
f 1231/50/274 1277/52/880 1265/46/943
f 1252/45/706 1231/50/274 1265/46/943
f 1270/3859/701 1249/3902/375 1241/3932/74
f 1242/3918/1133 1284/3917/1270 1270/3963/701
f 1263/3132/1192 1247/3133/421 1251/3105/1271
f 1267/1823/1243 1244/1883/1000 1238/1876/1042
f 1260/1858/1275 1245/1881/1179 1244/1883/1000
f 1267/1823/1243 1260/1858/1275 1244/1883/1000
f 1271/2258/1138 1255/2301/1028 1229/2304/998
f 1229/351/998 1278/334/1172 1271/350/1138
f 1260/1858/1275 1251/1869/1271 1245/1881/1179
f 1229/1871/998 1254/1834/1253 1278/1856/1172
f 1240/1790/1121 1251/1869/1271 1260/1858/1275
f 1250/1987/1228 1248/1965/1095 1271/1953/1138
f 1205/2557/969 1286/2450/1122 1285/2461/1147
f 1208/3238/1231 1283/3278/1143 1206/3279/1207
f 1256/1033/1124 1206/997/1207 1283/996/1143
f 1259/1937/633 1256/1944/1124 1283/1939/1143
f 1288/4298/963 1248/4299/1095 1276/4234/455
f 1248/3592/1095 1265/3563/943 1276/3591/455
f 1249/2037/375 1263/2030/1192 1229/2029/998
f 1265/354/943 1248/355/1095 1269/341/646
f 1257/4376/233 1274/4289/1250 1245/4310/1179
f 1229/859/998 1293/885/1061 1251/886/1271
f 1244/3123/1000 1245/3097/1179 1274/3122/1250
f 1284/1475/1270 1242/1476/1133 1247/1467/421
f 1284/1475/1270 1247/1467/421 1263/1453/1192
f 1271/2258/1138 1280/2360/985 1255/2301/1028
f 1271/4201/1138 1248/4268/1095 1280/4202/985
f 1248/3330/1095 1252/3306/706 1279/3348/1229
f 1278/1856/1172 1254/1834/1253 1240/1790/1121
f 1240/2452/1121 1250/2451/1228 1292/2552/1175
f 1286/1071/1122 1193/1070/732 1202/1108/1202
f 1261/2302/936 1237/2294/1166 1272/2329/1108
f 1215/2992/1087 1266/2931/1153 1163/3014/162
f 1257/4359/233 1244/4318/1000 1282/4317/1006
f 1281/427/399 1229/472/998 1263/451/1192
f 1281/427/399 1293/471/1061 1229/472/998
f 1252/2677/706 1265/2686/943 1269/2678/646
f 1290/2999/324 1260/3062/1275 1267/3063/1243
f 1246/3257/1113 1260/3270/1275 1291/3174/277
f 1278/1856/1172 1240/1790/1121 1292/1835/1175
f 1250/1735/1228 1271/1747/1138 1292/1736/1175
f 1291/1797/277 1267/1833/1243 1246/1798/1113
f 1269/4412/646 1288/4486/963 1276/4483/455
f 1274/4585/1250 1282/4642/1006 1244/4643/1000
f 1282/4377/1006 1274/4289/1250 1257/4376/233
f 1213/4458/380 1255/4374/1028 1280/4457/985
f 1249/329/375 1284/330/1270 1263/322/1192
f 1271/350/1138 1278/334/1172 1296/299/1118
f 1287/82/1127 1286/83/1122 1191/9/1248
f 1264/4360/159 1268/4281/508 1289/4335/1015
f 1288/4387/963 1269/4388/646 1277/4301/880
f 1279/4347/1229 1277/4301/880 1269/4388/646
f 1276/36/455 1265/46/943 1277/52/880
f 1284/3890/1270 1249/3926/375 1270/3935/701
f 1252/4487/706 1269/4412/646 1276/4483/455
f 1276/4478/455 1279/4370/1229 1252/4373/706
f 1279/3860/1229 1269/3933/646 1248/3861/1095
f 1273/2275/1021 1237/2294/1166 1261/2302/936
f 1281/427/399 1294/436/1025 1293/471/1061
f 1289/3043/1015 1253/3042/341 1264/3059/159
f 1263/970/1192 1251/978/1271 1281/979/399
f 1276/225/455 1277/235/880 1279/236/1229
f 1299/267/1018 1296/268/1118 1278/231/1172
f 1287/1751/1127 1208/1711/1231 1285/1750/1147
f 1253/1489/341 1289/1490/1015 1268/1472/508
f 1251/3581/1271 1294/3682/1025 1281/3671/399
f 1291/2985/277 1260/3062/1275 1290/2999/324
f 1299/1721/1018 1278/1695/1172 1292/1694/1175
f 1294/3682/1025 1251/3581/1271 1293/3580/1061
f 1292/317/1175 1271/350/1138 1296/299/1118
f 1295/15/717 1290/43/324 1267/16/1243
f 1267/3047/1243 1291/2991/277 1295/3046/717
f 1287/2782/1127 1285/2781/1147 1286/2968/1122
f 1295/3046/717 1291/2991/277 1300/2986/933
f 1290/1971/324 1297/1958/895 1291/1957/277
f 1297/1368/895 1300/1367/933 1291/1392/277
f 1298/4065/849 1290/3927/324 1295/4064/717
f 1297/4342/895 1290/4254/324 1298/4341/849
f 1300/832/933 1297/875/895 1298/876/849
f 1299/3780/1018 1292/3897/1175 1296/3898/1118
f 1298/876/849 1295/838/717 1300/832/933