mtllib mesh.mtl
o material_0
usemtl material_0
v -0.5 -0.2747701108455658 0.0802808478474617
v -0.4952937960624695 -0.27551236748695374 -0.10078703612089157
v -0.4905214011669159 -0.2736974358558655 0.06075505539774895
v -0.48862046003341675 -0.2737063467502594 -0.058666832745075226
v -0.48740875720977783 -0.26912441849708557 -0.008763376623392105
v -0.4858802258968353 -0.2714287340641022 0.006370376329869032
v -0.4737285077571869 -0.2576446533203125 -0.0690450370311737
v -0.4651332497596741 -0.2631576657295227 -0.022358102723956108
v -0.46140533685684204 -0.25395235419273376 -0.04871457442641258
v -0.4592478275299072 -0.2712409496307373 -0.048327457159757614
v -0.4558939039707184 -0.24251876771450043 -0.02760516293346882
v -0.4536750316619873 -0.24767142534255981 0.04852519929409027
v -0.4535585641860962 -0.2773141860961914 0.05581066012382507
v -0.44926097989082336 -0.23956242203712463 0.07026512175798416
v -0.44545483589172363 0.2673293948173523 -0.0006402162835001945
v -0.44297316670417786 -0.23681902885437012 0.03127647191286087
v -0.44066834449768066 -0.2738810181617737 -0.0740649551153183
v -0.43757086992263794 -0.2389618158340454 -0.04865582287311554
v -0.4359264075756073 0.2538752257823944 -0.09777246415615082
v -0.4354642331600189 -0.27754393219947815 -0.006680394057184458
v -0.43241873383522034 0.2597842812538147 -0.13432039320468903
v -0.4315333068370819 -0.2745555639266968 0.019411703571677208
v -0.4303436279296875 0.2598634958267212 0.1368534415960312
v -0.42992186546325684 -0.22417844831943512 0.07352519035339355
v -0.42942148447036743 -0.2785363793373108 -0.059351373463869095
v -0.4291497468948364 -0.191894069314003 0.015579352155327797
v -0.4286435544490814 -0.2245681881904602 -0.010998478159308434
v -0.42811116576194763 -0.2755417227745056 0.09143013507127762
v -0.427961140871048 -0.27680957317352295 -0.03225214034318924
v -0.4227581322193146 -0.2582688629627228 0.07409694790840149
v -0.4225483238697052 -0.27337324619293213 0.03887927904725075
v -0.42149606347084045 -0.22105005383491516 -0.043348442763090134
v -0.41966909170150757 0.2416270226240158 0.14597009122371674
v -0.41712871193885803 -0.21559789776802063 -0.059951458126306534
v -0.4164535403251648 -0.22590264678001404 0.07454963773488998
v -0.41636019945144653 -0.20652267336845398 0.09024728089570999
v -0.4158157408237457 -0.2569239139556885 0.058699872344732285
v -0.415496826171875 0.2638248801231384 0.09483445435762405
v -0.4148867726325989 -0.20804858207702637 0.07453390210866928
v -0.41377052664756775 -0.27618691325187683 0.14206062257289886
v -0.4136194586753845 0.25399482250213623 -0.1581186205148697
v -0.4129270613193512 0.2440100610256195 -0.14622975885868073
v -0.4118894636631012 0.22248153388500214 0.09069681167602539
v -0.41027286648750305 0.2212068736553192 0.1394992470741272
v -0.40869656205177307 -0.27881911396980286 -0.1281716376543045
v -0.4081992506980896 -0.18337906897068024 -0.011656787246465683
v -0.4078483283519745 0.23032091557979584 0.16935601830482483
v -0.4068737328052521 -0.23974233865737915 -0.048752862960100174
v -0.40598148107528687 0.2875916361808777 -0.0750049576163292
v -0.40473565459251404 0.21665745973587036 -0.16135823726654053
v -0.40272560715675354 0.21730737388134003 -0.11677999794483185
v -0.40260186791419983 -0.2027270495891571 0.01930049993097782
v -0.399710476398468 -0.2006540298461914 -0.04914732649922371
v -0.3985397219657898 -0.21806170046329498 0.025787068530917168
v -0.3971654176712036 -0.216358482837677 -0.07840350270271301
v -0.39586925506591797 -0.21568915247917175 0.08958005160093307
v -0.395342618227005 0.21787074208259583 0.11666616797447205
v -0.3951595425605774 -0.18952415883541107 0.06541147083044052
v -0.3950483500957489 -0.20068708062171936 -0.02125130593776703
v -0.39315104484558105 -0.21091629564762115 0.006056171841919422
v -0.389462947845459 -0.21023701131343842 -0.016149021685123444
v -0.38795220851898193 -0.1833927035331726 -0.08630006015300751
v -0.3874722719192505 -0.1900838315486908 0.05003275349736214
v -0.38693299889564514 -0.17511479556560516 0.04584895819425583
v -0.38584771752357483 -0.2073037177324295 0.07063177973031998
v -0.3842184841632843 -0.16975706815719604 0.08235124498605728
v -0.3825420141220093 -0.2060122787952423 -0.047274164855480194
v -0.38192933797836304 0.20289698243141174 0.12238742411136627
v -0.37874743342399597 -0.17143036425113678 -0.04721331596374512
v -0.37755516171455383 -0.16960127651691437 0.07525882124900818
v -0.3774082660675049 -0.1692235916852951 -0.07418087869882584
v -0.3773154020309448 0.2892266809940338 0.11430045962333679
v -0.3772519528865814 -0.01045216340571642 0.04605982452630997
v -0.37634867429733276 -0.2806377112865448 -0.08220332860946655
v -0.3758309781551361 -0.2786444425582886 0.10445991903543472
v -0.37547582387924194 -0.04849505424499512 -0.07658174633979797
v -0.374745637178421 -0.16504450142383575 -0.09625336527824402
v -0.3746596574783325 -0.16489291191101074 0.004235462751239538
v -0.3740170896053314 -0.047001663595438004 0.07889185100793839
v -0.3739289343357086 -0.012575536035001278 -0.04798859730362892
v -0.37313583493232727 -0.04187052696943283 -0.08205646276473999
v -0.37295275926589966 -0.029193760827183723 -0.0014983777655288577
v -0.3721911311149597 -0.16743120551109314 0.11287420988082886
v -0.3720369040966034 -0.2113296240568161 0.0832303836941719
v -0.3717835545539856 -0.1730339080095291 -0.12424643337726593
v -0.3706515431404114 -0.26821064949035645 -0.10827392339706421
v -0.3706054091453552 -0.03893095627427101 -0.049932051450014114
v -0.370353639125824 -0.1091097891330719 -0.06119096279144287
v -0.3694010376930237 -0.1117461770772934 0.0689978152513504
v -0.3688523471355438 0.23248466849327087 -0.13623866438865662
v -0.3686372935771942 -0.27533242106437683 0.07355980575084686
v -0.36860528588294983 -0.16119694709777832 0.08472011238336563
v -0.3679915964603424 0.20058582723140717 0.09853462129831314
v -0.36678093671798706 -0.03361780568957329 -0.03419821336865425
v -0.36649084091186523 -0.16304756700992584 -0.0101529061794281
v -0.3663565218448639 0.2062530517578125 -0.09661583602428436
v -0.36627212166786194 -0.16407200694084167 -0.04025989770889282
v -0.3658524751663208 -0.00536299217492342 0.0012492078822106123
v -0.3656919598579407 -0.1023971438407898 -0.07516336441040039
v -0.36490094661712646 -0.02160668931901455 0.04094180464744568
v -0.3645930290222168 -0.2694181501865387 0.1065560132265091
v -0.36454474925994873 -0.023876935243606567 0.07306988537311554
v -0.36438268423080444 -0.1617734283208847 -0.08487957715988159
v -0.3641471862792969 -0.03422155976295471 0.0029943811241537333
v -0.3640359342098236 -0.032722923904657364 0.06684348732233047
v -0.36286887526512146 -0.10346722602844238 -0.05197254568338394
v -0.3617069721221924 -0.021822281181812286 -0.06307724118232727
v -0.36139851808547974 -0.21277162432670593 -0.09768013656139374
v -0.3598704934120178 0.238164484500885 0.12438909709453583
v -0.359464555978775 -0.16348135471343994 -0.047374874353408813
v -0.3590899705886841 0.20381073653697968 -0.11942005902528763
v -0.3585732877254486 -0.162561297416687 -0.0019741435535252094
v -0.35690364241600037 0.24230578541755676 -0.1275232881307602
v -0.3562889099121094 -0.2732352912425995 -0.07846120744943619
v -0.34853506088256836 -0.20391933619976044 0.09198668599128723
v -0.3451637625694275 0.22819334268569946 0.15427212417125702
v -0.3435743451118469 -0.1641658991575241 0.07860177755355835
v -0.3408083915710449 -0.15766464173793793 -0.10304155200719833
v -0.3395206332206726 0.13075895607471466 0.0935288518667221
v -0.33949023485183716 -0.17579461634159088 -0.09743307530879974
v -0.33688902854919434 -0.27624988555908203 0.10261980444192886
v -0.33587607741355896 0.057568155229091644 -0.10350315272808075
v -0.3351306915283203 0.05758284404873848 0.10068264603614807
v -0.3336315155029297 -0.04117812588810921 0.09249549359083176
v -0.33196350932121277 0.11290647089481354 -0.09649571031332016
v -0.3288675844669342 -0.21347136795520782 0.07942111790180206
v -0.3273065686225891 0.24325576424598694 -0.08945731818675995
v -0.32672321796417236 -0.04494490474462509 -0.086620032787323
v -0.3255939185619354 -0.15031465888023376 0.11441899836063385
v -0.3251244127750397 -0.00978546217083931 0.02203182317316532
v -0.3250221312046051 -0.22738134860992432 -0.10114635527133942
v -0.32451435923576355 -0.26889410614967346 -0.09793821722269058
v -0.3225037455558777 -0.007358900271356106 -0.025937624275684357
v -0.3223883807659149 0.23149274289608002 0.08393380790948868
v -0.32209041714668274 -0.0570724718272686 0.08365422487258911
v -0.32185280323028564 -0.13797834515571594 0.07934768497943878
v -0.3212333023548126 -0.05153166502714157 -0.11933665722608566
v -0.3206159174442291 -0.13769139349460602 -0.07629901170730591
v -0.31977352499961853 -0.024968521669507027 -0.08727782219648361
v -0.31967490911483765 0.21194230020046234 -0.08115265518426895
v -0.3189210891723633 0.17024224996566772 0.11667246371507645
v -0.31848469376564026 -0.27389517426490784 0.1045999750494957
v -0.31768998503685 -0.025392882525920868 -0.01084111351519823
v -0.31628841161727905 -0.17500989139080048 0.10153137147426605
v -0.3158630132675171 0.2819606363773346 0.1551937311887741
v -0.3158446252346039 -0.27714160084724426 -0.11332689970731735
v -0.3157019317150116 -0.04707929491996765 0.11339350789785385
v -0.3150619864463806 -0.15390153229236603 -0.12397419661283493
v -0.31413090229034424 0.25061938166618347 0.09028242528438568
v -0.31349778175354004 0.20986928045749664 -0.12516963481903076
v -0.3131222128868103 -0.28019607067108154 -0.0906616821885109
v -0.31231755018234253 0.07075373083353043 -0.11684242635965347
v -0.31201279163360596 0.005315768998116255 -0.013076739385724068
v -0.31173059344291687 -0.26906201243400574 0.09259200841188431
v -0.3096187710762024 -0.27706924080848694 0.10746663063764572
v -0.30960458517074585 -0.26794520020484924 -0.10105456411838531
v -0.30957362055778503 -0.1745881587266922 -0.1016787737607956
v -0.3088119924068451 -0.2241915613412857 0.08754217624664307
v -0.30835458636283875 0.008429489098489285 0.023365752771496773
v -0.308206707239151 0.04788918420672417 -0.1233169287443161
v -0.30762967467308044 -0.21809473633766174 -0.0981118455529213
v -0.30703800916671753 -0.016637641936540604 -0.017493439838290215
v -0.30631932616233826 0.210731640458107 0.12436706572771072
v -0.304131418466568 0.06980849802494049 0.11595331132411957
v -0.30355027318000793 -0.028210757300257683 0.0815025269985199
v -0.303200900554657 0.08464588224887848 0.08450137078762054
v -0.3028016984462738 -0.02843054197728634 -0.08274833858013153
v -0.3026401996612549 0.13589534163475037 -0.0887628123164177
v -0.3026312589645386 -0.14150170981884003 0.08347273617982864
v -0.302447646856308 -0.05120906978845596 -0.08520060777664185
v -0.2991199493408203 -0.16082610189914703 -0.08420658111572266
v -0.29791659116744995 -0.16354115307331085 -0.12694942951202393
v -0.2975383996963501 -0.05123477056622505 0.08400147408246994
v -0.2964206039905548 -0.16193918883800507 0.08329804986715317
v -0.2948548197746277 -0.20752088725566864 0.10906965285539627
v -0.2947351932525635 0.229777991771698 -0.09886036813259125
v -0.2936268448829651 0.29958388209342957 -0.0953579694032669
v -0.2935292720794678 0.20391301810741425 -0.11093653738498688
v -0.292420357465744 -0.21220773458480835 0.0948486179113388
v -0.2922598421573639 0.20410920679569244 0.10676006972789764
v -0.291642963886261 -0.17056013643741608 0.12754741311073303
v -0.2911410331726074 -0.04837493225932121 -0.11158067733049393
v -0.28993088006973267 0.23979109525680542 -0.1569121778011322
v -0.2895925045013428 0.2194160670042038 0.09649727493524551
v -0.28542762994766235 0.23027317225933075 -0.12796705961227417
v -0.28481388092041016 -0.1444617509841919 -0.10562705248594284
v -0.28148773312568665 -0.14589060842990875 0.10350891202688217
v -0.28109484910964966 -0.299740731716156 -0.04844023659825325
v -0.2788970172405243 -0.027423935011029243 0.0887533649802208
v -0.27864784002304077 -0.22000513970851898 -0.0743020623922348
v -0.27801889181137085 -0.03011486865580082 0.1089264526963234
v -0.2779979407787323 -0.027707714587450027 -0.09085051715373993
v -0.27485325932502747 0.1486959010362625 0.11117938905954361
v -0.2740165889263153 0.14399594068527222 0.08682617545127869
v -0.27380624413490295 -0.02474873699247837 -0.1107901781797409
v -0.27167972922325134 0.14394032955169678 -0.11240474134683609
v -0.2704129219055176 -0.21884799003601074 0.09203546494245529
v -0.26998284459114075 -0.19051869213581085 0.10322093963623047
v -0.266885370016098 0.25661391019821167 -0.17408065497875214
v -0.2655723989009857 -0.22706766426563263 0.02547496184706688
v -0.2654118835926056 -0.21888524293899536 -0.09864478558301926
v -0.2635193169116974 -0.20121896266937256 -0.10999339818954468
v -0.26336461305618286 -0.3296552300453186 0.048544611781835556
v -0.2629869282245636 0.25599440932273865 0.13279445469379425
v -0.2603258788585663 -0.22628504037857056 0.050510093569755554
v -0.2597997486591339 -0.3350864052772522 0.025138726457953453
v -0.2588728666305542 -0.22349601984024048 -0.04633994400501251
v -0.2575746178627014 -0.22278892993927002 -0.02611859329044819
v -0.25609642267227173 0.3235180079936981 0.07950714230537415
v -0.2490522861480713 -0.31842413544654846 -0.02821783721446991
v -0.24260608851909637 0.23481471836566925 -0.09946727752685547
v -0.24188852310180664 0.2717764973640442 0.14948086440563202
v -0.2414211481809616 0.32723337411880493 -0.05602520704269409
v -0.24142061173915863 -0.2275276929140091 -0.02670661173760891
v -0.24045753479003906 -0.2962404191493988 -0.04885829985141754
v -0.24037152528762817 -0.22445595264434814 0.012353901751339436
v -0.24008458852767944 -0.23051762580871582 0.007101596798747778
v -0.23972998559474945 -0.3038085997104645 -0.032545361667871475
v -0.23879262804985046 0.27198687195777893 -0.15176478028297424
v -0.23866307735443115 0.297347754240036 0.12334105372428894
v -0.23798273503780365 -0.2702789604663849 0.041598014533519745
v -0.23690004646778107 -0.29498937726020813 0.02877279929816723
v -0.23621080815792084 -0.30382224917411804 0.04273838549852371
v -0.2353578805923462 0.3161957859992981 0.0070858607068657875
v -0.23368877172470093 -0.2639812231063843 -0.054243844002485275
v -0.23325130343437195 0.23371420800685883 0.09806619584560394
v -0.23172694444656372 -0.23920677602291107 0.01066118385642767
v -0.23101042211055756 0.30576568841934204 -0.14837725460529327
v -0.22955794632434845 -0.22197167575359344 0.007988084107637405
v -0.22919759154319763 -0.30344560742378235 -0.028068864718079567
v -0.22741463780403137 -0.3222590982913971 0.03611123561859131
v -0.22655858099460602 -0.2503723204135895 -0.026727069169282913
v -0.22330009937286377 -0.24512052536010742 0.10477045923471451
v -0.21967284381389618 0.264299601316452 0.17190273106098175
v -0.21954064071178436 -0.3546420931816101 -0.0510750412940979
v -0.21886135637760162 -0.24266879260540009 0.02678266167640686
v -0.21802207827568054 0.21576730906963348 0.11922019720077515
v -0.21549741923809052 -0.23627035319805145 0.006767984014004469
v -0.21490101516246796 -0.32171985507011414 -0.04280710592865944
v -0.21428728103637695 0.2570283114910126 -0.13893747329711914
v -0.21374280750751495 -0.25431692600250244 -0.10663732886314392
v -0.21340762078762054 0.21992067992687225 0.0788787305355072
v -0.21263758838176727 0.1914728432893753 0.0869683250784874
v -0.20807664096355438 0.1783580780029297 0.11002013832330704
v -0.2080226093530655 -0.294435977935791 0.06308247894048691
v -0.2079428732395172 -0.1866501420736313 0.10078702867031097
v -0.20728717744350433 -0.31365543603897095 -0.05470072105526924
v -0.20709991455078125 -0.3195529282093048 -0.03687078878283501
v -0.2062879204750061 0.016579926013946533 0.0306821558624506
v -0.20619507133960724 -0.311363160610199 0.025392606854438782
v -0.20393426716327667 0.21020236611366272 -0.11094597727060318
v -0.2038031369447708 -0.3234839141368866 0.034209221601486206
v -0.20366360247135162 0.016306111589074135 -0.03909907117486
v -0.20303624868392944 -0.3554776906967163 -0.028313828632235527
v -0.20196092128753662 0.26141247153282166 0.12191113084554672
v -0.2017023116350174 -0.22303859889507294 -0.02651043049991131
v -0.2015056014060974 -0.2245209813117981 0.048807933926582336
v -0.1975557655096054 0.03399232029914856 -0.03322727605700493
v -0.19684027135372162 -0.31133535504341125 -0.024851283058524132
v -0.19425110518932343 0.19653315842151642 -0.0893067717552185
v -0.19314222037792206 0.032693538814783096 0.027977583929896355
v -0.18695569038391113 -0.22497786581516266 0.023909185081720352
v -0.1828358769416809 -0.34713998436927795 0.026400266215205193
v -0.18189221620559692 -0.31903940439224243 0.04627174139022827
v -0.17976728081703186 -0.27032193541526794 -0.016839852556586266
v -0.17841288447380066 -0.18749414384365082 -0.1129581406712532
v -0.17823296785354614 0.2667623460292816 -0.12259881943464279
v -0.17741362750530243 -0.22293789684772491 -0.048150159418582916
v -0.1761295348405838 -0.12482422590255737 0.00016601492825429887
v -0.17516277730464935 -0.3348933756351471 -0.04977206140756607
v -0.17401611804962158 -0.11141938716173172 0.01838778518140316
v -0.1727750301361084 -0.02122429385781288 -0.004960398655384779
v -0.17193785309791565 -0.24972711503505707 0.10041879862546921
v -0.17021839320659637 -0.08307906985282898 0.045716769993305206
v -0.1691609025001526 -0.3361685276031494 0.047141965478658676
v -0.1680304855108261 0.1795063018798828 -0.11363953351974487
v -0.16759774088859558 -0.07645402103662491 -0.02908281795680523
v -0.16657224297523499 -0.22504186630249023 -0.01945420168340206
v -0.1655965894460678 -0.10532937198877335 -0.05152196064591408
v -0.16296754777431488 -0.017652641981840134 -0.022519664838910103
v -0.16289778053760529 -0.03775649517774582 0.018327461555600166
v -0.1588876098394394 -0.22042374312877655 -0.10022472590208054
v -0.15879476070404053 -0.030088642612099648 -0.010364299640059471
v -0.15831322968006134 -0.25916847586631775 0.0022573901806026697
v -0.1582324504852295 -0.29370683431625366 0.022700099274516106
v -0.1571718156337738 -0.1626814305782318 0.0030431642662733793
v -0.15647417306900024 -0.16067029535770416 -0.014786244370043278
v -0.15620192885398865 -0.1370934098958969 0.052866365760564804
v -0.15527713298797607 -0.26416006684303284 -0.027840685099363327
v -0.15477147698402405 -0.2787162959575653 -0.05499761551618576
v -0.15468282997608185 -0.15966422855854034 0.01377542968839407
v -0.15300795435905457 -0.2246096283197403 -0.04459896311163902
v -0.1529565453529358 -0.09237302094697952 0.006233468651771545
v -0.15269531309604645 -0.014829521998763084 0.02497139573097229
v -0.15214873850345612 -0.08035246282815933 0.057802893221378326
v -0.15128900110721588 -0.1630454659461975 0.01802217587828636
v -0.15002693235874176 -0.032568708062171936 0.04446467012166977
v -0.14947563409805298 -0.23827466368675232 0.040696315467357635
v -0.14823560416698456 -0.013340327888727188 0.011045677587389946
v -0.1477252095937729 -0.20945489406585693 0.10985962301492691
v -0.1476549357175827 0.26458755135536194 -0.08804575353860855
v -0.14724630117416382 -0.07581301778554916 0.04367155581712723
v -0.14590869843959808 -0.29980942606925964 -0.032314036041498184
v -0.14523622393608093 -0.04096882790327072 -0.053121309727430344
v -0.14466814696788788 -0.1273142546415329 0.021137993782758713
v -0.14090818166732788 -0.1337263286113739 0.00010674090299289674
v -0.13962514698505402 -0.10707350075244904 -0.05718865618109703
v -0.13923907279968262 -0.2925281822681427 0.05808247625827789
v -0.13873498141765594 -0.12789860367774963 -0.04233711212873459
v -0.13621190190315247 -0.0530024990439415 0.008136531338095665
v -0.13606081902980804 -0.07321912795305252 -0.055797550827264786
v -0.13545340299606323 -0.10564620047807693 0.046561818569898605
v -0.1352771520614624 -0.0192567128688097 -0.04670869931578636
v -0.13481764495372772 0.14763683080673218 0.08885564655065536
v -0.13479666411876678 -0.05069710686802864 -0.04169873520731926
v -0.1347358226776123 -0.2617235481739044 -0.05212990939617157
v -0.13459260761737823 -0.2751373052597046 0.05677792802453041
v -0.13344961404800415 -0.14426714181900024 0.056878115981817245
v -0.13337565958499908 0.13377878069877625 -0.09000179916620255
v -0.13284063339233398 -0.03153219819068909 0.10842236131429672
v -0.13240472972393036 -0.020957300439476967 0.05471277981996536
v -0.1319100707769394 -0.026159247383475304 -0.10952602326869965
v -0.13184764981269836 -0.027067242190241814 -0.027880026027560234
v -0.13095013797283173 -0.2208119034767151 0.09486331045627594
v -0.12995508313179016 -0.12735149264335632 0.003916013054549694
v -0.12994565069675446 0.21621370315551758 -0.11183351278305054
v -0.12980453670024872 -0.13181015849113464 0.03926114737987518
v -0.12941163778305054 -0.11431489139795303 0.055196937173604965
v -0.1292605847120285 -0.05893829092383385 0.10623184591531754
v -0.1272478848695755 -0.02753356471657753 0.08657228946685791
v -0.12712828814983368 -0.16050821542739868 0.052910953760147095
v -0.12559188902378082 -0.22445175051689148 0.04671603441238403
v -0.1251334398984909 0.21265725791454315 0.10552895069122314
v -0.12501488626003265 0.2269517332315445 -0.09851890057325363
v -0.12344018369913101 -0.08286085724830627 0.058789048343896866
v -0.12301687151193619 -0.01885543204843998 -0.03290887549519539
v -0.1229245513677597 0.112303227186203 -0.1140151098370552
v -0.12257362902164459 -0.06896188855171204 -0.1080908551812172
v -0.12233181297779083 -0.10201055556535721 -0.030774487182497978
v -0.12188909202814102 -0.06286663562059402 -0.05737120285630226
v -0.12177789211273193 -0.20297515392303467 -0.10840033739805222
v -0.12177369743585587 -0.08720412105321884 -0.04695471376180649
v -0.12160059809684753 -0.028667638078331947 0.022680167108774185
v -0.12155915796756744 -0.03968316316604614 -0.059093818068504333
v -0.12151666730642319 -0.08042589575052261 0.036692433059215546
v -0.12143011391162872 -0.2432536631822586 0.10839665681123734
v -0.1213262602686882 -0.27253028750419617 -0.09073616564273834
v -0.12108863145112991 0.10125518590211868 0.10882836580276489
v -0.1210194006562233 -0.16068078577518463 -0.026719199493527412
v -0.12065955251455307 -0.15153685212135315 -0.10623867809772491
v -0.11984545737504959 -0.14023126661777496 -0.015551035292446613
v -0.11816847324371338 -0.17710597813129425 -0.10178211331367493
v -0.1181044802069664 0.24309103190898895 0.097019724547863
v -0.11802474409341812 -0.02794218808412552 0.042144592851400375
v -0.11795078963041306 -0.15164858102798462 0.10578545182943344
v -0.11786108464002609 -0.15488925576210022 0.01707588881254196
v -0.11754845827817917 -0.16084758937358856 0.026643656194210052
v -0.11594229191541672 -0.2817460894584656 -0.11733026057481766
v -0.11563752591609955 -0.15959236025810242 -0.05476628988981247
v -0.1153448298573494 -0.1350523829460144 0.011226647533476353
v -0.11501593887805939 -0.11516203731298447 0.06041986867785454
v -0.1147305816411972 0.22817708551883698 0.12530705332756042
v -0.11430884152650833 -0.03787189722061157 -0.014719625934958458
v -0.1138063296675682 -0.05228649079799652 0.04717344045639038
v -0.11206009984016418 0.25706082582473755 0.15457162261009216
v -0.11064329743385315 -0.03203628957271576 -0.08695363998413086
v -0.11063385754823685 -0.27973654866218567 0.11359912902116776
v -0.10997187346220016 -0.1150597482919693 -0.03379221633076668
v -0.10906021296977997 -0.2180008441209793 -0.0879460871219635
v -0.10884986817836761 -0.10689357668161392 0.017878448590636253
v -0.1076098382472992 -0.16149595379829407 -0.08242574334144592
v -0.10732868313789368 -0.1757720559835434 0.09774674475193024
v -0.10711465775966644 -0.033188726752996445 -0.04371247813105583
v -0.10575764626264572 -0.0638265609741211 -0.022818656638264656
v -0.10463092476129532 -0.08372373878955841 0.02478150837123394
v -0.10451972484588623 -0.06355956196784973 -0.054102737456560135
v -0.10431986302137375 -0.19951890408992767 -0.05443267896771431
v -0.10285637527704239 -0.2025088220834732 -0.10977675765752792
v -0.1027168408036232 -0.26362136006355286 -0.10935921221971512
v -0.102457195520401 -0.15877825021743774 -0.047487128525972366
v -0.10182826220989227 0.08049827814102173 0.08195573836565018
v -0.10176163911819458 -0.19557639956474304 -0.09430728852748871
v -0.10059819370508194 -0.2130134403705597 0.10215768218040466
v -0.0999918133020401 -0.2691170573234558 -0.09878432005643845
v -0.09993568807840347 0.15711909532546997 -0.08810188621282578
v -0.09884358197450638 -0.11064200103282928 0.04037529230117798
v -0.09794030338525772 -0.06115765869617462 0.05533279478549957
v -0.09721275418996811 -0.15967994928359985 0.12355873733758926
v -0.0971686914563179 -0.044545728713274 -0.12127066403627396
v -0.09593076258897781 0.22315873205661774 0.06944157928228378
v -0.09586099535226822 -0.21511949598789215 0.08979406952857971
v -0.09563333541154861 -0.14261062443256378 0.004353486467152834
v -0.09558403491973877 0.15251407027244568 -0.11692792922258377
v -0.09491890668869019 -0.27377399802207947 0.07839982211589813
v -0.09456116706132889 -0.15314249694347382 -0.12183770537376404
v -0.09449245035648346 -0.09562050551176071 -0.05652667582035065
v -0.09273625910282135 0.23276005685329437 -0.12808822095394135
v -0.0925668329000473 -0.024547310546040535 -0.056982509791851044
v -0.0922379419207573 -0.1381981074810028 -0.047558993101119995
v -0.09209893643856049 -0.09101653844118118 0.058608077466487885
v -0.09200451523065567 -0.05947333201766014 -0.001903329510241747
v -0.09017594158649445 -0.19878295063972473 0.09087201207876205
v -0.08891229331493378 -0.047702983021736145 0.11645530164241791
v -0.08842971175909042 -0.16201892495155334 0.060910843312740326
v -0.08757312595844269 -0.20709075033664703 0.0805499479174614
v -0.08658749610185623 0.2139056771993637 0.11883465200662613
v -0.08498762547969818 -0.08505084365606308 0.04925380274653435
v -0.08473269641399384 -0.09995851665735245 0.0483216792345047
v -0.08409589529037476 -0.1517854928970337 0.08361068367958069
v -0.08335366100072861 0.25330084562301636 -0.0908610075712204
v -0.08322461694478989 -0.057873982936143875 -0.042734719812870026
v -0.08289939910173416 -0.17165958881378174 -0.12944890558719635
v -0.08254217356443405 -0.15179389715194702 0.04817952588200569
v -0.0804487094283104 -0.11121375858783722 0.052041251212358475
v -0.08021895587444305 -0.14491549134254456 0.05457744747400284
v -0.07969178259372711 0.26737189292907715 0.08602465689182281
v -0.07962149381637573 0.11321070790290833 0.11206063628196716
v -0.07855246216058731 0.049566689878702164 -0.10829228162765503
v -0.07854197174310684 -0.09738823026418686 0.054870665073394775
v -0.07826763391494751 0.33019497990608215 -0.10682197660207748
v -0.07768171280622482 -0.014923415146768093 -0.023091422393918037
v -0.07768119126558304 -0.03409146890044212 -0.005286668427288532
v -0.07751490920782089 -0.11834971606731415 0.05423281714320183
v -0.07743307948112488 0.33252134919166565 0.09323877841234207
v -0.07664363086223602 -0.10706719756126404 0.049723271280527115
v -0.07653924822807312 0.2357688695192337 -0.09365423023700714
v -0.07647944241762161 0.3132179379463196 0.1490287333726883
v -0.07546602189540863 -0.0899433121085167 -0.04204965755343437
v -0.07526879012584686 0.3184613287448883 -0.09557092934846878
v -0.07419241219758987 -0.03464539349079132 0.04130321741104126
v -0.07272788137197495 -0.1563968062400818 -0.02817482315003872
v -0.0723685622215271 0.3197050392627716 0.08213198184967041
v -0.07216345518827438 -0.12732946872711182 0.04094914719462395
v -0.07210785895586014 0.23775847256183624 0.09374339133501053
v -0.07174381613731384 -0.057642657309770584 -0.030450839549303055
v -0.07132837921380997 -0.0822177603840828 -0.013874578289687634
v -0.07113377749919891 -0.1613401472568512 -0.06524152308702469
v -0.07093287259340286 -0.01204154547303915 -0.04916463419795036
v -0.07062758505344391 0.21786759793758392 -0.11523730307817459
v -0.07006002217531204 -0.11560213565826416 -0.009014111012220383
v -0.0695265531539917 -0.21251405775547028 0.07518119364976883
v -0.06902771443128586 -0.059382058680057526 -0.10222955048084259
v -0.06842710077762604 -0.05364087596535683 -0.08851365000009537
v -0.06835576146841049 0.07928919047117233 0.023144392296671867
v -0.06801900267601013 -0.1415908932685852 0.007627719081938267
v -0.06768958270549774 -0.07482372224330902 0.04065854474902153
v -0.06768276542425156 -0.20418213307857513 0.09295552223920822
v -0.06728306412696838 0.07989242672920227 -0.028918109834194183
v -0.0670926496386528 0.09828099608421326 -0.11161424964666367
v -0.06706170737743378 0.1497093290090561 0.08669975399971008
v -0.0665959045290947 -0.2943578362464905 -0.05236438289284706
v -0.06631054729223251 -0.16041117906570435 0.02706749178469181
v -0.06552791595458984 -0.1386827975511551 -0.0906868577003479
v -0.0653710812330246 -0.04837178438901901 0.08401143550872803
v -0.06491472572088242 -0.04429132118821144 -0.11271055787801743
v -0.06477099657058716 0.14455142617225647 -0.08928736299276352
v -0.06365108489990234 -0.0934530645608902 0.0076177529990673065
v -0.06352414190769196 0.30188560485839844 -0.14457426965236664
v -0.06323197484016418 -0.1909635066986084 0.05408436805009842
v -0.06322042644023895 0.056456636637449265 0.09244461357593536
v -0.06290360540151596 -0.03826950117945671 0.04200086370110512
v -0.06290360540151596 -0.023081719875335693 0.055798593908548355
v -0.062280960381031036 -0.22815033793449402 -0.04858396202325821
v -0.06175642088055611 -0.03005664423108101 0.02280186302959919
v -0.05938545614480972 -0.042160604149103165 -0.040620263665914536
v -0.058321669697761536 -0.12228698283433914 -0.060225795954465866
v -0.05802267789840698 -0.1494245082139969 0.049353986978530884
v -0.056908536702394485 -0.057360973209142685 -0.007581568788737059
v -0.056251801550388336 -0.07609470188617706 -0.04879115894436836
v -0.05621088668704033 0.012838320806622505 -0.0018398590618744493
v -0.05613167956471443 -0.16093729436397552 0.10300272703170776
v -0.056092340499162674 -0.19340582191944122 0.09026248753070831
v -0.05589825659990311 0.2982279360294342 0.14653712511062622
v -0.05550956726074219 -0.21918107569217682 0.06447882205247879
v -0.05541776865720749 -0.053672872483730316 0.0539930984377861
v -0.05513504147529602 0.2740446627140045 0.13555516302585602
v -0.05490371212363243 0.27140095829963684 -0.12140337377786636
v -0.054650358855724335 -0.17552080750465393 0.09553524851799011
v -0.05437654256820679 -0.293233186006546 0.04734601825475693
v -0.05177635699510574 -0.19134852290153503 -0.0638137087225914
v -0.050726208835840225 -0.03324012830853462 -0.05627698823809624
v -0.0505814328789711 -0.16095145046710968 -0.09977938234806061
v -0.05040990188717842 -0.19308793544769287 0.07057145237922668
v -0.05008206143975258 0.31069907546043396 -0.15540827810764313
v -0.05005898326635361 -0.21107837557792664 0.0970485731959343
v -0.049415361136198044 -0.18491598963737488 0.08453598618507385
v -0.04894011840224266 -0.12122686952352524 -0.04732294753193855
v -0.0484040305018425 -0.005920587107539177 0.012378555722534657
v -0.048268698155879974 -0.17825685441493988 0.06661216169595718
v -0.04612591490149498 -0.1053372398018837 -0.05339197441935539
v -0.04515077918767929 -0.17731159925460815 -0.05553685128688812
v -0.044395431876182556 -0.27398747205734253 0.04659486189484596
v -0.04416462779045105 -0.1378535032272339 -0.05144117772579193
v -0.043684665113687515 -0.12700895965099335 0.007131495978683233
v -0.04336574301123619 -0.22267037630081177 0.048164837062358856
v -0.041723378002643585 -0.19809789955615997 -0.08660377562046051
v -0.041717082262039185 -0.037954773753881454 -0.02177375555038452
v -0.040981143712997437 -0.0512394905090332 0.016561830416321754
v -0.039855457842350006 -0.17206193506717682 0.12391595542430878
v -0.03909434378147125 0.27378028631210327 -0.1419137567281723
v -0.03755321726202965 -0.19328568875789642 0.07759305834770203
v -0.03507000207901001 -0.2044743150472641 0.09238061308860779
v -0.03423597291111946 -0.17571644484996796 0.08245930075645447
v -0.03374918922781944 -0.17591159045696259 -0.1013430655002594
v -0.033725060522556305 -0.1614571362733841 0.008619116619229317
v -0.033541470766067505 0.2748975455760956 -0.16982759535312653
v -0.03339249640703201 -0.2628009617328644 -0.05762350559234619
v -0.03213410824537277 -0.07711023092269897 -0.04095492884516716
v -0.031523529440164566 -0.06695234775543213 -0.0027205762453377247
v -0.030650682747364044 -0.19649171829223633 0.0921304002404213
v -0.03042512573301792 -0.19331716001033783 -0.07084055989980698
v -0.030269337818026543 -0.2008066624403 0.09765704721212387
v -0.029464678838849068 -0.2981938421726227 0.02120828442275524
v -0.02920135296881199 -0.17712068557739258 -0.07675117254257202
v -0.02877751924097538 -0.2504195272922516 0.024949364364147186
v -0.028245626017451286 -0.12396343797445297 0.02269485406577587
v -0.02763977274298668 -0.18242281675338745 0.10278923809528351
v -0.02602311410009861 0.18191398680210114 0.08612432330846786
v -0.02363484352827072 0.2748776376247406 0.1676255315542221
v -0.023609140887856483 -0.09408672899007797 -0.057578399777412415
v -0.023453351110219955 -0.12516307830810547 -0.01949669048190117
v -0.023129703477025032 -0.19844934344291687 0.10549276322126389
v -0.022062771022319794 -0.2356802225112915 -0.050403621047735214
v -0.021989859640598297 -0.218460351228714 -0.061193060129880905
v -0.021609561517834663 -0.23703095316886902 -0.022646605968475342
v -0.021415479481220245 -0.3368168771266937 -0.029440559446811676
v -0.020434048026800156 -0.2245839387178421 -0.02801431156694889
v -0.015318650752305984 -0.17502456903457642 -0.06646320223808289
v -0.014629391953349113 -0.2266821265220642 0.044584792107343674
v -0.013356837444007397 -0.10360937565565109 -0.05271006003022194
v -0.013086169958114624 0.18840107321739197 -0.10147000104188919
v -0.012264727614820004 -0.026466108858585358 -0.00754957040771842
v -0.011560258455574512 -0.29193177819252014 -0.061505693942308426
v -0.010558371432125568 -0.1851525604724884 0.12320676445960999
v -0.010290851816534996 -0.02475765347480774 0.005827993154525757
v -0.010200104676187038 -0.34741535782814026 0.026161596179008484
v -0.009875408373773098 -0.16039805114269257 0.06486489623785019
v -0.009756860323250294 -0.16800612211227417 0.12092812359333038
v -0.009150481782853603 -0.28235405683517456 -0.03186659514904022
v -0.009114813059568405 -0.021815460175275803 -0.018828939646482468
v -0.009069177322089672 -0.179190531373024 0.05626596510410309
v -0.006408141925930977 -0.1898719221353531 0.07180781662464142
v -0.005732523277401924 -0.12537814676761627 0.010852644219994545
v -0.0055310968309640884 -0.15960441529750824 0.013236192986369133
v -0.004901113919913769 -0.12123525887727737 0.0686531811952591
v -0.004511374514549971 -0.126760333776474 -0.08845490217208862
v -0.004440035205334425 -0.1612735390663147 -0.12391123920679092
v -0.004162025172263384 0.21284924447536469 0.11467131227254868
v -0.003601806703954935 -0.11879716068506241 -0.01680050976574421
v -0.003228328190743923 -0.1747087985277176 0.0832938626408577
v -0.002782462164759636 -0.05488772690296173 0.011575472541153431
v -0.0027205650694668293 0.217890664935112 0.08373133093118668
v -0.0026765032671391964 0.28161704540252686 -0.1518644243478775
v -0.002128874184563756 -0.12522393465042114 0.10033172369003296
v -0.001964166294783354 -0.34694644808769226 -0.05103255435824394
v -0.000422517565311864 -0.2092655450105667 0.09057826548814774
v -0.00016758717538323253 -0.1404893398284912 0.03641599789261818
v 7.999995432328433e-05 -0.13370324671268463 0.07919608801603317
v 0.00022425083443522453 -0.04000365734100342 0.003993121907114983
v 0.0009628153056837618 0.243007630109787 0.09787473827600479
v 0.001160570071078837 -0.14252039790153503 -0.03259361907839775
v 0.0012827899772673845 0.2809860110282898 0.14072038233280182
v 0.002213339088484645 -0.15088537335395813 -0.07875180244445801
v 0.002563212998211384 -0.14980481564998627 0.09523940831422806
v 0.0026959239039570093 0.23607362806797028 0.12421180307865143
v 0.0033012530766427517 -0.12262898683547974 -0.11336152255535126
v 0.004064470995217562 0.22746264934539795 -0.12476258724927902
v 0.005269884131848812 -0.12102071940898895 0.08477361500263214
v 0.0063163586892187595 -0.1928497850894928 0.10107973217964172
v 0.0066457754001021385 -0.32639095187187195 -0.030703147873282433
v 0.006661511491984129 0.22979320585727692 -0.09504270553588867
v 0.0068771010264754295 -0.22908979654312134 0.09707847237586975
v 0.007330835796892643 0.2776435911655426 0.09939750283956528
v 0.008281317539513111 -0.12184793502092361 0.025117743760347366
v 0.008363671600818634 -0.29775896668434143 -0.048825252801179886
v 0.008472777903079987 -0.290322482585907 0.028971077874302864
v 0.008639059960842133 -0.35156089067459106 0.04878905043005943
v 0.008686268702149391 -0.15873000025749207 -0.005270407535135746
v 0.00904978159815073 -0.11550823599100113 -0.03987593203783035
v 0.009270615875720978 -0.18065769970417023 0.10244251042604446
v 0.010164447128772736 0.27065974473953247 0.12102044373750687
v 0.0110976193100214 -0.09296680986881256 -0.13341973721981049
v 0.011214069090783596 -0.2941453754901886 0.05950505658984184
v 0.012386435642838478 -0.016479751095175743 -0.13324977457523346
v 0.013932804577052593 -0.03969627618789673 0.12292036414146423
v 0.015829572454094887 0.27259060740470886 -0.11347482353448868
v 0.015999525785446167 -0.21128137409687042 0.10937336832284927
v 0.016287503764033318 -0.28078827261924744 -0.04702867567539215
v 0.01662006601691246 -0.31402787566185 0.034953031688928604
v 0.016799988225102425 -0.16473345458507538 -0.09809978306293488
v 0.017055442556738853 -0.2747470438480377 -0.05017911270260811
v 0.01785275712609291 -0.13123629987239838 -0.05607609078288078
v 0.01917094737291336 -0.2954966127872467 0.04870879650115967
v 0.01921081356704235 -0.30132541060447693 -0.04922548681497574
v 0.022593103349208832 -0.2153613269329071 -0.07357240468263626
v 0.023315930739045143 -0.13068604469299316 -0.03218919411301613
v 0.02402407117187977 -0.18478065729141235 -0.1352236568927765
v 0.024329883977770805 -0.17618593573570251 -0.06849425286054611
v 0.02545608952641487 -0.22363711893558502 0.06582586467266083
v 0.02568846568465233 -0.15671572089195251 0.07242731004953384
v 0.025827469304203987 -0.27844929695129395 -0.07232450693845749
v 0.0263824425637722 -0.04531051591038704 -0.16034795343875885
v 0.02843552455306053 -0.22866123914718628 -0.04997296631336212
v 0.029139993712306023 -0.19070281088352203 0.1583174169063568
v 0.029446855187416077 -0.3304625153541565 -0.0463499091565609
v 0.030493855476379395 0.2663259208202362 0.15843966603279114
v 0.030888840556144714 -0.1813705712556839 0.06977204233407974
v 0.031043581664562225 -0.16279682517051697 0.11741837114095688
v 0.03154977038502693 0.2686748504638672 -0.16122972965240479
v 0.03181257098913193 -0.1761581152677536 -0.07905394583940506
v 0.03233816847205162 -0.2306351214647293 -0.04852940887212753
v 0.032668109983205795 0.29753026366233826 -0.14265704154968262
v 0.03270954638719559 -0.2291417270898819 0.02351997047662735
v 0.033458076417446136 -0.2283501923084259 -0.028594987466931343
v 0.033483780920505524 -0.30518555641174316 -0.05023733898997307
v 0.034169893711805344 0.2768966257572174 -0.14115682244300842
v 0.034356631338596344 -0.19555383920669556 -0.0586295910179615
v 0.035007596015930176 0.25658294558525085 -0.1330677717924118
v 0.03608344495296478 0.26197898387908936 0.13187336921691895
v 0.036408666521310806 -0.2868824899196625 0.07420972734689713
v 0.037532247602939606 -0.02742340974509716 0.15793976187705994
v 0.03815960884094238 -0.18310734629631042 0.11218967288732529
v 0.038700416684150696 -0.3130878806114197 0.023615436628460884
v 0.039196114987134933 -0.3124736249446869 -0.03183984383940697
v 0.03945629298686981 -0.1573110967874527 -0.04778245463967323
v 0.04027196764945984 0.23023121058940887 0.15231868624687195
v 0.04054105654358864 -0.14734728634357452 0.15433086454868317
v 0.04276147484779358 -0.2085573971271515 0.09231819212436676
v 0.0428779236972332 0.21826520562171936 -0.12054416537284851
v 0.043143343180418015 0.22478744387626648 -0.15069888532161713
v 0.04427741840481758 -0.04301929101347923 -0.12145373225212097
v 0.04679787531495094 0.28077828884124756 -0.17059345543384552
v 0.04715142026543617 -0.16204829514026642 -0.11819209158420563
v 0.04718446731567383 -0.2670026123523712 -0.05803108587861061
v 0.04741894081234932 0.21983255445957184 0.115990549325943
v 0.048162225633859634 0.06856164336204529 0.04646897315979004
v 0.04838358238339424 -0.33205345273017883 0.03049856424331665
v 0.048617009073495865 -0.3303397595882416 -0.049102213233709335
v 0.04897003248333931 -0.2630369961261749 0.05648785084486008
v 0.049087002873420715 -0.17391987144947052 -0.0888892263174057
v 0.04944894462823868 -0.24963060021400452 -0.04944055154919624
v 0.049739543348550797 -0.3538033366203308 -0.029094882309436798
v 0.050752971321344376 -0.14216841757297516 -0.03876074030995369
v 0.05204073712229729 -0.017994647845625877 -0.13737641274929047
v 0.05241211876273155 -0.1293998509645462 -0.06139291450381279
v 0.052639249712228775 0.060443729162216187 0.07128798961639404
v 0.05264659225940704 -0.03672470897436142 0.12252013385295868
v 0.053304899483919144 -0.2829635739326477 -0.07795868813991547
v 0.05558668449521065 -0.3293614685535431 0.045810140669345856
v 0.05601261928677559 0.3031172454357147 -0.15774409472942352
v 0.056580182164907455 -0.31855788826942444 -0.04904188960790634
v 0.05675537884235382 -0.29560256004333496 0.05591556802392006
v 0.05815592780709267 -0.17656464874744415 -0.160039022564888
v 0.058249298483133316 -0.21189773082733154 0.10777559131383896
v 0.059487756341695786 -0.24520078301429749 -0.02083953469991684
v 0.05982661247253418 -0.176601380109787 0.07148522138595581
v 0.060383159667253494 -0.30354005098342896 -0.0381779670715332
v 0.06095544248819351 -0.327762633562088 -0.03102889284491539
v 0.061029400676488876 -0.28076836466789246 0.10001856833696365
v 0.0613609179854393 -0.17709548771381378 -0.055325984954833984
v 0.06249289587140083 -0.13772916793823242 -0.053239855915308
v 0.06257682293653488 -0.2923540472984314 0.027071163058280945
v 0.06406968832015991 -0.2795398235321045 -0.1047075167298317
v 0.06450296193361282 -0.27746421098709106 0.03665624186396599
v 0.0654214546084404 -0.3281177580356598 0.027393236756324768
v 0.06737067550420761 -0.15340110659599304 -0.06594285368919373
v 0.0687444731593132 -0.17659349739551544 0.09486015886068344
v 0.06899257749319077 -0.2894139587879181 -0.05071205645799637
v 0.06909748911857605 0.3129708766937256 0.14401036500930786
v 0.06954702734947205 -0.3100334107875824 0.028661595657467842
v 0.07015445083379745 -0.1980496346950531 -0.06319106370210648
v 0.0702320858836174 -0.22455035150051117 -0.05208899453282356
v 0.07254166901111603 -0.21219618618488312 0.05140339955687523
v 0.07341399788856506 -0.21336540579795837 0.08292510360479355
v 0.0745837390422821 -0.34628236293792725 -0.05087151750922203
v 0.07490108907222748 -0.10264211148023605 -0.14053313434123993
v 0.07531076669692993 0.10917167365550995 0.07545814663171768
v 0.07704491913318634 -0.12252826988697052 0.14122919738292694
v 0.0780714601278305 -0.34813192486763 0.026680899783968925
v 0.07921917736530304 -0.29059523344039917 -0.03247979283332825
v 0.07943161576986313 0.06524912267923355 0.06681989133358002
v 0.08035587519407272 -0.14282411336898804 -0.07455803453922272
v 0.0803663581609726 0.32588472962379456 0.028256643563508987
v 0.08085209876298904 0.346195787191391 0.013399852439761162
v 0.08170973509550095 -0.2713778614997864 -0.047910965979099274
v 0.08268644660711288 -0.14417849481105804 -0.05868571624159813
v 0.08473218232393265 -0.26638728380203247 0.06928106397390366
v 0.08475369215011597 -0.2267461121082306 0.02819264866411686
v 0.08559925854206085 -0.30509793758392334 -0.03011617623269558
v 0.08745406568050385 -0.15568917989730835 0.123320072889328
v 0.0884082168340683 0.33976641297340393 0.07903505116701126
v 0.08866420388221741 0.33411648869514465 -0.11051636934280396
v 0.08882785588502884 -0.008065466769039631 0.06203547492623329
v 0.08900515735149384 0.24058474600315094 -0.12963826954364777
v 0.08910796791315079 0.33010053634643555 0.145138680934906
v 0.09070206433534622 -0.23069964349269867 -0.0673077255487442
v 0.09132418781518936 0.3510683476924896 -0.09097326546907425
v 0.09265705943107605 -0.32580187916755676 0.04850054904818535
v 0.0943896472454071 0.1194654181599617 -0.08657859265804291
v 0.09668821841478348 -0.33127135038375854 -0.030129816383123398
v 0.09699613600969315 -0.2644422650337219 -0.09013765305280685
v 0.0983935296535492 -0.2808868885040283 0.04814805090427399
v 0.0987921804189682 -0.16926397383213043 -0.10229092091321945
v 0.0988588035106659 -0.2870398461818695 -0.048908133059740067
v 0.10157019644975662 0.17414017021656036 -0.13741575181484222
v 0.10174906253814697 0.18312464654445648 0.12793661653995514
v 0.10246087610721588 0.16449162364006042 0.08554155379533768
v 0.10364163666963577 0.341195285320282 0.030366377905011177
v 0.10503274202346802 -0.2718237042427063 -0.10368569940328598
v 0.10508309304714203 0.3554776906967163 0.07236908376216888
v 0.10554207116365433 -0.1807342916727066 -0.18090923130512238
v 0.10643066465854645 -0.15425874292850494 -0.12246139347553253
v 0.106754831969738 -0.13483943045139313 -0.06360650807619095
v 0.10802371054887772 0.1645650714635849 0.07396843284368515
v 0.11146476119756699 0.0599558986723423 0.062459833920001984
v 0.1122809499502182 -0.0159525815397501 -0.12451237440109253
v 0.11235910654067993 0.15626198053359985 0.08506105840206146
v 0.11304312199354172 -0.26757800579071045 -0.05993834137916565
v 0.11359232664108276 -0.2220430225133896 -0.034490916877985
v 0.1138635128736496 -0.014859946444630623 0.11991259455680847
v 0.11543191969394684 -0.17805594205856323 0.19505733251571655
v 0.11575818806886673 -0.2881282866001129 -0.04896216094493866
v 0.11665673553943634 -0.27519920468330383 -0.028321171179413795
v 0.11718810349702835 -0.009216326288878918 0.08354878425598145
v 0.11721695214509964 0.0789959728717804 0.11973897367715836
v 0.11811550706624985 -0.3011077046394348 0.07874864339828491
v 0.11889079213142395 -0.2809608578681946 0.03476157411932945
v 0.11948142945766449 -0.13981425762176514 0.05235755443572998
v 0.12013658881187439 -0.14648546278476715 -0.059423234313726425
v 0.12081851065158844 -0.2584807872772217 -0.10961152613162994
v 0.12148940563201904 -0.2731996178627014 -0.10363376885652542
v 0.12222062796354294 -0.15302133560180664 -0.006371434777975082
v 0.1234879344701767 -0.16233521699905396 -0.19041824340820312
v 0.12381421029567719 0.2221919745206833 0.11506419628858566
v 0.1246587261557579 -0.15752825140953064 0.030747199431061745
v 0.12566375732421875 -0.2926892340183258 0.05724320188164711
v 0.12579594552516937 0.09590478986501694 -0.14694364368915558
v 0.12629741430282593 -0.26487818360328674 0.17465975880622864
v 0.12935343384742737 0.013665534555912018 0.05419505015015602
v 0.13084891438484192 -0.15213589370250702 0.1147846132516861
v 0.1308557391166687 0.19185680150985718 -0.11549748480319977
v 0.1314825862646103 0.07048463821411133 0.09252853691577911
v 0.13158434629440308 -0.0031179243233054876 -0.10727886110544205
v 0.13158749043941498 0.2084178477525711 -0.10108917951583862
v 0.13159221410751343 -0.18849708139896393 0.15593019127845764
v 0.131985604763031 0.07112617045640945 -0.08121508359909058
v 0.1328778862953186 0.20903944969177246 -0.1480536013841629
v 0.13321253657341003 0.07778897881507874 -0.10931620001792908
v 0.13356083631515503 -0.15810473263263702 -0.046677228063344955
v 0.13373078405857086 0.06036504730582237 0.10353461652994156
v 0.13378797471523285 -0.315894216299057 -0.16496975719928741
v 0.1343272179365158 0.07333923876285553 0.05976051092147827
v 0.13489580154418945 0.18193024396896362 -0.08924487233161926
v 0.13636508584022522 0.19277949631214142 0.10472691804170609
v 0.13636822998523712 -0.24483990669250488 0.09539204835891724
v 0.13732658326625824 0.28049659729003906 0.1500416100025177
v 0.13809137046337128 0.22021915018558502 0.1550321877002716
v 0.13816586136817932 -0.3171945810317993 0.2006359100341797
v 0.13922229409217834 -0.28332918882369995 0.09313596785068512
v 0.1394043117761612 -0.2026798278093338 -0.15774044394493103
v 0.13947880268096924 0.24097710847854614 -0.11824245005846024
v 0.13961465656757355 -0.1574758142232895 0.0776413232088089
v 0.14026300609111786 -0.2511402666568756 0.20375436544418335
v 0.14027978479862213 -0.014613931998610497 -0.07764605432748795
v 0.1405336707830429 0.052420761436223984 0.06900778412818909
v 0.14097952842712402 -0.012422367930412292 0.14654025435447693
v 0.14101992547512054 -0.2206403762102127 0.10378902405500412
v 0.14111119508743286 0.1987116038799286 0.09261246770620346
v 0.14226678013801575 -0.21599391102790833 -0.09746403247117996
v 0.14244775474071503 0.2584335505962372 0.10022629052400589
v 0.14264287054538727 0.2186628133058548 -0.11180727928876877
v 0.14309871196746826 0.2703806757926941 -0.1062675267457962
v 0.14313490688800812 -0.2788962423801422 -0.20375436544418335
v 0.1434270739555359 0.08738507330417633 0.06893487274646759
v 0.14344701170921326 0.24313563108444214 0.11529184877872467
v 0.1443665474653244 -0.011371697299182415 -0.1471933275461197
v 0.1448701024055481 -0.15585337579250336 0.04571414738893509
v 0.14510667324066162 0.22528260946273804 -0.16097688674926758
v 0.1465659886598587 0.2234419733285904 -0.12201709300279617
v 0.14686234295368195 0.05720779299736023 -0.07396949827671051
v 0.1471870392560959 -0.2940037250518799 -0.076688751578331
v 0.14720329642295837 -0.30689820647239685 0.15472322702407837
v 0.1483258455991745 0.22453303635120392 -0.09968391060829163
v 0.1487213522195816 -0.18260273337364197 0.09304521977901459
v 0.14928366243839264 -0.25661182403564453 -0.10750598460435867
v 0.1500568389892578 0.09610569477081299 0.1448318064212799
v 0.15027819573879242 0.1651918888092041 0.08745038509368896
v 0.15090031921863556 -0.011091063730418682 -0.0935860425233841
v 0.15097114443778992 -0.1643085777759552 -0.1279534101486206
v 0.1510728895664215 -0.015575953759253025 0.09178000688552856
v 0.1525951325893402 -0.18201470375061035 0.16802367568016052
v 0.1527635157108307 -0.28059887886047363 0.0489642508327961
v 0.15332426130771637 -0.18697746098041534 -0.19112271070480347
v 0.15360279381275177 -0.29284659028053284 0.11342078447341919
v 0.15443682670593262 -0.07468367367982864 -0.12318684160709381
v 0.1550138294696808 -0.13550613820552826 -0.052833329886198044
v 0.15554362535476685 0.26872730255126953 0.17153342068195343
v 0.15591028332710266 -0.15403109788894653 -0.07676323503255844
v 0.15641279518604279 -0.26475122570991516 0.060710467398166656
v 0.15723739564418793 0.16773438453674316 0.11299275606870651
v 0.1575862169265747 -0.24634431302547455 0.08597325533628464
v 0.15841500461101532 -0.2677815556526184 -0.06974320858716965
v 0.15932981669902802 -0.16293425858020782 0.11902138590812683
v 0.16071148216724396 0.15859727561473846 -0.09898626804351807
v 0.1615455150604248 -0.2875124514102936 -0.12271107733249664
v 0.1615586131811142 -0.01328944694250822 0.11483077704906464
v 0.16178104281425476 -0.039233624935150146 -0.007634023670107126
v 0.16229456663131714 -0.033764149993658066 0.12294186651706696
v 0.1624220311641693 0.22311413288116455 0.10539256781339645
v 0.1629575937986374 0.0010968243004754186 -0.12780025601387024
v 0.16327546536922455 -0.2731141149997711 0.1662706434726715
v 0.1641158014535904 0.13753348588943481 -0.12490788102149963
v 0.16493776440620422 -0.20942343771457672 0.10014288127422333
v 0.16571147739887238 -0.1722428947687149 0.004807745572179556
v 0.16606345772743225 0.0378078818321228 0.06385408341884613
v 0.16688910126686096 -0.2924967110157013 -0.19101938605308533
v 0.16781911253929138 -0.29335489869117737 -0.07155289500951767
v 0.16782383620738983 -0.15599866211414337 0.10000230371952057
v 0.16817685961723328 -0.14284980297088623 0.0903611034154892
v 0.1683279126882553 -0.14677868783473969 0.06442847102880478
v 0.1684102714061737 -0.15438935160636902 -0.10511928796768188
v 0.16841447353363037 -0.15327522158622742 -0.15353040397167206
v 0.16852568089962006 0.1624254286289215 0.10434504598379135
v 0.16854245960712433 0.16459444165229797 0.14384566247463226
v 0.1723034679889679 -0.1682930439710617 -0.10221538692712784
v 0.17237533628940582 0.1726195067167282 -0.11976783722639084
v 0.17256943881511688 -0.27100229263305664 0.10474894195795059
v 0.1727016121149063 -0.16675768792629242 0.0426817312836647
v 0.17300426959991455 -0.19083131849765778 0.18689851462841034
v 0.17355138063430786 -0.2915761172771454 0.15119563043117523
v 0.17438960075378418 0.26746422052383423 -0.1409900188446045
v 0.17498339712619781 -0.29453563690185547 0.19354769587516785
v 0.17634040117263794 -0.2734277844429016 -0.1142558827996254
v 0.17726360261440277 -0.24116648733615875 -0.09130372852087021
v 0.17817528545856476 -0.2741091847419739 -0.17021945118904114
v 0.17940376698970795 0.16678494215011597 0.12199872732162476
v 0.179471954703331 0.2501436173915863 0.09540200978517532
v 0.17994405329227448 -0.30226224660873413 -0.10947094857692719
v 0.18041613698005676 0.06763109564781189 0.05777299404144287
v 0.18216395378112793 -0.2800428867340088 0.07922178506851196
v 0.18274933099746704 -0.15345828235149384 0.07616472244262695
v 0.18282592296600342 -0.27455294132232666 0.11615000665187836
v 0.18398623168468475 -0.22048144042491913 0.08624864369630814
v 0.1846623569726944 -0.15326261520385742 0.15251171588897705
v 0.18669499456882477 -0.042735505849123 0.015075260773301125
v 0.1870516985654831 -0.29144448041915894 0.09645950794219971
v 0.1885293424129486 -0.2501944899559021 0.09698667377233505
v 0.18886399269104004 0.0708177238702774 0.061103880405426025
v 0.18904654681682587 -0.29190343618392944 0.15762503445148468
v 0.18970642983913422 -0.25112608075141907 -0.10806567966938019
v 0.19092442095279694 -0.23260636627674103 -0.10902927815914154
v 0.19121713936328888 0.0433812141418457 0.08005057275295258
v 0.19128532707691193 0.16455036401748657 0.09675430506467819
v 0.19129948318004608 -0.30586379766464233 0.15748652815818787
v 0.1914285272359848 -0.30149275064468384 -0.15143011510372162
v 0.19150196015834808 0.251426100730896 -0.12404657900333405
v 0.19233335554599762 -0.22215527296066284 -0.08938544988632202
v 0.1927005648612976 -0.11426716297864914 0.031733352690935135
v 0.19478090107440948 0.23648855090141296 0.1059732437133789
v 0.19496189057826996 0.14338116347789764 -0.09669451415538788
v 0.19514653086662292 -0.002684646984562278 0.08132050931453705
v 0.1959957629442215 0.06996481120586395 0.11676216125488281
v 0.19601622223854065 -0.15398703515529633 0.10086885839700699
v 0.19647414982318878 0.129147008061409 -0.11474107950925827
v 0.19668082892894745 0.1746961921453476 -0.11383099108934402
v 0.19782434403896332 -0.30204036831855774 -0.19918659329414368
v 0.19821356236934662 -0.2391742467880249 0.09848793596029282
v 0.1983247548341751 -0.25601279735565186 -0.1001245379447937
v 0.19842548668384552 -0.2632247805595398 -0.0916362926363945
v 0.19854454696178436 -0.005810956470668316 -0.11140233278274536
v 0.19895578920841217 -0.24511633813381195 -0.09043455123901367
v 0.19946512579917908 0.2447758913040161 0.10254374891519547
v 0.19947877526283264 0.004586121533066034 -0.08627645671367645
v 0.20007257163524628 -0.04739664867520332 0.0002877102233469486
v 0.2005845308303833 0.017869267612695694 0.06737486273050308
v 0.20084574818611145 -0.13979588449001312 0.10204542428255081
v 0.20108860731124878 0.12005920708179474 0.06056464463472366
v 0.20256470143795013 -0.24721138179302216 0.09730088710784912
v 0.2027813345193863 0.16779522597789764 0.11522942781448364
v 0.20383672416210175 -0.21590423583984375 -0.10559137910604477
v 0.20391644537448883 -0.002133870730176568 0.10719439387321472
v 0.20398306846618652 0.17705194652080536 -0.09772210568189621
v 0.20465238392353058 0.16068603098392487 0.09570100903511047
v 0.2054900974035263 -0.043358150869607925 -0.015376361086964607
v 0.20616990327835083 0.247172549366951 0.10330696403980255
v 0.20660895109176636 -0.23107050359249115 0.09259620308876038
v 0.20673170685768127 0.2535935640335083 0.09701867401599884
v 0.20707003772258759 -0.11529159545898438 0.12310972809791565
v 0.2070731818675995 -0.2937173545360565 -0.052312977612018585
v 0.20707790553569794 -0.3178628385066986 0.0483216792345047
v 0.20766381919384003 0.17418476939201355 -0.14157803356647491
v 0.21071669459342957 -0.28777891397476196 0.024840781465172768
v 0.21187806129455566 -0.11645714938640594 0.07658068090677261
v 0.21229350566864014 0.2621421217918396 0.11706744879484177
v 0.2130383551120758 -0.29101696610450745 -0.029017247259616852
v 0.2137092500925064 -0.24447745084762573 0.10748394578695297
v 0.214070662856102 -0.2257489562034607 0.10757102072238922
v 0.21471114456653595 -0.023161977529525757 0.0637633353471756
v 0.21544812619686127 -0.12414126098155975 -0.05097223445773125
v 0.21771679818630219 -0.29599443078041077 0.1971067488193512
v 0.21781384944915771 -0.22375042736530304 0.03133784234523773
v 0.21984384953975677 -0.166062131524086 -0.08603306114673615
v 0.22007307410240173 -0.031046990305185318 0.005825370084494352
v 0.22101883590221405 0.2802715599536896 -0.15287208557128906
v 0.221444770693779 -0.07499104738235474 -0.10099266469478607
v 0.2216278463602066 -0.22712169587612152 -0.10144167393445969
v 0.22168920934200287 -0.14399227499961853 -0.10765548050403595
v 0.22231081128120422 -0.17558006942272186 0.019831344485282898
v 0.22356027364730835 0.24421358108520508 -0.13178157806396484
v 0.2243088036775589 0.2475166618824005 0.11869669705629349
v 0.22474156320095062 -0.06480536609888077 0.02414470538496971
v 0.2248149961233139 -0.23715683817863464 -0.09278767555952072
v 0.2249833643436432 -0.025164702907204628 0.0834013968706131
v 0.22535738348960876 0.23275324702262878 0.11941375583410263
v 0.22582054138183594 -0.13125255703926086 0.06766336411237717
v 0.22639964520931244 -0.23318809270858765 0.08785061538219452
v 0.22736220061779022 0.25892767310142517 0.09904342889785767
v 0.22743144631385803 0.026749873533844948 -0.1429072618484497
v 0.22765856981277466 -0.22418789565563202 -0.04094601050019264
v 0.22914303839206696 -0.1530323475599289 -0.09717552363872528
v 0.22955743968486786 -0.03483947739005089 0.023345818743109703
v 0.2310660481452942 -0.30956026911735535 0.02698146551847458
v 0.23119665682315826 0.026630278676748276 0.1293523758649826
v 0.23138602077960968 -0.12067294120788574 -0.03896636143326759
v 0.2318061739206314 -0.0149674778804183 -0.07491157948970795
v 0.23204746842384338 -0.22177548706531525 -0.0947379469871521
v 0.23288936913013458 -0.15391358733177185 0.04888242110610008
v 0.23313380777835846 0.12727122008800507 0.0117275919765234
v 0.2336955964565277 0.31158241629600525 0.11896368861198425
v 0.23370450735092163 -0.08953259140253067 0.09933613240718842
v 0.23577281832695007 -0.05737356096506119 0.003275014692917466
v 0.236287921667099 -0.10273390263319016 -0.06710787862539291
v 0.23659583926200867 0.043215978890657425 -0.008988931775093079
v 0.23698872327804565 -0.3554184138774872 -0.029477277770638466
v 0.23752166330814362 -0.34289586544036865 -0.05051744729280472
v 0.23777292668819427 -0.23952779173851013 -0.10880791395902634
v 0.2385193556547165 -0.22217625379562378 0.10224685072898865
v 0.23979347944259644 -0.149820014834404 -0.19047333300113678
v 0.24063275754451752 -0.15308323502540588 -0.06812497228384018
v 0.24223525822162628 -0.1524941623210907 0.030321789905428886
v 0.24265699088573456 -0.17104744911193848 0.10050062835216522
v 0.24277763068675995 0.24183736741542816 -0.10774937272071838
v 0.24333681166172028 0.2484477311372757 0.1350678652524948
v 0.2437637895345688 0.2593058943748474 -0.10320573300123215
v 0.24568626284599304 0.3045555353164673 -0.1552729606628418
v 0.24653077125549316 0.20652684569358826 0.15025091171264648
v 0.2476816475391388 -0.23782511055469513 -0.0221335981041193
v 0.24808187782764435 0.007836749777197838 -0.12159431725740433
v 0.24833418428897858 0.24967727065086365 -0.1689736396074295
v 0.2485424280166626 -0.14389103651046753 0.0638074055314064
v 0.24865677952766418 0.2140992432832718 -0.15371453762054443
v 0.24998179078102112 -0.20268455147743225 -0.10691429674625397
v 0.2507098615169525 -0.3106345534324646 0.05185975879430771
v 0.25124016404151917 -0.22566817700862885 -0.11018380522727966
v 0.2515103220939636 -0.2244548797607422 0.1081317588686943
v 0.2534569203853607 -0.14618909358978271 0.07844073325395584
v 0.2546471357345581 -0.00719838822260499 -0.14184923470020294
v 0.2549172639846802 -0.025418061763048172 0.14170603454113007
v 0.25992724299430847 0.32222235202789307 -0.03294139355421066
v 0.2605881690979004 -0.1424364596605301 -0.10234861820936203
v 0.2609238922595978 -0.10609258711338043 0.10232815891504288
v 0.2620700001716614 -0.06228911131620407 0.08039572834968567
v 0.2631794512271881 0.2253466099500656 0.0970737487077713
v 0.2636232078075409 -0.3147454559803009 -0.040111977607011795
v 0.26414093375205994 -0.003677617758512497 0.0936049148440361
v 0.26499229669570923 -0.02586497738957405 0.1246907114982605
v 0.2662312984466553 -0.004830051213502884 -0.09263241291046143
v 0.2667432129383087 0.26004549860954285 -0.1728946566581726
v 0.26688799262046814 -0.08624734729528427 -0.14333371818065643
v 0.2676491141319275 -0.13634856045246124 -0.15168452262878418
v 0.26945462822914124 -0.09778531640768051 -0.1031186580657959
v 0.27061283588409424 -0.06434009224176407 -0.10648049414157867
v 0.2708698511123657 -0.1355717033147812 0.1520669013261795
v 0.2737060487270355 -0.05165650695562363 0.09896684437990189
v 0.2744651138782501 -0.3522249758243561 0.04496929049491882
v 0.27451491355895996 -0.06816038489341736 -0.12297283113002777
v 0.27502426505088806 0.1808837652206421 -0.14455276727676392
v 0.2755734920501709 -0.22626248002052307 0.022955553606152534
v 0.27607443928718567 -0.3411847949028015 0.0286154355853796
v 0.278912216424942 -0.30789482593536377 -0.02959425188601017
v 0.27972424030303955 -0.0898100808262825 0.12369092553853989
v 0.2802676260471344 -0.03452946990728378 0.08114530891180038
v 0.2803903818130493 -0.13342997431755066 0.09992100298404694
v 0.28046172857284546 -0.22151166200637817 0.05128642916679382
v 0.28053152561187744 -0.15268562734127045 0.039656657725572586
v 0.2812894582748413 0.010284293442964554 0.07940380275249481
v 0.28186699748039246 -0.288657546043396 0.024232305586338043
v 0.28352874517440796 -0.14949165284633636 -0.06916462630033493
v 0.2839169502258301 0.3318173885345459 -0.07208898663520813
v 0.2843460440635681 0.21852223575115204 0.12275879830121994
v 0.28462979197502136 -0.21767981350421906 0.18575970828533173
v 0.28532007336616516 -0.22643034160137177 -0.02535327710211277
v 0.28587979078292847 -0.30060625076293945 0.024952512234449387
v 0.2863220274448395 -0.22018663585186005 -0.10341031104326248
v 0.2874838411808014 0.30022382736206055 -0.12817424535751343
v 0.2878028154373169 -0.33239808678627014 -0.05001230537891388
v 0.2884642779827118 -0.050620000809431076 0.18172070384025574
v 0.2900693714618683 0.26364654302597046 0.14989632368087769
v 0.2901763617992401 -0.2847616970539093 0.019052911549806595
v 0.29098838567733765 -0.07554078102111816 0.06439279764890671
v 0.2927151918411255 -0.29428961873054504 -0.05192481353878975
v 0.2930099666118622 -0.07380295544862747 0.10449139773845673
v 0.29387181997299194 -0.033407457172870636 -0.17952807247638702
v 0.29471006989479065 -0.052856672555208206 -0.0749892145395279
v 0.2949450612068176 -0.15062257647514343 -0.09964247792959213
v 0.2950981855392456 -0.28807637095451355 -0.0029634421225637197
v 0.29564741253852844 -0.11241549998521805 -0.16916249692440033
v 0.29749226570129395 0.17176920175552368 0.14132991433143616
v 0.2977340519428253 0.1779971718788147 -0.12171443551778793
v 0.29852721095085144 -0.2240614891052246 -0.047492899000644684
v 0.29903444647789 0.04672626033425331 0.12090976536273956
v 0.2994436025619507 0.1668846309185028 0.09863795340061188
v 0.29948973655700684 0.16079093515872955 0.12067005038261414
v 0.30018264055252075 -0.26072952151298523 0.0492805540561676
v 0.30048322677612305 -0.1096951887011528 0.1896906942129135
v 0.30127212405204773 0.1936470866203308 -0.11240684241056442
v 0.30139124393463135 0.1446962058544159 0.1397206038236618
v 0.301896870136261 0.06385644525289536 0.09579857438802719
v 0.3019058108329773 -0.023354487493634224 -0.12146265059709549
v 0.30240151286125183 -0.08284565061330795 -0.10945311188697815
v 0.30321142077445984 -0.15607787668704987 -0.07430153340101242
v 0.30390381813049316 -0.1563270390033722 0.07452864944934845
v 0.30414143204689026 0.15960441529750824 0.08448930829763412
v 0.30443570017814636 -0.08542170375585556 -0.12459368258714676
v 0.3048716187477112 0.17669577896595 0.12115735560655594
v 0.3051947057247162 -0.26396021246910095 0.0037596977781504393
v 0.30595165491104126 -0.027236146852374077 0.06678684055805206
v 0.3065511882305145 -0.016527485102415085 0.10279552638530731
v 0.30763548612594604 0.03745538741350174 -0.1446676254272461
v 0.30864202976226807 -0.31343725323677063 -0.029596351087093353
v 0.30873122811317444 -0.04543326050043106 -0.10989425331354141
v 0.30923640727996826 -0.0912662222981453 0.06196204200387001
v 0.3094604015350342 -0.04852757230401039 0.13616837561130524
v 0.3096308410167694 -0.0324496366083622 -0.10407333821058273
v 0.3101097643375397 0.1718227118253708 -0.09962936490774155
v 0.31019526720046997 -0.06268146634101868 0.08240894973278046
v 0.31024032831192017 0.17059475183486938 0.1083185002207756
v 0.3103337585926056 0.31658974289894104 0.12041931599378586
v 0.3115580677986145 -0.1009252667427063 -0.11387506127357483
v 0.31182661652565 -0.08973769098520279 0.1270417422056198
v 0.31223100423812866 -0.28845611214637756 0.027084801346063614
v 0.3131144046783447 0.3080202043056488 0.08622241020202637
v 0.31330686807632446 -0.01005350612103939 0.0911678597331047
v 0.3140040338039398 -0.11125100404024124 -0.19341185688972473
v 0.31418654322624207 0.2289927452802658 -0.1031092181801796
v 0.31599462032318115 -0.04288972541689873 0.10615211725234985
v 0.31645262241363525 0.022808941081166267 0.12048383057117462
v 0.3169666826725006 0.16268612444400787 0.10762190073728561
v 0.3172829747200012 0.07012689858675003 0.12529289722442627
v 0.3182990252971649 -0.1447528749704361 0.16967706382274628
v 0.3191125690937042 -0.02630874328315258 -0.08490686118602753
v 0.31985586881637573 0.14900065958499908 0.09168034046888351
v 0.3208010792732239 -0.05371326208114624 -0.11435187608003616
v 0.32095271348953247 0.011895707808434963 -0.13644848763942719
v 0.32326018810272217 -0.059545718133449554 0.20300842821598053
v 0.32431188225746155 -0.03581671044230461 0.13280704617500305
v 0.3245474398136139 0.2247008979320526 -0.15762607753276825
v 0.3247368037700653 0.14376723766326904 0.1012706607580185
v 0.32488730549812317 -0.05494228005409241 -0.15696515142917633
v 0.3253489136695862 -0.21221822500228882 0.16867202520370483
v 0.326416939496994 -0.02602548897266388 0.18301159143447876
v 0.3272000849246979 -0.026163969188928604 0.114439457654953
v 0.32753893733024597 -0.2368352860212326 -0.16645005345344543
v 0.3281751871109009 0.16036394238471985 -0.11052004247903824
v 0.3284212350845337 -0.0404631644487381 -0.19837984442710876
v 0.32929036021232605 0.17862297594547272 -0.1474330723285675
v 0.32969167828559875 -0.03622166067361832 -0.11218496412038803
v 0.33038148283958435 -0.08562575280666351 0.1569347232580185
v 0.3303835391998291 -0.09266991168260574 -0.10227413475513458
v 0.33187589049339294 -0.19796623289585114 -0.1884092092514038
v 0.33204954862594604 -0.004007034003734589 0.11122240126132965
v 0.33406010270118713 -0.2192288190126419 0.10354563593864441
v 0.3341944217681885 0.15389470756053925 0.115091472864151
v 0.3361278772354126 0.01317980233579874 -0.13180936872959137
v 0.33676257729530334 0.22242119908332825 0.10597377270460129
v 0.3375714123249054 -0.23433057963848114 0.15650197863578796
v 0.3384605348110199 0.13859884440898895 0.13802999258041382
v 0.3388975262641907 -0.20217835903167725 -0.10452549904584885
v 0.3414950668811798 0.14601650834083557 -0.13431304693222046
v 0.3416377604007721 -0.21915851533412933 -0.14688542485237122
v 0.3425520062446594 -0.2259540557861328 -0.0057739741168916225
v 0.3435963988304138 -0.22428388893604279 0.06425589323043823
v 0.34631356596946716 0.2564712166786194 -0.1497851461172104
v 0.3472330868244171 0.17972661554813385 0.09510355442762375
v 0.3482963740825653 0.23650376498699188 -0.10285061597824097
v 0.35181450843811035 -0.1717178225517273 0.1933562308549881
v 0.35272982716560364 -0.22859305143356323 -0.09300326555967331
v 0.3554239273071289 0.2734823524951935 0.1416042596101761
v 0.35716909170150757 0.17330561578273773 0.10354091227054596
v 0.3585911691188812 -0.1880958080291748 -0.1544153243303299
v 0.3619210124015808 -0.1556655764579773 0.10767645388841629
v 0.36269521713256836 -0.23058739304542542 0.11139340698719025
v 0.3653137683868408 -0.22222137451171875 -0.05517124384641647
v 0.36611002683639526 -0.21990548074245453 0.046783704310655594
v 0.36707890033721924 0.23518872261047363 -0.13618725538253784
v 0.3675583302974701 0.16365811228752136 -0.1432618349790573
v 0.3678589165210724 -0.20222242176532745 0.10898782312870026
v 0.36983224749565125 -0.1744140088558197 -0.19668763875961304
v 0.37261390686035156 -0.17339009046554565 0.11164676398038864
v 0.3775871694087982 0.21579667925834656 -0.11327812075614929
v 0.37791708111763 -0.16982367634773254 0.17242883145809174
v 0.3791487514972687 -0.20336593687534332 0.13700447976589203
v 0.37953582406044006 -0.20845355093479156 -0.10738848149776459
v 0.3798443078994751 -0.16794684529304504 -0.12378430366516113
v 0.381639301776886 -0.20873470604419708 -0.13965976238250732
v 0.3829711079597473 -0.20112140476703644 0.2022908627986908
v 0.3872110843658447 0.21886476874351501 0.1283143013715744
v 0.38924315571784973 -0.2091962993144989 -0.2015596479177475
v 0.3899434506893158 0.2380448877811432 0.17161892354488373
v 0.39187902212142944 -0.28006961941719055 0.09378378838300705
v 0.39405378699302673 0.15995638072490692 0.1189017966389656
v 0.39425522089004517 -0.003977134823799133 0.10246558487415314
v 0.39457574486732483 -0.2785258889198303 -0.10883571952581406
v 0.3947477638721466 0.1635647565126419 -0.12087305635213852
v 0.3951873481273651 0.20743170380592346 0.10764236003160477
v 0.3955267071723938 -0.005039870273321867 -0.10742205381393433
v 0.39734792709350586 -0.2681146562099457 0.10392121225595474
v 0.40021198987960815 0.1709267944097519 -0.10624025017023087
v 0.4003562331199646 -0.14663653075695038 -0.10458424687385559
v 0.4013460576534271 0.04608263820409775 -0.13099370896816254
v 0.40167444944381714 -0.15291380882263184 0.10272838920354843
v 0.4019613564014435 0.004495898727327585 0.1331789493560791
v 0.4020421504974365 0.21353639662265778 -0.12830957770347595
v 0.4026574492454529 -0.2193489372730255 0.07428421825170517
v 0.4033592939376831 -0.042760688811540604 0.10505423694849014
v 0.4043092727661133 -0.27840471267700195 -0.06718079000711441
v 0.40500006079673767 -0.21144609153270721 -0.09089195728302002
v 0.4050142467021942 -0.1936124861240387 0.10237117111682892
v 0.40501686930656433 -0.04246798902750015 -0.10867415368556976
v 0.4058304727077484 -0.17931433022022247 -0.10678525269031525
v 0.40628206729888916 -0.04160353168845177 0.0845978856086731
v 0.40697184205055237 -0.2700832486152649 0.07402823865413666
v 0.4074229300022125 -0.04203156381845474 -0.08604984730482101
v 0.40956205129623413 -0.27930957078933716 0.03961627185344696
v 0.4100346863269806 -0.15013422071933746 0.13955065608024597
v 0.4103914201259613 -0.16010327637195587 0.08125388622283936
v 0.4104433059692383 -0.15724395215511322 -0.08320941776037216
v 0.4117436408996582 -0.0014377949992194772 0.09242625534534454
v 0.411997526884079 -0.08469310402870178 -0.08655446022748947
v 0.41317829489707947 -0.006460348144173622 -0.0480777733027935
v 0.41344743967056274 0.17497053742408752 0.14973896741867065
v 0.41558754444122314 -0.005515635944902897 0.03162739425897598
v 0.4190060794353485 0.08348347991704941 0.05503222718834877
v 0.4193265438079834 0.19042006134986877 0.09510669112205505
v 0.4195410907268524 0.09740133583545685 -0.03767229989171028
v 0.4201008081436157 0.09210706502199173 -0.14201603829860687
v 0.42059648036956787 0.16447117924690247 0.09601259231567383
v 0.4212374985218048 -0.003343480173498392 -0.08684034645557404
v 0.4217641353607178 0.18687884509563446 -0.10044661164283752
v 0.4224124550819397 0.17522861063480377 -0.15478356182575226
v 0.4241591989994049 -0.1640929877758026 -0.15083369612693787
v 0.42465436458587646 -0.26841625571250916 -0.0923486277461052
v 0.4260711967945099 0.06526537984609604 0.024669256061315536
v 0.4267037808895111 -0.01726185344159603 -0.04690488055348396
v 0.4275456964969635 -0.14045105874538422 -0.08478043973445892
v 0.4281468689441681 0.21915484964847565 0.09876647591590881
v 0.42816993594169617 -0.006219580769538879 0.03004850074648857
v 0.42845895886421204 -0.1411135494709015 0.08663680404424667
v 0.42887383699417114 -0.048214420676231384 -0.08447882533073425
v 0.42961764335632324 0.006821747869253159 0.08113953471183777
v 0.43035414814949036 -0.12303970754146576 -0.13132993876934052
v 0.43038979172706604 0.21209755539894104 -0.10583634674549103
v 0.4305928349494934 -0.04138846695423126 0.08296548575162888
v 0.43230122327804565 0.02520875260233879 -0.022418951615691185
v 0.43429821729660034 0.1532127857208252 -0.08202183991670609
v 0.43490928411483765 -0.16945333778858185 0.14612744748592377
v 0.43589651584625244 -0.2763180732727051 -0.05715980753302574
v 0.43598464131355286 -0.2691270411014557 0.07540884613990784
v 0.4374491572380066 -0.1484179049730301 0.11758465319871902
v 0.43785569071769714 -0.0327250212430954 0.10689697414636612
v 0.43796637654304504 0.14070335030555725 0.1387806087732315
v 0.43864408135414124 -0.19336751103401184 0.09737379848957062
v 0.43908998370170593 0.089769147336483 -0.11004217714071274
v 0.4392400085926056 -0.007313788868486881 0.1257822960615158
v 0.43990251421928406 -0.01205360982567072 0.09578493982553482
v 0.44075486063957214 -0.21347084641456604 -0.07329335063695908
v 0.44126787781715393 -0.04271085560321808 -0.10571727901697159
v 0.4423668086528778 0.16144819557666779 0.1508830040693283
v 0.44324806332588196 0.11166170984506607 -0.1274063140153885
v 0.4432664215564728 -0.1558229625225067 0.054162003099918365
v 0.44373536109924316 0.15821067988872528 0.08897314965724945
v 0.4444025754928589 -0.15683113038539886 -0.05677531287074089
v 0.4444078207015991 -0.16372369229793549 0.04469180107116699
v 0.4449302554130554 0.18530885875225067 0.10986015200614929
v 0.4475089907646179 -0.029707293957471848 0.05521739274263382
v 0.4478636085987091 0.17979742586612701 -0.007573176175355911
v 0.4479212462902069 -0.21984358131885529 -0.03197098150849342
v 0.4481578767299652 -0.17008280754089355 -0.10812757909297943
v 0.44824910163879395 -0.2735190689563751 0.09885302186012268
v 0.4485003352165222 -0.19859832525253296 -0.10171601921319962
v 0.44942304491996765 0.1784052848815918 -0.09666251391172409
v 0.44961297512054443 0.2730333209037781 0.14474157989025116
v 0.44962239265441895 -0.199261873960495 0.11558926850557327
v 0.4497755467891693 0.2737440764904022 -0.05601576715707779
v 0.45032525062561035 -0.19275011122226715 0.09459368884563446
v 0.4510323703289032 0.1780386120080948 -0.12756314873695374
v 0.45110002160072327 -0.1696956902742386 0.10022052377462387
v 0.451241135597229 -0.1973252296447754 -0.04678371176123619
v 0.45150864124298096 -0.2099432498216629 0.05729617923498154
v 0.45182129740715027 0.2877233028411865 0.06048386171460152
v 0.45213866233825684 -0.27426236867904663 -0.1051061749458313
v 0.45228973031044006 -0.27681219577789307 0.07366996258497238
v 0.4527927339076996 -0.008378098718822002 -0.05482766404747963
v 0.45313265919685364 -0.17230112850666046 -0.04927269369363785
v 0.4533388018608093 -0.22073689103126526 -0.08202813565731049
v 0.45345211029052734 -9.757338557392359e-05 0.06382576376199722
v 0.45389166474342346 -0.024897709488868713 0.04694788530468941
v 0.45409733057022095 -0.16704829037189484 -0.062205441296100616
v 0.455545037984848 -0.10758545994758606 0.05892333388328552
v 0.45600664615631104 -0.17257808148860931 0.0625033751130104
v 0.4561918079853058 -0.1943657249212265 0.026498882099986076
v 0.4573369324207306 -0.02699170634150505 0.05398942902684212
v 0.4580041468143463 -0.11401484906673431 0.05035325512290001
v 0.45867714285850525 0.26289644837379456 0.1160188764333725
v 0.4590967893600464 -0.21374833583831787 0.08332952857017517
v 0.4672293961048126 0.2042057365179062 -0.1297195702791214
v 0.4676542282104492 0.2768425941467285 -0.1234910786151886
v 0.46800467371940613 -0.02470257692039013 0.0817238911986351
v 0.4734342396259308 -0.030207188799977303 -0.08346907049417496
v 0.47872692346572876 -0.021982789039611816 0.0699697956442833
v 0.4794461131095886 -0.0218930933624506 -0.08868727833032608
v 0.4816628396511078 0.2044459730386734 0.1256112903356552
v 0.4841780662536621 0.24232782423496246 -0.13883936405181885
v 0.485378235578537 -0.18318654596805573 -0.02648944966495037
v 0.4859311282634735 0.22652265429496765 -0.16805200278759003
v 0.4888622760772705 0.22968830168247223 0.1407744139432907
v 0.4888942837715149 -0.20570333302021027 0.012108413502573967
v 0.48956888914108276 0.21517561376094818 -0.15148676931858063
v 0.4901285469532013 0.21397176384925842 0.1576496809720993
v 0.49583035707473755 -0.1713857799768448 0.012931429781019688
v 0.49702632427215576 0.24490545690059662 0.1350180208683014
v 0.5 0.25364601612091064 -0.11972849071025848
vt 0.0019749999046325684 0.017774000763893127
vt 0.0019749999046325684 0.1986590027809143
vt 0.0019749999046325684 0.3127819895744324
vt 0.0019749999046325684 0.4557729959487915
vt 0.0019749999046325684 0.5077440142631531
vt 0.0019749999046325684 0.6453369855880737
vt 0.0019749999046325684 0.6975299715995789
vt 0.0019749999046325684 0.7204440236091614
vt 0.0019749999046325684 0.7858989834785461
vt 0.0019749999046325684 0.8126029968261719
vt 0.0019749999046325684 0.816552996635437
vt 0.0019749999046325684 0.8483290076255798
vt 0.0019749999046325684 0.8622360229492188
vt 0.0019749999046325684 0.8920140266418457
vt 0.0019749999046325684 0.914122998714447
vt 0.0019749999046325684 0.933568000793457
vt 0.0019749999046325684 0.9426000118255615
vt 0.0019749999046325684 0.9560440182685852
vt 0.0019749999046325684 0.9679539799690247
vt 0.0019749999046325684 0.9789720177650452
vt 0.0019749999046325684 0.9913690090179443
vt 0.004011000040918589 0.3750320076942444
vt 0.004393000155687332 0.715906023979187
vt 0.004749000072479248 0.9811390042304993
vt 0.0061160000041127205 0.7701879739761353
vt 0.007261000107973814 0.8374720215797424
vt 0.007530999835580587 0.9101729989051819
vt 0.007788999937474728 0.7253360152244568
vt 0.008293000049889088 0.9567490220069885
vt 0.008678999729454517 0.5528969764709473
vt 0.008698999881744385 0.9789720177650452
vt 0.008698999881744385 0.9903550148010254
vt 0.009445000439882278 0.7369769811630249
vt 0.009755999781191349 0.18291500210762024
vt 0.009856999851763248 0.14647899568080902
vt 0.00991700030863285 0.9315680265426636
vt 0.010021000169217587 0.9375180006027222
vt 0.010021000169217587 0.9520940184593201
vt 0.010355000384151936 0.9226660132408142
vt 0.010607000440359116 0.8113499879837036
vt 0.010731000453233719 0.8070669770240784
vt 0.011374000459909439 0.8863840103149414
vt 0.011374000459909439 0.8999429941177368
vt 0.011382999829947948 0.17931699752807617
vt 0.011846999637782574 0.9837260246276855
vt 0.01228300016373396 0.852279007434845
vt 0.01228300016373396 0.8824329972267151
vt 0.012457000091671944 0.7969359755516052
vt 0.014960000291466713 0.4974069893360138
vt 0.015194999985396862 0.49076101183891296
vt 0.01532800029963255 0.8973060250282288
vt 0.01532800029963255 0.9257879853248596
vt 0.01532800029963255 0.9457979798316956
vt 0.01532800029963255 0.9539650082588196
vt 0.01532800029963255 0.967706024646759
vt 0.015798000618815422 0.9897969961166382
vt 0.015943000093102455 0.7848449945449829
vt 0.01598699949681759 0.8395969867706299
vt 0.016131000593304634 0.4483340084552765
vt 0.016228999942541122 0.022474000230431557
vt 0.01623300090432167 0.852279007434845
vt 0.01623300090432167 0.8933550119400024
vt 0.01708099991083145 0.009828000329434872
vt 0.017302999272942543 0.9789720177650452
vt 0.017302999272942543 0.9948750138282776
vt 0.017426999285817146 0.7960749864578247
vt 0.01775999926030636 0.45945000648498535
vt 0.018571000546216965 0.7007009983062744
vt 0.01905299909412861 0.5352759957313538
vt 0.019936999306082726 0.816552996635437
vt 0.019936999306082726 0.8451160192489624
vt 0.020363999530673027 0.1415559947490692
vt 0.020393000915646553 0.6698279976844788
vt 0.02094700001180172 0.9573760032653809
vt 0.02121100015938282 0.8864669799804688
vt 0.02121100015938282 0.9038339853286743
vt 0.02125299908220768 0.9836879968643188
vt 0.02132299914956093 0.6524689793586731
vt 0.021618999540805817 0.9297379851341248
vt 0.021618999540805817 0.9500150084495544
vt 0.023049000650644302 0.718671977519989
vt 0.02318199910223484 0.8264600038528442
vt 0.023194000124931335 0.7055090069770813
vt 0.023194000124931335 0.7662379741668701
vt 0.02320599928498268 0.0707240030169487
vt 0.023747000843286514 0.9789720177650452
vt 0.023747000843286514 0.9917910099029541
vt 0.02380800060927868 0.32284098863601685
vt 0.024883000180125237 0.05251400172710419
vt 0.025743000209331512 0.8499130010604858
vt 0.025743000209331512 0.8864169716835022
vt 0.025743000209331512 0.9067050218582153
vt 0.025743000209331512 0.9224979877471924
vt 0.025743000209331512 0.9264490008354187
vt 0.025743000209331512 0.9470210075378418
vt 0.025743000209331512 0.9593300223350525
vt 0.027143999934196472 0.7437589764595032
vt 0.027143999934196472 0.7477089762687683
vt 0.027143999934196472 0.8061010241508484
vt 0.027143999934196472 0.8459630012512207
vt 0.027210000902414322 0.7178930044174194
vt 0.02723499946296215 0.1067579984664917
vt 0.02769700065255165 0.9867429733276367
vt 0.028634000569581985 0.14050599932670593
vt 0.029822999611496925 0.47172901034355164
vt 0.030155999585986137 0.9789720177650452
vt 0.030155999585986137 0.991877019405365
vt 0.030890999361872673 0.06654399633407593
vt 0.03120500035583973 0.02075199969112873
vt 0.03142600134015083 0.38639599084854126
vt 0.0317079983651638 0.9509710073471069
vt 0.0317079983651638 0.9660019874572754
vt 0.03191399946808815 0.7055090069770813
vt 0.032044000923633575 0.07410799711942673
vt 0.03206999972462654 0.4634000062942505
vt 0.03222599998116493 0.555778980255127
vt 0.032235000282526016 0.9395939707756042
vt 0.03272299841046333 0.7285259962081909
vt 0.0336420014500618 0.919875979423523
vt 0.03410600125789642 0.9833260178565979
vt 0.034189000725746155 0.14378400146961212
vt 0.035659000277519226 0.9590590000152588
vt 0.03569500148296356 0.5616009831428528
vt 0.035746000707149506 0.8754460215568542
vt 0.035943999886512756 0.8793960213661194
vt 0.035943999886512756 0.9027550220489502
vt 0.03637300059199333 0.18553300201892853
vt 0.03723800182342529 0.10587699711322784
vt 0.03756599873304367 0.9090669751167297
vt 0.03789399936795235 0.022801000624895096
vt 0.038203999400138855 0.9509710073471069
vt 0.038203999400138855 0.9655029773712158
vt 0.038453999906778336 0.807183027267456
vt 0.038453999906778336 0.8499130010604858
vt 0.0388370007276535 0.13753700256347656
vt 0.0393810011446476 0.8021510243415833
vt 0.039827000349760056 0.9789720177650452
vt 0.039827000349760056 0.9861649870872498
vt 0.04052799940109253 0.014201999641954899
vt 0.04160099849104881 0.7349200248718262
vt 0.0422540009021759 0.927944004535675
vt 0.0422540009021759 0.9456260204315186
vt 0.0422540009021759 0.9630399942398071
vt 0.0422540009021759 0.9729920029640198
vt 0.04258500039577484 0.7477089762687683
vt 0.04274599999189377 0.9010909795761108
vt 0.04274599999189377 0.9177330136299133
vt 0.04274599999189377 0.9239940047264099
vt 0.0430850014090538 0.09819699823856354
vt 0.04377700015902519 0.9857100248336792
vt 0.04472700133919716 0.042674001306295395
vt 0.044791001826524734 0.905040979385376
vt 0.0448479987680912 0.9719499945640564
vt 0.045233000069856644 0.8894259929656982
vt 0.046220000833272934 0.9127029776573181
vt 0.04653500020503998 0.76283198595047
vt 0.04653500020503998 0.7998560070991516
vt 0.04653500020503998 0.8038070201873779
vt 0.04653500020503998 0.8223999738693237
vt 0.04653500020503998 0.8711159825325012
vt 0.04738299921154976 0.9590889811515808
vt 0.04747699946165085 0.9678869843482971
vt 0.04767199978232384 0.9789720177650452
vt 0.04767199978232384 0.9886590242385864
vt 0.04776899889111519 0.2567239999771118
vt 0.04783499985933304 0.21978799998760223
vt 0.04863300174474716 0.5771250128746033
vt 0.05010800063610077 0.7091079950332642
vt 0.050119999796152115 0.9456260204315186
vt 0.051437001675367355 0.8132150173187256
vt 0.05162300169467926 0.9789720177650452
vt 0.05162300169467926 0.9980250000953674
vt 0.05178000032901764 0.19545499980449677
vt 0.05183500051498413 0.9416760206222534
vt 0.051851000636816025 0.8327310085296631
vt 0.051876001060009 0.9135630130767822
vt 0.05196300148963928 0.6625480055809021
vt 0.052285000681877136 0.9917899966239929
vt 0.052606001496315 0.9205570220947266
vt 0.052606001496315 0.927944004535675
vt 0.05287399888038635 0.5814110040664673
vt 0.053311001509428024 0.2415349930524826
vt 0.05341599881649017 0.6403089761734009
vt 0.053700998425483704 0.6492869853973389
vt 0.053700998425483704 0.7015590071678162
vt 0.05560300126671791 0.8416079878807068
vt 0.05595900118350983 0.819096028804779
vt 0.055959999561309814 0.8455590009689331
vt 0.055959999561309814 0.8789960145950317
vt 0.055959999561309814 0.8829460144042969
vt 0.055959999561309814 0.9001309871673584
vt 0.05623500049114227 0.9829040169715881
vt 0.05655600130558014 0.9095770120620728
vt 0.0566210001707077 0.7972339987754822
vt 0.05706600099802017 0.9335100054740906
vt 0.05706600099802017 0.9526389837265015
vt 0.05706600099802017 0.9657570123672485
vt 0.05730399861931801 0.20784200727939606
vt 0.05773499980568886 0.7477089762687683
vt 0.05775199830532074 0.6492869853973389
vt 0.05775199830532074 0.7009270191192627
vt 0.05812999978661537 0.31877800822257996
vt 0.05912499874830246 0.9789720177650452
vt 0.05912499874830246 0.9904940128326416
vt 0.059519000351428986 0.8229759931564331
vt 0.0596419982612133 0.8125370144844055
vt 0.05990999937057495 0.8944249749183655
vt 0.05998200178146362 0.24334600567817688
vt 0.06089000031352043 0.7437589764595032
vt 0.0613970011472702 0.5810760259628296
vt 0.06188099831342697 0.19730600714683533
vt 0.06195899844169617 0.9565889835357666
vt 0.06195899844169617 0.9706969857215881
vt 0.06243399903178215 0.7923970222473145
vt 0.0630199983716011 0.8455579876899719
vt 0.0630199983716011 0.8978220224380493
vt 0.0630749985575676 0.9793760180473328
vt 0.0633929967880249 0.905040979385376
vt 0.0633929967880249 0.9295589923858643
vt 0.0633929967880249 0.9423580169677734
vt 0.06343600153923035 0.5465400218963623
vt 0.0647369995713234 0.6453369855880737
vt 0.0647369995713234 0.698527991771698
vt 0.06577400118112564 0.9789720177650452
vt 0.06577400118112564 0.9908699989318848
vt 0.06593900173902512 0.5586420297622681
vt 0.06741300225257874 0.02124599926173687
vt 0.06800799816846848 0.23485200107097626
vt 0.06868699938058853 0.6452010273933411
vt 0.06868699938058853 0.6791509985923767
vt 0.06868699938058853 0.7271000146865845
vt 0.06868699938058853 0.7564539909362793
vt 0.06868699938058853 0.7824230194091797
vt 0.06868699938058853 0.8290179967880249
vt 0.06868699938058853 0.8614299893379211
vt 0.06868699938058853 0.8964319825172424
vt 0.06868699938058853 0.9003819823265076
vt 0.06868699938058853 0.9224609732627869
vt 0.06868699938058853 0.932640016078949
vt 0.06868699938058853 0.9483420252799988
vt 0.06868699938058853 0.9596329927444458
vt 0.06944900006055832 0.2209170013666153
vt 0.06972400099039078 0.9798840284347534
vt 0.07097899913787842 0.8579720258712769
vt 0.07158300280570984 0.568494975566864
vt 0.07273600250482559 0.8754209876060486
vt 0.07302200049161911 0.9635829925537109
vt 0.07302200049161911 0.9738810062408447
vt 0.07339700311422348 0.8222730159759521
vt 0.07362399995326996 0.7330359816551208
vt 0.07365699857473373 0.9443920254707336
vt 0.07438600063323975 0.9789720177650452
vt 0.07438600063323975 0.9872030019760132
vt 0.07489600032567978 0.8342970013618469
vt 0.07490599900484085 0.5460060238838196
vt 0.07499299943447113 0.6745359897613525
vt 0.07503800094127655 0.6482229828834534
vt 0.07579799741506577 0.7756900191307068
vt 0.0760670006275177 0.002795000094920397
vt 0.07642599940299988 0.926410973072052
vt 0.07642599940299988 0.9335669875144958
vt 0.07649499922990799 0.4415990114212036
vt 0.07678599655628204 0.6752009987831116
vt 0.07727000117301941 0.9127110242843628
vt 0.07751999795436859 0.9679920077323914
vt 0.07752099633216858 0.9562389850616455
vt 0.07762400060892105 0.3261150121688843
vt 0.0783189982175827 0.5050029754638672
vt 0.07833699882030487 0.9789720177650452
vt 0.07902400195598602 0.031564000993967056
vt 0.07943399995565414 0.9888200163841248
vt 0.07946000248193741 0.7080410122871399
vt 0.07983200252056122 0.3209420144557953
vt 0.07985000312328339 0.844871997833252
vt 0.07993099838495255 0.5715169906616211
vt 0.08005800098180771 0.7717400193214417
vt 0.08061099797487259 0.8964319825172424
vt 0.08068200200796127 0.5115219950675964
vt 0.08078499883413315 0.6326829791069031
vt 0.08081799745559692 0.6009340286254883
vt 0.0818139985203743 0.9789720177650452
vt 0.08240199834108353 0.8279569745063782
vt 0.08290600031614304 0.9091230034828186
vt 0.08290600031614304 0.9287909865379333
vt 0.08290600031614304 0.9404630064964294
vt 0.08290699869394302 0.9604390263557434
vt 0.08336000144481659 0.8488219976425171
vt 0.08336000144481659 0.8714709877967834
vt 0.08451399952173233 0.654990017414093
vt 0.08456099778413773 0.8918460011482239
vt 0.0851610004901886 0.8352490067481995
vt 0.08529099822044373 0.7770460247993469
vt 0.08529099822044373 0.8150609731674194
vt 0.08547499775886536 0.8190109729766846
vt 0.08547499775886536 0.8410620093345642
vt 0.08576399832963943 0.9882670044898987
vt 0.0861160010099411 0.6300780177116394
vt 0.08628299832344055 0.5672500133514404
vt 0.0867300033569336 0.2349260002374649
vt 0.08675099909305573 0.48253700137138367
vt 0.08794400095939636 0.7617490291595459
vt 0.08798699826002121 0.9789720177650452
vt 0.08905000239610672 0.9186720252037048
vt 0.0892459973692894 0.7756909728050232
vt 0.0892459973692894 0.7982739806175232
vt 0.08952999860048294 0.9882670044898987
vt 0.08957500010728836 0.8032810091972351
vt 0.08957500010728836 0.862405002117157
vt 0.08970700204372406 0.2614859938621521
vt 0.08978399634361267 0.09947499632835388
vt 0.09029900282621384 0.9517379999160767
vt 0.09029900282621384 0.9641150236129761
vt 0.09145999699831009 0.9327419996261597
vt 0.09145999699831009 0.9477880001068115
vt 0.09178400039672852 0.019694000482559204
vt 0.09206599742174149 0.8754209876060486
vt 0.09206599742174149 0.9051730036735535
vt 0.09206599742174149 0.9243789911270142
vt 0.09242799878120422 0.8093670010566711
vt 0.09249400347471237 0.30031299591064453
vt 0.09256300330162048 0.4671500027179718
vt 0.09262800216674805 0.11361800134181976
vt 0.09280800074338913 0.1408119946718216
vt 0.09336599707603455 0.4766719937324524
vt 0.09347999840974808 0.05394899845123291
vt 0.09347999840974808 0.9789720177650452
vt 0.09347999840974808 0.9919340014457703
vt 0.09387599676847458 0.16743700206279755
vt 0.09439899772405624 0.6632500290870667
vt 0.09503600001335144 0.17979300022125244
vt 0.09507700055837631 0.39406201243400574
vt 0.09555500000715256 0.9867910146713257
vt 0.0962119996547699 0.26043701171875
vt 0.09626100212335587 0.7669010162353516
vt 0.09637799859046936 0.8438490033149719
vt 0.09637799859046936 0.8700960278511047
vt 0.09637799859046936 0.8929449915885925
vt 0.09637799859046936 0.9264879822731018
vt 0.09637799859046936 0.9449689984321594
vt 0.09637899696826935 0.8032810091972351
vt 0.09637899696826935 0.8283299803733826
vt 0.09637899696826935 0.8740460276603699
vt 0.09637899696826935 0.9167259931564331
vt 0.09637899696826935 0.9574679732322693
vt 0.09637899696826935 0.9720759987831116
vt 0.09679300338029861 0.7310500144958496
vt 0.09679300338029861 0.7542669773101807
vt 0.09679300338029861 0.7951710224151611
vt 0.09731300175189972 0.5973129868507385
vt 0.0977649986743927 0.1706780046224594
vt 0.09788300096988678 0.6872299909591675
vt 0.09793300181627274 0.8482189774513245
vt 0.09837500005960464 0.9614189863204956
vt 0.09851899743080139 0.5381529927253723
vt 0.09909900277853012 0.6326249837875366
vt 0.09937600046396255 0.5142449736595154
vt 0.0995049998164177 0.9888030290603638
vt 0.09979499876499176 0.8968949913978577
vt 0.0999390035867691 0.2972939908504486
vt 0.10069800168275833 0.5722000002861023
vt 0.10074300318956375 0.7351189851760864
vt 0.10074300318956375 0.79933100938797
vt 0.10091400146484375 0.9644020199775696
vt 0.10091400146484375 0.9740530252456665
vt 0.10098599642515182 0.10575100034475327
vt 0.10110300034284592 0.9789720177650452
vt 0.10110300034284592 0.9933609962463379
vt 0.1011589989066124 0.7617689967155457
vt 0.10121999680995941 0.14152100682258606
vt 0.10130000114440918 0.31474199891090393
vt 0.10165400058031082 0.45688000321388245
vt 0.10166899859905243 0.3209240138530731
vt 0.10199200361967087 0.6239920258522034
vt 0.10211099684238434 0.4757100045681
vt 0.10267499834299088 0.04087400063872337
vt 0.10320600122213364 0.8398990035057068
vt 0.10367900133132935 0.9206759929656982
vt 0.10367900133132935 0.9410189986228943
vt 0.10394900292158127 0.014492000453174114
vt 0.10418500006198883 0.5037980079650879
vt 0.10418500006198883 0.5390200018882751
vt 0.1043270006775856 0.44060999155044556
vt 0.10466700047254562 0.6998869776725769
vt 0.10486400127410889 0.9614189863204956
vt 0.10486400127410889 0.973468005657196
vt 0.1048709973692894 0.1476989984512329
vt 0.10505399852991104 0.9542719721794128
vt 0.10505399852991104 0.985351026058197
vt 0.10599199682474136 0.8661749958992004
vt 0.10622400045394897 0.29793399572372437
vt 0.10664399713277817 0.1572449952363968
vt 0.10677099972963333 0.9167259931564331
vt 0.10679300129413605 0.648501992225647
vt 0.10766100138425827 0.9789720177650452
vt 0.10778599977493286 0.07484900206327438
vt 0.10794200003147125 0.9825689792633057
vt 0.10794200003147125 0.9898290038108826
vt 0.10827700048685074 0.31370699405670166
vt 0.10827700048685074 0.4659860134124756
vt 0.10827700048685074 0.5255879759788513
vt 0.10827700048685074 0.5598800182342529
vt 0.10854800045490265 0.9691950082778931
vt 0.10861700028181076 0.6791520118713379
vt 0.10861700028181076 0.6992589831352234
vt 0.10861700028181076 0.7032099962234497
vt 0.10861700028181076 0.7201259732246399
vt 0.10877200216054916 0.6016669869422913
vt 0.1091570034623146 0.7957680225372314
vt 0.10934200137853622 0.48017799854278564
vt 0.10938499867916107 0.8442190289497375
vt 0.10995999723672867 0.5810760259628296
vt 0.10995999723672867 0.667602002620697
vt 0.10998799651861191 0.6896129846572876
vt 0.11016099900007248 0.7310500144958496
vt 0.11029499769210815 0.8841819763183594
vt 0.11032100021839142 0.759194016456604
vt 0.11032100021839142 0.8206589818000793
vt 0.11036500334739685 0.11076100170612335
vt 0.11044900119304657 0.7088149785995483
vt 0.11095999926328659 0.519070029258728
vt 0.11114899814128876 0.30883198976516724
vt 0.11118900030851364 0.1368670016527176
vt 0.11127699911594391 0.019497999921441078
vt 0.11152099817991257 0.2594519853591919
vt 0.11169199645519257 0.10583700239658356
vt 0.1117980033159256 0.058883000165224075
vt 0.11189299821853638 0.9841219782829285
vt 0.11208900064229965 0.4762279987335205
vt 0.1122559979557991 0.543042004108429
vt 0.11233799904584885 0.34725698828697205
vt 0.1126990020275116 0.9143229722976685
vt 0.1126990020275116 0.9342179894447327
vt 0.1126990020275116 0.9514679908752441
vt 0.1126990020275116 0.9632290005683899
vt 0.1126990020275116 0.9720609784126282
vt 0.11279399693012238 0.15522199869155884
vt 0.1130639985203743 0.04361899942159653
vt 0.11358000338077545 0.2849139869213104
vt 0.11364399641752243 0.4250659942626953
vt 0.11402600258588791 0.9789720177650452
vt 0.11402600258588791 0.9914519786834717
vt 0.1145009994506836 0.7537140250205994
vt 0.1145009994506836 0.7576640248298645
vt 0.1145009994506836 0.7901510000228882
vt 0.1145009994506836 0.7983189821243286
vt 0.1145009994506836 0.8377190232276917
vt 0.1145009994506836 0.862779974937439
vt 0.1145009994506836 0.8938549757003784
vt 0.11466100066900253 0.6253129839897156
vt 0.1158830001950264 0.14430199563503265
vt 0.11623699963092804 0.6768079996109009
vt 0.11659599840641022 0.8050519824028015
vt 0.1166900023818016 0.0019749999046325684
vt 0.11675500124692917 0.8137180209159851
vt 0.11685299873352051 0.6035540103912354
vt 0.11710699647665024 0.5367980003356934
vt 0.11779099702835083 0.7205179929733276
vt 0.11797700077295303 0.9819390177726746
vt 0.11831899732351303 0.7326909899711609
vt 0.11861900240182877 0.968375027179718
vt 0.11878599971532822 0.3127819895744324
vt 0.11928000301122665 0.9433799982070923
vt 0.11928000301122665 0.9592779874801636
vt 0.12003999948501587 0.6356899738311768
vt 0.12068399786949158 0.9203649759292603
vt 0.12068399786949158 0.9394299983978271
vt 0.12129700183868408 0.5763800144195557
vt 0.12161300331354141 0.9789720177650452
vt 0.12161300331354141 0.988116979598999
vt 0.12179899960756302 0.5241479873657227
vt 0.12256299704313278 0.5853300094604492
vt 0.12342800199985504 0.7680749893188477
vt 0.12363599985837936 0.885562002658844
vt 0.12363599985837936 0.8978049755096436
vt 0.12363599985837936 0.9164149761199951
vt 0.12405800074338913 0.15164899826049805
vt 0.12405800074338913 0.2355860024690628
vt 0.12459400296211243 0.5598800182342529
vt 0.12488999962806702 0.5332980155944824
vt 0.12496200203895569 0.7441319823265076
vt 0.12505899369716644 0.4552060067653656
vt 0.1253190040588379 0.9572280049324036
vt 0.1253190040588379 0.9708340167999268
vt 0.12535199522972107 0.7941009998321533
vt 0.12556299567222595 0.9847009778022766
vt 0.12577199935913086 0.8202049732208252
vt 0.125900998711586 0.5426610112190247
vt 0.1261640042066574 0.32925501465797424
vt 0.1261889934539795 0.8241549730300903
vt 0.1261889934539795 0.8588299751281738
vt 0.1262039989233017 0.5550119876861572
vt 0.12640300393104553 0.7796159982681274
vt 0.12800799310207367 0.16328200697898865
vt 0.12800799310207367 0.27183499932289124
vt 0.128028005361557 0.29587501287460327
vt 0.12805399298667908 0.21415799856185913
vt 0.12854500114917755 0.5598800182342529
vt 0.12854500114917755 0.5763019919395447
vt 0.12912699580192566 0.8656780123710632
vt 0.12912699580192566 0.890608012676239
vt 0.12912699580192566 0.9026579856872559
vt 0.12912699580192566 0.9308170080184937
vt 0.12912699580192566 0.9442139863967896
vt 0.12919199466705322 0.5120130181312561
vt 0.13011200726032257 0.9597690105438232
vt 0.13013899326324463 0.8388500213623047
vt 0.13019099831581116 0.029503000900149345
vt 0.13038599491119385 0.7595850229263306
vt 0.1313599944114685 0.9789720177650452
vt 0.1313599944114685 0.9850850105285645
vt 0.13140100240707397 0.4492869973182678
vt 0.13144299387931824 0.5804389715194702
vt 0.1315460056066513 0.2777929902076721
vt 0.1315460056066513 0.3071399927139282
vt 0.13187800347805023 0.8617269992828369
vt 0.13226699829101562 0.5487560033798218
vt 0.13254700601100922 0.6861240267753601
vt 0.13293400406837463 0.5108820199966431
vt 0.13312700390815735 0.5382540225982666
vt 0.13345099985599518 0.6020110249519348
vt 0.13377800583839417 0.8116670250892639
vt 0.1340620070695877 0.9638059735298157
vt 0.1343490034341812 0.18939000368118286
vt 0.13530999422073364 0.9789720177650452
vt 0.13530999422073364 0.989434003829956
vt 0.13546200096607208 0.9434700012207031
vt 0.13549700379371643 0.2777929902076721
vt 0.13549700379371643 0.42921000719070435
vt 0.13549700379371643 0.4331609904766083
vt 0.13549700379371643 0.47088199853897095
vt 0.13580800592899323 0.016787000000476837
vt 0.13630299270153046 0.8945580124855042
vt 0.1364080011844635 0.15164899826049805
vt 0.13663199543952942 0.9032800197601318
vt 0.137022003531456 0.443230003118515
vt 0.13707299530506134 0.8396279811859131
vt 0.13716700673103333 0.273842990398407
vt 0.1375419944524765 0.901216983795166
vt 0.1375419944524765 0.9185439944267273
vt 0.13763299584388733 0.7941009998321533
vt 0.13814300298690796 0.9809560179710388
vt 0.1384589970111847 0.5216959714889526
vt 0.1384589970111847 0.5559300184249878
vt 0.13846799731254578 0.7854909896850586
vt 0.13873200118541718 0.9413549900054932
vt 0.13873200118541718 0.9532780051231384
vt 0.13873200118541718 0.9572280049324036
vt 0.13873200118541718 0.9712799787521362
vt 0.13879700005054474 0.6900740265846252
vt 0.13946199417114258 0.5675770044326782
vt 0.13947400450706482 0.9224939942359924
vt 0.13947400450706482 0.937404990196228
vt 0.1399250030517578 0.8241549730300903
vt 0.1399250030517578 0.8586320281028748
vt 0.1399250030517578 0.8768680095672607
vt 0.13995899260044098 0.19707000255584717
vt 0.13995899260044098 0.31081101298332214
vt 0.14003600180149078 0.4419339895248413
vt 0.14005699753761292 0.0019749999046325684
vt 0.14005699753761292 0.6139140129089355
vt 0.14005699753761292 0.6546729803085327
vt 0.14005699753761292 0.7070900201797485
vt 0.14005699753761292 0.7522299885749817
vt 0.1420930027961731 0.9789720177650452
vt 0.1420930027961731 0.991864025592804
vt 0.14393700659275055 0.9808589816093445
vt 0.14400699734687805 0.008507000282406807
vt 0.14400699734687805 0.2805129885673523
vt 0.14400699734687805 0.3057810068130493
vt 0.14400699734687805 0.515267014503479
vt 0.14400699734687805 0.5764889717102051
vt 0.14400699734687805 0.5833619832992554
vt 0.14400699734687805 0.6649569869041443
vt 0.14400699734687805 0.686801016330719
vt 0.14400699734687805 0.7429440021514893
vt 0.14400699734687805 0.7896400094032288
vt 0.14400699734687805 0.7989529967308044
vt 0.14400699734687805 0.8216840028762817
vt 0.14400699734687805 0.8459910154342651
vt 0.14400699734687805 0.8610439896583557
vt 0.14400699734687805 0.8750090003013611
vt 0.14400699734687805 0.9059140086174011
vt 0.14400699734687805 0.9227849841117859
vt 0.14400699734687805 0.9398109912872314
vt 0.14400699734687805 0.9437609910964966
vt 0.14400699734687805 0.9600510001182556
vt 0.14465400576591492 0.6123260259628296
vt 0.14518800377845764 0.9715570211410522
vt 0.1457190066576004 0.2970559895038605
vt 0.14605799317359924 0.45679301023483276
vt 0.1465650051832199 0.8256350159645081
vt 0.14788800477981567 0.9853950142860413
vt 0.1481969952583313 0.9789720177650452
vt 0.15006400644779205 0.9334849715232849
vt 0.15036599338054657 0.9546300172805786
vt 0.15036599338054657 0.9640020132064819
vt 0.15036599338054657 0.9732279777526855
vt 0.1504559963941574 0.8058599829673767
vt 0.15092100203037262 0.7935900092124939
vt 0.1521109938621521 0.865667998790741
vt 0.15260900557041168 0.8931879997253418
vt 0.152755007147789 0.5164610147476196
vt 0.15277999639511108 0.9226179718971252
vt 0.1533450037240982 0.9853950142860413
vt 0.1534319967031479 0.8971379995346069
vt 0.1534319967031479 0.9186670184135437
vt 0.15578100085258484 0.27576500177383423
vt 0.15621499717235565 0.9489120244979858
vt 0.15629500150680542 0.8184570074081421
vt 0.15711599588394165 0.658132016658783
vt 0.15729500353336334 0.9862229824066162
vt 0.15738199651241302 0.9128569960594177
vt 0.15738199651241302 0.9387400150299072
vt 0.15788500010967255 0.016894999891519547
vt 0.1580899953842163 0.8750090003013611
vt 0.1586879938840866 0.9057080149650574
vt 0.15948200225830078 0.7389940023422241
vt 0.15963900089263916 0.8499420285224915
vt 0.15963900089263916 0.871059000492096
vt 0.160179004073143 0.3402459919452667
vt 0.1602099984884262 0.9608129858970642
vt 0.16023899614810944 0.7075260281562805
vt 0.16078899800777435 0.8971379995346069
vt 0.1608079969882965 0.9789720177650452
vt 0.16173699498176575 0.22621500492095947
vt 0.16203099489212036 0.9862229824066162
vt 0.16203999519348145 0.8779230117797852
vt 0.1624239981174469 0.09718000143766403
vt 0.1625089943408966 0.6446660161018372
vt 0.163005992770195 0.45845499634742737
vt 0.16322200000286102 0.7689539790153503
vt 0.1635890007019043 0.867035984992981
vt 0.16371400654315948 0.8256620168685913
vt 0.16371400654315948 0.8439009785652161
vt 0.1642799973487854 0.820734977722168
vt 0.16452500224113464 0.9249789714813232
vt 0.16452500224113464 0.9449620246887207
vt 0.16452500224113464 0.9489120244979858
vt 0.16455599665641785 0.24421599507331848
vt 0.16457000374794006 0.8111720085144043
vt 0.16474300622940063 0.06472299993038177
vt 0.16491100192070007 0.19858300685882568
vt 0.165242999792099 0.040598999708890915
vt 0.16533300280570984 0.8750090003013611
vt 0.16533300280570984 0.8924499750137329
vt 0.16543300449848175 0.9043340086936951
vt 0.16543300449848175 0.9210289716720581
vt 0.1654449999332428 0.5714370012283325
vt 0.16572800278663635 0.6963210105895996
vt 0.1659809947013855 0.9878309965133667
vt 0.16604900360107422 0.8499420285224915
vt 0.16604900360107422 0.8689299821853638
vt 0.16750699281692505 0.7479739785194397
vt 0.16785000264644623 0.9789720177650452
vt 0.16805499792099 0.1534309983253479
vt 0.1685280054807663 0.6841179728507996
vt 0.16857099533081055 0.6730830073356628
vt 0.16874000430107117 0.7625979781150818
vt 0.16946600377559662 0.9878309965133667
vt 0.1695059984922409 0.8749449849128723
vt 0.1695059984922409 0.8936300277709961
vt 0.1695059984922409 0.9154250025749207
vt 0.1695059984922409 0.9195659756660461
vt 0.1695059984922409 0.9367830157279968
vt 0.1695059984922409 0.9514610171318054
vt 0.1695059984922409 0.9661870002746582
vt 0.16963699460029602 0.2868100106716156
vt 0.16972799599170685 0.13096599280834198
vt 0.16990500688552856 0.1894949972629547
vt 0.17035600543022156 0.850383996963501
vt 0.17035600543022156 0.8709949851036072
vt 0.17043699324131012 0.7912359833717346
vt 0.17043699324131012 0.8033519983291626
vt 0.17043699324131012 0.8416489958763123
vt 0.1712000072002411 0.1378439962863922
vt 0.1713559925556183 0.2762709856033325
vt 0.1725279986858368 0.09376899898052216
vt 0.17341600358486176 0.9789720177650452
vt 0.17341600358486176 0.9887480139732361
vt 0.17351800203323364 0.3424749970436096
vt 0.17353500425815582 0.008031000383198261
vt 0.17389200627803802 0.10148700326681137
vt 0.17402000725269318 0.9008830189704895
vt 0.1745319962501526 0.9620640277862549
vt 0.1745319962501526 0.9731199741363525
vt 0.17484800517559052 0.25091901421546936
vt 0.1751919984817505 0.6946690082550049
vt 0.17531199753284454 0.8456000089645386
vt 0.17567400634288788 0.940733015537262
vt 0.17567400634288788 0.9581140279769897
vt 0.17570999264717102 0.77047199010849
vt 0.17578600347042084 0.05674400180578232
vt 0.17581500113010406 0.7632349729537964
vt 0.1763180047273636 0.6689069867134094
vt 0.1763180047273636 0.7375270128250122
vt 0.1763180047273636 0.7429440021514893
vt 0.1763180047273636 0.756076991558075
vt 0.1763180047273636 0.9813669919967651
vt 0.17683899402618408 0.0019749999046325684
vt 0.17734099924564362 0.407833993434906
vt 0.1777230054140091 0.791113018989563
vt 0.17824900150299072 0.33811599016189575
vt 0.1784210056066513 0.9231590032577515
vt 0.17851999402046204 0.1965939998626709
vt 0.17879800498485565 0.932108998298645
vt 0.17899200320243835 0.39883899688720703
vt 0.179625004529953 0.940733015537262
vt 0.179625004529953 0.9620720148086548
vt 0.1798979938030243 0.2815859913825989
vt 0.18026800453662872 0.7300990223884583
vt 0.18026800453662872 0.9877380132675171
vt 0.1806109994649887 0.5804389715194702
vt 0.1807129979133606 0.09418299794197083
vt 0.18101699650287628 0.8975800275802612
vt 0.18101699650287628 0.915615975856781
vt 0.18196000158786774 0.846763014793396
vt 0.18244700133800507 0.7985129952430725
vt 0.18295800685882568 0.7736179828643799
vt 0.1830500066280365 0.6822050213813782
vt 0.18313699960708618 0.9789720177650452
vt 0.18313699960708618 0.9887160062789917
vt 0.18325500190258026 0.9536870121955872
vt 0.18339799344539642 0.8066509962081909
vt 0.18339799344539642 0.8578900098800659
vt 0.1833990067243576 0.8862969875335693
vt 0.18409299850463867 0.012884000316262245
vt 0.18506300449371338 0.2529039978981018
vt 0.18554900586605072 0.736407995223999
vt 0.18591299653053284 0.7994019985198975
vt 0.18612299859523773 0.7406929731369019
vt 0.1870180070400238 0.03807299956679344
vt 0.18708699941635132 0.9834309816360474
vt 0.18734900653362274 0.8033519983291626
vt 0.18734900653362274 0.8431329727172852
vt 0.18734900653362274 0.8470829725265503
vt 0.18734900653362274 0.8779969811439514
vt 0.18734900653362274 0.8855469822883606
vt 0.18734900653362274 0.9023460149765015
vt 0.18734900653362274 0.9167400002479553
vt 0.18734900653362274 0.935293972492218
vt 0.18734900653362274 0.9521560072898865
vt 0.18852199614048004 0.9789720177650452
vt 0.18852199614048004 0.9922119975090027
vt 0.19075800478458405 0.8240650296211243
vt 0.1909479945898056 0.847756028175354
vt 0.19112199544906616 0.5182409882545471
vt 0.19126899540424347 0.7636330127716064
vt 0.19142299890518188 0.7675830125808716
vt 0.1918960064649582 0.30163899064064026
vt 0.192113995552063 0.7357569932937622
vt 0.19247199594974518 0.984362006187439
vt 0.1926340013742447 0.7424229979515076
vt 0.19299699366092682 0.6689069867134094
vt 0.19299699366092682 0.7513070106506348
vt 0.19299699366092682 0.7748379707336426
vt 0.19299699366092682 0.7957419753074646
vt 0.19310499727725983 0.6160200238227844
vt 0.1943269968032837 0.31421101093292236
vt 0.19463899731636047 0.4491739869117737
vt 0.19554899632930756 0.9062960147857666
vt 0.19554899632930756 0.9280409812927246
vt 0.19557000696659088 0.8819469809532166
vt 0.19578999280929565 0.6502569913864136
vt 0.196152001619339 0.9789720177650452
vt 0.196152001619339 0.9871230125427246
vt 0.1964700073003769 0.950340986251831
vt 0.1964700073003769 0.9610099792480469
vt 0.19678400456905365 0.9319909811019897
vt 0.19678400456905365 0.9463909864425659
vt 0.19694699347019196 0.6958370208740234
vt 0.19694699347019196 0.7030429840087891
vt 0.19694699347019196 0.72496497631073
vt 0.19694699347019196 0.7289149761199951
vt 0.19694699347019196 0.7444159984588623
vt 0.19694699347019196 0.7483670115470886
vt 0.19694699347019196 0.7646350264549255
vt 0.19713400304317474 0.2818489968776703
vt 0.19746999442577362 0.873714029788971
vt 0.19783900678157806 0.8268349766731262
vt 0.19803500175476074 0.9008110165596008
vt 0.19851799309253693 0.7543299794197083
vt 0.19879800081253052 0.6689069867134094
vt 0.19879800081253052 0.6990929841995239
vt 0.19894899427890778 0.8955439925193787
vt 0.19900299608707428 0.8194720149040222
vt 0.19906599819660187 0.7404699921607971
vt 0.19912700355052948 0.7129740118980408
vt 0.1991560012102127 0.584293007850647
vt 0.20010200142860413 0.9818800091743469
vt 0.20298199355602264 0.00974700041115284
vt 0.20310600101947784 0.6592220067977905
vt 0.20310600101947784 0.7313759922981262
vt 0.20310600101947784 0.7626619935035706
vt 0.20310600101947784 0.7762060165405273
vt 0.20310600101947784 0.7927809953689575
vt 0.20310600101947784 0.9009090065956116
vt 0.20310699939727783 0.6637240052223206
vt 0.20310699939727783 0.7177990078926086
vt 0.20310699939727783 0.8039479851722717
vt 0.20310699939727783 0.8389340043067932
vt 0.20310699939727783 0.8503199815750122
vt 0.20310699939727783 0.8738909959793091
vt 0.20310699939727783 0.9234449863433838
vt 0.20310699939727783 0.9376130104064941
vt 0.20310699939727783 0.950016975402832
vt 0.20310699939727783 0.968392014503479
vt 0.20338599383831024 0.8895210027694702
vt 0.2037860006093979 0.9789720177650452
vt 0.2037860006093979 0.9870399832725525
vt 0.20605799555778503 0.6465439796447754
vt 0.20612800121307373 0.8699399828910828
vt 0.20742499828338623 0.8161360025405884
vt 0.20750300586223602 0.9045609831809998
vt 0.20773600041866302 0.9821239709854126
vt 0.20816899836063385 0.4102199971675873
vt 0.20845800638198853 0.02418999932706356
vt 0.209648996591568 0.6163989901542664
vt 0.2098889946937561 0.9415630102157593
vt 0.2098889946937561 0.9574990272521973
vt 0.21004299819469452 0.9614490270614624
vt 0.21004299819469452 0.9701989889144897
vt 0.21059100329875946 0.7186269760131836
vt 0.2107049971818924 0.788536012172699
vt 0.21085700392723083 0.9035549759864807
vt 0.2109059989452362 0.8136789798736572
vt 0.2116820067167282 0.9789720177650452
vt 0.2116820067167282 0.986515998840332
vt 0.2120400071144104 0.26792100071907043
vt 0.2121109962463379 0.9205380082130432
vt 0.21219700574874878 0.9254869818687439
vt 0.21330100297927856 0.656781017780304
vt 0.21337899565696716 0.8965010046958923
vt 0.21337899565696716 0.9165869951248169
vt 0.21402299404144287 0.9631100296974182
vt 0.21417100727558136 0.8080559968948364
vt 0.21484200656414032 0.39991098642349243
vt 0.215146005153656 0.5804389715194702
vt 0.21563200652599335 0.9789720177650452
vt 0.21563200652599335 0.9892730116844177
vt 0.2160159945487976 0.8428840041160583
vt 0.2160159945487976 0.8625919818878174
vt 0.21657699346542358 0.7694829702377319
vt 0.21707700192928314 0.9542289972305298
vt 0.21707700192928314 0.9690529704093933
vt 0.21715299785137177 0.7352920174598694
vt 0.2172500044107437 0.818871021270752
vt 0.21726399660110474 0.8761439919471741
vt 0.21726399660110474 0.8925510048866272
vt 0.21790599822998047 0.9864420294761658
vt 0.21839000284671783 0.7999979853630066
vt 0.21944700181484222 0.9053660035133362
vt 0.21944700181484222 0.9264060258865356
vt 0.21944700181484222 0.9366520047187805
vt 0.22102800011634827 0.9542289972305298
vt 0.22102800011634827 0.969415009021759
vt 0.22119799256324768 0.7906320095062256
vt 0.22120000422000885 0.8039479851722717
vt 0.22120000422000885 0.860385000705719
vt 0.2214300036430359 0.8815400004386902
vt 0.2214300036430359 0.901416003704071
vt 0.2218559980392456 0.9789720177650452
vt 0.2218559980392456 0.9887570142745972
vt 0.22247399389743805 0.7778760194778442
vt 0.22368699312210083 0.7655329704284668
vt 0.22378599643707275 0.8684329986572266
vt 0.22394900023937225 0.5715739727020264
vt 0.22434499859809875 0.9831039905548096
vt 0.22435399889945984 0.77047199010849
vt 0.2250940054655075 0.4997040033340454
vt 0.2258639931678772 0.9303569793701172
vt 0.2258639931678772 0.9502779841423035
vt 0.2258639931678772 0.956699013710022
vt 0.22636300325393677 0.7225769758224487
vt 0.2264540046453476 0.8145099878311157
vt 0.22646799683570862 0.4529229998588562
vt 0.22664900124073029 0.7886540293693542
vt 0.22705399990081787 0.8510209918022156
vt 0.2280369997024536 0.889710009098053
vt 0.2280369997024536 0.9167400002479553
vt 0.2282949984073639 0.9789720177650452
vt 0.2282949984073639 0.989450991153717
vt 0.22916699945926666 0.28899499773979187
vt 0.23029500246047974 0.9846400022506714
vt 0.230322003364563 0.24570700526237488
vt 0.2304210066795349 0.09841000288724899
vt 0.23088699579238892 0.14807799458503723
vt 0.23153099417686462 0.7534210085868835
vt 0.23198699951171875 0.8189679980278015
vt 0.23198699951171875 0.8578969836235046
vt 0.23198699951171875 0.8883649706840515
vt 0.23198699951171875 0.8944720029830933
vt 0.23198699951171875 0.9179670214653015
vt 0.23198699951171875 0.9238240122795105
vt 0.23198699951171875 0.9540770053863525
vt 0.2327450066804886 0.961982011795044
vt 0.2327450066804886 0.9729689955711365
vt 0.232791006565094 0.040720999240875244
vt 0.2328599989414215 0.9477760195732117
vt 0.23298600316047668 0.8741599917411804
vt 0.2333420068025589 0.19066999852657318
vt 0.2339159995317459 0.8637160062789917
vt 0.23424500226974487 0.983618974685669
vt 0.23485100269317627 0.6444420218467712
vt 0.23548200726509094 0.7869499921798706
vt 0.23551300168037415 0.2761180102825165
vt 0.23580099642276764 0.33991700410842896
vt 0.23640500009059906 0.3522549867630005
vt 0.23788100481033325 0.9789720177650452
vt 0.23788100481033325 0.9862329959869385
vt 0.2379399985074997 0.9401580095291138
vt 0.2379399985074997 0.9580320119857788
vt 0.2379399985074997 0.966729998588562
vt 0.23794099688529968 0.39641299843788147
vt 0.2391899973154068 0.3931190073490143
vt 0.23990200459957123 0.575760006904602
vt 0.2401909977197647 0.3074420094490051
vt 0.24034999310970306 0.6631720066070557
vt 0.24062499403953552 0.9116389751434326
vt 0.2409919947385788 0.009851000271737576
vt 0.241116002202034 0.1403760015964508
vt 0.24123400449752808 0.7225779891014099
vt 0.24146899580955505 0.5814030170440674
vt 0.24160799384117126 0.4190770089626312
vt 0.24168500304222107 0.06367000192403793
vt 0.24172300100326538 0.8775460124015808
vt 0.2417690008878708 0.7935109734535217
vt 0.24183200299739838 0.9852240085601807
vt 0.24188999831676483 0.940159022808075
vt 0.24188999831676483 0.9607099890708923
vt 0.24188999831676483 0.9709659814834595
vt 0.24193499982357025 0.25245699286460876
vt 0.24221600592136383 0.46080300211906433
vt 0.2425840049982071 0.9810929894447327
vt 0.24287599325180054 0.9219179749488831
vt 0.24287599325180054 0.9362080097198486
vt 0.243150994181633 0.5181350111961365
vt 0.24376100301742554 0.7830960154533386
vt 0.24433499574661255 0.8684329986572266
vt 0.24433499574661255 0.8905209898948669
vt 0.24444499611854553 0.8350399732589722
vt 0.24444499611854553 0.8644829988479614
vt 0.24510599672794342 0.3545210063457489
vt 0.24525199830532074 0.15449799597263336
vt 0.245960995554924 0.9646599888801575
vt 0.245960995554924 0.97502201795578
vt 0.24607700109481812 0.9497290253639221
vt 0.24621300399303436 0.9789720177650452
vt 0.24621300399303436 0.9851509928703308
vt 0.24641300737857819 0.7393929958343506
vt 0.24641300737857819 0.7895600199699402
vt 0.24641300737857819 0.8173909783363342
vt 0.24641300737857819 0.831089973449707
vt 0.24658499658107758 0.7184129953384399
vt 0.24660299718379974 0.18246400356292725
vt 0.24696700274944305 0.6632969975471497
vt 0.24706999957561493 0.3066740036010742
vt 0.24710099399089813 0.5330830216407776
vt 0.24741700291633606 0.017038000747561455
vt 0.24798400700092316 0.5572630167007446
vt 0.24895000457763672 0.4562090039253235
vt 0.24994300305843353 0.28359299898147583
vt 0.25011199712753296 0.1069599986076355
vt 0.2501640021800995 0.9789720177650452
vt 0.2501640021800995 0.9862579703330994
vt 0.2501940131187439 0.05351300165057182
vt 0.2502270042896271 0.8762639760971069
vt 0.2502270042896271 0.899025022983551
vt 0.2502270042896271 0.9171109795570374
vt 0.2502270042896271 0.9353139996528625
vt 0.2502270042896271 0.9560269713401794
vt 0.2502270042896271 0.9701799750328064
vt 0.25022798776626587 0.9392639994621277
vt 0.25022798776626587 0.9520769715309143
vt 0.25024399161338806 0.1441269963979721
vt 0.25042301416397095 0.31664401292800903
vt 0.2509180009365082 0.6631720066070557
vt 0.2509180009365082 0.702813982963562
vt 0.25168898701667786 0.2776789963245392
vt 0.2526150047779083 0.7508270144462585
vt 0.2526150047779083 0.7672600150108337
vt 0.2526150047779083 0.8006569743156433
vt 0.2526150047779083 0.8394320011138916
vt 0.2530139982700348 0.8514260053634644
vt 0.25312700867652893 0.24740199744701385
vt 0.25362399220466614 0.8191549777984619
vt 0.25373899936676025 0.9830340147018433
vt 0.2537969946861267 0.07261200249195099
vt 0.2538999915122986 0.6843349933624268
vt 0.2541399896144867 0.002957999939098954
vt 0.25442299246788025 0.7547770142555237
vt 0.25452500581741333 0.372408002614975
vt 0.25458401441574097 0.44073599576950073
vt 0.25493699312210083 0.4083459973335266
vt 0.2550179958343506 0.8415470123291016
vt 0.255046010017395 0.04191400110721588
vt 0.2553179860115051 0.9602540135383606
vt 0.2558940052986145 0.012875000014901161
vt 0.25698500871658325 0.4780310094356537
vt 0.25703200697898865 0.6175000071525574
vt 0.2575869858264923 0.5660499930381775
vt 0.25764399766921997 0.6854559779167175
vt 0.2576900124549866 0.9789720177650452
vt 0.2576900124549866 0.9875519871711731
vt 0.2577190101146698 0.5843560099601746
vt 0.2577190101146698 0.6546519994735718
vt 0.25783801078796387 0.5073090195655823
vt 0.25814199447631836 0.8647699952125549
vt 0.2587459981441498 0.4646419882774353
vt 0.25924500823020935 0.9316840171813965
vt 0.25926899909973145 0.960860013961792
vt 0.2594369947910309 0.9438380002975464
vt 0.25955700874328613 0.28899499773979187
vt 0.26006901264190674 0.8918300271034241
vt 0.26006901264190674 0.9131609797477722
vt 0.2604840099811554 0.9815940260887146
vt 0.2613460123538971 0.7288339734077454
vt 0.26162800192832947 0.719914972782135
vt 0.26166900992393494 0.6428359746932983
vt 0.2625400125980377 0.5223749876022339
vt 0.26267099380493164 0.9560279846191406
vt 0.26267099380493164 0.9713730216026306
vt 0.2630220055580139 0.5425469875335693
vt 0.2633129954338074 0.4951789975166321
vt 0.2635509967803955 0.866320013999939
vt 0.2644349932670593 0.9789720177650452
vt 0.2644349932670593 0.988985002040863
vt 0.26462599635124207 0.7340059876441956
vt 0.2654019892215729 0.5067510008811951
vt 0.2655470073223114 0.4731540083885193
vt 0.2659049928188324 0.8394320011138916
vt 0.2659049928188324 0.8702700138092041
vt 0.2659049928188324 0.8878800272941589
vt 0.2659910023212433 0.2929460108280182
vt 0.2659910023212433 0.44522398710250854
vt 0.26608699560165405 0.5163909792900085
vt 0.2664079964160919 0.9865139722824097
vt 0.26670899987220764 0.9133149981498718
vt 0.26670899987220764 0.9275580048561096
vt 0.26670899987220764 0.9338570237159729
vt 0.26670899987220764 0.9487199783325195
vt 0.26670899987220764 0.9526699781417847
vt 0.26670899987220764 0.9680759906768799
vt 0.2677139937877655 0.8036810159683228
vt 0.2677139937877655 0.8354820013046265
vt 0.26814499497413635 0.5265309810638428
vt 0.2691960036754608 0.704954981803894
vt 0.26930001378059387 0.5838350057601929
vt 0.26938700675964355 0.032481998205184937
vt 0.26985499262809753 0.8394320011138916
vt 0.26985499262809753 0.8753049969673157
vt 0.26985499262809753 0.9009690284729004
vt 0.2699419856071472 0.2929460108280182
vt 0.2699419856071472 0.4149070084095001
vt 0.2699419856071472 0.4200440049171448
vt 0.27035900950431824 0.9789720177650452
vt 0.27035900950431824 0.9862710237503052
vt 0.27067500352859497 0.8587329983711243
vt 0.2711310088634491 0.7617729902267456
vt 0.2711310088634491 0.7967069745063782
vt 0.271138995885849 0.9682220220565796
vt 0.2711549997329712 0.8792549967765808
vt 0.27118200063705444 0.26049700379371643
vt 0.27144598960876465 0.7261019945144653
vt 0.27180901169776917 0.9551360011100769
vt 0.2723970115184784 0.8500000238418579
vt 0.2727789878845215 0.4374209940433502
vt 0.2730860114097595 0.40227600932121277
vt 0.2732999920845032 0.35076799988746643
vt 0.2737559974193573 0.9830449819564819
vt 0.2744320034980774 0.4316770136356354
vt 0.27508100867271423 0.8121280074119568
vt 0.2751629948616028 0.4443790018558502
vt 0.2752020061016083 0.8627399802207947
vt 0.2752549946308136 0.9392549991607666
vt 0.2754819989204407 0.855426013469696
vt 0.2757590115070343 0.9526699781417847
vt 0.2757590115070343 0.9695500135421753
vt 0.2758390009403229 0.6572849750518799
vt 0.2759079933166504 0.9151359796524048
vt 0.27636298537254333 0.5400300025939941
vt 0.27665698528289795 0.43458399176597595
vt 0.27699100971221924 0.8936359882354736
vt 0.27699100971221924 0.9093649983406067
vt 0.27699100971221924 0.9299070239067078
vt 0.2772020101547241 0.5494040250778198
vt 0.27770599722862244 0.9789720177650452
vt 0.27770599722862244 0.984408974647522
vt 0.2779949903488159 0.02132299914956093
vt 0.2781029939651489 0.4491739869117737
vt 0.2781890034675598 0.8721250295639038
vt 0.27869200706481934 0.7547770142555237
vt 0.2788180112838745 0.27350398898124695
vt 0.2788810133934021 0.8114330172538757
vt 0.2788810133934021 0.8341580033302307
vt 0.2789910137653351 0.8466690182685852
vt 0.2790040075778961 0.9546909928321838
vt 0.27913498878479004 0.41609400510787964
vt 0.2795009911060333 0.3580639958381653
vt 0.2800469994544983 0.013166000135242939
vt 0.28033700585365295 0.29948899149894714
vt 0.2807910144329071 0.730301022529602
vt 0.281700998544693 0.4591670036315918
vt 0.281700998544693 0.5544319748878479
vt 0.281717985868454 0.7089049816131592
vt 0.28179699182510376 0.5804389715194702
vt 0.28179699182510376 0.7040050029754639
vt 0.28179699182510376 0.7139269709587097
vt 0.28179699182510376 0.7442929744720459
vt 0.2825529873371124 0.9796410202980042
vt 0.28261101245880127 0.2947379946708679
vt 0.2828199863433838 0.4200440049171448
vt 0.2828519940376282 0.28743600845336914
vt 0.2830809950828552 0.8136860132217407
vt 0.2830809950828552 0.8267470002174377
vt 0.2830809950828552 0.8605300188064575
vt 0.2830809950828552 0.8850799798965454
vt 0.2830809950828552 0.8890299797058105
vt 0.2830809950828552 0.9058219790458679
vt 0.2830809950828552 0.9097719788551331
vt 0.2830809950828552 0.9329310059547424
vt 0.2830809950828552 0.9479820132255554
vt 0.2830809950828552 0.9642170071601868
vt 0.2831070125102997 0.0019749999046325684
vt 0.28531700372695923 0.9519320130348206
vt 0.2860719859600067 0.8724470138549805
vt 0.2861109972000122 0.9290670156478882
vt 0.28650298714637756 0.9789720177650452
vt 0.28650298714637756 0.9849770069122314
vt 0.2867709994316101 0.7992810010910034
vt 0.2868019938468933 0.270891010761261
vt 0.2868019938468933 0.43664899468421936
vt 0.2868019938468933 0.5004919767379761
vt 0.2868019938468933 0.5799009799957275
vt 0.2868019938468933 0.6518639922142029
vt 0.2868019938468933 0.7041869759559631
vt 0.2868019938468933 0.7322810292243958
vt 0.2868019938468933 0.7509649991989136
vt 0.2868019938468933 0.7936509847640991
vt 0.2870570123195648 0.0019749999046325684
vt 0.28741300106048584 0.5241230130195618
vt 0.2875080108642578 0.5645009875297546
vt 0.28773701190948486 0.43833500146865845
vt 0.28898298740386963 0.6396650075912476
vt 0.2896620035171509 0.427266001701355
vt 0.28969401121139526 0.9251160025596619
vt 0.28970301151275635 0.45060399174690247
vt 0.28996700048446655 0.8301399946212769
vt 0.29004499316215515 0.9642170071601868
vt 0.29006698727607727 0.941769003868103
vt 0.29009899497032166 0.5545750260353088
vt 0.2905479967594147 0.8156819939613342
vt 0.29057198762893677 0.14905600249767303
vt 0.2906990051269531 0.8658429980278015
vt 0.2907150089740753 0.9804840087890625
vt 0.29075199365615845 0.7587339878082275
vt 0.2907550036907196 0.3958260118961334
vt 0.29081401228904724 0.09814699739217758
vt 0.2909559905529022 0.3637160062789917
vt 0.29110899567604065 0.46171098947525024
vt 0.29121699929237366 0.2703160047531128
vt 0.29137301445007324 0.8020200133323669
vt 0.2914330065250397 0.5014110207557678
vt 0.29155299067497253 0.5684509873390198
vt 0.2918199896812439 0.7346199750900269
vt 0.29186201095581055 0.8110060095787048
vt 0.29205599427223206 0.37160301208496094
vt 0.29214298725128174 0.5086860060691833
vt 0.29287099838256836 0.4829530119895935
vt 0.29334700107574463 0.8565800189971924
vt 0.2933880090713501 0.02021300047636032
vt 0.2938910126686096 0.4960870146751404
vt 0.2940180003643036 0.28252899646759033
vt 0.2941260039806366 0.013117000460624695
vt 0.29466500878334045 0.9789720177650452
vt 0.29466500878334045 0.9878870248794556
vt 0.29509299993515015 0.9097719788551331
vt 0.29553699493408203 0.871284008026123
vt 0.2956559956073761 0.5800420045852661
vt 0.29577401280403137 0.6312350034713745
vt 0.2958909869194031 0.47529399394989014
vt 0.2960990071296692 0.8267470002174377
vt 0.29632899165153503 0.8034300208091736
vt 0.2964229881763458 0.37798601388931274
vt 0.2965399920940399 0.13527299463748932
vt 0.2967909872531891 0.48953700065612793
vt 0.2967970073223114 0.9026700258255005
vt 0.2968890070915222 0.9791929721832275
vt 0.296968013048172 0.6782500147819519
vt 0.2974790036678314 0.7081369757652283
vt 0.29835399985313416 0.34160101413726807
vt 0.2986060082912445 0.9511309862136841
vt 0.2986060082912445 0.9646649956703186
vt 0.2988010048866272 0.4500589966773987
vt 0.29942798614501953 0.9296140074729919
vt 0.29974600672721863 0.9423940181732178
vt 0.3000490069389343 0.8267470002174377
vt 0.3000490069389343 0.8778899908065796
vt 0.30016499757766724 0.8123639822006226
vt 0.3001730144023895 0.47084200382232666
vt 0.3001849949359894 0.8060839772224426
vt 0.3004570007324219 0.7321979999542236
vt 0.30066800117492676 0.7443619966506958
vt 0.3006719946861267 0.24741500616073608
vt 0.30074700713157654 0.8992490172386169
vt 0.30083900690078735 0.9789720177650452
vt 0.30083900690078735 0.9900979995727539
vt 0.3012160062789917 0.7483119964599609
vt 0.3020179867744446 0.9864760041236877
vt 0.3022960126399994 0.2232850044965744
vt 0.30249398946762085 0.43069300055503845
vt 0.3040739893913269 0.6775479912757874
vt 0.30410298705101013 0.46625301241874695
vt 0.3041040003299713 0.828482985496521
vt 0.30424800515174866 0.11853200197219849
vt 0.3042599856853485 0.32594698667526245
vt 0.30523499846458435 0.6554700136184692
vt 0.3052870035171509 0.8890299797058105
vt 0.3052870035171509 0.9215559959411621
vt 0.3052870035171509 0.9255059957504272
vt 0.3052870035171509 0.947180986404419
vt 0.3052870035171509 0.9557999968528748
vt 0.30531200766563416 0.2992970049381256
vt 0.3055129945278168 0.7697849869728088
vt 0.3055129945278168 0.7976019978523254
vt 0.3055129945278168 0.8227970004081726
vt 0.30568400025367737 0.5123429894447327
vt 0.3057909905910492 0.5317180156707764
vt 0.30588001012802124 0.5567240118980408
vt 0.30589398741722107 0.1547670066356659
vt 0.3059679865837097 0.9789720177650452
vt 0.3059679865837097 0.9843829870223999
vt 0.3072330057621002 0.4099990129470825
vt 0.30755800008773804 0.2602970004081726
vt 0.3081110119819641 0.43822601437568665
vt 0.3087430000305176 0.3415389955043793
vt 0.3089660108089447 0.18877899646759033
vt 0.3094629943370819 0.7509610056877136
vt 0.3094629943370819 0.818011999130249
vt 0.3094629943370819 0.8361200094223022
vt 0.3094629943370819 0.8671470284461975
vt 0.3094629943370819 0.8822110295295715
vt 0.3094629943370819 0.8928040266036987
vt 0.3094629943370819 0.8967540264129639
vt 0.3094629943370819 0.9138309955596924
vt 0.3094629943370819 0.9177820086479187
vt 0.3094629943370819 0.9389910101890564
vt 0.3094629943370819 0.9512439966201782
vt 0.3094629943370819 0.9717530012130737
vt 0.30966299772262573 0.7104750275611877
vt 0.31017300486564636 0.9821869730949402
vt 0.31023499369621277 0.8729090094566345
vt 0.3104740083217621 0.831076979637146
vt 0.310573011636734 0.30341699719429016
vt 0.3113490045070648 0.757561981678009
vt 0.3115200102329254 0.31290701031684875
vt 0.3116939961910248 0.27359798550605774
vt 0.31189200282096863 0.021006999537348747
vt 0.31211599707603455 0.9630029797554016
vt 0.31251800060272217 0.9343879818916321
vt 0.312593013048172 0.22726500034332275
vt 0.3127169907093048 0.9590529799461365
vt 0.3130359947681427 0.9070810079574585
vt 0.3136869966983795 0.7978820204734802
vt 0.31386798620224 0.5367050170898438
vt 0.3139599859714508 0.5108150243759155
vt 0.3141239881515503 0.9827200174331665
vt 0.3142330050468445 0.3895210027694702
vt 0.31556400656700134 0.9717530012130737
vt 0.3160269856452942 0.9429410099983215
vt 0.3160269856452942 0.9553629755973816
vt 0.3161109983921051 0.07951000332832336
vt 0.3162029981613159 0.27156201004981995
vt 0.3162029981613159 0.34574198722839355
vt 0.3163059949874878 0.820277988910675
vt 0.31641000509262085 0.8710970282554626
vt 0.3164600133895874 0.7374299764633179
vt 0.3165630102157593 0.40859898924827576
vt 0.31690001487731934 0.9339799880981445
vt 0.31720298528671265 0.14807799458503723
vt 0.31731998920440674 0.9789720177650452
vt 0.31731998920440674 0.9856119751930237
vt 0.31809601187705994 0.519212007522583
vt 0.3180980086326599 0.3286449909210205
vt 0.31849101185798645 0.5220879912376404
vt 0.3187679946422577 0.6502360105514526
vt 0.31946301460266113 0.5228040218353271
vt 0.31966298818588257 0.5274580121040344
vt 0.3197839856147766 0.5193549990653992
vt 0.32032498717308044 0.15637999773025513
vt 0.3208500146865845 0.9334040284156799
vt 0.3208500146865845 0.9620869755744934
vt 0.32099398970603943 0.8606879711151123
vt 0.3210670053958893 0.7235749959945679
vt 0.3210670053958893 0.7442790269851685
vt 0.32127100229263306 0.9789720177650452
vt 0.32127100229263306 0.9888179898262024
vt 0.32130900025367737 0.19446499645709991
vt 0.3217410147190094 0.9127669930458069
vt 0.3217479884624481 0.8805519938468933
vt 0.3220610022544861 0.2533220052719116
vt 0.3221459984779358 0.9461020231246948
vt 0.3221780061721802 0.674223005771637
vt 0.32227998971939087 0.5785670280456543
vt 0.32247599959373474 0.8178600072860718
vt 0.3227289915084839 0.9855719804763794
vt 0.3233340084552765 0.7627090215682983
vt 0.3241260051727295 0.6453149914741516
vt 0.3241859972476959 0.9177820086479187
vt 0.3241859972476959 0.9354889988899231
vt 0.32478201389312744 0.7483119964599609
vt 0.32478201389312744 0.8021399974822998
vt 0.32507601380348206 0.849183976650238
vt 0.3255409896373749 0.43085500597953796
vt 0.32563599944114685 0.5689020156860352
vt 0.3260270059108734 0.95005202293396
vt 0.3260270059108734 0.9657890200614929
vt 0.326231986284256 0.6344519853591919
vt 0.3266800045967102 0.9789720177650452
vt 0.3266800045967102 0.9879879951477051
vt 0.3273850083351135 0.5754349827766418
vt 0.32791998982429504 0.662136971950531
vt 0.3279789984226227 0.5437589883804321
vt 0.32823100686073303 0.8590120077133179
vt 0.32823100686073303 0.8907009959220886
vt 0.32823100686073303 0.9140239953994751
vt 0.32823100686073303 0.924036979675293
vt 0.32823100686073303 0.9430710077285767
vt 0.32842400670051575 0.8060899972915649
vt 0.32842400670051575 0.8321700096130371
vt 0.32842400670051575 0.8361200094223022
vt 0.32842400670051575 0.8542420268058777
vt 0.32847198843955994 0.9870839715003967
vt 0.3287450075149536 0.4703429937362671
vt 0.329925000667572 0.7095149755477905
vt 0.3304300010204315 0.9533889889717102
vt 0.33059099316596985 0.5322480201721191
vt 0.33068498969078064 0.5240979790687561
vt 0.3309049904346466 0.5138520002365112
vt 0.3309290111064911 0.7670829892158508
vt 0.33094099164009094 0.5191799998283386
vt 0.33239200711250305 0.41215500235557556
vt 0.33239299058914185 0.85384202003479
vt 0.3324219882488251 0.9789720177650452
vt 0.3324219882488251 0.9845870137214661
vt 0.3327600061893463 0.6096940040588379
vt 0.33288198709487915 0.6347839832305908
vt 0.33344799280166626 0.46572500467300415
vt 0.33525198698043823 0.3292649984359741
vt 0.3354699909687042 0.3115150034427643
vt 0.33575698733329773 0.6120730042457581
vt 0.3359310030937195 0.9290019869804382
vt 0.3359310030937195 0.9470210075378418
vt 0.3359310030937195 0.9638670086860657
vt 0.3359540104866028 0.8946509957313538
vt 0.3359540104866028 0.9200869798660278
vt 0.33614999055862427 0.5484229922294617
vt 0.3362320065498352 0.9830920100212097
vt 0.3362720012664795 0.7885860204696655
vt 0.3366580009460449 0.35568198561668396
vt 0.3372099995613098 0.6492649912834167
vt 0.3372099995613098 0.7081369757652283
vt 0.3372099995613098 0.7519659996032715
vt 0.3372099995613098 0.7925360202789307
vt 0.3372099995613098 0.8550609946250916
vt 0.3372099995613098 0.8660410046577454
vt 0.3375220000743866 0.5404149889945984
vt 0.33756598830223083 0.5135859847068787
vt 0.33795198798179626 0.3932819962501526
vt 0.33896100521087646 0.47286298871040344
vt 0.3391619920730591 0.5645009875297546
vt 0.33959999680519104 0.41665899753570557
vt 0.34018200635910034 0.9801859855651855
vt 0.3407140076160431 0.2754549980163574
vt 0.3409860134124756 0.3565729856491089
vt 0.34109601378440857 0.35100799798965454
vt 0.34115999937057495 0.6512460112571716
vt 0.34115999937057495 0.7181950211524963
vt 0.34115999937057495 0.7258440256118774
vt 0.34115999937057495 0.7677819728851318
vt 0.34115999937057495 0.781050980091095
vt 0.34115999937057495 0.807470977306366
vt 0.34115999937057495 0.8358790278434753
vt 0.34115999937057495 0.8398299813270569
vt 0.34115999937057495 0.8703619837760925
vt 0.34115999937057495 0.874580979347229
vt 0.34115999937057495 0.8992159962654114
vt 0.34115999937057495 0.9046000242233276
vt 0.34115999937057495 0.9230390191078186
vt 0.34115999937057495 0.9421629905700684
vt 0.34115999937057495 0.9548519849777222
vt 0.34115999937057495 0.9666839838027954
vt 0.34145399928092957 0.9738680124282837
vt 0.3416610062122345 0.43869900703430176
vt 0.341838002204895 0.14051899313926697
vt 0.3418779969215393 0.9343510270118713
vt 0.34188899397850037 0.34119099378585815
vt 0.34251800179481506 0.2978909909725189
vt 0.3427790105342865 0.9595770239830017
vt 0.3439840078353882 0.26322001218795776
vt 0.3444409966468811 0.9789720177650452
vt 0.3444409966468811 0.9838610291481018
vt 0.3447650074958801 0.7962290048599243
vt 0.3459089994430542 0.9635279774665833
vt 0.3459089994430542 0.9710239768028259
vt 0.34594300389289856 0.29049399495124817
vt 0.34644100069999695 0.3112350106239319
vt 0.3465690016746521 0.3415609896183014
vt 0.3469479978084564 0.5072929859161377
vt 0.34714099764823914 0.4636549949645996
vt 0.3480150103569031 0.373879998922348
vt 0.34815001487731934 0.8190129995346069
vt 0.34839099645614624 0.9789720177650452
vt 0.34839099645614624 0.9881690144538879
vt 0.34912800788879395 0.9464089870452881
vt 0.34912800788879395 0.9582989811897278
vt 0.3493260145187378 0.8095129728317261
vt 0.3493809998035431 0.3271239995956421
vt 0.3497599959373474 0.9812309741973877
vt 0.34984999895095825 0.367125004529953
vt 0.3500089943408966 0.9170680046081543
vt 0.3501119911670685 0.5632259845733643
vt 0.35030001401901245 0.9269890189170837
vt 0.35030001401901245 0.942458987236023
vt 0.3505820035934448 0.8909180164337158
vt 0.3505989909172058 0.9031659960746765
vt 0.3510099947452545 0.33621498942375183
vt 0.3510900139808655 0.8743119835853577
vt 0.35239100456237793 0.8692589998245239
vt 0.3532019853591919 0.452008992433548
vt 0.35370999574661255 0.9789720177650452
vt 0.35370999574661255 0.9857879877090454
vt 0.3541620075702667 0.3819980025291443
vt 0.3541629910469055 0.4348349869251251
vt 0.35453200340270996 0.5469229817390442
vt 0.3548620045185089 0.5118420124053955
vt 0.3550249934196472 0.49793899059295654
vt 0.35534200072288513 0.4802300035953522
vt 0.3554309904575348 0.7170019745826721
vt 0.35550200939178467 0.899245023727417
vt 0.35550200939178467 0.9159590005874634
vt 0.35550200939178467 0.9272540211677551
vt 0.35550200939178467 0.9530749917030334
vt 0.35550200939178467 0.9570260047912598
vt 0.35550200939178467 0.9676769971847534
vt 0.3556419909000397 0.39511099457740784
vt 0.3557409942150116 0.751800000667572
vt 0.35581299662590027 0.9332159757614136
vt 0.35582900047302246 0.9857680201530457
vt 0.35610198974609375 0.492247998714447
vt 0.3565349876880646 0.46639299392700195
vt 0.3568029999732971 0.7782840132713318
vt 0.35721901059150696 0.36556699872016907
vt 0.35722801089286804 0.6558730006217957
vt 0.3577449917793274 0.8683350086212158
vt 0.3577449917793274 0.8952950239181519
vt 0.3578220009803772 0.8287559747695923
vt 0.358117014169693 0.4130389988422394
vt 0.35883399844169617 0.44374099373817444
vt 0.3590869903564453 0.8809630274772644
vt 0.35917899012565613 0.3534170091152191
vt 0.3594529926776886 0.3858950138092041
vt 0.3597790002822876 0.9789720177650452
vt 0.3597790002822876 0.9848799705505371
vt 0.3598720133304596 0.5726490020751953
vt 0.3598720133304596 0.6397629976272583
vt 0.3599109947681427 0.9297890067100525
vt 0.3600650131702423 0.9412530064582825
vt 0.36033299565315247 0.4703429937362671
vt 0.36033299565315247 0.5486909747123718
vt 0.36033299565315247 0.5614079833030701
vt 0.3603529930114746 0.3781540095806122
vt 0.3605630099773407 0.4015440046787262
vt 0.36077600717544556 0.07488399744033813
vt 0.36123499274253845 0.9246270060539246
vt 0.3614569902420044 0.7818229794502258
vt 0.3616960048675537 0.9199090003967285
vt 0.3617730140686035 0.8392900228500366
vt 0.3622390031814575 0.9626780152320862
vt 0.36232200264930725 0.9809420108795166
vt 0.36254799365997314 0.7684580087661743
vt 0.3629019856452942 0.8996080160140991
vt 0.36340099573135376 0.7724080085754395
vt 0.36340099573135376 0.8035209774971008
vt 0.36443600058555603 0.8735389709472656
vt 0.3644860088825226 0.5526419878005981
vt 0.3644860088825226 0.564316987991333
vt 0.36454498767852783 0.5354049801826477
vt 0.36465901136398315 0.9253029823303223
vt 0.36465901136398315 0.9373030066490173
vt 0.3649359941482544 0.37217599153518677
vt 0.365200012922287 0.9530749917030334
vt 0.36520400643348694 0.6116610169410706
vt 0.36520400643348694 0.6440399885177612
vt 0.3662720024585724 0.985044002532959
vt 0.3663020133972168 0.8479130268096924
vt 0.3665179908275604 0.12806899845600128
vt 0.3666749894618988 0.9789720177650452
vt 0.3674060106277466 0.807470977306366
vt 0.3674060106277466 0.8643850088119507
vt 0.3674060106277466 0.8890349864959717
vt 0.3674060106277466 0.9110469818115234
vt 0.3679969906806946 0.2533850073814392
vt 0.3682189881801605 0.7364370226860046
vt 0.36841198801994324 0.753849983215332
vt 0.36843299865722656 0.985044002532959
vt 0.36849498748779297 0.4703429937362671
vt 0.36849498748779297 0.5784860253334045
vt 0.368696004152298 0.5018270015716553
vt 0.36910000443458557 0.1942719966173172
vt 0.3694390058517456 0.44466501474380493
vt 0.3703100085258484 0.1852709949016571
vt 0.371196985244751 0.2746970057487488
vt 0.37125301361083984 0.9557420015335083
vt 0.37186199426651 0.7179139852523804
vt 0.3720259964466095 0.6541500091552734
vt 0.37203699350357056 0.4315600097179413
vt 0.3723619878292084 0.7258440256118774
vt 0.3723619878292084 0.7910640239715576
vt 0.3723619878292084 0.7950140237808228
vt 0.3723619878292084 0.8295530080795288
vt 0.3723619878292084 0.8335040211677551
vt 0.3723619878292084 0.8621960282325745
vt 0.3723619878292084 0.8848549723625183
vt 0.3723619878292084 0.9074519872665405
vt 0.3723619878292084 0.913195013999939
vt 0.3723619878292084 0.9281229972839355
vt 0.3723619878292084 0.9406129717826843
vt 0.3723829984664917 0.9789720177650452
vt 0.3723829984664917 0.9853389859199524
vt 0.37274399399757385 0.23800699412822723
vt 0.37331199645996094 0.6067579984664917
vt 0.3740859925746918 0.38223499059677124
vt 0.37418800592422485 0.1547739952802658
vt 0.37429100275039673 0.9804289937019348
vt 0.37460601329803467 0.6492649912834167
vt 0.3747420012950897 0.27969300746917725
vt 0.37500500679016113 0.7218940258026123
vt 0.37580499053001404 0.6447960138320923
vt 0.37593701481819153 0.7144529819488525
vt 0.3769089877605438 0.633059024810791
vt 0.3771730065345764 0.47571998834609985
vt 0.3777349889278412 0.021393999457359314
vt 0.37824198603630066 0.9808760285377502
vt 0.37846601009368896 0.4270789921283722
vt 0.3791530132293701 0.8040609955787659
vt 0.3796600103378296 0.5382350087165833
vt 0.37968000769615173 0.9320729970932007
vt 0.37968000769615173 0.9498140215873718
vt 0.37968000769615173 0.9537649750709534
vt 0.37968000769615173 0.9638320207595825
vt 0.3797590136528015 0.48687100410461426
vt 0.38023999333381653 0.6925640106201172
vt 0.38023999333381653 0.7217389941215515
vt 0.380499005317688 0.6077110171318054
vt 0.380515992641449 0.9789720177650452
vt 0.380515992641449 0.9843490123748779
vt 0.38085898756980896 0.6747879981994629
vt 0.38116100430488586 0.1520490050315857
vt 0.3813129961490631 0.727603018283844
vt 0.3817000091075897 0.9273099899291992
vt 0.3820919990539551 0.6886129975318909
vt 0.38335099816322327 0.8582460284233093
vt 0.38347598910331726 0.8888059854507446
vt 0.38347598910331726 0.9092450141906738
vt 0.38363000750541687 0.9475190043449402
vt 0.38363000750541687 0.964555025100708
vt 0.38364899158477783 0.18897700309753418
vt 0.38390499353408813 0.9190710186958313
vt 0.38398298621177673 0.2750900089740753
vt 0.3842949867248535 0.9320729970932007
vt 0.3844659924507141 0.9824000000953674
vt 0.3855249881744385 0.9789720177650452
vt 0.3855249881744385 0.9836419820785522
vt 0.38579100370407104 0.871508002281189
vt 0.3858090043067932 0.13617700338363647
vt 0.3863990008831024 0.24199900031089783
vt 0.38665300607681274 0.7873409986495972
vt 0.38701701164245605 0.7967079877853394
vt 0.38704898953437805 0.9597859978675842
vt 0.38704898953437805 0.9730910062789917
vt 0.38705000281333923 0.9437180161476135
vt 0.38705000281333923 0.9558349847793579
vt 0.3873499929904938 0.3744310140609741
vt 0.38782998919487 0.8335040211677551
vt 0.3879239857196808 0.6116610169410706
vt 0.3885360062122345 0.8214049935340881
vt 0.3897559940814972 0.3846850097179413
vt 0.3897559940814972 0.44761401414871216
vt 0.3897559940814972 0.4917390048503876
vt 0.3897559940814972 0.6444690227508545
vt 0.3897559940814972 0.684561014175415
vt 0.3897559940814972 0.7146350145339966
vt 0.3910360038280487 0.07105699926614761
vt 0.39111799001693726 0.8896329998970032
vt 0.39111799001693726 0.9080460071563721
vt 0.39111799001693726 0.9119960069656372
vt 0.39111799001693726 0.9267759919166565
vt 0.39111799001693726 0.9307259917259216
vt 0.39111799001693726 0.9494479894638062
vt 0.39111799001693726 0.9533979892730713
vt 0.39111799001693726 0.9673439860343933
vt 0.39362600445747375 0.011735999956727028
vt 0.39362600445747375 0.12989099323749542
vt 0.39370599389076233 0.41442298889160156
vt 0.39370599389076233 0.5465229749679565
vt 0.39370599389076233 0.5826640129089355
vt 0.39370599389076233 0.6563420295715332
vt 0.39370599389076233 0.7034969925880432
vt 0.39370599389076233 0.7670109868049622
vt 0.39370599389076233 0.7917439937591553
vt 0.39370599389076233 0.8275390267372131
vt 0.39370599389076233 0.8664000034332275
vt 0.39381399750709534 0.5781880021095276
vt 0.39502501487731934 0.6490970253944397
vt 0.3951199948787689 0.68641197681427
vt 0.3952549993991852 0.5649240016937256
vt 0.39580100774765015 0.8804969787597656
vt 0.39609599113464355 0.8038269877433777
vt 0.3968049883842468 0.532397985458374
vt 0.39697501063346863 0.9571070075035095
vt 0.397134006023407 0.8206210136413574
vt 0.3975769877433777 0.13603200018405914
vt 0.39806801080703735 0.9398580193519592
vt 0.39868301153182983 0.11134500056505203
vt 0.3994770050048828 0.34558799862861633
vt 0.39958301186561584 0.30135899782180786
vt 0.39988601207733154 0.40072399377822876
vt 0.40000200271606445 0.32331401109695435
vt 0.400067001581192 0.14807799458503723
vt 0.400409996509552 0.6969900131225586
vt 0.4013510048389435 0.823589026927948
vt 0.401762992143631 0.9237859845161438
vt 0.4020180106163025 0.9335929751396179
vt 0.4020180106163025 0.9477890133857727
vt 0.4020180106163025 0.963001012802124
vt 0.40247100591659546 0.5746970176696777
vt 0.40315699577331543 0.9195299744606018
vt 0.40323999524116516 0.8541709780693054
vt 0.40323999524116516 0.885683000087738
vt 0.40323999524116516 0.9076610207557678
vt 0.40431299805641174 0.7959250211715698
vt 0.40443700551986694 0.8502209782600403
vt 0.4044710099697113 0.6867390275001526
vt 0.40502598881721497 0.74931401014328
vt 0.40513598918914795 0.5204839706420898
vt 0.40522000193595886 0.9517390131950378
vt 0.4058530032634735 0.3304949998855591
vt 0.4071899950504303 0.8700739741325378
vt 0.4071899950504303 0.8901810050010681
vt 0.4071899950504303 0.8941320180892944
vt 0.4071899950504303 0.9261850118637085
vt 0.40721699595451355 0.7135260105133057
vt 0.40730100870132446 0.7233759760856628
vt 0.4074699878692627 0.8332700133323669
vt 0.4075849950313568 0.415785014629364
vt 0.4077480137348175 0.819100022315979
vt 0.4078480005264282 0.575967013835907
vt 0.4078589975833893 0.37400200963020325
vt 0.4079880118370056 0.6943449974060059
vt 0.4081850051879883 0.8760740160942078
vt 0.40842899680137634 0.1289130002260208
vt 0.40904700756073 0.5296059846878052
vt 0.40920698642730713 0.5950109958648682
vt 0.40932199358940125 0.8393399715423584
vt 0.4096849858760834 0.9463520050048828
vt 0.40970098972320557 0.6870030164718628
vt 0.40976598858833313 0.30111199617385864
vt 0.40978801250457764 0.9307259917259216
vt 0.40982499718666077 0.5155370235443115
vt 0.4099929928779602 0.6736609935760498
vt 0.41007301211357117 0.5670729875564575
vt 0.41018301248550415 0.963001012802124
vt 0.4106540083885193 0.8541709780693054
vt 0.4107699990272522 0.9129300117492676
vt 0.41084200143814087 0.8275390267372131
vt 0.4110879898071289 0.27492499351501465
vt 0.41178399324417114 0.7522850036621094
vt 0.41231998801231384 0.5787140130996704
vt 0.412447988986969 0.7917439937591553
vt 0.41337698698043823 0.28251901268959045
vt 0.41358399391174316 0.880092978477478
vt 0.41364601254463196 0.5204910039901733
vt 0.41372498869895935 0.7363200187683105
vt 0.41372498869895935 0.787792980670929
vt 0.4140639901161194 0.3612929880619049
vt 0.41477400064468384 0.9048799872398376
vt 0.41477400064468384 0.9148640036582947
vt 0.41477400064468384 0.919293999671936
vt 0.41477400064468384 0.9358289837837219
vt 0.41477400064468384 0.9489070177078247
vt 0.41477400064468384 0.9587820172309875
vt 0.41482800245285034 0.3095729947090149
vt 0.4149799942970276 0.37591099739074707
vt 0.4152980148792267 0.6692540049552917
vt 0.4153110086917877 0.406264990568161
vt 0.4154540002346039 0.6840440034866333
vt 0.41575199365615845 0.2939409911632538
vt 0.41715601086616516 0.968520998954773
vt 0.41736900806427 0.5367609858512878
vt 0.4176749885082245 0.7651309967041016
vt 0.4176749885082245 0.8188570141792297
vt 0.4176749885082245 0.8276979923248291
vt 0.4176749885082245 0.8734580278396606
vt 0.41803398728370667 0.7689319849014282
vt 0.4186370074748993 0.09640800207853317
vt 0.4189560115337372 0.8980180025100708
vt 0.41910800337791443 0.49921101331710815
vt 0.4196000099182129 0.5280960202217102
vt 0.41970300674438477 0.14807799458503723
vt 0.41970300674438477 0.286406010389328
vt 0.4198780059814453 0.2424120008945465
vt 0.4199509918689728 0.9621520042419434
vt 0.42000898718833923 0.8118209838867188
vt 0.42160600423812866 0.9587820172309875
vt 0.42161598801612854 0.9331579804420471
vt 0.42168399691581726 0.28908300399780273
vt 0.4218809902667999 0.576134979724884
vt 0.4223079979419708 0.9397799968719482
vt 0.4223079979419708 0.9548320174217224
vt 0.4223969876766205 0.13224999606609344
vt 0.42262300848960876 0.7132019996643066
vt 0.42327699065208435 0.6597800254821777
vt 0.42343100905418396 0.7840830087661743
vt 0.42345601320266724 0.7909219861030579
vt 0.42428499460220337 0.06390500068664551
vt 0.4243910014629364 0.5347809791564941
vt 0.4244590103626251 0.4112339913845062
vt 0.42467400431632996 0.9290580153465271
vt 0.42569699883461 0.09882400184869766
vt 0.4258730113506317 0.6876720190048218
vt 0.4258730113506317 0.7323700189590454
vt 0.4264039993286133 0.9094280004501343
vt 0.4265170097351074 0.8646910190582275
vt 0.4265170097351074 0.8940680027008057
vt 0.4265170097351074 0.9153439998626709
vt 0.4272249937057495 0.3655819892883301
vt 0.4277290105819702 0.20231099426746368
vt 0.42809000611305237 0.9471679925918579
vt 0.42809000611305237 0.9617570042610168
vt 0.4281019866466522 0.2764579951763153
vt 0.42816799879074097 0.8228070139884949
vt 0.42816799879074097 0.8607410192489624
vt 0.4283809959888458 0.8169869780540466
vt 0.4286389946937561 0.9203680157661438
vt 0.4286389946937561 0.9432179927825928
vt 0.429080992937088 0.7680990099906921
vt 0.4296390116214752 0.7615730166435242
vt 0.4298050105571747 0.32794898748397827
vt 0.42982399463653564 0.6736609935760498
vt 0.42982399463653564 0.7267320156097412
vt 0.43000099062919617 0.6031709909439087
vt 0.430186003446579 0.6597279906272888
vt 0.43035298585891724 0.10072500258684158
vt 0.43046998977661133 0.9126020073890686
vt 0.4305959939956665 0.684345006942749
vt 0.4306899905204773 0.6697099804878235
vt 0.4315730035305023 0.7101280093193054
vt 0.43166300654411316 0.8133950233459473
vt 0.4321179986000061 0.8589149713516235
vt 0.4326460063457489 0.6551820039749146
vt 0.4328790009021759 0.43177399039268494
vt 0.4334369897842407 0.10965900123119354
vt 0.43378201127052307 0.08936899900436401
vt 0.43419700860977173 0.41907501220703125
vt 0.4347139894962311 0.8785730004310608
vt 0.4347139894962311 0.9164170026779175
vt 0.4347139894962311 0.9311360120773315
vt 0.4347139894962311 0.9532690048217773
vt 0.43504399061203003 0.35140201449394226
vt 0.4352700114250183 0.7880340218544006
vt 0.4354580044746399 0.5864369869232178
vt 0.43553000688552856 0.573049008846283
vt 0.43662598729133606 0.5358920097351074
vt 0.4370119869709015 0.6791020035743713
vt 0.43706899881362915 0.6566370129585266
vt 0.43744900822639465 0.7730919718742371
vt 0.43767601251602173 0.7363200187683105
vt 0.43767601251602173 0.761102020740509
vt 0.4377860128879547 0.8188570141792297
vt 0.43783101439476013 0.703652024269104
vt 0.43796899914741516 0.8228070139884949
vt 0.43796899914741516 0.8704010248184204
vt 0.43827998638153076 0.6030719876289368
vt 0.4383839964866638 0.22851000726222992
vt 0.43843701481819153 0.0842989981174469
vt 0.4385879933834076 0.07404100149869919
vt 0.4386639893054962 0.8791620135307312
vt 0.4386639893054962 0.8986989855766296
vt 0.4386639893054962 0.9144089818000793
vt 0.4386639893054962 0.9259269833564758
vt 0.4386639893054962 0.9444540143013
vt 0.4386639893054962 0.9484050273895264
vt 0.4386639893054962 0.9637290239334106
vt 0.43877100944519043 0.08197099715471268
vt 0.439067006111145 0.09837900102138519
vt 0.43909600377082825 0.3002369999885559
vt 0.4409489929676056 0.9026489853858948
vt 0.44123899936676025 0.1544879972934723
vt 0.4414690136909485 0.1219479963183403
vt 0.4422299861907959 0.5984489917755127
vt 0.4422299861907959 0.6746860146522522
vt 0.4422299861907959 0.6786360144615173
vt 0.4422299861907959 0.7391149997711182
vt 0.4422299861907959 0.7919229865074158
vt 0.4422299861907959 0.8118699789047241
vt 0.4422309994697571 0.8378279805183411
vt 0.44286298751831055 0.10846299678087234
vt 0.4436430037021637 0.7558580040931702
vt 0.4442040026187897 0.07062599807977676
vt 0.4445900022983551 0.5760409832000732
vt 0.444813996553421 0.9554150104522705
vt 0.4459669888019562 0.07843299955129623
vt 0.4460979998111725 0.9422640204429626
vt 0.4462589919567108 0.8453999757766724
vt 0.4463770091533661 0.9327219724655151
vt 0.4469990134239197 0.05453399941325188
vt 0.4471740126609802 0.7763460278511047
vt 0.4485059976577759 0.7313219904899597
vt 0.4485900104045868 0.8884310126304626
vt 0.4486599862575531 0.9071850180625916
vt 0.4486599862575531 0.9219769835472107
vt 0.4492250084877014 0.7547839879989624
vt 0.44972100853919983 0.5632129907608032
vt 0.4499270021915436 0.5322790145874023
vt 0.4500330090522766 0.6152939796447754
vt 0.45038101077079773 0.6744970083236694
vt 0.4504149854183197 0.33809900283813477
vt 0.4505769908428192 0.8315529823303223
vt 0.4508660137653351 0.8355029821395874
vt 0.4508660137653351 0.8746230006217957
vt 0.4508660137653351 0.878574013710022
vt 0.4511919915676117 0.6812090277671814
vt 0.45120498538017273 0.9348490238189697
vt 0.45120498538017273 0.9536529779434204
vt 0.45120498538017273 0.9581869840621948
vt 0.4515250027179718 0.5919809937477112
vt 0.4519380033016205 0.4229699969291687
vt 0.45249199867248535 0.36154499650001526
vt 0.4524970054626465 0.6045609712600708
vt 0.45260998606681824 0.9308980107307434
vt 0.4538629949092865 0.06879299879074097
vt 0.4540190100669861 0.11099600046873093
vt 0.454120010137558 0.5370219945907593
vt 0.4541440010070801 0.034085001796483994
vt 0.45432499051094055 0.9026489853858948
vt 0.45442599058151245 0.10831400007009506
vt 0.4548160135746002 0.8395050168037415
vt 0.45570701360702515 0.7351639866828918
vt 0.4558959901332855 0.5542340278625488
vt 0.45674198865890503 0.9576029777526855
vt 0.45674198865890503 0.9693149924278259
vt 0.45697298645973206 0.595736026763916
vt 0.4571259915828705 0.7958729863166809
vt 0.4571259915828705 0.8205869793891907
vt 0.45725199580192566 0.1595660001039505
vt 0.45743298530578613 0.9308980107307434
vt 0.45743298530578613 0.9489269852638245
vt 0.4578790068626404 0.15192300081253052
vt 0.45788800716400146 0.4129970073699951
vt 0.45791900157928467 0.3671790063381195
vt 0.4581339955329895 0.10191400349140167
vt 0.4582130014896393 0.8355029821395874
vt 0.4582130014896393 0.8898839950561523
vt 0.4588850140571594 0.5502570271492004
vt 0.45917999744415283 0.06341200321912766
vt 0.45931801199913025 0.7894499897956848
vt 0.45932599902153015 0.6143609881401062
vt 0.4594089984893799 0.39639899134635925
vt 0.4597319960594177 0.5757650136947632
vt 0.45999398827552795 0.5251989960670471
vt 0.4602169990539551 0.36777499318122864
vt 0.4603860080242157 0.33207398653030396
vt 0.46053099632263184 0.09906099736690521
vt 0.46139898896217346 0.9167709946632385
vt 0.46139898896217346 0.9424989819526672
vt 0.46139898896217346 0.9493399858474731
vt 0.46139898896217346 0.9646790027618408
vt 0.46139898896217346 0.9742259979248047
vt 0.46218499541282654 0.4280160069465637
vt 0.46222200989723206 0.3942829966545105
vt 0.46289798617362976 0.15207800269126892
vt 0.4632680118083954 0.7391149997711182
vt 0.4632680118083954 0.8005710244178772
vt 0.4632680118083954 0.8059049844741821
vt 0.4632680118083954 0.8426499962806702
vt 0.4632680118083954 0.8465999960899353
vt 0.4632680118083954 0.8712220191955566
vt 0.4632680118083954 0.9001219868659973
vt 0.46336600184440613 0.3589470088481903
vt 0.4634459912776947 0.749468982219696
vt 0.46369099617004395 0.41562899947166443
vt 0.46370598673820496 0.09577400237321854
vt 0.4639979898929596 0.7770349979400635
vt 0.46453800797462463 0.9592679738998413
vt 0.4652070105075836 0.92256098985672
vt 0.4656650125980377 0.5826640129089355
vt 0.4660409986972809 0.0477290004491806
vt 0.4660939872264862 0.5707690119743347
vt 0.46611401438713074 0.9691720008850098
vt 0.46698498725891113 0.8788269758224487
vt 0.4671669900417328 0.5012819766998291
vt 0.46839800477027893 0.4797370135784149
vt 0.4684770107269287 0.8598459959030151
vt 0.4685479998588562 0.4476439952850342
vt 0.4686239957809448 0.9464489817619324
vt 0.4686239957809448 0.9607290029525757
vt 0.468735009431839 0.9424989819526672
vt 0.46923699975013733 0.35697901248931885
vt 0.4692699909210205 0.8699569702148438
vt 0.4694019854068756 0.5212439894676208
vt 0.4700480103492737 0.37280699610710144
vt 0.47064900398254395 0.6285820007324219
vt 0.4707069993019104 0.4290130138397217
vt 0.4709849953651428 0.8710619807243347
vt 0.47100698947906494 0.3069249987602234
vt 0.47112399339675903 0.7943789958953857
vt 0.47172701358795166 0.40561699867248535
vt 0.4719280004501343 0.8210449814796448
vt 0.4726850092411041 0.9346550107002258
vt 0.4726850092411041 0.9518880248069763
vt 0.4726850092411041 0.9688400030136108
vt 0.4727180004119873 0.8045219779014587
vt 0.47291100025177 0.5609740018844604
vt 0.47361698746681213 0.8422600030899048
vt 0.4737110137939453 0.8552470207214355
vt 0.4740549921989441 0.36294400691986084
vt 0.4742850065231323 0.12107300013303757
vt 0.4743939936161041 0.42219701409339905
vt 0.47445499897003174 0.7449880242347717
vt 0.4745100140571594 0.06387700140476227
vt 0.474698007106781 0.9001219868659973
vt 0.474698007106781 0.9040719866752625
vt 0.474698007106781 0.9186109900474548
vt 0.4747230112552643 0.8748769760131836
vt 0.47473299503326416 0.5417029857635498
vt 0.4748930037021637 0.03335700184106827
vt 0.4754430055618286 0.8075990080833435
vt 0.47556498646736145 0.9642279744148254
vt 0.47556599974632263 0.9225620031356812
vt 0.47556599974632263 0.9479380249977112
vt 0.475585013628006 0.6786360144615173
vt 0.4761349856853485 0.4145750105381012
vt 0.47646498680114746 0.0671980008482933
vt 0.47674301266670227 0.4515950083732605
vt 0.47674301266670227 0.5268769860267639
vt 0.4777489900588989 0.2978909909725189
vt 0.4777739942073822 0.21113400161266327
vt 0.47782400250434875 0.3697200119495392
vt 0.47831499576568604 0.06789100170135498
vt 0.4795359969139099 0.7532719969749451
vt 0.4795359969139099 0.7917760014533997
vt 0.4795359969139099 0.8348619937896729
vt 0.4795359969139099 0.8635290265083313
vt 0.4795359969139099 0.8925319910049438
vt 0.4795359969139099 0.9010419845581055
vt 0.4795359969139099 0.914667010307312
vt 0.4795359969139099 0.9186170101165771
vt 0.4795359969139099 0.9374499917030334
vt 0.4795359969139099 0.9414010047912598
vt 0.4795359969139099 0.9568849802017212
vt 0.4795359969139099 0.9667119979858398
vt 0.4795370101928711 0.7058979868888855
vt 0.4800510108470917 0.051350999623537064
vt 0.4806930124759674 0.4671249985694885
vt 0.4806930124759674 0.5503299832344055
vt 0.4806930124759674 0.5635709762573242
vt 0.4810029864311218 0.021703999489545822
vt 0.48127999901771545 0.8736569881439209
vt 0.4813399910926819 0.42424601316452026
vt 0.48171699047088623 0.6951320171356201
vt 0.48186999559402466 0.4077169895172119
vt 0.48188599944114685 0.6203209757804871
vt 0.48208001255989075 0.5139579772949219
vt 0.48220598697662354 0.5542799830436707
vt 0.48220598697662354 0.5773929953575134
vt 0.4826360046863556 0.765155017375946
vt 0.48378100991249084 0.8372049927711487
vt 0.48391199111938477 0.3612470030784607
vt 0.4843760132789612 0.952934980392456
vt 0.48482000827789307 0.27373799681663513
vt 0.48563501238822937 0.05890500172972679
vt 0.4857519865036011 0.5188500285148621
vt 0.485835999250412 0.6721389889717102
vt 0.4862929880619049 0.5650910139083862
vt 0.48695099353790283 0.6786360144615173
vt 0.4869680106639862 0.9601690173149109
vt 0.4873870015144348 0.0019749999046325684
vt 0.4874419867992401 0.4515950083732605
vt 0.487529993057251 0.3125300109386444
vt 0.4875729978084564 0.9520120024681091
vt 0.4875999987125397 0.9115419983863831
vt 0.48785001039505005 0.896481990814209
vt 0.4880070090293884 0.028721999377012253
vt 0.48812299966812134 0.9275509715080261
vt 0.48875799775123596 0.87922602891922
vt 0.4890129864215851 0.7119079828262329
vt 0.48944398760795593 0.9414010047912598
vt 0.49016499519348145 0.8353229761123657
vt 0.49018698930740356 0.516776978969574
vt 0.4903140068054199 0.7467380166053772
vt 0.4903140068054199 0.7742689847946167
vt 0.4905009865760803 0.5447059869766235
vt 0.4905009865760803 0.5542799830436707
vt 0.4905009865760803 0.6301440000534058
vt 0.4907270073890686 0.826587975025177
vt 0.4907270073890686 0.8595790266990662
vt 0.4910869896411896 0.7782189846038818
vt 0.4910869896411896 0.8226370215415955
vt 0.4910989999771118 0.9001860022544861
vt 0.49133700132369995 0.6344810128211975
vt 0.49133700132369995 0.6746860146522522
vt 0.49138200283050537 0.30557599663734436
vt 0.49138200283050537 0.4145349860191345
vt 0.4930729866027832 0.04050999879837036
vt 0.4935869872570038 0.008104999549686909
vt 0.4953320026397705 0.3058280050754547
vt 0.4953320026397705 0.43139201402664185
vt 0.4953320026397705 0.4528709948062897
vt 0.4953320026397705 0.5717250108718872
vt 0.4953320026397705 0.5837389826774597
vt 0.4953320026397705 0.727957010269165
vt 0.4953320026397705 0.7429670095443726
vt 0.4953320026397705 0.765936017036438
vt 0.4953320026397705 0.7855929732322693
vt 0.4953320026397705 0.7895439863204956
vt 0.4953320026397705 0.8213220238685608
vt 0.4953320026397705 0.8432250022888184
vt 0.4953320026397705 0.8814200162887573
vt 0.4953320026397705 0.8884450197219849
vt 0.4953320026397705 0.90973299741745
vt 0.4953320026397705 0.9296039938926697
vt 0.4953320026397705 0.9418910145759583
vt 0.4953320026397705 0.9599289894104004
vt 0.49576300382614136 0.03232799842953682
vt 0.49576300382614136 0.11786200106143951
vt 0.4962890148162842 0.6926310062408447
vt 0.4994890093803406 0.9023069739341736
vt 0.4997130036354065 0.08443400263786316
vt 0.4997130036354065 0.11676999926567078
vt 0.5001739859580994 0.9577710032463074
vt 0.500760018825531 0.7977780103683472
vt 0.5011320114135742 0.6243879795074463
vt 0.501384973526001 0.8737879991531372
vt 0.5017769932746887 0.7647280097007751
vt 0.5019350051879883 0.7783169746398926
vt 0.5025370121002197 0.06447300314903259
vt 0.5026819705963135 0.6582090258598328
vt 0.5029630064964294 0.5043879747390747
vt 0.5034000277519226 0.10998799651861191
vt 0.503607988357544 0.15482699871063232
vt 0.5036960244178772 0.9527720212936401
vt 0.5036960244178772 0.9630839824676514
vt 0.5037130117416382 0.6089509725570679
vt 0.503715991973877 0.9335539937019348
vt 0.503715991973877 0.948822021484375
vt 0.5039520263671875 0.5696669816970825
vt 0.5041840076446533 0.9197180271148682
vt 0.504190981388092 0.3041819930076599
vt 0.5042290091514587 0.6455280184745789
vt 0.5045409798622131 0.46136799454689026
vt 0.5048090219497681 0.14011800289154053
vt 0.5056040287017822 0.2903839945793152
vt 0.5056040287017822 0.2978909909725189
vt 0.5057860016822815 0.7514200210571289
vt 0.5065299868583679 0.7813460230827332
vt 0.5065490007400513 0.4574599862098694
vt 0.5066360235214233 0.7696700096130371
vt 0.5067020058631897 0.8252729773521423
vt 0.5067020058631897 0.8603330254554749
vt 0.5067539811134338 0.8853700160980225
vt 0.5067539811134338 0.9057829976081848
vt 0.5084109902381897 0.6646609902381897
vt 0.5088359713554382 0.1242619976401329
vt 0.5089520215988159 0.22035899758338928
vt 0.5103710293769836 0.6099500060081482
vt 0.5106520056724548 0.8252729773521423
vt 0.5106520056724548 0.8525789976119995
vt 0.5107510089874268 0.7699400186538696
vt 0.5108979940414429 0.9053530097007751
vt 0.5108979940414429 0.9296249747276306
vt 0.5108979940414429 0.9473530054092407
vt 0.5108979940414429 0.9586809873580933
vt 0.5108979940414429 0.9725369811058044
vt 0.5109490156173706 0.9659860134124756
vt 0.5111680030822754 0.5166339874267578
vt 0.5118240118026733 0.5420969724655151
vt 0.5118439793586731 0.28521299362182617
vt 0.5122479796409607 0.86428302526474
vt 0.5122479796409607 0.8812680244445801
vt 0.5127549767494202 0.7769989967346191
vt 0.5128099918365479 0.7605410218238831
vt 0.5133640170097351 0.6839039921760559
vt 0.5135239958763123 0.06069499999284744
vt 0.5135340094566345 0.10606800019741058
vt 0.5136150121688843 0.7413020133972168
vt 0.5136989951133728 0.4672439992427826
vt 0.5144590139389038 0.4623720049858093
vt 0.5144680142402649 0.5762810111045837
vt 0.5147809982299805 0.8012740015983582
vt 0.5155310034751892 0.4869369864463806
vt 0.5156700015068054 0.0802450031042099
vt 0.5157949924468994 0.1578660011291504
vt 0.5157949924468994 0.2730810046195984
vt 0.5158029794692993 0.09125500172376633
vt 0.515824019908905 0.17698800563812256
vt 0.5159509778022766 0.34095099568367004
vt 0.516198992729187 0.86428302526474
vt 0.516198992729187 0.8997380137443542
vt 0.5164350271224976 0.9626309871673584
vt 0.5164350271224976 0.9699379801750183
vt 0.5166149735450745 0.11676999926567078
vt 0.5169000029563904 0.14807799458503723
vt 0.5176709890365601 0.859341025352478
vt 0.5179659724235535 0.7517449855804443
vt 0.5184490084648132 0.9242460131645203
vt 0.5184490084648132 0.9434030055999756
vt 0.5184580087661743 0.7647410035133362
vt 0.5187320113182068 0.7895439863204956
vt 0.5187320113182068 0.8166689872741699
vt 0.5195850133895874 0.896399974822998
vt 0.5195990204811096 0.14281299710273743
vt 0.5200380086898804 0.9535880088806152
vt 0.5201410055160522 0.7474700212478638
vt 0.5209649801254272 0.2553919851779938
vt 0.5213660001754761 0.5041130185127258
vt 0.5216349959373474 0.8457589745521545
vt 0.5218070149421692 0.27407100796699524
vt 0.5219590067863464 0.28990301489830017
vt 0.5224040150642395 0.8103960156440735
vt 0.5225290060043335 0.8653200268745422
vt 0.5225290060043335 0.9036890268325806
vt 0.5225290060043335 0.9202960133552551
vt 0.5225790143013 0.7357550263404846
vt 0.522707998752594 0.1635179966688156
vt 0.524590015411377 0.1250150054693222
vt 0.5249760150909424 0.10826600342988968
vt 0.5250800251960754 0.34483999013900757
vt 0.525143027305603 0.9472630023956299
vt 0.525143027305603 0.9575579762458801
vt 0.525143027305603 0.9615089893341064
vt 0.525143027305603 0.973173975944519
vt 0.5252159833908081 0.06635600328445435
vt 0.5253530144691467 0.0019749999046325684
vt 0.5255789756774902 0.5193790197372437
vt 0.5260270237922668 0.486285001039505
vt 0.5263559818267822 0.08588799834251404
vt 0.5265290141105652 0.6646609902381897
vt 0.5265290141105652 0.7419679760932922
vt 0.5265290141105652 0.75621098279953
vt 0.5265290141105652 0.7911339998245239
vt 0.5265290141105652 0.7950839996337891
vt 0.5265290141105652 0.8081250190734863
vt 0.5265290141105652 0.825203001499176
vt 0.5265290141105652 0.8534650206565857
vt 0.5265290141105652 0.8836759924888611
vt 0.5265290141105652 0.9019700288772583
vt 0.5265290141105652 0.9220979809761047
vt 0.5265290141105652 0.9260479807853699
vt 0.5265290141105652 0.9430660009384155
vt 0.5269020199775696 0.08674599975347519
vt 0.5269659757614136 0.8477470278739929
vt 0.5274509787559509 0.26597800850868225
vt 0.5277270078659058 0.2938239872455597
vt 0.52777498960495 0.8709949851036072
vt 0.5278970003128052 0.07349199801683426
vt 0.528069019317627 0.06919299811124802
vt 0.5284460186958313 0.2424820065498352
vt 0.5285400152206421 0.1437000036239624
vt 0.5285490155220032 0.25321999192237854
vt 0.5289180278778076 0.42971301078796387
vt 0.5289300084114075 0.9059200286865234
vt 0.5290709733963013 0.17296099662780762
vt 0.5295779705047607 0.09171699732542038
vt 0.5295860171318054 0.2631259858608246
vt 0.5298500061035156 0.6925410032272339
vt 0.530010998249054 0.9714760184288025
vt 0.5304380059242249 0.5006120204925537
vt 0.5306620001792908 0.4185140132904053
vt 0.5307499766349792 0.24796099960803986
vt 0.5310249924659729 0.7451800107955933
vt 0.5311650037765503 0.5269200205802917
vt 0.5312849879264832 0.27351099252700806
vt 0.5314679741859436 0.8212519884109497
vt 0.5317280292510986 0.27447500824928284
vt 0.5319370031356812 0.07605600357055664
vt 0.5320969820022583 0.8044139742851257
vt 0.5322489738464355 0.9010319709777832
vt 0.5323230028152466 0.955528974533081
vt 0.5324050188064575 0.5131409764289856
vt 0.5332850217819214 0.11676999926567078
vt 0.5340819954872131 0.28373900055885315
vt 0.5343700051307678 0.26295000314712524
vt 0.535057008266449 0.9281319975852966
vt 0.535057008266449 0.9470170140266418
vt 0.53507399559021 0.6759290099143982
vt 0.5354099869728088 0.14843299984931946
vt 0.5357720255851746 0.08870399743318558
vt 0.5358070135116577 0.38388699293136597
vt 0.5358660221099854 0.48131701350212097
vt 0.536067008972168 0.5756750106811523
vt 0.5362809896469116 0.9132069945335388
vt 0.5364570021629333 0.1742119938135147
vt 0.5367259979248047 0.7982239723205566
vt 0.5377990007400513 0.9063670039176941
vt 0.5382680296897888 0.9220979809761047
vt 0.5384020209312439 0.12530900537967682
vt 0.5384179949760437 0.8821790218353271
vt 0.5385810136795044 0.4988020062446594
vt 0.5389819741249084 0.1869799941778183
vt 0.5390070080757141 0.9315710067749023
vt 0.5390070080757141 0.9446420073509216
vt 0.5390070080757141 0.9594650268554688
vt 0.5390070080757141 0.9711999893188477
vt 0.5394480228424072 0.2809169888496399
vt 0.5395129919052124 0.8557249903678894
vt 0.5395129919052124 0.878229022026062
vt 0.5395910143852234 0.6007750034332275
vt 0.540107011795044 0.5830270051956177
vt 0.5404459834098816 0.1645369976758957
vt 0.5404629707336426 0.8130149841308594
vt 0.5407389998435974 0.172542005777359
vt 0.5416730046272278 0.2711249887943268
vt 0.5425300002098083 0.9101049900054932
vt 0.5427129864692688 0.8064619898796082
vt 0.5430480241775513 0.7491300106048584
vt 0.5433700084686279 0.6724680066108704
vt 0.5434640049934387 0.860372006893158
vt 0.543533980846405 0.6607109904289246
vt 0.5435590147972107 0.2477779984474182
vt 0.5438870191574097 0.27321600914001465
vt 0.5439249873161316 0.8300279974937439
vt 0.5439249873161316 0.8495150208473206
vt 0.5442079901695251 0.964883029460907
vt 0.5444830060005188 0.7961580157279968
vt 0.5447260141372681 0.4100109934806824
vt 0.5447400212287903 0.9555150270462036
vt 0.5448909997940063 0.6419839859008789
vt 0.5450479984283447 0.761614978313446
vt 0.5453050136566162 0.2512820065021515
vt 0.5453289747238159 0.3575670123100281
vt 0.545644998550415 0.2646310031414032
vt 0.5460540056228638 0.2535260021686554
vt 0.5461649894714355 0.2691810131072998
vt 0.546513020992279 0.8164899945259094
vt 0.5465530157089233 0.627843976020813
vt 0.5466939806938171 0.26229599118232727
vt 0.5471000075340271 0.6045969724655151
vt 0.5473610162734985 0.3804520070552826
vt 0.5476570129394531 0.18389299511909485
vt 0.5476779937744141 0.16707000136375427
vt 0.5478749871253967 0.825203001499176
vt 0.5478749871253967 0.840736985206604
vt 0.5486570000648499 0.8007550239562988
vt 0.5488889813423157 0.39623600244522095
vt 0.5489839911460876 0.9260479807853699
vt 0.5489839911460876 0.9406920075416565
vt 0.5491129755973816 0.9446420073509216
vt 0.5491899847984314 0.5365009903907776
vt 0.5492910146713257 0.6924489736557007
vt 0.5493069887161255 0.44237399101257324
vt 0.5496039986610413 0.8534650206565857
vt 0.5496039986610413 0.8910850286483765
vt 0.5496039986610413 0.8950350284576416
vt 0.5496039986610413 0.9216790199279785
vt 0.5501840114593506 0.833503007888794
vt 0.5501930117607117 0.578540027141571
vt 0.5501930117607117 0.6163229942321777
vt 0.5503749847412109 0.19494999945163727
vt 0.5506259799003601 0.2937760055065155
vt 0.5507310032844543 0.4255949854850769
vt 0.5508480072021484 0.18415500223636627
vt 0.5511530041694641 0.1437000036239624
vt 0.5517860054969788 0.196152001619339
vt 0.5528849959373474 0.11281999945640564
vt 0.5533609986305237 0.25228598713874817
vt 0.5533609986305237 0.28379198908805847
vt 0.5538439750671387 0.1563899964094162
vt 0.554144024848938 0.6021299958229065
vt 0.554144024848938 0.6850500106811523
vt 0.554144024848938 0.7661100029945374
vt 0.554144024848938 0.8008559942245483
vt 0.554144024848938 0.8115170001983643
vt 0.554144024848938 0.8427219986915588
vt 0.554144024848938 0.8689849972724915
vt 0.554144024848938 0.8776419758796692
vt 0.554144024848938 0.8999940156936646
vt 0.554144024848938 0.9209709763526917
vt 0.554144024848938 0.9274470210075378
vt 0.554144024848938 0.9479320049285889
vt 0.554144024848938 0.955062985420227
vt 0.5542070269584656 0.16810600459575653
vt 0.5542430281639099 0.756879985332489
vt 0.5544589757919312 0.7495430111885071
vt 0.5545549988746643 0.9086220264434814
vt 0.555010974407196 0.6949689984321594
vt 0.5551040172576904 0.13098999857902527
vt 0.5552780032157898 0.7406780123710632
vt 0.5552899837493896 0.19693000614643097
vt 0.5553060173988342 0.7798920273780823
vt 0.5558850169181824 0.058963000774383545
vt 0.5561619997024536 0.951882004737854
vt 0.5565249919891357 0.8729349970817566
vt 0.5565940141677856 0.8293060064315796
vt 0.5573109984397888 0.2661049962043762
vt 0.5575969815254211 0.11676999926567078
vt 0.5578160285949707 0.5265949964523315
vt 0.5580469965934753 0.7536510229110718
vt 0.5585730075836182 0.27993500232696533
vt 0.5587520003318787 0.7241079807281494
vt 0.5593699812889099 0.12755699455738068
vt 0.5593699812889099 0.14369499683380127
vt 0.5593730211257935 0.5756750106811523
vt 0.5594760179519653 0.739001989364624
vt 0.5595269799232483 0.0711439996957779
vt 0.5595269799232483 0.10546799749135971
vt 0.5596640110015869 0.2606160044670105
vt 0.5605599880218506 0.9348620176315308
vt 0.5607249736785889 0.7291769981384277
vt 0.5609750151634216 0.6891840100288391
vt 0.5613600015640259 0.7416319847106934
vt 0.5615479946136475 0.9525229930877686
vt 0.5615479946136475 0.9636160135269165
vt 0.5618150234222412 0.9008349776268005
vt 0.5621129870414734 0.4402660131454468
vt 0.5627790093421936 0.8871549963951111
vt 0.5627959966659546 0.5941439867019653
vt 0.5630530118942261 0.6629629731178284
vt 0.563094973564148 0.48733800649642944
vt 0.5634769797325134 0.027091000229120255
vt 0.5634769797325134 0.07665000110864639
vt 0.5634769797325134 0.11713799834251404
vt 0.5635340213775635 0.6803169846534729
vt 0.5636680126190186 0.7801759839057922
vt 0.5641819834709167 0.9047859907150269
vt 0.5641819834709167 0.9234960079193115
vt 0.5643029808998108 0.290583997964859
vt 0.564644992351532 0.8367199897766113
vt 0.5648120045661926 0.760653018951416
vt 0.5649639964103699 0.8640170097351074
vt 0.5652139782905579 0.18517599999904633
vt 0.5672609806060791 0.28336000442504883
vt 0.5673270225524902 0.6973050236701965
vt 0.567516028881073 0.09586700052022934
vt 0.5677409768104553 0.6871010065078735
vt 0.5685170292854309 0.43813198804855347
vt 0.568913996219635 0.8367199897766113
vt 0.568913996219635 0.8779969811439514
vt 0.568913996219635 0.8920419812202454
vt 0.568913996219635 0.9177340269088745
vt 0.568913996219635 0.9441009759902954
vt 0.568913996219635 0.9546560049057007
vt 0.568913996219635 0.967028021812439
vt 0.5710750222206116 0.832768976688385
vt 0.5711899995803833 0.09981700032949448
vt 0.5717430114746094 0.2631950080394745
vt 0.5718370079994202 0.9527350068092346
vt 0.5719239711761475 0.8048059940338135
vt 0.5719239711761475 0.8117610216140747
vt 0.5720940232276917 0.1425050050020218
vt 0.5721690058708191 0.7012550234794617
vt 0.5721690058708191 0.7686560153961182
vt 0.5730080008506775 0.682558000087738
vt 0.5734260082244873 0.010892000049352646
vt 0.5736650228500366 0.07676199823617935
vt 0.5736719965934753 0.2793709933757782
vt 0.5742020010948181 0.49425598978996277
vt 0.5744580030441284 0.44892001152038574
vt 0.5745909810066223 0.959758996963501
vt 0.5750399827957153 0.43613401055336
vt 0.5758739709854126 0.8260040283203125
vt 0.5759130120277405 0.8484539985656738
vt 0.5765730142593384 0.870639979839325
vt 0.5771409869194031 0.9097750186920166
vt 0.5771409869194031 0.9305520057678223
vt 0.5777429938316345 0.9345030188560486
vt 0.5777429938316345 0.9487850069999695
vt 0.5781520009040833 0.46533700823783875
vt 0.5781520009040833 0.5280960202217102
vt 0.5781520009040833 0.5672490000724792
vt 0.5781520009040833 0.6513680219650269
vt 0.5781520009040833 0.7072229981422424
vt 0.5781520009040833 0.7632849812507629
vt 0.5783950090408325 0.7726060152053833
vt 0.5783950090408325 0.800046980381012
vt 0.5784509778022766 0.8819469809532166
vt 0.5784509778022766 0.9058250188827515
vt 0.5785940289497375 0.10433699935674667
vt 0.578682005405426 0.8048059940338135
vt 0.578682005405426 0.8311030268669128
vt 0.5792930126190186 0.41444000601768494
vt 0.5801529884338379 0.2477779984474182
vt 0.5801529884338379 0.288906991481781
vt 0.5809339880943298 0.6966710090637207
vt 0.5821740031242371 0.13050800561904907
vt 0.5828179717063904 0.7679939866065979
vt 0.5828179717063904 0.8109719753265381
vt 0.5828179717063904 0.8406519889831543
vt 0.5828179717063904 0.8558629751205444
vt 0.5828179717063904 0.8835629820823669
vt 0.5828179717063904 0.900160014629364
vt 0.5828179717063904 0.9263430237770081
vt 0.5828179717063904 0.9326000213623047
vt 0.5828179717063904 0.9503059983253479
vt 0.5828179717063904 0.9572219848632812
vt 0.5829290151596069 0.6677299737930298
vt 0.5830569863319397 0.6938170194625854
vt 0.5832430124282837 0.32554900646209717
vt 0.5832430124282837 0.39412298798561096
vt 0.5832430124282837 0.40384599566459656
vt 0.5832430124282837 0.4488829970359802
vt 0.5834230184555054 0.7491850256919861
vt 0.5835880041122437 0.18089699745178223
vt 0.5835880041122437 0.24382799863815308
vt 0.5843790173530579 0.36881300806999207
vt 0.5843859910964966 0.7247170209884644
vt 0.5850819945335388 0.5542809963226318
vt 0.5851560235023499 0.558230996131897
vt 0.5851939916610718 0.3148239850997925
vt 0.5855960249900818 0.5400750041007996
vt 0.5858089923858643 0.7220669984817505
vt 0.5858359932899475 0.3454369902610779
vt 0.586633026599884 0.3275980055332184
vt 0.5873410105705261 0.7351639866828918
vt 0.5875380039215088 0.17588500678539276
vt 0.5875380039215088 0.23212499916553497
vt 0.5878300070762634 0.7700290083885193
vt 0.5879650115966797 0.2903769910335541
vt 0.5882930159568787 0.954255998134613
vt 0.5882930159568787 0.9680010080337524
vt 0.5890250205993652 0.919946014881134
vt 0.5890470147132874 0.36571699380874634
vt 0.5893790125846863 0.3853699862957001
vt 0.5896739959716797 0.49619001150131226
vt 0.5898029804229736 0.18920500576496124
vt 0.5898429751396179 0.42277199029922485
vt 0.5899980068206787 0.9353880286216736
vt 0.5903729796409607 0.22817499935626984
vt 0.5904560089111328 0.7932770252227783
vt 0.5911489725112915 0.44484299421310425
vt 0.5914859771728516 0.6976510286331177
vt 0.5917329788208008 0.4694480001926422
vt 0.5918290019035339 0.6363409757614136
vt 0.592244029045105 0.9574620127677917
vt 0.5924680233001709 0.7281910181045532
vt 0.5929269790649414 0.12922100722789764
vt 0.5934470295906067 0.8875129818916321
vt 0.5934470295906067 0.9089279770851135
vt 0.5937150120735168 0.8777089715003967
vt 0.5937970280647278 0.9128779768943787
vt 0.5937970280647278 0.9286500215530396
vt 0.594726026058197 0.644199013710022
vt 0.5947449803352356 0.8149229884147644
vt 0.5947449803352356 0.8519129753112793
vt 0.5949580073356628 0.11710699647665024
vt 0.5951539874076843 0.954255998134613
vt 0.5951539874076843 0.9669070243835449
vt 0.5952360033988953 0.7912470102310181
vt 0.598235011100769 0.10482099652290344
vt 0.598235011100769 0.14154599606990814
vt 0.5991870164871216 0.7815600037574768
vt 0.5991870164871216 0.7970399856567383
vt 0.5991870164871216 0.8009899854660034
vt 0.5991870164871216 0.8303470015525818
vt 0.5991870164871216 0.8342970013618469
vt 0.5991870164871216 0.8575699925422668
vt 0.5991870164871216 0.8661820292472839
vt 0.5991870164871216 0.8801360130310059
vt 0.5991870164871216 0.8929399847984314
vt 0.5991870164871216 0.9143040180206299
vt 0.5991870164871216 0.9344339966773987
vt 0.5991870164871216 0.954459011554718
vt 0.5991870164871216 0.9687259793281555
vt 0.5993919968605042 0.938086986541748
vt 0.5995659828186035 0.8082960247993469
vt 0.6002389788627625 0.7325900197029114
vt 0.6002659797668457 0.0780709981918335
vt 0.600400984287262 0.14807799458503723
vt 0.6009340286254883 0.8446140289306641
vt 0.6011319756507874 0.3980729877948761
vt 0.6017810106277466 0.2978909909725189
vt 0.6021519899368286 0.860630989074707
vt 0.6021850109100342 0.11343099921941757
vt 0.6034150123596191 0.631056010723114
vt 0.6035730242729187 0.5428529977798462
vt 0.603987991809845 0.8991010189056396
vt 0.6040689945220947 0.5726230144500732
vt 0.6040800213813782 0.6938009858131409
vt 0.6041889786720276 0.7072229981422424
vt 0.6043670177459717 0.960506021976471
vt 0.6044129729270935 0.7032729983329773
vt 0.6045989990234375 0.2364329993724823
vt 0.6048370003700256 0.6001070141792297
vt 0.6049759984016418 0.018877999857068062
vt 0.6050800085067749 0.8123530149459839
vt 0.605089008808136 0.8407419919967651
vt 0.6062549948692322 0.9327009916305542
vt 0.6062549948692322 0.9505090117454529
vt 0.6067730188369751 0.6517369747161865
vt 0.6070380210876465 0.802511990070343
vt 0.6071709990501404 0.8817629814147949
vt 0.607243001461029 0.4460600018501282
vt 0.607574999332428 0.17753499746322632
vt 0.6076939702033997 0.8748810291290283
vt 0.6078749895095825 0.7640439867973328
vt 0.6083959937095642 0.90904301404953
vt 0.6083959937095642 0.9287509918212891
vt 0.6088520288467407 0.30677399039268494
vt 0.6089500188827515 0.8645809888839722
vt 0.6091449856758118 0.7959510087966919
vt 0.609296977519989 0.8569219708442688
vt 0.6104210019111633 0.15417200326919556
vt 0.611132025718689 0.8857139945030212
vt 0.611132025718689 0.9050930142402649
vt 0.6113380193710327 0.43901100754737854
vt 0.6118080019950867 0.08509299904108047
vt 0.6126070022583008 0.3461860120296478
vt 0.6129559874534607 0.39912599325180054
vt 0.6133300065994263 0.8407570123672485
vt 0.6134260296821594 0.24392400681972504
vt 0.6135759949684143 0.7177900075912476
vt 0.6137509942054749 0.39381200075149536
vt 0.6147630214691162 0.11794699728488922
vt 0.6148099899291992 0.07718300074338913
vt 0.6149489879608154 0.9379870295524597
vt 0.6149489879608154 0.9554359912872314
vt 0.6153650283813477 0.9028800129890442
vt 0.6155989766120911 0.5236740112304688
vt 0.6156089901924133 0.925898015499115
vt 0.6157789826393127 0.8697569966316223
vt 0.6162949800491333 0.6942330002784729
vt 0.6164129972457886 0.7734770178794861
vt 0.6171510219573975 0.8075339794158936
vt 0.6172400116920471 0.744845986366272
vt 0.6177740097045898 0.0019749999046325684
vt 0.6178810000419617 0.4739620089530945
vt 0.6186439990997314 0.768543004989624
vt 0.6193240284919739 0.6513969898223877
vt 0.6200249791145325 0.8447369933128357
vt 0.6200249791145325 0.898930013179779
vt 0.6202830076217651 0.9535840153694153
vt 0.6202830076217651 0.968500018119812
vt 0.6206099987030029 0.7011340260505676
vt 0.6211010217666626 0.8065260052680969
vt 0.6214920282363892 0.7921720147132874
vt 0.6216369867324829 0.5281170010566711
vt 0.6217139959335327 0.6517590284347534
vt 0.6223539710044861 0.8935739994049072
vt 0.6223539710044861 0.9039030075073242
vt 0.6223539710044861 0.9280890226364136
vt 0.6223539710044861 0.9320390224456787
vt 0.6223539710044861 0.9496340155601501
vt 0.6227269768714905 0.6714670062065125
vt 0.6236370205879211 0.09981700032949448
vt 0.6236370205879211 0.14034299552440643
vt 0.6244249939918518 0.7779309749603271
vt 0.6256639957427979 0.7072229981422424
vt 0.6256639957427979 0.7679939866065979
vt 0.6257460117340088 0.6695560216903687
vt 0.6257460117340088 0.6984130144119263
vt 0.6263039708137512 0.8143699765205383
vt 0.6263039708137512 0.8447369933128357
vt 0.6263039708137512 0.8663430213928223
vt 0.6263039708137512 0.8899199962615967
vt 0.6263039708137512 0.9029430150985718
vt 0.6263039708137512 0.9144179821014404
vt 0.6263039708137512 0.9299060106277466
vt 0.6263039708137512 0.9338560104370117
vt 0.6263039708137512 0.9521030187606812
vt 0.6263039708137512 0.9560539722442627
vt 0.6263039708137512 0.9698209762573242
vt 0.6266639828681946 0.8009899854660034
vt 0.6266639828681946 0.8101810216903687
vt 0.6274129748344421 0.8713039755821228
vt 0.6279910206794739 0.43089398741722107
vt 0.6282939910888672 0.3804830014705658
vt 0.6283479928970337 0.45920199155807495
vt 0.6285920143127441 0.5380020141601562
vt 0.6287829875946045 0.008208000101149082
vt 0.6291469931602478 0.6474180221557617
vt 0.6303579807281494 0.8858870267868042
vt 0.6307259798049927 0.7797359824180603
vt 0.6307960152626038 0.565205991268158
vt 0.6310539841651917 0.2903769910335541
vt 0.6315280199050903 0.95933598279953
vt 0.6315310001373291 0.7400299906730652
vt 0.6322929859161377 0.6814950108528137
vt 0.6323410272598267 0.5797430276870728
vt 0.6327340006828308 0.06488999724388123
vt 0.6327340006828308 0.1349170058965683
vt 0.6329050064086914 0.9491649866104126
vt 0.6329129934310913 0.8754680156707764
vt 0.6331729888916016 0.41873899102211
vt 0.6335269808769226 0.6601349711418152
vt 0.6337239742279053 0.17832699418067932
vt 0.6338000297546387 0.3570350110530853
vt 0.6339989900588989 0.057665999978780746
vt 0.6344919800758362 0.7922989726066589
vt 0.6348749995231628 0.3116390109062195
vt 0.6350610256195068 0.7683169841766357
vt 0.6351810097694397 0.24156400561332703
vt 0.636093020439148 0.7771540284156799
vt 0.6361839771270752 0.3768270015716553
vt 0.6366260051727295 0.6422060132026672
vt 0.6367939710617065 0.46774399280548096
vt 0.6368560194969177 0.9464309811592102
vt 0.6368560194969177 0.9663339853286743
vt 0.636896014213562 0.3397209942340851
vt 0.6371240019798279 0.41591501235961914
vt 0.6371510028839111 0.8662070035934448
vt 0.6372140049934387 0.9226719737052917
vt 0.637594997882843 0.4528709948062897
vt 0.6384069919586182 0.1173970028758049
vt 0.6385859847068787 0.38963600993156433
vt 0.6387280225753784 0.8866620063781738
vt 0.6391310095787048 0.23212499916553497
vt 0.6391310095787048 0.29109498858451843
vt 0.6392430067062378 0.893871009349823
vt 0.6392430067062378 0.9104679822921753
vt 0.6398919820785522 0.7643669843673706
vt 0.6399840116500854 0.9338560104370117
vt 0.6400309801101685 0.8702930212020874
vt 0.6400309801101685 0.8873059749603271
vt 0.6401839852333069 0.783158004283905
vt 0.6411640048027039 0.9144179821014404
vt 0.6411640048027039 0.9292299747467041
vt 0.6415449976921082 0.5452160239219666
vt 0.6416149735450745 0.3980729877948761
vt 0.6416149735450745 0.44677498936653137
vt 0.6421380043029785 0.8575929999351501
vt 0.6422079801559448 0.31756699085235596
vt 0.6433330178260803 0.8407869935035706
vt 0.6434109807014465 0.9555169939994812
vt 0.6434109807014465 0.967195987701416
vt 0.6434980034828186 0.6917790174484253
vt 0.6437039971351624 0.144119992852211
vt 0.6437140107154846 0.944176971912384
vt 0.6437140107154846 0.9515659809112549
vt 0.6438289880752563 0.9242579936981201
vt 0.6438770294189453 0.5645099878311157
vt 0.6438770294189453 0.6345040202140808
vt 0.6438770294189453 0.6513680219650269
vt 0.6438770294189453 0.7499399781227112
vt 0.6438770294189453 0.7760760188102722
vt 0.6438770294189453 0.8104199767112732
vt 0.6438770294189453 0.8143699765205383
vt 0.64444899559021 0.22817499935626984
vt 0.6444560289382935 0.1357250064611435
vt 0.6459159851074219 0.19031000137329102
vt 0.6459490060806274 0.20430399477481842
vt 0.6461589932441711 0.30188798904418945
vt 0.6461589932441711 0.39694899320602417
vt 0.6461589932441711 0.44058799743652344
vt 0.6461719870567322 0.4487760066986084
vt 0.6465510129928589 0.2896530032157898
vt 0.6466330289840698 0.17743900418281555
vt 0.646793007850647 0.3371190130710602
vt 0.6478270292282104 0.558230996131897
vt 0.6478270292282104 0.6442210078239441
vt 0.6478270292282104 0.6579139828681946
vt 0.6478270292282104 0.7286670207977295
vt 0.6478270292282104 0.7604460120201111
vt 0.6478270292282104 0.8127490282058716
vt 0.6478270292282104 0.8608670234680176
vt 0.6478270292282104 0.8805840015411377
vt 0.6478270292282104 0.8972309827804565
vt 0.6478270292282104 0.9169690012931824
vt 0.6478270292282104 0.9258679747581482
vt 0.6478270292282104 0.9465600252151489
vt 0.6478270292282104 0.9589859843254089
vt 0.6479179859161377 0.3576650023460388
vt 0.6481159925460815 0.12632900476455688
vt 0.6489830017089844 0.3435400128364563
vt 0.6497690081596375 0.6688089966773987
vt 0.650443971157074 0.8040260076522827
vt 0.6505540013313293 0.9661660194396973
vt 0.6505839824676514 0.15632900595664978
vt 0.6505839824676514 0.276868999004364
vt 0.6512399911880493 0.7942919731140137
vt 0.6513910293579102 0.20789599418640137
vt 0.6516199707984924 0.7222369909286499
vt 0.6516900062561035 0.24055400490760803
vt 0.6532109975814819 0.7758499979972839
vt 0.6532390117645264 0.3905720114707947
vt 0.6532390117645264 0.9486619830131531
vt 0.6536129713058472 0.9040279984474182
vt 0.6537280082702637 0.44058799743652344
vt 0.6538410186767578 0.8411610126495361
vt 0.6541000008583069 0.7043930292129517
vt 0.6545019745826721 0.9209190011024475
vt 0.6545019745826721 0.9426100254058838
vt 0.6551600098609924 0.07438299804925919
vt 0.6560479998588562 0.1438630074262619
vt 0.6560980081558228 0.7103670239448547
vt 0.6561689972877502 0.9527239799499512
vt 0.6561689972877502 0.9629359841346741
vt 0.6561689972877502 0.9724109768867493
vt 0.6564270257949829 0.10185699909925461
vt 0.6568319797515869 0.0619020015001297
vt 0.6575509905815125 0.11558199673891068
vt 0.6575509905815125 0.13547299802303314
vt 0.6576780080795288 0.44852200150489807
vt 0.6580759882926941 0.7320690155029297
vt 0.6582469940185547 0.9159979820251465
vt 0.6587929725646973 0.44058799743652344
vt 0.6590780019760132 0.28789401054382324
vt 0.65932697057724 0.8700010180473328
vt 0.65932697057724 0.8932809829711914
vt 0.6594380140304565 0.11163199692964554
vt 0.6594600081443787 0.5661060214042664
vt 0.6596220135688782 0.76323401927948
vt 0.6598680019378662 0.1706939935684204
vt 0.6603180170059204 0.24607500433921814
vt 0.6603950262069702 0.08255299925804138
vt 0.6604549884796143 0.48052600026130676
vt 0.6608530282974243 0.38054001331329346
vt 0.6613039970397949 0.839775025844574
vt 0.6613039970397949 0.8660500049591064
vt 0.6615009903907776 0.11558199673891068
vt 0.6615009903907776 0.14322400093078613
vt 0.6615830063819885 0.37677401304244995
vt 0.6618959903717041 0.5585290193557739
vt 0.6620169878005981 0.13812899589538574
vt 0.6624869704246521 0.800029993057251
vt 0.6624869704246521 0.8358240127563477
vt 0.6629869937896729 0.6179410219192505
vt 0.6633890271186829 0.8993610143661499
vt 0.6633890271186829 0.9298160076141357
vt 0.6633890271186829 0.9509000182151794
vt 0.6633890271186829 0.9572380185127258
vt 0.6633890271186829 0.9725610017776489
vt 0.6635289788246155 0.3818899989128113
vt 0.6644840240478516 0.14807799458503723
vt 0.6644989848136902 0.3589339852333069
vt 0.6645640134811401 0.6238369941711426
vt 0.6648010015487671 0.5135769844055176
vt 0.6650760173797607 0.44852200150489807
vt 0.6653249859809875 0.16198700666427612
vt 0.6654329895973206 0.7798889875411987
vt 0.6657310128211975 0.73129802942276
vt 0.6659150123596191 0.8706049919128418
vt 0.6660249829292297 0.8560140132904053
vt 0.6661620140075684 0.37909701466560364
vt 0.6663010120391846 0.22266100347042084
vt 0.6664379835128784 0.8421589732170105
vt 0.6667069792747498 0.8909339904785156
vt 0.6670510172843933 0.4528709948062897
vt 0.6670740246772766 0.5980619788169861
vt 0.667156994342804 0.13734200596809387
vt 0.6672840118408203 0.9638509750366211
vt 0.667385995388031 0.9359850287437439
vt 0.6676309704780579 0.24016499519348145
vt 0.6677430272102356 0.3764849901199341
vt 0.6678320169448853 0.3641490042209625
vt 0.6683890223503113 0.19847199320793152
vt 0.6686429977416992 0.2388399988412857
vt 0.6687380075454712 0.3684450089931488
vt 0.6690260171890259 0.448293000459671
vt 0.6691480278968811 0.756496012210846
vt 0.6691759824752808 0.08013699948787689
vt 0.6692169904708862 0.2630380094051361
vt 0.6693779826164246 0.7622159719467163
vt 0.6693779826164246 0.7960799932479858
vt 0.6693869829177856 0.1305519938468933
vt 0.6696339845657349 0.44058799743652344
vt 0.669746994972229 0.2201099991798401
vt 0.6700609922409058 0.3011789917945862
vt 0.6700999736785889 0.40050598978996277
vt 0.6702449917793274 0.6195650100708008
vt 0.6713749766349792 0.9627810120582581
vt 0.6713749766349792 0.9738209843635559
vt 0.6713929772377014 0.5062010288238525
vt 0.6717860102653503 0.5161319971084595
vt 0.6719939708709717 0.939935028553009
vt 0.6719939708709717 0.9532870054244995
vt 0.6728410124778748 0.5753880143165588
vt 0.6731489896774292 0.9194849729537964
vt 0.6731489896774292 0.9346269965171814
vt 0.6732400059700012 0.4228380024433136
vt 0.6733409762382507 0.800029993057251
vt 0.6733409762382507 0.8520640134811401
vt 0.6733409762382507 0.8650699853897095
vt 0.6733409762382507 0.8802710175514221
vt 0.6733409762382507 0.8948850035667419
vt 0.6733409762382507 0.9155340194702148
vt 0.6735849976539612 0.14295299351215363
vt 0.6736040115356445 0.3925600051879883
vt 0.6736969947814941 0.23524199426174164
vt 0.6736969947814941 0.27846500277519226
vt 0.6738629937171936 0.2205909937620163
vt 0.6739349961280823 0.5446580052375793
vt 0.6740000247955322 0.2706249952316284
vt 0.6742119789123535 0.7144349813461304
vt 0.6742119789123535 0.7554839849472046
vt 0.6744409799575806 0.6585429906845093
vt 0.6745880246162415 0.13014599680900574
vt 0.674688994884491 0.0019749999046325684
vt 0.674688994884491 0.08414600044488907
vt 0.675029993057251 0.43281498551368713
vt 0.6751739978790283 0.9680219888687134
vt 0.6756269931793213 0.5671809911727905
vt 0.6759459972381592 0.9478470087051392
vt 0.6759459972381592 0.9588310122489929
vt 0.676468014717102 0.448293000459671
vt 0.6775689721107483 0.7845879793167114
vt 0.6775689721107483 0.8158959746360779
vt 0.6775689721107483 0.8456659913063049
vt 0.6775689721107483 0.8642039895057678
vt 0.6775689721107483 0.8853949904441833
vt 0.6775689721107483 0.8972539901733398
vt 0.6775689721107483 0.9012050032615662
vt 0.6775689721107483 0.9210699796676636
vt 0.6775689721107483 0.9300500154495239
vt 0.6775689721107483 0.943897008895874
vt 0.6777769923210144 0.24871499836444855
vt 0.6781619787216187 0.7103670239448547
vt 0.6786329746246338 0.2693270146846771
vt 0.6786389946937561 0.03147299960255623
vt 0.6786389946937561 0.057029999792575836
vt 0.6786389946937561 0.12980900704860687
vt 0.6786389946937561 0.14337100088596344
vt 0.6788300275802612 0.0808119997382164
vt 0.6791250109672546 0.9627810120582581
vt 0.6791250109672546 0.9716330170631409
vt 0.6795229911804199 0.5817819833755493
vt 0.6798809766769409 0.22237299382686615
vt 0.6801279783248901 0.5452160239219666
vt 0.6804180145263672 0.44074198603630066
vt 0.6805160045623779 0.8725200295448303
vt 0.6808030009269714 0.33960700035095215
vt 0.6810110211372375 0.03979400172829628
vt 0.6810640096664429 0.7400259971618652
vt 0.6819700002670288 0.07464200258255005
vt 0.6820889711380005 0.5804929733276367
vt 0.6825860142707825 0.85589200258255
vt 0.6826239824295044 0.39770498871803284
vt 0.6826429963111877 0.9250199794769287
vt 0.6830869913101196 0.19982199370861053
vt 0.6836400032043457 0.033323999494314194
vt 0.6840670108795166 0.27863699197769165
vt 0.6840779781341553 0.4767819941043854
vt 0.6840779781341553 0.529682993888855
vt 0.6840779781341553 0.5539370179176331
vt 0.6840909719467163 0.01217000000178814
vt 0.6840940117835999 0.26775801181793213
vt 0.6841149926185608 0.3025510013103485
vt 0.6842389702796936 0.4366379976272583
vt 0.6847730278968811 0.2117069959640503
vt 0.6851770281791687 0.13670599460601807
vt 0.6851770281791687 0.14388899505138397
vt 0.685247004032135 0.9398069977760315
vt 0.685247004032135 0.9543349742889404
vt 0.685247004032135 0.9652169942855835
vt 0.6852999925613403 0.4239569902420044
vt 0.6855400204658508 0.3666340112686157
vt 0.6855400204658508 0.42706000804901123
vt 0.6860389709472656 0.558230996131897
vt 0.6860389709472656 0.638696014881134
vt 0.6860809922218323 0.7035509943962097
vt 0.6861960291862488 0.8102999925613403
vt 0.6863489747047424 0.2294279932975769
vt 0.6868630051612854 0.44058799743652344
vt 0.6868630051612854 0.4485749900341034
vt 0.6872739791870117 0.5844029784202576
vt 0.6872749924659729 0.9187920093536377
vt 0.687345027923584 0.8648459911346436
vt 0.6874899864196777 0.8472219705581665
vt 0.6878290176391602 0.7215859889984131
vt 0.688040018081665 0.8899670243263245
vt 0.6884880065917969 0.5703319907188416
vt 0.6891300082206726 0.2461470067501068
vt 0.6891970038414001 0.9250199794769287
vt 0.6891970038414001 0.9476100206375122
vt 0.6891970038414001 0.9521849751472473
vt 0.6892960071563721 0.21830199658870697
vt 0.6893100142478943 0.27017098665237427
vt 0.689490020275116 0.364437997341156
vt 0.689490020275116 0.410878986120224
vt 0.6895120143890381 0.9365500211715698
vt 0.689516007900238 0.37670499086380005
vt 0.6895400285720825 0.3315660059452057
vt 0.6901299953460693 0.25616899132728577
vt 0.6902109980583191 0.4528709948062897
vt 0.6903859972953796 0.6565489768981934
vt 0.6905289888381958 0.7691119909286499
vt 0.6914039850234985 0.2903049886226654
vt 0.6916130185127258 0.42840200662612915
vt 0.6916450262069702 0.04641399905085564
vt 0.6919900178909302 0.9139710068702698
vt 0.6921489834785461 0.8685700297355652
vt 0.692376971244812 0.03293199837207794
vt 0.6924769878387451 0.5257329940795898
vt 0.6930189728736877 0.36528798937797546
vt 0.6934580206871033 0.3601979911327362
vt 0.6935830116271973 0.4375480115413666
vt 0.6942960023880005 0.3641490042209625
vt 0.6944379806518555 0.8142499923706055
vt 0.6944379806518555 0.8417159914970398
vt 0.6944580078125 0.9515600204467773
vt 0.6944580078125 0.9668350219726562
vt 0.6946319937705994 0.0019749999046325684
vt 0.6947900056838989 0.2750220000743866
vt 0.6949160099029541 0.8725200295448303
vt 0.6949160099029541 0.9167969822883606
vt 0.6949170231819153 0.2113029956817627
vt 0.6949610114097595 0.9375140070915222
vt 0.6952999830245972 0.7103670239448547
vt 0.6952999830245972 0.773061990737915
vt 0.6952999830245972 0.8072159886360168
vt 0.6953809857368469 0.6481720209121704
vt 0.6953809857368469 0.7064170241355896
vt 0.6953960061073303 0.0724639967083931
vt 0.695576012134552 0.2254370003938675
vt 0.6955940127372742 0.018716000020503998
vt 0.6956830024719238 0.38084501028060913
vt 0.6956869959831238 0.25422701239585876
vt 0.6968169808387756 0.2978909909725189
vt 0.6968169808387756 0.34896498918533325
vt 0.6978139877319336 0.03446299955248833
vt 0.697924017906189 0.5412960052490234
vt 0.6993309855461121 0.651328980922699
vt 0.6993309855461121 0.7307680249214172
vt 0.6993309855461121 0.7740280032157898
vt 0.6993309855461121 0.7779780030250549
vt 0.6993309855461121 0.820967972278595
vt 0.6993309855461121 0.8495630025863647
vt 0.6993309855461121 0.8786540031433105
vt 0.6993309855461121 0.9038119912147522
vt 0.6993309855461121 0.9227079749107361
vt 0.6993309855461121 0.9297919869422913
vt 0.6993309855461121 0.9475889801979065
vt 0.6993309855461121 0.9589809775352478
vt 0.6994109749794006 0.23919199407100677
vt 0.6994109749794006 0.2832159996032715
vt 0.7002750039100647 0.5757480263710022
vt 0.7003650069236755 0.01787400059401989
vt 0.7007669806480408 0.2978909909725189
vt 0.7007669806480408 0.37745600938796997
vt 0.7007849812507629 0.8299520015716553
vt 0.7008810043334961 0.9151949882507324
vt 0.7009389996528625 0.6238250136375427
vt 0.701213002204895 0.5612310171127319
vt 0.7013580203056335 0.016814999282360077
vt 0.7013660073280334 0.34909701347351074
vt 0.7018020153045654 0.7978029847145081
vt 0.7021120190620422 0.5514940023422241
vt 0.7024509906768799 0.5698909759521484
vt 0.7027260065078735 0.8249179720878601
vt 0.7033609747886658 0.2576200067996979
vt 0.703698992729187 0.932794988155365
vt 0.7044320106506348 0.5437279939651489
vt 0.7047950029373169 0.4549590051174164
vt 0.7048140168190002 0.5149829983711243
vt 0.7048730254173279 0.8321070075035095
vt 0.7051129937171936 0.27178698778152466
vt 0.7052929997444153 0.040672000497579575
vt 0.705901026725769 0.8463289737701416
vt 0.706155002117157 0.14807799458503723
vt 0.706155002117157 0.228426992893219
vt 0.7064369916915894 0.9515389800071716
vt 0.7064369916915894 0.9643629789352417
vt 0.7065860033035278 0.7581629753112793
vt 0.7067360281944275 0.49750199913978577
vt 0.7068039774894714 0.9377959966659546
vt 0.707256019115448 0.7871720194816589
vt 0.7075219750404358 0.6374930143356323
vt 0.7083820104598999 0.529682993888855
vt 0.7083820104598999 0.554269015789032
vt 0.709106981754303 0.28650999069213867
vt 0.7092329859733582 0.6716359853744507
vt 0.7094460129737854 0.7231680154800415
vt 0.7100030183792114 0.8005959987640381
vt 0.7101050019264221 0.19381999969482422
vt 0.7102320194244385 0.265157014131546
vt 0.7105559706687927 0.8273190259933472
vt 0.7105559706687927 0.8605809807777405
vt 0.710644006729126 0.9101390242576599
vt 0.710644006729126 0.9258419871330261
vt 0.7106649875640869 0.6885160207748413
vt 0.7107549905776978 0.9532380104064941
vt 0.7107549905776978 0.9651229977607727
vt 0.7113649845123291 0.6549559831619263
vt 0.7121210098266602 0.054062001407146454
vt 0.7124000191688538 0.758089005947113
vt 0.7125779986381531 0.3411029875278473
vt 0.7126790285110474 0.15528500080108643
vt 0.7127950191497803 0.9297919869422913
vt 0.7128139734268188 0.41138699650764465
vt 0.7128409743309021 0.1727830022573471
vt 0.7128540277481079 0.8645309805870056
vt 0.7128540277481079 0.8856199979782104
vt 0.7131270170211792 0.8895710110664368
vt 0.7131270170211792 0.9061880111694336
vt 0.713375985622406 0.4973140060901642
vt 0.7135120034217834 0.7719359993934631
vt 0.71356600522995 0.46912598609924316
vt 0.7136880159378052 0.5454519987106323
vt 0.7138959765434265 0.07859300076961517
vt 0.7138959765434265 0.13275599479675293
vt 0.7142220139503479 0.01566700078547001
vt 0.7143219709396362 0.8148019909858704
vt 0.7148159742355347 0.9571880102157593
vt 0.7148159742355347 0.9724239706993103
vt 0.7148860096931458 0.9532380104064941
vt 0.7148950099945068 0.5633540153503418
vt 0.715533971786499 0.2903049886226654
vt 0.7158039808273315 0.023634999990463257
vt 0.7159050107002258 0.30131199955940247
vt 0.7165399789810181 0.03657900169491768
vt 0.7175790071487427 0.7168139815330505
vt 0.7177910208702087 0.3687230050563812
vt 0.7178459763526917 0.38110798597335815
vt 0.7178980112075806 0.35491299629211426
vt 0.7179210186004639 0.2499309927225113
vt 0.7182719707489014 0.7779780030250549
vt 0.7182719707489014 0.8000479936599731
vt 0.7184399962425232 0.5472660064697266
vt 0.7184720039367676 0.6226919889450073
vt 0.7187960147857666 0.3440819978713989
vt 0.7188339829444885 0.6582109928131104
vt 0.7189769744873047 0.8133249878883362
vt 0.7189769744873047 0.8415669798851013
vt 0.7189769744873047 0.8682219982147217
vt 0.7189769744873047 0.8876370191574097
vt 0.7189769744873047 0.9159749746322632
vt 0.7189769744873047 0.9201110005378723
vt 0.7189769744873047 0.9382169842720032
vt 0.7189769744873047 0.9549980163574219
vt 0.7189769744873047 0.9700989723205566
vt 0.7194989919662476 0.958948016166687
vt 0.7204899787902832 0.048535000532865524
vt 0.7204899787902832 0.08961500227451324
vt 0.7209849953651428 0.04064499959349632
vt 0.721343994140625 0.3115440011024475
vt 0.721343994140625 0.41533800959587097
vt 0.721343994140625 0.4472779929637909
vt 0.7213850021362305 0.6481720209121704
vt 0.7214009761810303 0.46800801157951355
vt 0.7214009761810303 0.4944320023059845
vt 0.7214930057525635 0.7113749980926514
vt 0.7215780019760132 0.261135995388031
vt 0.7220169901847839 0.07069899886846542
vt 0.7220669984817505 0.19724500179290771
vt 0.7223550081253052 0.7400950193405151
vt 0.7224220037460327 0.5453220009803772
vt 0.7224540114402771 0.6636329889297485
vt 0.722616970539093 0.7915199995040894
vt 0.7229369878768921 0.7120760083198547
vt 0.7232239842414856 0.14807799458503723
vt 0.7247729897499084 0.9700989723205566
vt 0.7252950072288513 0.2978909909725189
vt 0.7252950072288513 0.42521899938583374
vt 0.7253509759902954 0.46352100372314453
vt 0.7257350087165833 0.9513649940490723
vt 0.7257900238037109 0.8196830153465271
vt 0.725875973701477 0.26949599385261536
vt 0.725953996181488 0.4718019962310791
vt 0.7261509895324707 0.9107530117034912
vt 0.7262639999389648 0.5257329940795898
vt 0.7266839742660522 0.8721719980239868
vt 0.7268059849739075 0.934266984462738
vt 0.7269690036773682 0.1641319990158081
vt 0.7270820140838623 0.7231680154800415
vt 0.7270820140838623 0.8004990220069885
vt 0.7271469831466675 0.5837939977645874
vt 0.7271599769592285 0.05733099952340126
vt 0.7272379994392395 0.10129699856042862
vt 0.727321982383728 0.1981000006198883
vt 0.7275339961051941 0.04532799869775772
vt 0.7283049821853638 0.09023100137710571
vt 0.7286009788513184 0.7039470076560974
vt 0.729108989238739 0.133651003241539
vt 0.7292439937591553 0.3623720109462738
vt 0.7296109795570374 0.08528999984264374
vt 0.7296860218048096 0.9382169842720032
vt 0.7296860218048096 0.9597510099411011
vt 0.7296860218048096 0.9699569940567017
vt 0.7299540042877197 0.8762519955635071
vt 0.7299540042877197 0.8960229754447937
vt 0.7299579977989197 0.6835449934005737
vt 0.7300390005111694 0.0019749999046325684
vt 0.7301309704780579 0.06814300268888474
vt 0.7301689982414246 0.4736590087413788
vt 0.7301759719848633 0.2576200067996979
vt 0.730239987373352 0.05246200039982796
vt 0.7303879857063293 0.9201110005378723
vt 0.7308859825134277 0.5409619808197021
vt 0.730974018573761 0.2310899943113327
vt 0.7315300107002258 0.8523480296134949
vt 0.731531023979187 0.8999729752540588
vt 0.731531023979187 0.9161610007286072
vt 0.7321149706840515 0.8604679703712463
vt 0.7321460247039795 0.5682830214500427
vt 0.7322970032691956 0.18754099309444427
vt 0.7322970032691956 0.2390729933977127
vt 0.7330470085144043 0.07433100044727325
vt 0.7333009839057922 0.059845998883247375
vt 0.7333700060844421 0.9437140226364136
vt 0.7336680293083191 0.6504549980163574
vt 0.7336680293083191 0.7192180156707764
vt 0.7336680293083191 0.7579200267791748
vt 0.7336680293083191 0.8044490218162537
vt 0.7336680293083191 0.8376169800758362
vt 0.7340580224990845 0.9637020230293274
vt 0.7340580224990845 0.9739030003547668
vt 0.7346130013465881 0.037188999354839325
vt 0.7356749773025513 0.05056599900126457
vt 0.7360550165176392 0.431661993265152
vt 0.7362470030784607 0.15882299840450287
vt 0.7362470030784607 0.2664110064506531
vt 0.7362470030784607 0.270361989736557
vt 0.7362470030784607 0.2934809923171997
vt 0.7371820211410522 0.45617198944091797
vt 0.7376180291175842 0.6500579714775085
vt 0.7376180291175842 0.7540209889411926
vt 0.7376180291175842 0.757972002029419
vt 0.7376180291175842 0.798820972442627
vt 0.7376180291175842 0.872859001159668
vt 0.7376189827919006 0.8067820072174072
vt 0.7376189827919006 0.8365449905395508
vt 0.7376189827919006 0.8910250067710876
vt 0.7376189827919006 0.913561999797821
vt 0.7376189827919006 0.9352890253067017
vt 0.7376189827919006 0.9392399787902832
vt 0.7376189827919006 0.9555919766426086
vt 0.737621009349823 0.8655719757080078
vt 0.7379230260848999 0.22722600400447845
vt 0.7382699847221375 0.9595419764518738
vt 0.7382699847221375 0.9695529937744141
vt 0.7387970089912415 0.3932639956474304
vt 0.7394559979438782 0.5612949728965759
vt 0.7395640015602112 0.09732399880886078
vt 0.7398059964179993 0.030709000304341316
vt 0.7399790287017822 0.31383201479911804
vt 0.7403910160064697 0.06688699871301651
vt 0.7405040264129639 0.5393139719963074
vt 0.7405040264129639 0.638696014881134
vt 0.7407280206680298 0.7339609861373901
vt 0.7416179776191711 0.046195998787879944
vt 0.7425850033760071 0.05920000001788139
vt 0.7431110143661499 0.13300900161266327
vt 0.7432870268821716 0.1773039996623993
vt 0.7434179782867432 0.46354201436042786
vt 0.7434340119361877 0.7731760144233704
vt 0.7438250184059143 0.08133900165557861
vt 0.7439290285110474 0.4018639922142029
vt 0.7439290285110474 0.43331199884414673
vt 0.7442560195922852 0.9096119999885559
vt 0.744454026222229 0.5302140116691589
vt 0.744454026222229 0.6373019814491272
vt 0.7445979714393616 0.9501169919967651
vt 0.7445979714393616 0.9620490074157715
vt 0.7446479797363281 0.6481720209121704
vt 0.7446609735488892 0.7143930196762085
vt 0.7450000047683716 0.9221370220184326
vt 0.745261013507843 0.4387589991092682
vt 0.745261013507843 0.4729669988155365
vt 0.7453870177268982 0.8182939887046814
vt 0.7457069754600525 0.42061299085617065
vt 0.745743989944458 0.734794020652771
vt 0.7461410164833069 0.25397199392318726
vt 0.7464190125465393 0.14807799458503723
vt 0.7464579939842224 0.08528999984264374
vt 0.7479569911956787 0.5865870118141174
vt 0.7483819723129272 0.8137810230255127
vt 0.7484840154647827 0.03481699898838997
vt 0.7484840154647827 0.07192599773406982
vt 0.7486580014228821 0.3678300082683563
vt 0.7489259839057922 0.7692070007324219
vt 0.7492120265960693 0.4387589991092682
vt 0.7492120265960693 0.509136974811554
vt 0.7492120265960693 0.5130879878997803
vt 0.7492480278015137 0.3556140065193176
vt 0.7493680119514465 0.8910250067710876
vt 0.7497869729995728 0.8596529960632324
vt 0.7499459981918335 0.8636029958724976
vt 0.7499459981918335 0.8870750069618225
vt 0.7502229809761047 0.2125210016965866
vt 0.750823974609375 0.8221480250358582
vt 0.75239098072052 0.6943299770355225
vt 0.752403974533081 0.498647004365921
vt 0.7524340152740479 0.0019749999046325684
vt 0.7524340152740479 0.13090600073337555
vt 0.7524340152740479 0.14406299591064453
vt 0.7526990175247192 0.013598999939858913
vt 0.7535099983215332 0.11428000032901764
vt 0.7536439895629883 0.8365449905395508
vt 0.7537779808044434 0.08648499846458435
vt 0.7540580034255981 0.023454999551177025
vt 0.7540680170059204 0.5356810092926025
vt 0.7540900111198425 0.5257899761199951
vt 0.754173994064331 0.14807799458503723
vt 0.754173994064331 0.23819600045681
vt 0.754173994064331 0.25470399856567383
vt 0.7543219923973083 0.925931990146637
vt 0.7543219923973083 0.9543650150299072
vt 0.7543219923973083 0.9590070247650146
vt 0.7543219923973083 0.9684929847717285
vt 0.7545269727706909 0.2978909909725189
vt 0.7549660205841064 0.1851080060005188
vt 0.755016028881073 0.13485699892044067
vt 0.7551950216293335 0.8027709722518921
vt 0.7551950216293335 0.8325949907302856
vt 0.7560579776763916 0.8761209845542908
vt 0.7560579776763916 0.898472011089325
vt 0.7560579776763916 0.9174240231513977
vt 0.7563409805297852 0.7780510187149048
vt 0.7563419938087463 0.6656450033187866
vt 0.756367027759552 0.638696014881134
vt 0.7567470073699951 0.6024190187454224
vt 0.7576109766960144 0.2869740128517151
vt 0.7577499747276306 0.4407840073108673
vt 0.7578169703483582 0.5897819995880127
vt 0.7578610181808472 0.731482982635498
vt 0.7582899928092957 0.5258309841156006
vt 0.7585629820823669 0.9390180110931396
vt 0.7586929798126221 0.33957600593566895
vt 0.7588980197906494 0.4128110110759735
vt 0.7588980197906494 0.4294860064983368
vt 0.758974015712738 0.30082300305366516
vt 0.758974015712738 0.4088610112667084
vt 0.7594209909439087 0.860791027545929
vt 0.7605140209197998 0.6693019866943359
vt 0.7605879902839661 0.14406299591064453
vt 0.7609699964523315 0.2640269994735718
vt 0.7609760165214539 0.7551770210266113
vt 0.7609869837760925 0.12394899874925613
vt 0.7611089944839478 0.961197018623352
vt 0.761480987071991 0.7936509847640991
vt 0.7614859938621521 0.9031599760055542
vt 0.7615330219268799 0.5130879878997803
vt 0.7615640163421631 0.22010000050067902
vt 0.7615950107574463 0.003005000064149499
vt 0.7616279721260071 0.7277669906616211
vt 0.7617670297622681 0.5302140116691589
vt 0.7617670297622681 0.5991960167884827
vt 0.7617670297622681 0.6031460165977478
vt 0.7620859742164612 0.2507539987564087
vt 0.7628660202026367 0.09813500195741653
vt 0.7629240155220032 0.2939409911632538
vt 0.7629240155220032 0.31349998712539673
vt 0.7629240155220032 0.3675149977207184
vt 0.7629240155220032 0.38065800070762634
vt 0.7630800008773804 0.25470399856567383
vt 0.7631459832191467 0.2978909909725189
vt 0.763493001461029 0.942969024181366
vt 0.763493001461029 0.9550560116767883
vt 0.7636460065841675 0.5033659934997559
vt 0.7638779878616333 0.6396639943122864
vt 0.7639859914779663 0.7476509809494019
vt 0.7645879983901978 0.8252400159835815
vt 0.765483021736145 0.5170279741287231
vt 0.7655519843101501 0.6060839891433716
vt 0.7658249735832214 0.18573999404907227
vt 0.7659400105476379 0.9024220108985901
vt 0.7659400105476379 0.9219819903373718
vt 0.7659400105476379 0.9266229867935181
vt 0.7659400105476379 0.9376699924468994
vt 0.7668160200119019 0.054072000086307526
vt 0.7668160200119019 0.06973099708557129
vt 0.7668160200119019 0.11463099718093872
vt 0.7668160200119019 0.1433749943971634
vt 0.7670660018920898 0.6481720209121704
vt 0.7670660018920898 0.7439420223236084
vt 0.7670660018920898 0.751600980758667
vt 0.7670660018920898 0.7757920026779175
vt 0.7670660018920898 0.8291910290718079
vt 0.7670660018920898 0.8721699714660645
vt 0.7670660018920898 0.8765320181846619
vt 0.7674430012702942 0.5078259706497192
vt 0.7681940197944641 0.05802199989557266
vt 0.7685710191726685 0.3666900098323822
vt 0.7686269879341125 0.5036119818687439
vt 0.7694709897041321 0.5353000164031982
vt 0.7696419954299927 0.5258309841156006
vt 0.7697749733924866 0.17179200053215027
vt 0.7697749733924866 0.20408299565315247
vt 0.7697749733924866 0.23226599395275116
vt 0.771016001701355 0.6514959931373596
vt 0.771016001701355 0.7144950032234192
vt 0.771016001701355 0.7647299766540527
vt 0.771016001701355 0.7852039933204651
vt 0.771016001701355 0.808010995388031
vt 0.771016001701355 0.8489490151405334
vt 0.771016001701355 0.8548340201377869
vt 0.771016001701355 0.886139988899231
vt 0.771016001701355 0.8900910019874573
vt 0.771016001701355 0.9176430106163025
vt 0.771016001701355 0.9215930104255676
vt 0.771016001701355 0.9386370182037354
vt 0.771016001701355 0.9441840052604675
vt 0.771016001701355 0.9596790075302124
vt 0.771016001701355 0.9641680121421814
vt 0.771016001701355 0.9738550186157227
vt 0.7711340188980103 0.5991500020027161
vt 0.7712330222129822 0.6276220083236694
vt 0.7712799906730652 0.2149379998445511
vt 0.7714130282402039 0.31204700469970703
vt 0.7715520262718201 0.03133400157094002
vt 0.7725769877433777 0.4462999999523163
vt 0.7732250094413757 0.2872770130634308
vt 0.7733500003814697 0.9602180123329163
vt 0.7733989953994751 0.14826899766921997
vt 0.7739400267601013 0.5170279741287231
vt 0.7743290066719055 0.36398398876190186
vt 0.7743719816207886 0.268189013004303
vt 0.7744899988174438 0.3859589993953705
vt 0.7745019793510437 0.5700200200080872
vt 0.7745890021324158 0.6036549806594849
vt 0.7752310037612915 0.06267199665307999
vt 0.7756609916687012 0.9695659875869751
vt 0.7756639719009399 0.05205399915575981
vt 0.7757830023765564 0.2231539934873581
vt 0.7758319973945618 0.2080329954624176
vt 0.7762579917907715 0.20187999308109283
vt 0.776265025138855 0.7812529802322388
vt 0.7774999737739563 0.9539520144462585
vt 0.777541995048523 0.6244170069694519
vt 0.7777379751205444 0.9402340054512024
vt 0.7778900265693665 0.5258910059928894
vt 0.777899980545044 0.44759801030158997
vt 0.7782310247421265 0.9060320258140564
vt 0.7782649993896484 0.1185859963297844
vt 0.7783529758453369 0.0019749999046325684
vt 0.7785710096359253 0.5315989851951599
vt 0.7786719799041748 0.1373790055513382
vt 0.7789580225944519 0.3141089975833893
vt 0.779105007648468 0.925432026386261
vt 0.779213011264801 0.028310000896453857
vt 0.7805079817771912 0.8844450116157532
vt 0.7806779742240906 0.604278028011322
vt 0.7808679938316345 0.7597759962081909
vt 0.7812269926071167 0.3714660108089447
vt 0.7812269926071167 0.4334070086479187
vt 0.7817310094833374 0.8237770199775696
vt 0.7818480134010315 0.14807799458503723
vt 0.7819719910621643 0.16316600143909454
vt 0.7820510268211365 0.2629289925098419
vt 0.7821369767189026 0.6368280053138733
vt 0.7825220227241516 0.58468097448349
vt 0.7828850150108337 0.5170279741287231
vt 0.782908022403717 0.2978909909725189
vt 0.782908022403717 0.3524149954319
vt 0.7830010056495667 0.9555010199546814
vt 0.7830010056495667 0.967628002166748
vt 0.7831220030784607 0.4515489935874939
vt 0.7833229899406433 0.8991529941558838
vt 0.7833229899406433 0.9269440174102783
vt 0.7833229899406433 0.9308940172195435
vt 0.7833229899406433 0.9515510201454163
vt 0.7835929989814758 0.6031460165977478
vt 0.7836269736289978 0.11980199813842773
vt 0.7837070226669312 0.30820098519325256
vt 0.7841789722442627 0.20816199481487274
vt 0.7841950058937073 0.12375199794769287
vt 0.7841950058937073 0.1438709944486618
vt 0.7842839956283569 0.09605199843645096
vt 0.7843390107154846 0.5338299870491028
vt 0.7844099998474121 0.6481720209121704
vt 0.7844589948654175 0.8548340201377869
vt 0.7844589948654175 0.8952019810676575
vt 0.785086989402771 0.4387589991092682
vt 0.785086989402771 0.5130320191383362
vt 0.7852439880371094 0.369500994682312
vt 0.785398006439209 0.8750749826431274
vt 0.7854520082473755 0.6646890044212341
vt 0.7856979966163635 0.2939409911632538
vt 0.7860289812088013 0.7184450030326843
vt 0.7860289812088013 0.780368983745575
vt 0.7861070036888123 0.5258910059928894
vt 0.7863649725914001 0.15500099956989288
vt 0.7866939902305603 0.040658000856637955
vt 0.7874429821968079 0.7984790205955505
vt 0.787542998790741 0.6190199851989746
vt 0.7877799868583679 0.8277270197868347
vt 0.7877799868583679 0.8508840203285217
vt 0.7879329919815063 0.2317419946193695
vt 0.7879329919815063 0.2640169858932495
vt 0.7880269885063171 0.18864800035953522
vt 0.7880359888076782 0.054072000086307526
vt 0.7882339954376221 0.05802199989557266
vt 0.7882339954376221 0.13234500586986542
vt 0.7882339954376221 0.13815000653266907
vt 0.7887120246887207 0.5302140116691589
vt 0.7889009714126587 0.582194983959198
vt 0.7890369892120361 0.4553000032901764
vt 0.7892850041389465 0.9648550152778625
vt 0.7892860174179077 0.948153018951416
vt 0.7893109917640686 0.5130320191383362
vt 0.789385974407196 0.07803100347518921
vt 0.7894020080566406 0.6765779852867126
vt 0.7894660234451294 0.8739110231399536
vt 0.7894660234451294 0.9215499758720398
vt 0.7899789810180664 0.7386090159416199
vt 0.7902039885520935 0.5895270109176636
vt 0.791923999786377 0.7507110238075256
vt 0.7919769883155823 0.16886800527572632
vt 0.7919769883155823 0.2664569914340973
vt 0.7919859886169434 0.0019749999046325684
vt 0.7919859886169434 0.027597999200224876
vt 0.7920169830322266 0.14807799458503723
vt 0.7925770282745361 0.28823500871658325
vt 0.79305100440979 0.3100210130214691
vt 0.7934179902076721 0.8025360107421875
vt 0.7934179902076721 0.8546900153160095
vt 0.7934179902076721 0.8586410284042358
vt 0.7934179902076721 0.8898630142211914
vt 0.7934179902076721 0.9281650185585022
vt 0.7934179902076721 0.9394059777259827
vt 0.7934179902076721 0.9564629793167114
vt 0.7934179902076721 0.9679610133171082
vt 0.7934679985046387 0.7184450030326843
vt 0.7936739921569824 0.7773510217666626
vt 0.7939310073852539 0.7299420237541199
vt 0.7942669987678528 0.9183260202407837
vt 0.7943390011787415 0.3940480053424835
vt 0.7943390011787415 0.46192899346351624
vt 0.794393002986908 0.13629500567913055
vt 0.794393002986908 0.1439809948205948
vt 0.7944629788398743 0.8815289735794067
vt 0.794471025466919 0.6725339889526367
vt 0.7947940230369568 0.2427240014076233
vt 0.7952759861946106 0.13072900474071503
vt 0.7952859997749329 0.5986170172691345
vt 0.7963619828224182 0.5349529981613159
vt 0.7963619828224182 0.5925719738006592
vt 0.7966660261154175 0.06344600021839142
vt 0.7972729802131653 0.6183890104293823
vt 0.7973979711532593 0.7021750211715698
vt 0.797402024269104 0.08508499711751938
vt 0.798005998134613 0.17212200164794922
vt 0.7982890009880066 0.3940480053424835
vt 0.7982890009880066 0.43177300691604614
vt 0.7982890009880066 0.4683209955692291
vt 0.7982890009880066 0.516061007976532
vt 0.7986279726028442 0.9604129791259766
vt 0.7986279726028442 0.9719849824905396
vt 0.7988190054893494 0.1559869945049286
vt 0.7988190054893494 0.23877400159835815
vt 0.7988870143890381 0.3034679889678955
vt 0.7988870143890381 0.35636499524116516
vt 0.7988870143890381 0.3857710063457489
vt 0.7989199757575989 0.6362720131874084
vt 0.7995169758796692 0.6812649965286255
vt 0.7999020218849182 0.9490460157394409
vt 0.8000149726867676 0.6481720209121704
vt 0.8000149726867676 0.7129390239715576
vt 0.800275981426239 0.7394660115242004
vt 0.8003119826316833 0.5302140116691589
vt 0.8003119826316833 0.5734459757804871
vt 0.8007169961929321 0.72011798620224
vt 0.8007659912109375 0.8907740116119385
vt 0.800786018371582 0.9137880206108093
vt 0.800786018371582 0.9354559779167175
vt 0.8011969923973083 0.2713110148906708
vt 0.801222026348114 0.04709799960255623
vt 0.8013520240783691 0.072843998670578
vt 0.8013520240783691 0.11828099936246872
vt 0.8024510145187378 0.018185999244451523
vt 0.802685022354126 0.8854789733886719
vt 0.802685022354126 0.9098380208015442
vt 0.8027359843254089 0.7314910292625427
vt 0.8027359843254089 0.7734000086784363
vt 0.8027359843254089 0.7868090271949768
vt 0.8027359843254089 0.8296650052070618
vt 0.8027690052986145 0.14807799458503723
vt 0.8027690052986145 0.2116360068321228
vt 0.8027690052986145 0.238646999001503
vt 0.8028380274772644 0.3084850013256073
vt 0.8028380274772644 0.38927599787712097
vt 0.8030639886856079 0.18392400443553925
vt 0.8032910227775574 0.8346099853515625
vt 0.8038520216941833 0.9394059777259827
vt 0.8038520216941833 0.9635859727859497
vt 0.8039649724960327 0.6481720209121704
vt 0.8039649724960327 0.6573020219802856
vt 0.8041960000991821 0.45996400713920593
vt 0.8042510151863098 0.6091219782829285
vt 0.8044829964637756 0.5965269804000854
vt 0.8044829964637756 0.6396639943122864
vt 0.8052989840507507 0.46817201375961304
vt 0.8056420087814331 0.37386199831962585
vt 0.806617021560669 0.9602609872817993
vt 0.8066350221633911 0.8854789733886719
vt 0.8066350221633911 0.9011290073394775
vt 0.8066859841346741 0.7560840249061584
vt 0.8066859841346741 0.8059499859809875
vt 0.8069319725036621 0.8586410284042358
vt 0.8069530129432678 0.4560140073299408
vt 0.8078240156173706 0.010684999637305737
vt 0.8078550100326538 0.2325969934463501
vt 0.807898998260498 0.2462420016527176
vt 0.807898998260498 0.2850469946861267
vt 0.8079609870910645 0.7864770293235779
vt 0.8084329962730408 0.5832499861717224
vt 0.8084329962730408 0.6396639943122864
vt 0.8090850114822388 0.4235619902610779
vt 0.8092259764671326 0.7341020107269287
vt 0.8092439770698547 0.7184450030326843
vt 0.809581995010376 0.36991098523139954
vt 0.8097220063209534 0.8886479735374451
vt 0.8100320100784302 0.47264599800109863
vt 0.8101639747619629 0.38927599787712097
vt 0.8102309703826904 0.6776469945907593
vt 0.8107720017433167 0.07982999831438065
vt 0.8108239769935608 0.2978909909725189
vt 0.8108239769935608 0.30860498547554016
vt 0.8108879923820496 0.11479999870061874
vt 0.810929000377655 0.9143289923667908
vt 0.810929000377655 0.925225019454956
vt 0.810929000377655 0.9461629986763
vt 0.810929000377655 0.9501129984855652
vt 0.810929000377655 0.9608619809150696
vt 0.8116970062255859 0.7111799716949463
vt 0.8117740154266357 0.031046999618411064
vt 0.8117859959602356 0.8336150050163269
vt 0.8117859959602356 0.8505250215530396
vt 0.8118489980697632 0.2287839949131012
vt 0.8118489980697632 0.28823500871658325
vt 0.8123949766159058 0.905942976474762
vt 0.8124279975891113 0.8039780259132385
vt 0.8130350112915039 0.40715599060058594
vt 0.8133599758148193 0.6562849879264832
vt 0.8133779764175415 0.14822299778461456
vt 0.8133779764175415 0.20768600702285767
vt 0.813785970211029 0.9112719893455505
vt 0.813821017742157 0.14121900498867035
vt 0.8138269782066345 0.05802199989557266
vt 0.8138269782066345 0.11084999889135361
vt 0.8139110207557678 0.5784260034561157
vt 0.8139200210571289 0.8764669895172119
vt 0.8139820098876953 0.45996400713920593
vt 0.8139820098876953 0.4944539964199066
vt 0.8142589926719666 0.5350630283355713
vt 0.8147749900817871 0.30113399028778076
vt 0.8147749900817871 0.36194801330566406
vt 0.8151019811630249 0.7527539730072021
vt 0.8151019811630249 0.7707870006561279
vt 0.815542995929718 0.5185750126838684
vt 0.8166329860687256 0.13285399973392487
vt 0.817018985748291 0.8422279953956604
vt 0.8171939849853516 0.3579980134963989
vt 0.8173109889030457 0.6770510077476501
vt 0.8173109889030457 0.690559983253479
vt 0.8173279762268066 0.14807799458503723
vt 0.8173279762268066 0.18647700548171997
vt 0.8173279762268066 0.20438499748706818
vt 0.817637026309967 0.9357609748840332
vt 0.8177769780158997 0.05146399885416031
vt 0.8177769780158997 0.09586799889802933
vt 0.8183159828186035 0.5225250124931335
vt 0.8183159828186035 0.5566440224647522
vt 0.8184300065040588 0.11084999889135361
vt 0.8184990286827087 0.2626760005950928
vt 0.8186420202255249 0.6295480132102966
vt 0.8187260031700134 0.2511320114135742
vt 0.81905198097229 0.741936981678009
vt 0.81905198097229 0.7802309989929199
vt 0.8198109865188599 0.38434699177742004
vt 0.8200479745864868 0.9558680057525635
vt 0.8206679821014404 0.8293099999427795
vt 0.8206859827041626 0.9019929766654968
vt 0.8211470246315002 0.7184450030326843
vt 0.8212490081787109 0.3933039903640747
vt 0.8212490081787109 0.4560140073299408
vt 0.821295976638794 0.6504899859428406
vt 0.8214300274848938 0.36429500579833984
vt 0.8215559720993042 0.2579739987850189
vt 0.8217049837112427 0.11556799709796906
vt 0.8217049837112427 0.14409300684928894
vt 0.8218780159950256 0.905942976474762
vt 0.8218839764595032 0.7628939747810364
vt 0.8224560022354126 0.3572230041027069
vt 0.82259202003479 0.5638189911842346
vt 0.82259202003479 0.6396639943122864
vt 0.8229479789733887 0.4650129973888397
vt 0.8229479789733887 0.52531498670578
vt 0.8231189846992493 0.2978909909725189
vt 0.8231189846992493 0.3422519862651825
vt 0.8232300281524658 0.7904279828071594
vt 0.8232300281524658 0.8253600001335144
vt 0.8232300281524658 0.8384649753570557
vt 0.8232300281524658 0.8725169897079468
vt 0.8232300281524658 0.8764669895172119
vt 0.8232300281524658 0.9212750196456909
vt 0.8234779834747314 0.7094849944114685
vt 0.8237860202789307 0.1904270052909851
vt 0.8238480091094971 0.10040300339460373
vt 0.8251990079879761 0.4519839882850647
vt 0.8255069851875305 0.2304230034351349
vt 0.8255280256271362 0.22428399324417114
vt 0.8260999917984009 0.05471299961209297
vt 0.8262220025062561 0.02042900025844574
vt 0.8266519904136658 0.771049976348877
vt 0.826653003692627 0.3979159891605377
vt 0.8267369866371155 0.0019749999046325684
vt 0.8267369866371155 0.03952199965715408
vt 0.8268679976463318 0.2868660092353821
vt 0.8268979787826538 0.45996400713920593
vt 0.8268979787826538 0.5050770044326782
vt 0.8268979787826538 0.5160290002822876
vt 0.8270699977874756 0.32434898614883423
vt 0.827180027961731 0.7994179725646973
vt 0.827180027961731 0.8678410053253174
vt 0.827180027961731 0.8758310079574585
vt 0.827180027961731 0.8892509937286377
vt 0.827180027961731 0.9092239737510681
vt 0.827180027961731 0.926476001739502
vt 0.827180027961731 0.9442300200462341
vt 0.827180027961731 0.9481800198554993
vt 0.827180027961731 0.9593319892883301
vt 0.827180027961731 0.9673590064048767
vt 0.8272299766540527 0.15122899413108826
vt 0.8272669911384583 0.5553280115127563
vt 0.827521026134491 0.6360859870910645
vt 0.8275250196456909 0.6627060174942017
vt 0.8281670212745667 0.5703099966049194
vt 0.828889012336731 0.8339660167694092
vt 0.8297939896583557 0.5357189774513245
vt 0.8298770189285278 0.8644130229949951
vt 0.8300510048866272 0.09012799710035324
vt 0.8300510048866272 0.1417050063610077
vt 0.8301259875297546 0.7143920063972473
vt 0.8302140235900879 0.4903079867362976
vt 0.8304470181465149 0.29942798614501953
vt 0.8306019902229309 0.7213050127029419
vt 0.8306869864463806 0.0019749999046325684
vt 0.8306869864463806 0.034269001334905624
vt 0.8309929966926575 0.01462399959564209
vt 0.8311030268669128 0.7904279828071594
vt 0.831233024597168 0.19168800115585327
vt 0.831233024597168 0.21818000078201294
vt 0.831275999546051 0.690559983253479
vt 0.8313599824905396 0.8990070223808289
vt 0.8317769765853882 0.6481720209121704
vt 0.8317769765853882 0.6866099834442139
vt 0.8317890167236328 0.17690600454807281
vt 0.8319569826126099 0.8578069806098938
vt 0.8319829702377319 0.38942500948905945
vt 0.8319829702377319 0.4560140073299408
vt 0.8320130109786987 0.9632819890975952
vt 0.8320130109786987 0.9735230207443237
vt 0.8321170210838318 0.5668190121650696
vt 0.8321170210838318 0.6372100114822388
vt 0.8324080109596252 0.0984639972448349
vt 0.8326150178909302 0.8454830050468445
vt 0.8327739834785461 0.47507598996162415
vt 0.8328099846839905 0.5090270042419434
vt 0.832912027835846 0.5760040283203125
vt 0.8335109949111938 0.2287839949131012
vt 0.8335109949111938 0.287647008895874
vt 0.833869993686676 0.8812440037727356
vt 0.8343300223350525 0.06676500290632248
vt 0.8350110054016113 0.9313759803771973
vt 0.8351830244064331 0.20972999930381775
vt 0.8355280160903931 0.36194801330566406
vt 0.8357279896736145 0.6729239821434021
vt 0.835739016532898 0.14807799458503723
vt 0.835739016532898 0.19993500411510468
vt 0.8359330296516418 0.4024600088596344
vt 0.8359339833259583 0.2978909909725189
vt 0.8359339833259583 0.3514159917831421
vt 0.8362100124359131 0.9506819844245911
vt 0.8363760113716125 0.8408970236778259
vt 0.8363760113716125 0.8718810081481934
vt 0.8364800214767456 0.21800599992275238
vt 0.8367639780044556 0.4830529987812042
vt 0.8368330001831055 0.902957022190094
vt 0.8368330001831055 0.9225249886512756
vt 0.8374099731445312 0.5146390199661255
vt 0.8374099731445312 0.5357480049133301
vt 0.837460994720459 0.2287839949131012
vt 0.837460994720459 0.2747179865837097
vt 0.837460994720459 0.27866798639297485
vt 0.837460994720459 0.2934249937534332
vt 0.8378159999847412 0.8867830038070679
vt 0.8380240201950073 0.830016016960144
vt 0.838030993938446 0.7184450030326843
vt 0.838030993938446 0.777163028717041
vt 0.8381159901618958 0.49326398968696594
vt 0.8382689952850342 0.5638189911842346
vt 0.8382689952850342 0.6303250193595886
vt 0.8394780158996582 0.36632800102233887
vt 0.8394780158996582 0.3720790147781372
vt 0.8396369814872742 0.7102739810943604
vt 0.8397499918937683 0.042785000056028366
vt 0.8398280143737793 0.7956770062446594
vt 0.8398280143737793 0.8253970146179199
vt 0.8398839831352234 0.30526798963546753
vt 0.8398839831352234 0.35182899236679077
vt 0.8402789831161499 0.3304699957370758
vt 0.8410069942474365 0.1417050063610077
vt 0.8412529826164246 0.6342750191688538
vt 0.8412529826164246 0.6441559791564941
vt 0.8413010239601135 0.05146399885416031
vt 0.8413010239601135 0.09451399743556976
vt 0.8413599729537964 0.5111410021781921
vt 0.8419619798660278 0.38942500948905945
vt 0.8419619798660278 0.4537999927997589
vt 0.8419809937477112 0.7184450030326843
vt 0.8419809937477112 0.7735360264778137
vt 0.8419809937477112 0.7864680290222168
vt 0.8420659899711609 0.45996400713920593
vt 0.8420659899711609 0.5003690123558044
vt 0.842162013053894 0.8909209966659546
vt 0.842162013053894 0.9327570199966431
vt 0.842162013053894 0.9475910067558289
vt 0.842162013053894 0.9646739959716797
vt 0.8422189950942993 0.597445011138916
vt 0.8423889875411987 0.009014000184834003
vt 0.8425059914588928 0.6481720209121704
vt 0.8425059914588928 0.6799579858779907
vt 0.8428590297698975 0.9241679906845093
vt 0.843218982219696 0.46624699234962463
vt 0.8437790274620056 0.7904279828071594
vt 0.8437790274620056 0.8499429821968079
vt 0.8437790274620056 0.8658480048179626
vt 0.8439120054244995 0.90276700258255
vt 0.8442950248718262 0.15749399363994598
vt 0.8445029854774475 0.9436709880828857
vt 0.8452510237693787 0.05146399885416031
vt 0.8452510237693787 0.1084590032696724
vt 0.8452510237693787 0.11240900307893753
vt 0.8452510237693787 0.14374899864196777
vt 0.845661997795105 0.9539300203323364
vt 0.8458660244941711 0.2589559853076935
vt 0.845911979675293 0.41254401206970215
vt 0.845911979675293 0.4300859868526459
vt 0.845911979675293 0.4500750005245209
vt 0.8463389873504639 0.023458000272512436
vt 0.8463389873504639 0.044172998517751694
vt 0.8464570045471191 0.6442220211029053
vt 0.8464570045471191 0.6913779973983765
vt 0.8464570045471191 0.7083569765090942
vt 0.8464879989624023 0.2978909909725189
vt 0.8466789722442627 0.5638189911842346
vt 0.8467730283737183 0.28091201186180115
vt 0.8470669984817505 0.7774860262870789
vt 0.8471570014953613 0.2420790046453476
vt 0.8471670150756836 0.3711020052433014
vt 0.8472440242767334 0.31331101059913635
vt 0.8474360108375549 0.3367629945278168
vt 0.8474429845809937 0.49259400367736816
vt 0.8477010130882263 0.0019749999046325684
vt 0.8482450246810913 0.1858389973640442
vt 0.848484992980957 0.39394301176071167
vt 0.84859699010849 0.7723730206489563
vt 0.8487259745597839 0.6006029844284058
vt 0.8487610220909119 0.6821569800376892
vt 0.8487719893455505 0.4691070020198822
vt 0.8487769961357117 0.9484859704971313
vt 0.848954975605011 0.15485799312591553
vt 0.8489750027656555 0.696465015411377
vt 0.8489969968795776 0.7864680290222168
vt 0.84928297996521 0.7257289886474609
vt 0.8495659828186035 0.5090270042419434
vt 0.8495659828186035 0.5592120289802551
vt 0.849897027015686 0.9646739959716797
vt 0.8499590158462524 0.7913359999656677
vt 0.8508689999580383 0.5814549922943115
vt 0.8508689999580383 0.6116420030593872
vt 0.8510079979896545 0.1296209990978241
vt 0.8511070013046265 0.26701200008392334
vt 0.8511919975280762 0.9153739809989929
vt 0.8511919975280762 0.9335569739341736
vt 0.8513860106468201 0.2978909909725189
vt 0.8513860106468201 0.3414910137653351
vt 0.851652979850769 0.1433030068874359
vt 0.8516680002212524 0.05331699922680855
vt 0.851701021194458 0.37706899642944336
vt 0.8518419861793518 0.9375069737434387
vt 0.8518419861793518 0.9499800205230713
vt 0.8521109819412231 0.434035986661911
vt 0.8521109819412231 0.45556700229644775
vt 0.8523269891738892 0.6206740140914917
vt 0.8524410128593445 0.38434699177742004
vt 0.8524889945983887 0.8937780261039734
vt 0.8524889945983887 0.9114239811897278
vt 0.8525580167770386 0.4919399917125702
vt 0.8525769710540771 0.35646501183509827
vt 0.852869987487793 0.853892982006073
vt 0.852869987487793 0.8867549896240234
vt 0.8531439900398254 0.40907201170921326
vt 0.8532329797744751 0.7184450030326843
vt 0.8532329797744751 0.7682740092277527
vt 0.8532329797744751 0.7722240090370178
vt 0.8532329797744751 0.7861059904098511
vt 0.8532869815826416 0.18220800161361694
vt 0.8533260226249695 0.20552000403404236
vt 0.8533260226249695 0.22428399324417114
vt 0.8535159826278687 0.5090280175209045
vt 0.853531002998352 0.36809998750686646
vt 0.8535630106925964 0.01181699987500906
vt 0.8536499738693237 0.6785100102424622
vt 0.8538100123405457 0.5309839844703674
vt 0.8539090156555176 0.7952439785003662
vt 0.8539090156555176 0.8243119716644287
vt 0.8541690111160278 0.7004150152206421
vt 0.8541690111160278 0.7140809893608093
vt 0.8542709946632385 0.6481720209121704
vt 0.8542709946632385 0.6933389902114868
vt 0.8548189997673035 0.5802540183067322
vt 0.855226993560791 0.6274669766426086
vt 0.8556180000305176 0.10006800293922424
vt 0.8556180000305176 0.11401700228452682
vt 0.855692982673645 0.38942500948905945
vt 0.8557800054550171 0.03930500149726868
vt 0.8559439778327942 0.41614699363708496
vt 0.856440007686615 0.9075980186462402
vt 0.856440007686615 0.9115480184555054
vt 0.856440007686615 0.9320489764213562
vt 0.856440007686615 0.9414160251617432
vt 0.856440007686615 0.9685549736022949
vt 0.8565080165863037 0.4391629993915558
vt 0.8565080165863037 0.5003690123558044
vt 0.8565899729728699 0.9580540060997009
vt 0.8565940260887146 0.570455014705658
vt 0.8566550016403198 0.14807799458503723
vt 0.8566550016403198 0.1932770013809204
vt 0.8567119836807251 0.2287839949131012
vt 0.8567119836807251 0.287896990776062
vt 0.8573079705238342 0.8976699709892273
vt 0.8575670123100281 0.3454410135746002
vt 0.8575670123100281 0.37686100602149963
vt 0.8582209944725037 0.6481720209121704
vt 0.8582209944725037 0.6940190196037292
vt 0.8582209944725037 0.6979690194129944
vt 0.8590700030326843 0.6366509795188904
vt 0.859686017036438 0.8930349946022034
vt 0.8597300052642822 0.03125999867916107
vt 0.8598939776420593 0.38166800141334534
vt 0.8598939776420593 0.4300859868526459
vt 0.8598970174789429 0.575797975063324
vt 0.8598989844322205 0.7186880111694336
vt 0.8600680232048035 0.30961400270462036
vt 0.8600680232048035 0.36354300379753113
vt 0.8602780103683472 0.5552300214767456
vt 0.8603860139846802 0.8559250235557556
vt 0.8603860139846802 0.8869699835777283
vt 0.8604300022125244 0.7664110064506531
vt 0.860605001449585 0.17350399494171143
vt 0.8606290221214294 0.8388869762420654
vt 0.8606619834899902 0.20899300277233124
vt 0.8606619834899902 0.2287839949131012
vt 0.8606619834899902 0.2797060012817383
vt 0.8606619834899902 0.2899090051651001
vt 0.8608850240707397 0.003333000000566244
vt 0.8609229922294617 0.7904279828071594
vt 0.8609319925308228 0.6442220211029053
vt 0.8610810041427612 0.9043049812316895
vt 0.8613479733467102 0.8180590271949768
vt 0.8614630103111267 0.9639009833335876
vt 0.8614630103111267 0.9706079959869385
vt 0.8615000247955322 0.12739600241184235
vt 0.8615000247955322 0.50941002368927
vt 0.8615000247955322 0.5295630097389221
vt 0.8616179823875427 0.44675299525260925
vt 0.8616629838943481 0.5638189911842346
vt 0.8616629838943481 0.6148099899291992
vt 0.8619189858436584 0.18974299728870392
vt 0.8622699975967407 0.05146399885416031
vt 0.8622699975967407 0.10325100272893906
vt 0.8629080057144165 0.9359999895095825
vt 0.8629080057144165 0.9541040062904358
vt 0.864018976688385 0.2978909909725189
vt 0.864018976688385 0.36506301164627075
vt 0.8643800020217896 0.7184450030326843
vt 0.8643800020217896 0.7273349761962891
vt 0.8647509813308716 0.9126669764518738
vt 0.8648819923400879 0.6246070265769958
vt 0.8648819923400879 0.6442220211029053
vt 0.8651670217514038 0.8909209966659546
vt 0.8652979731559753 0.8013319969177246
vt 0.8654509782791138 0.527538001537323
vt 0.8654860258102417 0.1402750015258789
vt 0.865568995475769 0.44058600068092346
vt 0.8656129837036133 0.5638189911842346
vt 0.8656129837036133 0.6203470230102539
vt 0.8657919764518738 0.9623039960861206
vt 0.8657919764518738 0.9734870195388794
vt 0.8660730123519897 0.17822499573230743
vt 0.8660740256309509 0.6614030003547668
vt 0.8662199974060059 0.07348000258207321
vt 0.8662199974060059 0.09442500025033951
vt 0.8665270209312439 0.10720200091600418
vt 0.8665270209312439 0.12852199375629425
vt 0.866582989692688 0.774383008480072
vt 0.8666380047798157 0.0019749999046325684
vt 0.8669180274009705 0.2836560010910034
vt 0.8669180274009705 0.2938520014286041
vt 0.8671050071716309 0.4273180067539215
vt 0.8671079874038696 0.2374279946088791
vt 0.8671619892120361 0.14807799458503723
vt 0.8671619892120361 0.1987999975681305
vt 0.8675180077552795 0.014209999702870846
vt 0.8675180077552795 0.04579700157046318
vt 0.8679450154304504 0.35508298873901367
vt 0.8679550290107727 0.7064350247383118
vt 0.8682640194892883 0.7676529884338379
vt 0.8691819906234741 0.7990229725837708
vt 0.869862973690033 0.7904279828071594
vt 0.869862973690033 0.8519750237464905
vt 0.869862973690033 0.8669959902763367
vt 0.869862973690033 0.9075980186462402
vt 0.8700240254402161 0.6481720209121704
vt 0.8700240254402161 0.6688479781150818
vt 0.8703100085258484 0.5662559866905212
vt 0.8704259991645813 0.9676219820976257
vt 0.870477020740509 0.10339199751615524
vt 0.8705090284347534 0.6306769847869873
vt 0.8706849813461304 0.615664005279541
vt 0.8709499835968018 0.7225040197372437
vt 0.8710439801216125 0.05146399885416031
vt 0.8710439801216125 0.4391629993915558
vt 0.8710439801216125 0.4935539960861206
vt 0.871055006980896 0.40317100286483765
vt 0.871055006980896 0.4179059863090515
vt 0.871055006980896 0.42185699939727783
vt 0.871055006980896 0.43463799357414246
vt 0.8710579872131348 0.2818790078163147
vt 0.8711119890213013 0.15361499786376953
vt 0.871275007724762 0.7143610119819641
vt 0.8713610172271729 0.6903740167617798
vt 0.8714680075645447 0.03599200025200844
vt 0.8714690208435059 0.02419999986886978
vt 0.8716380000114441 0.6785370111465454
vt 0.8718630075454712 0.5090270042419434
vt 0.8718630075454712 0.5585619807243347
vt 0.8718960285186768 0.2978909909725189
vt 0.8718960285186768 0.32958900928497314
vt 0.8718960285186768 0.3335390090942383
vt 0.8718960285186768 0.34836798906326294
vt 0.8721920251846313 0.19513699412345886
vt 0.8722519874572754 0.9375590085983276
vt 0.8722519874572754 0.9451000094413757
vt 0.8732609748840332 0.09051000326871872
vt 0.8735849857330322 0.22483399510383606
vt 0.8737369775772095 0.07466199994087219
vt 0.8738129734992981 0.8125770092010498
vt 0.8738129734992981 0.8383030295372009
vt 0.8738129734992981 0.8610180020332336
vt 0.8738129734992981 0.872730016708374
vt 0.8738129734992981 0.8963509798049927
vt 0.8738129734992981 0.9189760088920593
vt 0.8739410042762756 0.31815001368522644
vt 0.8741359710693359 0.20484399795532227
vt 0.8742319941520691 0.1193469986319542
vt 0.8743759989738464 0.9652090072631836
vt 0.8746119737625122 0.6979690194129944
vt 0.8746349811553955 0.5638189911842346
vt 0.8746349811553955 0.597760021686554
vt 0.8746349811553955 0.6017100214958191
vt 0.8746349811553955 0.6373299956321716
vt 0.8748999834060669 0.7184450030326843
vt 0.8748999834060669 0.7720590233802795
vt 0.8749210238456726 0.20899300277233124
vt 0.8749939799308777 0.2287839949131012
vt 0.8749939799308777 0.29096999764442444
vt 0.8749939799308777 0.4391629993915558
vt 0.8749939799308777 0.47350698709487915
vt 0.8749939799308777 0.4945090115070343
vt 0.8750519752502441 0.7904279828071594
vt 0.8750659823417664 0.16949599981307983
vt 0.8752800226211548 0.752502977848053
vt 0.875370979309082 0.9636319875717163
vt 0.8754109740257263 0.14807799458503723
vt 0.8754109740257263 0.1960660070180893
vt 0.8754770159721375 0.8924000263214111
vt 0.8756049871444702 0.38166800141334534
vt 0.8758130073547363 0.4989370107650757
vt 0.8758130073547363 0.5585619807243347
vt 0.8764870166778564 0.7582640051841736
vt 0.8771179914474487 0.3681890070438385
vt 0.8772280216217041 0.6805369853973389
vt 0.8775200247764587 0.6668469905853271
vt 0.8775240182876587 0.02131200022995472
vt 0.8776869773864746 0.05146399885416031
vt 0.8776869773864746 0.08753799647092819
vt 0.8777779936790466 0.48299700021743774
vt 0.8781750202178955 0.1004289984703064
vt 0.8781750202178955 0.1402750015258789
vt 0.8784800171852112 0.4109629988670349
vt 0.8785399794578552 0.9416049718856812
vt 0.8785399794578552 0.9583539962768555
vt 0.8785399794578552 0.9623039960861206
vt 0.8785399794578552 0.9746590256690979
vt 0.8789439797401428 0.28304898738861084
vt 0.8789569735527039 0.7631769776344299
vt 0.8793609738349915 0.16360099613666534
vt 0.8793619871139526 0.18589100241661072
vt 0.8793619871139526 0.2208479940891266
vt 0.879423975944519 0.5567870140075684
vt 0.8794559836387634 0.42281100153923035
vt 0.8796060085296631 0.40623900294303894
vt 0.8805670142173767 0.33725500106811523
vt 0.8812689781188965 0.047182999551296234
vt 0.8813689947128296 0.03599200025200844
vt 0.8814700245857239 0.6505429744720459
vt 0.8814700245857239 0.6817460060119629
vt 0.8814700245857239 0.685696005821228
vt 0.8814700245857239 0.7026450037956238
vt 0.8816429972648621 0.3133769929409027
vt 0.8818820118904114 0.0019749999046325684
vt 0.8818820118904114 0.0320420004427433
vt 0.8821250200271606 0.1004289984703064
vt 0.8825550079345703 0.8277750015258789
vt 0.8825939893722534 0.9084969758987427
vt 0.8826709985733032 0.91497802734375
vt 0.8826709985733032 0.9229270219802856
vt 0.8826709985733032 0.937654972076416
vt 0.8827720284461975 0.4774569869041443
vt 0.8828020095825195 0.2287839949131012
vt 0.8828020095825195 0.28497201204299927
vt 0.8828369975090027 0.8649680018424988
vt 0.8828369975090027 0.8898789882659912
vt 0.8828970193862915 0.8053669929504395
vt 0.8828970193862915 0.8238250017166138
vt 0.882902979850769 0.6245430111885071
vt 0.8829429745674133 0.8513140082359314
vt 0.8830310106277466 0.7188249826431274
vt 0.8830310106277466 0.7543129920959473
vt 0.8833739757537842 0.4989370107650757
vt 0.8833739757537842 0.5399270057678223
vt 0.8833739757537842 0.5509999990463257
vt 0.8835039734840393 0.5751389861106873
vt 0.8835560083389282 0.38166800141334534
vt 0.8835560083389282 0.4172869920730591
vt 0.8835560083389282 0.42218101024627686
vt 0.8836010098457336 0.45344099402427673
vt 0.8836780190467834 0.17250999808311462
vt 0.8845170140266418 0.3586939871311188
vt 0.8845170140266418 0.3774789869785309
vt 0.8846499919891357 0.1551869958639145
vt 0.88468998670578 0.18357999622821808
vt 0.8849920034408569 0.7677329778671265
vt 0.8849920034408569 0.7858949899673462
vt 0.8855569958686829 0.559794008731842
vt 0.8855779767036438 0.05768800154328346
vt 0.8855929970741272 0.2948969900608063
vt 0.8855929970741272 0.32958900928497314
vt 0.8858320116996765 0.023132000118494034
vt 0.8858320116996765 0.04387199878692627
vt 0.886451005935669 0.13974399864673615
vt 0.8867400288581848 0.21689100563526154
vt 0.8867520093917847 0.2287839949131012
vt 0.8867520093917847 0.2850320041179657
vt 0.8868470191955566 0.819346010684967
vt 0.8868929743766785 0.8277750015258789
vt 0.8868929743766785 0.870943009853363
vt 0.8868929743766785 0.8748930096626282
vt 0.8868929743766785 0.9003869891166687
vt 0.8868929743766785 0.904338002204895
vt 0.8868929743766785 0.9251030087471008
vt 0.8868929743766785 0.929053008556366
vt 0.8868929743766785 0.948415994644165
vt 0.8868929743766785 0.9549099802970886
vt 0.8868929743766785 0.9638199806213379
vt 0.8869019746780396 0.6255000233650208
vt 0.8869019746780396 0.6436129808425903
vt 0.8869810104370117 0.7230679988861084
vt 0.8874539732933044 0.5638189911842346
vt 0.8874539732933044 0.6211090087890625
vt 0.8875510096549988 0.4511890113353729
vt 0.8875510096549988 0.46667900681495667
vt 0.8879200220108032 0.6481720209121704
vt 0.888372004032135 0.6653969883918762
vt 0.8886280059814453 0.14807799458503723
vt 0.8886280059814453 0.17962999641895294
vt 0.8888909816741943 0.1004289984703064
vt 0.8889420032501221 0.7582640051841736
vt 0.8889420032501221 0.7851269841194153
vt 0.8893979787826538 0.5438770055770874
vt 0.8893979787826538 0.5541539788246155
vt 0.8895279765129089 0.052218999713659286
vt 0.8897219896316528 0.532010018825531
vt 0.8898019790649414 0.36860600113868713
vt 0.8899270296096802 0.6324020028114319
vt 0.8899270296096802 0.6761429905891418
vt 0.8899369835853577 0.4945090115070343
vt 0.8899499773979187 0.23289799690246582
vt 0.8903229832649231 0.5880640149116516
vt 0.89069002866745 0.18357999622821808
vt 0.89069002866745 0.21844500303268433
vt 0.8909749984741211 0.7002710103988647
vt 0.891228973865509 0.391975998878479
vt 0.8912370204925537 0.7066419720649719
vt 0.8912370204925537 0.7543129920959473
vt 0.8915110230445862 0.03948799893260002
vt 0.8915110230445862 0.04721900075674057
vt 0.8919500112533569 0.3774789869785309
vt 0.8920620083808899 0.8290039896965027
vt 0.8925780057907104 0.16058200597763062
vt 0.8926339745521545 0.7624040246009827
vt 0.8928409814834595 0.1004289984703064
vt 0.8928409814834595 0.13145999610424042
vt 0.8928409814834595 0.13540999591350555
vt 0.8928409814834595 0.1426520049571991
vt 0.8928999900817871 0.2085990011692047
vt 0.8930439949035645 0.30339300632476807
vt 0.8933320045471191 0.95906001329422
vt 0.8935530185699463 0.0019749999046325684
vt 0.8935530185699463 0.035537999123334885
vt 0.8936449885368347 0.3335390090942383
vt 0.8936449885368347 0.364656001329422
vt 0.8936700224876404 0.947172999382019
vt 0.893671989440918 0.5146759748458862
vt 0.893671989440918 0.5494379997253418
vt 0.8938770294189453 0.6798710227012634
vt 0.8938869833946228 0.48129498958587646
vt 0.8938869833946228 0.4945090115070343
vt 0.8938999772071838 0.23021000623703003
vt 0.8938999772071838 0.2785030007362366
vt 0.8941500186920166 0.7904009819030762
vt 0.8941500186920166 0.8238250017166138
vt 0.8942729830741882 0.5938820242881775
vt 0.8942729830741882 0.6039440035820007
vt 0.8944000005722046 0.05146399885416031
vt 0.8944000005722046 0.09458599984645844
vt 0.89444500207901 0.9523659944534302
vt 0.8948730230331421 0.4391629993915558
vt 0.8949249982833862 0.685696005821228
vt 0.8949249982833862 0.6961780190467834
vt 0.8951789736747742 0.38166800141334534
vt 0.8951789736747742 0.41202300786972046
vt 0.8951870203018188 0.7054600119590759
vt 0.8957089781761169 0.908607006072998
vt 0.8959800004959106 0.28829601407051086
vt 0.896012008190155 0.8277750015258789
vt 0.896012008190155 0.8612669706344604
vt 0.896012008190155 0.8708140254020691
vt 0.8964300155639648 0.878574013710022
vt 0.8965409994125366 0.1596599966287613
vt 0.8965839743614197 0.8573169708251953
vt 0.8966439962387085 0.6255000233650208
vt 0.8966439962387085 0.6817460060119629
vt 0.8968380093574524 0.4543060064315796
vt 0.8969230055809021 0.4212369918823242
vt 0.8969230055809021 0.43475401401519775
vt 0.8969950079917908 0.2948969900608063
vt 0.8969950079917908 0.32754600048065186
vt 0.8972449898719788 0.21185599267482758
vt 0.8975039720535278 0.0019749999046325684
vt 0.8975039720535278 0.04614099860191345
vt 0.8975949883460999 0.3335390090942383
vt 0.8975949883460999 0.3654190003871918
vt 0.8975949883460999 0.3694080114364624
vt 0.8975949883460999 0.37752199172973633
vt 0.8981000185012817 0.7904009819030762
vt 0.8981000185012817 0.8219199776649475
vt 0.8981019854545593 0.7003089785575867
vt 0.8981019854545593 0.7543129920959473
vt 0.8983190059661865 0.7849299907684326
vt 0.8983510136604309 0.05146399885416031
vt 0.8983510136604309 0.09559299796819687
vt 0.898531973361969 0.13669799268245697
vt 0.8989740014076233 0.14404000341892242
vt 0.8991850018501282 0.8433150053024292
vt 0.8993610143661499 0.2287839949131012
vt 0.8993610143661499 0.26736998558044434
vt 0.8996610045433044 0.12706300616264343
vt 0.9002799987792969 0.5638189911842346
vt 0.9002799987792969 0.5999940037727356
vt 0.90038001537323 0.8924630284309387
vt 0.90038001537323 0.9085710048675537
vt 0.90038001537323 0.9321140050888062
vt 0.90038001537323 0.9360640048980713
vt 0.90038001537323 0.9527300000190735
vt 0.9003810286521912 0.9566810131072998
vt 0.9003810286521912 0.9711440205574036
vt 0.9004960060119629 0.10171400010585785
vt 0.9005709886550903 0.14807799458503723
vt 0.9005709886550903 0.17814399302005768
vt 0.9005939960479736 0.6255000233650208
vt 0.9005939960479736 0.6777330040931702
vt 0.9007109999656677 0.4989370107650757
vt 0.9007880091667175 0.4391629993915558
vt 0.9007880091667175 0.47720101475715637
vt 0.9011269807815552 0.4916149973869324
vt 0.9011340141296387 0.4221479892730713
vt 0.9011769890785217 0.621304988861084
vt 0.9011960029602051 0.18717800080776215
vt 0.9015049934387207 0.3452639877796173
vt 0.9015139937400818 0.512690007686615
vt 0.9015139937400818 0.5293099880218506
vt 0.9016169905662537 0.02965099923312664
vt 0.9016540050506592 0.2891499996185303
vt 0.9020529985427856 0.7065380215644836
vt 0.9020529985427856 0.739109992980957
vt 0.9022690057754517 0.779043972492218
vt 0.9023740291595459 0.06796599924564362
vt 0.9027950167655945 0.3825579881668091
vt 0.9028739929199219 0.5332599878311157
vt 0.9028739929199219 0.5579509735107422
vt 0.9030879735946655 0.4350549876689911
vt 0.9031509757041931 0.8706780076026917
vt 0.9033100008964539 0.6885280013084412
vt 0.903311014175415 0.25833600759506226
vt 0.903427004814148 0.6759669780731201
vt 0.9035099744796753 0.3751299977302551
vt 0.903689980506897 0.32610198855400085
vt 0.9038090109825134 0.8277750015258789
vt 0.9042310118675232 0.576308012008667
vt 0.9044179916381836 0.36545801162719727
vt 0.904446005821228 0.1230119988322258
vt 0.904446005821228 0.13210099935531616
vt 0.9045220017433167 0.1507440060377121
vt 0.9050260186195374 0.7978360056877136
vt 0.9050859808921814 0.9660530090332031
vt 0.9053750038146973 0.7586380243301392
vt 0.9054639935493469 0.5029240250587463
vt 0.9054639935493469 0.5293099880218506
vt 0.9055669903755188 0.003607999999076128
vt 0.9059140086174011 0.4423219859600067
vt 0.906324028968811 0.034550998359918594
vt 0.906324028968811 0.04367100074887276
vt 0.906324028968811 0.06874299794435501
vt 0.906324028968811 0.08356499671936035
vt 0.9065110087394714 0.7003089785575867
vt 0.9066960215568542 0.8987889885902405
vt 0.906745970249176 0.38166800141334534
vt 0.906745970249176 0.41819798946380615
vt 0.9067860245704651 0.27132099866867065
vt 0.9067860245704651 0.2814289927482605
vt 0.906823992729187 0.5405449867248535
vt 0.906915009021759 0.6039440035820007
vt 0.9069430232048035 0.7243819832801819
vt 0.9070600271224976 0.18357999622821808
vt 0.9070600271224976 0.21844500303268433
vt 0.907069981098175 0.9253630042076111
vt 0.9071009755134583 0.8636220097541809
vt 0.9073770046234131 0.6340129971504211
vt 0.9073770046234131 0.6568809747695923
vt 0.9073770046234131 0.6608309745788574
vt 0.9073770046234131 0.6920999884605408
vt 0.9073839783668518 0.9088220000267029
vt 0.9074109792709351 0.5229250192642212
vt 0.9074820280075073 0.49460500478744507
vt 0.9075109958648682 0.9498879909515381
vt 0.9077469706535339 0.8748930096626282
vt 0.9077469706535339 0.9046199917793274
vt 0.9077600240707397 0.8446909785270691
vt 0.9083589911460876 0.2287839949131012
vt 0.9083589911460876 0.26631900668144226
vt 0.9083679914474487 0.3134100139141083
vt 0.9083679914474487 0.3173609972000122
vt 0.9083679914474487 0.35771599411964417
vt 0.9087610244750977 0.6255000233650208
vt 0.9087610244750977 0.7529810070991516
vt 0.9087610244750977 0.7851269841194153
vt 0.9089760184288025 0.7904009819030762
vt 0.9089760184288025 0.8207659721374512
vt 0.9092980027198792 0.38482001423835754
vt 0.9097620248794556 0.6816459894180298
vt 0.9098640084266663 0.4391629993915558
vt 0.9098640084266663 0.4701850116252899
vt 0.9098640084266663 0.4880419969558716
vt 0.9103189706802368 0.5001699924468994
vt 0.9107369780540466 0.2713199853897095
vt 0.9107369780540466 0.2993670105934143
vt 0.9108930230140686 0.7126209735870361
vt 0.9108930230140686 0.742222011089325
vt 0.9109280109405518 0.3035860061645508
vt 0.9110100269317627 0.18559099733829498
vt 0.9110140204429626 0.5243639945983887
vt 0.9111779928207397 0.8277750015258789
vt 0.9112160205841064 0.3654569983482361
vt 0.9112200140953064 0.5638189911842346
vt 0.9112200140953064 0.5939310193061829
vt 0.9113029837608337 0.32015299797058105
vt 0.9114789962768555 0.9104560017585754
vt 0.9114789962768555 0.917855978012085
vt 0.9114789962768555 0.953997015953064
vt 0.9114789962768555 0.9653710126876831
vt 0.9116969704627991 0.8860759735107422
vt 0.9117090106010437 0.4158490002155304
vt 0.9117090106010437 0.4221479892730713
vt 0.9123089909553528 0.2473219931125641
vt 0.9126080274581909 0.07777799665927887
vt 0.9127110242843628 0.7515689730644226
vt 0.9127110242843628 0.7851269841194153
vt 0.9129170179367065 0.14807799458503723
vt 0.9129170179367065 0.17388099431991577
vt 0.913087010383606 0.12932799756526947
vt 0.913087010383606 0.14395299553871155
vt 0.913254976272583 0.1004289984703064
vt 0.913254976272583 0.12537799775600433
vt 0.9132949709892273 0.6814050078392029
vt 0.913345992565155 0.6540759801864624
vt 0.9135670065879822 0.6775339841842651
vt 0.9135919809341431 0.6339550018310547
vt 0.913739025592804 0.0019749999046325684
vt 0.913739025592804 0.02817000076174736
vt 0.9140400290489197 0.8615009784698486
vt 0.9140400290489197 0.8708140254020691
vt 0.9140869975090027 0.081727996468544
vt 0.9140869975090027 0.09588100016117096
vt 0.9143509864807129 0.05146399885416031
vt 0.9143509864807129 0.07275400310754776
vt 0.9143790006637573 0.8379290103912354
vt 0.9143790006637573 0.8575080037117004
vt 0.9146720170974731 0.5332599878311157
vt 0.9146720170974731 0.5591880083084106
vt 0.9149640202522278 0.5002819895744324
vt 0.9150140285491943 0.03504300117492676
vt 0.9151449799537659 0.7140470147132874
vt 0.9151710271835327 0.5864650011062622
vt 0.9151710271835327 0.5934630036354065
vt 0.9151710271835327 0.6126520037651062
vt 0.9152529835700989 0.3173609972000122
vt 0.9152529835700989 0.34744301438331604
vt 0.9152529835700989 0.3513930141925812
vt 0.9152529835700989 0.37617599964141846
vt 0.9153040051460266 0.8095669746398926
vt 0.9153559803962708 0.9354490041732788
vt 0.9155570268630981 0.47413599491119385
vt 0.9155570268630981 0.4904940128326416
vt 0.9156590104103088 0.4100770056247711
vt 0.9156590104103088 0.4156950116157532
vt 0.9156590104103088 0.43400999903678894
vt 0.9158880114555359 0.18357999622821808
vt 0.9158880114555359 0.21909299492835999
vt 0.9159960150718689 0.46879300475120544
vt 0.9164019823074341 0.9621049761772156
vt 0.9164019823074341 0.9732199907302856
vt 0.9168670177459717 0.15725700557231903
vt 0.9170699715614319 0.939399003982544
vt 0.9170699715614319 0.9581549763679504
vt 0.9171140193939209 0.3134100139141083
vt 0.9171929955482483 0.7342069745063782
vt 0.9171929955482483 0.7475810050964355
vt 0.9172059893608093 0.1004289984703064
vt 0.9172059893608093 0.14102299511432648
vt 0.9173359870910645 0.7003089785575867
vt 0.9173359870910645 0.7302560210227966
vt 0.9175369739532471 0.8748930096626282
vt 0.9175369739532471 0.9065060019493103
vt 0.9175369739532471 0.915930986404419
vt 0.9175419807434082 0.6255000233650208
vt 0.9175419807434082 0.665789008140564
vt 0.9175419807434082 0.6898729801177979
vt 0.9176719784736633 0.382425993680954
vt 0.9176899790763855 0.0019749999046325684
vt 0.9176899790763855 0.030403999611735344
vt 0.9178029894828796 0.2825630009174347
vt 0.9179880023002625 0.7774869799613953
vt 0.9181309938430786 0.047513000667095184
vt 0.918196976184845 0.0935169979929924
vt 0.918300986289978 0.06002400070428848
vt 0.918300986289978 0.0835300013422966
vt 0.9183290004730225 0.8277750015258789
vt 0.9183290004730225 0.8592849969863892
vt 0.9184250235557556 0.14807799458503723
vt 0.9186229705810547 0.5517029762268066
vt 0.9186620116233826 0.09149599820375443
vt 0.9187650084495544 0.5323650240898132
vt 0.9190999865531921 0.3181290030479431
vt 0.9192540049552917 0.7945970296859741
vt 0.9193090200424194 0.2287839949131012
vt 0.9193090200424194 0.25648999214172363
vt 0.919838011264801 0.19165299832820892
vt 0.919838011264801 0.218299001455307
vt 0.919946014881134 0.4391629993915558
vt 0.919946014881134 0.4832189977169037
vt 0.9205880165100098 0.416703999042511
vt 0.9206979870796204 0.09255599975585938
vt 0.9207180142402649 0.1398639976978302
vt 0.9209399819374084 0.49460500478744507
vt 0.9209399819374084 0.5254309773445129
vt 0.9210929870605469 0.6563119888305664
vt 0.9212120175361633 0.34575700759887695
vt 0.9212870001792908 0.7174389958381653
vt 0.9213449954986572 0.730597972869873
vt 0.9214869737625122 0.9309250116348267
vt 0.9214869737625122 0.9506570100784302
vt 0.9214869737625122 0.9581599831581116
vt 0.9214879870414734 0.8748930096626282
vt 0.9214879870414734 0.9020209908485413
vt 0.9214879870414734 0.9059709906578064
vt 0.9215660095214844 0.38166800141334534
vt 0.9215660095214844 0.41174501180648804
vt 0.9215800166130066 0.6206369996070862
vt 0.9217529892921448 0.2822839915752411
vt 0.9217690229415894 0.9269739985466003
vt 0.9219380021095276 0.7731720209121704
vt 0.9220420122146606 0.6069610118865967
vt 0.9220809936523438 0.03442800045013428
vt 0.9220809936523438 0.047513000667095184
vt 0.9224709868431091 0.9610810279846191
vt 0.9225550293922424 0.3524259924888611
vt 0.9226149916648865 0.5638189911842346
vt 0.9226149916648865 0.5895130038261414
vt 0.9227960109710693 0.4814000129699707
vt 0.922851026058197 0.2973780035972595
vt 0.9228760004043579 0.37224799394607544
vt 0.92323899269104 0.15469299256801605
vt 0.92323899269104 0.17635199427604675
vt 0.9232590198516846 0.2287839949131012
vt 0.9232590198516846 0.2552909851074219
vt 0.9232590198516846 0.2592419981956482
vt 0.9232590198516846 0.2673569917678833
vt 0.9234880208969116 0.05146399885416031
vt 0.9235140085220337 0.06146499887108803
vt 0.9235140085220337 0.08748000115156174
vt 0.9235140085220337 0.0963829979300499
vt 0.9236440062522888 0.8311489820480347
vt 0.9236729741096497 0.018703000620007515
vt 0.9239559769630432 0.005663000047206879
vt 0.9240450263023376 0.1929759979248047
vt 0.9243379831314087 0.6697390079498291
vt 0.9243379831314087 0.6960430145263672
vt 0.924356997013092 0.7904009819030762
vt 0.924356997013092 0.8220850229263306
vt 0.9245569705963135 0.7408689856529236
vt 0.9245569705963135 0.7851269841194153
vt 0.92466801404953 0.1004289984703064
vt 0.92466801404953 0.12954899668693542
vt 0.9248899817466736 0.5201500058174133
vt 0.925042986869812 0.6255000233650208
vt 0.925042986869812 0.6537910103797913
vt 0.9251629710197449 0.34742701053619385
vt 0.9253010153770447 0.5402820110321045
vt 0.9253010153770447 0.5591880083084106
vt 0.9255160093307495 0.4035150110721588
vt 0.925678014755249 0.4321799874305725
vt 0.9258790016174316 0.18357999622821808
vt 0.9258790016174316 0.21173900365829468
vt 0.9265649914741516 0.5638189911842346
vt 0.9265649914741516 0.6095970273017883
vt 0.9266960024833679 0.7003089785575867
vt 0.9266960024833679 0.7261620163917542
vt 0.9267460107803345 0.46327200531959534
vt 0.926826000213623 0.3651660084724426
vt 0.9271889925003052 0.14151699841022491
vt 0.9271889925003052 0.17635199427604675
vt 0.9274640083312988 0.05146399885416031
vt 0.9274640083312988 0.0790340006351471
vt 0.9274640083312988 0.09609799832105637
vt 0.9275869727134705 0.21568900346755981
vt 0.9275869727134705 0.22413000464439392
vt 0.9275950193405151 0.8490070104598999
vt 0.9278429746627808 0.8874189853668213
vt 0.9278609752655029 0.3049429953098297
vt 0.9278609752655029 0.34744301438331604
vt 0.9279040098190308 0.9348270297050476
vt 0.9279059767723083 0.0019749999046325684
vt 0.9279059767723083 0.028560999780893326
vt 0.9280629754066467 0.9546070098876953
vt 0.9280629754066467 0.9664049744606018
vt 0.9282879829406738 0.6943770051002502
vt 0.9282990097999573 0.27132099866867065
vt 0.9282990097999573 0.2850649952888489
vt 0.9283069968223572 0.798907995223999
vt 0.9285069704055786 0.7408689856529236
vt 0.9285069704055786 0.7670760154724121
vt 0.9285069704055786 0.7740470170974731
vt 0.9287189841270447 0.26438501477241516
vt 0.9287880063056946 0.5941619873046875
vt 0.9291520118713379 0.8120930194854736
vt 0.929252028465271 0.5477839708328247
vt 0.9293050169944763 0.9269739985466003
vt 0.9295870065689087 0.23075799643993378
vt 0.9296280145645142 0.4110260009765625
vt 0.9296280145645142 0.4332770109176636
vt 0.9298290014266968 0.19637000560760498
vt 0.9298650026321411 0.9088529944419861
vt 0.9301379919052124 0.10540000349283218
vt 0.9302250146865845 0.4391629993915558
vt 0.9302250146865845 0.4762060046195984
vt 0.9306190013885498 0.6287239789962769
vt 0.9306460022926331 0.7048010230064392
vt 0.9307289719581604 0.49460500478744507
vt 0.9307289719581604 0.5222100019454956
vt 0.931069016456604 0.15086999535560608
vt 0.9315879940986633 0.08298400044441223
vt 0.9317939877510071 0.8782269954681396
vt 0.9318119883537292 0.3049429953098297
vt 0.9318119883537292 0.32726800441741943
vt 0.9318119883537292 0.34214499592781067
vt 0.93190598487854 0.8476020097732544
vt 0.9321600198745728 0.38166800141334534
vt 0.9321600198745728 0.40662699937820435
vt 0.9322180151939392 0.8277750015258789
vt 0.9322180151939392 0.8586919903755188
vt 0.9322490096092224 0.27132099866867065
vt 0.9322490096092224 0.2932310104370117
vt 0.9325569868087769 0.9607430100440979
vt 0.9327380061149597 0.5666620135307312
vt 0.9327380061149597 0.5892760157585144
vt 0.9327380061149597 0.5932270288467407
vt 0.9327380061149597 0.614870011806488
vt 0.9327920079231262 0.8980169892311096
vt 0.9330180287361145 0.07524699717760086
vt 0.9332699775695801 0.8160420060157776
vt 0.9335370063781738 0.22483399510383606
vt 0.9335370063781738 0.23924900591373444
vt 0.9335370063781738 0.2582480013370514
vt 0.9336990118026733 0.021205000579357147
vt 0.9337729811668396 0.04169600084424019
vt 0.9338150024414062 0.9059709906578064
vt 0.9338150024414062 0.9117699861526489
vt 0.9338150024414062 0.9441109895706177
vt 0.9340400099754333 0.6697400212287903
vt 0.9340400099754333 0.6962869763374329
vt 0.9340519905090332 0.3513930141925812
vt 0.9340519905090332 0.37416398525238037
vt 0.9340879917144775 0.1004289984703064
vt 0.9340879917144775 0.1331699937582016
vt 0.9341750144958496 0.4391629993915558
vt 0.9341750144958496 0.46226099133491516
vt 0.9341750144958496 0.48411598801612854
vt 0.9342449903488159 0.7574459910392761
vt 0.9342870116233826 0.7904009819030762
vt 0.9342870116233826 0.8045819997787476
vt 0.9343360066413879 0.21251800656318665
vt 0.9344390034675598 0.2287839949131012
vt 0.9345690011978149 0.6346529722213745
vt 0.9345690011978149 0.6564570069313049
vt 0.9346789717674255 0.5001559853553772
vt 0.9350190162658691 0.15026499330997467
vt 0.9350190162658691 0.16875900328159332
vt 0.9350190162658691 0.179407998919487
vt 0.9350569844245911 0.43400999903678894
vt 0.9361100196838379 0.38166800141334534
vt 0.9361100196838379 0.404558002948761
vt 0.9361690282821655 0.8277750015258789
vt 0.9361690282821655 0.8517559766769409
vt 0.9362159967422485 0.5323650240898132
vt 0.9362159967422485 0.5551210045814514
vt 0.9362220168113708 0.9361699819564819
vt 0.9363340139389038 0.18357999622821808
vt 0.9363340139389038 0.20737899839878082
vt 0.9363870024681091 0.41919100284576416
vt 0.9364489912986755 0.7003089785575867
vt 0.9364489912986755 0.7258949875831604
vt 0.9368230104446411 0.2339179962873459
vt 0.9369680285453796 0.05146399885416031
vt 0.9369680285453796 0.07732699811458588
vt 0.9371569752693176 0.06883499771356583
vt 0.9373469948768616 0.5638189911842346
vt 0.9374889731407166 0.9125990271568298
vt 0.9375 0.09609799832105637
vt 0.9375180006027222 0.34532201290130615
vt 0.9376500248908997 0.008417000062763691
vt 0.9377229809761047 0.02878499962389469
vt 0.9377229809761047 0.047513000667095184
vt 0.937745988368988 0.11879099905490875
vt 0.937982976436615 0.9275209903717041
vt 0.9379900097846985 0.6790019869804382
vt 0.9380030035972595 0.36078399419784546
vt 0.9380170106887817 0.2535420060157776
vt 0.938194990158081 0.7523390054702759
vt 0.9382370114326477 0.8099539875984192
vt 0.938431978225708 0.8748930096626282
vt 0.938431978225708 0.8834819793701172
vt 0.9384329915046692 0.5822209715843201
vt 0.9386529922485352 0.7710260152816772
vt 0.9386529922485352 0.7861089706420898
vt 0.9386759996414185 0.31185099482536316
vt 0.93927401304245 0.28480398654937744
vt 0.939857006072998 0.6068339943885803
vt 0.9401059746742249 0.49460500478744507
vt 0.9401059746742249 0.5201849937438965
vt 0.9401659965515137 0.5485280156135559
vt 0.940284013748169 0.18357999622821808
vt 0.940284013748169 0.2078700065612793
vt 0.9403370022773743 0.4307680130004883
vt 0.9404000043869019 0.7003089785575867
vt 0.9404000043869019 0.7281510233879089
vt 0.9405419826507568 0.9314709901809692
vt 0.9405419826507568 0.9501270055770874
vt 0.940542995929718 0.9540780186653137
vt 0.940542995929718 0.9644749760627747
vt 0.9405440092086792 0.4426310062408447
vt 0.9406899809837341 0.6523460149765015
vt 0.9406899809837341 0.6628220081329346
vt 0.9408760070800781 0.9097359776496887
vt 0.9408869743347168 0.4662120044231415
vt 0.9408869743347168 0.4884369969367981
vt 0.941008985042572 0.6255000233650208
vt 0.941008985042572 0.6483960151672363
vt 0.9410099983215332 0.17013700306415558
vt 0.9412170052528381 0.14151699841022491
vt 0.9412170052528381 0.1648080050945282
vt 0.9412310123443604 0.33121898770332336
vt 0.9412310123443604 0.3470419943332672
vt 0.9414510130882263 0.09609799832105637
vt 0.9416959881782532 0.1004289984703064
vt 0.9416959881782532 0.12835800647735596
vt 0.9419670104980469 0.2287839949131012
vt 0.9419670104980469 0.25732800364494324
vt 0.9419999718666077 0.8486030101776123
vt 0.9420949816703796 0.6668869853019714
vt 0.9420949816703796 0.696287989616394
vt 0.9421709775924683 0.07393600046634674
vt 0.9423490166664124 0.4347609877586365
vt 0.9423649907112122 0.3962860107421875
vt 0.9423829913139343 0.5703619718551636
vt 0.9423829913139343 0.8658959865570068
vt 0.9423829913139343 0.8980169892311096
vt 0.9426029920578003 0.768392026424408
vt 0.9426029920578003 0.7861089706420898
vt 0.9426259994506836 0.30114901065826416
vt 0.9426259994506836 0.32726800441741943
vt 0.9429190158843994 0.3513930141925812
vt 0.9429190158843994 0.37756699323654175
vt 0.9432240128517151 0.27132099866867065
vt 0.9432240128517151 0.29457300901412964
vt 0.943382978439331 0.22483399510383606
vt 0.9438070058822632 0.6130459904670715
vt 0.9438620209693909 0.7904009819030762
vt 0.9438620209693909 0.8142610192298889
vt 0.9439370036125183 0.0019749999046325684
vt 0.9439370036125183 0.02459999918937683
vt 0.9440569877624512 0.49460500478744507
vt 0.9440569877624512 0.5181249976158142
vt 0.9441090226173401 0.7408689856529236
vt 0.9441090226173401 0.763933002948761
vt 0.9444940090179443 0.4391629993915558
vt 0.9444940090179443 0.46129199862480164
vt 0.9446470141410828 0.7122529745101929
vt 0.9448260068893433 0.9235290288925171
vt 0.9448260068893433 0.9449269771575928
vt 0.9448260068893433 0.969914972782135
vt 0.9448369741439819 0.4662120044231415
vt 0.9448369741439819 0.49035200476646423
vt 0.9448789954185486 0.04030299931764603
vt 0.9449589848518372 0.6255000233650208
vt 0.9449589848518372 0.6499710083007812
vt 0.9451670050621033 0.14151699841022491
vt 0.9454500079154968 0.8715440034866333
vt 0.9455829858779907 0.19886399805545807
vt 0.945730984210968 0.4110260009765625
vt 0.945730984210968 0.43264299631118774
vt 0.9458109736442566 0.9647560119628906
vt 0.9459050297737122 0.11266899853944778
vt 0.9459409713745117 0.23651400208473206
vt 0.945950984954834 0.8277750015258789
vt 0.945950984954834 0.843824028968811
vt 0.9460449814796448 0.6846280097961426
vt 0.9461029767990112 0.5323650240898132
vt 0.9461029767990112 0.5550249814987183
vt 0.9461209774017334 0.05146399885416031
vt 0.9461209774017334 0.07754000276327133
vt 0.946245014667511 0.5932270288467407
vt 0.9463149905204773 0.38166800141334534
vt 0.9463149905204773 0.40185099840164185
vt 0.9468700289726257 0.3513930141925812
vt 0.9468700289726257 0.37457001209259033
vt 0.9470940232276917 0.3211910128593445
vt 0.9475799798965454 0.08207199722528458
vt 0.9476169943809509 0.5638189911842346
vt 0.9476169943809509 0.5874350070953369
vt 0.9476709961891174 0.16764000058174133
vt 0.9477390050888062 0.635873019695282
vt 0.947812020778656 0.8043749928474426
vt 0.9478870034217834 0.0019749999046325684
vt 0.9478870034217834 0.02481899969279766
vt 0.9480590224266052 0.7598659992218018
vt 0.9485340118408203 0.2921150028705597
vt 0.9485970139503479 0.7132359743118286
vt 0.9485970139503479 0.7265650033950806
vt 0.9485970139503479 0.7366740107536316
vt 0.9488289952278137 0.02878499962389469
vt 0.9488289952278137 0.046140000224113464
vt 0.9489920139312744 0.9059709906578064
vt 0.9489920139312744 0.932453989982605
vt 0.9491140246391296 0.4990279972553253
vt 0.9492440223693848 0.8504890203475952
vt 0.9493489861488342 0.14151699841022491
vt 0.9494010210037231 0.8749489784240723
vt 0.9494950175285339 0.6293749809265137
vt 0.949533998966217 0.1998780071735382
vt 0.949533998966217 0.20958399772644043
vt 0.949533998966217 0.22394999861717224
vt 0.9496350288391113 0.4712049961090088
vt 0.94964200258255 0.5985900163650513
vt 0.94964200258255 0.6148560047149658
vt 0.949658989906311 0.6436060070991516
vt 0.9496809840202332 0.40955600142478943
vt 0.9496809840202332 0.4347609877586365
vt 0.9498550295829773 0.1004289984703064
vt 0.9498550295829773 0.12278000265359879
vt 0.9498550295829773 0.12672999501228333
vt 0.9498550295829773 0.1374409943819046
vt 0.9498890042304993 0.7741649746894836
vt 0.949891984462738 0.2287839949131012
vt 0.949891984462738 0.2566629946231842
vt 0.9499070048332214 0.09609799832105637
vt 0.9500210285186768 0.4554629921913147
vt 0.9500539898872375 0.5449399948120117
vt 0.9501169919967651 0.07261399924755096
vt 0.9502559900283813 0.9364050030708313
vt 0.9502559900283813 0.9565150141716003
vt 0.9510440230369568 0.30114901065826416
vt 0.9510440230369568 0.324521005153656
vt 0.9510440230369568 0.32847100496292114
vt 0.9510440230369568 0.3467330038547516
vt 0.9510669708251953 0.8313689827919006
vt 0.951479971408844 0.8904399871826172
vt 0.9515669941902161 0.5638189911842346
vt 0.9515669941902161 0.5867019891738892
vt 0.9515770077705383 0.9604660272598267
vt 0.9515770077705383 0.9677579998970032
vt 0.9516739845275879 0.6668869853019714
vt 0.9516739845275879 0.6880450248718262
vt 0.9516879916191101 0.3712489902973175
vt 0.9518340229988098 0.7904009819030762
vt 0.9518340229988098 0.8162670135498047
vt 0.9522479772567749 0.38634398579597473
vt 0.9524850249290466 0.27132099866867065
vt 0.9524850249290466 0.2925719916820526
vt 0.9527999758720398 0.010017000138759613
vt 0.9529430270195007 0.9184899926185608
vt 0.9529430270195007 0.9291470050811768
vt 0.9530640244483948 0.5096629858016968
vt 0.9532390236854553 0.24857500195503235
vt 0.9532989859580994 0.1497649997472763
vt 0.9532989859580994 0.1709980070590973
vt 0.953419029712677 0.9059709906578064
vt 0.9535850286483765 0.4662120044231415
vt 0.9535850286483765 0.4863629937171936
vt 0.9535920023918152 0.5932270288467407
vt 0.9535920023918152 0.6138030290603638
vt 0.9536089897155762 0.6332820057868958
vt 0.9536089897155762 0.6444380283355713
vt 0.9536089897155762 0.6575239896774292
vt 0.9536439776420593 0.7003089785575867
vt 0.9536439776420593 0.7226150035858154
vt 0.9536569714546204 0.7408689856529236
vt 0.9536569714546204 0.7617859840393066
vt 0.9537339806556702 0.8658959865570068
vt 0.9537339806556702 0.8764899969100952
vt 0.9537420272827148 0.4280569851398468
vt 0.9538400173187256 0.7701879739761353
vt 0.9539710283279419 0.4391629993915558
vt 0.9539710283279419 0.4574219882488251
vt 0.9540669918060303 0.05146399885416031
vt 0.9540669918060303 0.07187700271606445
vt 0.9540669918060303 0.07582700252532959
vt 0.9540669918060303 0.09549099951982498
vt 0.9542059898376465 0.9364039897918701
vt 0.9542059898376465 0.9553760290145874
vt 0.9545890092849731 0.5323650240898132
vt 0.9545890092849731 0.555770993232727
vt 0.9546200037002563 0.18357999622821808
vt 0.9546200037002563 0.2056329995393753
vt 0.9546520113945007 0.1344580054283142
vt 0.9547569751739502 0.116116002202034
vt 0.9550169706344604 0.843949019908905
vt 0.9550880193710327 0.6491550207138062
vt 0.9552710056304932 0.03925599902868271
vt 0.9555580019950867 0.30750200152397156
vt 0.9556249976158142 0.6668869853019714
vt 0.9556249976158142 0.6841490268707275
vt 0.9556379914283752 0.35664400458335876
vt 0.955784022808075 0.7904009819030762
vt 0.955784022808075 0.8102700114250183
vt 0.9558169841766357 0.9683970212936401
vt 0.9561970233917236 0.5673369765281677
vt 0.9561989903450012 0.38166800141334534
vt 0.9561989903450012 0.40450701117515564
vt 0.9562069773674011 0.49460500478744507
vt 0.9562069773674011 0.5224000215530396
vt 0.9566699862480164 0.21309000253677368
vt 0.9567430019378662 0.08573000133037567
vt 0.9567509889602661 0.015599999576807022
vt 0.9569370150566101 0.34388500452041626
vt 0.9569799900054932 0.22161699831485748
vt 0.9571890234947205 0.23899400234222412
vt 0.9571890234947205 0.26405298709869385
vt 0.9572589993476868 0.9258139729499817
vt 0.9575759768486023 0.28705400228500366
vt 0.9575949907302856 0.7095710039138794
vt 0.9576069712638855 0.7440919876098633
vt 0.957643985748291 0.14151699841022491
vt 0.957643985748291 0.1640540063381195
vt 0.9576839804649353 0.874779999256134
vt 0.9576839804649353 0.8886970281600952
vt 0.9576839804649353 0.8995429873466492
vt 0.9576929807662964 0.4257200062274933
vt 0.9579399824142456 0.25038400292396545
vt 0.958076000213623 0.7340400218963623
vt 0.9584169983863831 0.6053439974784851
vt 0.9585400223731995 0.5508480072021484
vt 0.9585700035095215 0.19496899843215942
vt 0.9586160182952881 0.4684950113296509
vt 0.9586589932441711 0.8277750015258789
vt 0.9586589932441711 0.8515779972076416
vt 0.9587079882621765 0.10334999859333038
vt 0.9587079882621765 0.12019500136375427
vt 0.9587079882621765 0.1368580013513565
vt 0.9587299823760986 0.6255000233650208
vt 0.9588829874992371 0.06699199974536896
vt 0.958981990814209 0.0889820009469986
vt 0.9590330123901367 0.6354179978370667
vt 0.9591209888458252 0.2287839949131012
vt 0.9592210054397583 0.025671999901533127
vt 0.9592210054397583 0.046140000224113464
vt 0.9593020081520081 0.9405249953269958
vt 0.9593020081520081 0.959326982498169
vt 0.9593020081520081 0.9736459851264954
vt 0.9593610167503357 0.11186999827623367
vt 0.9594240188598633 0.7675840258598328
vt 0.9594240188598633 0.7861089706420898
vt 0.9595080018043518 0.30114901065826416
vt 0.9595080018043518 0.3234570026397705
vt 0.9596499800682068 0.44912999868392944
vt 0.9598339796066284 0.38298699259757996
vt 0.9600740075111389 0.6483880281448364
vt 0.9600740075111389 0.6624540090560913
vt 0.9601479768753052 0.5821139812469482
vt 0.9601579904556274 0.49460500478744507
vt 0.9601579904556274 0.515388011932373
vt 0.9604150056838989 0.7918180227279663
vt 0.960748016834259 0.40955600142478943
vt 0.960748016834259 0.4337550103664398
vt 0.9608870148658752 0.33312898874282837
vt 0.9609310030937195 0.20843300223350525
vt 0.9609310030937195 0.22394999861717224
vt 0.9612100124359131 0.9099810123443604
vt 0.9612100124359131 0.9229440093040466
vt 0.9613800048828125 0.6773329973220825
vt 0.9615219831466675 0.3513930141925812
vt 0.9615219831466675 0.36823800206184387
vt 0.9615259766578674 0.27132099866867065
vt 0.9615259766578674 0.2959209978580475
vt 0.9615949988365173 0.14151699841022491
vt 0.9615949988365173 0.15961900353431702
vt 0.9616929888725281 0.16800400614738464
vt 0.9616929888725281 0.17931699752807617
vt 0.9619600176811218 0.7408689856529236
vt 0.9619600176811218 0.7608789801597595
vt 0.9620260000228882 0.7280539870262146
vt 0.9620260000228882 0.7366729974746704
vt 0.96213698387146 0.7003089785575867
vt 0.96213698387146 0.720067024230957
vt 0.9622250199317932 0.7245050072669983
vt 0.9623669981956482 0.6065570116043091
vt 0.9624149799346924 0.8658959865570068
vt 0.9624149799346924 0.8847470283508301
vt 0.9624540209770203 0.0019749999046325684
vt 0.9624540209770203 0.019065000116825104
vt 0.9625669717788696 0.4662120044231415
vt 0.9625669717788696 0.4836759865283966
vt 0.9625980257987976 0.23155100643634796
vt 0.9625980257987976 0.24643400311470032
vt 0.9626089930534363 0.8277750015258789
vt 0.9626089930534363 0.845337986946106
vt 0.9626089930534363 0.8492879867553711
vt 0.9626089930534363 0.8610579967498779
vt 0.962643027305603 0.5323650240898132
vt 0.962643027305603 0.5526999831199646
vt 0.9627329707145691 0.9263319969177246
vt 0.9627810120582581 0.9059709906578064
vt 0.9628080129623413 0.25091901421546936
vt 0.9628080129623413 0.2673250138759613
vt 0.9628329873085022 0.058903999626636505
vt 0.9628440141677856 0.18357999622821808
vt 0.9628440141677856 0.20325100421905518
vt 0.9628869891166687 0.3055889904499054
vt 0.9629319906234741 0.07430800050497055
vt 0.9629319906234741 0.09549099951982498
vt 0.962984025478363 0.639011025428772
vt 0.9631580114364624 0.029019000008702278
vt 0.9632520079612732 0.9456220269203186
vt 0.9632520079612732 0.9577850103378296
vt 0.9632520079612732 0.9706190228462219
vt 0.9633740186691284 0.7749810218811035
vt 0.9635999798774719 0.46000200510025024
vt 0.9637849926948547 0.38977500796318054
vt 0.9639769792556763 0.49749499559402466
vt 0.964024007320404 0.6483880281448364
vt 0.964024007320404 0.6622160077095032
vt 0.9640359878540039 0.27899399399757385
vt 0.9640529751777649 0.7246379852294922
vt 0.9641320109367371 0.13471999764442444
vt 0.964339017868042 0.5638189911842346
vt 0.9643650054931641 0.7963849902153015
vt 0.9645130038261414 0.9538350105285645
vt 0.9645339846611023 0.1004289984703064
vt 0.9645339846611023 0.11624500155448914
vt 0.9646980166435242 0.40955600142478943
vt 0.9646980166435242 0.4327090084552765
vt 0.9648450016975403 0.5821139812469482
vt 0.964972972869873 0.9180790185928345
vt 0.9650840163230896 0.8979269862174988
vt 0.9653300046920776 0.6798539757728577
vt 0.9653300046920776 0.696029007434845
vt 0.9654719829559326 0.3513930141925812
vt 0.9654719829559326 0.37011000514030457
vt 0.9656440019607544 0.16593599319458008
vt 0.965910017490387 0.7448610067367554
vt 0.9659579992294312 0.15646499395370483
vt 0.9660410284996033 0.08602699637413025
vt 0.9660549759864807 0.32847100496292114
vt 0.9660549759864807 0.3454200029373169
vt 0.9660840034484863 0.7675840258598328
vt 0.9660879969596863 0.7003089785575867
vt 0.9660879969596863 0.720212996006012
vt 0.9661239981651306 0.21962599456310272
vt 0.9662479758262634 0.5932270288467407
vt 0.9662479758262634 0.6123999953269958
vt 0.9662860035896301 0.4391629993915558
vt 0.9662860035896301 0.4618769884109497
vt 0.9663649797439575 0.8719099760055542
vt 0.9664040207862854 0.0019749999046325684
vt 0.9664040207862854 0.018665000796318054
vt 0.9665489792823792 0.2287839949131012
vt 0.9665489792823792 0.24182899296283722
vt 0.9665889739990234 0.7904009819030762
vt 0.9665889739990234 0.8149719834327698
vt 0.9665930271148682 0.5420479774475098
vt 0.9667580127716064 0.24670399725437164
vt 0.9667580127716064 0.2673259973526001
vt 0.9667940139770508 0.19701799750328064
vt 0.9668369889259338 0.3022800087928772
vt 0.9669280052185059 0.05146399885416031
vt 0.9669280052185059 0.0697999969124794
vt 0.9670040011405945 0.8316829800605774
vt 0.9670670032501221 0.47039198875427246
vt 0.9671080112457275 0.025671999901533127
vt 0.9671080112457275 0.04224799945950508
vt 0.9671480059623718 0.6255000233650208
vt 0.9671480059623718 0.6434140205383301
vt 0.9671580195426941 0.42387399077415466
vt 0.9675800204277039 0.9364039897918701
vt 0.9675800204277039 0.9505890011787415
vt 0.9677199721336365 0.7296130061149597
vt 0.9679279923439026 0.5041559934616089
vt 0.9679279923439026 0.5156850218772888
vt 0.967985987663269 0.2807390093803406
vt 0.96806800365448 0.7736560106277466
vt 0.96806800365448 0.7840930223464966
vt 0.9680830240249634 0.1248759999871254
vt 0.9680830240249634 0.13657499849796295
vt 0.9681509733200073 0.9640020132064819
vt 0.9682120084762573 0.8568540215492249
vt 0.9684789776802063 0.38166800141334534
vt 0.9684789776802063 0.39810898900032043
vt 0.9684839844703674 0.1004289984703064
vt 0.9684839844703674 0.11581700295209885
vt 0.9687950015068054 0.568107008934021
vt 0.9689229726791382 0.9059709906578064
vt 0.9689229726791382 0.9220510125160217
vt 0.9690340161323547 0.8886970281600952
vt 0.9690340161323547 0.9017159938812256
vt 0.9691010117530823 0.36780598759651184
vt 0.969199001789093 0.7113080024719238
vt 0.9693019986152649 0.6587299704551697
vt 0.9695870280265808 0.5323650240898132
vt 0.9695870280265808 0.5524809956550598
vt 0.9695919752120972 0.2631070017814636
vt 0.9697340130805969 0.6668869853019714
vt 0.9697340130805969 0.6836979985237122
vt 0.9697719812393188 0.7408689856529236
vt 0.9697719812393188 0.7587649822235107
vt 0.9699090123176575 0.14151699841022491
vt 0.9699450135231018 0.1554349958896637
vt 0.9699919819831848 0.08817899972200394
vt 0.9700049757957458 0.32847100496292114
vt 0.9700049757957458 0.34145599603652954
vt 0.9700629711151123 0.30114901065826416
vt 0.9700629711151123 0.3194740116596222
vt 0.9700750112533569 0.2133370041847229
vt 0.9700930118560791 0.1638530045747757
vt 0.9700930118560791 0.17931699752807617
vt 0.9701979756355286 0.5932270288467407
vt 0.9701979756355286 0.6062470078468323
vt 0.9701979756355286 0.6101970076560974
vt 0.9701979756355286 0.6201469898223877
vt 0.9702360033988953 0.4391629993915558
vt 0.9702360033988953 0.4522019922733307
vt 0.9703230261802673 0.6876479983329773
vt 0.9703630208969116 0.8658959865570068
vt 0.9703630208969116 0.8831310272216797
vt 0.9705119729042053 0.010716999880969524
vt 0.9705399870872498 0.7993260025978088
vt 0.9705399870872498 0.8072460293769836
vt 0.9705399870872498 0.8191879987716675
vt 0.9706529974937439 0.18357999622821808
vt 0.9706529974937439 0.20019899308681488
vt 0.9707450270652771 0.07430800050497055
vt 0.9707760214805603 0.5028290152549744
vt 0.9707890152931213 0.12019500136375427
vt 0.9708690047264099 0.03823800012469292
vt 0.970878005027771 0.05821099877357483
vt 0.9708889722824097 0.696029007434845
vt 0.9709540009498596 0.8277750015258789
vt 0.9709540009498596 0.8414869904518127
vt 0.9710180163383484 0.4662120044231415
vt 0.9710180163383484 0.4776889979839325
vt 0.971098005771637 0.6255000233650208
vt 0.971098005771637 0.6378260254859924
vt 0.9711080193519592 0.40955600142478943
vt 0.9711080193519592 0.4215959906578064
vt 0.9712330102920532 0.22926099598407745
vt 0.971530020236969 0.9435579776763916
vt 0.9716699719429016 0.7286670207977295
vt 0.9717079997062683 0.12915900349617004
vt 0.9717100262641907 0.5006750226020813
vt 0.9720510244369507 0.2713199853897095
vt 0.9720510244369507 0.2866159975528717
vt 0.9720950126647949 0.5164300203323364
vt 0.972133994102478 0.49460500478744507
vt 0.972133994102478 0.5095720291137695
vt 0.972154974937439 0.5135220289230347
vt 0.972154974937439 0.5268890261650085
vt 0.9724209904670715 0.10519099980592728
vt 0.9724889993667603 0.5638189911842346
vt 0.9724889993667603 0.5797590017318726
vt 0.9725120067596436 0.9131069779396057
vt 0.973380982875824 0.8983190059661865
vt 0.9738690257072449 0.14151699841022491
vt 0.9738759994506836 0.08817899972200394
vt 0.9740480184555054 0.8321629762649536
vt 0.9740660190582275 0.05146399885416031
vt 0.9740660190582275 0.06502199918031693
vt 0.9741259813308716 0.5989729762077332
vt 0.9741269946098328 0.4507409930229187
vt 0.9741340279579163 0.20843300223350525
vt 0.9741340279579163 0.2217479944229126
vt 0.9742270112037659 0.7904009819030762
vt 0.9742270112037659 0.8032960295677185
vt 0.9742419719696045 0.33603399991989136
vt 0.9743670225143433 0.630840003490448
vt 0.9744409918785095 0.41764500737190247
vt 0.9745209813117981 0.6109359860420227
vt 0.9746209979057312 0.81044602394104
vt 0.9749040007591248 0.9364050030708313
vt 0.9749040007591248 0.948091983795166
vt 0.9749850034713745 0.4746040105819702
vt 0.975246012210846 0.7245050072669983
vt 0.975246012210846 0.7354300022125244
vn -0.9991999864578247 -0.03620000183582306 0.01860000006854534
vn -0.9984999895095825 0.010300000198185444 0.05299999937415123
vn -0.998199999332428 0.030400000512599945 0.05169999971985817
vn -0.9955000281333923 -0.09529999643564224 0.0006000000284984708
vn -0.9940000176429749 0.039900001138448715 0.10199999809265137
vn -0.9937000274658203 -0.09830000251531601 0.05469999834895134
vn -0.9927999973297119 0.10400000214576721 0.05920000001788139
vn -0.9925000071525574 0.011800000444054604 0.12129999697208405
vn -0.9923999905586243 0.05829999968409538 -0.1080000028014183
vn -0.9883999824523926 -0.10019999742507935 -0.11379999667406082
vn -0.9882000088691711 0.022299999371170998 0.15129999816417694
vn -0.9879999756813049 -0.05570000037550926 -0.14380000531673431
vn -0.9803000092506409 -0.08209999650716782 0.17980000376701355
vn -0.9793000221252441 -0.1995999962091446 -0.03350000083446503
vn -0.9778000116348267 0.2046000063419342 -0.04450000077486038
vn -0.9772999882698059 -0.20020000636577606 0.06920000165700912
vn -0.9763000011444092 0.09449999779462814 -0.19480000436306
vn -0.9760000109672546 -0.2176000028848648 0.008999999612569809
vn -0.9753999710083008 -0.21379999816417694 -0.0544000007212162
vn -0.9732999801635742 -0.13760000467300415 -0.18369999527931213
vn -0.9715999960899353 -0.10740000009536743 0.2110999971628189
vn -0.9704999923706055 -0.13459999859333038 0.20020000636577606
vn -0.968500018119812 0.06889999657869339 -0.23909999430179596
vn -0.9684000015258789 -0.04470000043511391 -0.24549999833106995
vn -0.9681000113487244 0.19480000436306 -0.15760000050067902
vn -0.9634000062942505 -0.26649999618530273 -0.029200000688433647
vn -0.9617999792098999 -0.2583000063896179 -0.09009999781847
vn -0.9606999754905701 -0.257099986076355 -0.10459999740123749
vn -0.9603999853134155 -0.04439999908208847 0.2752000093460083
vn -0.9602000117301941 0.27709999680519104 -0.03550000116229057
vn -0.9573000073432922 -0.11940000206232071 -0.26339998841285706
vn -0.9560999870300293 0.29089999198913574 -0.036400001496076584
vn -0.9535999894142151 0.03629999980330467 0.2989000082015991
vn -0.9501000046730042 -0.11739999800920486 0.289000004529953
vn -0.949999988079071 -0.11259999871253967 -0.29120001196861267
vn -0.9495999813079834 0.3125 0.023800000548362732
vn -0.9455000162124634 -0.027300000190734863 -0.32440000772476196
vn -0.9444000124931335 -0.32829999923706055 -0.020899999886751175
vn -0.9413999915122986 0.03500000014901161 0.33550000190734863
vn -0.941100001335144 -0.19589999318122864 0.2754000127315521
vn -0.941100001335144 -0.10350000113248825 0.32199999690055847
vn -0.9398999810218811 -0.29179999232292175 -0.17739999294281006
vn -0.939300000667572 -0.32019999623298645 0.12280000001192093
vn -0.9340999722480774 -0.15369999408721924 0.3221000134944916
vn -0.932200014591217 -0.35359999537467957 0.07739999890327454
vn -0.9311000108718872 -0.34369999170303345 -0.12250000238418579
vn -0.9273999929428101 0.29350000619888306 0.23170000314712524
vn -0.9269000291824341 0.3580999970436096 -0.11240000277757645
vn -0.925000011920929 0.3781000077724457 0.03909999877214432
vn -0.923799991607666 -0.22859999537467957 -0.30720001459121704
vn -0.9235000014305115 -0.07850000262260437 0.37549999356269836
vn -0.9214000105857849 0.05590000003576279 -0.3847000002861023
vn -0.9193000197410583 -0.1274999976158142 -0.3723999857902527
vn -0.9146999716758728 -0.265500009059906 -0.30480000376701355
vn -0.9133999943733215 0.358599990606308 -0.19269999861717224
vn -0.911300003528595 -0.3758000135421753 0.16850000619888306
vn -0.9097999930381775 0.4041000008583069 0.094200000166893
vn -0.9097999930381775 0.4090999960899353 -0.06949999928474426
vn -0.9077000021934509 0.010200000368058681 0.4196000099182129
vn -0.9070000052452087 0.4205000102519989 -0.022199999541044235
vn -0.902899980545044 0.3154999911785126 -0.29190000891685486
vn -0.8985999822616577 -0.053700000047683716 -0.43549999594688416
vn -0.8934000134468079 0.44760000705718994 -0.03889999911189079
vn -0.8932999968528748 -0.20640000700950623 -0.3993000090122223
vn -0.8889999985694885 0.11789999902248383 0.4424999952316284
vn -0.8880000114440918 0.17309999465942383 -0.4260999858379364
vn -0.8830000162124634 0.46459999680519104 -0.06610000133514404
vn -0.8798999786376953 -0.00419999985024333 0.47519999742507935
vn -0.8720999956130981 0.1979999989271164 0.44760000705718994
vn -0.8611000180244446 0.4124000072479248 -0.2973000109195709
vn -0.8578000068664551 -0.18649999797344208 -0.4790000021457672
vn -0.8532000184059143 0.11840000003576279 -0.5080000162124634
vn -0.8525999784469604 -0.29109999537467957 -0.43389999866485596
vn -0.8492000102996826 0.33500000834465027 0.4081999957561493
vn -0.8478999733924866 -0.5113000273704529 -0.1404999941587448
vn -0.8475000262260437 -0.0714000016450882 0.5260000228881836
vn -0.8432999849319458 -0.12300000339746475 0.5231999754905701
vn -0.8424000144004822 -0.5328999757766724 0.08009999990463257
vn -0.8414000272750854 -0.36899998784065247 -0.39489999413490295
vn -0.8410999774932861 0.021700000390410423 -0.5404000282287598
vn -0.8393999934196472 0.03819999843835831 0.5422000288963318
vn -0.8391000032424927 -0.517799973487854 0.16680000722408295
vn -0.8385999798774719 -0.5412999987602234 0.061500001698732376
vn -0.8378999829292297 0.045899998396635056 0.5439000129699707
vn -0.8367999792098999 -0.18039999902248383 -0.5167999863624573
vn -0.8364999890327454 0.3192000091075897 0.44530001282691956
vn -0.835099995136261 0.09679999947547913 -0.5414999723434448
vn -0.8330000042915344 -0.5249000191688538 0.17499999701976776
vn -0.8303999900817871 -0.2565999925136566 0.49459999799728394
vn -0.8248000144958496 0.15060000121593475 -0.5450000166893005
vn -0.8162999749183655 -0.012900000438094139 -0.5774999856948853
vn -0.8125 -0.12460000067949295 -0.5695000290870667
vn -0.8119999766349792 0.5820000171661377 0.04439999908208847
vn -0.8109999895095825 0.16030000150203705 -0.5626000165939331
vn -0.8058000206947327 -0.5667999982833862 0.17159999907016754
vn -0.8037999868392944 -0.5388000011444092 -0.2522999942302704
vn -0.803600013256073 -0.4117000102996826 0.42980000376701355
vn -0.8019000291824341 0.5891000032424927 0.10019999742507935
vn -0.8008000254631042 -0.06270000338554382 -0.5956000089645386
vn -0.7994999885559082 -0.5 -0.3328000009059906
vn -0.79830002784729 -0.5651999711990356 0.20800000429153442
vn -0.79830002784729 0.4415999948978424 -0.40950000286102295
vn -0.7972000241279602 -0.15940000116825104 0.5823000073432922
vn -0.7967000007629395 0.3084999918937683 0.5196999907493591
vn -0.7922000288963318 -0.28540000319480896 -0.5393999814987183
vn -0.7914000153541565 0.5224999785423279 0.3172999918460846
vn -0.7843999862670898 -0.5196999907493591 0.3386000096797943
vn -0.7817999720573425 0.1054999977350235 -0.6144999861717224
vn -0.7813000082969666 -0.6208999752998352 0.0640999972820282
vn -0.7763000130653381 -0.22660000622272491 0.5882999897003174
vn -0.7723000049591064 -0.20630000531673431 -0.6008999943733215
vn -0.7716000080108643 -0.49390000104904175 0.4009999930858612
vn -0.7713000178337097 0.5483999848365784 0.3230000138282776
vn -0.7682999968528748 0.4675000011920929 0.4372999966144562
vn -0.765999972820282 0.08190000057220459 0.6376000046730042
vn -0.7657999992370605 0.29580000042915344 -0.5710999965667725
vn -0.7645000219345093 0.5648000240325928 -0.310699999332428
vn -0.7638999819755554 -0.3181000053882599 -0.5613999962806702
vn -0.7573999762535095 0.45840001106262207 -0.4650000035762787
vn -0.7563999891281128 -0.5898000001907349 -0.28279998898506165
vn -0.7556999921798706 -0.6273000240325928 -0.18809999525547028
vn -0.7504000067710876 -0.07180000096559525 0.6571000218391418
vn -0.7494000196456909 -0.6254000067710876 0.2175000011920929
vn -0.7488999962806702 0.17829999327659607 0.6383000016212463
vn -0.7473999857902527 0.6209999918937683 -0.23600000143051147
vn -0.7472000122070312 0.4244000017642975 -0.5113999843597412
vn -0.7454000115394592 -0.6402999758720398 0.18529999256134033
vn -0.7448999881744385 -0.028699999675154686 0.6665999889373779
vn -0.7448999881744385 -0.01269999984651804 0.6671000123023987
vn -0.7429999709129333 0.01940000057220459 -0.6690000295639038
vn -0.7404000163078308 -0.5289000272750854 -0.414900004863739
vn -0.7394000291824341 0.6534000039100647 0.16249999403953552
vn -0.7390999794006348 -0.04390000179409981 -0.6721000075340271
vn -0.7382000088691711 0.5837000012397766 -0.33820000290870667
vn -0.7354000210762024 0.5924999713897705 -0.3287999927997589
vn -0.7325000166893005 0.29649999737739563 -0.6128000020980835
vn -0.7300999760627747 -0.004800000227987766 0.6833000183105469
vn -0.7290999889373779 -0.4706999957561493 0.4970000088214874
vn -0.7275999784469604 -0.2500999867916107 0.6388000249862671
vn -0.7264000177383423 0.6805999875068665 0.09520000219345093
vn -0.7222999930381775 0.2094999998807907 -0.6590999960899353
vn -0.7202000021934509 0.6672999858856201 -0.18960000574588776
vn -0.718999981880188 -0.5612999796867371 0.4099000096321106
vn -0.7178000211715698 -0.028999999165534973 0.6955999732017517
vn -0.7156999707221985 0.6970999836921692 -0.043800000101327896
vn -0.7125999927520752 -0.009600000455975533 0.7014999985694885
vn -0.7123000025749207 0.3734000027179718 0.5942999720573425
vn -0.7102000117301941 0.7039999961853027 0.01140000019222498
vn -0.7099999785423279 -0.5501000285148621 -0.43959999084472656
vn -0.7093999981880188 0.1151999980211258 0.6952999830245972
vn -0.7027999758720398 0.3264000117778778 -0.632099986076355
vn -0.7024000287055969 -0.7111999988555908 0.028699999675154686
vn -0.697700023651123 0.7039999961853027 0.13259999454021454
vn -0.6890000104904175 -0.29249998927116394 -0.663100004196167
vn -0.6890000104904175 -0.11779999732971191 0.7150999903678894
vn -0.6876000165939331 0.13449999690055847 -0.7135000228881836
vn -0.6841999888420105 0.17630000412464142 -0.7075999975204468
vn -0.6830000281333923 0.12129999697208405 0.720300018787384
vn -0.6815000176429749 0.628000020980835 -0.3758000135421753
vn -0.6797000169754028 -0.6923999786376953 0.24199999868869781
vn -0.6794000267982483 -0.6976000070571899 -0.22759999334812164
vn -0.6761000156402588 -0.08780000358819962 -0.7315999865531921
vn -0.6729000210762024 -0.3075000047683716 -0.6728000044822693
vn -0.6725999712944031 0.09700000286102295 0.7336000204086304
vn -0.6704000234603882 -0.5206999778747559 -0.5285000205039978
vn -0.6694999933242798 -0.4799000024795532 0.5669999718666077
vn -0.6682000160217285 -0.3522999882698059 0.6553000211715698
vn -0.6668999791145325 0.7451000213623047 -0.00860000029206276
vn -0.6643999814987183 -0.3278999924659729 0.6715999841690063
vn -0.6643000245094299 -0.6205000281333923 0.41670000553131104
vn -0.6607999801635742 -0.2409999966621399 0.7107999920845032
vn -0.6585000157356262 0.0674000009894371 0.7494999766349792
vn -0.6539999842643738 -0.27219998836517334 0.7057999968528748
vn -0.6485000252723694 0.7391999959945679 0.18209999799728394
vn -0.6481000185012817 0.36230000853538513 0.6699000000953674
vn -0.6452000141143799 -0.4771000146865845 -0.5967000126838684
vn -0.640999972820282 0.7365999817848206 -0.21559999883174896
vn -0.6395000219345093 -0.44530001282691956 -0.6266999840736389
vn -0.638700008392334 0.6334999799728394 0.4368000030517578
vn -0.6377999782562256 -0.32109999656677246 -0.7001000046730042
vn -0.6358000040054321 0.7371000051498413 0.2289000004529953
vn -0.6335999965667725 0.7150999903678894 -0.2953000068664551
vn -0.6308000087738037 0.08349999785423279 -0.771399974822998
vn -0.6263999938964844 -0.6432999968528748 0.44020000100135803
vn -0.6261000037193298 -0.779699981212616 0.01080000028014183
vn -0.6258000135421753 0.04659999907016754 0.7785999774932861
vn -0.6238999962806702 0.5175999999046326 -0.5856000185012817
vn -0.620199978351593 0.329800009727478 -0.7117000222206116
vn -0.6122000217437744 0.7408000230789185 0.27639999985694885
vn -0.6044999957084656 -0.5430999994277954 -0.5827000141143799
vn -0.6014000177383423 -0.5684999823570251 -0.5613999962806702
vn -0.595300018787384 -0.3540000021457672 -0.7213000059127808
vn -0.5932999849319458 0.7809000015258789 -0.19539999961853027
vn -0.5918999910354614 -0.5979999899864197 -0.5403000116348267
vn -0.5910000205039978 -0.28220000863075256 0.7556999921798706
vn -0.5845999717712402 0.42980000376701355 0.6880999803543091
vn -0.5824999809265137 0.7955999970436096 0.16660000383853912
vn -0.578000009059906 0.8130999803543091 0.06920000165700912
vn -0.5770000219345093 0.3792000114917755 0.7232999801635742
vn -0.5745999813079834 0.7886999845504761 0.21860000491142273
vn -0.5727999806404114 0.6898999810218811 -0.44269999861717224
vn -0.571399986743927 -0.7520999908447266 -0.32829999923706055
vn -0.5698000192642212 0.8217999935150146 0.006099999882280827
vn -0.5694000124931335 0.11020000278949738 -0.8147000074386597
vn -0.5651000142097473 -0.5310999751091003 -0.6312999725341797
vn -0.5644000172615051 -0.1467999964952469 0.8123999834060669
vn -0.5641999840736389 -0.5870000123977661 0.5806000232696533
vn -0.5630000233650208 0.5917999744415283 -0.5767999887466431
vn -0.5620999932289124 -0.011900000274181366 0.8270000219345093
vn -0.5598000288009644 0.579200029373169 0.5925999879837036
vn -0.5570999979972839 -0.6948999762535095 -0.4546000063419342
vn -0.552299976348877 0.5898000001907349 0.5892000198364258
vn -0.5479000210762024 0.832099974155426 0.08609999716281891
vn -0.546999990940094 0.03539999946951866 0.8363999724388123
vn -0.545199990272522 0.0674000009894371 -0.8356000185012817
vn -0.544700026512146 0.8320000171661377 0.10520000010728836
vn -0.5444999933242798 0.6700999736785889 -0.5044999718666077
vn -0.541100025177002 0.8258000016212463 0.1590999960899353
vn -0.538100004196167 0.8349999785423279 0.1152999997138977
vn -0.5367000102996826 0.09040000289678574 -0.8389000296592712
vn -0.5364000201225281 0.3077999949455261 0.7857999801635742
vn -0.5335999727249146 0.5800999999046326 0.6154999732971191
vn -0.53329998254776 -0.8391000032424927 -0.10700000077486038
vn -0.5329999923706055 0.08709999918937683 -0.8416000008583069
vn -0.5325000286102295 0.4530999958515167 0.714900016784668
vn -0.531000018119812 0.8392000198364258 -0.11720000207424164
vn -0.531000018119812 0.8464000225067139 -0.040800001472234726
vn -0.5304999947547913 0.8263999819755554 0.18870000541210175
vn -0.5288000106811523 0.5594000220298767 -0.6383000016212463
vn -0.5260999798774719 -0.5069000124931335 -0.6827999949455261
vn -0.5236999988555908 0.847000002861023 0.09160000085830688
vn -0.5217999815940857 -0.8472999930381775 -0.09960000216960907
vn -0.5123000144958496 0.7767000198364258 -0.36640000343322754
vn -0.508400022983551 -0.8023999929428101 -0.3125
vn -0.5054000020027161 0.8253999948501587 -0.2515999972820282
vn -0.5051000118255615 0.43050000071525574 0.7480000257492065
vn -0.501800000667572 -0.5794000029563904 -0.6421999931335449
vn -0.5012999773025513 -0.29420000314712524 -0.8137000203132629
vn -0.5008000135421753 0.27489998936653137 -0.8208000063896179
vn -0.49939998984336853 0.32030001282691956 -0.8050000071525574
vn -0.49889999628067017 -0.1876000016927719 -0.8460999727249146
vn -0.4984000027179718 0.22300000488758087 0.8378000259399414
vn -0.49810001254081726 0.3382999897003174 -0.7983999848365784
vn -0.49630001187324524 0.8519999980926514 0.16670000553131104
vn -0.49059998989105225 -0.09359999746084213 -0.8662999868392944
vn -0.4894999861717224 0.6679999828338623 0.5605000257492065
vn -0.4855000078678131 -0.5751000046730042 0.6583999991416931
vn -0.4796999990940094 0.45980000495910645 0.7473000288009644
vn -0.4772000014781952 0.7713000178337097 0.4212000072002411
vn -0.47440001368522644 -0.44269999861717224 -0.7609000205993652
vn -0.46799999475479126 -0.09019999951124191 0.8791000247001648
vn -0.4668000042438507 -0.7896999716758728 0.39800000190734863
vn -0.4659000039100647 0.006300000008195639 -0.8848000168800354
vn -0.4602999985218048 0.696399986743927 -0.550599992275238
vn -0.45879998803138733 -0.8525000214576721 -0.25040000677108765
vn -0.45829999446868896 -0.6833999752998352 -0.5683000087738037
vn -0.45579999685287476 0.8554999828338623 -0.24570000171661377
vn -0.4546000063419342 -0.8862000107765198 0.08919999748468399
vn -0.4544000029563904 -0.6650999784469604 -0.5925999879837036
vn -0.4544000029563904 0.8841000199317932 0.10949999839067459
vn -0.45419999957084656 -0.8734999895095825 0.1753000020980835
vn -0.4523000121116638 -0.7979999780654907 0.3982999920845032
vn -0.44850000739097595 0.04320000112056732 0.8927000164985657
vn -0.44839999079704285 -0.07180000096559525 0.890999972820282
vn -0.44769999384880066 0.430400013923645 0.7838000059127808
vn -0.447299987077713 -0.11509999632835388 -0.886900007724762
vn -0.4447000026702881 -0.6295999884605408 -0.6370000243186951
vn -0.44350001215934753 0.3181999921798706 0.8378999829292297
vn -0.4433000087738037 0.33550000190734863 0.8312000036239624
vn -0.4406000077724457 -0.7167999744415283 -0.5404000282287598
vn -0.43880000710487366 -0.32829999923706055 0.8363999724388123
vn -0.438400000333786 0.2590999901294708 0.8605999946594238
vn -0.42910000681877136 -0.8845000267028809 0.18310000002384186
vn -0.424699991941452 -0.8421000242233276 0.33239999413490295
vn -0.4244999885559082 -0.8234999775886536 0.37630000710487366
vn -0.4226999878883362 0.12139999866485596 0.8981000185012817
vn -0.41749998927116394 -0.9077000021934509 -0.0430000014603138
vn -0.41350001096725464 -0.09099999815225601 -0.9059000015258789
vn -0.41100001335144043 -0.25870001316070557 0.8741000294685364
vn -0.4101000130176544 0.45100000500679016 -0.7928000092506409
vn -0.40950000286102295 0.7405999898910522 0.532800018787384
vn -0.40700000524520874 0.5127999782562256 0.7559000253677368
vn -0.40689998865127563 0.8159999847412109 -0.4104999899864197
vn -0.4059000015258789 0.010400000028312206 0.9139000177383423
vn -0.4049000144004822 0.19359999895095825 -0.8935999870300293
vn -0.4041000008583069 0.4528000056743622 -0.7947999835014343
vn -0.39989998936653137 -0.5976999998092651 -0.6948000192642212
vn -0.39820000529289246 -0.8579999804496765 0.32440000772476196
vn -0.3977999985218048 -0.7717999815940857 -0.4961000084877014
vn -0.39739999175071716 0.4377000033855438 0.8065000176429749
vn -0.39730000495910645 -0.7892000079154968 0.4683000147342682
vn -0.3961000144481659 -0.026100000366568565 -0.9178000092506409
vn -0.39320001006126404 0.9190000295639038 -0.02879999950528145
vn -0.3928999900817871 -0.07050000131130219 0.9168999791145325
vn -0.39089998602867126 0.8795999884605408 0.2711000144481659
vn -0.39070001244544983 0.7472000122070312 0.5375999808311462
vn -0.3885999917984009 -0.4124999940395355 -0.8238999843597412
vn -0.38830000162124634 -0.9178000092506409 -0.08290000259876251
vn -0.38690000772476196 0.6840000152587891 0.6184999942779541
vn -0.38530001044273376 0.19189999997615814 -0.9025999903678894
vn -0.38449999690055847 -0.44200000166893005 -0.8104000091552734
vn -0.38260000944137573 0.9190999865531921 0.0940999984741211
vn -0.3808000087738037 -0.6452000141143799 -0.6622999906539917
vn -0.38040000200271606 0.9139999747276306 -0.1412999927997589
vn -0.3797000050544739 -0.8238999843597412 0.42080000042915344
vn -0.3792000114917755 0.6535999774932861 0.6549999713897705
vn -0.3783999979496002 -0.05310000106692314 0.9240999817848206
vn -0.37540000677108765 0.8334000110626221 0.40560001134872437
vn -0.37450000643730164 -0.7218000292778015 -0.5820000171661377
vn -0.3677000105381012 0.5001999735832214 -0.7839000225067139
vn -0.36739999055862427 -0.4562000036239624 -0.8105000257492065
vn -0.36169999837875366 0.0738999992609024 -0.9294000267982483
vn -0.3614000082015991 -0.8108000159263611 -0.4603999853134155
vn -0.3596999943256378 0.637499988079071 -0.6812999844551086
vn -0.3596000075340271 0.2874000072479248 0.8877000212669373
vn -0.3594000041484833 0.7039999961853027 0.612500011920929
vn -0.3587999939918518 -0.41260001063346863 -0.8373000025749207
vn -0.3564000129699707 0.9322999715805054 -0.06129999831318855
vn -0.3547999858856201 0.6754000186920166 0.6464999914169312
vn -0.35440000891685486 -0.0005000000237487257 0.9351000189781189
vn -0.35179999470710754 -0.04349999874830246 0.9351000189781189
vn -0.35179999470710754 0.5139999985694885 -0.7824000120162964
vn -0.35010001063346863 0.8500000238418579 0.3935999870300293
vn -0.3495999872684479 0.8931999802589417 -0.2825999855995178
vn -0.34850001335144043 -0.8622000217437744 -0.3677000105381012
vn -0.3483000099658966 -0.1860000044107437 -0.9186999797821045
vn -0.3481000065803528 0.9308000206947327 -0.11140000075101852
vn -0.34700000286102295 0.07800000160932541 -0.9345999956130981
vn -0.3449999988079071 -0.8744000196456909 0.34119999408721924
vn -0.34459999203681946 0.9384999871253967 0.02250000089406967
vn -0.34360000491142273 -0.1256999969482422 0.9307000041007996
vn -0.3425000011920929 -0.7876999974250793 0.5120999813079834
vn -0.3402999937534332 0.8396000266075134 0.42329999804496765
vn -0.33970001339912415 -0.6086000204086304 0.7171000242233276
vn -0.33869999647140503 -0.02810000069439411 -0.940500020980835
vn -0.33550000190734863 -0.38830000162124634 0.858299970626831
vn -0.3336000144481659 0.9038000106811523 0.2678999900817871
vn -0.3303999900817871 -0.10010000318288803 0.9384999871253967
vn -0.329800009727478 -0.9387999773025513 0.0989999994635582
vn -0.32739999890327454 0.13269999623298645 0.9355000257492065
vn -0.325300008058548 -0.41530001163482666 -0.8496000170707703
vn -0.3244999945163727 0.4058000147342682 -0.8543999791145325
vn -0.32249999046325684 -0.7146999835968018 0.6205999851226807
vn -0.32030001282691956 -0.9294000267982483 -0.18310000002384186
vn -0.31679999828338623 -0.049800001084804535 0.9472000002861023
vn -0.3118000030517578 -0.7383999824523926 -0.5978999733924866
vn -0.30799999833106995 -0.05689999833703041 0.9496999979019165
vn -0.30790001153945923 0.25119999051094055 -0.9176999926567078
vn -0.3034999966621399 0.1006999984383583 0.9474999904632568
vn -0.3034000098705292 -0.9498999714851379 0.0746999979019165
vn -0.3034000098705292 0.9527999758720398 -0.0032999999821186066
vn -0.3010999858379364 0.7135999798774719 0.6324999928474426
vn -0.30090001225471497 -0.02930000051856041 0.9531999826431274
vn -0.29679998755455017 -0.7250999808311462 0.6212999820709229
vn -0.29660001397132874 0.9176999926567078 0.26420000195503235
vn -0.2955999970436096 -0.8895000219345093 -0.3483000099658966
vn -0.295199990272522 -0.006899999920278788 0.9553999900817871
vn -0.29490000009536743 -0.7630000114440918 0.5752000212669373
vn -0.2946000099182129 0.6256999969482422 0.7221999764442444
vn -0.2919999957084656 -0.9562000036239624 -0.02290000021457672
vn -0.2897000014781952 -0.8626000285148621 0.4146000146865845
vn -0.28700000047683716 0.039000000804662704 0.957099974155426
vn -0.2824000120162964 0.039799999445676804 0.9585000276565552
vn -0.27649998664855957 -0.05609999969601631 0.9593999981880188
vn -0.27459999918937683 -0.9085000157356262 -0.3147999942302704
vn -0.27379998564720154 -0.5435000061988831 -0.7935000061988831
vn -0.2732999920845032 -0.8203999996185303 -0.5023000240325928
vn -0.2703999876976013 0.9211999773979187 0.27959999442100525
vn -0.26739999651908875 0.9635999798774719 -0.0027000000700354576
vn -0.2671000063419342 0.9575999975204468 -0.10779999941587448
vn -0.26669999957084656 0.7153000235557556 0.6459000110626221
vn -0.26190000772476196 0.1696999967098236 -0.9501000046730042
vn -0.2599000036716461 0.33410000801086426 -0.906000018119812
vn -0.2554999887943268 0.5745000243186951 -0.7775999903678894
vn -0.25429999828338623 -0.9610000252723694 -0.1088000014424324
vn -0.2529999911785126 0.8621000051498413 0.4390999972820282
vn -0.24699999392032623 -0.6448000073432922 0.7232999801635742
vn -0.24660000205039978 -0.71670001745224 0.6523000001907349
vn -0.24660000205039978 0.4196999967098236 0.8734999895095825
vn -0.24449999630451202 0.9595000147819519 -0.1396999955177307
vn -0.24410000443458557 -0.59579998254776 0.7651000022888184
vn -0.24199999868869781 0.9416000247001648 0.23430000245571136
vn -0.2402999997138977 0.23389999568462372 -0.9420999884605408
vn -0.23890000581741333 0.8223000168800354 -0.5163999795913696
vn -0.2363000065088272 0.8913999795913696 -0.38679999113082886
vn -0.2353000044822693 -0.2651999890804291 -0.9350000023841858
vn -0.23499999940395355 0.2799000144004822 0.9308000206947327
vn -0.23479999601840973 -0.8431000113487244 -0.4837999939918518
vn -0.23409999907016754 0.9103999733924866 0.34119999408721924
vn -0.23399999737739563 -0.47589999437332153 -0.8478000164031982
vn -0.23360000550746918 0.9301999807357788 0.28299999237060547
vn -0.23190000653266907 -0.1534000039100647 -0.9606000185012817
vn -0.2289000004529953 -0.8822000026702881 -0.4115000069141388
vn -0.2280000001192093 0.9613999724388123 0.1542000025510788
vn -0.22779999673366547 0.9578999876976013 -0.1745000034570694
vn -0.22660000622272491 -0.5541999936103821 -0.8008999824523926
vn -0.22550000250339508 -0.413100004196167 0.8823000192642212
vn -0.2248000055551529 -0.6406000256538391 0.7342000007629395
vn -0.22380000352859497 -0.16009999811649323 -0.9613999724388123
vn -0.22310000658035278 -0.9154999852180481 0.3346000015735626
vn -0.22280000150203705 -0.46219998598098755 0.858299970626831
vn -0.22190000116825104 -0.2199999988079071 -0.9498999714851379
vn -0.22130000591278076 -0.1005999967455864 -0.9700000286102295
vn -0.22059999406337738 0.4982999861240387 0.8385000228881836
vn -0.21559999883174896 -0.9757000207901001 0.03840000182390213
vn -0.2134000062942505 0.5716000199317932 -0.7922999858856201
vn -0.21299999952316284 -0.17110000550746918 -0.9620000123977661
vn -0.2126999944448471 0.06920000165700912 0.9746999740600586
vn -0.211899995803833 0.44909998774528503 0.8679999709129333
vn -0.21170000731945038 0.22609999775886536 0.9508000016212463
vn -0.21119999885559082 -0.02280000038444996 0.9771999716758728
vn -0.21080000698566437 0.36390000581741333 -0.9072999954223633
vn -0.21060000360012054 0.0835999995470047 -0.9739999771118164
vn -0.21040000021457672 0.3059999942779541 -0.9284999966621399
vn -0.20759999752044678 0.11909999698400497 0.9708999991416931
vn -0.20649999380111694 0.06340000033378601 -0.9764000177383423
vn -0.2054000049829483 0.460099995136261 0.8637999892234802
vn -0.20489999651908875 -0.1761000007390976 0.9628000259399414
vn -0.20409999787807465 -0.968500018119812 -0.14259999990463257
vn -0.20409999787807465 0.9706000089645386 -0.12729999423027039
vn -0.20309999585151672 -0.008299999870359898 -0.9790999889373779
vn -0.20229999721050262 0.8059999942779541 0.5562999844551086
vn -0.20180000364780426 -0.9790999889373779 0.02419999986886978
vn -0.20149999856948853 -0.2770000100135803 0.9394999742507935
vn -0.2013999968767166 -0.7196999788284302 0.6644999980926514
vn -0.2013999968767166 0.9031999707221985 0.3790000081062317
vn -0.19939999282360077 0.9794999957084656 0.027799999341368675
vn -0.1981000006198883 0.4242999851703644 0.8835999965667725
vn -0.19769999384880066 -0.9609000086784363 -0.1940000057220459
vn -0.19769999384880066 0.025499999523162842 -0.9799000024795532
vn -0.19740000367164612 0.4496999979019165 -0.8711000084877014
vn -0.19709999859333038 -0.7038000226020813 -0.6825000047683716
vn -0.19539999961853027 -0.7386000156402588 -0.6452999711036682
vn -0.1941000074148178 -0.4372999966144562 0.8780999779701233
vn -0.19220000505447388 0.8496000170707703 -0.491100013256073
vn -0.19189999997615814 0.7421000003814697 -0.6421999931335449
vn -0.19179999828338623 0.980400025844574 -0.04500000178813934
vn -0.1915999948978424 0.44749999046325684 0.8734999895095825
vn -0.18940000236034393 0.9642000198364258 -0.18549999594688416
vn -0.18930000066757202 0.27799999713897705 0.9417999982833862
vn -0.1890999972820282 -0.08529999852180481 0.9782000184059143
vn -0.18809999525547028 -0.2786000072956085 0.9417999982833862
vn -0.18780000507831573 0.7883999943733215 -0.5856999754905701
vn -0.18690000474452972 -0.20239999890327454 0.9613000154495239
vn -0.18250000476837158 -0.25920000672340393 -0.9484000205993652
vn -0.1818999946117401 0.8853999972343445 -0.427700012922287
vn -0.18070000410079956 -0.6424000263214111 -0.7447999715805054
vn -0.18039999902248383 -0.18700000643730164 -0.9656999707221985
vn -0.18019999563694 0.5224999785423279 -0.8334000110626221
vn -0.1800999939441681 0.2728999853134155 -0.9449999928474426
vn -0.1793999969959259 0.32519999146461487 0.9284999966621399
vn -0.17790000140666962 -0.4050000011920929 0.8968999981880188
vn -0.1745000034570694 0.4449000060558319 0.8784000277519226
vn -0.17329999804496765 0.9434000253677368 -0.2827000021934509
vn -0.17249999940395355 0.23690000176429749 -0.9560999870300293
vn -0.17239999771118164 -0.9836000204086304 0.053700000047683716
vn -0.1704999953508377 0.2387000024318695 0.9559999704360962
vn -0.17030000686645508 0.2599000036716461 0.9505000114440918
vn -0.17010000348091125 -0.8382999897003174 0.5178999900817871
vn -0.1696999967098236 0.9761000275611877 -0.1354999989271164
vn -0.16670000553131104 -0.9790999889373779 -0.11680000275373459
vn -0.16529999673366547 0.03970000147819519 -0.9854000210762024
vn -0.16259999573230743 -0.7436000108718872 -0.6485999822616577
vn -0.1550000011920929 0.907800018787384 -0.3896999955177307
vn -0.14949999749660492 0.37369999289512634 -0.9154000282287598
vn -0.14830000698566437 -0.6295999884605408 -0.7626000046730042
vn -0.1476999968290329 0.6859999895095825 0.7124000191688538
vn -0.14489999413490295 -0.11999999731779099 -0.9821000099182129
vn -0.14380000531673431 0.9714000225067139 0.1890999972820282
vn -0.14180000126361847 0.28299999237060547 0.9485999941825867
vn -0.13779999315738678 0.9850999712944031 -0.10270000249147415
vn -0.13650000095367432 -0.08179999887943268 0.9872999787330627
vn -0.13570000231266022 -0.1145000010728836 -0.9840999841690063
vn -0.13490000367164612 0.7221999764442444 -0.6783999800682068
vn -0.1339000016450882 0.05860000103712082 0.989300012588501
vn -0.1339000016450882 0.7064999938011169 0.6949999928474426
vn -0.13379999995231628 0.19760000705718994 0.9710999727249146
vn -0.13179999589920044 0.12409999966621399 0.9835000038146973
vn -0.13099999725818634 -0.03400000184774399 0.9908000230789185
vn -0.13030000030994415 0.8048999905586243 0.5789999961853027
vn -0.12849999964237213 -0.9916999936103821 0.006200000178068876
vn -0.12809999287128448 -0.734000027179718 0.6668999791145325
vn -0.12809999287128448 0.4535999894142151 0.8819000124931335
vn -0.12620000541210175 0.9904000163078308 0.05660000070929527
vn -0.12549999356269836 -0.07190000265836716 -0.9894999861717224
vn -0.12530000507831573 -0.5174000263214111 -0.8464999794960022
vn -0.1242000013589859 -0.7685999870300293 0.6276000142097473
vn -0.12409999966621399 0.573199987411499 0.8100000023841858
vn -0.12330000102519989 0.066600002348423 -0.9901000261306763
vn -0.12269999831914902 0.33480000495910645 0.9343000054359436
vn -0.12160000205039978 -0.4844000041484833 0.8664000034332275
vn -0.12099999934434891 -0.18199999630451202 0.9757999777793884
vn -0.11840000003576279 0.5299999713897705 -0.8396999835968018
vn -0.11760000139474869 0.09160000085830688 -0.9887999892234802
vn -0.1168999969959259 -0.49160000681877136 0.8629000186920166
vn -0.11670000106096268 -0.12219999730587006 -0.9855999946594238
vn -0.11640000343322754 -0.9243000149726868 0.3634999990463257
vn -0.11550000309944153 -0.2639999985694885 0.9575999975204468
vn -0.1145000010728836 0.9520999789237976 0.28369998931884766
vn -0.11400000005960464 -0.8604999780654907 -0.4964999854564667
vn -0.11389999836683273 -0.10939999669790268 0.987500011920929
vn -0.11379999667406082 0.7978000044822693 -0.5920000076293945
vn -0.11270000040531158 -0.05559999868273735 0.9921000003814697
vn -0.11060000211000443 -0.635200023651123 -0.7644000053405762
vn -0.11050000041723251 -0.675599992275238 0.7289000153541565
vn -0.10970000177621841 -0.04540000110864639 -0.992900013923645
vn -0.10559999942779541 -0.8946999907493591 -0.4339999854564667
vn -0.1031000018119812 0.6833999752998352 -0.7226999998092651
vn -0.10279999673366547 0.09809999912977219 0.9898999929428101
vn -0.10199999809265137 -0.989300012588501 -0.10450000315904617
vn -0.10170000046491623 0.31790000200271606 -0.9427000284194946
vn -0.0989999994635582 -0.9634000062942505 -0.249099999666214
vn -0.09839999675750732 -0.5049999952316284 -0.8575000166893005
vn -0.09799999743700027 -0.4700999855995178 0.8770999908447266
vn -0.09690000116825104 -0.7196999788284302 0.6875
vn -0.0957999974489212 -0.6229000091552734 -0.7764000296592712
vn -0.09520000219345093 0.3264999985694885 -0.9404000043869019
vn -0.094200000166893 0.13609999418258667 -0.9861999750137329
vn -0.09390000253915787 -0.8209999799728394 0.5631999969482422
vn -0.09210000187158585 0.019500000402331352 -0.9955999851226807
vn -0.08950000256299973 -0.37689998745918274 0.9218999743461609
vn -0.08910000324249268 -0.5788000226020813 0.8105999827384949
vn -0.08900000154972076 -0.12790000438690186 0.9878000020980835
vn -0.08879999816417694 0.9804999828338623 0.17520000040531158
vn -0.0860000029206276 -0.7408999800682068 0.666100025177002
vn -0.08540000021457672 0.29910001158714294 -0.9503999948501587
vn -0.08470000326633453 -0.02500000037252903 -0.9961000084877014
vn -0.08470000326633453 0.9894000291824341 0.11789999902248383
vn -0.08449999988079071 -0.16099999845027924 -0.983299970626831
vn -0.08420000225305557 0.5753999948501587 -0.8134999871253967
vn -0.08259999752044678 -0.14790000021457672 0.9854999780654907
vn -0.08129999786615372 0.9642999768257141 -0.25220000743865967
vn -0.08079999685287476 -0.9850000143051147 0.15219999849796295
vn -0.07750000059604645 -0.6937000155448914 -0.7160999774932861
vn -0.0763000026345253 -0.2671000063419342 0.9606000185012817
vn -0.07590000331401825 -0.3732999861240387 -0.9246000051498413
vn -0.07569999992847443 -0.31929999589920044 -0.944599986076355
vn -0.07569999992847443 0.8277000188827515 -0.5561000108718872
vn -0.07569999992847443 0.8519999980926514 0.5180000066757202
vn -0.07329999655485153 -0.43849998712539673 0.8956999778747559
vn -0.07320000231266022 -0.5357999801635742 0.8410999774932861
vn -0.07320000231266022 0.23389999568462372 -0.9695000052452087
vn -0.0731000006198883 -0.98580002784729 -0.1509000062942505
vn -0.07199999690055847 -0.9380000233650208 -0.33899998664855957
vn -0.07069999724626541 0.8094000220298767 -0.5830000042915344
vn -0.07050000131130219 0.7240999937057495 0.6861000061035156
vn -0.07039999961853027 -0.8434000015258789 0.5325999855995178
vn -0.06830000132322311 0.8715000152587891 0.48570001125335693
vn -0.06790000200271606 -0.7904000282287598 -0.6087999939918518
vn -0.06599999964237213 0.6506999731063843 0.7565000057220459
vn -0.06310000270605087 -0.35499998927116394 -0.932699978351593
vn -0.061900001019239426 -0.6079000234603882 -0.7915999889373779
vn -0.061000000685453415 -0.9678999781608582 -0.24379999935626984
vn -0.06080000102519989 -0.807200014591217 0.5871000289916992
vn -0.05959999933838844 0.2084999978542328 -0.9761999845504761
vn -0.05889999866485596 0.998199999332428 -0.008100000210106373
vn -0.058400001376867294 -0.7677000164985657 0.6381000280380249
vn -0.05829999968409538 -0.45829999446868896 -0.886900007724762
vn -0.05820000171661377 -0.7085999846458435 0.7031999826431274
vn -0.05620000138878822 -0.9983000159263611 0.014100000262260437
vn -0.05590000003576279 -0.35569998621940613 -0.9329000115394592
vn -0.05570000037550926 -0.7310000061988831 0.6801000237464905
vn -0.05570000037550926 0.9818000197410583 0.18170000612735748
vn -0.05460000038146973 0.2847999930381775 0.9570000171661377
vn -0.051899999380111694 0.43369999527931213 0.8996000289916992
vn -0.04989999905228615 -0.28360000252723694 -0.9575999975204468
vn -0.049400001764297485 -0.6941999793052673 -0.7179999947547913
vn -0.04919999837875366 -0.9973000288009644 -0.05420000106096268
vn -0.04830000177025795 -0.125 0.9909999966621399
vn -0.04699999839067459 0.5205000042915344 0.8525999784469604
vn -0.045499999076128006 0.010599999688565731 0.9988999962806702
vn -0.04349999874830246 -0.3278000056743622 0.9437000155448914
vn -0.040300000458955765 -0.5698999762535095 -0.8206999897956848
vn -0.04010000079870224 -0.6603999733924866 -0.7498000264167786
vn -0.03849999979138374 0.5952000021934509 -0.8026000261306763
vn -0.03709999844431877 -0.828499972820282 -0.5587999820709229
vn -0.0364999994635582 -0.6506999731063843 -0.7584999799728394
vn -0.0357000008225441 -0.3368000090122223 -0.9409000277519226
vn -0.035599999129772186 0.5464000105857849 0.8367999792098999
vn -0.034699998795986176 -0.06369999796152115 0.9973999857902527
vn -0.0340999998152256 -0.5806999802589417 0.8133999705314636
vn -0.03180000185966492 -0.17640000581741333 -0.9837999939918518
vn -0.031700000166893005 -0.3131999969482422 0.9491999745368958
vn -0.031599998474121094 -0.17829999327659607 0.9835000038146973
vn -0.031199999153614044 0.0544000007212162 -0.9980000257492065
vn -0.029100000858306885 -0.8658000230789185 -0.49950000643730164
vn -0.028599999845027924 -0.7003999948501587 -0.713100016117096
vn -0.028300000354647636 0.39419999718666077 0.9186000227928162
vn -0.026100000366568565 -0.02449999935925007 0.9994000196456909
vn -0.025699999183416367 -0.030500000342726707 -0.9991999864578247
vn -0.024399999529123306 0.5504999756813049 -0.8345000147819519
vn -0.020500000566244125 0.028200000524520874 -0.9994000196456909
vn -0.019999999552965164 0.9988999962806702 -0.041600000113248825
vn -0.01899999938905239 0.7476999759674072 0.6638000011444092
vn -0.01549999974668026 0.9782000184059143 -0.2069000005722046
vn -0.014000000432133675 0.7268000245094299 -0.6866999864578247
vn -0.014000000432133675 0.7505000233650208 0.6607999801635742
vn -0.014000000432133675 0.9107000231742859 0.41280001401901245
vn -0.013899999670684338 -0.3089999854564667 -0.9509000182151794
vn -0.013299999758601189 -0.3154999911785126 0.9488000273704529
vn -0.013199999928474426 0.1429000049829483 0.9896000027656555
vn -0.011599999852478504 -0.9077000021934509 0.41940000653266907
vn -0.010900000110268593 -0.3587999939918518 -0.9333999752998352
vn -0.01080000028014183 -0.2689000070095062 -0.963100016117096
vn -0.01080000028014183 0.6859999895095825 -0.7275000214576721
vn -0.010099999606609344 0.765999972820282 -0.6427000164985657
vn -0.00860000029206276 0.36169999837875366 -0.932200014591217
vn -0.008299999870359898 -0.33550000190734863 0.9419999718666077
vn -0.008100000210106373 0.8199999928474426 -0.5722000002861023
vn -0.007000000216066837 0.9031000137329102 -0.4293999969959259
vn -0.0052999998442828655 -0.3434999883174896 -0.9391000270843506
vn -0.00430000014603138 -0.6175000071525574 0.7865999937057495
vn -0.003599999938160181 -0.30790001153945923 -0.9513999819755554
vn -0.0034000000450760126 0.3181999921798706 0.9480000138282776
vn -0.001500000013038516 -0.15109999477863312 -0.9884999990463257
vn -0.0012000000569969416 0.30469998717308044 -0.9524000287055969
vn -0.0010999999940395355 0.8944000005722046 -0.4472000002861023
vn -0.0007999999797903001 0.3287999927997589 -0.9444000124931335
vn 0.000699999975040555 -0.9079999923706055 -0.41909998655319214
vn 0.0013000000035390258 0.3312000036239624 0.9434999823570251
vn 0.0015999999595806003 -0.1728000044822693 0.9850000143051147
vn 0.002199999988079071 -0.0731000006198883 0.9973000288009644
vn 0.0026000000070780516 -0.6735000014305115 -0.7391999959945679
vn 0.0031999999191612005 -0.11739999800920486 0.9930999875068665
vn 0.004600000102072954 0.2061000019311905 -0.9785000085830688
vn 0.005200000014156103 0.9965999722480774 -0.0828000009059906
vn 0.005799999926239252 -0.8133999705314636 -0.58160001039505
vn 0.006300000008195639 0.048700001090765 -0.9987999796867371
vn 0.006599999964237213 0.11330000311136246 0.9934999942779541
vn 0.007899999618530273 0.9998999834060669 0.006500000134110451
vn 0.008999999612569809 -0.06989999860525131 0.9975000023841858
vn 0.008999999612569809 0.07259999960660934 -0.9973000288009644
vn 0.009100000374019146 0.7566999793052673 -0.6536999940872192
vn 0.009499999694526196 -0.1906999945640564 0.9815999865531921
vn 0.009700000286102295 0.028300000354647636 0.9995999932289124
vn 0.01080000028014183 0.02889999933540821 -0.9994999766349792
vn 0.01119999960064888 0.8033999800682068 -0.595300018787384
vn 0.011699999682605267 0.0430000014603138 0.9990000128746033
vn 0.01209999993443489 -0.6557999849319458 -0.754800021648407
vn 0.013399999588727951 -0.33640000224113464 0.9416000247001648
vn 0.013799999840557575 -0.3709000051021576 -0.928600013256073
vn 0.013799999840557575 0.9165999889373779 0.3995000123977661
vn 0.01510000042617321 0.9998000264167786 0.008700000122189522
vn 0.015300000086426735 -0.5699999928474426 0.8215000033378601
vn 0.015599999576807022 -0.09920000284910202 -0.9948999881744385
vn 0.016300000250339508 0.23440000414848328 -0.972000002861023
vn 0.017000000923871994 -0.06809999793767929 0.9975000023841858
vn 0.019500000402331352 -0.9975000023841858 -0.06790000200271606
vn 0.019700000062584877 0.004999999888241291 -0.9998000264167786
vn 0.021400000900030136 -0.017400000244379044 -0.9995999932289124
vn 0.0215000007301569 -0.16940000653266907 -0.9853000044822693
vn 0.02239999920129776 0.9973999857902527 0.06920000165700912
vn 0.02250000089406967 0.13249999284744263 -0.9908999800682068
vn 0.023099999874830246 -0.14149999618530273 0.9897000193595886
vn 0.023800000548362732 0.19539999961853027 -0.980400025844574
vn 0.02459999918937683 0.3012000024318695 0.9531999826431274
vn 0.026499999687075615 0.12150000035762787 0.9922000169754028
vn 0.026900000870227814 -0.5288000106811523 0.8482999801635742
vn 0.027799999341368675 -0.7944999933242798 0.6065999865531921
vn 0.02979999966919422 -0.1606999933719635 0.9865999817848206
vn 0.030700000002980232 0.49129998683929443 0.8704000115394592
vn 0.031300000846385956 0.9901000261306763 0.13680000603199005
vn 0.03220000118017197 0.06270000338554382 -0.9975000023841858
vn 0.03220000118017197 0.5278000235557556 0.848800003528595
vn 0.032600000500679016 0.022600000724196434 -0.9991999864578247
vn 0.03370000049471855 -0.21439999341964722 0.9761999845504761
vn 0.035599999129772186 0.13179999589920044 0.9905999898910522
vn 0.03579999879002571 -0.6080999970436096 -0.7930999994277954
vn 0.0364999994635582 -0.3463999927043915 0.9373999834060669
vn 0.03660000115633011 0.4226999878883362 -0.9054999947547913
vn 0.04010000079870224 -0.28999999165534973 -0.9562000036239624
vn 0.040300000458955765 -0.7718999981880188 0.6345000267028809
vn 0.040300000458955765 -0.37549999356269836 0.9259999990463257
vn 0.042500000447034836 -0.26510000228881836 0.9632999897003174
vn 0.04349999874830246 -0.19519999623298645 0.9797999858856201
vn 0.04470000043511391 0.994700014591217 -0.09300000220537186
vn 0.04769999906420708 -0.11949999630451202 -0.9916999936103821
vn 0.04830000177025795 -0.20819999277591705 -0.9768999814987183
vn 0.049300000071525574 -0.6255999803543091 0.7785999774932861
vn 0.0502999983727932 0.08129999786615372 -0.9954000115394592
vn 0.05079999938607216 -0.7239000201225281 -0.6880000233650208
vn 0.05130000039935112 -0.680400013923645 -0.7311000227928162
vn 0.05270000174641609 0.27160000801086426 -0.9610000252723694
vn 0.053300000727176666 0.4018999934196472 -0.9140999913215637
vn 0.05339999869465828 -0.23340000212192535 -0.9708999991416931
vn 0.0544000007212162 -0.8295000195503235 -0.555899977684021
vn 0.054499998688697815 0.8959000110626221 0.4408000111579895
vn 0.05490000173449516 -0.59170001745224 0.8043000102043152
vn 0.05820000171661377 0.4212999939918518 0.9049999713897705
vn 0.05820000171661377 0.8001000285148621 -0.597000002861023
vn 0.05849999934434891 0.9980000257492065 -0.023000000044703484
vn 0.05959999933838844 -0.6049000024795532 -0.7940999865531921
vn 0.061000000685453415 -0.7954000234603882 0.6029999852180481
vn 0.06159999966621399 -0.09290000051259995 -0.9937999844551086
vn 0.0617000013589859 -0.6797000169754028 0.73089998960495
vn 0.06199999898672104 0.7418000102043152 0.6678000092506409
vn 0.0640999972820282 0.29670000076293945 -0.9527999758720398
vn 0.06499999761581421 0.14880000054836273 0.9866999983787537
vn 0.0674000009894371 -0.9939000010490417 -0.0877000018954277
vn 0.06750000268220901 -0.7175999879837036 0.6931999921798706
vn 0.06859999895095825 0.0640999972820282 -0.9955999851226807
vn 0.07069999724626541 -0.7031999826431274 0.7074999809265137
vn 0.07109999656677246 -0.04740000143647194 -0.9962999820709229
vn 0.0722000002861023 -0.8715000152587891 -0.48510000109672546
vn 0.07289999723434448 -0.41019999980926514 -0.9090999960899353
vn 0.07349999994039536 0.14659999310970306 -0.9865000247955322
vn 0.07490000128746033 -0.1551000028848648 -0.9850000143051147
vn 0.07530000060796738 0.2761000096797943 0.9581999778747559
vn 0.07810000330209732 0.3337000012397766 0.9394000172615051
vn 0.08089999854564667 0.31360000371932983 0.9460999965667725
vn 0.08320000022649765 0.8705000281333923 -0.48510000109672546
vn 0.08810000121593475 0.1290999948978424 0.9876999855041504
vn 0.0885000005364418 0.021400000900030136 -0.9958000183105469
vn 0.08900000154972076 -0.9914000034332275 -0.09600000083446503
vn 0.09109999984502792 0.048700001090765 -0.9945999979972839
vn 0.09149999916553497 0.7620999813079834 -0.640999972820282
vn 0.09189999848604202 0.32100000977516174 0.9426000118255615
vn 0.09880000352859497 -0.9915000200271606 0.0843999981880188
vn 0.10350000113248825 -0.18400000035762787 -0.9775000214576721
vn 0.10360000282526016 0.6991999745368958 -0.7074000239372253
vn 0.10580000281333923 0.08919999748468399 0.9904000163078308
vn 0.10679999738931656 0.9351999759674072 -0.3375999927520752
vn 0.10700000077486038 0.8320000171661377 0.5443999767303467
vn 0.10779999941587448 -0.6876000165939331 0.7179999947547913
vn 0.10970000177621841 0.21199999749660492 -0.9710999727249146
vn 0.11240000277757645 0.45820000767707825 -0.8816999793052673
vn 0.11330000311136246 -0.41940000653266907 -0.9006999731063843
vn 0.11379999667406082 -0.8102999925613403 -0.5748000144958496
vn 0.11410000175237656 -0.9305999875068665 -0.34790000319480896
vn 0.11410000175237656 -0.7436000108718872 -0.6588000059127808
vn 0.11630000174045563 -0.35499998927116394 -0.9276000261306763
vn 0.11739999800920486 0.8195000290870667 -0.5608999729156494
vn 0.11760000139474869 0.026200000196695328 -0.9926999807357788
vn 0.11879999935626984 -0.9751999974250793 -0.1868000030517578
vn 0.11980000138282776 0.8410000205039978 -0.5275999903678894
vn 0.12120000272989273 0.21739999949932098 0.968500018119812
vn 0.12139999866485596 0.8622999787330627 0.4916999936103821
vn 0.12210000306367874 0.07479999959468842 -0.9897000193595886
vn 0.12349999696016312 0.5898000001907349 0.7980999946594238
vn 0.12359999865293503 -0.1703999936580658 -0.9775999784469604
vn 0.12359999865293503 0.10760000348091125 -0.9865000247955322
vn 0.12380000203847885 -0.3089999854564667 -0.9430000185966492
vn 0.12389999628067017 -0.4275999963283539 0.8953999876976013
vn 0.12439999729394913 0.5924000144004822 -0.7960000038146973
vn 0.12460000067949295 0.06639999896287918 0.9900000095367432
vn 0.1257999986410141 0.26980000734329224 -0.9545999765396118
vn 0.12690000236034393 -0.25519999861717224 0.9585000276565552
vn 0.12770000100135803 -0.47049999237060547 0.8730999827384949
vn 0.12770000100135803 0.8083000183105469 0.5748000144958496
vn 0.1298999935388565 -0.6162999868392944 -0.7767000198364258
vn 0.13009999692440033 0.9779000282287598 0.1639000028371811
vn 0.1331000030040741 0.48080000281333923 -0.8666999936103821
vn 0.13570000231266022 0.8072999715805054 -0.574400007724762
vn 0.13729999959468842 -0.8919000029563904 -0.4309000074863434
vn 0.1387999951839447 0.7433000206947327 0.6543999910354614
vn 0.13950000703334808 0.06939999759197235 -0.9878000020980835
vn 0.14069999754428864 -0.1590999960899353 -0.9771999716758728
vn 0.14159999787807465 0.9848999977111816 -0.09950000047683716
vn 0.1420000046491623 0.2720000147819519 0.9517999887466431
vn 0.1429000049829483 -0.7461000084877014 0.6503000259399414
vn 0.14300000667572021 -0.7548999786376953 -0.6401000022888184
vn 0.14380000531673431 -0.7936000227928162 0.5910999774932861
vn 0.14409999549388885 -0.9891999959945679 -0.027899999171495438
vn 0.14429999887943268 0.3797999918460846 0.9136999845504761
vn 0.14669999480247498 0.6798999905586243 0.7184000015258789
vn 0.14749999344348907 0.38530001044273376 -0.9108999967575073
vn 0.1476999968290329 -0.6926000118255615 -0.7059999704360962
vn 0.1509000062942505 -0.8870999813079834 0.43619999289512634
vn 0.15199999511241913 -0.1006999984383583 0.9832000136375427
vn 0.15330000221729279 -0.52920001745224 -0.8345000147819519
vn 0.1550000011920929 -0.7116000056266785 -0.6852999925613403
vn 0.15549999475479126 0.5925999879837036 0.7903000116348267
vn 0.155799999833107 0.9878000020980835 0.0017000000225380063
vn 0.15620000660419464 0.41359999775886536 -0.8970000147819519
vn 0.15629999339580536 -0.8531000018119812 -0.4977000057697296
vn 0.15960000455379486 0.6032000184059143 -0.781499981880188
vn 0.16040000319480896 -0.02459999918937683 -0.9866999983787537
vn 0.16290000081062317 -0.017400000244379044 -0.9865000247955322
vn 0.16419999301433563 -0.9634000062942505 -0.21199999749660492
vn 0.16459999978542328 -0.34290000796318054 0.9247999787330627
vn 0.16500000655651093 0.1858000010251999 0.9685999751091003
vn 0.16500000655651093 0.9817000031471252 -0.09529999643564224
vn 0.16519999504089355 0.9484000205993652 0.27059999108314514
vn 0.1673000007867813 -0.41269999742507935 -0.8953999876976013
vn 0.16740000247955322 -0.2222999930381775 -0.9605000019073486
vn 0.16910000145435333 -0.5360000133514404 -0.8270999789237976
vn 0.1712000072002411 0.9146000146865845 0.36629998683929443
vn 0.17149999737739563 0.06319999694824219 -0.9832000136375427
vn 0.17170000076293945 0.35370001196861267 0.9194999933242798
vn 0.1720000058412552 -0.08070000261068344 -0.9818000197410583
vn 0.17229999601840973 -0.8601999878883362 0.47999998927116394
vn 0.17260000109672546 -0.37059998512268066 -0.9125999808311462
vn 0.1738000065088272 -0.972100019454956 -0.15719999372959137
vn 0.17599999904632568 -0.6506999731063843 0.7386999726295471
vn 0.1770000010728836 -0.12759999930858612 0.9758999943733215
vn 0.17900000512599945 0.7657999992370605 0.6176000237464905
vn 0.17970000207424164 0.9706000089645386 -0.16009999811649323
vn 0.1800999939441681 0.8702999949455261 0.4584999978542328
vn 0.1809999942779541 0.539900004863739 -0.8220000267028809
vn 0.18150000274181366 0.34389999508857727 0.9212999939918518
vn 0.18170000612735748 -0.45579999685287476 -0.8712999820709229
vn 0.1835000067949295 -0.958299994468689 0.21889999508857727
vn 0.18400000035762787 -0.5536999702453613 -0.8120999932289124
vn 0.18440000712871552 -0.9828000068664551 -0.008500000461935997
vn 0.18700000643730164 -0.5486000180244446 -0.8148999810218811
vn 0.18729999661445618 -0.9728000164031982 -0.1362999975681305
vn 0.1875 -0.9786999821662903 0.08340000361204147
vn 0.18790000677108765 -0.913100004196167 -0.3617999851703644
vn 0.18809999525547028 -0.7069000005722046 0.6818000078201294
vn 0.1881999969482422 -0.9304999709129333 0.31439998745918274
vn 0.19249999523162842 0.7901999950408936 -0.5817999839782715
vn 0.19280000030994415 -0.6373000144958496 0.7461000084877014
vn 0.19329999387264252 -0.6276000142097473 -0.7541999816894531
vn 0.19349999725818634 0.9794999957084656 -0.05570000037550926
vn 0.1940000057220459 0.9354000091552734 0.2955999970436096
vn 0.19519999623298645 0.19189999997615814 0.9617999792098999
vn 0.19679999351501465 -0.941100001335144 0.2750000059604645
vn 0.19869999587535858 -0.9042999744415283 0.37790000438690186
vn 0.1988999992609024 0.016899999231100082 -0.9799000024795532
vn 0.1995999962091446 -0.4668999910354614 0.8615000247955322
vn 0.20069999992847443 -0.5995000004768372 0.7748000025749207
vn 0.20110000669956207 0.7851999998092651 0.5856999754905701
vn 0.20149999856948853 0.3305000066757202 0.9221000075340271
vn 0.20170000195503235 -0.4431999921798706 -0.8733999729156494
vn 0.2054000049829483 0.4986000061035156 0.8421000242233276
vn 0.20569999516010284 0.05570000037550926 0.9769999980926514
vn 0.20800000429153442 0.06210000067949295 -0.9761000275611877
vn 0.20810000598430634 -0.26499998569488525 0.9415000081062317
vn 0.2087000012397766 -0.796500027179718 -0.5673999786376953
vn 0.21040000021457672 0.320499986410141 -0.9236000180244446
vn 0.210999995470047 -0.08879999816417694 -0.9733999967575073
vn 0.21119999885559082 0.006500000134110451 -0.977400004863739
vn 0.21279999613761902 -0.5008999705314636 0.8389000296592712
vn 0.21299999952316284 0.807699978351593 -0.5497999787330627
vn 0.2152000069618225 0.3747999966144562 -0.9017999768257141
vn 0.21639999747276306 0.9596999883651733 -0.17919999361038208
vn 0.21809999644756317 0.2395000010728836 0.9460999965667725
vn 0.2184000015258789 0.9253000020980835 0.3100999891757965
vn 0.21860000491142273 -0.7750999927520752 0.5928000211715698
vn 0.22360000014305115 0.093299999833107 -0.9702000021934509
vn 0.22380000352859497 -0.9733999967575073 0.04989999905228615
vn 0.22429999709129333 -0.9236000180244446 -0.3107999861240387
vn 0.22439999878406525 -0.9379000067710876 -0.2644999921321869
vn 0.22529999911785126 -0.1525000035762787 -0.9623000025749207
vn 0.225600004196167 -0.35659998655319214 -0.9065999984741211
vn 0.22779999673366547 -0.9100000262260437 0.3463999927043915
vn 0.22830000519752502 -0.33329999446868896 -0.9147999882698059
vn 0.22910000383853912 0.9509000182151794 0.2079000025987625
vn 0.2305999994277954 -0.927299976348877 -0.2946999967098236
vn 0.23389999568462372 -0.17149999737739563 0.9570000171661377
vn 0.23690000176429749 -0.9711999893188477 -0.026200000196695328
vn 0.23749999701976776 -0.6934000253677368 0.6802999973297119
vn 0.23839999735355377 -0.41280001401901245 -0.8791000247001648
vn 0.24140000343322754 0.30379998683929443 -0.9217000007629395
vn 0.24289999902248383 -0.8661999702453613 0.436599999666214
vn 0.24379999935626984 -0.9307000041007996 0.2727000117301941
vn 0.24529999494552612 0.42320001125335693 -0.8722000122070312
vn 0.2484000027179718 0.4108000099658966 0.8772000074386597
vn 0.24869999289512634 0.517300009727478 0.8187999725341797
vn 0.2498999983072281 0.390500009059906 0.8859999775886536
vn 0.25200000405311584 0.4377000033855438 -0.863099992275238
vn 0.2549000084400177 -0.9406999945640564 -0.2240000069141388
vn 0.2567000091075897 -0.84170001745224 -0.4749999940395355
vn 0.2583000063896179 -0.9469000101089478 0.1914999932050705
vn 0.25949999690055847 0.965499997138977 -0.02239999920129776
vn 0.26109999418258667 -0.7365999817848206 0.6238999962806702
vn 0.2621999979019165 -0.9307000041007996 -0.2549999952316284
vn 0.2648000121116638 -0.26589998602867126 -0.9269000291824341
vn 0.26840001344680786 -0.6564000248908997 0.7050999999046326
vn 0.26989999413490295 0.3621000051498413 -0.8921999931335449
vn 0.2703000009059906 0.29660001397132874 0.9158999919891357
vn 0.27390000224113464 0.07760000228881836 -0.9585999846458435
vn 0.2752000093460083 -0.46239998936653137 -0.8428999781608582
vn 0.2800000011920929 -0.7921000123023987 0.5422999858856201
vn 0.2824000120162964 0.3490999937057495 0.8934999704360962
vn 0.2833000123500824 -0.3603000044822693 0.888700008392334
vn 0.28380000591278076 0.050599999725818634 -0.9575999975204468
vn 0.2842999994754791 -0.1826000064611435 -0.9412000179290771
vn 0.28529998660087585 -0.7986999750137329 -0.529699981212616
vn 0.2912999987602234 -0.2858000099658966 0.9128999710083008
vn 0.29649999737739563 -0.11240000277757645 0.9484000205993652
vn 0.29829999804496765 -0.40450000762939453 0.8644999861717224
vn 0.3001999855041504 -0.8019000291824341 -0.5164999961853027
vn 0.3027999997138977 -0.3652999997138977 0.880299985408783
vn 0.30399999022483826 -0.3353999853134155 -0.891700029373169
vn 0.3041999936103821 0.9490000009536743 -0.08309999853372574
vn 0.3043000102043152 -0.9506999850273132 -0.05950000137090683
vn 0.30889999866485596 -0.8981000185012817 0.31299999356269836
vn 0.30970001220703125 0.83160001039505 -0.460999995470047
vn 0.3160000145435333 0.4478999972343445 0.8363999724388123
vn 0.32030001282691956 -0.3898000121116638 0.8633999824523926
vn 0.3278000056743622 -0.6590999960899353 -0.6769000291824341
vn 0.33000001311302185 -0.8578000068664551 0.39410001039505005
vn 0.33070001006126404 -0.2599000036716461 -0.9072999954223633
vn 0.33090001344680786 -0.048500001430511475 -0.9423999786376953
vn 0.3314000070095062 0.9023000001907349 0.27570000290870667
vn 0.3330000042915344 -0.40939998626708984 0.849399983882904
vn 0.33320000767707825 -0.8654000163078308 -0.3741999864578247
vn 0.33570000529289246 -0.1907999962568283 -0.9225000143051147
vn 0.33629998564720154 0.24410000443458557 -0.909600019454956
vn 0.3368000090122223 -0.0731000006198883 0.9387000203132629
vn 0.33730000257492065 -0.9386000037193298 -0.07190000265836716
vn 0.3391000032424927 0.3395000100135803 0.8773999810218811
vn 0.3393000066280365 0.7324000000953674 0.5903000235557556
vn 0.3400000035762787 -0.5909000039100647 -0.7315999865531921
vn 0.3452000021934509 -0.033799998462200165 0.9379000067710876
vn 0.3456000089645386 -0.10599999874830246 0.9323999881744385
vn 0.3458999991416931 0.1518000066280365 -0.9258999824523926
vn 0.34689998626708984 0.9180999994277954 -0.1915999948978424
vn 0.34769999980926514 -0.7275999784469604 0.5914000272750854
vn 0.3483000099658966 0.5773000121116638 -0.7386000156402588
vn 0.3562000095844269 0.31520000100135803 0.8797000050544739
vn 0.3564000129699707 -0.04650000110268593 0.9332000017166138
vn 0.3582000136375427 0.186599999666214 -0.9147999882698059
vn 0.359499990940094 -0.1339000016450882 -0.9235000014305115
vn 0.36090001463890076 0.6891999840736389 0.6283000111579895
vn 0.3626999855041504 -0.7249000072479248 0.5856000185012817
vn 0.36309999227523804 -0.8788999915122986 0.3093999922275543
vn 0.36399999260902405 0.9312999844551086 0.009700000286102295
vn 0.36410000920295715 0.450300008058548 -0.8152999877929688
vn 0.36419999599456787 -0.3366999924182892 -0.8683000206947327
vn 0.365200012922287 -0.26330000162124634 0.8928999900817871
vn 0.365200012922287 -0.14579999446868896 -0.9193999767303467
vn 0.3677999973297119 0.47510001063346863 -0.7993999719619751
vn 0.36890000104904175 -0.01489999983459711 0.9294000267982483
vn 0.37630000710487366 0.5996999740600586 0.7062000036239624
vn 0.3767000138759613 0.847100019454956 -0.3749000132083893
vn 0.3788999915122986 -0.8288000226020813 -0.4117000102996826
vn 0.3799000084400177 -0.1039000004529953 -0.9192000031471252
vn 0.38040000200271606 -0.06440000236034393 -0.9225999712944031
vn 0.3806000053882599 0.9218999743461609 -0.07270000129938126
vn 0.3808000087738037 0.0340999998152256 0.9240000247955322
vn 0.3817000091075897 0.37139999866485596 -0.8464000225067139
vn 0.38179999589920044 -0.3515999913215637 -0.8547999858856201
vn 0.38269999623298645 0.2700999975204468 0.8834999799728394
vn 0.38359999656677246 0.06800000369548798 0.9210000038146973
vn 0.38429999351501465 -0.6132000088691711 -0.6901000142097473
vn 0.3880000114440918 -0.6100000143051147 -0.6909000277519226
vn 0.388700008392334 -0.5910000205039978 0.7069000005722046
vn 0.39579999446868896 0.04619999974966049 -0.9172000288963318
vn 0.39660000801086426 0.6733999848365784 -0.6238999962806702
vn 0.40549999475479126 0.0722000002861023 -0.911300003528595
vn 0.4058000147342682 -0.22030000388622284 0.8870000243186951
vn 0.40700000524520874 -0.02539999969303608 -0.913100004196167
vn 0.4077000021934509 -0.8939999938011169 -0.1859000027179718
vn 0.4101000130176544 -0.8478000164031982 -0.33629998564720154
vn 0.41029998660087585 0.018300000578165054 -0.9118000268936157
vn 0.4104999899864197 -0.4228000044822693 -0.8079000115394592
vn 0.4117000102996826 -0.06669999659061432 -0.9089000225067139
vn 0.41769999265670776 -0.05869999900460243 0.9067000150680542
vn 0.4180000126361847 -0.9085000157356262 -0.004000000189989805
vn 0.42100000381469727 0.7069000005722046 -0.5684000253677368
vn 0.4226999878883362 -0.7120000123977661 0.560699999332428
vn 0.423799991607666 -0.5102999806404114 -0.7483000159263611
vn 0.4309999942779541 -0.19670000672340393 -0.8806999921798706
vn 0.43220001459121704 -0.3257000148296356 -0.8409000039100647
vn 0.4327999949455261 -0.7906000018119812 -0.43309998512268066
vn 0.43389999866485596 -0.8748000264167786 -0.21549999713897705
vn 0.4339999854564667 0.010999999940395355 0.9009000062942505
vn 0.4341999888420105 -0.3179999887943268 0.8428000211715698
vn 0.43479999899864197 0.3601999878883362 -0.8252999782562256
vn 0.43639999628067017 0.6359999775886536 -0.6363999843597412
vn 0.43869999051094055 -0.28110000491142273 -0.8535000085830688
vn 0.43959999084472656 -0.8877000212669373 -0.13699999451637268
vn 0.43959999084472656 -0.5159000158309937 0.7353000044822693
vn 0.4410000145435333 0.33219999074935913 0.8337000012397766
vn 0.4424000084400177 -0.3758000135421753 0.814300000667572
vn 0.4424000084400177 0.8945000171661377 0.06449999660253525
vn 0.4498000144958496 -0.866599977016449 -0.21610000729560852
vn 0.4526999890804291 -0.3091000020503998 -0.8363999724388123
vn 0.454800009727478 -0.0 0.8906000256538391
vn 0.45570001006126404 -0.8881999850273132 0.05900000035762787
vn 0.4587000012397766 -0.22139999270439148 -0.8605999946594238
vn 0.45989999175071716 0.013399999588727951 -0.8878999948501587
vn 0.4611000120639801 -0.7526999711990356 0.4697999954223633
vn 0.46380001306533813 -0.868399977684021 -0.1754000037908554
vn 0.46549999713897705 0.7522000074386597 0.46639999747276306
vn 0.46560001373291016 -0.4984000027179718 0.7312999963760376
vn 0.4681999981403351 -0.19550000131130219 -0.8616999983787537
vn 0.4684000015258789 0.878000020980835 0.09839999675750732
vn 0.46860000491142273 0.7537999749183655 0.46070000529289246
vn 0.46880000829696655 0.8830000162124634 0.020800000056624413
vn 0.46950000524520874 0.6704999804496765 -0.574400007724762
vn 0.47290000319480896 -0.6665999889373779 0.576200008392334
vn 0.4749000072479248 -0.7081999778747559 -0.5224999785423279
vn 0.4749999940395355 0.6502000093460083 -0.5929999947547913
vn 0.47620001435279846 -0.3255999982357025 0.8167999982833862
vn 0.4772999882698059 0.5044000148773193 0.7196000218391418
vn 0.47870001196861267 -0.8773000240325928 -0.03310000151395798
vn 0.4797999858856201 0.4602999985218048 0.7469000220298767
vn 0.4869000017642975 -0.5268999934196472 -0.6966999769210815
vn 0.4896000027656555 -0.5554999709129333 -0.6721000075340271
vn 0.4925000071525574 -0.10620000213384628 -0.8637999892234802
vn 0.49559998512268066 -0.6204000115394592 -0.6078000068664551
vn 0.4959999918937683 0.263700008392334 0.8273000121116638
vn 0.4968999922275543 0.861299991607666 0.10589999705553055
vn 0.49790000915527344 0.19210000336170197 0.8457000255584717
vn 0.5029000043869019 0.8580999970436096 -0.1039000004529953
vn 0.5034999847412109 -0.3749000132083893 0.7784000039100647
vn 0.5102999806404114 0.8133999705314636 0.27900001406669617
vn 0.5115000009536743 0.1648000031709671 0.8432999849319458
vn 0.5117999911308289 0.5891000032424927 0.6252999901771545
vn 0.513700008392334 -0.7577999830245972 -0.40230000019073486
vn 0.5139999985694885 0.5049999952316284 0.6934000253677368
vn 0.515999972820282 -0.1931000053882599 0.8345000147819519
vn 0.5174999833106995 -0.4823000133037567 0.7067999839782715
vn 0.5198000073432922 -0.2621999979019165 0.8130999803543091
vn 0.522599995136261 0.8395000100135803 0.14869999885559082
vn 0.5242999792098999 0.6284000277519226 0.5745999813079834
vn 0.5246000289916992 -0.31850001215934753 -0.7896000146865845
vn 0.5259000062942505 0.0348999984562397 0.8499000072479248
vn 0.5295000076293945 -0.3068999946117401 -0.7908999919891357
vn 0.5309000015258789 0.5188999772071838 -0.6700000166893005
vn 0.5324000120162964 -0.49230000376701355 0.6886000037193298
vn 0.53329998254776 0.8206999897956848 -0.20489999651908875
vn 0.5358999967575073 -0.5565000176429749 -0.6348999738693237
vn 0.5364000201225281 0.24940000474452972 0.8062000274658203
vn 0.5378999710083008 -0.8179000020027161 -0.20409999787807465
vn 0.5383999943733215 -0.475600004196167 -0.6955999732017517
vn 0.5400000214576721 -0.4357999861240387 0.7200000286102295
vn 0.5404999852180481 -0.4348999857902527 -0.720300018787384
vn 0.5453000068664551 0.12060000002384186 0.8295000195503235
vn 0.5508000254631042 -0.6367999911308289 0.5396000146865845
vn 0.5515999794006348 0.5110999941825867 0.6592000126838684
vn 0.5541999936103821 -0.4993000030517578 0.6660000085830688
vn 0.5629000067710876 0.12960000336170197 -0.8162999749183655
vn 0.5652999877929688 0.5855000019073486 0.5810999870300293
vn 0.5663999915122986 0.7002000212669373 -0.43470001220703125
vn 0.5669000148773193 0.7777000069618225 -0.2718000113964081
vn 0.5673999786376953 -0.8227999806404114 -0.03319999948143959
vn 0.5688999891281128 -0.7608000040054321 -0.3124000132083893
vn 0.5698000192642212 0.8215000033378601 0.019500000402331352
vn 0.5719000101089478 0.7516999840736389 0.32839998602867126
vn 0.5767999887466431 -0.8162000179290771 0.033399999141693115
vn 0.5806000232696533 -0.8134999871253967 0.03370000049471855
vn 0.5922999978065491 0.7419000267982483 -0.314300000667572
vn 0.5952000021934509 0.6146000027656555 -0.5177000164985657
vn 0.5982999801635742 -0.2872999906539917 -0.7480000257492065
vn 0.6014000177383423 0.7642999887466431 -0.23250000178813934
vn 0.602400004863739 -0.27000001072883606 -0.7511000037193298
vn 0.6039999723434448 -0.7950000166893005 0.0568000003695488
vn 0.6055999994277954 -0.671500027179718 -0.4269999861717224
vn 0.6060000061988831 -0.22759999334812164 -0.7621999979019165
vn 0.6122000217437744 -0.7712000012397766 0.1746000051498413
vn 0.613099992275238 0.10499999672174454 -0.7829999923706055
vn 0.6158000230789185 -0.786300003528595 0.04989999905228615
vn 0.6179999709129333 -0.1445000022649765 0.7728000283241272
vn 0.6208000183105469 0.7822999954223633 0.05130000039935112
vn 0.625 -0.7771999835968018 0.07270000129938126
vn 0.6258999705314636 0.21400000154972076 -0.75
vn 0.626800000667572 -0.41609999537467957 0.6586999893188477
vn 0.6305000185966492 -0.23989999294281006 -0.738099992275238
vn 0.6330999732017517 0.3472999930381775 -0.6917999982833862
vn 0.6359999775886536 -0.7457000017166138 0.19869999587535858
vn 0.6378999948501587 -0.5799000263214111 -0.5067999958992004
vn 0.6392999887466431 -0.6744999885559082 0.3691999912261963
vn 0.6403999924659729 0.5590999722480774 0.5266000032424927
vn 0.6406999826431274 0.4009000062942505 -0.6549000144004822
vn 0.6413000226020813 -0.5968999862670898 -0.4821000099182129
vn 0.6424000263214111 0.04749999940395355 -0.7649000287055969
vn 0.6425999999046326 -0.0771000012755394 -0.7623000144958496
vn 0.6463000178337097 0.4180999994277954 -0.6383000016212463
vn 0.6485000252723694 -0.6338000297546387 -0.42160001397132874
vn 0.6531000137329102 0.5598999857902527 -0.5098999738693237
vn 0.6535000205039978 -0.16380000114440918 -0.7390000224113464
vn 0.656000018119812 -0.6923999786376953 0.30059999227523804
vn 0.6578999757766724 -0.5400999784469604 0.5249000191688538
vn 0.6660000085830688 -0.7458999752998352 -0.008799999952316284
vn 0.6660000085830688 0.014999999664723873 -0.7458000183105469
vn 0.6679999828338623 0.3172000050544739 0.6732000112533569
vn 0.671500027179718 -0.35350000858306885 -0.651199996471405
vn 0.6733999848365784 -0.21960000693798065 0.7059000134468079
vn 0.6735000014305115 -0.6915000081062317 0.2612999975681305
vn 0.675000011920929 0.32089999318122864 0.6643999814987183
vn 0.6757000088691711 -0.43700000643730164 -0.5936999917030334
vn 0.6759999990463257 -0.31029999256134033 -0.66839998960495
vn 0.6805999875068665 -0.17669999599456787 0.7110000252723694
vn 0.6818000078201294 0.7301999926567078 -0.04479999840259552
vn 0.6830999851226807 -0.3991999924182892 -0.6115999817848206
vn 0.6840999722480774 0.47209998965263367 0.5559999942779541
vn 0.6875 -0.47530001401901245 0.5490000247955322
vn 0.6905999779701233 -0.6913999915122986 -0.21220000088214874
vn 0.6909999847412109 -0.04470000043511391 0.7214999794960022
vn 0.6945000290870667 -0.04610000178217888 0.7179999947547913
vn 0.6972000002861023 -0.2151000052690506 -0.683899998664856
vn 0.6973999738693237 -0.4803999960422516 -0.5318999886512756
vn 0.6973999738693237 -0.16539999842643738 0.6973000168800354
vn 0.7019000053405762 0.7121999859809875 0.01140000019222498
vn 0.7049999833106995 -0.6912000179290771 -0.15860000252723694
vn 0.7084000110626221 -0.08089999854564667 0.701200008392334
vn 0.7117000222206116 0.682200014591217 0.16740000247955322
vn 0.7123000025749207 -0.05939999967813492 -0.699400007724762
vn 0.7143999934196472 0.5051000118255615 -0.48429998755455017
vn 0.7202000021934509 0.5419999957084656 -0.43309998512268066
vn 0.7242000102996826 0.10890000313520432 0.680899977684021
vn 0.7257999777793884 0.1103999987244606 -0.6790000200271606
vn 0.7275000214576721 0.20759999752044678 0.6539000272750854
vn 0.7293000221252441 -0.155799999833107 0.6662999987602234
vn 0.7325000166893005 0.6779000163078308 0.06289999932050705
vn 0.7360000014305115 -0.10409999638795853 -0.6689000129699707
vn 0.7369999885559082 -0.6751000285148621 0.03310000151395798
vn 0.7389000058174133 -0.6513000130653381 -0.17260000109672546
vn 0.742900013923645 -0.4772000014781952 -0.46950000524520874
vn 0.7434999942779541 0.6682000160217285 0.024900000542402267
vn 0.7437999844551086 0.013100000098347664 -0.6682999730110168
vn 0.7437999844551086 0.2653000056743622 -0.6134999990463257
vn 0.7450000047683716 -0.30300000309944153 -0.5942000150680542
vn 0.7465000152587891 0.14339999854564667 0.6498000025749207
vn 0.7466999888420105 0.6244000196456909 -0.22930000722408295
vn 0.7537999749183655 -0.46480000019073486 0.46459999680519104
vn 0.7544999718666077 -0.19210000336170197 0.6276000142097473
vn 0.7563999891281128 0.6480000019073486 0.08879999816417694
vn 0.7609999775886536 -0.6470000147819519 0.0478999987244606
vn 0.7621999979019165 -0.21459999680519104 -0.61080002784729
vn 0.7671999931335449 0.02930000051856041 -0.6406999826431274
vn 0.7698000073432922 -0.23010000586509705 -0.595300018787384
vn 0.7699999809265137 -0.4447000026702881 0.45750001072883606
vn 0.7705000042915344 0.5713000297546387 0.28279998898506165
vn 0.777400016784668 -0.5501999855041504 0.30489999055862427
vn 0.7775999903678894 -0.5932000279426575 0.2085999995470047
vn 0.7777000069618225 -0.3269999921321869 0.536899983882904
vn 0.7799999713897705 -0.5457000136375427 0.30630001425743103
vn 0.7803000211715698 0.6219000220298767 0.065700002014637
vn 0.7804999947547913 -0.5698000192642212 0.2572000026702881
vn 0.784600019454956 -0.3160000145435333 -0.5335000157356262
vn 0.7864999771118164 -0.5964999794960022 0.16009999811649323
vn 0.7878000140190125 -0.576200008392334 0.21739999949932098
vn 0.7932000160217285 0.16990000009536743 0.5848000049591064
vn 0.7958999872207642 0.5734000205993652 -0.1941000074148178
vn 0.7976999878883362 -0.46000000834465027 -0.38999998569488525
vn 0.8001000285148621 0.23409999907016754 0.552299976348877
vn 0.8004000186920166 0.39239999651908875 -0.4530999958515167
vn 0.8004999756813049 -0.47850000858306885 -0.3610000014305115
vn 0.8012999892234802 0.4293999969959259 0.4165000021457672
vn 0.8015999794006348 0.5968999862670898 0.035100001841783524
vn 0.8022000193595886 -0.15379999577999115 0.5769000053405762
vn 0.8090999722480774 0.5809000134468079 0.08910000324249268
vn 0.8130000233650208 -0.5805000066757202 0.04560000076889992
vn 0.8134999871253967 -0.19990000128746033 0.5461999773979187
vn 0.8205999732017517 -0.3637000024318695 0.4408000111579895
vn 0.8230000138282776 0.49799999594688416 0.2732999920845032
vn 0.8306000232696533 -0.04989999905228615 -0.5547000169754028
vn 0.8307999968528748 -0.5263000130653381 0.1809999942779541
vn 0.8314999938011169 0.09160000085830688 -0.5479999780654907
vn 0.8317000269889832 0.5069000124931335 -0.22660000622272491
vn 0.8335999846458435 0.04309999942779541 -0.5507000088691711
vn 0.833899974822998 -0.413100004196167 -0.3659000098705292
vn 0.8389000296592712 -0.10509999841451645 -0.5340999960899353
vn 0.839900016784668 -0.18170000612735748 -0.5115000009536743
vn 0.8442999720573425 0.22920000553131104 -0.48429998755455017
vn 0.847100019454956 0.5078999996185303 -0.15649999678134918
vn 0.8483999967575073 -0.11429999768733978 -0.5169000029563904
vn 0.8500000238418579 -0.4674000144004822 0.24310000240802765
vn 0.8508999943733215 -0.4715999960899353 0.2313999980688095
vn 0.8532999753952026 0.5212000012397766 -0.012600000016391277
vn 0.8572999835014343 -0.08649999648332596 0.5074999928474426
vn 0.8618000149726868 -0.1234000027179718 0.492000013589859
vn 0.8623999953269958 -0.46860000491142273 -0.19169999659061432
vn 0.8652999997138977 -0.4401000142097473 0.23989999294281006
vn 0.8679999709129333 0.49300000071525574 -0.05909999832510948
vn 0.8690000176429749 -0.4677000045776367 -0.1615999937057495
vn 0.8707000017166138 -0.15960000455379486 0.4652000069618225
vn 0.8715999722480774 -0.12290000170469284 -0.4745999872684479
vn 0.8747000098228455 0.014299999922513962 -0.484499990940094
vn 0.878600001335144 -0.47760000824928284 0.002300000051036477
vn 0.8792999982833862 -0.1746000051498413 -0.4431000053882599
vn 0.879800021648407 0.2612000107765198 -0.3971000015735626
vn 0.8845999836921692 -0.31610000133514404 -0.34279999136924744
vn 0.8855999708175659 -0.12919999659061432 -0.44620001316070557
vn 0.8935999870300293 -0.15289999544620514 0.421999990940094
vn 0.8939999938011169 -0.4438999891281128 -0.061400000005960464
vn 0.8973000049591064 -0.0348999984562397 0.4399999976158142
vn 0.8998000025749207 0.32179999351501465 -0.2946999967098236
vn 0.9003999829292297 -0.20399999618530273 0.38429999351501465
vn 0.9020000100135803 0.43070000410079956 -0.03139999881386757
vn 0.9024999737739563 0.09790000319480896 0.4194999933242798
vn 0.9027000069618225 0.30160000920295715 0.3068000078201294
vn 0.904699981212616 0.4260999858379364 0.006200000178068876
vn 0.9047999978065491 -0.05249999836087227 0.42260000109672546
vn 0.9068999886512756 -0.20970000326633453 -0.36550000309944153
vn 0.9071000218391418 -0.3799999952316284 0.18070000410079956
vn 0.9081000089645386 0.40880000591278076 -0.09040000289678574
vn 0.9097999930381775 0.391400009393692 0.1378999948501587
vn 0.911300003528595 -0.1695999950170517 0.3752000033855438
vn 0.9132000207901001 -0.16249999403953552 0.37380000948905945
vn 0.9133999943733215 -0.11249999701976776 -0.3912999927997589
vn 0.9142000079154968 -0.17090000212192535 0.36739999055862427
vn 0.920799970626831 -0.1412000060081482 -0.3634999990463257
vn 0.9240000247955322 -0.3546999990940094 0.1428000032901764
vn 0.9247999787330627 0.004399999976158142 0.3804999887943268
vn 0.926800012588501 0.1527000069618225 -0.34299999475479126
vn 0.9280999898910522 -0.3208000063896179 -0.1890999972820282
vn 0.9297000169754028 0.2554999887943268 0.2651999890804291
vn 0.9301999807357788 0.34540000557899475 0.12399999797344208
vn 0.9318000078201294 0.24879999458789825 -0.26429998874664307
vn 0.9354000091552734 -0.11999999731779099 0.33250001072883606
vn 0.9355000257492065 -0.22349999845027924 0.2736999988555908
vn 0.9361000061035156 0.3010999858379364 -0.18199999630451202
vn 0.9381999969482422 0.3434000015258789 -0.04280000180006027
vn 0.9398000240325928 -0.09549999982118607 -0.32820001244544983
vn 0.942799985408783 -0.19009999930858612 0.27399998903274536
vn 0.944599986076355 -0.3278000056743622 -0.012799999676644802
vn 0.9520999789237976 -0.16369999945163727 0.2581999897956848
vn 0.9531999826431274 -0.058400001376867294 -0.29670000076293945
vn 0.9531999826431274 0.2249000072479248 -0.2020999938249588
vn 0.9538999795913696 -0.14059999585151672 -0.2651999890804291
vn 0.9545000195503235 0.28929999470710754 -0.07240000367164612
vn 0.9567999839782715 -0.014000000432133675 -0.2903999984264374
vn 0.958899974822998 -0.026000000536441803 -0.2825999855995178
vn 0.9609000086784363 0.2628999948501587 0.08649999648332596
vn 0.9616000056266785 0.07739999890327454 0.26339998841285706
vn 0.9645000100135803 0.20759999752044678 -0.1632000058889389
vn 0.9646999835968018 0.21660000085830688 -0.14990000426769257
vn 0.9739000201225281 -0.09780000150203705 0.20479999482631683
vn 0.974399983882904 -0.20980000495910645 -0.08020000159740448
vn 0.9751999974250793 0.1988999992609024 -0.09709999710321426
vn 0.9764999747276306 -0.17350000143051147 0.12770000100135803
vn 0.9768000245094299 0.13930000364780426 -0.16259999573230743
vn 0.9771000146865845 0.20890000462532043 0.04129999876022339
vn 0.9825999736785889 0.1826999932527542 0.03200000151991844
vn 0.984499990940094 -0.09380000084638596 -0.148499995470047
vn 0.9872999787330627 0.048700001090765 0.15139999985694885
vn 0.9890999794006348 -0.03400000184774399 0.14350000023841858
vn 0.9890999794006348 -0.02810000069439411 0.1446000039577484
vn 0.9897000193595886 0.11180000007152557 -0.08980000019073486
vn 0.9898999929428101 -0.09830000251531601 0.10209999978542328
vn 0.9912999868392944 0.01489999983459711 0.13050000369548798
vn 0.9921000003814697 0.062199998646974564 -0.10890000313520432
vn 0.9929999709129333 0.08229999989271164 0.08510000258684158
vn 0.9951000213623047 0.04450000077486038 0.08810000121593475
vn 0.9972000122070312 -0.060499999672174454 0.04470000043511391
vn 0.9995999932289124 -0.013000000268220901 0.026200000196695328
f 7/74/197 2/55/73 4/54/56
f 5/1107/14 4/1101/56 10/1063/802
f 6/1104/45 5/1107/14 29/1017/1049
f 4/3682/56 5/3779/14 11/3791/308
f 40/3579/897 1/3580/42 28/3520/946
f 4/1101/56 2/1108/73 17/1027/975
f 29/1017/1049 5/1107/14 10/1063/802
f 4/3682/56 34/3775/322 7/3683/197
f 12/1274/227 6/1329/45 3/1252/89
f 12/1274/227 16/1304/226 6/1329/45
f 13/484/791 3/540/89 6/521/45
f 10/1063/802 4/1101/56 25/1016/1068
f 3/3777/89 13/3717/791 14/3776/125
f 34/3775/322 4/3682/56 9/3739/499
f 4/3682/56 11/3791/308 9/3739/499
f 3/1252/89 14/1238/125 12/1274/227
f 22/452/1034 6/521/45 20/454/928
f 25/1016/1068 4/1101/56 17/1027/975
f 13/484/791 6/521/45 22/452/1034
f 6/521/45 8/486/183 20/454/928
f 1/1673/42 36/1681/249 14/1648/125
f 8/4930/183 6/5000/45 11/5001/308
f 5/5016/14 8/4985/183 11/5015/308
f 36/1677/249 1/1684/42 40/1609/897
f 8/4856/183 5/4916/14 27/4917/246
f 17/1027/975 2/1108/73 45/979/991
f 11/951/308 6/952/45 29/888/1049
f 14/4223/125 30/4300/1102 1/4301/42
f 27/722/246 59/708/116 8/707/183
f 9/4996/499 11/5028/308 10/5029/802
f 45/631/991 2/576/73 62/575/616
f 62/188/616 2/189/73 7/160/197
f 28/3520/946 1/3580/42 30/3486/1102
f 34/3775/322 9/3739/499 18/3769/153
f 22/452/1034 31/445/1120 13/484/791
f 45/1520/991 55/1545/1121 17/1586/975
f 12/3602/227 13/3629/791 31/3686/1120
f 11/1095/308 18/1065/153 10/1049/802
f 7/2658/197 71/2725/132 62/2734/616
f 7/3695/197 17/3620/975 71/3694/132
f 9/4185/499 10/4126/802 25/4111/1068
f 18/4222/153 9/4185/499 25/4111/1068
f 6/4914/45 16/4979/226 5/4980/14
f 14/53/125 58/79/48 12/80/227
f 19/4383/185 15/4412/8 21/4413/72
f 61/745/461 20/778/928 8/736/183
f 12/2077/227 37/2126/1133 13/2113/791
f 71/3694/132 17/3620/975 55/3652/1121
f 59/195/116 32/220/177 11/196/308
f 24/1660/374 14/1648/125 36/1681/249
f 38/630/958 15/759/8 19/875/185
f 33/2627/121 15/2628/8 38/2608/958
f 16/19/226 31/18/1120 22/29/1034
f 17/5007/975 7/4940/197 25/4939/1068
f 59/735/116 61/745/461 8/736/183
f 14/3776/125 13/3717/791 30/3704/1102
f 5/3635/14 20/3542/928 27/3615/246
f 54/606/1165 16/582/226 22/605/1034
f 37/2126/1133 12/2077/227 58/2076/48
f 5/4267/14 16/4201/226 54/4266/1165
f 34/1057/322 18/1065/153 53/1073/268
f 33/3480/121 23/3501/74 15/3434/8
f 15/1394/8 23/1184/74 72/1214/355
f 18/4222/153 25/4111/1068 48/4221/1153
f 48/4691/1153 10/4692/802 18/4621/153
f 25/3000/1068 7/2924/197 34/2944/322
f 11/1095/308 32/1075/177 18/1065/153
f 5/4320/14 54/4262/1165 52/4319/181
f 15/1394/8 72/1214/355 49/1496/304
f 37/1835/1133 30/1850/1102 13/1851/791
f 20/3542/928 61/3565/461 27/3615/246
f 10/3904/802 48/3974/1153 32/3905/177
f 16/1304/226 12/1274/227 52/1328/181
f 21/1575/72 15/1394/8 49/1496/304
f 28/3088/946 30/3091/1102 56/3022/1214
f 59/926/116 11/951/308 29/888/1049
f 5/1552/14 52/1592/181 46/1553/229
f 33/3480/121 47/3476/271 23/3501/74
f 31/3078/1120 16/3023/226 52/3059/181
f 46/3544/229 20/3636/928 5/3545/14
f 58/1998/48 14/2006/125 65/1977/334
f 60/506/1161 22/554/1034 20/515/928
f 29/3806/1049 10/3730/802 32/3729/177
f 65/404/334 14/403/125 35/413/1017
f 35/786/1017 24/774/374 65/773/334
f 14/1672/125 24/1635/374 37/1646/1133
f 37/2211/1133 35/2257/1017 14/2236/125
f 24/2140/374 30/2176/1102 37/2141/1133
f 53/1073/268 18/1065/153 32/1075/177
f 36/1681/249 65/1649/334 24/1660/374
f 52/4106/181 12/4191/227 64/4192/145
f 39/5027/843 65/4978/334 36/4977/249
f 21/4893/72 41/4861/188 19/4860/185
f 40/1609/897 56/1644/1214 36/1677/249
f 54/3077/1165 31/3078/1120 52/3059/181
f 27/3615/246 61/3565/461 46/3634/229
f 53/3925/268 32/3905/177 48/3974/1153
f 35/902/1017 39/908/843 24/909/374
f 37/406/1133 39/405/843 35/419/1017
f 30/647/1102 24/612/374 39/616/843
f 39/432/843 37/465/1133 65/466/334
f 46/4121/229 52/4120/181 26/4195/41
f 41/3016/188 42/2996/160 19/2966/185
f 32/3729/177 67/3792/553 29/3806/1049
f 12/3602/227 31/3686/1120 63/3687/29
f 27/4392/246 46/4381/229 59/4450/116
f 42/2996/160 41/3016/188 50/2967/234
f 46/3544/229 60/3612/1161 20/3636/928
f 36/1677/249 56/1644/1214 66/1683/597
f 30/647/1102 39/616/843 56/646/1214
f 58/623/48 56/646/1214 39/616/843
f 33/3480/121 44/3433/256 47/3476/271
f 145/3129/476 23/3107/74 47/3051/271
f 55/1545/1121 45/1520/991 62/1519/616
f 40/3021/897 28/3088/946 56/3022/1214
f 54/536/1165 22/554/1034 60/506/1161
f 63/2722/29 37/2718/1133 58/2748/48
f 12/3602/227 63/3687/29 64/3676/145
f 48/2971/1153 25/3000/1068 34/2944/322
f 59/4280/116 29/4281/1049 67/4205/553
f 46/4574/229 61/4516/461 60/4573/1161
f 36/2795/249 58/2748/48 39/2763/843
f 66/3291/597 56/3290/1214 70/3301/219
f 54/3300/1165 63/3239/29 31/3305/1120
f 93/3915/313 57/3981/76 43/3916/52
f 90/1067/640 42/1097/160 50/1053/234
f 63/4640/29 65/4562/334 37/4639/1133
f 67/2964/553 48/2971/1153 34/2944/322
f 60/506/1161 64/553/145 54/536/1165
f 78/847/228 54/807/1165 64/802/145
f 71/4556/132 55/4454/1121 67/4555/553
f 32/3729/177 69/3743/148 67/3792/553
f 69/2089/148 32/2028/177 59/2043/116
f 26/637/41 52/613/181 78/636/228
f 78/1548/228 46/1527/229 26/1547/41
f 51/2619/12 127/2585/467 113/2642/314
f 67/3973/553 53/3925/268 48/3974/1153
f 52/4976/181 64/5021/145 60/5022/1161
f 78/1688/228 52/1728/181 60/1715/1161
f 36/2795/249 66/2785/597 58/2748/48
f 63/2722/29 58/2748/48 64/2719/145
f 51/568/12 96/607/173 127/667/467
f 57/1541/76 109/1551/337 43/1506/52
f 54/3300/1165 61/3366/461 63/3239/29
f 60/1715/1161 61/1689/461 78/1688/228
f 78/847/228 61/848/461 54/807/1165
f 67/3973/553 69/3922/148 53/3925/268
f 70/3301/219 56/3290/1214 58/3316/48
f 34/1057/322 53/1073/268 69/1090/148
f 67/2964/553 34/2944/322 71/2923/132
f 34/1057/322 69/1090/148 71/1050/132
f 46/4381/229 78/4449/228 59/4450/116
f 58/2748/48 66/2785/597 64/2719/145
f 47/3368/271 44/3315/256 116/3331/768
f 67/525/553 61/524/461 59/541/116
f 65/51/334 63/76/29 61/52/461
f 55/1545/1121 62/1519/616 67/1578/553
f 84/1952/75 70/2005/219 65/1977/334
f 65/1977/334 70/2005/219 58/1998/48
f 69/2089/148 59/2043/116 78/2088/228
f 96/169/173 51/161/12 111/142/297
f 112/1024/1124 78/1007/228 64/983/145
f 93/3915/313 68/3993/262 57/3981/76
f 204/200/636 44/223/256 33/201/121
f 177/869/817 38/630/958 19/875/185
f 62/2734/616 71/2725/132 77/2768/151
f 95/2318/446 69/2297/148 78/2309/228
f 70/994/219 64/983/145 66/982/597
f 76/2824/16 80/2800/330 81/2833/450
f 101/3252/936 83/3248/199 75/3236/184
f 91/1924/513 75/1885/184 84/1918/75
f 86/2908/326 74/2859/170 67/2804/553
f 84/1918/75 75/1885/184 83/1884/199
f 86/2908/326 67/2804/553 77/2907/151
f 84/1918/75 83/1884/199 70/1937/219
f 77/4921/151 67/4920/553 62/4984/616
f 85/2280/111 77/2292/151 118/2338/193
f 64/983/145 70/994/219 112/1024/1124
f 117/99/293 70/133/219 79/100/115
f 77/2768/151 71/2725/132 88/2747/22
f 81/2833/450 77/2768/151 88/2747/22
f 88/2747/22 76/2824/16 81/2833/450
f 80/2800/330 76/2824/16 87/2775/28
f 80/2769/330 107/2799/1094 81/2770/450
f 73/4943/203 79/4942/115 102/5010/926
f 87/2775/28 82/2709/13 80/2800/330
f 82/2709/13 98/2721/751 80/2800/330
f 82/2709/13 100/2657/1160 98/2721/751
f 116/3331/768 44/3315/256 109/3280/337
f 43/567/52 134/681/663 93/614/313
f 204/4086/636 109/4059/337 44/4085/256
f 50/1106/234 41/1046/188 199/1078/615
f 145/1157/476 72/1214/355 23/1184/74
f 67/3283/553 74/3374/170 108/3375/934
f 126/1185/274 67/1369/553 108/1437/934
f 120/3184/516 77/3181/151 85/3232/111
f 70/1937/219 83/1884/199 92/1922/319
f 97/4870/376 88/4812/22 69/4811/148
f 117/3979/293 79/3980/115 89/3946/1005
f 87/2426/28 88/2438/22 97/2396/376
f 81/4330/450 103/4365/919 77/4331/151
f 70/4244/219 92/4268/319 79/4245/115
f 88/2438/22 87/2426/28 99/2457/1218
f 87/3669/28 106/3670/1232 99/3618/1218
f 104/4117/1110 95/4073/446 78/4116/228
f 76/4797/16 88/4796/22 99/4863/1218
f 76/4620/16 99/4664/1218 107/4665/1094
f 97/2396/376 94/2395/1189 87/2426/28
f 95/4361/446 104/4391/1110 82/4362/13
f 76/4293/16 107/4229/1094 87/4292/28
f 82/4903/13 104/4868/1110 105/4902/1130
f 73/384/203 105/402/1130 79/385/115
f 87/65/28 94/56/1189 82/64/13
f 82/4476/13 105/4475/1130 73/4557/203
f 73/4669/203 100/4731/1160 82/4698/13
f 57/1541/76 116/1589/768 109/1551/337
f 177/869/817 19/875/185 42/932/160
f 114/3566/698 108/3558/934 74/3535/170
f 61/1333/461 67/1369/553 126/1185/274
f 108/2682/934 86/2678/326 77/2661/151
f 120/2710/516 108/2682/934 77/2661/151
f 71/2293/132 69/2297/148 110/2320/676
f 69/2297/148 95/2318/446 97/2313/376
f 103/4783/919 88/4850/22 71/4851/132
f 79/4245/115 92/4268/319 102/4265/926
f 99/3618/1218 103/3613/919 81/3600/450
f 107/3647/1094 99/3618/1218 81/3600/450
f 94/3621/1189 95/3644/446 82/3691/13
f 79/4690/115 105/4642/1130 89/4641/1005
f 163/3968/747 68/3993/262 93/3915/313
f 116/4840/768 57/4841/76 68/4765/262
f 68/3267/262 109/3221/337 204/3266/636
f 146/4459/873 74/4377/170 86/4464/326
f 114/4051/698 86/4125/326 108/4052/934
f 115/3204/978 101/3203/936 91/3268/513
f 115/218/978 91/219/513 84/193/75
f 83/3248/199 101/3252/936 115/3295/978
f 85/2280/111 118/2338/193 148/2361/526
f 118/2338/193 77/2292/151 103/2307/919
f 71/2293/132 110/2320/676 103/2307/919
f 117/1568/293 92/1560/319 83/1526/199
f 92/3908/319 117/3979/293 89/3946/1005
f 110/3387/676 69/3349/148 88/3348/22
f 110/2546/676 88/2558/22 106/2552/1232
f 106/652/1232 88/632/22 103/651/919
f 92/2380/319 89/2405/1005 102/2393/926
f 104/4048/1110 78/4047/228 112/4090/1124
f 99/3618/1218 106/3670/1232 103/3613/919
f 94/2530/1189 97/2537/376 106/2552/1232
f 107/2119/1094 106/2118/1232 87/2129/28
f 94/2530/1189 106/2552/1232 107/2559/1094
f 102/2393/926 89/2405/1005 105/2406/1130
f 80/2542/330 94/2530/1189 107/2559/1094
f 100/2440/1160 105/2406/1130 104/2487/1110
f 98/2490/751 100/2440/1160 104/2487/1110
f 80/2542/330 98/2490/751 94/2530/1189
f 84/1180/75 65/1199/334 61/1333/461
f 112/1024/1124 70/994/219 117/1030/293
f 97/2537/376 110/2546/676 106/2552/1232
f 94/4441/1189 112/4442/1124 95/4419/446
f 94/2530/1189 104/2487/1110 112/2498/1124
f 98/2490/751 104/2487/1110 94/2530/1189
f 102/2393/926 105/2406/1130 100/2440/1160
f 73/4669/203 102/4730/926 100/4731/1160
f 75/3236/184 121/3308/602 101/3252/936
f 144/3338/559 83/3248/199 115/3295/978
f 118/2338/193 103/2307/919 110/2320/676
f 199/556/615 183/523/793 50/533/234
f 116/3160/768 68/3109/262 204/3126/636
f 129/1525/282 117/1568/293 83/1526/199
f 119/643/50 93/614/313 134/681/663
f 121/2685/602 75/2703/184 91/2666/513
f 146/3269/873 86/3170/326 132/3247/351
f 91/3255/513 101/3205/936 142/3229/359
f 126/1185/274 84/1180/75 61/1333/461
f 125/4123/44 96/4122/173 111/4190/297
f 96/607/173 140/676/721 127/667/467
f 90/493/640 50/533/234 183/523/793
f 151/4382/1030 74/4377/170 146/4459/873
f 86/3170/326 114/3180/698 132/3247/351
f 110/2320/676 97/2313/376 117/2360/293
f 97/2313/376 95/2318/446 117/2360/293
f 117/782/293 95/783/446 112/770/1124
f 149/1508/538 43/1506/52 109/1551/337
f 41/1603/188 21/1575/72 49/1496/304
f 151/3655/1030 114/3566/698 74/3535/170
f 115/1168/978 84/1180/75 126/1185/274
f 118/2338/193 110/2320/676 117/2360/293
f 68/1130/262 163/1256/747 109/1172/337
f 142/3330/359 101/3252/936 121/3308/602
f 96/607/173 125/639/44 140/676/721
f 93/1160/313 119/1203/50 141/1233/501
f 126/1185/274 108/1437/934 131/1449/194
f 131/2738/194 108/2682/934 120/2710/516
f 117/1133/293 136/1178/30 138/1179/47
f 136/1178/30 117/1133/293 129/1163/282
f 118/1143/193 117/1133/293 138/1179/47
f 128/1317/15 139/1346/114 137/1307/215
f 139/1346/114 122/1465/5 137/1307/215
f 185/139/678 111/60/297 51/1/12
f 220/602/754 33/590/121 38/630/958
f 114/1577/698 151/1518/1030 121/1559/602
f 132/3247/351 114/3180/698 121/3169/602
f 83/2312/199 144/2326/559 181/2278/608
f 83/1152/199 181/1279/608 129/1229/282
f 148/104/526 118/72/193 137/102/215
f 136/1178/30 129/1163/282 124/1320/7
f 118/1143/193 128/1317/15 137/1307/215
f 113/63/314 185/139/678 51/1/12
f 145/3129/476 47/3051/271 234/3072/647
f 121/2685/602 91/2666/513 154/2665/1036
f 138/1179/47 128/1317/15 118/1143/193
f 135/4629/64 136/4598/30 124/4597/7
f 150/109/707 125/89/44 111/60/297
f 93/1160/313 141/1233/501 163/1256/747
f 150/109/707 111/60/297 185/139/678
f 204/3416/636 33/3388/121 212/3385/665
f 91/3255/513 142/3229/359 154/3254/1036
f 132/4886/351 131/4952/194 146/4953/873
f 155/3350/1006 126/3317/274 142/3330/359
f 144/3338/559 115/3295/978 126/3317/274
f 129/1163/282 147/1314/320 124/1320/7
f 124/1320/7 128/1317/15 135/1303/64
f 124/1320/7 147/1314/320 123/1464/36
f 137/102/215 122/85/5 160/114/628
f 126/4040/274 155/4100/1006 144/4101/559
f 136/1178/30 135/1303/64 138/1179/47
f 138/1179/47 135/1303/64 128/1317/15
f 128/1317/15 162/1350/100 139/1346/114
f 128/1317/15 143/1345/318 162/1350/100
f 143/1345/318 128/1317/15 124/1320/7
f 165/677/835 124/628/7 123/641/36
f 119/1203/50 164/1260/349 141/1233/501
f 125/3881/44 150/3825/707 152/3824/204
f 224/746/763 38/630/958 177/869/817
f 49/1496/304 72/1214/355 209/1271/469
f 132/3247/351 121/3169/602 154/3211/1036
f 157/2761/567 146/2762/873 131/2738/194
f 142/4645/359 126/4644/274 158/4708/1035
f 158/1171/1035 126/1185/274 131/1449/194
f 157/2761/567 131/2738/194 120/2710/516
f 143/3532/318 124/3531/7 165/3575/835
f 162/1127/100 143/1154/318 133/1128/108
f 152/108/204 160/114/628 122/85/5
f 155/1517/1006 121/1559/602 151/1518/1030
f 142/3330/359 121/3308/602 155/3350/1006
f 132/4780/351 156/4854/1229 161/4855/1063
f 131/4769/194 132/4780/351 161/4855/1063
f 143/3103/318 153/3104/323 133/3076/108
f 147/1236/320 164/1260/349 123/1209/36
f 166/2349/292 164/2373/349 119/2374/50
f 125/639/44 168/686/769 140/676/721
f 119/643/50 134/681/663 184/726/719
f 134/681/663 43/567/52 149/699/538
f 212/570/665 33/590/121 220/602/754
f 156/3272/1229 132/3247/351 154/3211/1036
f 142/644/359 158/645/1035 154/627/1036
f 161/1438/1063 156/1514/1229 146/1537/873
f 144/1376/559 155/1535/1006 158/1453/1035
f 157/1377/567 161/1438/1063 146/1537/873
f 158/1171/1035 131/1449/194 161/1436/1063
f 167/3538/1093 143/3532/318 165/3575/835
f 166/692/292 165/677/835 123/641/36
f 166/2082/292 123/2081/36 164/2122/349
f 166/692/292 119/643/50 184/726/719
f 42/1097/160 90/1067/640 219/1098/675
f 220/602/754 38/630/958 224/746/763
f 41/1603/188 49/1496/304 228/1593/502
f 209/1271/469 213/1473/471 49/1496/304
f 151/1539/1030 146/1537/873 156/1514/1229
f 151/1539/1030 156/1514/1229 154/1515/1036
f 154/1515/1036 155/1535/1006 151/1539/1030
f 155/1535/1006 154/1515/1036 158/1453/1035
f 139/4606/114 162/4605/100 167/4658/1093
f 153/4049/323 143/4130/318 167/4050/1093
f 125/89/44 152/108/204 122/85/5
f 150/109/707 178/130/868 152/108/204
f 180/2404/820 163/2428/747 141/2429/501
f 157/3188/567 120/3184/516 85/3232/111
f 170/822/1095 167/798/1093 165/797/835
f 153/4532/323 167/4533/1093 162/4469/100
f 139/945/114 167/930/1093 170/944/1095
f 141/1233/501 164/1260/349 180/1272/820
f 140/676/721 176/709/795 127/667/467
f 113/2642/314 127/2585/467 267/2634/545
f 158/1171/1035 161/1436/1063 190/1408/568
f 158/3009/1035 179/3039/378 144/3099/559
f 201/2983/388 161/2994/1063 157/2922/567
f 170/822/1095 169/917/1096 171/953/1027
f 165/797/835 169/917/1096 170/822/1095
f 165/677/835 173/682/819 169/668/1096
f 191/1297/903 164/1260/349 147/1236/320
f 137/102/215 160/114/628 182/128/778
f 122/625/5 139/642/114 192/704/860
f 122/625/5 192/704/860 125/639/44
f 168/686/769 125/639/44 192/704/860
f 179/1162/378 158/1171/1035 200/1265/344
f 171/953/1027 169/917/1096 174/955/986
f 187/1289/709 129/1229/282 181/1279/608
f 147/1236/320 129/1229/282 187/1289/709
f 165/677/835 189/713/961 173/682/819
f 153/2148/323 280/2175/609 133/2180/108
f 189/713/961 165/677/835 166/692/292
f 178/130/868 160/114/628 152/108/204
f 168/686/769 176/709/795 140/676/721
f 226/790/527 184/726/719 134/681/663
f 201/1435/388 190/1408/568 161/1436/1063
f 148/104/526 182/128/778 186/135/830
f 137/102/215 182/128/778 148/104/526
f 139/642/114 170/669/1095 192/704/860
f 144/3099/559 179/3039/378 198/3070/601
f 182/128/778 160/114/628 178/130/868
f 127/2585/467 301/2586/579 267/2634/545
f 228/1018/502 199/1078/615 41/1046/188
f 200/1265/344 158/1171/1035 190/1408/568
f 202/2961/392 201/2983/388 157/2922/567
f 164/1260/349 191/1297/903 193/1300/922
f 195/149/933 182/128/778 178/130/868
f 180/1272/820 164/1260/349 193/1300/922
f 149/1508/538 109/1551/337 255/1546/546
f 171/2413/1027 174/2167/986 296/2268/296
f 172/121/683 148/104/526 186/135/830
f 178/130/868 196/151/992 195/149/933
f 194/731/973 166/692/292 184/726/719
f 240/496/666 90/493/640 183/523/793
f 301/882/579 127/667/467 176/709/795
f 194/731/973 189/713/961 166/692/292
f 219/1098/675 90/1067/640 240/1068/666
f 206/4020/237 203/3963/167 205/3953/305
f 206/4020/237 205/3953/305 200/4019/344
f 197/1167/360 179/1162/378 200/1265/344
f 194/3589/973 193/3649/922 191/3650/903
f 196/727/992 168/686/769 192/704/860
f 226/790/527 134/681/663 149/699/538
f 188/1189/54 210/1249/336 208/1136/480
f 197/1167/360 175/1132/84 179/1162/378
f 175/611/84 198/624/601 179/626/378
f 194/3589/973 191/3650/903 189/3597/961
f 196/3721/992 192/3720/860 195/3768/933
f 208/4396/480 207/4460/201 188/4397/54
f 175/1132/84 197/1167/360 233/1140/400
f 241/3043/648 201/2983/388 202/2961/392
f 186/3588/830 350/3594/406 172/3639/683
f 176/709/795 168/686/769 211/777/634
f 416/989/575 226/790/527 149/699/538
f 219/936/675 177/869/817 42/932/160
f 208/1136/480 210/1249/336 214/1164/772
f 147/1236/320 187/1289/709 329/1511/503
f 153/3861/323 162/3803/100 283/3860/26
f 211/777/634 168/686/769 260/828/621
f 109/1172/337 163/1256/747 237/1373/660
f 213/1473/471 228/1593/502 49/1496/304
f 206/3952/237 200/3951/344 222/4017/3
f 256/1336/700 229/1286/543 208/1338/480
f 299/1802/389 281/1832/123 130/1848/18
f 130/1848/18 159/1818/216 299/1802/389
f 163/4414/747 180/4465/820 237/4415/660
f 234/3367/647 47/3368/271 116/3331/768
f 210/2782/336 188/2745/54 254/2781/760
f 222/4024/3 200/3950/344 203/3949/167
f 200/1265/344 190/1408/568 217/1288/905
f 181/1279/608 388/1558/656 187/1289/709
f 338/322/448 186/135/830 182/128/778
f 209/1271/469 72/1214/355 145/1157/476
f 232/444/272 215/492/473 188/544/54
f 225/2080/407 232/2115/272 188/2116/54
f 214/1164/772 210/1249/336 232/1201/272
f 262/101/863 236/118/591 200/97/344
f 190/4831/568 208/4773/480 214/4830/772
f 217/1288/905 190/1408/568 214/1340/772
f 196/4084/992 260/4026/621 168/4025/769
f 194/731/973 184/726/719 243/816/611
f 237/1373/660 180/1272/820 193/1300/922
f 185/139/678 178/130/868 150/109/707
f 210/4527/336 215/4458/473 232/4526/272
f 207/3178/201 208/3157/480 216/3118/1044
f 208/1338/480 229/1286/543 216/1282/1044
f 388/3813/656 355/3856/404 187/3814/709
f 173/682/819 174/675/986 169/668/1096
f 330/3784/348 189/3783/961 191/3833/903
f 194/3854/973 244/3794/762 193/3790/922
f 239/472/741 235/508/346 188/544/54
f 215/4911/473 210/4949/336 225/4950/407
f 225/833/407 210/796/336 218/813/710
f 200/97/344 221/140/139 203/209/167
f 227/1284/98 200/1265/344 217/1288/905
f 208/1338/480 190/1408/568 256/1336/700
f 147/1236/320 329/1511/503 191/1297/903
f 188/2745/54 235/2740/346 254/2781/760
f 223/473/1018 203/448/167 275/447/1023
f 239/472/741 188/544/54 215/492/473
f 222/4009/3 203/3933/167 245/4008/531
f 223/1641/1018 245/1610/531 203/1679/167
f 222/2531/3 245/2557/531 221/2555/139
f 203/263/167 221/329/139 205/412/305
f 207/2359/201 225/2394/407 188/2459/54
f 200/4934/344 227/4933/98 216/4998/1044
f 262/1264/863 200/1265/344 216/1282/1044
f 216/564/1044 217/566/905 214/565/772
f 256/3201/700 190/3202/568 207/3178/201
f 214/3164/772 207/3178/201 216/3118/1044
f 197/1167/360 200/1265/344 205/1226/305
f 262/1264/863 216/1282/1044 229/1286/543
f 198/3070/601 175/3047/84 233/2978/400
f 172/121/683 85/35/111 148/104/526
f 371/2412/594 171/2413/1027 296/2268/296
f 244/3794/762 194/3854/973 243/3855/611
f 243/816/611 184/726/719 226/790/527
f 416/1507/575 149/1508/538 255/1546/546
f 223/505/1018 206/483/237 222/482/3
f 221/2555/139 230/2460/101 222/2531/3
f 215/2445/473 225/2394/407 247/2454/396
f 230/2460/101 221/2555/139 232/2509/272
f 236/118/591 221/140/139 200/97/344
f 144/3099/559 198/3070/601 246/3079/629
f 329/1511/503 320/1509/315 191/1297/903
f 196/3977/992 276/3976/341 260/4037/621
f 231/3975/384 223/3924/1018 275/4002/1023
f 218/813/710 210/796/336 239/832/741
f 215/597/473 218/588/710 239/596/741
f 230/824/101 225/833/407 218/813/710
f 225/2461/407 230/2460/101 232/2509/272
f 205/412/305 221/329/139 257/393/702
f 207/3178/201 214/3164/772 256/3201/700
f 231/3975/384 206/4003/237 223/3924/1018
f 230/2290/101 218/2301/710 215/2321/473
f 227/4933/98 238/4983/1011 216/4998/1044
f 216/1319/1044 238/1318/1011 217/1332/905
f 330/885/348 173/682/819 189/713/961
f 193/1300/922 244/1399/762 237/1373/660
f 251/227/613 178/130/868 185/139/678
f 211/777/634 301/882/579 176/709/795
f 247/164/396 239/150/741 230/163/101
f 239/2686/741 210/2653/336 230/2652/101
f 247/2322/396 230/2290/101 215/2321/473
f 245/289/531 257/393/702 221/329/139
f 214/1164/772 232/1201/272 256/1202/700
f 227/4632/98 217/4594/905 229/4565/543
f 324/1150/487 197/1167/360 205/1226/305
f 238/4864/1011 229/4926/543 217/4878/905
f 207/1367/201 190/1408/568 201/1435/388
f 198/3070/601 233/2978/400 246/3079/629
f 251/227/613 196/151/992 178/130/868
f 245/475/531 231/431/384 275/474/1023
f 245/1298/531 250/1244/463 231/1262/384
f 278/4631/223 227/4632/98 229/4565/543
f 322/310/254 182/128/778 195/149/933
f 226/2471/527 242/2489/372 243/2472/611
f 234/3100/647 116/3063/768 365/3062/718
f 219/936/675 458/915/943 177/869/817
f 206/4169/237 263/4159/775 203/4093/167
f 250/1244/463 206/1243/237 231/1262/384
f 210/16/336 248/39/1073 230/36/101
f 223/1641/1018 250/1618/463 245/1610/531
f 232/2509/272 221/2555/139 227/2544/98
f 238/4864/1011 262/4925/863 229/4926/543
f 278/126/223 232/91/272 227/125/98
f 229/1286/543 256/1336/700 278/1322/223
f 246/3079/629 233/2978/400 300/3045/1004
f 210/16/336 254/15/760 248/39/1073
f 222/2531/3 230/2460/101 223/2536/1018
f 236/3851/591 227/3812/98 221/3815/139
f 273/3738/851 233/3725/400 197/3672/360
f 241/3043/648 202/2961/392 266/2921/1029
f 268/1366/842 207/1367/201 201/1435/388
f 388/1558/656 181/1279/608 499/1629/584
f 276/270/341 196/151/992 251/227/613
f 255/1405/546 109/1172/337 237/1373/660
f 113/63/314 267/259/545 185/139/678
f 223/1641/1018 230/1656/101 259/1621/989
f 268/2331/842 225/2394/407 207/2359/201
f 324/1150/487 205/1226/305 257/1227/702
f 252/4131/504 206/4171/237 250/4091/463
f 248/1462/1073 239/1479/741 247/1463/396
f 157/2922/567 266/2921/1029 202/2961/392
f 270/443/994 235/508/346 239/472/741
f 206/4171/237 252/4131/504 275/4170/1023
f 275/38/1023 252/17/504 245/37/531
f 259/861/989 248/867/1073 247/862/396
f 259/3559/989 247/3512/396 270/3511/994
f 236/3851/591 238/3852/1011 227/3812/98
f 241/2027/648 282/2068/771 201/2069/388
f 232/1337/272 278/1322/223 238/1287/1011
f 262/1264/863 238/1287/1011 278/1322/223
f 192/3700/860 366/3699/478 195/3746/933
f 330/3784/348 191/3833/903 320/3839/315
f 209/1271/469 145/1157/476 427/1170/822
f 248/224/1073 254/225/760 239/217/741
f 206/256/237 275/229/1023 264/257/444
f 263/3583/775 206/3561/237 264/3530/444
f 252/3369/504 264/3319/444 245/3340/531
f 250/203/463 263/204/775 252/192/504
f 270/1192/994 239/1191/741 259/1221/989
f 230/1656/101 248/1631/1073 259/1621/989
f 250/1618/463 223/1641/1018 259/1621/989
f 238/4816/1011 236/4894/591 265/4895/1108
f 256/1202/700 232/1201/272 265/1276/1108
f 255/1405/546 237/1373/660 362/1536/572
f 264/4089/444 252/4031/504 263/4075/775
f 238/3085/1011 265/3060/1108 232/3025/272
f 322/3754/254 195/3746/933 366/3699/478
f 116/3160/768 204/3126/636 365/3141/718
f 265/2927/1108 250/2991/463 259/2992/989
f 285/2990/730 265/2926/1108 236/2989/591
f 262/101/863 285/168/730 236/118/591
f 499/2279/584 181/2278/608 144/2326/559
f 153/1197/323 283/1196/26 280/1213/609
f 397/379/645 185/139/678 267/259/545
f 145/3129/476 234/3072/647 427/3133/822
f 220/602/754 473/571/1064 212/570/665
f 203/4093/167 263/4159/775 275/4094/1023
f 289/4736/128 259/4792/989 239/4737/741
f 172/3639/683 350/3594/406 395/3638/766
f 330/885/348 174/675/986 173/682/819
f 294/4181/668 249/4202/2 261/4144/370
f 303/2283/560 239/2339/741 254/2284/760
f 263/1186/775 250/1118/463 285/1117/730
f 247/2454/396 225/2394/407 268/2331/842
f 300/3045/1004 233/2978/400 273/2969/851
f 258/4379/260 253/4316/31 323/4340/888
f 204/3126/636 476/3108/921 365/3141/718
f 213/1473/471 209/1271/469 424/1257/980
f 257/393/702 245/289/531 264/257/444
f 283/2538/26 162/2547/100 133/2539/108
f 213/1473/471 420/1542/998 228/1593/502
f 235/2740/346 270/2741/994 254/2781/760
f 239/2339/741 303/2283/560 289/2337/128
f 247/2454/396 268/2331/842 290/2387/582
f 250/2617/463 265/2618/1108 285/2564/730
f 265/1276/1108 259/1293/989 289/1294/128
f 257/393/702 264/257/444 308/279/505
f 289/1294/128 256/1202/700 265/1276/1108
f 256/1336/700 292/1356/367 278/1322/223
f 246/4601/629 300/4648/1004 324/4602/487
f 412/386/845 85/35/111 172/121/683
f 349/2340/385 371/2412/594 296/2268/296
f 258/4379/260 323/4340/888 336/4378/1221
f 314/3836/71 244/3794/762 243/3855/611
f 251/227/613 185/139/678 397/379/645
f 211/777/634 260/828/621 334/905/589
f 283/3576/26 269/3551/27 272/3550/67
f 324/3671/487 273/3738/851 197/3672/360
f 349/2930/385 296/2929/296 287/2963/259
f 287/3846/259 269/3894/27 277/3829/266
f 272/2877/67 269/2879/27 271/2914/186
f 277/2259/266 133/2180/108 280/2175/609
f 251/227/613 326/315/536 276/270/341
f 500/1052/1051 219/1098/675 240/1068/666
f 303/4352/560 254/4354/760 270/4420/994
f 268/1366/842 292/1356/367 256/1336/700
f 257/2550/702 298/2551/316 262/2524/863
f 282/2970/771 241/3043/648 266/2921/1029
f 282/1434/771 268/1366/842 201/1435/388
f 292/1356/367 268/1366/842 282/1434/771
f 409/920/924 174/675/986 330/885/348
f 283/3895/26 277/3829/266 269/3894/27
f 283/145/26 133/136/108 277/98/266
f 326/4430/536 251/4466/613 397/4467/645
f 303/2589/560 285/2612/730 284/2671/6
f 257/393/702 308/279/505 298/355/316
f 273/2969/851 324/3019/487 300/3045/1004
f 256/4679/700 316/4678/493 268/4732/842
f 296/2895/296 271/2914/186 291/2892/35
f 287/3846/259 286/3887/252 269/3894/27
f 355/1533/404 329/1511/503 187/1289/709
f 297/400/134 302/456/566 274/429/23
f 272/4046/67 271/4112/186 299/4113/389
f 299/1802/389 271/1941/186 281/1832/123
f 130/1801/18 281/1912/123 159/1826/216
f 224/746/763 177/869/817 429/866/1143
f 220/602/754 224/746/763 432/648/1158
f 270/2458/994 247/2454/396 290/2387/582
f 264/257/444 275/229/1023 308/279/505
f 284/2671/6 289/2647/128 303/2589/560
f 316/4564/493 256/4563/700 289/4630/128
f 332/1228/612 262/1264/863 278/1322/223
f 262/1264/863 332/1228/612 257/1227/702
f 157/3658/567 282/3657/771 266/3718/1029
f 499/2279/584 144/2326/559 372/2327/695
f 331/2209/231 296/2268/296 174/2167/986
f 281/1912/123 271/1825/186 293/1867/1070
f 274/2103/23 288/2124/82 295/2127/479
f 192/704/860 170/669/1095 366/900/478
f 283/1266/26 272/1280/67 280/1281/609
f 211/777/634 410/961/871 301/882/579
f 484/1602/1039 228/1593/502 420/1542/998
f 316/2635/493 289/2647/128 292/2692/367
f 324/1150/487 257/1227/702 332/1228/612
f 287/2963/259 296/2929/296 286/2949/252
f 286/2876/252 296/2895/296 291/2892/35
f 271/2914/186 269/2879/27 291/2892/35
f 274/2103/23 295/2127/479 321/2163/426
f 321/2163/426 297/2128/134 274/2103/23
f 354/4591/1154 249/4592/2 294/4547/668
f 429/866/1143 177/869/817 458/915/943
f 285/715/730 275/683/1023 263/714/775
f 316/2354/493 290/2387/582 268/2331/842
f 262/101/863 298/113/316 285/168/730
f 289/2647/128 284/2671/6 278/2700/223
f 289/2647/128 278/2700/223 292/2692/367
f 352/3278/639 282/3365/771 157/3279/567
f 291/2273/35 357/2249/380 286/2298/252
f 271/1825/186 296/1800/296 305/1839/912
f 287/3206/259 277/3116/266 351/3143/799
f 271/1825/186 305/1839/912 293/1867/1070
f 279/2814/10 309/2870/759 339/2881/39
f 279/2814/10 339/2881/39 315/2816/415
f 315/2816/415 304/2791/61 279/2814/10
f 159/1826/216 281/1912/123 343/1972/881
f 261/4199/370 249/4139/2 354/4138/1154
f 243/2894/611 242/2886/372 353/3034/506
f 226/2261/527 353/2262/506 242/2227/372
f 199/556/615 506/537/1107 183/523/793
f 199/1078/615 228/1018/502 484/1047/1039
f 303/4352/560 270/4420/994 290/4421/582
f 284/2671/6 285/2612/730 298/2699/316
f 298/4517/316 332/4560/612 278/4561/223
f 157/3188/567 85/3232/111 412/3238/845
f 331/2209/231 174/2167/986 409/2172/924
f 291/1767/35 269/1745/27 357/1744/380
f 310/925/1127 293/939/1070 277/890/266
f 281/1912/123 293/1867/1070 343/1972/881
f 285/715/730 308/662/505 275/683/1023
f 357/2249/380 296/2268/296 331/2209/231
f 357/4578/380 269/4579/27 296/4515/296
f 279/2814/10 349/2932/385 309/2870/759
f 306/4572/996 277/4508/266 305/4507/912
f 295/345/479 312/363/596 302/364/566
f 311/3065/740 307/3081/832 279/3041/10
f 293/939/1070 310/925/1127 343/938/881
f 279/3041/10 304/3030/61 311/3065/740
f 299/3919/389 159/3956/216 343/3957/881
f 237/1373/660 244/1399/762 333/1512/514
f 362/1536/572 565/1680/1072 255/1405/546
f 234/3177/647 365/3141/718 519/3161/1185
f 308/279/505 317/297/236 298/355/316
f 284/2671/6 298/2699/316 278/2700/223
f 144/3099/559 246/3079/629 372/3098/695
f 318/2169/441 288/2124/82 331/2179/231
f 331/543/231 288/491/82 327/516/312
f 359/600/180 349/580/385 279/618/10
f 274/429/23 327/516/312 288/491/82
f 351/2496/799 277/2497/266 306/2473/996
f 307/3081/832 359/3144/180 279/3041/10
f 312/487/596 274/429/23 302/456/566
f 293/3158/1070 339/3218/39 277/3146/266
f 328/2174/913 295/2127/479 288/2124/82
f 295/345/479 328/353/913 312/363/596
f 336/4308/1221 253/4369/31 258/4309/260
f 410/961/871 211/777/634 334/905/589
f 292/1356/367 282/1434/771 369/1421/1031
f 372/3098/695 246/3079/629 324/3019/487
f 371/619/594 349/580/385 359/600/180
f 339/3218/39 293/3158/1070 370/3217/525
f 338/322/448 350/323/406 186/135/830
f 321/2163/426 295/2127/479 335/2182/362
f 345/479/474 302/456/566 297/400/134
f 344/3068/788 311/3065/740 304/3030/61
f 313/2788/218 304/2791/61 315/2816/415
f 319/3389/195 260/3380/621 276/3426/341
f 303/2514/560 290/2501/582 451/2435/587
f 412/386/845 172/121/683 395/369/766
f 356/3121/570 296/3154/296 269/3122/27
f 269/761/27 286/739/252 356/760/570
f 327/516/312 274/429/23 312/487/596
f 170/669/1095 171/655/1027 366/900/478
f 325/3028/77 293/3029/1070 305/3049/912
f 288/2124/82 318/2169/441 328/2174/913
f 370/3570/525 293/3584/1070 325/3525/77
f 339/583/39 307/603/832 311/594/740
f 295/829/479 302/830/566 335/803/362
f 339/583/39 311/594/740 315/584/415
f 374/3842/610 310/3955/1127 277/3936/266
f 304/3030/61 313/3032/218 344/3068/788
f 336/4308/1221 323/4355/888 253/4369/31
f 337/3429/245 319/3389/195 276/3426/341
f 260/828/621 385/931/638 334/905/589
f 416/1507/575 255/1546/546 581/1554/1080
f 296/1800/296 356/1836/570 305/1839/912
f 351/3143/799 349/3168/385 287/3206/259
f 349/1484/385 380/1459/626 309/1454/759
f 325/3978/77 277/4078/266 339/3960/39
f 277/4078/266 325/3978/77 305/4010/912
f 370/804/525 335/803/362 302/830/566
f 340/3084/940 311/3065/740 344/3068/788
f 363/2195/1085 374/2226/610 277/2259/266
f 280/2175/609 363/2195/1085 277/2259/266
f 322/3422/254 366/3381/478 319/3389/195
f 330/1334/348 320/1361/315 314/1339/71
f 322/3422/254 319/3389/195 337/3429/245
f 348/1362/263 314/1339/71 320/1361/315
f 333/3540/514 362/3581/572 237/3582/660
f 427/3133/822 234/3072/647 519/3050/1185
f 347/4637/37 290/4636/582 316/4697/493
f 370/2450/525 327/2401/312 312/2430/596
f 370/2450/525 312/2430/596 335/2449/362
f 312/2162/596 328/2174/913 361/2192/321
f 312/2162/596 361/2192/321 335/2182/362
f 307/3081/832 368/3134/549 309/3095/759
f 370/519/525 302/456/566 345/479/474
f 311/5025/740 342/4994/85 315/4993/415
f 339/2784/39 375/2726/1008 310/2783/1127
f 339/174/39 310/141/1127 374/180/610
f 344/3068/788 313/3032/218 398/3105/555
f 314/1339/71 348/1362/263 333/1358/514
f 244/1399/762 314/1502/71 333/1512/514
f 385/931/638 260/828/621 319/884/195
f 314/3035/71 243/2894/611 353/3034/506
f 416/1507/575 581/1554/1080 573/1531/1028
f 451/2435/587 290/2501/582 347/2439/37
f 358/2410/303 451/2435/587 347/2439/37
f 282/3365/771 352/3278/639 369/3358/1031
f 369/547/1031 352/548/639 341/522/62
f 360/3519/988 325/3525/77 306/3508/996
f 306/3753/996 305/3701/912 360/3737/988
f 318/260/441 327/261/312 328/239/913
f 370/251/525 328/239/913 327/261/312
f 342/2636/85 307/2637/832 339/2605/39
f 364/470/202 345/479/474 297/400/134
f 315/2816/415 373/2839/674 313/2788/218
f 261/4144/370 354/4143/1154 294/4181/668
f 381/924/650 330/885/348 314/897/71
f 308/2592/505 285/2574/730 513/2479/767
f 367/2155/688 346/2207/146 317/2187/236
f 347/4231/37 341/4230/62 379/4287/949
f 346/2981/146 372/3098/695 324/3019/487
f 352/3187/639 157/3188/567 412/3238/845
f 306/2473/996 325/2470/77 351/2496/799
f 309/4271/759 399/4325/427 307/4326/832
f 370/3570/525 325/3525/77 360/3519/988
f 386/4438/923 327/4360/312 361/4437/321
f 327/821/312 318/806/441 361/820/321
f 328/4808/913 370/4809/525 386/4725/923
f 370/4518/525 345/4581/474 339/4582/39
f 309/2870/759 368/2915/549 339/2881/39
f 368/3134/549 307/3081/832 342/3096/85
f 339/2463/39 345/2474/474 375/2494/1008
f 342/3096/85 311/3065/740 340/3084/940
f 343/938/881 310/925/1127 363/899/1085
f 272/4242/67 299/4196/389 470/4241/814
f 276/270/341 393/375/790 337/325/245
f 393/375/790 276/270/341 326/315/536
f 500/494/1051 240/496/666 183/523/793
f 420/1542/998 213/1473/471 424/1257/980
f 308/2592/505 513/2479/767 479/2517/522
f 379/2849/949 358/2820/303 347/2848/37
f 463/2887/785 316/2911/493 292/2832/367
f 377/1370/879 292/1356/367 369/1421/1031
f 357/2249/380 356/2271/570 286/2298/252
f 409/2172/924 404/2202/783 331/2209/231
f 307/3081/832 399/3166/427 359/3144/180
f 351/1876/799 325/1905/77 368/1894/549
f 325/1905/77 339/1906/39 368/1894/549
f 361/4749/321 328/4808/913 386/4725/923
f 366/900/478 171/655/1027 371/886/594
f 321/1895/426 335/1907/362 345/1875/474
f 364/2191/202 321/2163/426 345/2184/474
f 373/2839/674 315/2816/415 340/2844/940
f 338/322/448 182/128/778 389/365/703
f 340/5032/940 344/4997/788 373/5031/674
f 364/470/202 297/400/134 430/504/455
f 389/365/703 182/128/778 322/310/254
f 430/504/455 297/400/134 321/420/426
f 464/2713/631 299/2708/389 343/2697/881
f 319/884/195 366/900/478 385/931/638
f 476/3415/921 204/3416/636 212/3385/665
f 285/2574/730 303/2514/560 513/2479/767
f 298/355/316 317/297/236 332/373/612
f 382/4087/1103 369/4088/1031 341/4041/62
f 371/1955/594 359/1992/180 437/1991/758
f 360/1852/988 305/1839/912 356/1836/570
f 396/3139/824 368/3134/549 342/3096/85
f 374/2620/610 342/2636/85 339/2605/39
f 376/3106/280 342/3096/85 340/3084/940
f 335/2462/362 387/2499/338 345/2474/474
f 280/4356/609 272/4410/67 421/4411/489
f 333/1512/514 348/1530/263 417/1576/950
f 426/978/712 334/905/589 385/931/638
f 394/2867/1223 317/2815/236 346/2906/146
f 377/2818/879 463/2887/785 292/2832/367
f 357/4571/380 331/4485/231 327/4570/312
f 386/2294/923 357/2335/380 327/2287/312
f 351/2171/799 360/2204/988 392/2201/439
f 355/1533/404 388/1558/656 403/1567/906
f 376/3106/280 396/3139/824 342/3096/85
f 329/1511/503 355/1533/404 403/1567/906
f 315/767/415 342/741/85 374/766/610
f 375/2494/1008 345/2474/474 387/2499/338
f 340/295/940 315/274/415 374/254/610
f 401/4282/460 310/4283/1127 375/4204/1008
f 363/96/1085 310/111/1127 401/112/460
f 398/1877/555 373/1899/674 344/1878/788
f 421/2147/489 363/2195/1085 280/2175/609
f 348/1530/263 320/1509/315 403/1567/906
f 438/3132/117 398/3105/555 313/3032/218
f 299/2708/389 464/2713/631 488/2759/825
f 384/4667/1140 347/4637/37 316/4697/493
f 394/3863/1223 346/3811/146 324/3862/487
f 341/2528/62 347/2526/37 384/2548/1140
f 341/2528/62 384/2548/1140 382/2549/1103
f 378/4289/1050 379/4287/949 341/4230/62
f 478/2332/855 499/2279/584 372/2327/695
f 380/3483/626 359/3500/180 309/3484/759
f 370/663/525 351/705/799 368/664/549
f 370/663/525 360/703/988 351/705/799
f 400/2222/1022 335/2182/362 361/2192/321
f 389/365/703 350/323/406 338/322/448
f 340/295/940 374/254/610 376/291/280
f 320/1509/315 329/1511/503 403/1567/906
f 322/310/254 337/325/245 389/365/703
f 373/2839/674 438/2885/117 313/2788/218
f 333/3540/514 406/3560/535 362/3581/572
f 450/995/894 314/897/71 390/958/618
f 353/1323/506 390/1365/618 314/1324/71
f 367/2155/688 317/2187/236 308/2156/505
f 346/2981/146 367/2920/688 383/3036/1156
f 383/343/1156 394/358/1223 324/392/487
f 332/1228/612 383/1141/1156 324/1150/487
f 352/4246/639 378/4289/1050 341/4230/62
f 437/1991/758 359/1992/180 380/2009/626
f 349/3168/385 351/3143/799 431/3115/909
f 359/4057/180 399/4076/427 466/4058/733
f 445/2205/539 392/2201/439 360/2204/988
f 350/323/406 389/365/703 395/369/766
f 335/2182/362 400/2222/1022 387/2214/338
f 375/2494/1008 387/2499/338 446/2532/895
f 321/2163/426 364/2191/202 387/2214/338
f 470/2797/814 299/2708/389 488/2759/825
f 470/3456/814 421/3504/489 272/3528/67
f 348/1530/263 403/1567/906 417/1576/950
f 417/1576/950 406/1569/535 333/1512/514
f 450/995/894 381/924/650 314/897/71
f 477/453/722 397/379/645 267/259/545
f 384/4509/1140 316/4576/493 358/4577/303
f 316/3111/493 451/3110/587 358/3210/303
f 384/4263/1140 358/4210/303 379/4235/949
f 402/4733/833 383/4802/1156 332/4803/612
f 332/671/612 459/670/554 402/724/833
f 382/4109/1103 377/4108/879 369/4177/1031
f 372/4970/695 383/5018/1156 391/4971/124
f 372/3098/695 346/2981/146 383/3036/1156
f 352/4236/639 382/4256/1103 378/4209/1050
f 318/2169/441 331/2179/231 404/2229/783
f 356/1836/570 445/1896/539 360/1852/988
f 454/962/1164 409/920/924 330/885/348
f 401/460/460 374/435/610 363/434/1085
f 387/1010/338 364/1020/202 446/1021/895
f 343/3509/881 363/3547/1085 421/3510/489
f 460/987/1204 330/885/348 381/924/650
f 353/2054/506 434/2055/738 390/2032/618
f 513/2479/767 303/2514/560 451/2435/587
f 308/3332/505 394/3306/1223 367/3242/688
f 383/246/1156 367/277/688 394/236/1223
f 378/4209/1050 384/4263/1140 379/4235/949
f 382/4256/1103 384/4263/1140 378/4209/1050
f 402/3849/833 372/3903/695 391/3808/124
f 431/4529/909 309/4530/759 359/4463/180
f 351/2171/799 392/2201/439 431/2157/909
f 361/2192/321 318/2169/441 404/2229/783
f 361/2192/321 404/2229/783 415/2242/882
f 370/190/525 368/191/549 392/154/439
f 371/886/594 453/943/1141 366/900/478
f 374/254/610 411/282/1104 376/291/280
f 376/4944/280 373/5011/674 398/4945/555
f 460/987/1204 454/962/1164 330/885/348
f 393/375/790 326/315/536 397/379/645
f 334/905/589 426/978/712 410/961/871
f 220/602/754 432/648/1158 473/571/1064
f 424/1257/980 209/1271/469 427/1170/822
f 391/933/124 383/947/1156 405/927/239
f 405/927/239 383/947/1156 402/948/833
f 377/2154/879 382/2215/1103 480/2164/750
f 504/3185/704 352/3187/639 412/3238/845
f 431/1500/909 380/1459/626 349/1484/385
f 431/2131/909 359/2132/180 466/2079/733
f 399/4711/427 309/4656/759 431/4655/909
f 368/191/549 431/146/909 392/154/439
f 375/2704/1008 386/2736/923 370/2701/525
f 446/542/895 364/470/202 430/504/455
f 373/2839/674 376/2875/280 411/2901/1104
f 343/2787/881 421/2789/489 422/2825/190
f 385/931/638 366/900/478 443/954/1083
f 353/919/506 226/790/527 416/989/575
f 267/2634/545 301/2586/579 477/2641/722
f 432/648/1158 224/746/763 429/866/1143
f 507/2955/511 451/2982/587 316/2911/493
f 507/2955/511 316/2911/493 463/2887/785
f 433/2334/840 357/2335/380 386/2294/923
f 440/4136/1075 431/4137/909 368/4027/549
f 361/2192/321 414/2241/1177 400/2222/1022
f 368/1423/549 396/1389/824 428/1395/803
f 375/4833/1008 408/4832/774 386/4927/923
f 408/5002/774 375/5006/1008 400/4929/1022
f 398/3105/555 396/3139/824 376/3106/280
f 411/282/1104 374/254/610 436/249/1123
f 321/2163/426 387/2214/338 475/2276/1172
f 464/2505/631 343/2506/881 422/2469/190
f 438/2885/117 373/2839/674 411/2901/1104
f 418/395/592 389/365/703 337/325/245
f 449/426/1069 418/395/592 337/325/245
f 317/2815/236 394/2867/1223 492/2831/664
f 357/2249/380 413/2221/200 452/2250/662
f 404/2202/783 413/2221/200 357/2249/380
f 415/2898/882 357/2899/380 433/2873/840
f 415/4519/882 404/4580/783 357/4520/380
f 370/4345/525 392/4214/439 440/4303/1075
f 361/2192/321 415/2242/882 423/2246/781
f 361/2192/321 423/2246/781 414/2241/1177
f 414/4874/1177 386/4927/923 408/4832/774
f 407/526/918 400/545/1022 375/546/1008
f 446/503/895 407/526/918 375/546/1008
f 436/249/1123 374/254/610 401/234/460
f 387/679/338 400/678/1022 407/698/918
f 453/943/1141 443/954/1083 366/900/478
f 398/3105/555 438/3132/117 481/3165/1115
f 449/426/1069 337/325/245 393/375/790
f 397/379/645 439/423/792 393/375/790
f 480/2164/750 382/2215/1103 504/2216/704
f 504/3346/704 382/3392/1103 352/3347/639
f 402/3849/833 478/3871/855 372/3903/695
f 440/1422/1075 368/1423/549 428/1395/803
f 400/4929/1022 419/5005/457 408/5002/774
f 411/2151/1104 428/2186/803 396/2152/824
f 375/2323/1008 370/2286/525 457/2325/966
f 419/765/457 407/751/918 446/764/895
f 411/4689/1104 396/4742/824 398/4743/555
f 407/2230/918 475/2276/1172 387/2214/338
f 353/919/506 416/989/575 434/997/738
f 477/2641/722 301/2586/579 410/2593/871
f 332/373/612 317/297/236 492/280/664
f 441/4884/728 391/4852/124 405/4820/239
f 524/2890/366 463/2887/785 377/2818/879
f 391/3808/124 447/3821/826 402/3849/833
f 380/1459/626 431/1500/909 466/1455/733
f 413/4387/200 415/4374/882 433/4446/840
f 386/469/923 414/458/1177 433/468/840
f 414/2241/1177 419/2243/457 400/2222/1022
f 442/418/1166 395/369/766 389/365/703
f 435/3274/862 436/3251/1123 401/3303/460
f 455/425/1116 389/365/703 418/395/592
f 321/2163/426 475/2276/1172 462/2269/990
f 321/4700/426 462/4699/990 430/4758/455
f 450/995/894 390/958/618 434/997/738
f 405/2351/239 402/2356/833 447/2368/826
f 371/1955/594 437/1991/758 453/1956/1141
f 413/4387/200 433/4446/840 452/4447/662
f 392/4214/439 445/4213/539 440/4303/1075
f 414/1528/1177 423/1534/781 433/1529/840
f 414/4874/1177 408/4832/774 425/4836/95
f 414/1573/1177 425/1571/95 419/1572/457
f 407/2230/918 419/2243/457 475/2276/1172
f 411/3138/1104 398/3105/555 481/3165/1115
f 417/3192/950 403/3199/906 460/3231/1204
f 385/931/638 443/954/1083 456/984/1136
f 506/537/1107 500/494/1051 183/523/793
f 199/1078/615 484/1047/1039 506/1105/1107
f 424/3207/980 473/3262/1064 432/3222/1158
f 483/2352/1082 405/2351/239 447/2368/826
f 472/716/748 402/724/833 459/670/554
f 499/2102/584 471/2134/896 388/2105/656
f 482/450/836 412/386/845 395/369/766
f 467/2219/982 413/2221/200 404/2202/783
f 437/4625/758 380/4544/626 466/4543/733
f 413/2239/200 467/2275/982 415/2242/882
f 437/3724/758 482/3757/836 453/3707/1141
f 437/3230/758 466/3214/733 487/3190/850
f 467/2233/982 452/2213/662 433/2212/840
f 395/1965/766 442/1982/1166 453/2002/1141
f 370/1061/525 440/1082/1075 494/1051/65
f 433/397/840 423/388/781 425/396/95
f 423/388/781 419/394/457 425/396/95
f 433/1295/840 425/1305/95 408/1296/774
f 433/4029/840 408/3988/774 446/4032/895
f 446/1175/895 408/1174/774 419/1187/457
f 428/3798/803 436/3733/1123 440/3797/1075
f 375/4721/1008 436/4782/1123 435/4722/862
f 461/518/1060 446/542/895 430/504/455
f 442/418/1166 389/365/703 455/425/1116
f 422/3705/190 401/3712/460 464/3764/631
f 422/2825/190 421/2789/489 497/2847/537
f 418/395/592 449/426/1069 455/425/1116
f 450/995/894 460/987/1204 381/924/650
f 484/3249/1039 420/3213/998 458/3263/943
f 420/3213/998 429/3233/1143 458/3263/943
f 424/3207/980 429/3233/1143 420/3213/998
f 447/4723/826 391/4791/124 441/4794/728
f 405/4820/239 483/4819/1082 441/4884/728
f 404/2202/783 409/2172/924 471/2134/896
f 453/422/1141 482/450/836 395/369/766
f 423/2246/781 415/2242/882 467/2275/982
f 466/2220/733 399/2183/427 428/2186/803
f 419/2243/457 423/2246/781 467/2275/982
f 457/3053/966 436/3027/1123 375/3026/1008
f 464/3764/631 401/3712/460 375/3763/1008
f 435/2878/862 401/2871/460 411/2905/1104
f 481/2872/1115 435/2878/862 411/2905/1104
f 462/4212/990 444/4176/595 430/4175/455
f 438/4368/117 465/4338/875 448/4337/563
f 449/426/1069 393/375/790 456/437/1136
f 518/1048/1021 450/995/894 434/997/738
f 424/1257/980 427/1170/822 473/1173/1064
f 424/3207/980 432/3222/1158 429/3233/1143
f 441/4794/728 501/4724/547 447/4723/826
f 483/688/1082 472/716/748 459/670/554
f 487/3190/850 431/3171/909 437/3230/758
f 356/2271/570 452/2250/662 445/2291/539
f 445/1074/539 431/1040/909 440/1039/1075
f 454/962/1164 471/974/896 409/920/924
f 388/673/656 471/723/896 454/674/1164
f 403/3199/906 388/3191/656 454/3253/1164
f 370/2286/525 494/2285/65 457/2325/966
f 490/1793/449 436/1792/1123 428/1811/803
f 490/1719/449 469/1690/1037 436/1718/1123
f 419/2243/457 467/2275/982 475/2276/1172
f 469/2203/1037 428/2186/803 411/2151/1104
f 436/249/1123 469/294/1037 411/282/1104
f 406/1569/535 417/1576/950 548/1676/1081
f 552/1088/1061 518/1048/1021 434/997/738
f 483/1003/1082 447/1002/826 472/1015/748
f 467/2219/982 404/2202/783 471/2134/896
f 399/737/427 431/762/909 487/784/850
f 443/1999/1083 453/2002/1141 442/1982/1166
f 490/780/449 428/738/803 487/784/850
f 436/4767/1123 457/4673/966 468/4763/713
f 468/4215/713 375/4296/1008 435/4297/862
f 435/4297/862 465/4277/875 468/4215/713
f 411/3215/1104 468/3256/713 465/3257/875
f 464/1874/631 375/1932/1008 468/1933/713
f 411/3215/1104 401/3194/460 468/3256/713
f 468/2874/713 401/2860/460 422/2825/190
f 455/1973/1116 456/1988/1136 443/1999/1083
f 438/2885/117 411/2901/1104 465/2933/875
f 460/3231/1204 403/3199/906 454/3253/1164
f 461/518/1060 430/504/455 444/409/595
f 449/1964/1069 456/1988/1136 455/1973/1116
f 450/3237/894 417/3192/950 460/3231/1204
f 476/3108/921 519/3161/1185 365/3141/718
f 458/1100/943 219/1098/675 500/1052/1051
f 356/2271/570 357/2249/380 452/2250/662
f 494/5020/65 445/4963/539 452/5019/662
f 487/784/850 428/738/803 399/737/427
f 428/2186/803 469/2203/1037 466/2220/733
f 475/3816/1172 446/3857/895 461/3832/1060
f 498/4672/418 468/4763/713 457/4673/966
f 442/1982/1166 455/1973/1116 443/1999/1083
f 462/3801/990 475/3816/1172 461/3832/1060
f 481/3165/1115 438/3132/117 448/3080/563
f 410/961/871 426/978/712 477/1012/722
f 332/373/612 492/280/664 495/349/644
f 459/407/554 332/373/612 495/349/644
f 472/883/748 447/881/826 501/880/547
f 402/3849/833 472/3828/748 478/3871/855
f 412/442/845 482/480/836 547/563/872
f 537/2196/369 452/2250/662 467/2219/982
f 537/2196/369 467/2219/982 471/2134/896
f 467/4067/982 433/4029/840 446/4032/895
f 475/4066/1172 467/4067/982 446/4032/895
f 498/3196/418 464/3227/631 468/3197/713
f 465/2011/875 481/1983/1115 448/2010/563
f 444/3858/595 462/3801/990 461/3832/1060
f 518/1048/1021 417/965/950 450/995/894
f 531/3286/1046 456/3321/1136 393/3287/790
f 385/931/638 456/984/1136 531/1062/1046
f 426/978/712 385/931/638 571/1092/1090
f 212/3499/665 473/3468/1064 476/3506/921
f 483/4819/1082 501/4853/547 441/4884/728
f 478/1476/855 472/1488/748 486/1474/1099
f 431/2977/909 445/2928/539 521/2976/685
f 494/2939/65 521/2976/685 445/2928/539
f 493/1343/841 487/1357/850 466/1344/733
f 521/1083/685 494/1051/65 440/1082/1075
f 493/2244/841 466/2220/733 490/2224/449
f 457/4166/966 521/4165/685 440/4237/1075
f 490/2224/449 466/2220/733 469/2203/1037
f 436/2912/1123 468/2874/713 440/2958/1075
f 509/2904/149 468/2874/713 422/2825/190
f 497/2847/537 509/2904/149 422/2825/190
f 515/2073/1129 495/2039/644 492/2111/664
f 480/4269/750 496/4336/211 511/4270/627
f 491/854/1019 480/872/750 504/855/704
f 489/1441/939 483/1466/1082 459/1447/554
f 489/1441/939 478/1476/855 486/1474/1099
f 494/2285/65 516/2302/410 457/2325/966
f 440/4882/1075 498/4881/418 457/4924/966
f 508/4583/971 465/4541/875 435/4477/862
f 520/352/756 435/389/862 481/336/1115
f 518/3395/1021 548/3447/1081 417/3462/950
f 362/1536/572 406/1569/535 548/1676/1081
f 567/531/1038 439/423/792 397/379/645
f 427/1170/822 519/1139/1185 473/1173/1064
f 472/3889/748 501/3845/547 517/3888/138
f 498/2691/418 488/2759/825 464/2713/631
f 470/3456/814 532/3527/1135 421/3504/489
f 501/41/547 483/40/1082 474/10/88
f 486/153/1099 472/144/748 517/143/138
f 459/4007/554 474/3943/88 489/4006/939
f 474/1489/88 483/1466/1082 486/1474/1099
f 486/4431/1099 550/4503/972 474/4504/88
f 489/4006/939 474/3943/88 550/3942/972
f 489/1441/939 486/1474/1099 483/1466/1082
f 514/2495/354 491/2464/1019 504/2518/704
f 503/2344/325 489/2362/939 550/2342/972
f 478/2332/855 489/2362/939 503/2344/325
f 547/3226/872 504/3185/704 412/3238/845
f 437/459/758 431/457/909 544/562/257
f 521/498/685 457/497/966 516/550/410
f 509/2904/149 440/2958/1075 468/2874/713
f 531/507/1046 393/375/790 439/423/792
f 571/1092/1090 385/931/638 531/1062/1046
f 484/1110/1039 458/1100/943 500/1052/1051
f 526/3741/247 451/3689/587 555/3690/432
f 533/3008/298 451/2982/587 507/2955/511
f 463/1493/785 495/1492/644 507/1538/511
f 496/4055/211 480/4118/750 514/4099/354
f 474/4435/88 607/4434/417 495/4491/644
f 459/3285/554 607/3284/417 474/3329/88
f 486/4030/1099 607/4102/417 459/4103/554
f 528/2478/512 491/2464/1019 514/2495/354
f 459/4484/554 550/4483/972 486/4558/1099
f 544/562/257 482/480/836 437/459/758
f 544/562/257 431/457/909 537/549/369
f 505/1241/438 516/1299/410 452/1242/662
f 520/2253/756 493/2244/841 490/2224/449
f 520/5009/756 487/4941/850 493/5008/841
f 508/1312/971 435/1330/862 520/1331/756
f 440/4646/1075 509/4705/149 498/4647/418
f 481/4584/1115 465/4541/875 508/4583/971
f 540/2837/735 497/2847/537 421/2789/489
f 540/1093/735 421/1094/489 532/1071/1135
f 434/997/738 416/989/575 560/1099/1105
f 536/1327/270 479/1326/522 513/1351/767
f 515/805/1129 492/818/664 529/819/288
f 495/1253/644 463/1397/785 527/1349/275
f 517/1887/138 502/1914/335 485/1934/38
f 517/4402/138 501/4403/547 510/4364/269
f 503/2370/325 607/2388/417 486/2389/1099
f 607/772/417 503/771/325 550/787/972
f 499/2279/584 478/2332/855 503/2344/325
f 547/563/872 482/480/836 544/562/257
f 516/4194/410 494/4129/65 452/4128/662
f 490/2224/449 508/2234/971 520/2253/756
f 490/2638/449 487/2625/850 508/2624/971
f 573/1123/1028 560/1099/1105 416/989/575
f 479/1188/522 492/1211/664 308/1135/505
f 495/1492/644 525/1540/371 507/1538/511
f 527/1349/275 463/1397/785 524/1406/366
f 502/1914/335 556/1903/726 572/1925/510
f 502/1914/335 572/1925/510 485/1934/38
f 572/2023/510 522/2045/673 485/2024/38
f 502/4492/335 522/4457/673 556/4512/726
f 517/2065/138 485/2024/38 522/2045/673
f 542/2669/891 522/2668/673 502/2684/335
f 524/2890/366 377/2818/879 480/2830/750
f 501/2694/547 542/2669/891 502/2684/335
f 502/4346/335 510/4364/269 501/4403/547
f 517/1404/138 522/1392/673 534/1391/999
f 534/1391/999 538/1403/708 517/1404/138
f 550/411/972 459/407/554 495/349/644
f 471/2134/896 499/2102/584 538/2112/708
f 431/2453/909 521/2397/685 537/2452/369
f 509/4510/149 497/4453/537 549/4452/1071
f 255/1405/546 565/1680/1072 581/1697/1080
f 477/1012/722 426/978/712 586/1112/1078
f 484/339/1039 500/387/1051 506/344/1107
f 519/3505/1185 476/3506/921 473/3468/1064
f 576/1446/317 536/1503/270 513/1504/767
f 451/1731/587 526/1653/247 539/1721/658
f 492/3873/664 583/3926/425 308/3927/505
f 507/1596/511 525/1637/371 527/1632/275
f 512/3964/753 522/3984/673 542/3985/891
f 542/3985/891 510/3947/269 512/3964/753
f 502/4346/335 512/4353/753 510/4364/269
f 512/1909/753 502/1914/335 517/1887/138
f 550/248/972 512/247/753 517/265/138
f 550/4096/972 517/4095/138 510/4154/269
f 517/143/138 503/162/325 486/153/1099
f 499/2279/584 517/2319/138 538/2295/708
f 503/2344/325 517/2319/138 499/2279/584
f 487/4193/850 530/4178/1171 508/4275/971
f 521/3543/685 516/3632/410 509/3585/149
f 530/335/1171 520/352/756 481/336/1115
f 535/1060/962 470/1041/814 488/1064/825
f 552/1088/1061 434/997/738 560/1099/1105
f 565/1680/1072 362/1536/572 548/1676/1081
f 513/2479/767 451/2435/587 539/2409/658
f 523/834/956 507/843/511 524/844/366
f 507/1596/511 527/1632/275 524/1597/366
f 529/1255/288 495/1253/644 527/1349/275
f 495/1253/644 529/1255/288 474/1222/88
f 542/4155/891 550/4096/972 510/4154/269
f 511/2838/627 524/2890/366 480/2830/750
f 504/4056/704 496/4055/211 514/4099/354
f 514/4715/354 480/4686/750 610/4685/744
f 480/4762/750 528/4714/512 610/4761/744
f 541/853/869 550/870/972 495/871/644
f 505/290/438 537/316/369 521/317/685
f 530/335/1171 487/410/850 520/352/756
f 521/4054/685 509/4053/149 549/4104/1071
f 498/2691/418 551/2698/1047 488/2759/825
f 397/379/645 477/453/722 567/531/1038
f 492/2831/664 394/2867/1223 639/2884/764
f 515/2073/1129 525/2061/371 495/2039/644
f 572/2023/510 587/2044/347 522/2045/673
f 599/9/521 542/48/891 501/41/547
f 607/4257/417 541/4343/869 495/4258/644
f 509/3585/149 516/3632/410 498/3622/418
f 551/2698/1047 498/2691/418 516/2588/410
f 481/4775/1115 508/4716/971 530/4774/1171
f 531/507/1046 439/423/792 567/531/1038
f 513/1504/767 515/1480/1129 576/1446/317
f 587/4451/347 556/4512/726 522/4457/673
f 522/269/673 512/281/753 550/271/972
f 590/4313/1052 511/4270/627 496/4336/211
f 528/2478/512 514/2495/354 590/2510/1052
f 537/2196/369 471/2134/896 538/2112/708
f 521/4607/685 543/4493/1228 505/4513/438
f 567/531/1038 477/453/722 586/559/1078
f 526/1653/247 570/1652/916 539/1721/658
f 513/2135/767 539/2121/658 515/2073/1129
f 515/2073/1129 539/2121/658 525/2061/371
f 525/244/371 539/287/658 614/288/452
f 599/9/521 501/41/547 474/10/88
f 524/2890/366 511/2838/627 595/2913/641
f 514/4892/354 511/4827/627 590/4826/1052
f 595/2913/641 511/2838/627 514/2817/354
f 528/2478/512 590/2510/1052 610/2481/744
f 505/2277/438 452/2250/662 537/2196/369
f 549/940/1071 497/941/537 559/889/944
f 488/2759/825 551/2698/1047 845/2796/424
f 479/3841/522 536/3796/270 577/3850/515
f 451/2841/587 533/2919/298 523/2842/956
f 590/4744/1052 496/4745/211 504/4671/704
f 547/3599/872 563/3623/302 546/3679/32
f 535/1487/962 488/1469/825 845/1468/424
f 577/1134/515 529/1302/288 492/1211/664
f 613/4373/573 515/4372/1129 529/4443/288
f 524/2890/366 595/2913/641 523/2918/956
f 563/3623/302 547/3599/872 544/3598/257
f 538/158/708 564/170/422 537/159/369
f 564/170/422 554/206/409 537/159/369
f 554/206/409 558/187/520 537/159/369
f 535/1060/962 532/1042/1135 470/1041/814
f 548/3447/1081 518/3395/1021 552/3393/1061
f 613/1283/573 529/1255/288 527/1349/275
f 610/2843/744 595/2913/641 514/2817/354
f 538/31/708 534/45/999 522/32/673
f 537/3408/369 557/3444/453 544/3409/257
f 563/3623/302 544/3598/257 561/3646/60
f 543/3435/1228 521/3436/685 549/3410/1071
f 557/1275/453 516/1299/410 544/1251/257
f 544/1251/257 516/1299/410 505/1241/438
f 545/205/93 558/187/520 554/206/409
f 543/1120/1228 544/1149/257 505/1121/438
f 516/1444/410 557/1443/453 543/1478/1228
f 557/175/453 545/205/93 543/186/1228
f 516/2588/410 543/2596/1228 551/2698/1047
f 535/1400/962 559/1401/944 532/1372/1135
f 583/4407/425 492/4425/664 593/4359/291
f 507/1009/511 523/969/956 591/968/137
f 533/2919/298 591/2945/137 523/2842/956
f 539/634/658 576/579/317 613/591/573
f 580/2078/977 538/2090/708 569/2067/273
f 569/2067/273 538/2090/708 522/2045/673
f 600/240/773 537/266/369 558/241/520
f 546/3679/32 563/3623/302 592/3666/1079
f 592/1125/1079 561/1177/60 546/1116/32
f 561/1968/60 579/1995/391 546/1954/32
f 568/4534/1091 545/4494/93 554/4514/409
f 574/4549/1109 545/4494/93 568/4534/1091
f 492/1211/664 479/1188/522 577/1134/515
f 555/2383/432 451/2384/587 575/2333/829
f 593/1216/291 529/1302/288 577/1134/515
f 539/634/658 613/591/573 614/633/452
f 613/1379/573 576/1446/317 515/1480/1129
f 525/244/371 614/288/452 527/235/275
f 550/3090/972 538/3024/708 580/3057/977
f 504/3185/704 547/3226/872 590/3182/1052
f 564/1636/422 538/1613/708 608/1616/49
f 546/585/32 590/595/1052 547/586/872
f 600/1671/773 557/1717/453 537/1678/369
f 574/1126/1109 544/1149/257 543/1120/1228
f 564/2974/422 568/2938/1091 554/2947/409
f 558/187/520 545/205/93 557/175/453
f 566/4815/646 546/4779/32 579/4814/391
f 531/4119/1046 567/4135/1038 571/4062/1090
f 586/1112/1078 426/978/712 571/1092/1090
f 581/3450/1080 560/3413/1105 573/3411/1028
f 591/2945/137 533/2919/298 575/2950/829
f 639/3837/764 593/3902/291 492/3838/664
f 308/3564/505 583/3521/425 639/3563/764
f 308/3332/505 639/3333/764 394/3306/1223
f 599/1215/521 474/1222/88 529/1255/288
f 688/1273/969 527/1349/275 614/1348/452
f 599/9/521 607/57/417 542/48/891
f 569/3151/273 522/3128/673 550/3127/972
f 617/4341/870 528/4405/512 480/4342/750
f 491/2758/1019 617/2702/870 480/2793/750
f 578/2749/848 561/2730/60 544/2729/257
f 574/1315/1109 578/1316/848 544/1291/257
f 563/3827/302 590/3848/1052 566/3731/646
f 568/2938/1091 564/2974/422 558/2953/520
f 566/3731/646 592/3802/1079 563/3827/302
f 557/2956/453 574/2925/1109 558/2953/520
f 566/3992/646 590/3918/1052 546/3917/32
f 574/2925/1109 568/2938/1091 558/2953/520
f 579/3774/391 592/3802/1079 566/3731/646
f 543/4495/1228 545/4494/93 574/4549/1109
f 497/941/537 532/901/1135 559/889/944
f 552/3393/1061 565/3461/1072 548/3447/1081
f 586/4063/1078 571/4062/1090 567/4135/1038
f 451/2384/587 523/2281/956 575/2333/829
f 603/4182/705 523/4183/956 595/4105/641
f 628/4817/915 569/4899/273 550/4818/972
f 528/4405/512 617/4341/870 598/4406/755
f 528/2478/512 598/2465/755 491/2464/1019
f 557/2956/453 578/2975/848 574/2925/1109
f 551/4092/1047 543/4151/1228 549/4070/1071
f 551/1364/1047 559/1342/944 845/1363/424
f 560/3413/1105 565/3461/1072 552/3393/1061
f 624/212/497 555/213/432 570/197/916
f 539/3014/658 570/3046/916 555/3015/432
f 575/4771/829 539/4710/658 555/4709/432
f 539/756/658 623/718/433 576/755/317
f 588/1691/402 575/1712/829 533/1698/298
f 591/2757/137 575/2764/829 601/2803/651
f 523/2281/956 601/2299/651 575/2333/829
f 588/4687/402 601/4585/651 523/4649/956
f 601/3006/651 533/3008/298 507/2955/511
f 603/1031/705 588/1032/402 523/966/956
f 628/4511/915 556/4512/726 587/4451/347
f 580/2078/977 569/2067/273 587/2044/347
f 557/1717/453 600/1671/773 578/1772/848
f 561/1968/60 578/1953/848 579/1995/391
f 551/4092/1047 549/4070/1071 559/4069/944
f 565/3461/1072 560/3413/1105 581/3450/1080
f 553/3929/1 612/3944/299 650/4001/436
f 577/578/515 589/609/490 576/635/317
f 624/2402/497 594/2436/165 555/2403/432
f 594/717/165 624/701/497 539/756/658
f 623/718/433 593/748/291 576/755/317
f 593/4638/291 577/4703/515 576/4704/317
f 594/717/165 539/756/658 575/729/829
f 601/2960/651 588/2931/402 533/2959/298
f 601/3006/651 507/2955/511 603/2935/705
f 603/2706/705 507/2707/511 591/2664/137
f 613/1283/573 527/1349/275 688/1273/969
f 600/1671/773 564/1636/422 608/1616/49
f 579/4168/391 578/4167/848 596/4207/1074
f 585/1263/102 627/1306/284 621/1311/306
f 602/3463/300 582/3403/21 584/3412/174
f 903/2003/217 535/2004/962 845/1984/424
f 669/481/57 562/428/25 606/399/206
f 593/4536/291 623/4537/433 589/4593/490
f 594/1714/165 575/1712/829 588/1691/402
f 591/534/137 601/501/651 594/532/165
f 591/534/137 594/532/165 588/538/402
f 529/1302/288 593/1216/291 639/1285/764
f 639/4849/764 583/4848/425 620/4936/294
f 588/538/402 603/539/705 591/534/137
f 628/1886/915 572/1925/510 556/1903/726
f 542/48/891 607/57/417 550/66/972
f 656/1974/491 541/1975/869 607/1966/417
f 550/3311/972 541/3258/869 656/3298/491
f 590/846/1052 598/812/755 610/825/744
f 656/3298/491 538/3379/708 550/3311/972
f 563/1869/302 561/1810/60 625/1823/593
f 564/1636/422 600/1671/773 558/1657/520
f 615/1165/727 555/1225/432 594/1151/165
f 587/2044/347 572/2023/510 654/2064/984
f 628/4959/915 587/5023/347 569/4960/273
f 660/2660/131 617/2702/870 491/2758/1019
f 590/846/1052 491/800/1019 598/812/755
f 596/4260/1074 625/4328/593 561/4329/60
f 561/1177/60 592/1125/1079 596/1153/1074
f 616/2606/307 553/2632/1 609/2633/205
f 609/390/205 553/421/1 632/359/462
f 679/577/957 576/635/317 589/609/490
f 605/4746/857 624/4683/497 570/4682/916
f 605/1198/857 555/1225/432 615/1165/727
f 539/756/658 624/701/497 623/718/433
f 594/1151/165 601/1113/651 615/1165/727
f 583/4407/425 593/4359/291 620/4424/294
f 599/1321/521 529/1302/288 639/1285/764
f 603/2935/705 634/2999/920 601/3006/651
f 538/3379/708 656/3298/491 608/3371/49
f 579/3752/391 596/3732/1074 643/3748/667
f 584/2613/174 582/2521/21 631/2575/477
f 532/3896/1135 497/3865/537 807/3864/1231
f 612/2369/299 553/2367/1 616/2345/307
f 650/320/436 632/359/462 553/421/1
f 526/3741/247 555/3690/432 642/3740/693
f 570/1652/916 526/1653/247 642/1608/693
f 577/578/515 649/598/689 589/609/490
f 589/2252/490 620/2251/294 593/2265/291
f 613/3101/573 655/3054/1118 614/3020/452
f 634/2999/920 603/2935/705 611/2942/164
f 595/4663/641 634/4662/920 611/4750/164
f 622/1237/381 604/1310/207 608/1254/49
f 590/1898/1052 563/1869/302 625/1823/593
f 596/2350/1074 578/2375/848 625/2376/593
f 643/1115/667 596/1153/1074 592/1125/1079
f 584/791/174 644/810/484 602/831/300
f 619/4717/224 606/4828/206 562/4829/25
f 679/3795/957 577/3850/515 536/3796/270
f 638/1200/383 555/1225/432 605/1198/857
f 589/609/490 649/598/689 620/640/294
f 623/4537/433 679/4535/957 589/4593/490
f 605/3418/857 615/3382/727 624/3417/497
f 595/690/641 611/665/164 672/689/1180
f 603/4182/705 595/4105/641 672/4174/1180
f 580/2078/977 587/2044/347 622/2091/381
f 633/2432/264 582/2521/21 597/2408/152
f 616/693/307 609/658/205 618/697/150
f 562/1622/25 756/1705/585 619/1661/224
f 679/1378/957 536/1503/270 576/1446/317
f 570/910/916 638/894/383 605/898/857
f 658/911/379 638/894/383 570/910/916
f 672/2591/1180 611/2614/164 641/2580/1188
f 617/2702/870 696/2693/1206 595/2739/641
f 617/5017/870 595/4967/641 598/4966/755
f 580/2078/977 622/2091/381 608/2117/49
f 628/3089/915 550/3090/972 580/3057/977
f 640/1746/393 590/1778/1052 633/1776/264
f 653/1428/552 597/1384/152 582/1383/21
f 582/3403/21 602/3463/300 653/3464/552
f 609/658/205 630/653/176 618/697/150
f 619/1820/224 626/1789/166 606/1797/206
f 642/3740/693 555/3690/432 675/3688/892
f 648/1426/445 668/1396/770 601/1417/651
f 639/1285/764 673/1360/874 599/1321/521
f 696/2693/1206 634/2792/920 595/2739/641
f 628/4904/915 654/4973/984 572/4974/510
f 640/1746/393 633/1776/264 703/1723/507
f 592/3818/1079 625/3744/593 643/3787/667
f 627/1306/284 585/1263/102 608/1254/49
f 582/2521/21 633/2432/264 631/2575/477
f 630/653/176 629/696/169 618/697/150
f 635/1821/192 626/1789/166 619/1820/224
f 675/1224/892 555/1225/432 638/1200/383
f 679/95/957 620/94/294 637/117/161
f 620/4912/294 649/4951/689 637/4913/161
f 620/2446/294 679/2447/957 623/2400/433
f 624/4198/497 615/4146/727 638/4145/383
f 652/26/846 620/58/294 623/12/433
f 598/1501/755 595/1440/641 671/1439/486
f 667/1787/714 628/1819/915 580/1788/977
f 660/1700/131 491/1777/1019 590/1778/1052
f 656/3298/491 667/3328/714 608/3371/49
f 608/1254/49 604/1310/207 627/1306/284
f 647/2059/530 608/2228/49 585/2047/102
f 644/2602/484 584/2613/174 631/2575/477
f 638/120/383 658/137/379 624/138/497
f 652/1414/846 623/1415/433 649/1390/689
f 668/1129/770 615/1165/727 601/1113/651
f 587/2044/347 654/2064/984 622/2091/381
f 703/2760/507 597/2705/152 653/2677/552
f 671/2680/486 617/2702/870 660/2660/131
f 660/799/131 610/825/744 598/812/755
f 598/1501/755 671/1439/486 660/1481/131
f 667/3870/714 580/3869/977 608/3909/49
f 647/3628/530 585/3626/102 621/3709/306
f 629/2260/169 694/2270/614 618/2324/150
f 637/1398/161 649/1390/689 623/1415/433
f 651/1182/1058 638/1200/383 615/1165/727
f 696/2573/1206 672/2591/1180 634/2563/920
f 628/5014/915 607/4988/417 654/4987/984
f 671/2900/486 595/2913/641 610/2843/744
f 607/2846/417 628/2798/915 656/2855/491
f 628/1819/915 667/1787/714 674/1831/562
f 597/2408/152 703/2414/507 633/2432/264
f 660/1700/131 590/1778/1052 640/1746/393
f 590/1898/1052 625/1823/593 666/1849/327
f 609/390/205 778/309/599 630/438/176
f 658/1630/379 570/1652/916 642/1608/693
f 662/148/1200 637/176/161 623/179/433
f 657/1161/807 651/1182/1058 615/1165/727
f 668/1486/770 657/1470/807 615/1485/727
f 623/718/433 624/701/497 657/672/807
f 648/1426/445 781/1419/277 668/1396/770
f 613/1380/573 664/1451/1163 655/1402/1118
f 603/2622/705 641/2580/1188 611/2614/164
f 641/2580/1188 634/2563/920 672/2591/1180
f 696/2693/1206 617/2702/870 671/2680/486
f 628/2798/915 674/2778/562 656/2855/491
f 666/1849/327 633/1923/264 590/1898/1052
f 592/3995/1079 661/3923/687 625/3996/593
f 661/3793/687 592/3800/1079 579/3752/391
f 676/903/827 653/1005/552 602/831/300
f 715/3546/887 646/3631/40 636/3590/94
f 747/333/561 630/438/176 778/309/599
f 669/481/57 797/439/580 695/511/352
f 698/3847/967 577/3850/515 679/3795/957
f 649/598/689 577/578/515 698/599/967
f 675/1224/892 638/1200/383 651/1182/1058
f 657/826/807 624/827/497 651/814/1058
f 624/4398/497 658/4455/379 651/4399/1058
f 639/4821/764 620/4753/294 687/4752/711
f 648/4324/445 601/4351/651 634/4394/920
f 688/3514/969 664/3592/1163 613/3596/573
f 667/2114/714 622/2091/381 654/2064/984
f 674/638/562 667/621/714 654/608/984
f 626/1640/166 635/1595/192 706/1594/78
f 669/481/57 606/399/206 797/439/580
f 700/3734/1067 642/3740/693 675/3688/892
f 679/152/957 637/176/161 665/155/607
f 665/155/607 637/176/161 662/148/1200
f 675/2823/892 651/2822/1058 658/2852/379
f 623/718/433 657/672/807 662/691/1200
f 634/876/920 641/856/1188 685/863/250
f 607/57/417 599/9/521 674/25/562
f 640/835/393 610/825/744 660/799/131
f 643/3787/667 625/3744/593 749/3751/838
f 666/4140/327 645/4082/142 682/4097/518
f 579/3752/391 643/3748/667 661/3793/687
f 608/2228/49 647/2059/530 690/2237/605
f 636/3569/94 646/3526/40 681/3539/528
f 618/2324/150 831/2254/661 616/2345/307
f 698/3343/967 665/3386/607 649/3344/689
f 662/2570/1200 649/2569/689 665/2584/607
f 675/4569/892 658/4500/379 657/4528/807
f 652/4261/846 649/4327/689 670/4243/112
f 670/5024/112 649/4992/689 662/4991/1200
f 655/1402/1118 664/1451/1163 662/1475/1200
f 639/1352/764 702/1353/1197 664/1335/1163
f 641/856/1188 603/850/705 685/863/250
f 674/3673/562 654/3736/984 607/3674/417
f 640/1746/393 671/1704/486 610/1747/744
f 713/4845/1048 682/4768/518 645/4795/142
f 621/763/306 678/629/745 766/757/564
f 665/1248/607 698/1258/967 670/1268/112
f 698/4660/967 652/4781/846 670/4661/112
f 657/4528/807 668/4568/770 675/4569/892
f 702/1601/1197 652/1600/846 664/1620/1163
f 668/2750/770 634/2727/920 655/2776/1118
f 680/2777/470 668/2750/770 655/2776/1118
f 655/1730/1118 657/1659/807 680/1666/470
f 674/1190/562 599/1215/521 673/1235/874
f 749/1824/838 625/1823/593 578/1772/848
f 625/4969/593 661/4968/687 645/5026/142
f 633/2432/264 712/2431/550 631/2575/477
f 621/763/306 627/610/284 678/629/745
f 540/1093/735 532/1071/1135 807/1091/1231
f 752/3568/831 636/3569/94 681/3539/528
f 685/3125/250 675/3176/892 668/3117/770
f 657/1483/807 655/1402/1118 662/1475/1200
f 723/2828/1084 655/2868/1118 634/2809/920
f 614/3020/452 655/3054/1118 723/3102/1084
f 614/2631/452 723/2560/1084 719/2645/806
f 750/3586/79 646/3631/40 715/3546/887
f 650/4001/436 612/3944/299 692/3928/358
f 680/1666/470 657/1659/807 689/1643/475
f 652/1482/846 662/1475/1200 664/1451/1163
f 698/1467/967 662/1491/1200 652/1442/846
f 603/850/705 672/823/1180 685/863/250
f 671/1704/486 640/1746/393 703/1723/507
f 732/1773/691 578/1772/848 735/1726/454
f 645/4795/142 661/4844/687 713/4845/1048
f 697/4909/235 650/4910/436 692/4877/358
f 658/1630/379 642/1608/693 689/1643/475
f 657/1659/807 658/1630/379 689/1643/475
f 723/1670/1084 685/1696/250 680/1666/470
f 685/2808/250 723/2828/1084 634/2809/920
f 698/3595/967 664/3592/1163 688/3514/969
f 698/1611/967 702/1654/1197 639/1642/764
f 688/1273/969 614/1348/452 719/1359/806
f 625/3664/593 645/3603/142 686/3637/898
f 686/4322/898 645/4323/142 666/4272/327
f 796/3817/1199 643/3787/667 749/3751/838
f 670/147/112 679/152/957 665/155/607
f 668/510/770 680/485/470 685/509/250
f 662/3716/1200 698/3780/967 688/3781/969
f 736/1521/339 698/1584/967 639/1562/764
f 639/4688/764 664/4618/1163 673/4617/874
f 749/1824/838 578/1772/848 732/1773/691
f 578/1772/848 600/1671/773 735/1726/454
f 600/1671/773 608/1616/49 690/1605/605
f 713/131/1048 661/132/687 686/122/898
f 796/3617/1199 686/3637/898 661/3619/687
f 661/3793/687 643/3748/667 796/3799/1199
f 559/3614/944 535/3574/962 903/3573/217
f 602/831/300 644/810/484 776/817/625
f 647/3628/530 621/3709/306 766/3685/564
f 681/4489/528 750/4488/79 715/4559/887
f 752/4588/831 715/4635/887 636/4589/94
f 705/2810/96 629/2864/169 630/2811/176
f 756/1705/585 562/1622/25 669/1624/57
f 689/1643/475 642/1608/693 700/1615/1067
f 702/2041/1197 736/2025/339 652/2099/846
f 664/985/1163 698/981/967 673/1044/874
f 718/4395/983 648/4324/445 634/4394/920
f 736/4706/339 639/4707/764 687/4654/711
f 633/1923/264 666/1849/327 798/1870/630
f 943/1809/690 619/1661/224 756/1705/585
f 669/370/57 695/372/352 710/267/394
f 634/3453/920 668/3407/770 704/3414/541
f 736/1043/339 673/1044/874 698/981/967
f 672/823/1180 718/842/983 685/863/250
f 604/2936/207 622/3007/381 667/3033/714
f 729/3645/834 625/3664/593 686/3637/898
f 796/3617/1199 729/3645/834 686/3637/898
f 629/2260/169 705/2170/96 741/2178/68
f 747/333/561 705/424/96 630/438/176
f 691/273/19 669/370/57 710/267/394
f 698/1611/967 727/1675/970 702/1654/1197
f 680/1666/470 689/1643/475 723/1670/1084
f 702/2041/1197 673/2026/874 736/2025/339
f 674/2778/562 784/2835/523 656/2855/491
f 631/2575/477 712/2431/550 795/2516/635
f 631/2575/477 716/2595/290 644/2602/484
f 720/3627/66 647/3628/530 766/3685/564
f 707/988/69 714/1001/655 677/977/232
f 943/1809/690 734/1762/286 635/1720/192
f 943/1809/690 635/1720/192 619/1661/224
f 691/1798/19 683/1858/255 708/1855/699
f 945/22/720 650/3/436 697/88/235
f 692/62/358 684/61/17 697/75/235
f 722/3175/1126 675/3176/892 685/3125/250
f 781/1419/277 704/1375/541 668/1396/770
f 718/3452/983 634/3453/920 704/3414/541
f 672/823/1180 719/794/806 718/842/983
f 671/2621/486 672/2591/1180 696/2573/1206
f 674/1190/562 673/1235/874 901/1267/423
f 686/332/898 666/327/327 713/326/1048
f 708/1855/699 684/1881/17 692/2050/358
f 684/2543/17 708/2571/699 683/2572/255
f 691/3772/19 684/3773/17 683/3728/255
f 726/11/419 620/58/294 652/26/846
f 726/417/419 652/376/846 687/341/711
f 781/3994/277 648/3972/445 718/3931/983
f 688/3281/969 679/3334/957 662/3282/1200
f 688/3281/969 727/3372/970 679/3334/957
f 718/842/983 704/868/541 685/863/250
f 719/794/806 672/823/1180 671/795/486
f 769/1022/301 671/1000/486 703/959/507
f 600/1671/773 762/1662/368 728/1699/437
f 676/903/827 602/831/300 776/817/625
f 742/4915/91 750/4961/79 681/4962/528
f 714/4259/655 717/4304/1066 677/4333/232
f 606/1034/206 626/992/166 757/993/569
f 612/2369/299 904/2248/624 692/2390/358
f 710/267/394 684/202/17 691/273/19
f 697/88/235 684/202/17 710/267/394
f 722/440/1126 685/441/250 704/427/541
f 722/1374/1126 704/1375/541 781/1419/277
f 679/171/957 670/178/112 662/172/1200
f 727/2336/970 736/2341/339 687/2392/711
f 769/1452/301 719/1359/806 671/1407/486
f 600/1671/773 728/1699/437 735/1726/454
f 808/2075/677 647/2059/530 720/2042/66
f 646/3631/40 750/3586/79 725/3630/33
f 681/3539/528 646/3526/40 725/3457/33
f 734/1762/286 706/1799/78 635/1720/192
f 831/2254/661 904/2248/624 616/2345/307
f 675/3805/892 722/3782/1126 700/3745/1067
f 702/1654/1197 727/1675/970 687/1664/711
f 719/3727/806 723/3726/1084 718/3807/983
f 688/4542/969 673/4611/874 727/4612/970
f 901/1267/423 673/1235/874 688/1273/969
f 625/1823/593 729/1843/834 666/1849/327
f 762/1617/368 893/1638/187 728/1639/437
f 631/2575/477 795/2516/635 716/2595/290
f 716/4312/290 776/4250/625 644/4249/484
f 677/3359/232 717/3391/1066 707/3364/69
f 741/2178/68 694/2270/614 629/2260/169
f 904/2248/624 612/2369/299 616/2345/307
f 727/4522/970 698/4595/967 679/4523/957
f 689/1643/475 700/1615/1067 723/1670/1084
f 736/2341/339 727/2336/970 792/2308/979
f 792/4651/979 702/4596/1197 687/4650/711
f 755/2723/140 620/2724/294 759/2674/143
f 620/4187/294 755/4186/140 687/4225/711
f 794/2805/377 755/2896/140 659/2897/4
f 667/3328/714 656/3298/491 784/3323/523
f 732/1773/691 735/1726/454 777/1708/1015
f 682/4097/518 798/4081/630 666/4140/327
f 822/999/786 653/1005/552 676/903/827
f 713/4918/1048 666/4847/327 729/4846/834
f 752/4859/831 681/4805/528 774/4804/861
f 1057/166/578 778/309/599 609/390/205
f 722/3782/1126 723/3726/1084 700/3745/1067
f 781/1419/277 817/1410/1014 722/1374/1126
f 687/4018/711 652/3940/846 799/4005/716
f 731/4813/420 663/4756/46 730/4755/413
f 673/4039/874 792/4038/979 727/4098/970
f 702/446/1197 792/489/979 673/490/874
f 794/4366/377 659/4367/4 759/4302/143
f 901/1267/423 688/1273/969 719/1359/806
f 767/1158/279 674/1190/562 901/1267/423
f 600/1671/773 690/1605/605 762/1662/368
f 888/2217/412 690/2237/605 647/2059/530
f 725/815/33 786/836/907 706/923/78
f 734/976/286 714/1001/655 707/988/69
f 626/992/166 706/923/78 757/993/569
f 761/2235/198 694/2270/614 741/2178/68
f 831/2254/661 618/2324/150 694/2270/614
f 726/2662/419 759/2674/143 620/2724/294
f 709/1674/659 663/1651/46 805/1650/118
f 731/4545/420 805/4506/118 663/4505/46
f 723/3726/1084 722/3782/1126 718/3807/983
f 674/2778/562 767/2767/279 784/2835/523
f 941/2854/581 667/2853/714 784/2835/523
f 678/629/745 627/610/284 604/573/207
f 716/3431/290 748/3496/11 737/3432/241
f 737/3432/241 748/3496/11 705/3488/96
f 741/2178/68 705/2170/96 748/2017/11
f 707/3364/69 717/3391/1066 734/3360/286
f 663/3874/46 709/3853/659 701/3885/158
f 687/4225/711 755/4186/140 801/4217/684
f 663/4734/46 701/4806/158 730/4735/413
f 681/4727/528 715/4659/887 774/4726/861
f 786/836/907 725/815/33 720/700/66
f 754/1741/253 725/1742/33 706/1702/78
f 706/2348/78 734/2385/286 717/2386/1066
f 968/182/680 632/359/462 650/320/436
f 792/4401/979 687/4348/711 799/4347/716
f 738/3454/53 763/3397/353 721/3421/179
f 738/3454/53 721/3421/179 745/3491/342
f 789/2712/779 703/2760/507 653/2677/552
f 874/3616/230 559/3614/944 903/3573/217
f 743/1147/103 748/1169/11 716/1114/290
f 725/1779/33 750/1758/79 720/1770/66
f 720/700/66 766/706/564 786/836/907
f 681/3539/528 725/3457/33 742/3507/91
f 744/275/86 699/167/261 753/245/408
f 753/4339/408 699/4408/261 741/4409/68
f 699/3892/261 744/3880/86 741/3840/68
f 722/3289/1126 817/3288/1014 802/3327/858
f 722/3289/1126 802/3327/858 718/3318/983
f 709/1087/659 731/1086/420 730/1109/413
f 802/3884/858 701/3885/158 709/3853/659
f 713/1566/1048 729/1579/834 682/1580/518
f 740/2245/435 690/2237/605 888/2217/412
f 807/2957/1231 497/2847/537 540/2837/735
f 765/1713/529 724/1724/178 750/1758/79
f 717/4304/1066 714/4259/655 754/4332/253
f 706/4473/78 717/4540/1066 754/4436/253
f 714/860/655 734/859/286 754/878/253
f 761/3859/198 741/3840/68 744/3880/86
f 799/4005/716 652/3940/846 736/3939/339
f 785/1080/517 709/1103/659 730/1085/413
f 755/90/140 759/134/143 659/124/4
f 711/2008/63 773/1951/386 751/2007/329
f 755/4748/140 794/4786/377 767/4787/279
f 784/2835/523 767/2767/279 813/2786/657
f 825/2755/574 703/2760/507 789/2712/779
f 820/2952/974 728/2891/437 893/2962/187
f 735/4502/454 728/4448/437 858/4501/1151
f 806/93/1043 720/92/66 790/119/985
f 764/414/482 746/416/81 743/361/103
f 693/1940/83 739/1919/805 815/1939/1117
f 776/194/625 716/157/290 737/156/241
f 746/416/81 748/368/11 743/361/103
f 781/1419/277 709/1460/659 805/1490/118
f 718/3931/983 802/3930/858 781/3994/277
f 781/1920/277 731/1938/420 709/1921/659
f 711/2515/63 751/2343/329 760/2476/440
f 647/2059/530 808/2075/677 888/2217/412
f 790/119/985 720/92/66 724/129/178
f 839/1829/130 693/1830/83 815/1814/1117
f 750/1758/79 742/1743/91 765/1713/529
f 765/1713/529 742/1743/91 752/1701/831
f 706/923/78 786/836/907 757/993/569
f 775/3742/428 734/3703/286 943/3702/690
f 782/3492/309 758/3401/332 738/3454/53
f 763/3397/353 738/3454/53 758/3401/332
f 785/3150/517 731/3124/420 802/3123/858
f 781/3609/277 802/3662/858 731/3610/420
f 785/3804/517 802/3884/858 709/3853/659
f 712/1935/550 633/1923/264 798/1870/630
f 788/1181/1054 743/1147/103 716/1114/290
f 750/1758/79 724/1724/178 720/1770/66
f 765/1900/529 790/1931/985 724/1888/178
f 693/2382/83 839/2415/130 739/2411/805
f 764/30/482 780/116/925 746/123/81
f 742/4777/91 715/4885/887 752/4778/831
f 715/1550/887 742/1513/91 774/1549/861
f 742/258/91 754/293/253 774/233/861
f 737/477/241 705/424/96 747/333/561
f 734/859/286 770/865/233 754/878/253
f 734/3703/286 775/3742/428 770/3778/233
f 959/1947/456 708/1855/699 692/2050/358
f 785/3605/517 805/3675/118 731/3633/420
f 701/3982/158 769/3983/301 730/3934/413
f 811/1722/465 738/1694/53 745/1607/342
f 793/2483/508 773/2579/386 711/2451/63
f 721/2512/179 791/2485/732 745/2468/342
f 777/4975/1015 728/4906/437 820/4905/974
f 796/3617/1199 749/3663/838 729/3645/834
f 762/1662/368 690/1605/605 740/1619/435
f 858/1354/1151 728/1355/437 777/1325/1015
f 806/2053/1043 808/2075/677 720/2042/66
f 753/408/408 748/368/11 746/416/81
f 742/258/91 725/292/33 754/293/253
f 774/4433/861 754/4432/253 787/4472/632
f 768/4478/220 787/4482/632 754/4439/253
f 748/368/11 753/408/408 741/362/68
f 768/4478/220 754/4439/253 770/4481/233
f 772/360/244 744/275/86 783/298/800
f 772/3893/244 761/3859/198 744/3880/86
f 949/208/558 609/390/205 632/359/462
f 801/340/684 726/417/419 687/341/711
f 755/2500/140 767/2467/279 843/2466/808
f 793/2483/508 711/2451/63 733/2442/464
f 711/2515/63 760/2476/440 733/2523/464
f 667/3033/714 803/2984/856 604/2936/207
f 788/1176/1054 716/1145/290 810/1119/1194
f 810/214/1194 776/194/625 737/156/241
f 753/245/408 746/123/81 780/116/925
f 744/275/86 753/245/408 783/298/800
f 669/1624/57 929/1725/500 756/1705/585
f 726/1791/419 799/1815/716 736/1813/339
f 811/1722/465 782/1756/309 738/1694/53
f 785/1080/517 730/1085/413 769/1022/301
f 769/1022/301 703/959/507 825/957/574
f 733/1882/464 760/1929/440 793/1890/508
f 798/1870/630 729/1843/834 749/1824/838
f 753/245/408 780/116/925 783/298/800
f 761/4498/198 771/4539/1145 779/4499/1001
f 838/1471/964 781/1419/277 805/1490/118
f 781/1419/277 838/1471/964 817/1410/1014
f 726/1791/419 801/1790/684 799/1815/716
f 701/2644/158 802/2597/858 834/2623/333
f 795/2516/635 810/2607/1194 716/2595/290
f 743/3641/103 788/3611/1054 764/3640/482
f 764/3351/482 788/3322/1054 780/3356/925
f 774/3553/861 790/3517/985 765/3555/529
f 774/3553/861 765/3555/529 752/3567/831
f 757/993/569 786/836/907 824/913/987
f 783/4575/800 771/4539/1145 761/4498/198
f 856/3999/701 761/4083/198 772/4000/244
f 758/2856/332 782/2941/309 832/2869/821
f 763/2484/353 758/2416/332 832/2419/821
f 799/2139/716 801/2138/684 840/2188/1142
f 843/1183/808 767/1158/279 901/1267/423
f 745/1607/342 791/1614/732 811/1722/465
f 763/2484/353 829/2527/588 721/2577/179
f 789/2712/779 653/2677/552 822/2681/786
f 604/573/207 844/587/794 678/629/745
f 806/3523/1043 786/3470/907 766/3465/564
f 774/3553/861 787/3518/632 790/3517/985
f 783/298/800 780/116/925 804/226/1077
f 761/4471/198 779/4416/1001 909/4470/548
f 909/4153/548 694/4152/614 761/4189/198
f 801/2503/684 755/2500/140 843/2466/808
f 844/2943/794 604/2936/207 803/2984/856
f 732/1773/691 777/1708/1015 749/1824/838
f 798/1870/630 682/1864/518 729/1843/834
f 812/199/1181 810/214/1194 737/156/241
f 780/3356/925 788/3322/1054 804/3309/1077
f 837/2133/757 775/2123/428 809/2095/1137
f 942/354/540 772/360/244 783/298/800
f 794/3878/377 759/3907/143 726/3879/419
f 830/2946/586 782/2941/309 794/3004/377
f 919/1368/375 719/1359/806 769/1452/301
f 760/1929/440 1007/1916/147 793/1890/508
f 941/2854/581 784/2835/523 813/2786/657
f 800/3524/1202 786/3470/907 806/3523/1043
f 800/1846/1202 775/1753/428 836/1861/1016
f 775/2123/428 800/2022/1202 809/2095/1137
f 809/1795/1137 770/1729/233 837/1763/757
f 942/3998/540 783/3997/800 761/4064/198
f 609/390/205 949/208/558 1057/166/578
f 770/3778/233 775/3742/428 894/3749/723
f 945/22/720 697/88/235 989/110/797
f 816/2728/682 751/2773/329 773/2774/386
f 840/2304/1142 726/2365/419 736/2341/339
f 840/2304/1142 736/2341/339 792/2308/979
f 782/2029/309 827/2071/981 794/2037/377
f 767/2767/279 794/2651/377 827/2683/981
f 835/2364/620 760/2476/440 751/2343/329
f 785/3761/517 857/3723/557 701/3722/158
f 701/3959/158 857/3958/557 769/4028/301
f 851/1045/430 785/1080/517 769/1022/301
f 829/2527/588 763/2484/353 832/2419/821
f 791/2485/732 721/2512/179 829/2513/588
f 749/1824/838 777/1708/1015 841/1669/606
f 821/1910/598 712/1935/550 798/1870/630
f 740/1619/435 819/1645/382 762/1662/368
f 735/4681/454 858/4680/1151 777/4747/1015
f 812/3259/1181 804/3309/1077 788/3322/1054
f 823/3758/1178 790/3715/985 787/3714/632
f 891/299/761 737/477/241 747/333/561
f 826/3094/1119 771/3013/1145 865/3087/847
f 771/4539/1145 826/4546/1119 779/4499/1001
f 691/1798/19 929/1737/500 669/1709/57
f 794/2355/377 726/2365/419 846/2316/1089
f 846/2316/1089 726/2365/419 840/2304/1142
f 751/3245/329 816/3246/682 835/3195/620
f 827/2071/981 782/2029/309 811/2070/465
f 840/4400/1142 792/4401/979 799/4347/716
f 833/3651/1013 805/3675/118 785/3605/517
f 701/4428/158 834/4429/333 785/4370/517
f 828/990/276 902/1059/877 814/980/20
f 806/1703/1043 766/1733/564 923/1734/886
f 812/3259/1181 788/3322/1054 810/3260/1194
f 823/2615/1178 806/2654/1043 790/2616/985
f 823/3991/1178 800/3970/1202 806/3969/1043
f 786/1927/907 800/1846/1202 836/1861/1016
f 768/1807/220 770/1729/233 809/1795/1137
f 837/754/757 770/747/233 894/730/723
f 949/208/558 632/359/462 968/182/680
f 968/182/680 650/320/436 945/165/720
f 989/110/797 697/88/235 710/267/394
f 782/2941/309 830/2946/586 832/2869/821
f 816/4487/682 805/4486/118 835/4554/620
f 850/1634/671 802/1633/858 833/1665/1013
f 1050/1663/403 811/1722/465 791/1614/732
f 841/86/606 777/87/1015 820/77/974
f 818/2267/815 740/2245/435 876/2247/251
f 876/2247/251 740/2245/435 888/2217/412
f 824/4422/987 786/4479/907 836/4480/1016
f 853/1873/311 787/1842/632 768/1807/220
f 794/2355/377 846/2316/1089 811/2391/465
f 855/1532/866 805/1490/118 816/1583/682
f 830/4919/586 794/4843/377 811/4842/465
f 833/4538/1013 835/4554/620 805/4486/118
f 793/2483/508 816/2603/682 773/2579/386
f 817/1668/1014 833/1665/1013 802/1633/858
f 850/3604/671 833/3651/1013 785/3605/517
f 850/4371/671 785/4370/517 834/4429/333
f 851/3767/430 857/3723/557 785/3761/517
f 834/2084/333 857/2109/557 851/2110/430
f 819/1645/382 820/1682/974 762/1662/368
f 819/1645/382 841/1669/606 820/1682/974
f 812/4440/1181 737/4376/241 891/4375/761
f 826/3270/1119 804/3309/1077 812/3259/1181
f 787/253/632 800/243/1202 823/252/1178
f 1016/3042/706 865/3087/847 771/3013/1145
f 838/1471/964 805/1490/118 855/1532/866
f 811/4609/465 846/4610/1089 827/4551/981
f 827/2590/981 846/2568/1089 830/2567/586
f 827/1565/981 830/1570/586 842/1581/1000
f 830/4754/586 811/4822/465 842/4823/1000
f 850/4315/671 869/4255/1139 802/4314/858
f 857/2643/557 834/2623/333 871/2601/828
f 1050/1663/403 1060/1751/285 811/1722/465
f 1007/2493/147 760/2476/440 835/2364/620
f 902/2150/877 908/2149/1162 814/2238/20
f 915/71/414 762/70/368 820/82/974
f 915/4127/414 841/4156/606 762/4132/368
f 740/2018/435 818/2066/815 819/2060/382
f 893/1638/187 762/1617/368 841/1612/606
f 969/922/1026 822/999/786 676/903/827
f 969/922/1026 676/903/827 776/817/625
f 887/4023/725 859/4072/109 837/4036/757
f 942/3998/540 761/4064/198 856/4065/701
f 772/360/244 942/354/540 944/381/749
f 827/2529/981 801/2503/684 847/2508/951
f 851/1045/430 769/1022/301 880/1019/694
f 857/1432/557 919/1368/375 769/1452/301
f 819/2060/382 818/2066/815 863/2097/488
f 848/2420/878 739/2411/805 839/2415/130
f 865/4866/847 804/4865/1077 826/4935/1119
f 809/2095/1137 800/2022/1202 879/2021/669
f 914/1812/468 836/1861/1016 775/1753/428
f 849/1760/908 854/1775/576 830/1752/586
f 838/1425/964 835/1388/620 833/1387/1013
f 840/2188/1142 801/2138/684 827/2194/981
f 834/2623/333 802/2597/858 869/2581/1139
f 834/2623/333 869/2581/1139 871/2601/828
f 850/2083/671 834/2084/333 851/2110/430
f 813/2786/657 767/2767/279 867/2731/1076
f 1007/1916/147 938/1893/431 793/1890/508
f 941/3010/581 803/2984/856 667/3033/714
f 845/3345/424 559/3362/944 874/3320/230
f 923/2020/886 808/2075/677 806/2053/1043
f 815/2423/1117 739/2411/805 848/2420/878
f 800/2850/1202 787/2813/632 853/2812/311
f 882/255/876 783/298/800 804/226/1077
f 757/993/569 824/913/987 946/991/583
f 963/1841/637 768/1807/220 809/1795/1137
f 691/1798/19 708/1855/699 929/1737/500
f 816/1583/682 866/1587/623 855/1532/866
f 854/2934/576 832/2869/821 830/2946/586
f 854/2934/576 900/2863/812 832/2869/821
f 830/4785/586 846/4720/1089 849/4719/908
f 842/3325/1000 849/3354/908 846/3355/1089
f 868/4937/1125 838/4938/964 833/4869/1013
f 817/1054/1014 838/1111/964 869/1070/1139
f 811/4599/465 849/4684/908 842/4600/1000
f 840/1582/1142 827/1565/981 842/1581/1000
f 833/3469/1013 817/3481/1014 868/3502/1125
f 896/2720/839 767/2767/279 827/2683/981
f 847/2508/951 801/2503/684 843/2466/808
f 829/2527/588 832/2419/821 991/2433/509
f 821/1910/598 798/1870/630 920/1901/283
f 818/3018/815 844/2943/794 803/2984/856
f 915/2993/414 820/2952/974 893/2962/187
f 795/2516/635 976/2507/1134 810/2607/1194
f 810/2607/1194 948/2598/1024 918/2630/617
f 848/2420/878 852/2444/345 815/2423/1117
f 815/1814/1117 852/1806/345 839/1829/130
f 775/1753/428 943/1809/690 914/1812/468
f 910/2263/483 775/2264/428 837/2223/757
f 838/1425/964 855/1420/866 835/1388/620
f 846/3355/1089 867/3261/1076 842/3325/1000
f 840/552/1142 842/502/1000 867/551/1076
f 847/357/951 840/366/1142 867/367/1076
f 849/1760/908 811/1722/465 1060/1751/285
f 817/4981/1014 850/5013/671 868/4958/1125
f 850/4872/671 817/4871/1014 869/4948/1139
f 789/2712/779 907/2743/679 821/2751/598
f 875/3296/955 861/3313/365 848/3277/878
f 848/3277/878 861/3313/365 852/3312/345
f 848/2420/878 839/2415/130 877/2381/782
f 826/1623/1119 812/1599/1181 891/1598/761
f 853/2812/311 879/2836/669 800/2850/1202
f 914/4071/468 859/4072/109 887/4023/725
f 1038/331/787 710/267/394 695/372/352
f 868/1081/1125 869/1070/1139 838/1111/964
f 843/4834/808 840/4835/1142 847/4772/951
f 827/1205/981 847/1208/951 867/1206/1076
f 897/2752/265 767/2767/279 896/2720/839
f 984/1232/818 843/1183/808 901/1267/423
f 938/2492/431 816/2603/682 793/2483/508
f 795/2516/635 712/2431/550 976/2507/1134
f 810/2607/1194 976/2507/1134 948/2598/1024
f 861/3313/365 862/3376/411 853/3337/311
f 861/3313/365 881/3353/852 862/3376/411
f 870/3548/619 873/3591/672 860/3587/122
f 861/3313/365 853/3337/311 852/3312/345
f 852/4603/345 877/4604/782 839/4548/130
f 864/3549/496 870/3548/619 860/3587/122
f 864/3549/496 860/3587/122 865/3552/847
f 865/972/847 860/1011/122 804/973/1077
f 809/2095/1137 879/2021/669 1037/2036/736
f 872/296/357 914/302/468 887/306/725
f 910/5003/483 837/5004/757 872/4982/357
f 797/439/580 606/399/206 1109/430/654
f 692/2390/358 904/2248/624 995/2240/459
f 959/1947/456 692/2050/358 995/2074/459
f 843/4614/808 846/4613/1089 840/4666/1142
f 854/1775/576 849/1760/908 1060/1751/285
f 867/4674/1076 767/4624/279 897/4623/265
f 880/1019/694 769/1022/301 825/957/574
f 814/2238/20 908/2149/1162 828/2225/276
f 825/2755/574 789/2712/779 1104/2711/399
f 798/1870/630 749/1824/838 927/1707/182
f 841/1669/606 927/1707/182 749/1824/838
f 907/2743/679 789/2712/779 822/2681/786
f 876/3012/251 844/2943/794 818/3018/815
f 819/4790/382 893/4789/187 841/4875/606
f 712/2431/550 821/2421/598 976/2507/1134
f 810/4114/1194 957/4160/1106 776/4161/625
f 877/2381/782 875/2475/955 848/2420/878
f 883/1892/963 852/2035/345 853/1873/311
f 853/3337/311 862/3376/411 879/3377/669
f 804/226/1077 860/221/122 882/255/876
f 778/309/599 951/228/603 747/333/561
f 872/4982/357 837/5004/757 859/4928/109
f 887/752/725 837/754/757 894/730/723
f 959/1947/456 929/1737/500 708/1855/699
f 843/4693/808 867/4751/1076 846/4694/1089
f 878/1412/258 867/1418/1076 843/1413/808
f 869/1070/1139 868/1081/1125 871/1066/828
f 867/2296/1076 896/2310/839 827/2311/981
f 916/1738/929 878/1768/258 843/1739/808
f 916/4670/929 843/4677/808 886/4653/696
f 843/4677/808 813/4627/657 886/4653/696
f 911/3361/600 845/3345/424 874/3320/230
f 966/2098/1132 808/2075/677 923/2020/886
f 875/3370/955 852/3336/345 881/3302/852
f 852/3336/345 875/3370/955 877/3378/782
f 1075/2092/577 809/2095/1137 1037/2036/736
f 910/720/483 872/721/357 887/711/725
f 906/1148/295 880/1122/694 850/1124/671
f 868/1990/1125 880/1959/694 912/1997/780
f 850/1979/671 880/1959/694 868/1990/1125
f 912/685/780 880/666/694 857/684/557
f 886/2742/696 867/2731/1076 878/2715/258
f 851/1045/430 880/1019/694 906/1035/295
f 954/1472/801 857/1432/557 880/1461/694
f 901/1267/423 719/1359/806 919/1368/375
f 886/2742/696 813/2786/657 867/2731/1076
f 822/2681/786 970/2679/954 907/2743/679
f 819/2060/382 863/2097/488 876/2096/251
f 875/3370/955 881/3302/852 861/3335/365
f 870/3577/619 864/3578/496 873/3534/672
f 864/3578/496 882/3541/876 873/3534/672
f 879/3276/669 862/3275/411 883/3314/963
f 860/221/122 873/69/672 882/255/876
f 865/3572/847 882/3541/876 864/3578/496
f 946/4389/583 824/4390/987 836/4305/1016
f 768/1807/220 963/1841/637 853/1873/311
f 859/4928/109 885/4999/90 872/4982/357
f 914/1812/468 872/1785/357 885/1794/90
f 859/4932/109 914/4867/468 910/4931/483
f 859/839/109 910/838/483 885/849/90
f 934/3883/361 895/3882/34 889/3937/99
f 936/4675/1003 850/4676/671 851/4608/430
f 906/4286/295 868/4233/1125 912/4252/780
f 857/2643/557 871/2601/828 912/2599/780
f 813/1166/657 843/1183/808 937/1156/948
f 813/2786/657 897/2752/265 941/2854/581
f 789/1945/779 821/1910/598 920/1901/283
f 874/3320/230 884/3299/243 911/3361/600
f 883/3314/963 881/3302/852 852/3336/345
f 883/3314/963 862/3275/411 881/3302/852
f 856/4065/701 909/4077/548 942/3998/540
f 887/1505/725 885/1494/90 910/1497/483
f 894/3749/723 775/3742/428 910/3713/483
f 892/4273/24 890/4334/107 901/4335/423
f 868/1081/1125 906/1072/295 871/1066/828
f 867/2296/1076 937/2305/948 896/2310/839
f 886/2742/696 878/2715/258 896/2720/839
f 937/106/948 867/107/1076 897/103/265
f 927/4200/182 841/4156/606 915/4127/414
f 907/2422/679 976/2507/1134 821/2421/598
f 957/837/1106 969/922/1026 776/817/625
f 874/592/230 903/593/217 884/604/243
f 921/768/935 845/769/424 911/740/600
f 845/971/424 921/970/935 903/996/217
f 914/1812/468 990/1865/551 836/1861/1016
f 871/4788/828 850/4879/671 936/4880/1003
f 919/3912/375 889/3937/99 895/3882/34
f 871/2861/828 906/2862/295 850/2827/671
f 906/4286/295 912/4252/780 926/4288/519
f 886/2742/696 896/2720/839 937/2756/948
f 886/4653/696 937/4626/948 916/4670/929
f 954/4739/801 851/4738/430 906/4764/295
f 926/1445/519 919/1368/375 857/1432/557
f 897/4873/265 813/4825/657 937/4824/948
f 766/757/564 678/629/745 958/712/995
f 893/2317/187 819/2289/382 930/2288/196
f 810/47/1194 918/13/617 957/46/1106
f 1009/2347/171 826/2346/1119 891/2371/761
f 826/451/1119 1009/464/171 1123/520/789
f 779/517/1001 826/451/1119 1123/520/789
f 1075/4060/577 963/4080/637 809/4061/1137
f 942/4147/540 909/4206/548 779/4148/1001
f 914/1812/468 885/1794/90 917/1786/911
f 831/2254/661 694/2270/614 909/2198/548
f 917/1430/911 885/1448/90 887/1431/725
f 887/752/725 894/730/723 917/750/911
f 935/3935/390 934/3883/361 889/3937/99
f 855/1532/866 866/1587/623 1063/1544/809
f 984/864/818 901/793/423 890/792/107
f 926/1445/519 857/1432/557 954/1472/801
f 937/1156/948 843/1183/808 984/1232/818
f 908/1058/1162 902/1059/877 828/990/276
f 819/2060/382 876/2096/251 930/2100/196
f 913/4321/175 898/4254/119 893/4253/187
f 966/2098/1132 888/2217/412 808/2075/677
f 1075/2092/577 1037/2036/736 1115/2072/743
f 894/730/723 910/728/483 917/750/911
f 895/2282/34 922/2357/289 892/2358/24
f 895/2282/34 892/2358/24 947/2303/281
f 953/845/622 984/864/818 890/792/107
f 897/2752/265 896/2720/839 955/2753/1201
f 926/4793/519 954/4739/801 906/4764/295
f 798/1870/630 927/1707/182 920/1901/283
f 678/629/745 844/587/794 958/712/995
f 899/2675/51 924/2695/55 932/2696/242
f 915/2993/414 893/2962/187 898/2840/119
f 747/333/561 951/228/603 891/299/761
f 929/1737/500 959/1947/456 1042/1784/429
f 835/2364/620 855/2330/866 1063/2329/809
f 991/2433/509 832/2419/821 900/2378/812
f 978/3440/1042 892/3441/24 901/3363/423
f 895/304/34 947/348/281 919/305/375
f 912/4801/780 871/4788/828 936/4880/1003
f 878/1261/258 916/1247/929 896/1270/839
f 978/1277/1042 901/1267/423 919/1368/375
f 803/3680/856 863/3648/488 818/3642/815
f 911/351/600 884/383/243 924/272/55
f 924/272/55 927/230/182 911/351/600
f 905/3399/87 932/3458/242 925/3455/189
f 924/3428/55 884/3390/243 903/3420/217
f 766/757/564 958/712/995 923/788/886
f 1009/3067/171 865/3087/847 1016/3042/706
f 1045/4011/472 771/4012/1145 783/3986/800
f 989/110/797 710/267/394 1038/331/787
f 890/1986/107 892/1961/24 922/1960/289
f 958/712/995 844/587/794 973/572/1025
f 920/3398/283 932/3458/242 905/3399/87
f 913/1805/175 962/1854/1086 930/1828/196
f 931/3443/1205 924/3428/55 903/3420/217
f 913/1223/175 893/1138/187 982/1155/458
f 933/3445/914 931/3443/1205 903/3420/217
f 903/3624/217 921/3660/935 928/3661/652
f 933/3601/914 903/3624/217 928/3661/652
f 836/914/1016 1008/942/401 946/991/583
f 1009/4043/171 882/3989/876 865/4033/847
f 831/2254/661 1083/2137/571 904/2248/624
f 964/301/544 935/276/390 889/232/99
f 978/2353/1042 947/2303/281 892/2358/24
f 941/2854/581 897/2752/265 955/2753/1201
f 920/231/283 927/230/182 924/272/55
f 932/3458/242 920/3398/283 899/3489/51
f 924/4740/55 899/4798/51 920/4741/283
f 911/2772/600 927/2826/182 940/2790/1032
f 933/2714/914 921/2771/935 931/2735/1205
f 856/1970/701 772/1985/244 944/1996/749
f 916/1247/929 955/1269/1201 896/1270/839
f 916/1246/929 937/1259/948 955/1278/1201
f 936/4675/1003 851/4608/430 954/4643/801
f 789/1945/779 920/1901/283 1005/1902/670
f 915/4799/414 940/4800/1032 927/4757/182
f 982/4357/458 893/4358/187 930/4276/196
f 962/4947/1086 982/4898/458 930/4897/196
f 1000/2995/157 915/2993/414 898/2840/119
f 948/1774/1024 957/1755/1106 918/1749/617
f 975/4462/810 890/4461/107 922/4531/289
f 964/2161/544 922/2231/289 895/2232/34
f 900/2863/812 854/2934/576 1076/2940/729
f 1001/347/930 889/232/99 919/250/375
f 1005/2754/670 907/2743/679 970/2679/954
f 960/2418/889 907/2422/679 920/2407/283
f 920/2765/283 907/2743/679 1005/2754/670
f 915/3031/414 950/3069/952 940/3066/1032
f 888/2217/412 961/2218/798 876/2247/251
f 970/1004/954 822/999/786 969/922/1026
f 939/3446/1009 924/3428/55 931/3443/1205
f 913/1195/175 965/1194/248 898/1220/119
f 928/2746/652 921/2771/935 933/2714/914
f 977/242/447 891/299/761 951/228/603
f 963/1841/637 883/1892/963 853/1873/311
f 1123/520/789 942/561/540 779/517/1001
f 998/1816/649 943/1809/690 756/1705/585
f 1005/3667/670 970/3668/954 960/3606/889
f 931/2735/1205 940/2790/1032 939/2626/1009
f 930/2100/196 876/2096/251 961/2145/798
f 971/2104/485 920/2049/283 905/2038/87
f 911/2772/600 940/2790/1032 931/2735/1205
f 911/2772/600 931/2735/1205 921/2771/935
f 919/4858/375 947/4784/281 992/4857/953
f 1070/2587/494 816/2603/682 938/2492/431
f 863/3648/488 803/3680/856 1091/3681/565
f 844/2943/794 983/3011/901 973/2937/1025
f 971/2104/485 905/2038/87 972/2101/416
f 1009/2347/171 891/2371/761 977/2372/447
f 954/964/801 912/963/780 936/986/1003
f 912/4252/780 994/4232/681 926/4288/519
f 978/1277/1042 919/1368/375 992/1341/953
f 939/3071/1009 940/3066/1032 985/3131/213
f 983/3011/901 844/2943/794 876/3012/251
f 791/2545/732 829/2527/588 1015/2535/221
f 971/2104/485 960/2094/889 920/2049/283
f 924/934/55 939/935/1009 932/893/242
f 905/2038/87 925/2046/189 972/2101/416
f 925/2046/189 967/2093/395 972/2101/416
f 965/2085/248 913/2048/175 930/2100/196
f 1035/3990/442 882/3989/876 1009/4043/171
f 990/1865/551 914/1812/468 917/1786/911
f 831/2254/661 909/2198/548 1083/2137/571
f 1001/347/930 964/301/544 889/232/99
f 952/1006/653 954/1028/801 880/1019/694
f 880/1019/694 825/957/574 952/1006/653
f 803/2984/856 941/3010/581 1099/2987/492
f 915/2993/414 1000/2995/157 950/3038/952
f 961/2218/798 888/2217/412 966/2098/1132
f 898/1220/119 965/1194/248 986/1219/900
f 883/2130/963 1037/2108/736 879/2107/669
f 942/354/540 1085/380/765 944/381/749
f 944/1996/749 909/1962/548 856/1970/701
f 929/1725/500 998/1816/649 756/1705/585
f 934/4163/361 935/4234/390 996/4228/937
f 1010/346/867 1001/347/930 919/250/375
f 1076/1783/729 854/1775/576 1060/1751/285
f 954/946/801 994/929/681 912/928/780
f 876/2096/251 863/2097/488 1091/2328/565
f 986/1853/900 962/1854/1086 913/1805/175
f 969/1757/1026 948/1774/1024 976/1780/1134
f 982/1155/458 986/1207/900 913/1223/175
f 958/1822/995 966/1808/1132 923/1803/886
f 910/4931/483 914/4867/468 943/4896/690
f 979/4521/813 975/4462/810 922/4531/289
f 985/3131/213 940/3066/1032 950/3069/952
f 983/2199/901 876/2096/251 1091/2328/565
f 964/4224/544 895/4179/34 935/4115/390
f 993/2153/885 922/2231/289 964/2161/544
f 1014/887/1097 984/864/818 953/845/622
f 1010/1371/867 919/1368/375 926/1445/519
f 976/2507/1134 907/2422/679 960/2418/889
f 981/1817/1216 966/1808/1132 958/1822/995
f 969/1757/1026 957/1755/1106 948/1774/1024
f 925/2893/189 932/2733/242 1004/2829/225
f 895/3404/34 980/3471/495 935/3516/390
f 996/334/937 964/301/544 1001/347/930
f 971/2104/485 1005/2136/670 960/2094/889
f 958/1822/995 973/1866/1025 981/1817/1216
f 965/2085/248 930/2100/196 974/2125/859
f 980/4986/495 964/4887/544 996/4972/937
f 941/1245/581 955/1278/1201 937/1259/948
f 1007/2493/147 835/2364/620 1063/2329/809
f 932/2733/242 939/2670/1009 988/2672/210
f 974/3225/859 962/3264/1086 986/3265/900
f 961/2145/798 974/2125/859 930/2100/196
f 1023/3906/373 986/3910/900 965/3877/248
f 934/2168/361 980/2206/495 895/2272/34
f 953/845/622 890/792/107 975/873/810
f 935/3516/390 980/3471/495 996/3515/937
f 979/1456/813 922/1382/289 993/1411/885
f 981/2200/1216 961/2218/798 966/2098/1132
f 932/2733/242 988/2672/210 1004/2829/225
f 695/511/352 797/439/580 1109/430/654
f 993/4807/885 964/4760/544 987/4759/938
f 954/1028/801 952/1006/653 994/1023/681
f 981/1817/1216 973/1866/1025 983/1804/901
f 1039/342/1012 960/415/889 970/337/954
f 1039/1574/1012 970/1523/954 976/1522/1134
f 956/1856/1062 950/1840/952 1036/1845/1092
f 983/2266/901 961/2218/798 981/2200/1216
f 961/2145/798 983/2199/901 1002/2177/214
f 974/2125/859 961/2145/798 1002/2177/214
f 1027/2951/159 1000/2995/157 898/2840/119
f 1004/2829/225 967/2917/395 925/2893/189
f 998/1816/649 929/1725/500 1088/1844/466
f 1006/2834/1138 987/2866/938 964/2889/544
f 939/3071/1009 985/3131/213 988/3140/210
f 1024/2480/238 976/2507/1134 960/2418/889
f 969/1757/1026 976/1780/1134 970/1750/954
f 1027/2951/159 898/2840/119 986/2882/900
f 1013/1949/105 836/1861/1016 990/1865/551
f 1013/1949/105 990/1865/551 1025/1930/542
f 996/4228/937 1030/4164/1159 934/4163/361
f 1030/2190/1159 980/2206/495 934/2168/361
f 1026/851/1220 992/879/953 947/852/281
f 1010/1371/867 926/1445/519 994/1457/681
f 1022/3162/811 950/3069/952 956/3073/1062
f 791/3494/732 1015/3554/221 1068/3495/746
f 1039/2455/1012 976/2456/1134 1024/2443/238
f 942/354/540 1045/356/472 1085/380/765
f 953/845/622 975/873/810 1014/887/1097
f 964/2889/544 980/2865/495 1006/2834/1138
f 1006/3406/1138 993/3459/885 999/3451/113
f 978/967/1042 1026/1013/1220 947/1014/281
f 1072/622/343 941/695/581 937/617/948
f 985/3131/213 950/3069/952 1022/3162/811
f 985/2673/213 1004/2858/225 988/2688/210
f 960/3114/889 1020/3137/141 1024/3159/238
f 1008/4068/401 836/4042/1016 1013/4004/105
f 1009/464/171 1064/449/1007 1123/520/789
f 951/228/603 778/309/599 1057/166/578
f 1123/3593/789 1100/3571/534 942/3562/540
f 1045/3556/472 942/3562/540 1100/3571/534
f 993/1411/885 1041/1416/1215 979/1456/813
f 987/1543/938 999/1555/113 993/1556/885
f 978/3460/1042 1006/3406/1138 999/3451/113
f 1070/2587/494 866/2640/623 816/2603/682
f 952/1006/653 1078/998/421 994/1023/681
f 960/4524/889 1039/4590/1012 1020/4525/141
f 1004/2858/225 985/2673/213 1000/2794/157
f 962/4901/1086 974/4837/859 1046/4900/451
f 1031/2165/715 972/2101/416 1019/2142/92
f 1026/4553/1220 999/4474/113 1041/4552/1215
f 987/1026/938 1041/1025/1215 999/1036/113
f 1006/2834/1138 1041/2806/1215 987/2866/938
f 978/4490/1042 999/4474/113 1026/4553/1220
f 1108/1588/1114 1063/1544/809 866/1587/623
f 1078/998/421 952/1006/653 825/957/574
f 789/1945/779 1005/1902/670 1104/1944/399
f 1000/2794/157 985/2673/213 1022/2659/811
f 938/1893/431 1007/1916/147 1044/1883/328
f 1032/3037/1184 950/3038/952 1000/2995/157
f 950/4278/952 1032/4344/1184 1036/4279/1092
f 974/2125/859 1002/2177/214 1046/2189/451
f 962/27/1086 1046/14/451 982/43/458
f 986/3265/900 1018/3228/1170 974/3225/859
f 965/2085/248 974/2125/859 1018/2086/1170
f 965/3877/248 1012/3876/191 1023/3906/373
f 1012/2120/191 1037/2108/736 883/2130/963
f 977/242/447 951/228/603 1066/198/604
f 993/1411/885 1026/1381/1220 1041/1416/1215
f 1006/2973/1138 1026/2954/1220 993/2948/885
f 992/2968/953 1006/2973/1138 1030/3040/1159
f 992/2968/953 1026/2954/1220 1006/2973/1138
f 991/2433/509 900/2378/812 1106/2377/1087
f 1000/3467/157 1022/3466/811 1032/3490/1184
f 1004/2829/225 1051/2880/717 967/2917/395
f 1018/3228/1170 986/3265/900 1023/3250/373
f 963/1841/637 1012/1943/191 883/1892/963
f 1107/719/752 910/728/483 943/710/690
f 979/3442/813 1041/3427/1215 975/3479/810
f 996/3083/937 1001/3055/930 1030/3040/1159
f 978/3423/1042 1041/3427/1215 1006/3373/1138
f 1030/2807/1159 1006/2834/1138 980/2865/495
f 1108/2639/1114 866/2640/623 1070/2587/494
f 1081/1313/481 992/1341/953 1010/1371/867
f 937/1156/948 984/1232/818 1082/1210/405
f 1086/2441/816 829/2527/588 991/2433/509
f 1039/2173/1012 1005/2136/670 971/2104/485
f 972/2101/416 1020/2146/141 971/2104/485
f 1020/2146/141 972/2101/416 1031/2165/715
f 1011/733/9 1028/744/162 1002/734/214
f 986/1207/900 982/1155/458 1027/1137/159
f 1019/3153/92 1035/3113/442 1009/3152/171
f 1023/4349/373 1052/4404/1152 1018/4350/1170
f 1029/3830/278 1009/3890/171 977/3831/447
f 904/2248/624 1083/2137/571 995/2240/459
f 1041/3427/1215 1014/3477/1097 975/3479/810
f 984/3478/818 1041/3427/1215 978/3423/1042
f 1040/2208/917 1002/2177/214 983/2199/901
f 997/801/58 1068/841/746 1015/811/221
f 1007/4290/147 1003/4291/168 1044/4211/328
f 971/2104/485 1020/2146/141 1039/2173/1012
f 1059/2534/890 1003/2578/168 1007/2493/147
f 1031/2165/715 1053/2185/942 1020/2146/141
f 1002/1591/214 1040/1561/917 1033/1557/331
f 1027/2883/159 1004/2858/225 1000/2794/157
f 1046/781/451 1002/776/214 1062/775/849
f 1028/744/162 1062/779/849 1002/734/214
f 972/2101/416 1035/2143/442 1019/2142/92
f 1019/3153/92 1009/3152/171 1029/3179/278
f 1008/3866/401 1013/3911/105 1017/3867/155
f 1028/3820/162 1011/3762/9 1048/3819/43
f 1025/1250/542 1037/1231/736 1013/1230/105
f 882/255/876 1035/278/442 783/298/800
f 606/1034/206 757/993/569 946/991/583
f 1100/2988/534 771/3013/1145 1045/2972/472
f 1081/1313/481 978/1277/1042 992/1341/953
f 803/3438/856 1099/3396/492 1091/3430/565
f 1032/2519/1184 1022/2600/811 1021/2583/1057
f 1022/68/811 956/7/1062 1036/73/1092
f 1050/1663/403 791/1614/732 1068/1606/746
f 1051/2427/717 1032/2519/1184 1021/2583/1057
f 1019/3153/92 1024/3159/238 1020/3137/141
f 1019/284/92 1020/283/141 1053/303/942
f 1011/1590/9 1002/1591/214 1033/1557/331
f 1004/2858/225 1027/2883/159 1051/2910/717
f 1046/14/451 1043/42/310 982/43/458
f 1024/3159/238 1019/3153/92 1029/3179/278
f 1033/1557/331 1017/1585/155 1011/1590/9
f 1012/2019/191 965/2085/248 1018/2086/1170
f 1048/4157/43 1011/4158/9 1013/4110/105
f 1012/4702/191 1048/4633/43 1013/4701/105
f 1012/1056/191 1013/1055/105 1037/1069/736
f 977/242/447 1066/198/604 1029/330/278
f 1088/1711/466 929/1737/500 1042/1784/429
f 1010/3005/867 1030/3040/1159 1001/3055/930
f 984/3478/818 1014/3477/1097 1041/3427/1215
f 992/2968/953 1030/3040/1159 1010/3005/867
f 1108/1588/1114 1105/1510/1217 1063/1544/809
f 1063/1544/809 1105/1510/1217 1080/1516/110
f 1130/960/692 1078/998/421 825/957/574
f 1069/2197/844 1005/2136/670 1039/2173/1012
f 997/2604/58 1015/2535/221 1055/2576/837
f 1061/840/865 1068/841/746 997/801/58
f 1054/350/899 1024/476/238 1029/330/278
f 1061/2611/865 997/2604/58 1055/2576/837
f 967/2093/395 1034/2166/947 972/2101/416
f 1027/3183/159 982/3200/458 1043/3223/310
f 1051/2910/717 1027/2883/159 1043/2909/310
f 1035/278/442 972/5/416 1034/49/947
f 1056/702/1157 1017/907/155 1033/680/331
f 1064/268/1007 1035/278/442 1034/49/947
f 1047/1495/1045 1011/1477/9 1017/1498/155
f 1062/1499/849 1011/1477/9 1047/1495/1045
f 1047/3898/1045 1017/3867/155 1013/3911/105
f 1047/4427/1045 1013/4426/105 1049/4456/1176
f 1049/3711/1176 1013/3684/105 1011/3656/9
f 1012/2019/191 1018/2086/1170 1052/2056/1152
f 1012/4702/191 1052/4622/1152 1048/4633/43
f 1037/732/736 1025/742/542 1052/743/1152
f 1075/1897/577 990/1865/551 917/1786/911
f 909/1962/548 944/1996/749 1085/2000/765
f 945/22/720 989/110/797 1217/59/927
f 1072/1144/343 937/1156/948 1082/1210/405
f 991/2433/509 1106/2377/1087 1086/2441/816
f 1044/2486/328 1070/2587/494 938/2492/431
f 1024/2160/238 1053/2185/942 1039/2173/1012
f 1053/1204/942 1024/1217/238 1054/1218/899
f 1031/808/715 1019/809/92 1034/789/947
f 1034/3310/947 1019/3293/92 1067/3292/1122
f 1116/2300/126 1034/2166/947 967/2093/395
f 1025/2051/542 1048/2040/43 1052/2033/1152
f 1009/3067/171 1016/3042/706 1064/3093/1007
f 1084/4965/883 1023/4890/373 1012/4964/191
f 1084/1963/883 1012/1943/191 963/1841/637
f 998/1816/649 1107/1936/752 943/1809/690
f 1081/1313/481 984/1232/818 978/1277/1042
f 1051/2880/717 1021/2656/1057 1137/2650/212
f 1065/2417/941 1044/2486/328 1003/2379/168
f 1019/284/92 1053/303/942 1067/318/1122
f 1051/2427/717 1036/2491/1092 1032/2519/1184
f 1043/2425/310 1036/2491/1092 1051/2427/717
f 1071/785/1210 1062/779/849 1028/744/162
f 1046/3900/451 1028/3899/162 1043/3872/310
f 1064/268/1007 1034/49/947 1067/50/1122
f 1058/319/784 1028/308/162 1048/307/43
f 1062/3710/849 1049/3711/1176 1011/3656/9
f 1054/350/899 1029/330/278 1066/198/604
f 1040/3537/917 983/3493/901 1046/3485/451
f 1053/2185/942 1069/2197/844 1039/2173/1012
f 1054/350/899 1067/391/1122 1053/436/942
f 1040/3537/917 1046/3485/451 1056/3536/1157
f 1056/702/1157 1033/680/331 1040/620/917
f 1062/3097/849 1047/3075/1045 1046/3074/451
f 1046/3485/451 1047/3497/1045 1056/3536/1157
f 1049/3498/1176 1056/3536/1157 1047/3497/1045
f 1058/3901/784 1043/3872/310 1028/3899/162
f 1017/907/155 1056/702/1157 1077/906/1020
f 1058/650/784 1037/654/736 1052/659/1152
f 1025/2051/542 1073/2052/1100 1048/2040/43
f 1087/1029/734 994/1023/681 1078/998/421
f 1015/2535/221 829/2527/588 1086/2441/816
f 1086/2441/816 1055/2576/837 1015/2535/221
f 1059/2534/890 1007/2493/147 1090/2363/739
f 1031/2165/715 1034/2166/947 1053/2185/942
f 1028/2144/162 1046/2189/451 1071/2181/1210
f 1049/4227/1176 1062/4180/849 1056/4226/1157
f 1051/2880/717 1148/2916/823 967/2917/395
f 1043/3339/310 1058/3357/784 1073/3383/1100
f 1048/3750/43 1037/3771/736 1058/3706/784
f 1048/3750/43 1073/3719/1100 1037/3771/736
f 1123/520/789 1064/449/1007 1216/512/997
f 1144/1993/633 1084/1963/883 963/1841/637
f 1107/1936/752 1025/1930/542 990/1865/551
f 1081/1313/481 1010/1371/867 994/1457/681
f 1063/3921/809 1080/3897/110 1090/3948/739
f 1090/2363/739 1007/2493/147 1063/2329/809
f 1003/4386/168 1059/4385/890 1065/4497/941
f 1073/3383/1100 1071/3384/1210 1043/3339/310
f 1074/328/1149 1054/350/899 1066/198/604
f 1079/211/1192 1074/328/1149 1066/198/604
f 1017/907/155 1077/906/1020 1008/942/401
f 1073/4162/1100 1052/4218/1152 1023/4239/373
f 1023/4295/373 1084/4216/883 1073/4294/1100
f 783/298/800 1035/278/442 1149/324/387
f 606/528/206 1229/527/1111 1109/557/654
f 917/750/911 910/728/483 1107/719/752
f 1087/1433/734 1081/1313/481 994/1457/681
f 1070/2587/494 1044/2486/328 1098/2582/1053
f 1065/2417/941 1098/2582/1053 1044/2486/328
f 1082/1210/405 984/1232/818 1081/1313/481
f 1070/2587/494 1098/2582/1053 1108/2639/1114
f 983/2199/901 1091/2328/565 1121/2366/222
f 1051/2880/717 1133/2845/172 1148/2916/823
f 1074/328/1149 1067/391/1122 1054/350/899
f 1071/3384/1210 1056/3425/1157 1062/3394/849
f 1084/21/883 1058/20/784 1052/24/1152
f 1115/4238/743 1052/4218/1152 1073/4162/1100
f 1115/4587/743 1037/4586/736 1084/4634/883
f 1052/3823/1152 1115/3822/743 1084/3835/883
f 1084/3770/883 1037/3771/736 1073/3719/1100
f 1045/356/472 783/298/800 1149/324/387
f 998/1816/649 1226/1987/1010 1107/1936/752
f 1076/2667/729 1060/2689/285 1072/2690/343
f 1050/1663/403 1102/1771/1148 1060/1751/285
f 1071/3384/1210 1077/3424/1020 1056/3425/1157
f 1064/904/1007 1067/921/1122 1079/937/1192
f 1064/904/1007 1079/937/1192 1096/950/686
f 1075/1897/577 917/1786/911 1156/1967/1198
f 1080/3608/110 1087/3607/734 1078/3653/421
f 1102/1771/1148 1050/1663/403 1068/1606/746
f 1129/2314/80 1034/2166/947 1116/2300/126
f 1079/937/1192 1067/921/1122 1074/949/1149
f 1077/3424/1020 1071/3384/1210 1073/3383/1100
f 1058/4957/784 1084/4956/883 1089/5012/945
f 1107/1936/752 1073/1981/1100 1025/1930/542
f 606/1034/206 946/991/583 1229/1033/1111
f 1192/488/904 695/511/352 1109/430/654
f 695/372/352 1192/382/904 1038/331/787
f 1194/1980/350 959/1947/456 995/2074/459
f 1060/2561/285 1097/2609/932 1072/2562/343
f 1119/2315/240 1005/2136/670 1069/2197/844
f 1137/2650/212 1133/2845/172 1051/2880/717
f 1073/4770/1100 1058/4713/784 1089/4712/945
f 1073/4770/1100 1089/4712/945 1115/4718/743
f 1087/1433/734 1080/1516/110 1105/1510/1217
f 1072/1144/343 1082/1210/405 1092/1131/893
f 1102/462/1148 1072/463/343 1092/433/893
f 1102/2965/1148 1076/2940/729 1072/3017/343
f 1103/3886/853 1080/3786/110 1078/3785/421
f 941/695/581 1072/622/343 1099/687/492
f 1130/2737/692 825/2755/574 1104/2711/399
f 1136/185/208 1022/68/811 1036/73/1092
f 1065/3529/941 1059/3449/890 1098/3533/1053
f 1034/2166/947 1129/2314/80 1053/2185/942
f 1077/906/1020 1141/975/498 1008/942/401
f 1100/2988/534 1016/3042/706 771/3013/1145
f 1075/1897/577 1144/1993/633 963/1841/637
f 1082/1210/405 1081/1313/481 1092/1131/893
f 1130/960/692 1103/1008/853 1078/998/421
f 1055/1759/837 1086/1781/816 1061/1782/865
f 1131/177/156 1036/73/1092 1043/78/310
f 1066/198/604 1096/173/686 1079/211/1192
f 1150/127/742 1096/173/686 1066/198/604
f 1107/3708/752 990/3735/551 1075/3759/577
f 1092/1131/893 1081/1313/481 1087/1433/734
f 1097/2609/932 1060/2561/285 1102/2629/1148
f 1046/2189/451 983/2199/901 1125/2306/129
f 1071/2181/1210 1046/2189/451 1112/2258/106
f 1064/268/1007 1118/300/104 1035/278/442
f 1118/3061/104 1064/3093/1007 1016/3042/706
f 1090/3948/739 1080/3897/110 1103/3826/853
f 1148/3843/823 1116/3891/126 967/3844/395
f 1156/1967/1198 1144/1993/633 1075/1897/577
f 1095/1950/796 909/1962/548 1085/2000/765
f 1105/1510/1217 1103/1458/853 1087/1433/734
f 1099/687/492 1072/622/343 1097/649/932
f 1101/2520/1183 1102/2556/1148 1068/2533/746
f 1141/4013/498 1077/4014/1020 1111/3941/163
f 1111/2014/163 1073/1981/1100 1107/1936/752
f 1150/127/742 1066/198/604 951/228/603
f 1107/719/752 1156/753/1198 917/750/911
f 1083/2137/571 909/2198/548 1095/2106/796
f 1093/1393/902 1092/1131/893 1087/1433/734
f 1103/1458/853 1093/1393/902 1087/1433/734
f 1093/3513/902 1094/3503/1041 1092/3522/893
f 1094/3503/1041 1097/3475/932 1092/3522/893
f 1097/3475/932 1102/3474/1148 1092/3522/893
f 1103/4264/853 1105/4298/1217 1090/4240/739
f 1090/3448/739 1098/3533/1053 1059/3449/890
f 1101/2520/1183 1068/2533/746 1061/2504/865
f 1111/3941/163 1077/4014/1020 1073/3967/1100
f 1064/3961/1007 1096/4015/686 1114/3938/97
f 1101/2802/1183 1086/2801/816 1106/2851/1087
f 1061/3756/865 1086/3696/816 1101/3755/1183
f 1053/2185/942 1129/2314/80 1069/2197/844
f 1064/449/1007 1114/455/97 1216/512/997
f 1107/3708/752 1075/3759/577 1115/3747/743
f 1225/34/993 949/208/558 968/182/680
f 1094/1234/1041 1093/1393/902 1187/1347/976
f 1112/2258/106 1046/2189/451 1125/2306/129
f 1035/278/442 1118/300/104 1149/324/387
f 1042/1784/429 1214/1740/356 1088/1711/466
f 1217/59/927 989/110/797 1200/262/968
f 989/110/797 1038/331/787 1200/262/968
f 1090/4240/739 1105/4298/1217 1098/4299/1053
f 1071/4188/1210 1112/4208/106 1043/4248/310
f 1124/1193/804 1097/1142/932 1094/1234/1041
f 1021/2819/1057 1022/2821/811 1136/2997/208
f 1123/1976/789 1095/1950/796 1085/2000/765
f 1042/1784/429 959/1947/456 1194/1980/350
f 1076/2940/729 1106/2857/1087 900/2863/812
f 1101/2520/1183 1106/2488/1087 1102/2556/1148
f 1005/2136/670 1119/2315/240 1104/2274/399
f 946/991/583 1008/942/401 1141/975/498
f 1094/1234/1041 1187/1347/976 1124/1193/804
f 1108/1564/1114 1098/1524/1053 1105/1563/1217
f 983/2199/901 1121/2366/222 1125/2306/129
f 1138/184/136 1131/177/156 1043/78/310
f 1138/4247/136 1043/4248/310 1112/4208/106
f 1147/3472/154 1089/3482/945 1084/3473/883
f 1089/467/945 1147/401/154 1115/478/743
f 1045/356/472 1149/324/387 1162/374/1155
f 1127/1429/864 1093/1393/902 1103/1458/853
f 1076/2940/729 1102/2965/1148 1106/2857/1087
f 1118/3061/104 1016/3042/706 1100/2988/534
f 1200/262/968 1038/331/787 1192/382/904
f 1127/1429/864 1176/1409/533 1093/1393/902
f 1128/656/880 1099/687/492 1097/649/932
f 1135/1957/340 1121/1994/222 1091/1958/565
f 1226/1987/1010 998/1816/649 1088/1844/466
f 1110/8/127 1117/23/363 1124/81/804
f 1113/3405/267 1126/3487/397 1103/3419/853
f 1117/23/363 1097/83/932 1124/81/804
f 1117/574/363 1128/656/880 1097/649/932
f 1130/2737/692 1104/2711/399 1151/2676/731
f 1099/3396/492 1166/3400/960 1091/3430/565
f 1166/3400/960 1135/3437/340 1091/3430/565
f 1129/2314/80 1119/2315/240 1069/2197/844
f 1133/2845/172 1137/2650/212 1139/2766/209
f 1116/105/126 1148/115/823 1118/300/104
f 1116/3172/126 1118/3198/104 1114/3219/97
f 1150/4016/742 1114/3938/97 1096/4015/686
f 1130/960/692 1113/1102/267 1103/1008/853
f 1021/2819/1057 1136/2997/208 1137/2998/212
f 1151/2159/731 1104/2158/399 1119/2193/240
f 1135/3149/340 1122/3163/144 1121/3208/222
f 1131/177/156 1136/185/208 1036/73/1092
f 1120/3216/133 1116/3172/126 1114/3219/97
f 1112/3241/106 1111/3240/163 1147/3297/154
f 1144/1993/633 1147/2034/154 1084/1963/883
f 1110/8/127 1132/28/324 1134/33/120
f 1152/4388/443 1103/4311/853 1126/4310/397
f 1152/1089/443 1113/1102/267 1130/960/692
f 1152/4388/443 1127/4393/864 1103/4311/853
f 1132/28/324 1110/8/127 1124/81/804
f 1187/1347/976 1093/1393/902 1176/1409/533
f 1120/3216/133 1151/3220/731 1119/3145/240
f 1121/3208/222 1122/3163/144 1125/3209/129
f 1120/3216/133 1119/3145/240 1129/3167/80
f 1120/3216/133 1129/3167/80 1116/3172/126
f 1112/3212/106 1125/3209/129 1122/3163/144
f 1112/3212/106 1122/3163/144 1111/3189/163
f 1146/2398/590 1114/2448/97 1150/2399/742
f 1111/3240/163 1115/3244/743 1147/3297/154
f 1123/1976/789 1085/2000/765 1162/2001/1155
f 1214/1740/356 1226/1710/1010 1088/1711/466
f 1130/514/692 1127/495/864 1152/513/443
f 1128/1386/880 1117/1385/363 1132/1427/324
f 1124/1424/804 1128/1386/880 1132/1427/324
f 1138/3271/136 1112/3241/106 1147/3297/154
f 1141/3148/498 1111/3189/163 1122/3163/144
f 1150/127/742 951/228/603 1057/166/578
f 1123/3593/789 1162/3557/1155 1100/3571/534
f 968/182/680 945/165/720 1217/2/927
f 1190/1079/1040 1127/1084/864 1130/1038/692
f 1099/687/492 1128/656/880 1197/694/1196
f 1130/2737/692 1151/2676/731 1188/2732/1169
f 1136/2437/208 1131/2434/156 1139/2649/209
f 1139/2649/209 1131/2434/156 1133/2648/172
f 1131/2434/156 1138/2424/136 1142/2502/70
f 1133/2648/172 1131/2434/156 1140/2594/135
f 1114/3044/97 1146/3092/590 1120/3064/133
f 1216/512/997 1114/455/97 1196/471/1203
f 1162/2985/1155 1118/3061/104 1100/2988/534
f 1144/3692/633 1156/3693/1198 1115/3643/743
f 1134/33/120 1132/28/324 1167/84/777
f 1137/2646/212 1136/2437/208 1139/2649/209
f 1131/2434/156 1142/2502/70 1140/2594/135
f 1133/2648/172 1140/2594/135 1148/2655/823
f 1114/4317/97 1118/4363/104 1196/4318/1203
f 1123/520/789 1216/512/997 1095/560/796
f 1162/374/1155 1085/380/765 1045/356/472
f 1225/34/993 968/182/680 1217/2/927
f 1126/581/397 1113/615/267 1201/601/1059
f 1110/4889/127 1189/4888/884 1117/4946/363
f 1172/1159/434 1128/1146/880 1124/1193/804
f 1197/694/1196 1128/656/880 1172/657/434
f 1188/1037/1169 1190/1079/1040 1130/1038/692
f 1166/3186/960 1099/3174/492 1197/3119/1196
f 1166/3243/960 1169/3224/1128 1135/3193/340
f 1161/1627/1144 1151/1604/731 1120/1625/133
f 1146/3092/590 1161/3136/1144 1120/3064/133
f 1157/4668/1173 1140/4652/135 1142/4628/70
f 1140/2482/135 1164/2522/1002 1145/2554/556
f 1142/2502/70 1143/2477/524 1153/2511/776
f 1191/4423/1182 1196/4318/1203 1118/4363/104
f 1184/660/1088 1115/725/743 1111/661/163
f 1118/3061/104 1162/2985/1155 1191/3048/1182
f 1144/3273/633 1115/3234/743 1184/3324/1088
f 1194/1980/350 995/2074/459 1223/2087/398
f 1189/3439/884 1132/3352/324 1117/3341/363
f 1148/4908/823 1140/4907/135 1154/4995/1213
f 1164/2522/1002 1140/2482/135 1157/2553/1173
f 1142/2502/70 1138/2424/136 1143/2477/524
f 1143/4418/524 1138/4417/136 1160/4468/1191
f 1160/3304/1191 1138/3271/136 1147/3297/154
f 1122/758/144 1171/916/1098 1141/975/498
f 1111/2014/163 1107/1936/752 1222/2015/1065
f 946/991/583 1141/975/498 1229/1033/1111
f 1115/3747/743 1156/3760/1198 1107/3708/752
f 1042/1784/429 1194/1980/350 1214/1740/356
f 1168/3402/532 1132/3352/324 1189/3439/884
f 1124/1193/804 1199/1212/1101 1172/1159/434
f 1149/324/387 1118/300/104 1148/115/823
f 1145/1765/556 1154/1766/1213 1140/1754/135
f 1165/183/724 1147/181/154 1149/222/387
f 1201/4838/1059 1113/4839/267 1152/4776/443
f 1167/3342/777 1132/3352/324 1168/3402/532
f 1190/1450/1040 1176/1409/533 1127/1429/864
f 1159/1693/1211 1163/1911/1208 1158/1917/1167
f 1160/1908/1191 1163/1911/1208 1157/1838/1173
f 1154/1736/1213 1164/1769/1002 1157/1838/1173
f 1122/758/144 1135/569/340 1171/916/1098
f 1157/3003/1173 1142/2979/70 1153/2986/776
f 1149/222/387 1148/6/823 1165/183/724
f 1149/222/387 1147/181/154 1144/210/633
f 1223/2058/398 1083/2137/571 1095/2106/796
f 1223/2058/398 995/2240/459 1083/2137/571
f 1169/589/1128 1174/749/1179 1135/569/340
f 1188/1655/1169 1159/1693/1211 1155/1695/1193
f 1159/1693/1211 1158/1917/1167 1155/1695/1193
f 1154/1736/1213 1163/1911/1208 1159/1693/1211
f 1174/749/1179 1171/916/1098 1135/569/340
f 1148/1685/823 1154/1736/1213 1159/1693/1211
f 1157/1838/1173 1163/1911/1208 1154/1736/1213
f 1153/1827/776 1160/1908/1191 1157/1838/1173
f 1143/1872/524 1160/1908/1191 1153/1827/776
f 1141/975/498 1171/916/1098 1178/956/965
f 1191/321/1182 1162/374/1155 1149/324/387
f 1149/3235/387 1144/3273/633 1186/3307/1175
f 1186/3307/1175 1144/3273/633 1184/3324/1088
f 1189/3654/884 1110/3788/127 1134/3789/120
f 1182/1727/931 1188/1655/1169 1155/1695/1193
f 1188/1655/1169 1151/1604/731 1161/1627/1144
f 1155/858/1193 1180/874/737 1182/877/931
f 1155/858/1193 1158/857/1167 1180/874/737
f 1158/2744/1167 1175/2779/1209 1197/2780/1196
f 1170/1948/1227 1174/1978/1179 1169/1971/1128
f 1177/1658/1230 1148/1685/823 1159/1693/1211
f 1163/1911/1208 1160/1908/1191 1175/1926/1209
f 1175/1926/1209 1174/1978/1179 1170/1948/1227
f 1161/3136/1144 1146/3092/590 1179/3130/1186
f 1164/1769/1002 1154/1736/1213 1145/1748/556
f 1181/3326/1147 1160/3304/1191 1147/3297/154
f 1150/3086/742 1179/3130/1186 1146/3092/590
f 1181/3625/1147 1147/3677/154 1165/3678/724
f 1167/3766/777 1168/3765/532 1134/3834/120
f 1189/2716/884 1199/2663/1101 1168/2687/532
f 1190/892/1040 1152/891/443 1176/918/533
f 1187/1347/976 1199/1212/1101 1124/1193/804
f 1189/2716/884 1172/2717/434 1199/2663/1101
f 1170/1948/1227 1197/1942/1196 1175/1926/1209
f 1177/1658/1230 1188/1655/1169 1161/1627/1144
f 1175/1926/1209 1158/1917/1167 1163/1911/1208
f 1159/1693/1211 1188/1655/1169 1177/1658/1230
f 1173/1647/1224 1177/1658/1230 1161/1627/1144
f 1177/3697/1230 1165/3698/724 1148/3659/823
f 1186/3307/1175 1191/3294/1182 1149/3235/387
f 1057/166/578 949/208/558 1225/34/993
f 1202/4954/1055 1134/4955/120 1168/4891/532
f 1190/4284/1040 1201/4285/1059 1152/4203/443
f 1172/912/434 1215/896/1222 1193/895/910
f 1182/4220/931 1180/4219/737 1183/4251/1195
f 1165/1692/724 1177/1658/1230 1173/1647/1224
f 1174/1978/1179 1175/1926/1209 1184/1946/1088
f 1179/1628/1186 1173/1647/1224 1161/1627/1144
f 1181/1915/1147 1175/1926/1209 1160/1908/1191
f 1181/1915/1147 1184/1946/1088 1175/1926/1209
f 1181/1915/1147 1165/1692/724 1186/1796/1175
f 1215/1913/1222 1168/1904/532 1199/1879/1101
f 1187/1761/976 1211/1837/1187 1199/1879/1101
f 1172/4445/434 1189/4444/884 1215/4496/1222
f 1198/4307/1168 1187/4384/976 1176/4380/533
f 1193/1969/910 1169/1971/1128 1166/2013/960
f 1172/1290/434 1195/1309/1112 1210/1301/1219
f 1197/1686/1196 1172/1706/434 1210/1732/1219
f 1195/1309/1112 1172/1290/434 1166/1308/960
f 1195/1834/1112 1166/1833/960 1197/1857/1196
f 1166/4922/960 1172/4923/434 1193/4862/910
f 1180/1735/737 1158/1687/1167 1197/1686/1196
f 1169/1971/1128 1197/1942/1196 1170/1948/1227
f 1184/1946/1088 1171/1989/1098 1174/1978/1179
f 1196/1626/1203 1165/1692/724 1173/1647/1224
f 1196/1626/1203 1173/1647/1224 1179/1628/1186
f 1191/1667/1182 1165/1692/724 1196/1626/1203
f 1179/3130/1186 1150/3086/742 1196/3135/1203
f 1191/1667/1182 1186/1796/1175 1165/1692/724
f 1186/1796/1175 1184/1946/1088 1181/1915/1147
f 1184/4619/1088 1111/4567/163 1222/4566/1065
f 1202/3665/1055 1189/3654/884 1134/3789/120
f 1126/377/397 1205/378/1174 1152/338/443
f 1202/3868/1055 1215/3810/1222 1189/3809/884
f 1205/3112/1174 1201/3155/1059 1190/3142/1040
f 1176/4810/533 1152/4876/443 1205/4883/1174
f 1202/4729/1055 1168/4657/532 1215/4728/1222
f 1204/4274/1207 1182/4220/931 1183/4251/1195
f 1209/3962/959 1185/3932/59 1180/3920/737
f 1182/207/931 1203/215/643 1208/216/1212
f 1206/529/642 1207/558/697 1185/535/59
f 1205/500/1174 1126/499/397 1201/555/1059
f 1198/4989/1168 1176/5030/533 1205/4990/1174
f 1215/1913/1222 1195/1928/1112 1193/1969/910
f 1197/1942/1196 1193/1969/910 1195/1928/1112
f 1210/1732/1219 1180/1735/737 1197/1686/1196
f 1188/1077/1169 1182/1076/931 1208/1096/1212
f 1203/4150/643 1182/4124/931 1204/4149/1207
f 1180/3920/737 1210/3965/1219 1209/3962/959
f 1185/2902/59 1183/2903/1195 1180/2888/737
f 1178/2012/965 1171/1989/1098 1184/1946/1088
f 1208/3082/1212 1198/3052/1168 1190/3142/1040
f 1188/3156/1169 1208/3082/1212 1190/3142/1040
f 1199/1879/1101 1210/1891/1219 1195/1928/1112
f 1169/1971/1128 1193/1969/910 1197/1942/1196
f 1210/1891/1219 1211/1837/1187 1183/1859/1195
f 1204/1240/1207 1183/1239/1195 1224/1292/1150
f 1213/1868/1146 1210/1891/1219 1183/1859/1195
f 1213/4184/1146 1183/4142/1195 1185/4141/59
f 1213/530/1146 1185/535/59 1207/558/697
f 1212/1871/1190 1213/1868/1146 1207/1860/697
f 1206/3945/642 1185/3932/59 1212/3966/1190
f 1211/1837/1187 1210/1891/1219 1199/1879/1101
f 1204/286/1207 1224/311/1150 1198/312/1168
f 1211/1837/1187 1224/1764/1150 1183/1859/1195
f 1204/3056/1207 1198/3052/1168 1208/3082/1212
f 1209/1880/959 1210/1891/1219 1213/1868/1146
f 1203/3058/643 1204/3056/1207 1208/3082/1212
f 1185/3932/59 1209/3962/959 1212/3966/1190
f 1209/1880/959 1213/1868/1146 1212/1871/1190
f 1178/2565/965 1184/2610/1088 1222/2566/1065
f 1190/3142/1040 1198/3052/1168 1205/3112/1174
f 1215/1913/1222 1199/1879/1101 1195/1928/1112
f 1227/4306/1056 1187/4384/976 1198/4307/1168
f 1198/4616/1168 1224/4550/1150 1227/4615/1056
f 1206/1889/642 1212/1871/1190 1207/1860/697
f 1141/975/498 1178/956/965 1229/1033/1111
f 1211/3173/1187 1187/3147/976 1227/3120/1056
f 1227/285/1056 1230/313/1033 1211/314/1187
f 1224/2031/1150 1211/2030/1187 1230/2057/1033
f 1228/44/1113 1150/127/742 1057/166/578
f 1192/488/904 1109/430/654 1229/398/1111
f 1219/4107/287 1218/4133/364 1221/4134/854
f 1216/2980/997 1196/3001/1203 1228/3002/1113
f 1222/3954/1065 1229/4034/1111 1178/4035/965
f 1228/237/1113 1196/264/1203 1150/238/742
f 1107/1936/752 1226/1987/1010 1222/2015/1065
f 1221/4045/854 1218/4044/364 1220/4079/1131
f 1228/3913/1113 1057/3914/578 1225/3875/993
f 1095/4021/796 1216/4074/997 1228/4022/1113
f 1223/2058/398 1095/2106/796 1228/2016/1113
f 1218/1862/364 1219/1863/287 1220/1847/1131
f 1220/4172/1131 1219/4197/287 1221/4173/854
f 1223/2087/398 1232/2062/1226 1194/1980/350
f 1226/3987/1010 1229/4034/1111 1222/3954/1065
f 1192/488/904 1229/398/1111 1231/461/1225
f 1225/4/993 1217/59/927 1232/67/1226
f 1214/1740/356 1194/1980/350 1231/1716/1225
f 1231/2525/1225 1226/2540/1010 1214/2541/356
f 1194/1980/350 1232/2062/1226 1231/1716/1225
f 1231/3971/1225 1229/4034/1111 1226/3987/1010
f 1200/262/968 1192/382/904 1231/371/1225
f 1217/59/927 1200/262/968 1232/67/1226
f 1232/4695/1226 1228/4766/1113 1225/4696/993
f 1232/2063/1226 1223/2058/398 1228/2016/1113
f 1200/262/968 1231/371/1225 1232/67/1226
f 1230/2210/1033 1227/2255/1056 1224/2256/1150