mtllib mesh.mtl
o material_0
usemtl material_0
v -0.2951855957508087 -0.0655086413025856 -0.0024301486555486917
v -0.2949356436729431 -0.2830731272697449 -0.004475693218410015
v -0.29273533821105957 -0.07940678298473358 -0.0056088645942509174
v -0.27481549978256226 -0.30801552534103394 -0.0036657347809523344
v -0.2733304798603058 -0.09084035456180573 -0.0006659695063717663
v -0.27066880464553833 -0.4924086034297943 -0.008343232795596123
v -0.26506075263023376 -0.2846847474575043 -0.03463798016309738
v -0.26473259925842285 -0.3494974374771118 -0.020117642357945442
v -0.2646274268627167 -0.26623743772506714 0.0030677691102027893
v -0.26219096779823303 -0.14477887749671936 -0.008303036913275719
v -0.2614228427410126 -0.11751063913106918 0.021646713837981224
v -0.2611750662326813 -0.08654334396123886 0.023510001599788666
v -0.259630024433136 -0.2839888036251068 0.11629348993301392
v -0.25923413038253784 -0.4515538811683655 0.004383745137602091
v -0.25857943296432495 -0.06865212321281433 0.1134578138589859
v -0.25808554887771606 -0.28593188524246216 -0.11747346073389053
v -0.258038192987442 -0.11685539782047272 -0.025124408304691315
v -0.25792035460472107 -0.37150177359580994 -0.0037455742713063955
v -0.25754979252815247 -0.06827384978532791 -0.12189546972513199
v -0.2568020522594452 -0.2734230160713196 0.02530776895582676
v -0.2565217912197113 -0.3349738121032715 0.025291800498962402
v -0.2564980983734131 -0.48962467908859253 0.0005057449452579021
v -0.2559777796268463 -0.4986988306045532 0.024870578199625015
v -0.2552069127559662 -0.2519219219684601 -0.01830335706472397
v -0.25379952788352966 -0.2840934097766876 0.041831258684396744
v -0.25284144282341003 -0.08550432324409485 -0.05582189932465553
v -0.2526102066040039 -0.36537671089172363 0.012279603630304337
v -0.25238940119743347 -0.4603880047798157 0.017147064208984375
v -0.25232774019241333 -0.14214856922626495 0.015141714364290237
v -0.2499352991580963 -0.01497129537165165 -0.004278572276234627
v -0.2466381937265396 -0.4542728364467621 -0.019953006878495216
v -0.24633315205574036 -0.06270214170217514 0.013738740235567093
v -0.2456250637769699 -0.25162404775619507 0.016903139650821686
v -0.24549952149391174 -0.06484460085630417 -0.0769914910197258
v -0.24519668519496918 -0.06540677696466446 0.08203736692667007
v -0.24118322134017944 -0.2722705602645874 0.11385645717382431
v -0.24027635157108307 -0.49838390946388245 -0.032037414610385895
v -0.2399592101573944 -0.2836948037147522 -0.0629386305809021
v -0.2393331676721573 -0.06286347657442093 -0.018103482201695442
v -0.23753869533538818 -0.3754045367240906 0.015278267674148083
v -0.23721547424793243 -0.30926764011383057 0.10667365044355392
v -0.23660814762115479 -0.3119177520275116 0.028077928349375725
v -0.2361605018377304 -0.3663788139820099 -0.020542718470096588
v -0.23613020777702332 -0.28264641761779785 0.07710327208042145
v -0.23596888780593872 -0.49575692415237427 0.027643488720059395
v -0.2342614233493805 -0.30956441164016724 -0.11288680881261826
v -0.23399712145328522 -0.08973746746778488 -0.11450012028217316
v -0.233803853392601 0.04071487486362457 -0.0008999820565804839
v -0.2331497073173523 -0.2708791494369507 -0.11132746189832687
v -0.2330511510372162 -0.4957045912742615 0.11637718230485916
v -0.23299278318881989 -0.30710315704345703 -0.03481197729706764
v -0.23267121613025665 -0.4963664412498474 -0.12382593750953674
v -0.23258203268051147 -0.026308514177799225 0.012263636104762554
v -0.23228029906749725 -0.0889434814453125 -0.02780096046626568
v -0.23225881159305573 -0.012065685354173183 0.014819053001701832
v -0.23204737901687622 -0.08531215786933899 0.08791080117225647
v -0.2308272123336792 -0.16335782408714294 -0.02258826419711113
v -0.23065432906150818 -0.15350891649723053 0.050896625965833664
v -0.23027163743972778 -0.1390557438135147 0.020647341385483742
v -0.22944460809230804 -0.09326693415641785 0.0991835966706276
v -0.2293003499507904 -0.11460722237825394 0.12566611170768738
v -0.22926069796085358 -0.12503701448440552 -0.028812995180487633
v -0.22858674824237823 -0.01439369935542345 -0.018070995807647705
v -0.22841769456863403 -0.2274656742811203 0.021156111732125282
v -0.22834612429141998 -0.10764797031879425 -0.1003839373588562
v -0.22785884141921997 -0.06005477532744408 0.013016329146921635
v -0.22781313955783844 -0.3108176589012146 -0.13344578444957733
v -0.22763969004154205 -0.08887520432472229 0.02778114378452301
v -0.22761820256710052 -0.15300455689430237 -0.06473364681005478
v -0.22673335671424866 -0.2681337594985962 -0.024276457726955414
v -0.22666840255260468 -0.11464576423168182 -0.12790711224079132
v -0.22624552249908447 0.006218124646693468 -0.015359203331172466
v -0.2256789356470108 -0.35017746686935425 0.024264348670840263
v -0.22563764452934265 -0.2694282531738281 0.0223300289362669
v -0.22551320493221283 -0.17098166048526764 0.022498516365885735
v -0.22535352408885956 -0.4616791903972626 -0.12226603925228119
v -0.22493229806423187 -0.4932367205619812 -0.11709517985582352
v -0.22491523623466492 -0.2841176390647888 -0.1467057466506958
v -0.22469112277030945 -0.15096120536327362 -0.11604845523834229
v -0.22452814877033234 -0.14082708954811096 0.10570566356182098
v -0.22412455081939697 -0.45442038774490356 0.11426997184753418
v -0.2240193784236908 -0.25183603167533875 0.10515724867582321
v -0.22354309260845184 -0.4964832067489624 -0.08826043456792831
v -0.22334927320480347 -0.35927367210388184 0.10622268915176392
v -0.22316262125968933 -0.33023515343666077 0.1363546997308731
v -0.22247324883937836 -0.3003377616405487 -0.07733838260173798
v -0.22204485535621643 -0.06264597922563553 -0.11552482843399048
v -0.22187912464141846 -0.45601388812065125 -0.104972243309021
v -0.22180643677711487 -0.015861093997955322 0.10949335992336273
v -0.22091609239578247 -0.06302480399608612 -0.06891613453626633
v -0.22073878347873688 -0.37047433853149414 -0.11732369661331177
v -0.22072118520736694 -0.021657446399331093 -0.11848549544811249
v -0.22071236371994019 -0.06363929063081741 0.1387212574481964
v -0.2206699699163437 -0.026475904509425163 0.04890834540128708
v -0.21997949481010437 -0.06297855824232101 0.0573955662548542
v -0.21908032894134521 -0.285402774810791 0.15170040726661682
v -0.218947634100914 -0.1751658022403717 0.05095994472503662
v -0.21883641183376312 -0.2712739408016205 0.05727938562631607
v -0.21881988644599915 -0.030369870364665985 -0.06385045498609543
v -0.2188028246164322 -0.08996818214654922 0.1305682510137558
v -0.2187119573354721 -0.31799766421318054 -0.0779198408126831
v -0.2185990959405899 -0.07578206807374954 0.14849527180194855
v -0.21806278824806213 -0.47442319989204407 0.11672408133745193
v -0.21774399280548096 -0.06317401677370071 -0.015063521452248096
v -0.2176624983549118 -0.24722185730934143 -0.12485063821077347
v -0.2174851894378662 -0.4744430184364319 0.02160816825926304
v -0.21679802238941193 -0.18228475749492645 -0.041158948093652725
v -0.2167561799287796 -0.1778506338596344 -0.0611419640481472
v -0.21671928465366364 -0.27101460099220276 -0.047949716448783875
v -0.21642249822616577 -0.01251168828457594 -0.018695395439863205
v -0.2163030207157135 -0.02983962930738926 0.11916110664606094
v -0.21590657532215118 -0.010617563501000404 0.00013132492313161492
v -0.21578983962535858 -0.49771714210510254 0.09935373812913895
v -0.2156163901090622 -0.17373420298099518 0.016844775527715683
v -0.21528327465057373 -0.3075965642929077 0.08233964443206787
v -0.2152717113494873 -0.2712050974369049 0.043402720242738724
v -0.21504925191402435 -0.3807328939437866 0.019911713898181915
v -0.21504485607147217 -0.3338274359703064 0.08425469696521759
v -0.21365565061569214 -0.013263281434774399 0.09162471443414688
v -0.21319368481636047 -0.4951038658618927 -0.07317075878381729
v -0.21316008269786835 -0.012480300851166248 -0.09934767335653305
v -0.2131369709968567 -0.1431688666343689 0.12713129818439484
v -0.21310777962207794 -0.4742547869682312 -0.12138669937849045
v -0.21269096434116364 -0.06217575445771217 0.09177393466234207
v -0.21253953874111176 -0.06223466992378235 0.04981851577758789
v -0.21249715983867645 -0.2632090151309967 -0.06623353064060211
v -0.21239584684371948 -0.4988458752632141 -0.11697625368833542
v -0.21235619485378265 -0.24057644605636597 0.044990699738264084
v -0.21210125088691711 -0.48521971702575684 -0.09930858761072159
v -0.21193166077136993 -0.14080175757408142 0.08158639818429947
v -0.21131332218647003 -0.27658796310424805 -0.02016058936715126
v -0.21116136014461517 -0.09238539636135101 -0.08265514671802521
v -0.21099066734313965 -0.11570955812931061 0.08556296676397324
v -0.21085795760154724 -0.48726969957351685 -0.002580467378720641
v -0.21043232083320618 0.022669479250907898 -0.11102022230625153
v -0.21021263301372528 -0.143158957362175 -0.0861901119351387
v -0.21015042066574097 -0.27014076709747314 -0.08707385510206223
v -0.21007442474365234 -0.17580397427082062 -0.09091276675462723
v -0.2098415195941925 -0.25128209590911865 0.13064424693584442
v -0.2098112404346466 -0.36283227801322937 0.12874627113342285
v -0.20966365933418274 -0.4989912509918213 0.020391304045915604
v -0.20922593772411346 -0.4757149815559387 0.08642413467168808
v -0.20902274549007416 -0.02544955350458622 -0.06553644686937332
v -0.20887023210525513 -0.1808580905199051 0.06669054925441742
v -0.20883333683013916 -0.4663577675819397 -0.024599120020866394
v -0.20864778757095337 -0.1434750109910965 -0.13070204854011536
v -0.2080206274986267 -0.17461960017681122 0.08629143983125687
v -0.20797768235206604 -0.4995170831680298 -0.10177259892225266
v -0.20738962292671204 -0.4932912588119507 0.13827359676361084
v -0.20690618455410004 -0.3217308819293976 -0.009799616411328316
v -0.20651689171791077 -0.45640096068382263 0.13032323122024536
v -0.2061534821987152 -0.1239033043384552 -0.0003521174658089876
v -0.20599599182605743 -0.04978630691766739 -0.09766939282417297
v -0.20506711304187775 -0.4780116081237793 0.03232979774475098
v -0.20504122972488403 0.03714246675372124 0.11185827106237411
v -0.20480556786060333 -0.3488999903202057 0.040966786444187164
v -0.2046673744916916 -0.24902953207492828 -0.13110950589179993
v -0.2042885422706604 -0.5 0.12201936542987823
v -0.20377151668071747 -0.2649550437927246 0.07684338837862015
v -0.20336514711380005 -0.27515631914138794 0.024150921031832695
v -0.20333267748355865 -0.3502952754497528 0.015295336954295635
v -0.20330293476581573 -0.3480454385280609 -0.04383384436368942
v -0.20272094011306763 -0.45575398206710815 -0.1318814754486084
v -0.2023993730545044 -0.08903818577528 0.015240275301039219
v -0.20226390659809113 -0.013711483217775822 0.08403445035219193
v -0.20213672518730164 -0.18444867432117462 -0.06470280885696411
v -0.20190051198005676 -0.0900672972202301 -0.1407739371061325
v -0.20166264474391937 -0.3550504148006439 -0.13431960344314575
v -0.20159436762332916 -0.48797890543937683 -0.14760272204875946
v -0.20070402324199677 -0.4961467385292053 -0.138673335313797
v -0.20046064257621765 -0.03583144769072533 0.0953083485364914
v -0.199873685836792 -0.062225859612226486 -0.09814897924661636
v -0.19940565526485443 -0.17515921592712402 -0.02682967111468315
v -0.19896240532398224 -0.013713136315345764 -0.09608747065067291
v -0.19875262677669525 -0.47551459074020386 0.07313331961631775
v -0.19845089316368103 -0.36542627215385437 0.07782348245382309
v -0.1977747231721878 -0.36969080567359924 -0.08108863979578018
v -0.19744932651519775 -0.475624144077301 -0.08036953210830688
v -0.19693118333816528 -0.07957527041435242 -0.1696549654006958
v -0.19676710665225983 -0.08892696350812912 -0.03203851357102394
v -0.1964493989944458 -0.48745912313461304 0.02889394201338291
v -0.19636020064353943 -0.3417513370513916 -0.028630191460251808
v -0.1958068311214447 -0.013421306386590004 -0.13072188198566437
v -0.19566145539283752 -0.013199410401284695 0.1287170797586441
v -0.19483940303325653 -0.3087627589702606 0.020699098706245422
v -0.19409824907779694 -0.2828347384929657 0.15261223912239075
v -0.19292104244232178 -0.3124050498008728 0.134181410074234
v -0.1922542303800583 -0.1732243299484253 0.024082643911242485
v -0.19207638502120972 -0.4645814597606659 0.1284775584936142
v -0.19129836559295654 -0.488716185092926 -0.03209853172302246
v -0.19090963900089264 -0.005663655698299408 -0.10373279452323914
v -0.1900402009487152 0.013563364744186401 0.10679809004068375
v -0.189843088388443 -0.317621111869812 -0.13820475339889526
v -0.18975278735160828 -0.28213319182395935 -0.1565106064081192
v -0.18953914940357208 -0.13508690893650055 -0.05440516024827957
v -0.189359650015831 -0.06046939268708229 -0.1252768188714981
v -0.18919940292835236 -0.06228367239236832 0.12426698952913284
v -0.18852820992469788 -0.02577001042664051 0.12215481698513031
v -0.1884026676416397 -0.0655207559466362 -0.17444366216659546
v -0.1882798820734024 -0.15341641008853912 0.12504610419273376
v -0.1881653517484665 -0.17266766726970673 -0.028441330417990685
v -0.1878129541873932 -0.2764112055301666 -0.030077766627073288
v -0.1877584457397461 -0.1575058549642563 -0.12666602432727814
v -0.18748974800109863 -0.14569179713726044 0.010655832476913929
v -0.18693141639232635 -0.48721960186958313 0.12881839275360107
v -0.18658341467380524 -0.3587532937526703 0.07410406321287155
v -0.18631526827812195 -0.17970456182956696 0.04816776514053345
v -0.1862398386001587 -0.30413588881492615 -0.027978811413049698
v -0.1860564947128296 -0.26757100224494934 0.0746409147977829
v -0.1859595775604248 -0.2757454812526703 0.04506448283791542
v -0.18590837717056274 -0.48175138235092163 -0.08033650368452072
v -0.1858026534318924 -0.49928802251815796 -0.1393440067768097
v -0.18537703156471252 -0.3578591048717499 0.1256237030029297
v -0.18473389744758606 -0.009982701390981674 0.1101326271891594
v -0.1846986711025238 -0.2731955945491791 -0.08020985871553421
v -0.18318170309066772 -0.2715696096420288 -0.1282176673412323
v -0.1827246993780136 -0.2743458151817322 0.12541668117046356
v -0.1827109307050705 -0.18330064415931702 0.07374781370162964
v -0.18214985728263855 -0.0881296768784523 -0.08195861428976059
v -0.18048644065856934 -0.15526704490184784 0.08238205313682556
v -0.18021002411842346 -0.09029854834079742 0.13463732600212097
v -0.18011531233787537 -0.3214869499206543 -0.042136844247579575
v -0.1798989325761795 -0.35867950320243835 -0.08173782378435135
v -0.17956030368804932 -0.17119035124778748 -0.08425579965114594
v -0.17819365859031677 -0.09150605648756027 -0.13529916107654572
v -0.17715300619602203 -0.4985501766204834 0.12087077647447586
v -0.1765632927417755 -0.15721125900745392 -0.046505995094776154
v -0.17612554132938385 -0.15344946086406708 0.050954993814229965
v -0.1754978448152542 -0.08775249868631363 0.08873562514781952
v -0.17478865385055542 -0.018979791551828384 -0.13983459770679474
v -0.1744852513074875 -0.3740103542804718 0.07987233996391296
v -0.17320066690444946 -0.1519749015569687 -0.09930803626775742
v -0.1728229522705078 -0.48694148659706116 0.08564721047878265
v -0.17272163927555084 -0.011447343975305557 -0.12467774748802185
v -0.17182356119155884 -0.2764441967010498 0.08758373558521271
v -0.17086879909038544 -0.48536235094070435 -0.12056132405996323
v -0.1706380993127823 -0.3297864496707916 0.07563643157482147
v -0.1704850047826767 -0.277007520198822 -0.09179484844207764
v -0.16905340552330017 -0.08807791024446487 -0.1003195196390152
v -0.16844883561134338 -0.48497140407562256 0.12164328992366791
v -0.16811680793762207 -0.3745758533477783 -0.12315748631954193
v -0.16768458485603333 -0.1202758327126503 0.10670008510351181
v -0.1667666882276535 -0.3625537157058716 0.12207827717065811
v -0.16618910431861877 -0.16808100044727325 0.09664855152368546
v -0.1660217046737671 -0.36819693446159363 0.09418784081935883
v -0.16592754423618317 -0.1570185422897339 0.1586337834596634
v -0.1658080667257309 -0.2681012749671936 0.1261291801929474
v -0.16571997106075287 -0.3042130172252655 0.07871934026479721
v -0.16530205309391022 -0.18590562045574188 0.1281813234090805
v -0.1650625318288803 -0.2740407884120941 -0.16171009838581085
v -0.1649034023284912 -0.2704496681690216 0.1087626963853836
v -0.16476686298847198 -0.15291370451450348 -0.156486377120018
v -0.1635119915008545 -0.2564661502838135 0.1427660882472992
v -0.16294485330581665 -0.488918274641037 -0.10175277292728424
v -0.16294266283512115 -0.1803746521472931 -0.13494180142879486
v -0.16215471923351288 -0.17750263214111328 -0.10899724811315536
v -0.1619570404291153 -0.3435424864292145 -0.10230229049921036
v -0.1617153286933899 -0.06296643614768982 -0.13750328123569489
v -0.16151325404644012 -0.1698060929775238 -0.152393639087677
v -0.1608150750398636 -0.30328184366226196 -0.10175663232803345
v -0.16049736738204956 -0.2753022313117981 -0.11854826658964157
v -0.1599830836057663 -0.2704716920852661 0.1536220759153366
v -0.15967144072055817 -0.2666949927806854 -0.13827359676361084
v -0.15857571363449097 -0.33392542600631714 0.10194769501686096
v -0.15836700797080994 -0.4734657406806946 -0.11767993867397308
v -0.1579590141773224 -0.4990110993385315 -0.09392189234495163
v -0.15711931884288788 -0.4935511350631714 -0.1722031980752945
v -0.15690402686595917 -0.25760430097579956 0.12294329702854156
v -0.15629394352436066 -0.48883897066116333 0.11848164349794388
v -0.1559123694896698 -0.30601242184638977 0.1594855934381485
v -0.15584243834018707 -0.06529775261878967 0.1916697472333908
v -0.15580609440803528 -0.06309914588928223 0.13750824332237244
v -0.15510240197181702 -0.355560302734375 0.1196252778172493
v -0.15491683781147003 -0.33677542209625244 -0.1488305926322937
v -0.15412066876888275 -0.06290862709283829 -0.15947844088077545
v -0.1539565622806549 -0.07922398298978806 0.20042182505130768
v -0.15363886952400208 -0.18413813412189484 -0.1284896731376648
v -0.15251561999320984 -0.3320064842700958 0.15250267088413239
v -0.152496337890625 -0.018154967576265335 0.14155307412147522
v -0.15231682360172272 -0.35406479239463806 -0.12400709092617035
v -0.15020962059497833 -0.011157717555761337 0.1581564098596573
v -0.1501661241054535 -0.08221107721328735 -0.1978229135274887
v -0.14777149260044098 -0.17918696999549866 0.12400214374065399
v -0.14651553332805634 -0.011048145592212677 -0.15972290933132172
v -0.14599519968032837 -0.2831287384033203 0.19275006651878357
v -0.14590322971343994 -0.08926945179700851 0.12037687748670578
v -0.14442868530750275 -0.028183920308947563 -0.1549413502216339
v -0.14427506923675537 -0.28496280312538147 -0.22278569638729095
v -0.1438070386648178 -0.28038281202316284 0.22657395899295807
v -0.14333900809288025 -0.1478656381368637 -0.11787320673465729
v -0.1431446522474289 0.12279269844293594 -0.00017206543998327106
v -0.14283961057662964 -0.12727253139019012 0.16117160022258759
v -0.1416519284248352 -0.28183040022850037 -0.2050684690475464
v -0.1414927840232849 -0.2658597230911255 0.15723687410354614
v -0.1409895271062851 0.10657095164060593 0.0016873705899342895
v -0.14093226194381714 -0.2762944996356964 -0.1285865753889084
v -0.1404234915971756 -0.18014338612556458 0.16033795475959778
v -0.14018066227436066 -0.48900851607322693 0.019690917804837227
v -0.13973961770534515 -0.27676302194595337 0.12416346371173859
v -0.13895279169082642 -0.17878666520118713 -0.1657819151878357
v -0.13856075704097748 -0.06213445961475372 0.16698665916919708
v -0.1359216421842575 -0.2603948414325714 -0.16585569083690643
v -0.13579389452934265 -0.48455512523651123 0.20330871641635895
v -0.13430117070674896 -0.02556517906486988 0.16914838552474976
v -0.13397960364818573 -0.06675854325294495 -0.23992863297462463
v -0.1337422877550125 -0.49801337718963623 -0.19786861538887024
v -0.13330510258674622 -0.3039420545101166 0.11953882873058319
v -0.13324233889579773 -0.31338077783584595 -0.2190646231174469
v -0.13166867196559906 -0.3325648009777069 0.20737281441688538
v -0.13127167522907257 -0.2591663897037506 0.1424797624349594
v -0.13120229542255402 -0.49645400047302246 -0.21273969113826752
v -0.13096387684345245 -0.17698834836483002 -0.13897012174129486
v -0.13018089532852173 -0.30588462948799133 0.21292854845523834
v -0.12951961159706116 -0.09203465282917023 -0.21573008596897125
v -0.1294160932302475 0.1580536961555481 -0.0005960410926491022
v -0.12801587581634521 -0.1006942167878151 0.22430045902729034
v -0.12644881010055542 -0.32303091883659363 0.19329461455345154
v -0.12619663774967194 -0.4881231188774109 0.1891743391752243
v -0.12619277834892273 -0.3087858557701111 -0.19274289906024933
v -0.12578752636909485 -0.46280738711357117 -0.21739241480827332
v -0.12529252469539642 -0.35815152525901794 0.15519794821739197
v -0.12485257536172867 -0.09258966892957687 -0.18043825030326843
v -0.12454257160425186 -0.32887789607048035 -0.19122375547885895
v -0.12430965900421143 -0.13967685401439667 0.2063569277524948
v -0.12394130229949951 0.3160749077796936 -0.0023277336731553078
v -0.12377116084098816 -0.08856521546840668 0.18326734006404877
v -0.12351401895284653 -0.143537238240242 -0.21017490327358246
v -0.12285657972097397 -0.06312061101198196 -0.006392944138497114
v -0.12239131331443787 -0.013116266578435898 0.16681982576847076
v -0.12185226380825043 -0.49639564752578735 -0.23150087893009186
v -0.12183628976345062 -0.26739761233329773 0.19082731008529663
v -0.12174433469772339 0.12418411672115326 -0.05488639697432518
v -0.12128787487745285 -0.18105027079582214 0.15814264118671417
v -0.12116013467311859 -0.2564777433872223 -0.20401735603809357
v -0.12038816511631012 0.1277058720588684 0.03047751821577549
v -0.12027253210544586 -0.4551224708557129 0.19818851351737976
v -0.11976596713066101 -0.27167147397994995 0.16967864334583282
v -0.1196431815624237 -0.49913719296455383 0.19972749054431915
v -0.11940641701221466 -0.2521774172782898 0.21756750345230103
v -0.11917019635438919 -0.27078166604042053 -0.15665102005004883
v -0.11902318149805069 -0.01549162995070219 0.20015643537044525
v -0.11866748332977295 -0.3507550060749054 0.1497126817703247
v -0.11838281899690628 -0.06280070543289185 0.19913612306118011
v -0.11828094720840454 0.13565734028816223 -0.0009445820469409227
v -0.1180601567029953 -0.4925072193145752 0.22315408289432526
v -0.11786248534917831 -0.15078940987586975 -0.19611379504203796
v -0.11765599995851517 -0.36867544054985046 -0.21988339722156525
v -0.11763563007116318 0.09536202996969223 -0.0013355206465348601
v -0.11758606880903244 -0.3605615794658661 0.21810655295848846
v -0.1172523945569992 -0.4982253313064575 -0.2182932198047638
v -0.11716925352811813 -0.2700972557067871 -0.17493373155593872
v -0.11712796241044998 0.16579760611057281 -0.0022489954717457294
v -0.11699360609054565 -0.029188795015215874 -0.2092575877904892
v -0.11688514053821564 -0.48147884011268616 -0.16425007581710815
v -0.11678712069988251 -0.48342692852020264 0.16354915499687195
v -0.11675409227609634 -0.15034893155097961 0.18768218159675598
v -0.11649254709482193 -0.015713529661297798 -0.19247420132160187
v -0.11636865139007568 -0.36480459570884705 -0.16549614071846008
v -0.11628826707601547 -0.36821073293685913 -0.18839797377586365
v -0.11619135737419128 -0.26779788732528687 0.16115672886371613
v -0.11615336686372757 -0.18227538466453552 -0.17178858816623688
v -0.1160861924290657 0.10878443717956543 -0.06883739680051804
v -0.11607352644205093 -0.368064284324646 0.18987418711185455
v -0.11597111076116562 0.06747984886169434 0.000948441622313112
v -0.11578720062971115 0.12231367081403732 0.06846463680267334
v -0.11548271030187607 0.129039466381073 -0.04572797194123268
v -0.1152624636888504 -0.11775510758161545 -0.15449699759483337
v -0.11517657339572906 -0.092981718480587 -0.23678956925868988
v -0.11445251107215881 -0.06614240258932114 0.25359222292900085
v -0.11381323635578156 -0.4600394666194916 -0.19028989970684052
v -0.11349333077669144 -0.06209206208586693 -0.19344879686832428
v -0.11335182189941406 -0.0723467618227005 -0.2578407824039459
v -0.11316296458244324 -0.45705124735832214 0.22222131490707397
v -0.11277642101049423 -0.03083404339849949 0.19821219146251678
v -0.11266850680112839 0.16376031935214996 0.06043002009391785
v -0.11212670058012009 -0.2548622190952301 -0.22864428162574768
v -0.1114334687590599 0.16404607892036438 -0.0627211332321167
v -0.11130627989768982 -0.3399452865123749 -0.14804761111736298
v -0.11125066876411438 -0.28552335500717163 0.25877296924591064
v -0.11117908358573914 -0.48785722255706787 0.15549197793006897
v -0.11104803532361984 0.13105691969394684 -0.012211872264742851
v -0.1109158843755722 -0.04040102660655975 0.0018431954085826874
v -0.11021164804697037 -0.0884358137845993 0.23893752694129944
v -0.10938296467065811 -0.3295232355594635 0.14279307425022125
v -0.10919024795293808 0.2567976415157318 0.00642048055306077
v -0.10879436135292053 -0.36681437492370605 -0.15953569114208221
v -0.10873875021934509 0.013486828655004501 0.21381670236587524
v -0.10798109322786331 -0.48801857233047485 -0.15833699703216553
v -0.10780160129070282 0.04479825496673584 -0.0049073779955506325
v -0.10750040411949158 0.32510891556739807 -0.0016157850623130798
v -0.10749489814043045 -0.06254962086677551 0.17570239305496216
v -0.10740019381046295 0.2924038767814636 -0.0020353556610643864
v -0.10726859420537949 0.15446257591247559 0.006990920286625624
v -0.10669760406017303 0.03370606154203415 -0.20107540488243103
v -0.10572797060012817 0.2453899383544922 -0.013988715596497059
v -0.10545486211776733 0.37194719910621643 -0.0035809397231787443
v -0.10528141260147095 -0.27570584416389465 0.15383955836296082
v -0.10514707118272781 -0.06294221431016922 -0.18529634177684784
v -0.1047082245349884 -0.13109438121318817 0.16282068192958832
v -0.10462232679128647 -0.3663463294506073 -0.23157301545143127
v -0.1043316051363945 -0.307047039270401 -0.24312937259674072
v -0.1040838286280632 -0.4771427512168884 -0.22522109746932983
v -0.10394562035799026 -0.15234985947608948 -0.228287473320961
v -0.10393405705690384 -0.1712685376405716 -0.15693624317646027
v -0.10356404632329941 -0.014084253460168839 -0.2248714566230774
v -0.10321054607629776 0.1653449833393097 0.0521305575966835
v -0.10308776050806046 -0.14901752769947052 0.22361163794994354
v -0.1022188812494278 -0.173540398478508 0.15524089336395264
v -0.10158787667751312 -0.27749595046043396 -0.24910469353199005
v -0.10095741599798203 -0.3410157263278961 0.23735395073890686
v -0.10050591081380844 0.1280846893787384 0.05372074246406555
v -0.10046736896038055 -0.061343222856521606 -0.2192964404821396
v -0.10043653100728989 -0.01715945266187191 0.2220996469259262
v -0.0999811664223671 -0.48837316036224365 0.15092898905277252
v -0.09950047731399536 -0.06165212020277977 0.2165791392326355
v -0.09929675608873367 -0.3058769404888153 0.15485435724258423
v -0.0992598608136177 0.16369809210300446 -0.058051347732543945
v -0.09915634244680405 -0.013989545404911041 -0.18933622539043427
v -0.09864482283592224 0.03240495175123215 0.19551415741443634
v -0.0986437201499939 -0.15441963076591492 0.15554097294807434
v -0.0976003035902977 -0.4538841247558594 -0.22880670428276062
v -0.09719614684581757 0.027710385620594025 -0.21092760562896729
v -0.09695001691579819 -0.012303002178668976 0.18505187332630157
v -0.09608720988035202 -0.447507381439209 0.2230466902256012
v -0.09597763419151306 -0.2742792069911957 -0.15989966690540314
v -0.09582511335611343 0.31610187888145447 -0.05874897912144661
v -0.0953504741191864 0.32835808396339417 -0.01673409529030323
v -0.09462861716747284 -0.2534829080104828 0.22522439062595367
v -0.09462806582450867 -0.3718773126602173 0.2212637960910797
v -0.09375753998756409 -0.01804429665207863 -0.21781693398952484
v -0.09257536381483078 -0.08836974203586578 0.022935157641768456
v -0.09236887842416763 -0.48819249868392944 -0.15725228190422058
v -0.09224444627761841 0.12617294490337372 0.021099397912621498
v -0.09218387305736542 0.12646366655826569 -0.028382962569594383
v -0.09215083718299866 0.36052244901657104 0.02509302832186222
v -0.09206714481115341 0.2313227504491806 0.016411438584327698
v -0.09181606024503708 -0.40491604804992676 0.15745766460895538
v -0.09133041650056839 0.049441613256931305 -0.01848946511745453
v -0.09093562513589859 0.31927290558815 0.05718027427792549
v -0.09070160984992981 0.05110062658786774 0.016371244564652443
v -0.09049402922391891 -0.4647037386894226 -0.23489543795585632
v -0.0898619219660759 -0.30241134762763977 -0.16420714557170868
v -0.0890905037522316 0.16134530305862427 0.017273705452680588
v -0.08892036974430084 -0.3031800389289856 0.23348310589790344
v -0.08885263651609421 0.3250153064727783 0.004176713060587645
v -0.0885365828871727 -0.46835431456565857 0.22919213771820068
v -0.0885206088423729 -0.4982963502407074 -0.23267313838005066
v -0.08806195110082626 0.2650701105594635 0.03259574621915817
v -0.08781582117080688 -0.0631641149520874 -0.05170107260346413
v -0.08755648136138916 0.12205597758293152 -0.11603359133005142
v -0.08720628917217255 0.12851306796073914 0.08796916157007217
v -0.08674982190132141 0.12865403294563293 -0.07964161783456802
v -0.08661603182554245 0.10730492323637009 0.11124046891927719
v -0.0866149291396141 0.15582481026649475 -0.02232121303677559
v -0.08654004335403442 0.307393342256546 0.06305371969938278
v -0.08598227053880692 -0.012261707335710526 0.1991807222366333
v -0.0857449546456337 0.36299413442611694 -0.006214544177055359
v -0.08557590842247009 0.23416724801063538 -0.019216280430555344
v -0.0851789191365242 -0.1506413072347641 -0.17743352055549622
v -0.08510403335094452 -0.21754300594329834 0.21346870064735413
v -0.08507319539785385 -0.4971681535243988 0.21410302817821503
v -0.08503741025924683 -0.010667119175195694 0.20988473296165466
v -0.08498234301805496 -0.011981992051005363 -0.1998596340417862
v -0.0849614217877388 0.09595229476690292 -0.05854084715247154
v -0.08478908240795135 0.3597080707550049 0.012505356222391129
v -0.08457543700933456 0.1576528698205948 -0.03176596015691757
v -0.08420266956090927 -0.06332709640264511 0.055450234562158585
v -0.08418835699558258 -0.49818238615989685 0.22662681341171265
v -0.08349622786045074 -0.09192727506160736 0.22691863775253296
v -0.08308051526546478 -0.34738361835479736 0.16873818635940552
v -0.08253540098667145 0.32347580790519714 -0.049701228737831116
v -0.08204589784145355 -0.3136136531829834 0.1700657159090042
v -0.08181298524141312 -0.4980161488056183 -0.21990323066711426
v -0.0815817341208458 -0.027753887698054314 -0.20686569809913635
v -0.08114674687385559 0.09238924086093903 0.05323069170117378
v -0.08077342808246613 0.3600054085254669 -0.052044108510017395
v -0.08052729815244675 -0.0607210174202919 -0.20490768551826477
v -0.07950370013713837 -0.48627525568008423 0.17747922241687775
v -0.07949434220790863 -0.0653214305639267 0.24186626076698303
v -0.07933960855007172 -0.0651964396238327 -0.24641600251197815
v -0.07933906465768814 -0.062421880662441254 0.20019221305847168
v -0.07901805639266968 -0.2758170962333679 0.184141144156456
v -0.0789833664894104 -0.16330274939537048 0.1836395412683487
v -0.07879175245761871 -0.35573482513427734 -0.1781306117773056
v -0.07872402667999268 -0.2804466784000397 0.2340012490749359
v -0.07855663448572159 -0.26073840260505676 -0.18700382113456726
v -0.07831932604312897 -0.08772936463356018 -0.1858651340007782
v -0.0782824233174324 -0.1781022548675537 -0.2129654437303543
v -0.07774171978235245 -0.48790568113327026 -0.17859092354774475
v -0.07760902494192123 -0.034569982439279556 -0.043673619627952576
v -0.07749394327402115 -0.4993596374988556 0.1861690729856491
v -0.07733316719532013 -0.3587368130683899 -0.21268683671951294
v -0.07710795849561691 0.12684909999370575 -0.0033854704815894365
v -0.07705675065517426 -0.2764112055301666 -0.18672576546669006
v -0.07683044672012329 -0.15009728074073792 0.2096358686685562
v -0.07602434605360031 -0.46598613262176514 0.208290696144104
v -0.07577492296695709 0.2317197620868683 0.0006604685331694782
v -0.07555356621742249 0.16470131278038025 -0.1076025441288948
v -0.07484602183103561 0.14597535133361816 0.00844344962388277
v -0.0746769830584526 0.24966879189014435 0.018291248008608818
v -0.07439672201871872 -0.345747172832489 0.17755576968193054
v -0.07411149889230728 -0.1386328786611557 -0.2126471847295761
v -0.07407736033201218 -0.35208478569984436 0.2085225135087967
v -0.07398265600204468 -0.08804377913475037 0.18392860889434814
v -0.07381581515073776 0.3586481511592865 -0.039376597851514816
v -0.07333733141422272 -0.47326362133026123 -0.210973858833313
v -0.0730416476726532 0.2677505314350128 -0.0631159320473671
v -0.07295574992895126 -0.08203212916851044 -0.24366897344589233
v -0.07272174209356308 -0.0888586938381195 -0.22156554460525513
v -0.07251745462417603 -0.4880928695201874 0.22159087657928467
v -0.07248387485742569 -0.31749776005744934 -0.22303898632526398
v -0.0722096711397171 0.10868312418460846 -0.13357792794704437
v -0.07196023315191269 -0.49925941228866577 -0.22948452830314636
v -0.07163262367248535 0.3212254047393799 -0.044959306716918945
v -0.07139035314321518 0.2544470727443695 -0.024406952783465385
v -0.0711040273308754 -0.4797168970108032 -0.2181423455476761
v -0.07101757824420929 0.1546112447977066 0.05603113770484924
v -0.0706850066781044 -0.2692498564720154 -0.21405290067195892
v -0.0706084668636322 0.06846050173044205 -0.05550198629498482
v -0.0705743283033371 0.12279380857944489 0.13076592981815338
v -0.06988386064767838 0.10804000496864319 0.12946206331253052
v -0.0697968602180481 -0.27981680631637573 -0.23625877499580383
v -0.06926826387643814 0.2604834735393524 0.06384219974279404
v -0.06889934837818146 -0.2743271291255951 0.209483340382576
v -0.06883163005113602 -0.03694259375333786 0.05516556277871132
v -0.06829036772251129 -0.2885330319404602 -0.23810167610645294
v -0.06810040771961212 -0.30466118454933167 -0.17779968678951263
v -0.06805635243654251 0.1394747644662857 0.0953061506152153
v -0.06790769100189209 -0.02082326076924801 0.2116726040840149
v -0.06775076687335968 -0.31776753067970276 0.219513937830925
v -0.06714343279600143 -0.30463093519210815 -0.21916209161281586
v -0.06627620756626129 0.0953928604722023 -0.10585322976112366
v -0.06573109328746796 0.15151897072792053 -0.04394782334566116
v -0.0656314343214035 -0.08172378689050674 0.2392563372850418
v -0.06522343307733536 -0.4965261220932007 -0.2194109708070755
v -0.06518819183111191 0.24837429821491241 -0.09238731861114502
v -0.06473227590322495 -0.3289880156517029 -0.17914704978466034
v -0.0642758160829544 0.16240304708480835 -0.09870786219835281
v -0.06355560570955276 0.315232515335083 0.11341596394777298
v -0.06335518509149551 0.16573813557624817 -0.12268340587615967
v -0.06252650171518326 -0.3031805753707886 0.17337052524089813
v -0.06230295076966286 0.24695038795471191 0.09511948376893997
v -0.062272120267152786 0.12199320644140244 -0.13574349880218506
v -0.06213666498661041 0.27198973298072815 -0.0006153126596473157
v -0.061779316514730453 0.321231484413147 0.05480270832777023
v -0.06170608475804329 -0.04104745388031006 0.09527531266212463
v -0.061684608459472656 0.3153194785118103 -0.11764800548553467
v -0.06151281297206879 0.36047953367233276 0.07528679072856903
v -0.061336617916822433 0.12664702534675598 0.0755230039358139
v -0.06112077459692955 -0.04726667329668999 -0.09896829724311829
v -0.06065164878964424 0.15591400861740112 -0.09744969755411148
v -0.06021500751376152 0.17012159526348114 -0.09450884908437729
v -0.06013186648488045 0.16908039152622223 0.0881618857383728
v -0.05968916788697243 0.3233904242515564 0.08533390611410141
v -0.059525638818740845 0.1275208592414856 -0.12628665566444397
v -0.059107717126607895 0.050523579120635986 0.07438488304615021
v -0.05907798558473587 0.15099094808101654 0.03453942760825157
v -0.05894308164715767 0.1269669383764267 -0.07959481328725815
v -0.05875532329082489 0.08456993103027344 0.10843893140554428
v -0.05809072405099869 0.16220150887966156 -0.102655790746212
v -0.05799051374197006 -0.06299176812171936 0.1101326271891594
v -0.05740850791335106 0.16542097926139832 0.1226646900177002
v -0.057139258831739426 0.031841669231653214 -0.0916605070233345
v -0.05713815987110138 -0.3834099769592285 0.17742471396923065
v -0.05699499696493149 0.1584099531173706 -0.07748925685882568
v -0.056475766003131866 -0.4779675602912903 0.20683595538139343
v -0.05577923357486725 0.2206132411956787 0.09552859514951706
v -0.05566580593585968 0.1618320494890213 0.1029277965426445
v -0.05542793869972229 -0.16494524478912354 -0.2160290777683258
v -0.05504801124334335 0.25984254479408264 -0.0493692085146904
v -0.05413398891687393 -0.36327001452445984 -0.179838627576828
v -0.05379095301032066 0.1305200755596161 0.10839708149433136
v -0.05363127589225769 0.19674287736415863 -0.10126657783985138
v -0.05348480865359306 0.1551288366317749 -0.11051585525274277
v -0.053472694009542465 0.3636229634284973 -0.10337378829717636
v -0.053373586386442184 0.16032391786575317 0.0716356411576271
v -0.05329429730772972 -0.3759777545928955 -0.2097713053226471
v -0.052825719118118286 -0.47641482949256897 -0.21022170782089233
v -0.05271780118346214 -0.4881044328212738 0.1784769594669342
v -0.05270183086395264 0.13065001368522644 -0.11213026940822601
v -0.05260877683758736 0.29298365116119385 -0.10243774205446243
v -0.05255812034010887 0.1353478878736496 0.12217188626527786
v -0.05238192155957222 -0.3586002290248871 0.20568186044692993
v -0.05202126502990723 -0.011907110922038555 0.20022249221801758
v -0.05197060853242874 -0.49803096055984497 -0.19104644656181335
v -0.05187920853495598 0.29285648465156555 0.09881909191608429
v -0.05185278132557869 0.3251188099384308 -0.103977270424366
v -0.05180983245372772 0.26026540994644165 0.050034355372190475
v -0.05157912150025368 0.16641153395175934 -0.10676064342260361
v -0.05151194706559181 0.16005906462669373 0.10358743369579315
v -0.05083248391747475 -0.27503958344459534 -0.18778349459171295
v -0.050770264118909836 -0.0630473792552948 -0.11373036354780197
v -0.049977924674749374 0.32062578201293945 -0.014821249060332775
v -0.04945869371294975 -0.37679213285446167 0.1867791712284088
v -0.049171820282936096 0.37163445353507996 0.085575632750988
v -0.0489884652197361 0.2333104908466339 0.07093195617198944
v -0.04862670972943306 0.06410016119480133 -0.1105191558599472
v -0.0485876128077507 -0.18155957758426666 -0.18661563098430634
v -0.04800231009721756 0.06504116952419281 0.10675348341464996
v -0.047978080809116364 -0.48792764544487 -0.18950967490673065
v -0.04752437397837639 -0.040568411350250244 0.10607622563838959
v -0.04743902385234833 -0.477763295173645 0.19470694661140442
v -0.047376252710819244 -0.47929564118385315 -0.1988162249326706
v -0.046910982578992844 -0.08901120722293854 0.21411347389221191
v -0.04630805924534798 -0.18543757498264313 0.18448583781719208
v -0.0455724336206913 0.3630668818950653 -0.08571823686361313
v -0.04517268389463425 -0.3571333885192871 -0.18834787607192993
v -0.0446358323097229 0.23547662794589996 -0.07170941680669785
v -0.04441063106060028 0.36117327213287354 0.10157053172588348
v -0.044020794332027435 -0.22670967876911163 -0.21532979607582092
v -0.043544504791498184 0.3215150535106659 -0.08857263624668121
v -0.043540652841329575 0.16532406210899353 -0.1258935034275055
v -0.043274153023958206 0.12770035862922668 0.10627279430627823
v -0.04313870146870613 0.16177257895469666 -0.10813718289136887
v -0.042701512575149536 0.41680386662483215 0.005172780714929104
v -0.04198405519127846 -0.30617207288742065 0.17360839247703552
v -0.04150116443634033 0.12798061966896057 -0.06307518482208252
v -0.04149070382118225 0.16433626413345337 0.10552946478128433
v -0.04143674299120903 -0.2746255397796631 -0.2228192836046219
v -0.04008497670292854 0.20315921306610107 -0.003056751564145088
v -0.03967035934329033 -0.3525610566139221 0.19460123777389526
v -0.03957785665988922 -0.13919231295585632 -0.18763922154903412
v -0.039551425725221634 0.17277061939239502 0.0046254671178758144
v -0.0391995832324028 0.24725213646888733 0.10591379553079605
v -0.0391230471432209 0.32516181468963623 0.09936530143022537
v -0.03906302899122238 0.24453318119049072 -0.11024495214223862
v -0.039012372493743896 -0.20196548104286194 0.21451708674430847
v -0.03827894851565361 -0.3392212390899658 0.17587141692638397
v -0.03825582563877106 -0.15607589483261108 0.2239629328250885
v -0.0379689559340477 -0.3022269010543823 0.131893590092659
v -0.03789627179503441 -0.03515198454260826 -0.2159040868282318
v -0.03762591630220413 -0.13314101099967957 -0.21598447859287262
v -0.03692277893424034 0.15205363929271698 -0.06869093328714371
v -0.03615136444568634 0.35030242800712585 -0.018777988851070404
v -0.035445474088191986 0.39712420105934143 -0.015099862590432167
v -0.035344161093235016 -0.15048328042030334 -0.17779527604579926
v -0.03421759232878685 0.27925458550453186 0.00013572987518273294
v -0.03409205377101898 0.32115548849105835 0.04130541533231735
v -0.033447280526161194 0.15318900346755981 0.07121606916189194
v -0.03241101652383804 0.12803898751735687 -0.013853263109922409
v -0.031938038766384125 0.09882266074419022 -0.11563219130039215
v -0.031896740198135376 0.32008063793182373 0.0871448889374733
v -0.03188958391547203 -0.27512606978416443 0.2190888673067093
v -0.03180808946490288 0.12776753306388855 0.06275032460689545
v -0.03141440078616142 0.24601159989833832 7.846560765756294e-05
v -0.03140393644571304 0.36891937255859375 0.009359126910567284
v -0.031028416007757187 0.12559258937835693 0.08186391741037369
v -0.03056369535624981 0.12965010106563568 0.11271447688341141
v -0.030453572049736977 0.010611503385007381 0.09353040903806686
v -0.029614979401230812 -0.276500403881073 0.17987993359565735
v -0.0293583944439888 0.19740360975265503 -0.00236077094450593
v -0.028426196426153183 0.12493075430393219 -0.08348823338747025
v -0.027641015127301216 0.4151151180267334 -0.04079223796725273
v -0.027550162747502327 -0.0327039398252964 0.20366054773330688
v -0.027113523334264755 -0.14823290705680847 0.17544634640216827
v -0.027035336941480637 0.41433486342430115 0.02990652807056904
v -0.025936855003237724 0.13493657112121582 -0.09716667979955673
v -0.024700718000531197 0.1533828228712082 0.09718815982341766
v -0.024505799636244774 0.15030266344547272 -0.08487028628587723
v -0.024241503328084946 0.23096595704555511 0.08051986247301102
v -0.023764116689562798 0.15040288865566254 0.08608440309762955
v -0.023643530905246735 -0.2544316351413727 -0.2167520374059677
v -0.022309934720396996 -0.2633940279483795 -0.18576326966285706
v -0.022220736369490623 -0.3024834990501404 0.21888843178749084
v -0.021413529291749 -0.3505953848361969 -0.19855302572250366
v -0.02096862904727459 -0.17419397830963135 -0.1863909810781479
v -0.020840337499976158 -0.27694255113601685 -0.18366211652755737
v -0.020277606323361397 -0.17452764511108398 0.1845155656337738
v -0.020223094150424004 0.3581685721874237 0.031043553724884987
v -0.02016252651810646 -0.2648025155067444 0.20872128009796143
v -0.018978146836161613 -0.1784893423318863 -0.21419000625610352
v -0.018810760229825974 0.12789252400398254 0.01325860247015953
v -0.018161030486226082 0.20349949598312378 0.033654581755399704
v -0.01804319955408573 -0.1736472100019455 0.21049483120441437
v -0.017194697633385658 0.16080734133720398 -0.125601127743721
v -0.017001979053020477 0.3945809006690979 -0.034502532333135605
v -0.016383087262511253 0.0546785406768322 -0.09186037629842758
v -0.016090156510472298 0.32075849175453186 -0.054306045174598694
v -0.016004260629415512 0.17024439573287964 0.006949073635041714
v -0.015651866793632507 0.20479564368724823 -0.03571553900837898
v -0.015586892142891884 0.15425555408000946 -0.03835960850119591
v -0.014590826816856861 0.18203145265579224 -0.036399956792593
v -0.014435000717639923 0.25650691986083984 0.08070266991853714
v -0.014229620806872845 -0.033496830612421036 -0.09483261406421661
v -0.013626143336296082 0.1273534744977951 -0.11454417556524277
v -0.013296323828399181 0.12803953886032104 0.039143141359090805
v -0.012952187098562717 -0.2767305374145508 -0.21339766681194305
v -0.012896575033664703 0.3800908625125885 0.033899057656526566
v -0.012831051833927631 0.19905544817447662 0.02213345840573311
v -0.012271073646843433 0.23698696494102478 0.021401135250926018
v -0.011937398463487625 0.28209739923477173 -0.025488365441560745
v -0.011186355724930763 0.2592776119709015 -0.08799063414335251
v -0.010059242136776447 -0.0281167421489954 0.21179869771003723
v -0.0099700428545475 -0.4998430609703064 -0.059370629489421844
v -0.009452461265027523 0.27943792939186096 -0.04701972007751465
v -0.00915512815117836 -0.14534656703472137 -0.22251315414905548
v -0.00856982171535492 0.20812082290649414 -0.007605955470353365
v -0.007808316498994827 0.4819375276565552 -0.016895977780222893
v -0.0075765070505440235 0.35059425234794617 -0.04546587914228439
v -0.007488407660275698 -0.06299066543579102 0.21389047801494598
v -0.007409119047224522 0.15734121203422546 0.02722061611711979
v -0.006246214732527733 -0.033660367131233215 -0.20806658267974854
v -0.0054445150308310986 0.08895779401063919 0.10234303772449493
v -0.004990806337445974 -0.06324560940265656 -0.2175278514623642
v -0.004524983465671539 -0.278268963098526 0.04051968455314636
v -0.004520027432590723 -0.030056018382310867 0.08886061608791351
v -0.004346583504229784 -0.3400290012359619 0.18591910600662231
v -0.0037205307744443417 0.4135563373565674 0.04111214727163315
v -0.0030917255207896233 0.26900044083595276 0.07068527489900589
v -0.003080162685364485 0.45354655385017395 -0.005406237207353115
v -0.002804853953421116 -0.014635971747338772 0.21591509878635406
v -0.001101793022826314 0.12868046760559082 -0.03367605060338974
v -0.0007257211836986244 0.15993736684322357 -0.025625471025705338
v -0.0003716740175150335 0.24944083392620087 -0.0309526976197958
v -0.0003441431908868253 -0.4944150745868683 -0.2339935302734375
v 0.00029897832428105175 0.36928167939186096 -0.03177586942911148
v 0.00041736115235835314 0.4526826739311218 0.006531154736876488
v 0.000507111893966794 0.16010311245918274 0.03713834285736084
v 0.0006420130957849324 0.2681552469730377 0.09751082211732864
v 0.001260356861166656 -0.013317793607711792 -0.20323877036571503
v 0.001387549564242363 0.2796400189399719 -0.024824870750308037
v 0.001565949758514762 -0.012605293653905392 -0.21914227306842804
v 0.0022999232169240713 -0.3023298978805542 -0.14162960648536682
v 0.004624080378562212 -0.12387137115001678 -0.1878269761800766
v 0.004986386746168137 -0.12369516491889954 0.18540482223033905
v 0.005310700740665197 0.5 -0.0006957029108889401
v 0.005540308076888323 0.20611822605133057 0.036945074796676636
v 0.006014389917254448 -0.33557066321372986 -0.18539875745773315
v 0.007022020872682333 0.2833269536495209 0.026715148240327835
v 0.007178946398198605 0.44408807158470154 -0.015175847336649895
v 0.007645319681614637 -0.04375043138861656 0.20510482788085938
v 0.007673951797187328 0.3260565400123596 -0.10135853290557861
v 0.007767006289213896 -0.08823483437299728 -0.1875048726797104
v 0.008243290707468987 0.20740556716918945 0.007370295934379101
v 0.00933681707829237 -0.1295812726020813 0.2151629626750946
v 0.009970579296350479 0.2802484333515167 -0.02578900381922722
v 0.011453942395746708 0.1564040631055832 -0.043566249310970306
v 0.012295836582779884 0.057278554886579514 -0.09082136303186417
v 0.012455516494810581 0.266143262386322 -0.10227090120315552
v 0.012590416707098484 0.06134266406297684 0.08722638338804245
v 0.013259418308734894 0.12589818239212036 0.02631705068051815
v 0.013366787694394588 0.40745434165000916 -0.04142654687166214
v 0.01337339635938406 0.17777682840824127 -0.010638757608830929
v 0.01344387512654066 0.13093578815460205 -0.042079027742147446
v 0.013942183926701546 0.1325078010559082 0.12054426223039627
v 0.01472791563719511 0.17493563890457153 0.044326651841402054
v 0.01590954139828682 0.2051772177219391 -0.03682393208146095
v 0.015938173979520798 0.3551996052265167 -0.04050646722316742
v 0.016979942098259926 0.3235451877117157 0.09826131165027618
v 0.017010224983096123 0.1983710378408432 -0.0307462140917778
v 0.01708400808274746 0.35944485664367676 0.03418372571468353
v 0.01802060939371586 0.47340625524520874 -0.005999252665787935
v 0.01887076161801815 -0.2768736779689789 0.21082408726215363
v 0.019320067018270493 0.19082151353359222 0.02568824589252472
v 0.019773775711655617 -0.26474690437316895 -0.21213071048259735
v 0.020838119089603424 0.14459221065044403 0.05231832340359688
v 0.021502166986465454 0.31996119022369385 0.04880372807383537
v 0.02177031710743904 0.12739917635917664 -0.1273735761642456
v 0.021827029064297676 -0.17439109086990356 -0.18756213784217834
v 0.021891450509428978 0.31786829233169556 -0.11498302221298218
v 0.02210068702697754 0.14133363962173462 -0.049115922302007675
v 0.0224459245800972 -0.265507310628891 0.19535118341445923
v 0.022633682936429977 0.44705644249916077 -0.0015282367821782827
v 0.02297561801970005 0.12826253473758698 0.03530368581414223
v 0.02298167534172535 -0.17505128681659698 0.18468958139419556
v 0.023203574120998383 -0.1754961758852005 0.21202388405799866
v 0.0233351718634367 -0.17731982469558716 -0.21436180174350739
v 0.0239535141736269 0.36046186089515686 -0.10242562741041183
v 0.024043265730142593 -0.34518444538116455 -0.19965150952339172
v 0.024444667622447014 0.24571481347084045 -0.08899110555648804
v 0.024788251146674156 -0.26185891032218933 0.21291477978229523
v 0.024893419817090034 0.15484800934791565 0.002219267189502716
v 0.02608991228044033 0.23565390706062317 0.08624518662691116
v 0.02753748744726181 -0.2762085795402527 -0.18441039323806763
v 0.027881070971488953 -0.3393076956272125 0.20478986203670502
v 0.02886282280087471 -0.31716352701187134 0.17234471440315247
v 0.029037369415163994 -0.06258486211299896 -0.2177453488111496
v 0.029378751292824745 0.12694711983203888 0.09711712598800659
v 0.029934875667095184 0.15278704464435577 -0.07974127680063248
v 0.03032085858285427 -0.06350494921207428 -0.10788610577583313
v 0.03035995364189148 -0.498792439699173 0.17779143154621124
v 0.030613785609602928 0.13003608584403992 -0.09451710432767868
v 0.030737126246094704 -0.0336344838142395 -0.09753944724798203
v 0.030925437808036804 -0.3081856667995453 -0.17839765548706055
v 0.031000319868326187 0.1558501422405243 0.0954410508275032
v 0.03109227493405342 -0.15493446588516235 0.2217935025691986
v 0.03128774091601372 0.16573813557624817 -0.013351100496947765
v 0.03132959082722664 0.3217044174671173 -0.09143143892288208
v 0.03152230754494667 0.3574015200138092 0.09845513105392456
v 0.03176567703485489 -0.26176366209983826 0.1816793531179428
v 0.03236530348658562 0.32872703671455383 -0.10258255153894424
v 0.03280194103717804 0.12622250616550446 0.08309344202280045
v 0.033320073038339615 0.12719875574111938 -0.012520218268036842
v 0.03393290936946869 -0.27685168385505676 0.17869774997234344
v 0.0340595543384552 0.41544109582901 0.028441334143280983
v 0.03423960506916046 0.13018639385700226 -0.06768660247325897
v 0.03426768630743027 0.38159018754959106 -0.011911234818398952
v 0.03459971025586128 0.12818105518817902 0.0644170418381691
v 0.03467844799160957 0.19644057750701904 -0.005430464632809162
v 0.03467899560928345 0.41539645195007324 -0.030624527484178543
v 0.034978535026311874 -0.15159276127815247 -0.17823027074337006
v 0.03557320311665535 0.28004691004753113 -0.0010580093367025256
v 0.036000482738018036 0.20347142219543457 0.0174889974296093
v 0.03622293099761009 0.32060596346855164 -0.04389716684818268
v 0.03725038096308708 0.23705965280532837 0.0005971475620754063
v 0.03766554594039917 0.15546636283397675 0.06920246034860611
v 0.038030609488487244 -0.31587064266204834 0.21940161287784576
v 0.03858012333512306 -0.06250282377004623 -0.20532506704330444
v 0.03982727229595184 0.3528127372264862 0.014079022221267223
v 0.04082829877734184 0.35281214118003845 -0.013463976792991161
v 0.04138442128896713 0.16534003615379333 -0.10684379190206528
v 0.041444990783929825 -0.062421880662441254 0.10733053088188171
v 0.041737914085388184 0.35908037424087524 -0.08770652115345001
v 0.04198624566197395 0.3202381730079651 0.08359946310520172
v 0.042249441146850586 0.09430760145187378 -0.11322598904371262
v 0.04237057641148567 0.20431332290172577 -0.01020487118512392
v 0.04263101890683174 -0.24308505654335022 0.21413715183734894
v 0.04276096448302269 -0.16194327175617218 -0.22728700935840607
v 0.04276977479457855 -0.17713701725006104 -0.18445830047130585
v 0.04306986182928085 0.13142529129981995 0.11149926483631134
v 0.044389691203832626 0.17293359339237213 -0.0008212436805479228
v 0.04466775432229042 -0.1391466110944748 -0.1890818476676941
v 0.04472336545586586 -0.04625023528933525 0.20998330414295197
v 0.04510549455881119 -0.04295258969068527 0.203819140791893
v 0.0457095243036747 0.12532995641231537 0.12768356502056122
v 0.045992542058229446 -0.041571639478206635 0.10460717976093292
v 0.046401094645261765 -0.18880902230739594 0.21323581039905548
v 0.046436335891485214 0.3613092601299286 0.08390560746192932
v 0.04650736600160599 0.1638704389333725 0.10822474211454391
v 0.04651838168501854 0.10076139122247696 0.11368300765752792
v 0.04660042002797127 0.062430135905742645 -0.10852537304162979
v 0.04661363363265991 -0.27553296089172363 -0.22187167406082153
v 0.046740829944610596 0.1652882695198059 -0.11188854277133942
v 0.04721491038799286 0.12768328189849854 -0.1126181110739708
v 0.04745718464255333 -0.25270876288414 -0.1855788230895996
v 0.047840416431427 -0.18708999454975128 -0.21368619799613953
v 0.04789327085018158 0.3206852376461029 0.022131256759166718
v 0.048136092722415924 -0.08817922323942184 -0.031516529619693756
v 0.0482715480029583 -0.3629297614097595 0.19460949301719666
v 0.04838386923074722 0.24863196909427643 -0.10992779582738876
v 0.048520978540182114 -0.3654896020889282 0.18558268249034882
v 0.048901453614234924 0.28870755434036255 -0.10204460471868515
v 0.049261003732681274 -0.48378151655197144 -0.18941937386989594
v 0.049664609134197235 0.2708433270454407 -0.0424787774682045
v 0.049796756356954575 -0.18531149625778198 0.18507225811481476
v 0.04986998811364174 -0.389841765165329 -0.19790713489055634
v 0.05095195397734642 0.3318853974342346 0.1057535707950592
v 0.05130600184202194 -0.27550655603408813 0.21881741285324097
v 0.05131756514310837 0.05931529030203819 0.10507631301879883
v 0.05145687237381935 -0.3754706382751465 -0.18922390043735504
v 0.051542215049266815 -0.4780231714248657 -0.1989852488040924
v 0.05163251608610153 0.2315424531698227 -0.0725320428609848
v 0.05192764848470688 -0.47634872794151306 0.1940324455499649
v 0.05196123570203781 0.3835839629173279 -0.09396097809076309
v 0.051999229937791824 -0.48749542236328125 0.1844731867313385
v 0.052059248089790344 0.16618964076042175 0.10326257348060608
v 0.05213082581758499 -0.0426640659570694 -0.10866137593984604
v 0.05236153304576874 -0.2672213912010193 0.1862880140542984
v 0.0531538762152195 -0.03203163295984268 -0.2072858214378357
v 0.05398806184530258 0.24992042779922485 0.10639283806085587
v 0.05421546474099159 0.3203592896461487 -0.012411746196448803
v 0.054222073405981064 0.23447613418102264 0.06739423424005508
v 0.05454308167099953 0.29031044244766235 0.0977090448141098
v 0.05490924417972565 0.256362646818161 -0.056417662650346756
v 0.0553332157433033 0.1745496690273285 -0.10230725258588791
v 0.05567515268921852 -0.35036906599998474 -0.2116604745388031
v 0.0557037852704525 -0.4773585796356201 0.20351794362068176
v 0.055801793932914734 0.2596983015537262 0.0501687116920948
v 0.05615198612213135 0.16265413165092468 -0.12576521933078766
v 0.05752797797322273 0.1299314647912979 -0.10824345052242279
v 0.057538993656635284 0.15475386381149292 0.07212789356708527
v 0.057712435722351074 -0.30395030975341797 0.17632955312728882
v 0.05814136937260628 0.09543471038341522 -0.11817330121994019
v 0.05815843865275383 0.1310376524925232 0.10884473472833633
v 0.05816669762134552 0.1373416781425476 0.1215447336435318
v 0.05818046256899834 -0.35684269666671753 -0.17910189926624298
v 0.05835941433906555 0.07169097661972046 0.10957430303096771
v 0.05870245024561882 0.3643442690372467 0.09076960384845734
v 0.05903942510485649 0.321658730506897 -0.07326876372098923
v 0.059660524129867554 0.15852174162864685 -0.07295436412096024
v 0.06014396622776985 -0.01276607159525156 -0.21646350622177124
v 0.0602276585996151 -0.03278378024697304 0.07507865875959396
v 0.060310252010822296 0.35942837595939636 -0.0999671220779419
v 0.06066429615020752 -0.48882296681404114 0.17545461654663086
v 0.06093740463256836 -0.3886204957962036 0.1767287403345108
v 0.061108097434043884 0.12961816787719727 0.07065058499574661
v 0.061199501156806946 0.01629277691245079 -0.10058821737766266
v 0.061472054570913315 -0.028543472290039062 -0.07749476283788681
v 0.06149463355541229 -0.491487979888916 0.22605308890342712
v 0.061728641390800476 -0.4885812997817993 -0.17773856222629547
v 0.06200450286269188 0.05997493118047714 -0.07494760304689407
v 0.06216418370604515 -0.0435461550951004 0.0967746451497078
v 0.062250081449747086 0.2455507218837738 -0.10039990395307541
v 0.06260192394256592 0.16353236138820648 -0.10867403447628021
v 0.0633375495672226 -0.47827646136283875 -0.21636055409908295
v 0.06393937766551971 0.23034320771694183 0.0889354944229126
v 0.0641612708568573 0.1282581388950348 -0.08855831623077393
v 0.06417778879404068 0.059683654457330704 0.0656900703907013
v 0.06431875377893448 -0.48994678258895874 0.0012854196829721332
v 0.06517881900072098 0.16248123347759247 0.12402361631393433
v 0.06565620005130768 0.06404950469732285 0.09186313301324844
v 0.06568317860364914 0.12766072154045105 -0.06236984208226204
v 0.06582193821668625 0.12622635066509247 0.09062974900007248
v 0.06582964211702347 -0.37842580676078796 0.2076040804386139
v 0.06706468015909195 -0.28415676951408386 0.2361927032470703
v 0.06739505380392075 0.16430267691612244 -0.09493447840213776
v 0.06753765791654587 -0.06365416198968887 0.0957995057106018
v 0.06765604019165039 0.3152913749217987 0.11260876059532166
v 0.06786692887544632 0.3240671455860138 -0.07713299989700317
v 0.06835862994194031 0.25478842854499817 0.07051623612642288
v 0.06847205758094788 0.13876502215862274 -0.11401613801717758
v 0.0685139074921608 -0.4824264645576477 0.2119726836681366
v 0.0688784122467041 0.35903415083885193 -0.05253085121512413
v 0.06914656609296799 0.2668811082839966 -0.07718641310930252
v 0.06979353725910187 -0.3175065517425537 -0.2240614891052246
v 0.06998460739850998 0.31566527485847473 -0.11356958001852036
v 0.07009968906641006 0.08334314823150635 -0.08725335448980331
v 0.07022356986999512 0.2635273039340973 0.026487743481993675
v 0.07031717896461487 0.15629172325134277 0.03529652580618858
v 0.07039151340723038 -0.2879444360733032 -0.2376733124256134
v 0.07059083878993988 -0.3046061098575592 -0.21912023425102234
v 0.07077254354953766 -0.27917197346687317 -0.23639146983623505
v 0.0710395872592926 0.15061046183109283 -0.10028372704982758
v 0.07105831056833267 -0.0633816123008728 -0.09337952733039856
v 0.07156212627887726 0.10861209779977798 0.13016244769096375
v 0.07189084589481354 -0.16596168279647827 -0.1846785545349121
v 0.07244642078876495 -0.3033110797405243 0.21699650585651398
v 0.07257802039384842 -0.08997919410467148 -0.21891650557518005
v 0.07280652225017548 -0.0909053310751915 0.21514755487442017
v 0.07300805300474167 0.14192116260528564 0.05190976336598396
v 0.07327399402856827 -0.4762595295906067 -0.21460847556591034
v 0.07354159653186798 0.08833285421133041 0.07418445497751236
v 0.07361537963151932 -0.0883653312921524 0.18387632071971893
v 0.07373816519975662 0.32130467891693115 0.040568139404058456
v 0.07379268109798431 -0.3195306062698364 0.21821393072605133
v 0.07465604692697525 -0.27133670449256897 -0.21270334720611572
v 0.07468467950820923 0.157765194773674 -0.03762343153357506
v 0.07505634427070618 0.1286909282207489 0.0451817661523819
v 0.0750579982995987 -0.2682438790798187 0.2094304859638214
v 0.07526778429746628 -0.30398282408714294 -0.17666761577129364
v 0.0755050927400589 0.10895182937383652 -0.13429923355579376
v 0.07575563341379166 -0.34590575098991394 -0.214103564620018
v 0.07576113194227219 0.1663278490304947 -0.11490923166275024
v 0.07591090351343155 -0.49362602829933167 -0.23212969303131104
v 0.07601221650838852 -0.037318117916584015 -0.05053211376070976
v 0.07643453776836395 -0.013878320343792439 0.19866590201854706
v 0.07658760994672775 0.24411416053771973 -0.012204163707792759
v 0.07662505656480789 -0.06932332366704941 0.24293281137943268
v 0.07731001824140549 -0.499794602394104 -0.2280721813440323
v 0.07747410982847214 0.129377543926239 0.01498313620686531
v 0.07807758450508118 -0.15002185106277466 -0.21305517852306366
v 0.07808144390583038 0.1061805710196495 0.11641792953014374
v 0.07815082371234894 0.12324365973472595 -0.13221348822116852
v 0.07824111729860306 0.1472693234682083 0.0015442100120708346
v 0.07840189337730408 0.09862112998962402 -0.07732296735048294
v 0.07840355485677719 -0.06573990732431412 -0.24721606075763702
v 0.07889030128717422 -0.49771052598953247 -0.21910922229290009
v 0.07899326086044312 -0.2763798236846924 0.18571868538856506
v 0.079261414706707 -0.49749359488487244 0.2188350409269333
v 0.0794326514005661 -0.4869299530982971 0.17753319442272186
v 0.07945743203163147 -0.35464903712272644 0.21050198376178741
v 0.07957416772842407 -0.1592276394367218 -0.18869036436080933
v 0.07959398627281189 -0.16679422557353973 0.1836191713809967
v 0.07970631122589111 -0.06351375579833984 0.19838784635066986
v 0.07974650710821152 -0.15351827442646027 0.20810073614120483
v 0.07982634752988815 0.129752516746521 -0.10271910578012466
v 0.08004329353570938 -0.16923952102661133 -0.18766841292381287
v 0.08013579249382019 -0.08960972726345062 -0.18720148503780365
v 0.08030097931623459 0.32288163900375366 0.05368109792470932
v 0.08094024658203125 -0.21859578788280487 -0.21472521126270294
v 0.08115719258785248 -0.2754245102405548 -0.1883445680141449
v 0.0811626985669136 -0.35668572783470154 0.17768681049346924
v 0.08122602105140686 -0.029493289068341255 0.2039017230272293
v 0.08123867958784103 -0.35600191354751587 -0.1791982501745224
v 0.08128548413515091 -0.48463279008865356 -0.17982925474643707
v 0.08130255341529846 0.12301075458526611 0.1231398731470108
v 0.08188124746084213 0.2677852213382721 0.04399958625435829
v 0.08189171552658081 -0.45425739884376526 0.21060164272785187
v 0.08200624585151672 0.36051857471466064 0.049804750829935074
v 0.0822606235742569 0.12827354669570923 -0.01643621176481247
v 0.08248472213745117 -0.2027600258588791 0.18447208404541016
v 0.08311298489570618 -0.062339842319488525 -0.2055937647819519
v 0.08394055813550949 0.16440948843955994 0.0767839178442955
v 0.08412061631679535 -0.022449789568781853 0.2119947075843811
v 0.08460570871829987 0.2678193747997284 -0.044221483170986176
v 0.08480612933635712 -0.17390434443950653 -0.17748528718948364
v 0.08506327122449875 -0.009782825596630573 -0.20175981521606445
v 0.08550101518630981 -0.2732517421245575 0.17526353895664215
v 0.08561278879642487 -0.2712034583091736 -0.22963814437389374
v 0.08595196902751923 0.2376851588487625 0.01467093639075756
v 0.08606043457984924 -0.22430679202079773 0.2121235579252243
v 0.08667988330125809 0.12886877357959747 0.09010225534439087
v 0.08726134151220322 -0.34383106231689453 0.1665087342262268
v 0.08799035847187042 -0.4887200593948364 0.15995031595230103
v 0.08904148638248444 0.1658383458852768 -0.018379341810941696
v 0.0891510546207428 0.002921024803072214 0.2112095206975937
v 0.08931293338537216 -0.4521859884262085 -0.21891486644744873
v 0.08998800069093704 -0.48282182216644287 -0.16135437786579132
v 0.09013336151838303 -0.011207274161279202 0.21098652482032776
v 0.09021485596895218 -0.06321146339178085 0.04927726089954376
v 0.09030349552631378 0.3602697551250458 -0.0007661819690838456
v 0.09030955284833908 -0.49197474122047424 0.22183039784431458
v 0.09039105474948883 0.12697795033454895 -0.07405835390090942
v 0.09048300236463547 -0.17372649908065796 0.1677233874797821
v 0.09113107621669769 0.1654011607170105 0.0177951417863369
v 0.09175823628902435 -0.11248183995485306 -0.23776745796203613
v 0.09226204454898834 0.3238045275211334 -0.007027806714177132
v 0.09247402846813202 -0.3950015604496002 0.15891516208648682
v 0.0934392660856247 -0.05002196878194809 0.21337564289569855
v 0.09355270117521286 -0.08832348883152008 -0.17051886022090912
v 0.0945388525724411 -0.0628981664776802 -0.19127880036830902
v 0.09529265016317368 0.31426119804382324 0.05920104309916496
v 0.09601780772209167 -0.27715396881103516 -0.14438489079475403
v 0.09625513106584549 0.04977583885192871 -0.014093332923948765
v 0.0967826172709465 0.07022743672132492 0.02214392088353634
v 0.09714657813310623 -0.46445924043655396 0.233049213886261
v 0.09753641486167908 -0.45152413845062256 0.22468368709087372
v 0.09762506186962128 0.09887221455574036 0.04220622777938843
v 0.09845594316720963 -0.35636037588119507 0.22844110429286957
v 0.09854955226182938 0.1278407722711563 0.059687234461307526
v 0.09858094155788422 -0.49923190474510193 -0.19903425872325897
v 0.09858974814414978 -0.2487938553094864 -0.23199258744716644
v 0.09866022318601608 -0.1456279307603836 -0.22910955548286438
v 0.09872078895568848 -0.3098997473716736 -0.1592499166727066
v 0.09874226897954941 -0.14442703127861023 0.22451409697532654
v 0.09922901540994644 -0.2735050320625305 -0.15930278599262238
v 0.09934409707784653 -0.30226707458496094 0.15459389984607697
v 0.09986717998981476 -0.25276216864585876 0.22589945793151855
v 0.10055270045995712 -0.36391642689704895 -0.23040789365768433
v 0.10069200396537781 -0.08916813880205154 0.2348695695400238
v 0.10084837675094604 0.03783018887042999 -0.20660579204559326
v 0.10103008151054382 -0.3095490336418152 -0.23933231830596924
v 0.10146011412143707 -0.4544561505317688 -0.22744227945804596
v 0.10165338218212128 -0.01231456734240055 0.18282683193683624
v 0.10172221064567566 -0.27645307779312134 0.15414845943450928
v 0.10209332406520844 -0.06263716518878937 0.2235725373029709
v 0.1021786704659462 -0.16740430891513824 -0.15679913759231567
v 0.10219849646091461 -0.13773977756500244 -0.16173101961612701
v 0.1022530049085617 -0.021290184929966927 -0.22129078209400177
v 0.10243140161037445 0.36809125542640686 0.00465354835614562
v 0.10249968618154526 -0.36083632707595825 -0.15532568097114563
v 0.10355851799249649 -0.00899324007332325 -0.18851910531520844
v 0.10362404584884644 0.12850040197372437 -0.01742897368967533
v 0.10389439761638641 -0.06170938163995743 -0.22078530490398407
v 0.10392798483371735 0.36060667037963867 -0.014174274168908596
v 0.10408766567707062 -0.08720187842845917 -0.24532194435596466
v 0.10448191314935684 -0.35385775566101074 0.15116797387599945
v 0.10450778901576996 -0.16716423630714417 0.15184687077999115
v 0.10493782162666321 0.1655564308166504 -0.05676345154643059
v 0.10500389337539673 -0.11708665639162064 0.23619601130485535
v 0.10542676597833633 0.13004158437252045 -0.05185414478182793
v 0.10575438290834427 -0.49867627024650574 -0.23621141910552979
v 0.10692664980888367 -0.4995914101600647 0.21655327081680298
v 0.10696519166231155 0.2383662611246109 -0.01564827747642994
v 0.10698170959949493 -0.3077264428138733 0.23568448424339294
v 0.10713368654251099 -0.02874169684946537 -0.1872102916240692
v 0.10788252204656601 0.2406304031610489 0.010534695349633694
v 0.10811763256788254 -0.48771071434020996 0.1532839834690094
v 0.10843698680400848 0.32566067576408386 -0.001455004676245153
v 0.10848985612392426 0.035617806017398834 0.19961901009082794
v 0.10868147015571594 -0.01721286214888096 0.21988891065120697
v 0.10885931551456451 -0.4943825602531433 0.23651757836341858
v 0.10889235883951187 0.048000648617744446 -0.0013509379932656884
v 0.10931357741355896 0.29054057598114014 -0.0012876169057562947
v 0.10931743681430817 -0.2740749418735504 -0.23943637311458588
v 0.10946004092693329 -0.1150108352303505 0.16006429493427277
v 0.10946940630674362 -0.27947428822517395 -0.25877296924591064
v 0.10967312753200531 -0.07142062485218048 0.25673460960388184
v 0.11004534363746643 0.16437920928001404 0.026408452540636063
v 0.11004645377397537 0.1617109179496765 -0.07021448761224747
v 0.11006682366132736 -0.46626970171928406 -0.2346702367067337
v 0.11040379852056503 -0.4884364902973175 -0.15996243059635162
v 0.11095276474952698 -0.4989708364009857 -0.21835598349571228
v 0.11123688519001007 0.1647205948829651 0.06508879363536835
v 0.1112946942448616 -0.3593777120113373 0.15519462525844574
v 0.11161460727453232 -0.06117362901568413 0.18779340386390686
v 0.11187504976987839 0.12999148666858673 -0.0012463205493986607
v 0.11192350834608078 -0.03496202453970909 -0.19424939155578613
v 0.11263489723205566 -0.0630231574177742 0.1725511997938156
v 0.11287111788988113 -0.038707323372364044 -0.001991306198760867
v 0.113461934030056 -0.3771577477455139 -0.15923726558685303
v 0.11388920992612839 0.25049251317977905 0.0018030003411695361
v 0.11425041407346725 -0.2840719521045685 0.2528604567050934
v 0.11445469409227371 0.1135324165225029 0.07301273196935654
v 0.11446240544319153 -0.4742772877216339 -0.2219245284795761
v 0.11499594897031784 -0.1802375465631485 0.16077789664268494
v 0.11541441828012466 -0.13239768147468567 -0.23041781783103943
v 0.11556638777256012 -0.3638443052768707 0.2175779640674591
v 0.11586868017911911 -0.007758756168186665 -0.21441246569156647
v 0.11589621007442474 -0.2944802939891815 -0.25537237524986267
v 0.11615665256977081 -0.26421669125556946 0.2226921021938324
v 0.11628219485282898 -0.4635479748249054 -0.1835184097290039
v 0.11667092889547348 -0.36315882205963135 -0.2235681265592575
v 0.11695779860019684 -0.06141039729118347 0.2135782688856125
v 0.11700845509767532 -0.458798348903656 0.19071057438850403
v 0.11719787865877151 -0.4547039568424225 0.2187260091304779
v 0.11719952523708344 -0.2531415522098541 -0.2241159975528717
v 0.11755687743425369 -0.4828912019729614 0.21455341577529907
v 0.11757945269346237 0.1319054216146469 0.004052824340760708
v 0.11776941269636154 0.12420283257961273 -0.0646527037024498
v 0.11781896650791168 -0.14047250151634216 0.21976006031036377
v 0.1181730106472969 -0.27265653014183044 -0.17515066266059875
v 0.11846429109573364 -0.06462379544973373 -0.25216612219810486
v 0.11849898099899292 -0.35383957624435425 0.18709632754325867
v 0.11882274597883224 -0.38007044792175293 -0.16939671337604523
v 0.11886129528284073 -0.1817583590745926 -0.17024575173854828
v 0.11956112086772919 -0.18225887417793274 -0.16078945994377136
v 0.11958480626344681 -0.27131909132003784 0.1787770390510559
v 0.11966684460639954 -0.15295830368995667 -0.19562868773937225
v 0.12008806318044662 -0.1780846267938614 0.17294049263000488
v 0.12018497288227081 -0.08843416720628738 0.1475151777267456
v 0.12038319557905197 -0.48561403155326843 -0.19062303006649017
v 0.12040356546640396 0.10876516997814178 -0.06873278319835663
v 0.12058527022600174 -0.014594672247767448 0.19834324717521667
v 0.12062271684408188 -0.4839880168437958 0.175302654504776
v 0.12076918035745621 -0.48414331674575806 0.1617976427078247
v 0.1215549111366272 -0.05811384692788124 -0.21056914329528809
v 0.12334166467189789 -0.1415170133113861 0.20348656177520752
v 0.12396826595067978 -0.27605879306793213 0.1533908098936081
v 0.12401176989078522 -0.2655012607574463 -0.15782767534255981
v 0.12406682968139648 0.09663891792297363 0.000455088127637282
v 0.12407784163951874 -0.06383366137742996 -0.0010189155582338572
v 0.12420613318681717 -0.36159229278564453 0.20124995708465576
v 0.12432452291250229 -0.37306278944015503 -0.20794381201267242
v 0.12456293404102325 -0.3216559886932373 -0.13178786635398865
v 0.1254279613494873 -0.25414860248565674 0.2044600546360016
v 0.1255892813205719 -0.1366247683763504 0.17952917516231537
v 0.12635959684848785 -0.09031672775745392 0.1886347532272339
v 0.12649284303188324 -0.2500239312648773 -0.20876586437225342
v 0.12671805918216705 -0.4956286549568176 -0.19775186479091644
v 0.12742669880390167 -0.3087533712387085 0.18550284206867218
v 0.12748120725154877 0.31663545966148376 -0.0027456525713205338
v 0.12849709391593933 -0.3187559247016907 -0.1928480714559555
v 0.1288781315088272 -0.3521255552768707 0.15273337066173553
v 0.1296555995941162 0.13109546899795532 -0.000537124986294657
v 0.12990503013134003 -0.4633508622646332 0.20129455626010895
v 0.1300548017024994 -0.3036348521709442 -0.22336331009864807
v 0.13006745278835297 -0.12327945977449417 -0.1760437786579132
v 0.1302177757024765 -0.46781089901924133 -0.20111119747161865
v 0.130280002951622 -0.4981669783592224 0.19115106761455536
v 0.13057182729244232 -0.4838245213031769 -0.15401355922222137
v 0.13063403964042664 -0.08848316222429276 -0.19922862946987152
v 0.13073645532131195 -0.3280085027217865 0.22357749938964844
v 0.1313817799091339 -0.49413537979125977 0.21826349198818207
v 0.13158991932868958 0.16439957916736603 -0.0009919351432472467
v 0.1319379061460495 -0.12304764240980148 0.20900264382362366
v 0.13336676359176636 -0.33833256363868713 -0.21693649888038635
v 0.13379569351673126 -0.49500200152397156 -0.22245973348617554
v 0.13405393064022064 -0.4986591935157776 0.12090986967086792
v 0.1347939670085907 -0.30775678157806396 0.20917057991027832
v 0.1351485550403595 -0.05904658883810043 -0.16246388852596283
v 0.1352394074201584 -0.012311264872550964 0.1556786298751831
v 0.13563421368598938 -0.324461966753006 0.12173469364643097
v 0.13572339713573456 -0.08772056549787521 -0.22363145649433136
v 0.13658952713012695 -0.30486708879470825 -0.18235273659229279
v 0.13660550117492676 -0.17437072098255157 0.1328037679195404
v 0.13752998411655426 -0.3437395989894867 -0.1396782249212265
v 0.1383448988199234 -0.2720293700695038 0.1632138341665268
v 0.13848476111888885 -0.27632638812065125 -0.13251358270645142
v 0.1394907385110855 -0.2629309892654419 -0.1704528033733368
v 0.13962894678115845 -0.0656396895647049 0.22924664616584778
v 0.13969996571540833 -0.30506592988967896 -0.11978770792484283
v 0.1397566795349121 -0.08464701473712921 0.2013980746269226
v 0.1400022655725479 -0.34205421805381775 0.13420453667640686
v 0.1401597261428833 -0.062279824167490005 0.1531028300523758
v 0.1404218226671219 -0.17175693809986115 -0.12981995940208435
v 0.142764151096344 -0.28379830718040466 0.1959904581308365
v 0.14285776019096375 -0.15724100172519684 0.17485058307647705
v 0.1439446657896042 -0.2600060999393463 0.14975617825984955
v 0.14527496695518494 -0.28378617763519287 -0.20169153809547424
v 0.14555798470973969 -0.06323184072971344 -0.1681044101715088
v 0.14620937407016754 -0.1846000999212265 -0.1592763513326645
v 0.14762885868549347 -0.07947231084108353 0.21961139142513275
v 0.14809854328632355 0.11501027643680573 0.005610521417111158
v 0.14815470576286316 -0.012665861286222935 -0.14976553618907928
v 0.14858251810073853 -0.18220104277133942 0.15564283728599548
v 0.1529296636581421 -0.3360188603401184 -0.1466732770204544
v 0.1530541032552719 -0.2843175232410431 0.21263065934181213
v 0.15397143363952637 -0.06485175341367722 -0.19812849164009094
v 0.15623445808887482 -0.275533527135849 0.12007348239421844
v 0.1563517451286316 -0.2760549783706665 0.16703732311725616
v 0.15663917362689972 -0.013069462031126022 -0.16033519804477692
v 0.15711820125579834 -0.4865935444831848 0.1198124885559082
v 0.15726687014102936 -0.3394244611263275 -0.10667859762907028
v 0.15748050808906555 -0.3642837405204773 -0.12203367799520493
v 0.15794138610363007 -0.48813751339912415 -0.12011311948299408
v 0.15833231806755066 -0.011574535630643368 0.15280604362487793
v 0.15865223109722137 -0.1808052361011505 -0.12515513598918915
v 0.15924304723739624 -0.31799110770225525 -0.16495542228221893
v 0.15938015282154083 -0.25708669424057007 -0.13755778968334198
v 0.16129574179649353 -0.3309372365474701 0.14875350892543793
v 0.16246691346168518 -0.25878429412841797 0.14783231914043427
v 0.16263045370578766 -0.2572474777698517 -0.1500975638628006
v 0.16275818645954132 -0.4001300632953644 -0.10713836550712585
v 0.16287216544151306 -0.176106259226799 -0.10690710693597794
v 0.16308580338954926 -0.18512704968452454 -0.13934729993343353
v 0.1631331592798233 -0.18192629516124725 0.12100843340158463
v 0.16442765295505524 -0.27592939138412476 -0.10454605519771576
v 0.16531415283679962 -0.30525529384613037 0.09795571863651276
v 0.16562744975090027 -0.0653737410902977 0.18479199707508087
v 0.16595177352428436 -0.1853335052728653 0.1287996768951416
v 0.16615605354309082 -0.3118632733821869 -0.10232376307249069
v 0.16618578135967255 -0.2610335350036621 0.13131709396839142
v 0.16639721393585205 -0.2735859751701355 -0.1235346645116806
v 0.1664401739835739 -0.3662109076976776 0.09784063696861267
v 0.16651946306228638 -0.3689849376678467 0.12365305423736572
v 0.16721542179584503 -0.4886528253555298 0.09379524737596512
v 0.16783928871154785 -0.12873056530952454 -0.10772311687469482
v 0.16810137033462524 -0.16975323855876923 0.09396429359912872
v 0.1701122373342514 -0.1529676467180252 -0.15814098715782166
v 0.17026090621948242 -0.2729109227657318 -0.09895563870668411
v 0.17033523321151733 -0.15437282621860504 0.15309348702430725
v 0.17087648808956146 -0.17980365455150604 -0.13158634305000305
v 0.17150583863258362 -0.2761843502521515 0.0933222696185112
v 0.17240114510059357 -0.27649927139282227 -0.15154458582401276
v 0.1731879860162735 -0.3426884710788727 0.0827036052942276
v 0.17323258519172668 -0.4834577739238739 0.11986259371042252
v 0.17336362600326538 -0.08795072138309479 0.09351718425750732
v 0.17378374934196472 -0.14488238096237183 0.10032723098993301
v 0.1740722805261612 -0.47843557596206665 -0.12162292003631592
v 0.17476604878902435 -0.3601645231246948 -0.08674734085798264
v 0.17517462372779846 -0.25621673464775085 -0.12712964415550232
v 0.1764707714319229 -0.3741408586502075 -0.12168072909116745
v 0.17669928073883057 -0.1589600294828415 0.06083803251385689
v 0.1771496683359146 -0.0885244682431221 -0.09273145347833633
v 0.17756704986095428 -0.1700153350830078 0.08514780551195145
v 0.17762155830860138 -0.44048646092414856 -0.08454432338476181
v 0.17863965034484863 -0.30368271470069885 -0.05365521460771561
v 0.17929543554782867 -0.13756577670574188 0.12859758734703064
v 0.18005529046058655 -0.09040536731481552 0.1325763612985611
v 0.18121765553951263 -0.48883289098739624 -0.0794830396771431
v 0.18160472810268402 -0.06269003450870514 -0.11888579279184341
v 0.1817302703857422 -0.3182355463504791 -0.04724602773785591
v 0.18175339698791504 -0.15118750929832458 -0.038486797362565994
v 0.18210522830486298 -0.14392651617527008 -0.12983372807502747
v 0.1824130266904831 -0.28223177790641785 0.1608147770166397
v 0.18279682099819183 -0.16248948872089386 -0.08371564000844955
v 0.1828904151916504 -0.019983019679784775 0.11481893807649612
v 0.18401972949504852 -0.32713577151298523 0.05671335384249687
v 0.1846281737089157 -0.012209947220981121 -0.1150149554014206
v 0.18493983149528503 -0.27646902203559875 0.07625588029623032
v 0.18506646156311035 -0.2762228846549988 -0.13123063743114471
v 0.18571454286575317 -0.08822107315063477 0.07615456730127335
v 0.18605756759643555 -0.089928537607193 -0.13317762315273285
v 0.18606692552566528 -0.27566567063331604 -0.05642262101173401
v 0.18665334582328796 -0.18812735378742218 0.07367567718029022
v 0.1870536357164383 -0.06218787282705307 0.12582027912139893
v 0.18825067579746246 -0.4899143576622009 -0.13451232016086578
v 0.18828150629997253 -0.4984995722770691 -0.12880241870880127
v 0.18865592777729034 -0.14797134697437286 0.07988334447145462
v 0.18868236243724823 -0.27406829595565796 -0.0786268338561058
v 0.1887957900762558 -0.32401707768440247 0.13594117760658264
v 0.18897420167922974 -0.27452805638313293 0.12693968415260315
v 0.18898464739322662 -0.495726078748703 0.13692569732666016
v 0.18918398022651672 -0.13703553378582 -0.032273076474666595
v 0.18927262723445892 -0.4037415683269501 -0.08051985502243042
v 0.18939046561717987 -0.30570846796035767 -0.13424307107925415
v 0.18980728089809418 -0.2583426535129547 -0.051721446216106415
v 0.1900908499956131 -0.4738742709159851 -0.07780640572309494
v 0.19040745496749878 -0.18004924058914185 0.04933452606201172
v 0.1906326562166214 -0.16979508101940155 -0.029775476083159447
v 0.19066239893436432 -0.4889243245124817 0.03637903928756714
v 0.19075654447078705 0.004026114474982023 -0.11690136790275574
v 0.19083309173583984 -0.0199241042137146 -0.12564903497695923
v 0.190982848405838 -0.16988813877105713 0.12562866508960724
v 0.19114361703395844 -0.27616503834724426 -0.02865717187523842
v 0.19169588387012482 -0.47491878271102905 0.07446637004613876
v 0.19191834330558777 -0.07852579653263092 -0.17305557429790497
v 0.1921072155237198 -0.36162590980529785 0.0711202621459961
v 0.19269031286239624 -0.2758176326751709 0.026202524080872536
v 0.19331470131874084 -0.3177328109741211 -0.1376398354768753
v 0.1934204399585724 -0.062198881059885025 -0.1255350559949875
v 0.1935289055109024 -0.01882011443376541 0.1218266487121582
v 0.19427499175071716 -0.30857884883880615 0.1318611055612564
v 0.19429811835289001 -0.16994264721870422 0.023666927590966225
v 0.19432896375656128 -0.1411161720752716 -0.12612532079219818
v 0.19498473405838013 -0.3460472822189331 -0.05719348415732384
v 0.19604577124118805 -0.36143648624420166 0.12619911134243011
v 0.19652040302753448 -0.45477667450904846 0.12873634696006775
v 0.1965462863445282 -0.28351253271102905 -0.15352626144886017
v 0.19720867276191711 -0.13398456573486328 0.018502134829759598
v 0.19723235070705414 -0.0883311927318573 -0.03507847338914871
v 0.20071502029895782 -0.36472365260124207 -0.08252575993537903
v 0.20101675391197205 -0.011754586361348629 -0.09613317251205444
v 0.20102447271347046 -0.47274330258369446 0.0298630278557539
v 0.20122763514518738 -0.06230349466204643 -0.09746456146240234
v 0.2014346718788147 -0.062225308269262314 0.09706427156925201
v 0.2017969787120819 -0.4759523272514343 0.07760598510503769
v 0.20208220183849335 -0.361308217048645 0.07778163254261017
v 0.20214441418647766 -0.49297186732292175 0.14509080350399017
v 0.20223361253738403 -0.47519242763519287 -0.08262541145086288
v 0.20232611894607544 -0.009996465407311916 0.09362400323152542
v 0.20308542251586914 -0.08875187486410141 0.020914388820528984
v 0.20331446826457977 -0.4869900047779083 -0.011350155808031559
v 0.2036806344985962 -0.14684368669986725 0.127361461520195
v 0.20458750426769257 -0.3727813959121704 -0.019566472619771957
v 0.20549549162387848 -0.34679779410362244 0.01764427125453949
v 0.2058737426996231 -0.32851725816726685 -0.142806276679039
v 0.20666389167308807 0.04049573093652725 -0.11273319274187088
v 0.20693755149841309 -0.26394134759902954 0.07588475942611694
v 0.20706693828105927 -0.47561147809028625 -0.14653781056404114
v 0.2075195610523224 -0.25691547989845276 -0.06384054571390152
v 0.20789507031440735 -0.1829465925693512 0.07832840085029602
v 0.20811806619167328 -0.08981896936893463 -0.013119840994477272
v 0.2084038406610489 -0.4765937626361847 0.03577941656112671
v 0.20848752558231354 -0.07598414272069931 0.1608307659626007
v 0.20856405794620514 -0.3593793511390686 0.1303727924823761
v 0.20872651040554047 -0.30524536967277527 -0.0027478551492094994
v 0.2089434415102005 -0.27772441506385803 0.1424357146024704
v 0.20901228487491608 0.037369318306446075 0.11014639586210251
v 0.20918022096157074 -0.010084564797580242 0.1292043775320053
v 0.20945386588573456 -0.3600538671016693 -0.13288690149784088
v 0.2095678448677063 -0.3430403769016266 -0.04857907071709633
v 0.209904283285141 -0.27580001950263977 0.025281889364123344
v 0.21011681854724884 -0.4757700562477112 -0.026596209034323692
v 0.21033374965190887 -0.012431846931576729 0.050107039511203766
v 0.21058540046215057 -0.03426218777894974 0.06344244629144669
v 0.2106112688779831 -0.026680180802941322 -0.13008315861225128
v 0.2106696367263794 -0.30386999249458313 -0.13948111236095428
v 0.21085740625858307 -0.3072831928730011 0.1392228603363037
v 0.21089868247509003 -0.10134945064783096 0.13728414475917816
v 0.21156713366508484 -0.031668778508901596 -0.09783072769641876
v 0.21166294813156128 -0.3443458378314972 0.0474657267332077
v 0.2117593139410019 -0.27674758434295654 -0.017177892848849297
v 0.21209794282913208 -0.06420587748289108 0.04353486746549606
v 0.21219760179519653 -0.4956578016281128 0.09388720244169235
v 0.21229946613311768 -0.13066323101520538 -0.0841357633471489
v 0.21235066652297974 -0.1737722009420395 0.023337658494710922
v 0.21239307522773743 -0.2813067138195038 -0.15273116528987885
v 0.21251310408115387 -0.14023242890834808 -0.13353882730007172
v 0.21280547976493835 -0.0628519132733345 -0.1330977827310562
v 0.2129976451396942 -0.01326768659055233 -0.03984847292304039
v 0.21309180557727814 -0.1498379409313202 0.09099040925502777
v 0.21311822533607483 -0.0630534440279007 -0.095920629799366
v 0.21322119235992432 -0.4543003439903259 -0.1326809674501419
v 0.21343593299388885 -0.4760778248310089 -0.0012782564153894782
v 0.21352072060108185 -0.2491159737110138 -0.13027863204479218
v 0.2136787623167038 -0.3791080117225647 -0.023968111723661423
v 0.21381807327270508 -0.2722947597503662 -0.08618130534887314
v 0.21384449303150177 -0.3744354546070099 -0.002721425611525774
v 0.21449533104896545 -0.10045745223760605 0.08117509633302689
v 0.21459223330020905 -0.16764713823795319 -0.0926637277007103
v 0.2147904634475708 -0.4994273781776428 0.11395666748285294
v 0.21528325974941254 -0.2835725247859955 0.1531408280134201
v 0.21538512408733368 -0.4498657286167145 -0.09809942543506622
v 0.21565823256969452 -0.33243656158447266 -0.07432540506124496
v 0.21594621241092682 -0.47493642568588257 0.12143626064062119
v 0.21632997691631317 -0.01744302175939083 0.09836483001708984
v 0.21648746728897095 -0.49765104055404663 -0.11141831427812576
v 0.21655794978141785 -0.1453261822462082 0.12567105889320374
v 0.21671873331069946 -0.3766852617263794 0.02003505453467369
v 0.2170925885438919 -0.17618940770626068 -0.017169633880257607
v 0.2171190232038498 -0.25779977440834045 -0.01600177399814129
v 0.2171333283185959 -0.2521272897720337 0.12689068913459778
v 0.21725502610206604 -0.47156333923339844 -0.12293558567762375
v 0.21774066984653473 -0.08897651731967926 -0.08673467487096786
v 0.21774892508983612 -0.264500230550766 0.04581056907773018
v 0.2180231362581253 -0.05744099244475365 0.029357563704252243
v 0.21803247928619385 -0.01616283506155014 0.010937748476862907
v 0.2184080183506012 -0.03567672520875931 -0.038574349135160446
v 0.2184465527534485 -0.3061874806880951 0.08078690618276596
v 0.21845756471157074 -0.2610417902469635 -0.050530459731817245
v 0.21885345876216888 -0.03308166563510895 -0.11505238711833954
v 0.21888044476509094 -0.3044293522834778 -0.08178848028182983
v 0.2192135751247406 -0.0617220401763916 0.06922724097967148
v 0.2194371223449707 -0.010343356058001518 -0.10332479327917099
v 0.21945475041866302 -0.06300057470798492 -0.0048919604159891605
v 0.21946629881858826 -0.4937421977519989 -0.041909437626600266
v 0.21951255202293396 -0.3176271319389343 0.08606678247451782
v 0.22083789110183716 -0.003756866557523608 0.007309177424758673
v 0.22101739048957825 -0.175554558634758 0.062218427658081055
v 0.2213747501373291 -0.4857042729854584 0.0879807323217392
v 0.221385195851326 -0.2743028998374939 0.059242889285087585
v 0.22166162729263306 -0.18633399903774261 0.038440003991127014
v 0.22177724540233612 -0.061826109886169434 0.11853505671024323
v 0.22193196415901184 -0.49751004576683044 0.02430674619972706
v 0.2222794145345688 -0.174382284283638 -0.05871979892253876
v 0.22262190282344818 -0.17740516364574432 -0.03815312311053276
v 0.22280248999595642 -0.47456255555152893 0.020431499928236008
v 0.22314387559890747 -0.013240155763924122 0.05411498621106148
v 0.22333385050296783 -0.4533185660839081 -0.11935161054134369
v 0.22342689335346222 -0.4769060015678406 -0.030031513422727585
v 0.2234533280134201 -0.06296974420547485 -0.05983534827828407
v 0.22384920716285706 -0.013301273807883263 -0.12005475908517838
v 0.22389107942581177 -0.3601022958755493 -0.12154197692871094
v 0.22398632764816284 -0.3623097240924835 -0.1065673753619194
v 0.22491081058979034 -0.32105696201324463 -0.138145312666893
v 0.22558476030826569 -0.4457167685031891 0.11207631230354309
v 0.22607757151126862 -0.2706996202468872 -0.027631370350718498
v 0.22691451013088226 -0.03139016777276993 -0.02079710364341736
v 0.22698938846588135 -0.24601325392723083 -0.11323811113834381
v 0.22706042230129242 -0.13607636094093323 0.10962771624326706
v 0.22715292870998383 -0.49350544810295105 -0.09545976668596268
v 0.22782522439956665 -0.06270985305309296 -0.030141087248921394
v 0.22830261290073395 -0.2559160888195038 0.10750839114189148
v 0.22857463359832764 -0.012994580902159214 -0.04274747893214226
v 0.2286963015794754 -0.0629868134856224 0.024223603308200836
v 0.22894848883152008 -0.3543423116207123 0.1104949340224266
v 0.2290971577167511 -0.27161696553230286 0.02319890260696411
v 0.22946330904960632 -0.0883190855383873 0.027875849977135658
v 0.22955307364463806 -0.15145842730998993 -0.06662777066230774
v 0.23020555078983307 -0.4993216097354889 -0.13516920804977417
v 0.2310386449098587 -0.49797260761260986 0.1102532148361206
v 0.2311272919178009 -0.24676978588104248 -0.026385873556137085
v 0.23121702671051025 -0.4572087228298187 -0.02170286886394024
v 0.23135027289390564 -0.08929422497749329 -0.031077135354280472
v 0.2316030114889145 -0.46082350611686707 -0.11014144122600555
v 0.2316311001777649 -0.17331793904304504 0.017875531688332558
v 0.2316713035106659 -0.060825638473033905 -0.11262527853250504
v 0.23170213401317596 -0.13767865300178528 0.0222061388194561
v 0.23181556165218353 -0.3556225299835205 0.02156522125005722
v 0.23200993239879608 -0.09021595865488052 -0.12838560342788696
v 0.2320358008146286 -0.23060640692710876 0.01827527955174446
v 0.23215198516845703 -0.3394696116447449 0.12477850914001465
v 0.23238049447536469 -0.4994482398033142 -0.02611607126891613
v 0.23272188007831573 -0.16163823008537292 -0.022217698395252228
v 0.23276592791080475 -0.1403931975364685 -0.02094246633350849
v 0.23277254402637482 -0.30440735816955566 0.030109155923128128
v 0.23357532918453217 -0.4989835321903229 0.024727968499064445
v 0.23360560834407806 -0.02401023916900158 0.013199135661125183
v 0.23371464014053345 -0.08465032279491425 0.09399347752332687
v 0.23449651896953583 -0.11209916323423386 -0.10510218143463135
v 0.23452679812908173 -0.01251058466732502 -0.018612252548336983
v 0.23499096930027008 -0.1154215857386589 0.11169362813234329
v 0.23525415360927582 -0.1534913033246994 0.042058661580085754
v 0.23534061014652252 -0.28633713722229004 0.07598496973514557
v 0.23555921018123627 0.041369009763002396 -0.001276604481972754
v 0.23561756312847137 -0.3377108871936798 -0.10999937355518341
v 0.23620066046714783 -0.30577895045280457 -0.11353378742933273
v 0.23627722263336182 -0.3063267767429352 0.11344514042139053
v 0.23648589849472046 -0.14668676257133484 0.016492929309606552
v 0.23785749077796936 -0.35174229741096497 -0.023765483871102333
v 0.23793072998523712 -0.47146257758140564 0.1136631891131401
v 0.238210991024971 -0.06509457528591156 -0.13521382212638855
v 0.23940306901931763 -0.28395792841911316 -0.07737362384796143
v 0.2397361844778061 -0.46430012583732605 -0.024137701839208603
v 0.24027083814144135 -0.3114420771598816 0.027337895706295967
v 0.24052466452121735 -0.315659761428833 -0.03026222251355648
v 0.24224039912223816 -0.4962601661682129 0.027374789118766785
v 0.24323536455631256 -0.49115872383117676 -0.022063525393605232
v 0.24329428374767303 -0.08676633983850479 0.11415434628725052
v 0.2437419295310974 -0.08347033709287643 -0.08779296278953552
v 0.24622687697410583 -0.4014851152896881 -0.0171063132584095
v 0.24662001430988312 -0.022159062325954437 -0.009068946354091167
v 0.2472124844789505 -0.003106587566435337 0.005563168786466122
v 0.24864737689495087 -0.28347891569137573 -0.04638485983014107
v 0.24899151921272278 -0.06716214865446091 -0.08264359086751938
v 0.24982406198978424 -0.3642672002315521 0.015002959407866001
v 0.2505051791667938 -0.49681907892227173 -0.0009577968739904463
v 0.25057676434516907 -0.06508797407150269 0.1055784747004509
v 0.25182005763053894 -0.14397937059402466 0.015909826382994652
v 0.2523508369922638 -0.4730813503265381 0.010257184505462646
v 0.2534581422805786 -0.06272251904010773 -0.008636160753667355
v 0.25406765937805176 -0.14034584164619446 -0.020517390221357346
v 0.2541073262691498 -0.4586579501628876 -0.01836392469704151
v 0.2544519901275635 -0.3587131202220917 -0.01699674129486084
v 0.2545235753059387 -0.28573814034461975 0.04423084855079651
v 0.25563639402389526 -0.45329219102859497 0.013766271993517876
v 0.2557002604007721 -0.28634050488471985 -0.118781179189682
v 0.2565982937812805 -0.08867698907852173 -0.025416234508156776
v 0.2582281529903412 -0.07344138622283936 -0.12145773321390152
v 0.2587253451347351 -0.4956418573856354 -0.02848758175969124
v 0.2587721347808838 -0.28486040234565735 0.11565972864627838
v 0.259344220161438 -0.24998264014720917 0.012196460738778114
v 0.26081109046936035 -0.33386433124542236 -0.026629798114299774
v 0.261148601770401 -0.09062397480010986 0.021820157766342163
v 0.26213255524635315 -0.2470208704471588 -0.01245139166712761
v 0.2625328600406647 -0.14620167016983032 0.005750929471105337
v 0.26308733224868774 -0.36656221747398376 -0.004545071627944708
v 0.26369577646255493 -0.45564165711402893 -0.0020485706627368927
v 0.26380258798599243 -0.2840334177017212 -0.03723965212702751
v 0.26817891001701355 -0.0694664865732193 0.04746462404727936
v 0.2715701460838318 -0.4946204423904419 0.00041103875264525414
v 0.27309152483940125 -0.3405102491378784 0.013449115678668022
v 0.274027556180954 -0.30738565325737 -0.005434869788587093
v 0.2759001851081848 -0.2726510167121887 0.007080670911818743
v 0.2762085795402527 -0.09114981442689896 -0.0021542892791330814
v 0.2941559851169586 -0.08010716736316681 -0.0012595353182405233
v 0.2950187921524048 -0.2847095727920532 -0.00034385817707516253
v 0.2951855957508087 -0.0661330446600914 -0.0031916529405862093
vt 0.0015379999531432986 0.07394900172948837
vt 0.0015379999531432986 0.16122399270534515
vt 0.0015379999531432986 0.32331201434135437
vt 0.0015379999531432986 0.4661499857902527
vt 0.0015379999531432986 0.5071849822998047
vt 0.0015379999531432986 0.6201279759407043
vt 0.0015379999531432986 0.7719770073890686
vt 0.0015379999531432986 0.8310319781303406
vt 0.0015379999531432986 0.8604519963264465
vt 0.0015379999531432986 0.896543025970459
vt 0.0015379999531432986 0.9134690165519714
vt 0.0015379999531432986 0.9516509771347046
vt 0.0015379999531432986 0.955394983291626
vt 0.0015379999531432986 0.9815390110015869
vt 0.0015620000194758177 0.6445649862289429
vt 0.0020149999763816595 0.5991520285606384
vt 0.002022000029683113 0.8145949840545654
vt 0.002239000052213669 0.6332070231437683
vt 0.0025110000278800726 0.5759469866752625
vt 0.0033319999929517508 0.7046300172805786
vt 0.003343000076711178 0.5181750059127808
vt 0.004689000081270933 0.31132400035858154
vt 0.005135000217705965 0.14177699387073517
vt 0.005588000174611807 0.9934149980545044
vt 0.005960999988019466 0.33177098631858826
vt 0.00610300013795495 0.7216579914093018
vt 0.006703000050038099 0.7818710207939148
vt 0.0067969998344779015 0.6029599905014038
vt 0.007288999855518341 0.762499988079071
vt 0.007402000017464161 0.6208440065383911
vt 0.008144999854266644 0.2756960093975067
vt 0.008286000229418278 0.10556799918413162
vt 0.008359000086784363 0.6452749967575073
vt 0.009720000438392162 0.8253660202026367
vt 0.009802999906241894 0.977055013179779
vt 0.010997000150382519 0.7213850021362305
vt 0.011087999679148197 0.9566720128059387
vt 0.011087999679148197 0.9846159815788269
vt 0.011087999679148197 0.9979230165481567
vt 0.011370000429451466 0.8736069798469543
vt 0.012275000102818012 0.5906090140342712
vt 0.012586000375449657 0.8947610259056091
vt 0.013042000122368336 0.76180499792099
vt 0.013810999691486359 0.6975859999656677
vt 0.014057000167667866 0.3683840036392212
vt 0.014165000058710575 0.955394983291626
vt 0.014165000058710575 0.9678729772567749
vt 0.014165000058710575 0.9821860194206238
vt 0.014165000058710575 0.9969090223312378
vt 0.014828000217676163 0.9103919863700867
vt 0.01536799967288971 0.16655699908733368
vt 0.015639999881386757 0.914779007434845
vt 0.015720000490546227 0.711404025554657
vt 0.015768000856041908 0.06661400198936462
vt 0.01621299982070923 0.979108989238739
vt 0.016589999198913574 0.9466090202331543
vt 0.017109999433159828 0.7648599743843079
vt 0.017297999933362007 0.09164100140333176
vt 0.017449000850319862 0.9523190259933472
vt 0.017520999535918236 0.7221649885177612
vt 0.017583999782800674 0.08048199862241745
vt 0.01822800002992153 0.42475101351737976
vt 0.018286999315023422 0.43670400977134705
vt 0.018535999581217766 0.8573309779167175
vt 0.019169999286532402 0.1363379955291748
vt 0.020826999098062515 0.988556981086731
vt 0.02094399929046631 0.9246119856834412
vt 0.02094399929046631 0.9439489841461182
vt 0.021198000758886337 0.10764899849891663
vt 0.02199999988079071 0.8679419755935669
vt 0.02206300012767315 0.26197001338005066
vt 0.022174999117851257 0.15348300337791443
vt 0.02223999984562397 0.7601450085639954
vt 0.023096999153494835 0.375324010848999
vt 0.023420000448822975 0.8851040005683899
vt 0.023872999474406242 0.7789149880409241
vt 0.024209000170230865 0.9624950289726257
vt 0.024481000378727913 0.9270359873771667
vt 0.0247150007635355 0.8542540073394775
vt 0.026350999251008034 0.7939749956130981
vt 0.026496000587940216 0.8936359882354736
vt 0.026530999690294266 0.20767800509929657
vt 0.02755800075829029 0.9246119856834412
vt 0.02755800075829029 0.9671139717102051
vt 0.02755800075829029 0.9701899886131287
vt 0.02755800075829029 0.987525999546051
vt 0.027605999261140823 0.6968200206756592
vt 0.028030000627040863 0.7231889963150024
vt 0.02924099937081337 0.6876580119132996
vt 0.02927899919450283 0.7710970044136047
vt 0.03049599938094616 0.8453829884529114
vt 0.03066899999976158 0.16615700721740723
vt 0.03117999993264675 0.7089189887046814
vt 0.03132199868559837 0.8710439801216125
vt 0.031537000089883804 0.5506179928779602
vt 0.03167000040411949 0.4199399948120117
vt 0.03244899958372116 0.8573309779167175
vt 0.03262599930167198 0.7849479913711548
vt 0.03347000107169151 0.25891101360321045
vt 0.03432200103998184 0.9335129857063293
vt 0.0347599983215332 0.38137200474739075
vt 0.03532800078392029 0.5307450294494629
vt 0.036281999200582504 0.18757100403308868
vt 0.036993999034166336 0.9849140048027039
vt 0.038433000445365906 0.8601289987564087
vt 0.038433000445365906 0.9215360283851624
vt 0.038433000445365906 0.9292680025100708
vt 0.03925500065088272 0.7978529930114746
vt 0.03925500065088272 0.8537930250167847
vt 0.04086599871516228 0.2483929991722107
vt 0.04207500070333481 0.4016309976577759
vt 0.04209800064563751 0.18203100562095642
vt 0.0423320010304451 0.8145620226860046
vt 0.0423320010304451 0.8952640295028687
vt 0.0423320010304451 0.9478669762611389
vt 0.0423320010304451 0.9543870091438293
vt 0.0423320010304451 0.9647840261459351
vt 0.042490001767873764 0.7132840156555176
vt 0.042663998901844025 0.6869819760322571
vt 0.042830999940633774 0.6325479745864868
vt 0.04424599930644035 0.9104210138320923
vt 0.04483100026845932 0.5645740032196045
vt 0.04506999999284744 0.592894971370697
vt 0.046121999621391296 0.6205880045890808
vt 0.046140000224113464 0.8849440217018127
vt 0.04617299884557724 0.6020359992980957
vt 0.04626600071787834 0.052661001682281494
vt 0.048312000930309296 0.19502900540828705
vt 0.04860299825668335 0.5767970085144043
vt 0.04911300167441368 0.8286290168762207
vt 0.049125999212265015 0.24737200140953064
vt 0.049442000687122345 0.9497699737548828
vt 0.04951599985361099 0.8224290013313293
vt 0.04967400059103966 0.9816409945487976
vt 0.05001699924468994 0.5803030133247375
vt 0.05005500093102455 0.7008439898490906
vt 0.05173199996352196 0.39375001192092896
vt 0.052615001797676086 0.8043980002403259
vt 0.052650000900030136 0.9581419825553894
vt 0.052650000900030136 0.9680489897727966
vt 0.05294099822640419 0.5770509839057922
vt 0.05358399823307991 0.7285950183868408
vt 0.05358399823307991 0.7706000208854675
vt 0.053647998720407486 0.8254050016403198
vt 0.05438600108027458 0.8224970102310181
vt 0.054620999842882156 0.8188340067863464
vt 0.05572599917650223 0.9581419825553894
vt 0.05572599917650223 0.9848510026931763
vt 0.05577300116419792 0.9107450246810913
vt 0.05616899952292442 0.5962769985198975
vt 0.05618400126695633 0.6484019756317139
vt 0.05621299892663956 0.9484540224075317
vt 0.05623500049114227 0.8211529850959778
vt 0.05628399923443794 0.8518030047416687
vt 0.056418001651763916 0.6267859935760498
vt 0.05666099861264229 0.6956869959831238
vt 0.05666099861264229 0.7733629941940308
vt 0.05687300115823746 0.8892549872398376
vt 0.0573900006711483 0.9550650119781494
vt 0.05852599814534187 0.6869819760322571
vt 0.05894400179386139 0.4127900004386902
vt 0.059365998953580856 0.7647659778594971
vt 0.05938500165939331 0.8229299783706665
vt 0.059797000139951706 0.7533869743347168
vt 0.06069200113415718 0.9129689931869507
vt 0.06069200113415718 0.9433289766311646
vt 0.06069200113415718 0.9528070092201233
vt 0.06093600019812584 0.23520299792289734
vt 0.06124500185251236 0.6288040280342102
vt 0.061539001762866974 0.5922729969024658
vt 0.061622001230716705 0.8146759867668152
vt 0.06268300116062164 0.017712999135255814
vt 0.06293399631977081 0.7066220045089722
vt 0.06379300355911255 0.8341720104217529
vt 0.06409800052642822 0.9605420231819153
vt 0.06435900181531906 0.9484540224075317
vt 0.06437099725008011 0.855023980140686
vt 0.06437099725008011 0.9073449969291687
vt 0.06437099725008011 0.9104210138320923
vt 0.06437099725008011 0.9402530193328857
vt 0.0647749975323677 0.21477599442005157
vt 0.06744799762964249 0.8834599852561951
vt 0.06744799762964249 0.9525420069694519
vt 0.06744799762964249 0.9693840146064758
vt 0.06744799762964249 0.9830219745635986
vt 0.06804300099611282 0.6096829771995544
vt 0.06831300258636475 0.9165639877319336
vt 0.06838800013065338 0.0032560001127421856
vt 0.06966199725866318 0.24243199825286865
vt 0.06969500333070755 0.9663069844245911
vt 0.06970100104808807 0.20467400550842285
vt 0.06976500153541565 0.40856999158859253
vt 0.07049699872732162 0.6612409949302673
vt 0.07062099874019623 0.758247971534729
vt 0.07206399738788605 0.7887740135192871
vt 0.07300300151109695 0.700124979019165
vt 0.0743120014667511 0.8527640104293823
vt 0.07510499656200409 0.23212599754333496
vt 0.07518400251865387 0.9111289978027344
vt 0.07587700337171555 0.7335500121116638
vt 0.07595700025558472 0.9154459834098816
vt 0.0764160007238388 0.0156230004504323
vt 0.07696200162172318 0.7484729886054993
vt 0.07697000354528427 0.021361999213695526
vt 0.07743699848651886 0.8518030047416687
vt 0.07777100056409836 0.8607000112533569
vt 0.07873900234699249 0.8007490038871765
vt 0.07883500307798386 0.9196410179138184
vt 0.07883500307798386 0.9554460048675537
vt 0.0793209969997406 0.7264509797096252
vt 0.07980900257825851 0.9736549854278564
vt 0.08014100044965744 0.7849479913711548
vt 0.08153799921274185 0.797527015209198
vt 0.08153799921274185 0.8487269878387451
vt 0.08154399693012238 0.4116469919681549
vt 0.08175499737262726 0.7240980267524719
vt 0.08184300363063812 0.5692579746246338
vt 0.08271999657154083 0.8630509972572327
vt 0.08271999657154083 0.9059969782829285
vt 0.0831649973988533 0.20869000256061554
vt 0.08317200094461441 0.5770329833030701
vt 0.0834520012140274 0.4027940034866333
vt 0.08346500247716904 0.6457700133323669
vt 0.08352400362491608 0.6084409952163696
vt 0.08352400362491608 0.6839050054550171
vt 0.08386699855327606 0.21912899613380432
vt 0.08402500301599503 0.014016999863088131
vt 0.08600900322198868 0.0022330000065267086
vt 0.08603599667549133 0.39670100808143616
vt 0.08660099655389786 0.5775060057640076
vt 0.08660099655389786 0.6627320051193237
vt 0.08660099655389786 0.682699978351593
vt 0.08660099655389786 0.7760779857635498
vt 0.08660099655389786 0.7791540026664734
vt 0.08660099655389786 0.8537629842758179
vt 0.08660099655389786 0.8961529731750488
vt 0.08660099655389786 0.9201290011405945
vt 0.08660099655389786 0.9663490056991577
vt 0.08660099655389786 0.9704949855804443
vt 0.08660099655389786 0.985148012638092
vt 0.08690100163221359 0.6031090021133423
vt 0.0872419998049736 0.928380012512207
vt 0.08730299770832062 0.23520299792289734
vt 0.08749199658632278 0.6796240210533142
vt 0.08787500113248825 0.8053010106086731
vt 0.08843699842691422 0.8800209760665894
vt 0.08844000101089478 0.6937199831008911
vt 0.08905400335788727 0.5906100273132324
vt 0.0893160030245781 0.2405339926481247
vt 0.0904339998960495 0.023483000695705414
vt 0.09055499732494354 0.7128999829292297
vt 0.09069900214672089 0.8714069724082947
vt 0.09216199815273285 0.6652029752731323
vt 0.09248500317335129 0.6036490201950073
vt 0.09263499826192856 0.4084709882736206
vt 0.09280599653720856 0.8290079832077026
vt 0.095100998878479 0.5728700160980225
vt 0.0961190015077591 0.7122679948806763
vt 0.09666900336742401 0.30595099925994873
vt 0.09679300338029861 0.211900994181633
vt 0.09756000339984894 0.9158430099487305
vt 0.09770700335502625 0.9783539772033691
vt 0.09809599816799164 0.9232050180435181
vt 0.09809599816799164 0.9674180150032043
vt 0.09811700135469437 0.8662779927253723
vt 0.10046900063753128 0.6860659718513489
vt 0.1008019968867302 0.7581070065498352
vt 0.1009180024266243 0.9760479927062988
vt 0.10169100016355515 0.5759469866752625
vt 0.1025490015745163 0.8053709864616394
vt 0.10279999673366547 0.4126009941101074
vt 0.10313999652862549 0.8399940133094788
vt 0.1036280021071434 0.9366160035133362
vt 0.10373999923467636 0.9729710221290588
vt 0.10377900302410126 0.7207639813423157
vt 0.10407199710607529 0.40312299132347107
vt 0.10447099804878235 0.6227179765701294
vt 0.10485699772834778 0.6008110046386719
vt 0.10549099743366241 0.705938994884491
vt 0.10621599853038788 0.2363629937171936
vt 0.10628099739551544 0.8693550229072571
vt 0.10654199868440628 0.7680839896202087
vt 0.1066489964723587 0.8774930238723755
vt 0.10672099888324738 0.6423720121383667
vt 0.10675700008869171 0.6094340085983276
vt 0.10771399736404419 0.007592999842017889
vt 0.10852599889039993 0.9891819953918457
vt 0.10868100076913834 0.8995220065116882
vt 0.10906600207090378 0.8151530027389526
vt 0.11008600145578384 0.6670640110969543
vt 0.11055400222539902 0.7121019959449768
vt 0.11175700277090073 0.8825889825820923
vt 0.11227399855852127 0.9302729964256287
vt 0.11227399855852127 0.9694210290908813
vt 0.11227399855852127 0.9762889742851257
vt 0.11227399855852127 0.9890750050544739
vt 0.11238700151443481 0.22649799287319183
vt 0.11241000145673752 0.5834540128707886
vt 0.11268199980258942 0.5906580090522766
vt 0.11291799694299698 0.43917301297187805
vt 0.11326900124549866 0.6795169711112976
vt 0.11456800252199173 0.5629820227622986
vt 0.1149040013551712 0.7648029923439026
vt 0.11535000056028366 0.9302729964256287
vt 0.11535000056028366 0.9674410223960876
vt 0.11535000056028366 0.9837729930877686
vt 0.11582700163125992 0.7248200178146362
vt 0.11622700095176697 0.4069260060787201
vt 0.11655300110578537 0.9271969795227051
vt 0.11763300001621246 0.6566050052642822
vt 0.1176770031452179 0.8162469863891602
vt 0.1181040033698082 0.21129100024700165
vt 0.11938899755477905 0.4192740023136139
vt 0.12027599662542343 0.39969998598098755
vt 0.12075299769639969 0.8159430027008057
vt 0.12075299769639969 0.8381819725036621
vt 0.12075299769639969 0.8621039986610413
vt 0.12145200371742249 0.7854949831962585
vt 0.12211199849843979 0.710552990436554
vt 0.12266799807548523 0.25024399161338806
vt 0.12313800305128098 0.7568420171737671
vt 0.12321600317955017 0.9639379978179932
vt 0.12346599996089935 0.8828319907188416
vt 0.1239209994673729 0.6115919947624207
vt 0.12534800171852112 0.42590001225471497
vt 0.12558899819850922 0.7791540026664734
vt 0.12612099945545197 0.8693550229072571
vt 0.12612099945545197 0.9238560199737549
vt 0.12612099945545197 0.9352020025253296
vt 0.1265230029821396 0.8002060055732727
vt 0.1265230029821396 0.8351050019264221
vt 0.12655200064182281 0.8421260118484497
vt 0.12712599337100983 0.9705179929733276
vt 0.12712599337100983 0.9843189716339111
vt 0.12730799615383148 0.7001230120658875
vt 0.12814399600028992 0.0015379999531432986
vt 0.12960000336170197 0.7791540026664734
vt 0.12976300716400146 0.8559370040893555
vt 0.12976300716400146 0.9116870164871216
vt 0.12976300716400146 0.9203619956970215
vt 0.12976300716400146 0.9590889811515808
vt 0.12976400554180145 0.8528599739074707
vt 0.13046599924564362 0.8154159784317017
vt 0.13110800087451935 0.8380590081214905
vt 0.13111600279808044 0.9621660113334656
vt 0.13111600279808044 0.9930539727210999
vt 0.13116300106048584 0.902629017829895
vt 0.13155099749565125 0.9807459712028503
vt 0.1319199949502945 0.8783040046691895
vt 0.13255399465560913 0.01875999942421913
vt 0.1332779973745346 0.24237599968910217
vt 0.1338140070438385 0.7171260118484497
vt 0.13507699966430664 0.8116790056228638
vt 0.13537299633026123 0.39657899737358093
vt 0.13549299538135529 0.7586680054664612
vt 0.1364710032939911 0.8637049794197083
vt 0.1379539966583252 0.9845219850540161
vt 0.1379539966583252 0.9959419965744019
vt 0.13978199660778046 0.5581859946250916
vt 0.13999900221824646 0.38804998993873596
vt 0.1407880038022995 0.7940760254859924
vt 0.14097200334072113 0.20892299711704254
vt 0.14102999866008759 0.9845219850540161
vt 0.14166299998760223 0.9963809847831726
vt 0.14181600511074066 0.9147629737854004
vt 0.14184799790382385 0.9573320150375366
vt 0.14281299710273743 0.838687002658844
vt 0.14289000630378723 0.7791540026664734
vt 0.1431100070476532 0.7564809918403625
vt 0.14318600296974182 0.9243299961090088
vt 0.14318600296974182 0.9630740284919739
vt 0.14318600296974182 0.9814450144767761
vt 0.14336200058460236 0.8262640237808228
vt 0.14339900016784668 0.8526149988174438
vt 0.14490699768066406 0.2665739953517914
vt 0.14503900706768036 0.25778600573539734
vt 0.14532999694347382 0.010156000033020973
vt 0.14618700742721558 0.682699978351593
vt 0.14618700742721558 0.7765719890594482
vt 0.14649100601673126 0.9458209872245789
vt 0.14649100601673126 0.9678270220756531
vt 0.1466429978609085 0.9058359861373901
vt 0.1467220038175583 0.9423230290412903
vt 0.1469700038433075 0.8728929758071899
vt 0.1473429948091507 0.7515509724617004
vt 0.1475590020418167 0.9845219850540161
vt 0.14757999777793884 0.7979350090026855
vt 0.1487489938735962 0.379474014043808
vt 0.1491910070180893 0.7135499715805054
vt 0.14924000203609467 0.22937999665737152
vt 0.1506360024213791 0.861411988735199
vt 0.1506360024213791 0.9147629737854004
vt 0.1506360024213791 0.9427440166473389
vt 0.1506360024213791 0.9578610062599182
vt 0.15071900188922882 0.7641239762306213
vt 0.15101000666618347 0.595363974571228
vt 0.151295006275177 0.6766030192375183
vt 0.1514579951763153 0.794858992099762
vt 0.15199699997901917 0.590391993522644
vt 0.15248200297355652 0.7259399890899658
vt 0.15295900404453278 0.21268899738788605
vt 0.15371300280094147 0.8702920079231262
vt 0.15371300280094147 0.9217399954795837
vt 0.15371300280094147 0.9689649939537048
vt 0.15371300280094147 0.9720420241355896
vt 0.15371300280094147 0.9879390001296997
vt 0.15477100014686584 0.8385649919509888
vt 0.15483500063419342 0.45761099457740784
vt 0.15585599839687347 0.7767599821090698
vt 0.1568010002374649 0.7092180252075195
vt 0.15712299942970276 0.586933970451355
vt 0.15807799994945526 0.005123999901115894
vt 0.15840399265289307 0.8523780107498169
vt 0.15893299877643585 0.38056498765945435
vt 0.1593790054321289 0.7158359885215759
vt 0.15939900279045105 0.9248160123825073
vt 0.15969599783420563 0.47741299867630005
vt 0.15981699526309967 0.6655619740486145
vt 0.1599009931087494 0.0258760005235672
vt 0.1601489931344986 0.5151559710502625
vt 0.16063499450683594 0.7908499836921692
vt 0.16071900725364685 0.8113830089569092
vt 0.1610579937696457 0.22839799523353577
vt 0.16123400628566742 0.6566659808158875
vt 0.1614380031824112 0.6022250056266785
vt 0.161639004945755 0.6991919875144958
vt 0.16220200061798096 0.6111230254173279
vt 0.1622850000858307 0.6065890192985535
vt 0.1625320017337799 0.6539390087127686
vt 0.16264699399471283 0.27536600828170776
vt 0.16303400695323944 0.36040499806404114
vt 0.16322599351406097 0.4116469919681549
vt 0.16322599351406097 0.5423949956893921
vt 0.16322599351406097 0.5454720258712769
vt 0.16322599351406097 0.5664730072021484
vt 0.1634330004453659 0.42198801040649414
vt 0.16350899636745453 0.8358460068702698
vt 0.1636279970407486 0.9767389893531799
vt 0.16406600177288055 0.9689649939537048
vt 0.16688600182533264 0.9132509827613831
vt 0.16708500683307648 0.8559370040893555
vt 0.16714300215244293 0.942451000213623
vt 0.16714300215244293 0.9662259817123413
vt 0.16714300215244293 0.9693030118942261
vt 0.16714300215244293 0.9908419847488403
vt 0.16779500246047974 0.2143319994211197
vt 0.1689089983701706 0.3650420010089874
vt 0.16892899572849274 0.6017029881477356
vt 0.1690939962863922 0.6347749829292297
vt 0.16942599415779114 0.9248160123825073
vt 0.16968700289726257 0.5763319730758667
vt 0.1700350046157837 0.699616014957428
vt 0.1700350046157837 0.8528599739074707
vt 0.17009399831295013 0.8749579787254333
vt 0.17050500214099884 0.2980920076370239
vt 0.1711760014295578 0.5889319777488708
vt 0.17147299647331238 0.5274239778518677
vt 0.17162199318408966 0.6009799838066101
vt 0.17232400178909302 0.33129701018333435
vt 0.17241300642490387 0.9445729851722717
vt 0.1727370023727417 0.9760649800300598
vt 0.1728149950504303 0.3407140076160431
vt 0.17340700328350067 0.41506800055503845
vt 0.17360800504684448 0.31798601150512695
vt 0.17582100629806519 0.9644060134887695
vt 0.17582200467586517 0.5807920098304749
vt 0.17582200467586517 0.6860269904136658
vt 0.17582200467586517 0.7716349959373474
vt 0.17582200467586517 0.8117030262947083
vt 0.17582200467586517 0.8663229942321777
vt 0.17582200467586517 0.8783339858055115
vt 0.17582200467586517 0.8983839750289917
vt 0.17582200467586517 0.927016019821167
vt 0.17582200467586517 0.9608330130577087
vt 0.17623600363731384 0.7279890179634094
vt 0.17668500542640686 0.31842300295829773
vt 0.17668500542640686 0.40776199102401733
vt 0.17677900195121765 0.03654799982905388
vt 0.17840200662612915 0.3452729880809784
vt 0.1793230026960373 0.3118000030517578
vt 0.1793529987335205 0.5729399919509888
vt 0.17949600517749786 0.6911749839782715
vt 0.18055100739002228 0.6818349957466125
vt 0.18113499879837036 0.5605660080909729
vt 0.1813029944896698 0.18244299292564392
vt 0.18149399757385254 0.017246000468730927
vt 0.18175199627876282 0.5828059911727905
vt 0.1821189969778061 0.2584330141544342
vt 0.18350599706172943 0.43827998638153076
vt 0.18382300436496735 0.8104389905929565
vt 0.18421100080013275 0.5454720258712769
vt 0.18421100080013275 0.5653979778289795
vt 0.18524600565433502 0.25549501180648804
vt 0.18533100187778473 0.9846010208129883
vt 0.18539699912071228 0.7031189799308777
vt 0.18644000589847565 0.9644060134887695
vt 0.18653899431228638 0.2894029915332794
vt 0.18711599707603455 0.23927199840545654
vt 0.1873210072517395 0.8420209884643555
vt 0.18755799531936646 0.8594409823417664
vt 0.18796800076961517 0.9613289833068848
vt 0.1880989968776703 0.8492410182952881
vt 0.18840299546718597 0.792015016078949
vt 0.18970699608325958 0.9427599906921387
vt 0.1900089979171753 0.32360801100730896
vt 0.19014599919319153 0.7215539813041687
vt 0.19029000401496887 0.9727439880371094
vt 0.19029000401496887 0.9854789972305298
vt 0.19035300612449646 0.9239389896392822
vt 0.1903890073299408 0.8251680135726929
vt 0.19060400128364563 0.3154659867286682
vt 0.19166900217533112 0.1719149947166443
vt 0.19194099307060242 0.8752580285072327
vt 0.19217799603939056 0.3915489912033081
vt 0.19217799603939056 0.40789100527763367
vt 0.19220100343227386 0.2370540052652359
vt 0.19245800375938416 0.3884730041027069
vt 0.19278399646282196 0.9667249917984009
vt 0.19343599677085876 0.05327000096440315
vt 0.19352200627326965 0.2876940071582794
vt 0.19449999928474426 0.038784001022577286
vt 0.19525499641895294 0.39289799332618713
vt 0.19525499641895294 0.406015008687973
vt 0.19642500579357147 0.5526400208473206
vt 0.19757899641990662 0.8868039846420288
vt 0.1976500004529953 0.6942520141601562
vt 0.19924099743366241 0.29541900753974915
vt 0.19928300380706787 0.8998339772224426
vt 0.19949500262737274 0.5671949982643127
vt 0.19961099326610565 0.23520299792289734
vt 0.19965499639511108 0.7874339818954468
vt 0.19992199540138245 0.7783730030059814
vt 0.20017699897289276 0.5127879977226257
vt 0.20135599374771118 0.0636179968714714
vt 0.20145300030708313 0.8466759920120239
vt 0.20194099843502045 0.681505024433136
vt 0.20257200300693512 0.547029972076416
vt 0.20257200300693512 0.5675740242004395
vt 0.20264700055122375 0.3915489912033081
vt 0.20269599556922913 0.927016019821167
vt 0.20269599556922913 0.9696670174598694
vt 0.20269599556922913 0.9779549837112427
vt 0.20286600291728973 0.6753219962120056
vt 0.2032029926776886 0.836637020111084
vt 0.20341099798679352 0.3076399862766266
vt 0.20385399460792542 0.5537279844284058
vt 0.2039320021867752 0.8212850093841553
vt 0.20397800207138062 0.33782899379730225
vt 0.2039880007505417 0.29765599966049194
vt 0.20438799262046814 0.7100009918212891
vt 0.2046229988336563 0.7023100256919861
vt 0.20529599487781525 0.7326980233192444
vt 0.20543399453163147 0.02415899932384491
vt 0.2059590071439743 0.3124530017375946
vt 0.20609000325202942 0.9791030287742615
vt 0.2070080041885376 0.9309710264205933
vt 0.2070080041885376 0.9644960165023804
vt 0.20700900256633759 0.7973340153694153
vt 0.20700900256633759 0.8521270155906677
vt 0.20700900256633759 0.8811920285224915
vt 0.20700900256633759 0.9227629899978638
vt 0.20705799758434296 0.6019920110702515
vt 0.20767199993133545 0.8781149983406067
vt 0.20775899291038513 0.8293250203132629
vt 0.208079993724823 0.4072670042514801
vt 0.2083750069141388 0.4799720048904419
vt 0.20878799259662628 0.7707750201225281
vt 0.2088100016117096 0.4513759911060333
vt 0.2091280072927475 0.2815159857273102
vt 0.20915299654006958 0.8369240164756775
vt 0.20946000516414642 0.07775499671697617
vt 0.21056599915027618 0.2954060137271881
vt 0.21115699410438538 0.3915489912033081
vt 0.21118700504302979 0.5018759965896606
vt 0.2114810049533844 0.1206279993057251
vt 0.21156300604343414 0.3824779987335205
vt 0.2116760015487671 0.39684900641441345
vt 0.2120160013437271 0.31603100895881653
vt 0.21212999522686005 0.30511900782585144
vt 0.2124059945344925 0.9278950095176697
vt 0.2127159982919693 0.09284500032663345
vt 0.21369600296020508 0.7889379858970642
vt 0.21404799818992615 0.5516650080680847
vt 0.21415600180625916 0.5675439834594727
vt 0.2151550054550171 0.27902400493621826
vt 0.21526999771595 0.1495330035686493
vt 0.2154349982738495 0.7739859819412231
vt 0.2156669944524765 0.6004260182380676
vt 0.21578200161457062 0.16547900438308716
vt 0.21618400514125824 0.0625850036740303
vt 0.21646399796009064 0.3291429877281189
vt 0.21672600507736206 0.6034799814224243
vt 0.21680399775505066 0.9332249760627747
vt 0.21704000234603882 0.44532498717308044
vt 0.21726100146770477 0.5454720258712769
vt 0.21743400394916534 0.14093300700187683
vt 0.21794399619102478 0.7078139781951904
vt 0.21820899844169617 0.7344589829444885
vt 0.21893100440502167 0.9571520090103149
vt 0.21893100440502167 0.9675729870796204
vt 0.21893100440502167 0.9822310209274292
vt 0.21923500299453735 0.5111640095710754
vt 0.2196429967880249 0.3112660050392151
vt 0.22027400135993958 0.07702899724245071
vt 0.22079700231552124 0.5528630018234253
vt 0.22093699872493744 0.08910199999809265
vt 0.22122600674629211 0.3977710008621216
vt 0.22200800478458405 0.9309710264205933
vt 0.22200800478458405 0.9753410220146179
vt 0.22200800478458405 0.9784179925918579
vt 0.22200800478458405 0.992887020111084
vt 0.2221509963274002 0.3937020003795624
vt 0.2221509963274002 0.40754199028015137
vt 0.22234800457954407 0.4773550033569336
vt 0.22234800457954407 0.5454720258712769
vt 0.22234800457954407 0.5624200105667114
vt 0.2224150002002716 0.6448879837989807
vt 0.2228650003671646 0.8533139824867249
vt 0.22297599911689758 0.32793399691581726
vt 0.2231069952249527 0.8014209866523743
vt 0.223131000995636 0.8195859789848328
vt 0.2231930047273636 0.6202690005302429
vt 0.22337299585342407 0.12710100412368774
vt 0.22340500354766846 0.792015016078949
vt 0.22398999333381653 0.3037390112876892
vt 0.22439000010490417 0.8777220249176025
vt 0.22477500140666962 0.6598349809646606
vt 0.22494299709796906 0.8812050223350525
vt 0.2254759967327118 0.3915489912033081
vt 0.2254759967327118 0.3969070017337799
vt 0.22578400373458862 0.46351099014282227
vt 0.22578400373458862 0.5153909921646118
vt 0.22578400373458862 0.5184680223464966
vt 0.22578400373458862 0.5634899735450745
vt 0.22578799724578857 0.4357199966907501
vt 0.22584599256515503 0.36900100111961365
vt 0.22608399391174316 0.5983949899673462
vt 0.2265930026769638 0.934240996837616
vt 0.22715599834918976 0.7093909978866577
vt 0.22715599834918976 0.786795973777771
vt 0.2279440015554428 0.7983070015907288
vt 0.22809000313282013 0.8303869962692261
vt 0.22845399379730225 0.9128770232200623
vt 0.22928400337696075 0.08184300363063812
vt 0.22944599390029907 0.15450499951839447
vt 0.23006199300289154 0.9718179702758789
vt 0.2304999977350235 0.29386401176452637
vt 0.2304999977350235 0.36770299077033997
vt 0.2304999977350235 0.3947719931602478
vt 0.23057399690151215 0.5201699733734131
vt 0.23083600401878357 0.9855859875679016
vt 0.2310599982738495 0.07147599756717682
vt 0.2310599982738495 0.40004199743270874
vt 0.2310599982738495 0.46043500304222107
vt 0.2310599982738495 0.515093982219696
vt 0.23106099665164948 0.630482017993927
vt 0.23413699865341187 0.13976800441741943
vt 0.23413699865341187 0.2924230098724365
vt 0.23413699865341187 0.4651620090007782
vt 0.23413699865341187 0.4930349886417389
vt 0.23413699865341187 0.5768060088157654
vt 0.23413699865341187 0.7203220129013062
vt 0.23413699865341187 0.8303800225257874
vt 0.23413699865341187 0.8861160278320312
vt 0.23413699865341187 0.8891929984092712
vt 0.23413699865341187 0.9422720074653625
vt 0.23413699865341187 0.9680619835853577
vt 0.23413699865341187 0.9711390137672424
vt 0.2341960072517395 0.609158992767334
vt 0.2342109978199005 0.6945890188217163
vt 0.2342430055141449 0.602940022945404
vt 0.23488199710845947 0.6170420050621033
vt 0.23539899289608002 0.3245469927787781
vt 0.23556700348854065 0.2686690092086792
vt 0.23584899306297302 0.716064989566803
vt 0.23585399985313416 0.48399099707603455
vt 0.23633700609207153 0.3381809890270233
vt 0.236502006649971 0.5186880230903625
vt 0.2369370013475418 0.731607973575592
vt 0.2370550036430359 0.5962049961090088
vt 0.23756100237369537 0.9867309927940369
vt 0.23774300515651703 0.07977599650621414
vt 0.23863700032234192 0.9366099834442139
vt 0.23866699635982513 0.07148800045251846
vt 0.23960000276565552 0.15218299627304077
vt 0.2396319955587387 0.8403390049934387
vt 0.2418220043182373 0.755981981754303
vt 0.24224500358104706 0.09343799948692322
vt 0.24240300059318542 0.8790749907493591
vt 0.24286800622940063 0.14480100572109222
vt 0.24291899800300598 0.9396870136260986
vt 0.24293099343776703 0.5822979807853699
vt 0.24327099323272705 0.5729399919509888
vt 0.24339799582958221 0.13354599475860596
vt 0.24424800276756287 0.5280060172080994
vt 0.24444599449634552 0.9711390137672424
vt 0.24559900164604187 0.7211290001869202
vt 0.24639900028705597 0.5413740277290344
vt 0.24673999845981598 0.9491569995880127
vt 0.24681200087070465 0.7355669736862183
vt 0.24730800092220306 0.7730820178985596
vt 0.24749399721622467 0.6089410185813904
vt 0.2479880005121231 0.8524580001831055
vt 0.2481440007686615 0.8997910022735596
vt 0.2482759952545166 0.9894139766693115
vt 0.24972499907016754 0.98021399974823
vt 0.24981699883937836 0.9396870136260986
vt 0.24981699883937836 0.9766510128974915
vt 0.2503800094127655 0.958636999130249
vt 0.2513200044631958 0.1574389934539795
vt 0.25238001346588135 0.14184699952602386
vt 0.2526170015335083 0.8891929984092712
vt 0.2530969977378845 0.617484986782074
vt 0.25321999192237854 0.8269079923629761
vt 0.25330299139022827 0.15401799976825714
vt 0.25359898805618286 0.885250985622406
vt 0.2537580132484436 0.8695110082626343
vt 0.25377601385116577 0.8260890245437622
vt 0.2538580000400543 0.0426190011203289
vt 0.2556940019130707 0.912962019443512
vt 0.2560630142688751 0.7290210127830505
vt 0.2561970055103302 0.0558600015938282
vt 0.2563270032405853 0.04701299965381622
vt 0.25640299916267395 0.7683079838752747
vt 0.256742000579834 0.8465620279312134
vt 0.25694599747657776 0.23860099911689758
vt 0.2573069930076599 0.8056700229644775
vt 0.2573469877243042 0.033587001264095306
vt 0.2577289938926697 0.837261974811554
vt 0.25798600912094116 0.6955299973487854
vt 0.2581920027732849 0.9556040167808533
vt 0.2581920027732849 0.979727029800415
vt 0.2581920027732849 0.9932399988174438
vt 0.25849801301956177 0.4266909956932068
vt 0.25867900252342224 0.7864030003547668
vt 0.259086012840271 0.8632889986038208
vt 0.2591730058193207 0.8804360032081604
vt 0.25925201177597046 0.7761589884757996
vt 0.2610909938812256 0.5490120053291321
vt 0.2616659998893738 0.8330309987068176
vt 0.2620750069618225 0.6875330209732056
vt 0.262349009513855 0.8233190178871155
vt 0.2624189853668213 0.9442989826202393
vt 0.2624189853668213 0.977770984172821
vt 0.2624189853668213 0.9847139716148376
vt 0.2628979980945587 0.9636539816856384
vt 0.262921005487442 0.771340012550354
vt 0.26313701272010803 0.8532230257987976
vt 0.26325100660324097 0.8891929984092712
vt 0.26325100660324097 0.9200819730758667
vt 0.263588011264801 0.7309839725494385
vt 0.26415398716926575 0.8861160278320312
vt 0.2645229995250702 0.41673800349235535
vt 0.2653380036354065 0.6780629754066467
vt 0.2662400007247925 0.7157779932022095
vt 0.26723000407218933 0.8403390049934387
vt 0.2685669958591461 0.9237949848175049
vt 0.269118994474411 0.9808480143547058
vt 0.269118994474411 0.9967849850654602
vt 0.26921701431274414 0.7657080292701721
vt 0.2701520025730133 0.029797999188303947
vt 0.2708050012588501 0.6866710186004639
vt 0.2710919976234436 0.3764599859714508
vt 0.2711560130119324 0.8906310200691223
vt 0.27120301127433777 0.8862670063972473
vt 0.272146999835968 0.6991729736328125
vt 0.27226799726486206 0.9903249740600586
vt 0.2729969918727875 0.7082290053367615
vt 0.27351999282836914 0.6004359722137451
vt 0.27390000224113464 0.03319200128316879
vt 0.27407199144363403 0.9207180142402649
vt 0.27425599098205566 0.32100000977516174
vt 0.27486300468444824 0.8839460015296936
vt 0.27544599771499634 0.1811169981956482
vt 0.27569401264190674 0.9600930213928223
vt 0.27569401264190674 0.9738029837608337
vt 0.27569401264190674 0.9808480143547058
vt 0.27569401264190674 0.9962760210037231
vt 0.2759310007095337 0.6061109900474548
vt 0.27632400393486023 0.5922709703445435
vt 0.27653101086616516 0.5638800263404846
vt 0.2776179909706116 0.6175069808959961
vt 0.2776319980621338 0.7771350145339966
vt 0.2777380049228668 0.8403390049934387
vt 0.2777380049228668 0.93019700050354
vt 0.2777380049228668 0.9570159912109375
vt 0.27820301055908203 0.7985290288925171
vt 0.27876999974250793 0.9643200039863586
vt 0.2789190113544464 0.4145669937133789
vt 0.27918198704719543 0.8180630207061768
vt 0.27918198704719543 0.8323760032653809
vt 0.27925801277160645 0.22125999629497528
vt 0.2795490026473999 0.4093550145626068
vt 0.2806369960308075 0.7109609842300415
vt 0.28158000111579895 0.9490979909896851
vt 0.28195399045944214 0.7594550251960754
vt 0.2819890081882477 0.6913260221481323
vt 0.2822589874267578 0.7761589884757996
vt 0.2822589874267578 0.8056049942970276
vt 0.2829360067844391 0.8271690011024475
vt 0.2829360067844391 0.8728730082511902
vt 0.2829360067844391 0.9109929800033569
vt 0.28327399492263794 0.2909590005874634
vt 0.2834489941596985 0.85453200340271
vt 0.2840540111064911 0.3908050060272217
vt 0.28467199206352234 0.9247080087661743
vt 0.28535500168800354 0.6050900220870972
vt 0.2856830060482025 0.9600930213928223
vt 0.2856830060482025 0.9862669706344604
vt 0.2861509919166565 0.9277849793434143
vt 0.2861509919166565 0.9556139707565308
vt 0.28752198815345764 0.26645898818969727
vt 0.2891550064086914 0.7937129735946655
vt 0.2892270088195801 0.9277840256690979
vt 0.2892270088195801 0.9606500267982483
vt 0.2892270088195801 0.9637269973754883
vt 0.2892270088195801 0.987421989440918
vt 0.2899459898471832 0.678604006767273
vt 0.2899459898471832 0.7563629746437073
vt 0.29019200801849365 0.5746729969978333
vt 0.29081401228904724 0.8769429922103882
vt 0.2909890115261078 0.5940510034561157
vt 0.29112300276756287 0.5826060175895691
vt 0.2914769947528839 0.6179869771003723
vt 0.29198500514030457 0.39027199149131775
vt 0.2922999858856201 0.8677470088005066
vt 0.2926279902458191 0.9123470187187195
vt 0.29266801476478577 0.8505640029907227
vt 0.2930229902267456 0.7481110095977783
vt 0.2934049963951111 0.6946499943733215
vt 0.29366499185562134 0.7244229912757874
vt 0.29374200105667114 0.7693009972572327
vt 0.2944140136241913 0.8066040277481079
vt 0.2949169874191284 0.0021120000164955854
vt 0.29601800441741943 0.7546640038490295
vt 0.29612600803375244 0.8096809983253479
vt 0.2965950071811676 0.012811999768018723
vt 0.2983280122280121 0.9776610136032104
vt 0.2991360127925873 0.8262389898300171
vt 0.29988399147987366 0.3452660143375397
vt 0.30048298835754395 0.19966000318527222
vt 0.3010540008544922 0.5084710121154785
vt 0.30106499791145325 0.1944269984960556
vt 0.3013469874858856 0.005429000128060579
vt 0.3015109896659851 0.9656829833984375
vt 0.3015109896659851 0.9897289872169495
vt 0.3018989861011505 0.5925970077514648
vt 0.3020069897174835 0.916068971157074
vt 0.3026140034198761 0.5738369822502136
vt 0.30310899019241333 0.40004101395606995
vt 0.3032059967517853 0.8708230257034302
vt 0.3032059967517853 0.9443560242652893
vt 0.30459800362586975 0.18130500614643097
vt 0.3046930134296417 0.8403109908103943
vt 0.3050900101661682 0.20534899830818176
vt 0.30573898553848267 0.7833219766616821
vt 0.30594098567962646 0.7394300103187561
vt 0.30628201365470886 0.9281839728355408
vt 0.30628201365470886 0.9507830142974854
vt 0.30628201365470886 0.9626070261001587
vt 0.3064349889755249 0.19923299551010132
vt 0.3064410090446472 0.880171000957489
vt 0.3064410090446472 0.919713020324707
vt 0.30688101053237915 0.9816949963569641
vt 0.3070470094680786 0.5698639750480652
vt 0.3075389862060547 0.8765529990196228
vt 0.3083859980106354 0.9082959890365601
vt 0.3088729977607727 0.8494629859924316
vt 0.3093309998512268 0.8249109983444214
vt 0.30995699763298035 0.9754369854927063
vt 0.31114301085472107 0.9312610030174255
vt 0.3117449879646301 0.5851269960403442
vt 0.31192800402641296 0.714909017086029
vt 0.31221500039100647 0.6749860048294067
vt 0.3123440146446228 0.20719599723815918
vt 0.31312599778175354 0.3948400020599365
vt 0.313289999961853 0.6155009865760803
vt 0.3133139908313751 0.5729399919509888
vt 0.31354498863220215 0.8444160223007202
vt 0.31401100754737854 0.7622849941253662
vt 0.31438300013542175 0.6483399868011475
vt 0.3149679899215698 0.6780629754066467
vt 0.3150849938392639 0.692874014377594
vt 0.3151470124721527 0.5896729826927185
vt 0.31547099351882935 0.7832340002059937
vt 0.3154720067977905 0.7449529767036438
vt 0.31633999943733215 0.005016000010073185
vt 0.3163520097732544 0.7257590293884277
vt 0.3163520097732544 0.8058210015296936
vt 0.3163520097732544 0.8232529759407043
vt 0.3163520097732544 0.8647800087928772
vt 0.3164669871330261 0.35406699776649475
vt 0.3173600137233734 0.6231889724731445
vt 0.3179360032081604 0.8708230257034302
vt 0.31830599904060364 0.9868220090866089
vt 0.3186509907245636 0.20861099660396576
vt 0.3186579942703247 0.2607240080833435
vt 0.31905099749565125 0.40069401264190674
vt 0.3190949857234955 0.9561650156974792
vt 0.3190949857234955 0.9656829833984375
vt 0.3190949857234955 0.9809719920158386
vt 0.319705992937088 0.784496009349823
vt 0.319705992937088 0.8279889822006226
vt 0.319705992937088 0.8310660123825073
vt 0.319705992937088 0.867618978023529
vt 0.32018500566482544 0.678725004196167
vt 0.32018500566482544 0.7677310109138489
vt 0.3225589990615845 0.5763289928436279
vt 0.32258298993110657 0.9806320071220398
vt 0.32258298993110657 0.9969249963760376
vt 0.322860985994339 0.8914740085601807
vt 0.322860985994339 0.9266300201416016
vt 0.3232310116291046 0.6581249833106995
vt 0.32341301441192627 0.6216760277748108
vt 0.3236300051212311 0.7309150099754333
vt 0.3236300051212311 0.7814199924468994
vt 0.3236300051212311 0.827459990978241
vt 0.32375600934028625 0.8451550006866455
vt 0.3237839937210083 0.5909540057182312
vt 0.3237839937210083 0.6780629754066467
vt 0.3237839937210083 0.7278379797935486
vt 0.32396799325942993 0.21374399960041046
vt 0.32483598589897156 0.21066699922084808
vt 0.32641100883483887 0.9815279841423035
vt 0.3268609941005707 0.5934420228004456
vt 0.3268609941005707 0.6682599782943726
vt 0.3268609941005707 0.6738349795341492
vt 0.3268609941005707 0.7629420161247253
vt 0.3268609941005707 0.7874019742012024
vt 0.3268609941005707 0.8306379914283752
vt 0.3268609941005707 0.8779230117797852
vt 0.3268609941005707 0.9194430112838745
vt 0.3268609941005707 0.9713180065155029
vt 0.3268760144710541 0.6383630037307739
vt 0.3269509971141815 0.6157320141792297
vt 0.32701200246810913 0.5729399919509888
vt 0.32708901166915894 0.9508349895477295
vt 0.3273720145225525 0.569599986076355
vt 0.3274860084056854 0.12584300339221954
vt 0.328918993473053 0.9133059978485107
vt 0.32948699593544006 0.983601987361908
vt 0.32955101132392883 0.8642680048942566
vt 0.32983899116516113 0.2064419984817505
vt 0.3300969898700714 0.025702999904751778
vt 0.3301149904727936 0.9539120197296143
vt 0.33107998967170715 0.8771420121192932
vt 0.3332110047340393 0.773580014705658
vt 0.33372899889945984 0.6610040068626404
vt 0.33398300409317017 0.7899330258369446
vt 0.3340800106525421 0.8359799981117249
vt 0.3356809914112091 0.7537279725074768
vt 0.3365339934825897 0.5788649916648865
vt 0.33654600381851196 0.7651060223579407
vt 0.3368079960346222 0.6134560108184814
vt 0.3368290066719055 0.6833869814872742
vt 0.3371979892253876 0.42699098587036133
vt 0.33742600679397583 0.7278850078582764
vt 0.3379409909248352 0.9543009996414185
vt 0.3379409909248352 0.977554976940155
vt 0.3379409909248352 0.9806320071220398
vt 0.3379409909248352 0.994342029094696
vt 0.3382219970226288 0.9429669976234436
vt 0.33830100297927856 0.5951099991798401
vt 0.3392849862575531 0.6360059976577759
vt 0.3393999934196472 0.9188299775123596
vt 0.34068500995635986 0.3969539999961853
vt 0.3410179913043976 0.9635609984397888
vt 0.342272013425827 0.7806410193443298
vt 0.342492014169693 0.8230649828910828
vt 0.3429909944534302 0.9119359850883484
vt 0.3429909944534302 0.9501569867134094
vt 0.34385600686073303 0.2531000077724457
vt 0.34477999806404114 0.20445400476455688
vt 0.3454720079898834 0.9539120197296143
vt 0.3454720079898834 0.9846190214157104
vt 0.34556999802589417 0.40369799733161926
vt 0.34601399302482605 0.7538530230522156
vt 0.34656399488449097 0.8390560150146484
vt 0.34656399488449097 0.9088600277900696
vt 0.34689900279045105 0.7721520066261292
vt 0.34713101387023926 0.7314490079879761
vt 0.34810999035835266 0.6823679804801941
vt 0.3488900065422058 0.7876530289649963
vt 0.34939199686050415 0.6713359951972961
vt 0.34964099526405334 0.8425570130348206
vt 0.34964099526405334 0.8712800145149231
vt 0.34964099526405334 0.9301900267601013
vt 0.34964099526405334 0.9713029861450195
vt 0.34964099526405334 0.9743790030479431
vt 0.34964099526405334 0.9920939803123474
vt 0.3503589928150177 0.21803000569343567
vt 0.35036501288414 0.9497169852256775
vt 0.35099801421165466 0.0034370000939816236
vt 0.3511430025100708 0.9012889862060547
vt 0.3524189889431 0.7281429767608643
vt 0.3524239957332611 0.9043660163879395
vt 0.3524309992790222 0.8188480138778687
vt 0.3525190055370331 0.5599660277366638
vt 0.35329699516296387 0.39696499705314636
vt 0.35575199127197266 0.757856011390686
vt 0.3577199876308441 0.7824400067329407
vt 0.35822799801826477 0.983430027961731
vt 0.3598310053348541 0.676114022731781
vt 0.3602910041809082 0.9253140091896057
vt 0.36045101284980774 0.7531939744949341
vt 0.3604770004749298 0.8290619850158691
vt 0.36055099964141846 0.4048689901828766
vt 0.3615860044956207 0.3439919948577881
vt 0.3621380031108856 0.7141879796981812
vt 0.3629539906978607 0.911529004573822
vt 0.3633579909801483 0.9455839991569519
vt 0.3633579909801483 0.9686089754104614
vt 0.3634929955005646 0.20157599449157715
vt 0.36411601305007935 0.8710359930992126
vt 0.36585599184036255 0.0015379999531432986
vt 0.3661929965019226 0.5531070232391357
vt 0.3664270043373108 0.20871800184249878
vt 0.3664349913597107 0.9795330166816711
vt 0.36645400524139404 0.21987499296665192
vt 0.3669539988040924 0.1787080019712448
vt 0.3669849932193756 0.715582013130188
vt 0.3673270046710968 0.8988400101661682
vt 0.3676300048828125 0.41851601004600525
vt 0.36777999997138977 0.3184080123901367
vt 0.3680720031261444 0.6583690047264099
vt 0.36862799525260925 0.2055169939994812
vt 0.3691059947013855 0.9069290161132812
vt 0.3691059947013855 0.9425079822540283
vt 0.36952999234199524 0.5452449917793274
vt 0.3696340024471283 0.7647349834442139
vt 0.3701300024986267 0.6741420030593872
vt 0.37174201011657715 0.7681829929351807
vt 0.3718090057373047 0.8390560150146484
vt 0.37209200859069824 0.2857759892940521
vt 0.37251099944114685 0.9455839991569519
vt 0.37251099944114685 0.9826620221138
vt 0.3737890124320984 0.6166800260543823
vt 0.3737959861755371 0.7266420125961304
vt 0.3749929964542389 0.7192689776420593
vt 0.3750799894332886 0.7796739935874939
vt 0.37567999958992004 0.008515999652445316
vt 0.3757829964160919 0.6240609884262085
vt 0.3760380148887634 0.2975130081176758
vt 0.3762739896774292 0.5880190134048462
vt 0.3765209913253784 0.6093930006027222
vt 0.376583993434906 0.5429779887199402
vt 0.3771420121192932 0.9011560082435608
vt 0.3771420121192932 0.9223340153694153
vt 0.3771420121192932 0.9657790064811707
vt 0.3771420121192932 0.9688550233840942
vt 0.3771420121192932 0.9861279726028442
vt 0.37745699286460876 0.8667169809341431
vt 0.3777259886264801 0.887362003326416
vt 0.37810298800468445 0.9191470146179199
vt 0.37815600633621216 0.8113880157470703
vt 0.3785789906978607 0.2015880048274994
vt 0.37958401441574097 0.6770560145378113
vt 0.3803580105304718 0.8568779826164246
vt 0.3804340064525604 0.035822998732328415
vt 0.3810189962387085 0.8197010159492493
vt 0.38136398792266846 0.19530600309371948
vt 0.38194501399993896 0.7740600109100342
vt 0.3820590078830719 0.6672090291976929
vt 0.3823780119419098 0.7144680023193359
vt 0.38254600763320923 0.7919290065765381
vt 0.38258400559425354 0.5754550099372864
vt 0.38270801305770874 0.20512600243091583
vt 0.3833949863910675 0.20952999591827393
vt 0.3834249973297119 0.19561900198459625
vt 0.3835979998111725 0.01107999961823225
vt 0.38364601135253906 0.6134099960327148
vt 0.3840009868144989 0.641776978969574
vt 0.3847860097885132 0.4307360053062439
vt 0.38483500480651855 0.7530059814453125
vt 0.38721901178359985 0.9790080189704895
vt 0.38808101415634155 0.44396498799324036
vt 0.38829100131988525 0.37568199634552
vt 0.3886210024356842 0.7242400050163269
vt 0.38902199268341064 0.9262279868125916
vt 0.39031198620796204 0.19516900181770325
vt 0.3907240033149719 0.9860680103302002
vt 0.39107200503349304 0.5736879706382751
vt 0.3910970091819763 0.18726199865341187
vt 0.3916980028152466 0.7276620268821716
vt 0.3916980028152466 0.7607010006904602
vt 0.39197298884391785 0.87568199634552
vt 0.392098993062973 0.9298509955406189
vt 0.392098993062973 0.9705920219421387
vt 0.39259201288223267 0.6932470202445984
vt 0.39275801181793213 0.9192569851875305
vt 0.3929249942302704 0.9049569964408875
vt 0.3934060037136078 0.7446449995040894
vt 0.39425501227378845 0.4824509918689728
vt 0.39445701241493225 0.5947970151901245
vt 0.39552798867225647 0.6713359951972961
vt 0.39566200971603394 0.6635050177574158
vt 0.3957499861717224 0.6142299771308899
vt 0.39594700932502747 0.6416540145874023
vt 0.3960460126399994 0.8476719856262207
vt 0.3963660001754761 0.8148699998855591
vt 0.3963960111141205 0.7681829929351807
vt 0.3971329927444458 0.5060979723930359
vt 0.39795899391174316 0.4767549932003021
vt 0.39798200130462646 0.8793269991874695
vt 0.39838001132011414 0.9223340153694153
vt 0.39851799607276917 0.9492110013961792
vt 0.39851799607276917 0.9736689925193787
vt 0.39851799607276917 0.9922599792480469
vt 0.39870399236679077 0.692736029624939
vt 0.39870399236679077 0.7302700281143188
vt 0.3987880051136017 0.7477220296859741
vt 0.3987880051136017 0.7645909786224365
vt 0.3989579975605011 0.7909770011901855
vt 0.3989579975605011 0.8636400103569031
vt 0.3989579975605011 0.8877080082893372
vt 0.3989579975605011 0.9183200001716614
vt 0.3992669880390167 0.49250099062919617
vt 0.4016450047492981 0.35913699865341187
vt 0.4023430049419403 0.45560699701309204
vt 0.4023430049419403 0.6852880120277405
vt 0.4023430049419403 0.7709959745407104
vt 0.4023430049419403 0.7979959845542908
vt 0.4023430049419403 0.847258985042572
vt 0.4023430049419403 0.8822829723358154
vt 0.4023430049419403 0.9125499725341797
vt 0.4023430049419403 0.9318580031394958
vt 0.4023430049419403 0.9455419778823853
vt 0.4023430049419403 0.9587349891662598
vt 0.4023430049419403 0.9814710021018982
vt 0.4023430049419403 0.9845479726791382
vt 0.4023430049419403 0.9975129961967468
vt 0.40264201164245605 0.6142150163650513
vt 0.402675986289978 0.5143929719924927
vt 0.40313100814819336 0.5844489932060242
vt 0.403236985206604 0.6763110160827637
vt 0.4037489891052246 0.5051590204238892
vt 0.40455499291419983 0.6334580183029175
vt 0.4052079916000366 0.6034780144691467
vt 0.40538299083709717 0.8576480150222778
vt 0.4060730040073395 0.5724089741706848
vt 0.4072040021419525 0.8670430183410645
vt 0.4078499972820282 0.9556589722633362
vt 0.4080609977245331 0.9916279911994934
vt 0.41033199429512024 0.5913649797439575
vt 0.4107089936733246 0.7874050140380859
vt 0.41137200593948364 0.936676025390625
vt 0.4115940034389496 0.1811860054731369
vt 0.41246798634529114 0.2713559865951538
vt 0.4130440056324005 0.9723470211029053
vt 0.41378700733184814 0.6748510003089905
vt 0.41383999586105347 0.2894740104675293
vt 0.41405799984931946 0.4318329989910126
vt 0.4156759977340698 0.3039900064468384
vt 0.4156759977340698 0.340038001537323
vt 0.4160360097885132 0.863756000995636
vt 0.41609498858451843 0.1552180051803589
vt 0.4161199927330017 0.9587349891662598
vt 0.4161199927330017 0.9884049892425537
vt 0.4164150059223175 0.8798559904098511
vt 0.4164769947528839 0.6444200277328491
vt 0.41649600863456726 0.8984529972076416
vt 0.41663700342178345 0.9156270027160645
vt 0.4173099994659424 0.9381399750709534
vt 0.4175339937210083 0.42177900671958923
vt 0.4180450141429901 0.5763480067253113
vt 0.41858500242233276 0.06321100145578384
vt 0.4187520146369934 0.30711498856544495
vt 0.4187520146369934 0.35325300693511963
vt 0.419869989156723 0.5859689712524414
vt 0.42027801275253296 0.8503360152244568
vt 0.420758992433548 0.7314339876174927
vt 0.42095598578453064 0.32190099358558655
vt 0.42173999547958374 0.7570449709892273
vt 0.4218220114707947 0.22325100004673004
vt 0.42192500829696655 0.9830009937286377
vt 0.4219760000705719 0.21374399960041046
vt 0.4220600128173828 0.9053840041160583
vt 0.4226810038089752 0.24397000670433044
vt 0.42318299412727356 0.30219700932502747
vt 0.424032986164093 0.3876529932022095
vt 0.4241600036621094 0.3299359977245331
vt 0.42462798953056335 0.5368670225143433
vt 0.425135999917984 0.8503360152244568
vt 0.425135999917984 0.9183250069618225
vt 0.425135999917984 0.9841279983520508
vt 0.4251370131969452 0.9214019775390625
vt 0.4251370131969452 0.9606099724769592
vt 0.4251370131969452 0.9645379781723022
vt 0.42520400881767273 0.6116139888763428
vt 0.42528098821640015 0.6921799778938293
vt 0.4253860116004944 0.8716809749603271
vt 0.4254299998283386 0.6808519959449768
vt 0.4256179928779602 0.6215909719467163
vt 0.4259380102157593 0.6666330099105835
vt 0.4260840117931366 0.17490600049495697
vt 0.4262619912624359 0.8936449885368347
vt 0.42657700181007385 0.2411929965019226
vt 0.42685800790786743 0.1601630002260208
vt 0.42706599831581116 0.568077027797699
vt 0.42732301354408264 0.6016160249710083
vt 0.4275999963283539 0.2955229878425598
vt 0.4283129870891571 0.18181200325489044
vt 0.42863398790359497 0.24690799415111542
vt 0.4286450147628784 0.6702209711074829
vt 0.4287939965724945 0.5767130255699158
vt 0.42891600728034973 0.056053001433610916
vt 0.4294910132884979 0.9817399978637695
vt 0.42951101064682007 0.9546239972114563
vt 0.4295940101146698 0.4129660129547119
vt 0.42979300022125244 0.7832069993019104
vt 0.4308690130710602 0.7727349996566772
vt 0.4309990108013153 0.7445870041847229
vt 0.43162399530410767 0.3552359938621521
vt 0.4316839873790741 0.30918100476264954
vt 0.4321250021457672 0.051649000495672226
vt 0.43267199397087097 0.30406901240348816
vt 0.4327250123023987 0.16668500006198883
vt 0.4334079921245575 0.11276499927043915
vt 0.43369200825691223 0.6247990131378174
vt 0.43437400460243225 0.5969679951667786
vt 0.4347060024738312 0.22859899699687958
vt 0.43598800897598267 0.963687002658844
vt 0.4361959993839264 0.9598240256309509
vt 0.43637099862098694 0.0704990029335022
vt 0.4363729953765869 0.32004600763320923
vt 0.4371039867401123 0.6883640289306641
vt 0.4385310113430023 0.9553250074386597
vt 0.4388880133628845 0.23561300337314606
vt 0.43899300694465637 0.22017599642276764
vt 0.43925899267196655 0.7029629945755005
vt 0.4392949938774109 0.33301299810409546
vt 0.4402160048484802 0.13071399927139282
vt 0.4402709901332855 0.228643000125885
vt 0.4403359889984131 0.7922580242156982
vt 0.44064098596572876 0.31269600987434387
vt 0.4409230053424835 0.9746000170707703
vt 0.4409230053424835 0.9883689880371094
vt 0.44130000472068787 0.37769898772239685
vt 0.4414229989051819 0.9106900095939636
vt 0.441428005695343 0.7737659811973572
vt 0.4416080117225647 0.9329559803009033
vt 0.44211798906326294 0.8909519910812378
vt 0.4424000084400177 0.06226800009608269
vt 0.4424760043621063 0.966858983039856
vt 0.44273799657821655 0.07380499690771103
vt 0.44273799657821655 0.1199759989976883
vt 0.4429599940776825 0.8508149981498718
vt 0.444254994392395 0.3456859886646271
vt 0.4454439878463745 0.846468985080719
vt 0.44552698731422424 0.7543619871139526
vt 0.4457710087299347 0.794638991355896
vt 0.44581401348114014 0.0015379999531432986
vt 0.44581401348114014 0.017139999195933342
vt 0.44581401348114014 0.14942499995231628
vt 0.44581401348114014 0.20651499927043915
vt 0.44587400555610657 0.05833100154995918
vt 0.4459809958934784 0.049782998859882355
vt 0.44598299264907837 0.701911985874176
vt 0.4460360109806061 0.8503360152244568
vt 0.4460360109806061 0.8758909702301025
vt 0.4460360109806061 0.8831859827041626
vt 0.4461419880390167 0.10328199714422226
vt 0.44621899724006653 0.0802529975771904
vt 0.44623398780822754 0.036958999931812286
vt 0.446397989988327 0.11450999975204468
vt 0.4471200108528137 0.12415099889039993
vt 0.4471830129623413 0.006599999964237213
vt 0.44805100560188293 0.9926769733428955
vt 0.4488300085067749 0.9214019775390625
vt 0.4488300085067749 0.9715229868888855
vt 0.4488300085067749 0.985526978969574
vt 0.44935300946235657 0.8789680004119873
vt 0.44935300946235657 0.9052479863166809
vt 0.44953399896621704 0.8651450276374817
vt 0.4506340026855469 0.15731500089168549
vt 0.4508560001850128 0.1945520043373108
vt 0.45135900378227234 0.5629940032958984
vt 0.45197200775146484 0.401511013507843
vt 0.4527510106563568 0.8754900097846985
vt 0.4527510106563568 0.8935199975967407
vt 0.4527510106563568 0.9253680109977722
vt 0.4527510106563568 0.9284449815750122
vt 0.4527510106563568 0.9418449997901917
vt 0.4527510106563568 0.9656059741973877
vt 0.4527510106563568 0.9858829975128174
vt 0.453029990196228 0.3959900140762329
vt 0.45316600799560547 0.6931589841842651
vt 0.45316600799560547 0.7843279838562012
vt 0.45324400067329407 0.8785669803619385
vt 0.45339199900627136 0.1390089988708496
vt 0.4539110064506531 0.11287400126457214
vt 0.45624300837516785 0.6900190114974976
vt 0.45624300837516785 0.7396990060806274
vt 0.45687100291252136 0.7809829711914062
vt 0.45739099383354187 0.7142789959907532
vt 0.4591430127620697 0.1556839942932129
vt 0.4593789875507355 0.1902099996805191
vt 0.45990699529647827 0.8637779951095581
vt 0.46057799458503723 0.47686299681663513
vt 0.46110400557518005 0.40004199743270874
vt 0.46128201484680176 0.7979199886322021
vt 0.4613179862499237 0.7909579873085022
vt 0.4616760015487671 0.9625290036201477
vt 0.46172699332237244 0.3577690124511719
vt 0.46183401346206665 0.696382999420166
vt 0.463265985250473 0.9816290140151978
vt 0.464152991771698 0.14597100019454956
vt 0.4642049968242645 0.3730199933052063
vt 0.4653170108795166 0.7570769786834717
vt 0.4660179913043976 0.9362490177154541
vt 0.46755099296569824 0.3359430134296417
vt 0.46790599822998047 0.8154060244560242
vt 0.46909400820732117 0.9447219967842102
vt 0.47042399644851685 0.8712109923362732
vt 0.470894992351532 0.19970299303531647
vt 0.4716170132160187 0.8912540078163147
vt 0.471670001745224 0.2431730031967163
vt 0.4717330038547516 0.9570279717445374
vt 0.471794992685318 0.9650059938430786
vt 0.471794992685318 0.9851210117340088
vt 0.47334200143814087 0.1902340054512024
vt 0.47346600890159607 0.31263598799705505
vt 0.4745680093765259 0.906158983707428
vt 0.4755229949951172 0.7847340106964111
vt 0.47585099935531616 0.1372780054807663
vt 0.47586899995803833 0.9524080157279968
vt 0.4761660099029541 0.8206930160522461
vt 0.47764500975608826 0.8879449963569641
vt 0.4777750074863434 0.0023250000085681677
vt 0.4780940115451813 0.7434179782867432
vt 0.478192001581192 0.2510890066623688
vt 0.47819599509239197 0.32272300124168396
vt 0.4782029986381531 0.6883640289306641
vt 0.4783940017223358 0.3444789946079254
vt 0.4783940017223358 0.3749620020389557
vt 0.478410005569458 0.22155800461769104
vt 0.47842198610305786 0.9404289722442627
vt 0.4784260094165802 0.7286959886550903
vt 0.4793969988822937 0.696403980255127
vt 0.4793969988822937 0.794035017490387
vt 0.4793969988822937 0.8737630248069763
vt 0.4794299900531769 0.29462799429893494
vt 0.4802890121936798 0.6069980263710022
vt 0.4807150065898895 0.6255499720573425
vt 0.4810430109500885 0.6113700270652771
vt 0.481469988822937 0.38992801308631897
vt 0.481469988822937 0.39639198780059814
vt 0.4814710021018982 0.3593769967556
vt 0.4814710021018982 0.374112993478775
vt 0.48160499334335327 0.22888000309467316
vt 0.48210400342941284 0.23739199340343475
vt 0.4821229875087738 0.30404600501060486
vt 0.482450008392334 0.9284449815750122
vt 0.482450008392334 0.9619290232658386
vt 0.482450008392334 0.9673579931259155
vt 0.48246100544929504 0.33301299810409546
vt 0.4825649857521057 0.5762140154838562
vt 0.482683002948761 0.8785669803619385
vt 0.482683002948761 0.914201021194458
vt 0.48268699645996094 0.5981040000915527
vt 0.4827210009098053 0.6676369905471802
vt 0.48280400037765503 0.6197590231895447
vt 0.48280400037765503 0.6801609992980957
vt 0.48344600200653076 0.1846500039100647
vt 0.4842279851436615 0.05948600172996521
vt 0.4858810007572174 0.6497139930725098
vt 0.4858810007572174 0.7127670049667358
vt 0.4858810007572174 0.7352870106697083
vt 0.4858810007572174 0.8223900198936462
vt 0.4858810007572174 0.8573960065841675
vt 0.4858810007572174 0.8978800177574158
vt 0.4858810007572174 0.9161189794540405
vt 0.4858810007572174 0.9496939778327942
vt 0.4858810007572174 0.9666000008583069
vt 0.4858810007572174 0.9818350076675415
vt 0.48618799448013306 0.9079170227050781
vt 0.4861980080604553 0.6276649832725525
vt 0.4865320026874542 0.8689950108528137
vt 0.4866439998149872 0.5838720202445984
vt 0.4868670105934143 0.03713800013065338
vt 0.4869149923324585 0.3153750002384186
vt 0.487403005361557 0.3932659924030304
vt 0.48776501417160034 0.07013600319623947
vt 0.48836401104927063 0.25995999574661255
vt 0.48880401253700256 0.9952719807624817
vt 0.4890649914741516 0.8827890157699585
vt 0.4895929992198944 0.6708170175552368
vt 0.4901820123195648 0.3291890025138855
vt 0.49039798974990845 0.010162999853491783
vt 0.4904800057411194 0.38992801308631897
vt 0.4904800057411194 0.39614200592041016
vt 0.4906800091266632 0.3482680022716522
vt 0.49114900827407837 0.3709779977798462
vt 0.49115800857543945 0.6907830238342285
vt 0.4920789897441864 0.05371300131082535
vt 0.49215900897979736 0.646930992603302
vt 0.49218499660491943 0.08135800063610077
vt 0.4921860098838806 0.049045998603105545
vt 0.49232199788093567 0.10357700288295746
vt 0.4924919903278351 0.3868519961833954
vt 0.4932610094547272 0.018259000033140182
vt 0.4933910071849823 0.002355000004172325
vt 0.49340400099754333 0.9818350076675415
vt 0.4940060079097748 0.40004199743270874
vt 0.4941079914569855 0.21515099704265594
vt 0.4947960078716278 0.3926289975643158
vt 0.4952859878540039 0.8144590258598328
vt 0.4953010082244873 0.5734900236129761
vt 0.49556899070739746 0.1255829930305481
vt 0.4959479868412018 0.6018000245094299
vt 0.4965769946575165 0.9527699947357178
vt 0.4965769946575165 0.9787579774856567
vt 0.4969109892845154 0.06388700008392334
vt 0.4969789981842041 0.35454198718070984
vt 0.4970090091228485 0.8401510119438171
vt 0.49712899327278137 0.3013930022716522
vt 0.4972749948501587 0.9048399925231934
vt 0.4973529875278473 0.23999300599098206
vt 0.49792999029159546 0.8230990171432495
vt 0.49798598885536194 0.19038799405097961
vt 0.4982520043849945 0.1787790060043335
vt 0.4986970126628876 0.25551700592041016
vt 0.4994969964027405 0.9119279980659485
vt 0.49965399503707886 0.9527699947357178
vt 0.49965399503707886 0.9824960231781006
vt 0.5004159808158875 0.10635299980640411
vt 0.5008659958839417 0.7068579792976379
vt 0.5010769963264465 0.3465859889984131
vt 0.5010949969291687 0.9225209951400757
vt 0.5013279914855957 0.15368099510669708
vt 0.5016509890556335 0.05701500177383423
vt 0.5018069744110107 0.32865700125694275
vt 0.5022379755973816 0.8158239722251892
vt 0.5025529861450195 0.9483370184898376
vt 0.5028070211410522 0.5904920101165771
vt 0.5028179883956909 0.2254289984703064
vt 0.5028370022773743 0.21374399960041046
vt 0.5028809905052185 0.568077027797699
vt 0.5029720067977905 0.04689300060272217
vt 0.5030009746551514 0.8389819860458374
vt 0.5033980011940002 0.310481995344162
vt 0.5039529800415039 0.7292349934577942
vt 0.5040799975395203 0.28176000714302063
vt 0.5040839910507202 0.6512609720230103
vt 0.5042279958724976 0.3657490015029907
vt 0.5042579770088196 0.6187899708747864
vt 0.5043759942054749 0.2407120019197464
vt 0.5054360032081604 0.33378100395202637
vt 0.5054590106010437 0.5649999976158142
vt 0.5063580274581909 0.1372780054807663
vt 0.5065479874610901 0.10445000231266022
vt 0.5073040127754211 0.7620840072631836
vt 0.5074269771575928 0.8486300110816956
vt 0.5078009963035583 0.08378700166940689
vt 0.5078039765357971 0.8616189956665039
vt 0.5082420110702515 0.9780550003051758
vt 0.5086029767990112 0.883774995803833
vt 0.5087730288505554 0.37481799721717834
vt 0.5102630257606506 0.13420100510120392
vt 0.5104510188102722 0.6640499830245972
vt 0.5108190178871155 0.5955449938774109
vt 0.5110589861869812 0.31993499398231506
vt 0.5116789937019348 0.8554829955101013
vt 0.5116789937019348 0.9345909953117371
vt 0.5116789937019348 0.9659039974212646
vt 0.5116789937019348 0.9689800143241882
vt 0.5116789937019348 0.9853100180625916
vt 0.5117909908294678 0.820472002029419
vt 0.5118499994277954 0.33301299810409546
vt 0.5118499994277954 0.3795650005340576
vt 0.5118499994277954 0.38264200091362
vt 0.5118499994277954 0.390298992395401
vt 0.5125359892845154 0.7539309859275818
vt 0.5126280188560486 0.20021699368953705
vt 0.5127189755439758 0.15950800478458405
vt 0.5129280090332031 0.6786720156669617
vt 0.5129879713058472 0.8701760172843933
vt 0.5130839943885803 0.5838990211486816
vt 0.5132240056991577 0.3482170104980469
vt 0.5132840275764465 0.3837690055370331
vt 0.5133389830589294 0.3062160015106201
vt 0.513454020023346 0.9501960277557373
vt 0.5138859748840332 0.7683749794960022
vt 0.514909029006958 0.20660799741744995
vt 0.5151280164718628 0.5634580254554749
vt 0.5155450105667114 0.9258819818496704
vt 0.5155609846115112 0.6349319815635681
vt 0.5158889889717102 0.015216999687254429
vt 0.5161679983139038 0.6276339888572693
vt 0.5163459777832031 0.8556259870529175
vt 0.5164160132408142 0.306196004152298
vt 0.5164160132408142 0.39660000801086426
vt 0.5166149735450745 0.33557501435279846
vt 0.5166890025138855 0.2739430069923401
vt 0.5169150233268738 0.21379099786281586
vt 0.5173730254173279 0.24765899777412415
vt 0.5174059867858887 0.2595280110836029
vt 0.5176889896392822 0.2260269969701767
vt 0.5190079808235168 0.8036789894104004
vt 0.5194389820098877 0.4033690094947815
vt 0.5196020007133484 0.2948800027370453
vt 0.5198590159416199 0.690106987953186
vt 0.5202850103378296 0.5037990212440491
vt 0.5206050276756287 0.7570080161094666
vt 0.5210220217704773 0.891103982925415
vt 0.521236002445221 0.8486300110816956
vt 0.521236002445221 0.9315140247344971
vt 0.5216670036315918 0.9614740014076233
vt 0.5219449996948242 0.9707080125808716
vt 0.5222349762916565 0.9747750163078308
vt 0.5230839848518372 0.31341901421546936
vt 0.5236979722976685 0.9402120113372803
vt 0.5253120064735413 0.9689800143241882
vt 0.5253120064735413 0.9874150156974792
vt 0.5254920125007629 0.7377340197563171
vt 0.5257459878921509 0.14485999941825867
vt 0.5257459878921509 0.20219899713993073
vt 0.5265359878540039 0.7638369798660278
vt 0.5265359878540039 0.8455529808998108
vt 0.5269179940223694 0.7538160085678101
vt 0.527010977268219 0.09818200021982193
vt 0.5274320244789124 0.08329799771308899
vt 0.5274389982223511 0.02155500091612339
vt 0.5274410247802734 0.0015579999890178442
vt 0.5275970101356506 0.05822699889540672
vt 0.5276910066604614 0.1063769981265068
vt 0.527692973613739 0.1287440061569214
vt 0.5276960134506226 0.049660999327898026
vt 0.5281460285186768 0.35140401124954224
vt 0.5286870002746582 0.9822520017623901
vt 0.5291969776153564 0.6613540053367615
vt 0.5296130180358887 0.8272889852523804
vt 0.5296130180358887 0.8544309735298157
vt 0.5296130180358887 0.9143329858779907
vt 0.5296130180358887 0.9613519906997681
vt 0.5307729840278625 0.010711999610066414
vt 0.5307729840278625 0.12307000160217285
vt 0.5307729840278625 0.1915999948978424
vt 0.5310400128364563 0.36146700382232666
vt 0.5311539769172668 0.09472600370645523
vt 0.5314329862594604 0.6738939881324768
vt 0.531790018081665 0.9763439893722534
vt 0.5321019887924194 0.21051299571990967
vt 0.5324900150299072 0.8712940216064453
vt 0.5326579809188843 0.1286419928073883
vt 0.5329700112342834 0.9852250218391418
vt 0.5331090092658997 0.0527379997074604
vt 0.5336340069770813 0.07465200126171112
vt 0.5336899757385254 0.8766520023345947
vt 0.5337160229682922 0.09085100144147873
vt 0.5337759852409363 0.9211580157279968
vt 0.5339319705963135 0.03855900093913078
vt 0.534841001033783 0.8109130263328552
vt 0.5350210070610046 0.5527729988098145
vt 0.5363540053367615 0.8571950197219849
vt 0.5363950133323669 0.3502329885959625
vt 0.5366169810295105 0.38717201352119446
vt 0.5369979739189148 0.7628459930419922
vt 0.5371599793434143 0.02843100018799305
vt 0.5379679799079895 0.05147499963641167
vt 0.5381180047988892 0.06977300345897675
vt 0.539218008518219 0.010432999581098557
vt 0.5394589900970459 0.7304720282554626
vt 0.5396350026130676 0.393900990486145
vt 0.5396720170974731 0.050227999687194824
vt 0.5418270230293274 0.9174100160598755
vt 0.5418270230293274 0.9628260135650635
vt 0.5418270230293274 0.9659029841423035
vt 0.5418270230293274 0.9846019744873047
vt 0.5419080257415771 0.700439989566803
vt 0.5427150130271912 0.10190899670124054
vt 0.5430970191955566 0.11277599632740021
vt 0.5441190004348755 0.017520999535918236
vt 0.5441970229148865 0.8358870148658752
vt 0.5442100167274475 0.7570080161094666
vt 0.54442298412323 0.8513540029525757
vt 0.5449039936065674 0.9174100160598755
vt 0.5449039936065674 0.9522730112075806
vt 0.5450599789619446 0.3825080096721649
vt 0.5450649857521057 0.970067024230957
vt 0.5450649857521057 0.9898560047149658
vt 0.5452730059623718 0.7163779735565186
vt 0.5461459755897522 0.8767949938774109
vt 0.5464860200881958 0.39660000801086426
vt 0.547452986240387 0.3896239995956421
vt 0.547927975654602 0.04257800057530403
vt 0.5495399832725525 0.81973797082901
vt 0.5495629906654358 0.9822109937667847
vt 0.5495629906654358 0.9975020289421082
vt 0.5496490001678467 0.9229829907417297
vt 0.5496490001678467 0.9553499817848206
vt 0.5496490001678467 0.9791349768638611
vt 0.549697995185852 0.8626409769058228
vt 0.5503479838371277 0.17666199803352356
vt 0.5505610108375549 0.35075700283050537
vt 0.5508739948272705 0.7760319709777832
vt 0.5512080192565918 0.7620919942855835
vt 0.551360011100769 0.5401129722595215
vt 0.5523939728736877 0.19239600002765656
vt 0.5527750253677368 0.8544309735298157
vt 0.5527750253677368 0.9141889810562134
vt 0.5527750253677368 0.918179988861084
vt 0.5527750253677368 0.9625840187072754
vt 0.5527750253677368 0.9793819785118103
vt 0.5539489984512329 0.3631879985332489
vt 0.5546209812164307 0.7374489903450012
vt 0.5558930039405823 0.16467499732971191
vt 0.5563089847564697 0.023872999474406242
vt 0.5573840141296387 0.8131589889526367
vt 0.5575649738311768 0.6925560235977173
vt 0.5580059885978699 0.20595599710941315
vt 0.5580210089683533 0.37829700112342834
vt 0.5582969784736633 0.0981530025601387
vt 0.5586310029029846 0.8864740133285522
vt 0.5587909817695618 0.12665799260139465
vt 0.5589609742164612 0.6134260296821594
vt 0.5590410232543945 0.7157250046730042
vt 0.5593370199203491 0.8507829904556274
vt 0.5596230030059814 0.6601489782333374
vt 0.5599889755249023 0.5940449833869934
vt 0.5602830052375793 0.6269649863243103
vt 0.5604090094566345 0.7736350297927856
vt 0.5604090094566345 0.8391739726066589
vt 0.5619879961013794 0.3939409852027893
vt 0.5621020197868347 0.9656609892845154
vt 0.5621020197868347 0.9866909980773926
vt 0.5621179938316345 0.6738939881324768
vt 0.5621179938316345 0.7310289740562439
vt 0.5621179938316345 0.7341060042381287
vt 0.5621179938316345 0.7507020235061646
vt 0.5634859800338745 0.7642369866371155
vt 0.5635759830474854 0.1425269991159439
vt 0.563979983329773 0.1846799999475479
vt 0.5640199780464172 0.917264997959137
vt 0.5644170045852661 0.44900500774383545
vt 0.5650339722633362 0.9568430185317993
vt 0.5650650262832642 0.3502329885959625
vt 0.5650650262832642 0.3723730146884918
vt 0.5651360154151917 0.6313160061836243
vt 0.5652940273284912 0.392426997423172
vt 0.5653219819068909 0.07823099941015244
vt 0.5654230117797852 0.5742949843406677
vt 0.5658980011940002 0.5094019770622253
vt 0.5660960078239441 0.6105719804763794
vt 0.5662149786949158 0.5856059789657593
vt 0.5662149786949158 0.6608549952507019
vt 0.5665839910507202 0.72291499376297
vt 0.5666099786758423 0.7488960027694702
vt 0.5666130185127258 0.7570080161094666
vt 0.5666130185127258 0.766664981842041
vt 0.5666630268096924 0.884037971496582
vt 0.5666689872741699 0.4906120002269745
vt 0.5667049884796143 0.22857099771499634
vt 0.5692309737205505 0.3362889885902405
vt 0.5692480206489563 0.22337700426578522
vt 0.5694829821586609 0.1945990025997162
vt 0.5697460174560547 0.4148240089416504
vt 0.5697460174560547 0.5257930159568787
vt 0.5697460174560547 0.6261169910430908
vt 0.5697460174560547 0.6673030257225037
vt 0.5697460174560547 0.7458919882774353
vt 0.5697460174560547 0.8257079720497131
vt 0.5697460174560547 0.8456140160560608
vt 0.5697460174560547 0.9543570280075073
vt 0.5697460174560547 0.9759230017662048
vt 0.5697460174560547 0.9789990186691284
vt 0.5697460174560547 0.9933270215988159
vt 0.5698729753494263 0.5440329909324646
vt 0.5699179768562317 0.4787139892578125
vt 0.5699340105056763 0.6181240081787109
vt 0.570110023021698 0.15065999329090118
vt 0.5702139735221863 0.1689780056476593
vt 0.5703650116920471 0.9176499843597412
vt 0.5704280138015747 0.5119370222091675
vt 0.5704920291900635 0.8619409799575806
vt 0.5704960227012634 0.5964289903640747
vt 0.5706570148468018 0.5758950114250183
vt 0.5715019702911377 0.04126900061964989
vt 0.5716490149497986 0.9097560048103333
vt 0.5718039870262146 0.837145984172821
vt 0.5720419883728027 0.9394620060920715
vt 0.5723519921302795 0.8873370289802551
vt 0.5730199813842773 0.2963629961013794
vt 0.5733309984207153 0.22984200716018677
vt 0.5739629864692688 0.34715700149536133
vt 0.5745869874954224 0.1401280015707016
vt 0.574774980545044 0.21374399960041046
vt 0.5748969912528992 0.31697800755500793
vt 0.5752869844436646 0.9208070039749146
vt 0.5757499933242798 0.7038519978523254
vt 0.5768979787826538 0.25304800271987915
vt 0.5771430134773254 0.051426999270915985
vt 0.577705979347229 0.06935500353574753
vt 0.5779669880867004 0.37529799342155457
vt 0.5782110095024109 0.38941600918769836
vt 0.578603982925415 0.8286330103874207
vt 0.5787410140037537 0.746429979801178
vt 0.5793920159339905 0.9877169728279114
vt 0.5795239806175232 0.30687299370765686
vt 0.5804550051689148 0.7226510047912598
vt 0.5805040001869202 0.27232399582862854
vt 0.5806750059127808 0.6996430158615112
vt 0.5809230208396912 0.3312489986419678
vt 0.581171989440918 0.40004199743270874
vt 0.5811780095100403 0.3557969927787781
vt 0.5819640159606934 0.6497610211372375
vt 0.5820800065994263 0.9574339985847473
vt 0.5824139714241028 0.792385995388031
vt 0.5833479762077332 0.8293600082397461
vt 0.5833500027656555 0.9759230017662048
vt 0.5836330056190491 0.7670660018920898
vt 0.5838969945907593 0.5217570066452026
vt 0.5839189887046814 0.536283016204834
vt 0.5841339826583862 0.22091999650001526
vt 0.5852320194244385 0.4444139897823334
vt 0.5853019952774048 0.07803300023078918
vt 0.585748016834259 0.9207260012626648
vt 0.585748016834259 0.9508770108222961
vt 0.5858139991760254 0.5826950073242188
vt 0.5858889818191528 0.2308489978313446
vt 0.5859330296516418 0.36380401253700256
vt 0.5861560106277466 0.752610981464386
vt 0.5861719846725464 0.04798299819231033
vt 0.5863410234451294 0.8532009720802307
vt 0.5864109992980957 0.8770849704742432
vt 0.5864269733428955 0.9574339985847473
vt 0.5864269733428955 0.9708520174026489
vt 0.5866609811782837 0.6600350141525269
vt 0.586974024772644 0.02707899920642376
vt 0.5870760083198547 0.8388389945030212
vt 0.5870760083198547 0.9117220044136047
vt 0.5873979926109314 0.6691439747810364
vt 0.5875939726829529 0.0950080007314682
vt 0.5880020260810852 0.1062059998512268
vt 0.5885739922523499 0.12614700198173523
vt 0.5886139869689941 0.4926280081272125
vt 0.588824987411499 0.9314630031585693
vt 0.5892490148544312 0.2633650004863739
vt 0.5892509818077087 0.2796950042247772
vt 0.5894820094108582 0.9873290061950684
vt 0.5901529788970947 0.8778280019760132
vt 0.5901529788970947 0.9124150276184082
vt 0.5904240012168884 0.6062009930610657
vt 0.5904790163040161 0.8424800038337708
vt 0.5908979773521423 0.18032599985599518
vt 0.591126024723053 0.018655000254511833
vt 0.5914549827575684 0.8696839809417725
vt 0.5918319821357727 0.11571499705314636
vt 0.5920619964599609 0.9670040011405945
vt 0.5921059846878052 0.8922200202941895
vt 0.5921090245246887 0.9207260012626648
vt 0.5921090245246887 0.9437329769134521
vt 0.5929210186004639 0.010470000095665455
vt 0.5941900014877319 0.7297549843788147
vt 0.5943650007247925 0.7509729862213135
vt 0.594747006893158 0.6868739724159241
vt 0.5949289798736572 0.2517080008983612
vt 0.595071017742157 0.5779719948768616
vt 0.5953029990196228 0.9164850115776062
vt 0.5953029990196228 0.9334740042686462
vt 0.5953029990196228 0.9815549850463867
vt 0.5953029990196228 0.9888250231742859
vt 0.5959240198135376 0.4585910141468048
vt 0.5967199802398682 0.7620159983634949
vt 0.5968220233917236 0.273144006729126
vt 0.5969910025596619 0.2300959974527359
vt 0.5970020294189453 0.3068520128726959
vt 0.5970140099525452 0.05766399949789047
vt 0.5971559882164001 0.2160709947347641
vt 0.5971559882164001 0.34029901027679443
vt 0.5971860289573669 0.9628610014915466
vt 0.5972579717636108 0.3836660087108612
vt 0.5973809957504272 0.6528369784355164
vt 0.5975229740142822 0.6257410049438477
vt 0.5977789759635925 0.9597839713096619
vt 0.5978609919548035 0.6631990075111389
vt 0.5982779860496521 0.3736230134963989
vt 0.5983520150184631 0.5605049729347229
vt 0.5987020134925842 0.7717970013618469
vt 0.5987070202827454 0.4901979863643646
vt 0.5992230176925659 0.5468559861183167
vt 0.5992569923400879 0.7016540169715881
vt 0.599888026714325 0.6028180122375488
vt 0.5999400019645691 0.9846320152282715
vt 0.5999400019645691 0.9984620213508606
vt 0.6002320051193237 0.27529600262641907
vt 0.6014829874038696 0.2622080147266388
vt 0.6021590232849121 0.7138059735298157
vt 0.6024169921875 0.21051299571990967
vt 0.6025189757347107 0.9276869893074036
vt 0.602599024772644 0.48074600100517273
vt 0.6027190089225769 0.7030969858169556
vt 0.6029080152511597 0.834069013595581
vt 0.6030169725418091 0.9885789752006531
vt 0.6031000018119812 0.015929000452160835
vt 0.6031190156936646 0.17182500660419464
vt 0.6037790179252625 0.4120959937572479
vt 0.604619026184082 0.5213500261306763
vt 0.6046379804611206 0.5407009720802307
vt 0.605180025100708 0.9521080255508423
vt 0.6055639982223511 0.3553699851036072
vt 0.6059489846229553 0.6192160248756409
vt 0.6061959862709045 0.3851819932460785
vt 0.6066049933433533 0.8730829954147339
vt 0.6067349910736084 0.3642539978027344
vt 0.6067450046539307 0.5949730277061462
vt 0.607014000415802 0.49171900749206543
vt 0.6070870161056519 0.572163999080658
vt 0.6073499917984009 0.455282986164093
vt 0.6074860095977783 0.4365510046482086
vt 0.6076059937477112 0.837145984172821
vt 0.6076369881629944 0.7061520218849182
vt 0.6076369881629944 0.8511360287666321
vt 0.6077460050582886 0.9815549850463867
vt 0.6077700257301331 0.9846320152282715
vt 0.6077700257301331 0.9977449774742126
vt 0.6079540252685547 0.5942569971084595
vt 0.608027994632721 0.15298500657081604
vt 0.6081780195236206 0.9134089946746826
vt 0.6083539724349976 0.8944219946861267
vt 0.6083539724349976 0.9262189865112305
vt 0.6084679961204529 0.6299930214881897
vt 0.6088410019874573 0.11728999763727188
vt 0.6091110110282898 0.19223999977111816
vt 0.6092789769172668 0.5288689732551575
vt 0.6094409823417664 0.7534509897232056
vt 0.6094759702682495 0.5124559998512268
vt 0.6098120212554932 0.3778260052204132
vt 0.609857976436615 0.5617259740829468
vt 0.6112310290336609 0.6384770274162292
vt 0.6114050149917603 0.5506309866905212
vt 0.6114109754562378 0.1293170005083084
vt 0.6114310026168823 0.27263399958610535
vt 0.6114349961280823 0.6823400259017944
vt 0.6116920113563538 0.17992299795150757
vt 0.6118850111961365 0.4249109923839569
vt 0.6119319796562195 0.9613320231437683
vt 0.6119319796562195 0.978314995765686
vt 0.6120449900627136 0.39366599917411804
vt 0.6121410131454468 0.46653100848197937
vt 0.6126909852027893 0.28713300824165344
vt 0.6129109859466553 0.09798900038003922
vt 0.6129119992256165 0.16730700433254242
vt 0.6129310131072998 0.14179499447345734
vt 0.613681972026825 0.9254639744758606
vt 0.6137650012969971 0.7428150177001953
vt 0.6141470074653625 0.7773069739341736
vt 0.6141560077667236 0.030350999906659126
vt 0.6143029928207397 0.08231700211763382
vt 0.6151859760284424 0.017980000004172325
vt 0.6160069704055786 0.13145899772644043
vt 0.6160069704055786 0.1512870043516159
vt 0.6164939999580383 0.14812900125980377
vt 0.6164939999580383 0.15855099260807037
vt 0.6167330145835876 0.37147799134254456
vt 0.6171280145645142 0.12614600360393524
vt 0.6171280145645142 0.14505299925804138
vt 0.6171619892120361 0.0015379999531432986
vt 0.6172230243682861 0.8003640174865723
vt 0.6172230243682861 0.9045640230178833
vt 0.6182529926300049 0.9614019989967346
vt 0.6187580227851868 0.9269620180130005
vt 0.6189749836921692 0.7243310213088989
vt 0.619388997554779 0.4107480049133301
vt 0.6199809908866882 0.9685109853744507
vt 0.6199809908866882 0.9900689721107483
vt 0.6202390193939209 0.035645999014377594
vt 0.6202390193939209 0.12474600225687027
vt 0.6203709840774536 0.00622399989515543
vt 0.6204349994659424 0.889182984828949
vt 0.6204749941825867 0.027002999559044838
vt 0.6205049753189087 0.04727499932050705
vt 0.6208959817886353 0.919064998626709
vt 0.6208959817886353 0.9654340147972107
vt 0.6209650039672852 0.15692999958992004
vt 0.6211850047111511 0.03908799961209297
vt 0.6212030053138733 0.05089300125837326
vt 0.6214920282363892 0.701121985912323
vt 0.6215900182723999 0.25495898723602295
vt 0.6217610239982605 0.09641200304031372
vt 0.6224139928817749 0.11167799681425095
vt 0.6225950121879578 0.8008970022201538
vt 0.622767984867096 0.10803200304508209
vt 0.6228229999542236 0.2685000002384186
vt 0.6229090094566345 0.7333269715309143
vt 0.6231750249862671 0.15153099596500397
vt 0.6236310005187988 0.9708830118179321
vt 0.6236799955368042 0.7736449837684631
vt 0.6239719986915588 0.9218320250511169
vt 0.6241260170936584 0.9572510123252869
vt 0.624127984046936 0.887345016002655
vt 0.624538004398346 0.6678000092506409
vt 0.6258770227432251 0.8270639777183533
vt 0.6265109777450562 0.9654690027236938
vt 0.6278989911079407 0.777114987373352
vt 0.6282950043678284 0.8563429713249207
vt 0.6287710070610046 0.6568319797515869
vt 0.6299790143966675 0.9024940133094788
vt 0.6304370164871216 0.7183060050010681
vt 0.6307500004768372 0.2560259997844696
vt 0.6309549808502197 0.666405975818634
vt 0.6310960054397583 0.824874997138977
vt 0.6314100027084351 0.14958800375461578
vt 0.6319329738616943 0.7072979807853699
vt 0.6326360106468201 0.8887450098991394
vt 0.6336809992790222 0.8571699857711792
vt 0.6340199708938599 0.3776420056819916
vt 0.6346340179443359 0.39346998929977417
vt 0.6347489953041077 0.1277420073747635
vt 0.6351400017738342 0.1144300028681755
vt 0.6356210112571716 0.8491309881210327
vt 0.6356210112571716 0.9159889817237854
vt 0.6356210112571716 0.919064998626709
vt 0.6356210112571716 0.9652330279350281
vt 0.6356210112571716 0.9685459733009338
vt 0.6356210112571716 0.9840700030326843
vt 0.6368970274925232 0.372079998254776
vt 0.6380429863929749 0.26059699058532715
vt 0.638683021068573 0.6859149932861328
vt 0.6386970281600952 0.8693770170211792
vt 0.6386970281600952 0.9252009987831116
vt 0.6386970281600952 0.9338909983634949
vt 0.6386970281600952 0.9763219952583313
vt 0.6388450264930725 0.12023799866437912
vt 0.6407240033149719 0.3502329885959625
vt 0.6407740116119385 0.9629740118980408
vt 0.6420530080795288 0.8460540175437927
vt 0.6429619789123535 0.9298670291900635
vt 0.6434130072593689 0.5293980240821838
vt 0.6451029777526855 0.43268299102783203
vt 0.6456680297851562 0.6620669960975647
vt 0.6456680297851562 0.7215980291366577
vt 0.6461510062217712 0.37915098667144775
vt 0.646697998046875 0.9242770075798035
vt 0.6468219757080078 0.7458919882774353
vt 0.6468219757080078 0.8420479893684387
vt 0.6472280025482178 0.8491299748420715
vt 0.647441029548645 0.4236060082912445
vt 0.648015022277832 0.5503290295600891
vt 0.6481059789657593 0.39366599917411804
vt 0.6485440135002136 0.37308400869369507
vt 0.6487439870834351 0.7170900106430054
vt 0.6487450003623962 0.6528369784355164
vt 0.6487450003623962 0.6664760112762451
vt 0.6487450003623962 0.6695520281791687
vt 0.6487450003623962 0.6826450228691101
vt 0.6487450003623962 0.6907979846000671
vt 0.6487450003623962 0.7077839970588684
vt 0.6490330100059509 0.8711850047111511
vt 0.6490619778633118 0.5355550050735474
vt 0.6502799987792969 0.6175609827041626
vt 0.6504870057106018 0.9660509824752808
vt 0.6504870057106018 0.9825509786605835
vt 0.6505060195922852 0.7020999789237976
vt 0.6505060195922852 0.7111679911613464
vt 0.650816023349762 0.9282780289649963
vt 0.650816023349762 0.9629719853401184
vt 0.6508820056915283 0.6342480182647705
vt 0.6509860157966614 0.6857219934463501
vt 0.6509860157966614 0.6990230083465576
vt 0.6512619853019714 0.6633489727973938
vt 0.6513159871101379 0.7142450213432312
vt 0.6513159871101379 0.7215059995651245
vt 0.6513590216636658 0.41207900643348694
vt 0.6513890027999878 0.6737179756164551
vt 0.6514440178871155 0.4805310070514679
vt 0.6514490246772766 0.5722270011901855
vt 0.6515309810638428 0.5631780028343201
vt 0.6516209840774536 0.3575260043144226
vt 0.6516209840774536 0.381071001291275
vt 0.6516249775886536 0.4592840075492859
vt 0.651639997959137 0.4318149983882904
vt 0.6517189741134644 0.5447440147399902
vt 0.6517620086669922 0.5957959890365601
vt 0.6517620086669922 0.6226189732551575
vt 0.652646005153656 0.3606019914150238
vt 0.6547160148620605 0.45001301169395447
vt 0.6547160148620605 0.5034310221672058
vt 0.6547160148620605 0.5256220102310181
vt 0.6548389792442322 0.5790600180625916
vt 0.6548389792442322 0.630137026309967
vt 0.6548389792442322 0.7143089771270752
vt 0.6548389792442322 0.8096839785575867
vt 0.6548389792442322 0.8306959867477417
vt 0.6548389792442322 0.8490939736366272
vt 0.6548389792442322 0.8683159947395325
vt 0.6548389792442322 0.912693977355957
vt 0.6548389792442322 0.9235900044441223
vt 0.6548389792442322 0.9665049910545349
vt 0.6548389792442322 0.9884700179100037
vt 0.6549400091171265 0.8613160252571106
vt 0.6556249856948853 0.5288689732551575
vt 0.6557589769363403 0.7320579886436462
vt 0.6559789776802063 0.5521000027656555
vt 0.6562399864196777 0.8127610087394714
vt 0.6563540101051331 0.6270599961280823
vt 0.6564980149269104 0.6806619763374329
vt 0.6565340161323547 0.6624780297279358
vt 0.6566780209541321 0.798554003238678
vt 0.6581240296363831 0.21733400225639343
vt 0.6589570045471191 0.3481239974498749
vt 0.6606220006942749 0.3357299864292145
vt 0.6607490181922913 0.3575260043144226
vt 0.6608719825744629 0.03296700119972229
vt 0.6613900065422058 0.7188649773597717
vt 0.6618769764900208 0.44975700974464417
vt 0.6619160175323486 0.6487540006637573
vt 0.6623470187187195 0.8044450283050537
vt 0.6623640060424805 0.39366599917411804
vt 0.6624159812927246 0.7351340055465698
vt 0.6626269817352295 0.22457900643348694
vt 0.6632490158081055 0.98089200258255
vt 0.6636679768562317 0.7700110077857971
vt 0.6638060212135315 0.3285529911518097
vt 0.6638259887695312 0.3575260043144226
vt 0.6639990210533142 0.046337999403476715
vt 0.6642889976501465 0.8862829804420471
vt 0.6646180152893066 0.8734719753265381
vt 0.6663609743118286 0.5782889723777771
vt 0.666379988193512 0.12969499826431274
vt 0.6666690111160278 0.47463101148605347
vt 0.6666730046272278 0.5352129936218262
vt 0.6667940020561218 0.9157710075378418
vt 0.6667940020561218 0.9634280204772949
vt 0.6670910120010376 0.45636698603630066
vt 0.6672300100326538 0.0975089967250824
vt 0.6673039793968201 0.21374399960041046
vt 0.668133020401001 0.9701650142669678
vt 0.6682429909706116 0.6219099760055542
vt 0.6683120131492615 0.5055369734764099
vt 0.6683470010757446 0.7905870079994202
vt 0.6686260104179382 0.6716660261154175
vt 0.6690120100975037 0.8556830286979675
vt 0.6690809726715088 0.8045669794082642
vt 0.6692540049552917 0.34863001108169556
vt 0.6693180203437805 0.4243209958076477
vt 0.6698709726333618 0.9460690021514893
vt 0.6699020266532898 0.6336640119552612
vt 0.670091986656189 0.09398899972438812
vt 0.6702309846878052 0.744940996170044
vt 0.6703569889068604 0.19730399549007416
vt 0.6703649759292603 0.7284169793128967
vt 0.6705099940299988 0.16012099385261536
vt 0.6713889837265015 0.5034310221672058
vt 0.6713889837265015 0.5248479843139648
vt 0.671451985836029 0.3735570013523102
vt 0.6717590093612671 0.3575260043144226
vt 0.6718230247497559 0.7139120101928711
vt 0.6719509959220886 0.9760590195655823
vt 0.6724179983139038 0.0015379999531432986
vt 0.6724960207939148 0.4707469940185547
vt 0.672747015953064 0.11838699877262115
vt 0.6728339791297913 0.6414859890937805
vt 0.673442006111145 0.2216539978981018
vt 0.673442006111145 0.34428098797798157
vt 0.6737560033798218 0.8807389736175537
vt 0.6741039752960205 0.820684015750885
vt 0.6741899847984314 0.05141099914908409
vt 0.6743019819259644 0.6529120206832886
vt 0.6744019985198975 0.5059850215911865
vt 0.6744419932365417 0.3935549855232239
vt 0.6745960116386414 0.9659460186958313
vt 0.6749849915504456 0.8487460017204285
vt 0.6752719879150391 0.6358159780502319
vt 0.6754189729690552 0.8637329936027527
vt 0.675803005695343 0.1513500064611435
vt 0.6761580109596252 0.02457199990749359
vt 0.676360011100769 0.5584880113601685
vt 0.676518976688385 0.2227810025215149
vt 0.676518976688385 0.26160499453544617
vt 0.6766719818115234 0.5967900156974792
vt 0.6766949892044067 0.21395400166511536
vt 0.6767449975013733 0.2667669951915741
vt 0.6768879890441895 0.6877310276031494
vt 0.676934003829956 0.28608500957489014
vt 0.6769700050354004 0.9157710075378418
vt 0.6773279905319214 0.8319600224494934
vt 0.677386999130249 0.6110690236091614
vt 0.6776990294456482 0.037296000868082047
vt 0.6777309775352478 0.6822490096092224
vt 0.67774897813797 0.13868999481201172
vt 0.6781200170516968 0.2435470074415207
vt 0.6781460046768188 0.13112899661064148
vt 0.6783990263938904 0.33774301409721375
vt 0.678587019443512 0.027542000636458397
vt 0.6787229776382446 0.7496389746665955
vt 0.6792700290679932 0.1844870001077652
vt 0.6797170042991638 0.14253400266170502
vt 0.680001974105835 0.9261209964752197
vt 0.680001974105835 0.9526259899139404
vt 0.680001974105835 0.9690229892730713
vt 0.680001974105835 0.9835619926452637
vt 0.6800519824028015 0.8668100237846375
vt 0.6801360249519348 0.5557299852371216
vt 0.680450975894928 0.7368059754371643
vt 0.68122398853302 0.500353991985321
vt 0.6814450025558472 0.40004199743270874
vt 0.681922972202301 0.37806400656700134
vt 0.6820260286331177 0.601984977722168
vt 0.6820440292358398 0.5468999743461609
vt 0.6827660202980042 0.7896350026130676
vt 0.6830170154571533 0.4122309982776642
vt 0.6830289959907532 0.10860200226306915
vt 0.6830689907073975 0.36940398812294006
vt 0.6831279993057251 0.8669989705085754
vt 0.6831279993057251 0.9158290028572083
vt 0.6831279993057251 0.9665510058403015
vt 0.6831279993057251 0.9838209748268127
vt 0.6831290125846863 0.934935986995697
vt 0.6831660270690918 0.034710001200437546
vt 0.6833239793777466 0.012285999953746796
vt 0.6836770176887512 0.5767949819564819
vt 0.6837180256843567 0.10469300299882889
vt 0.6837260127067566 0.9626439809799194
vt 0.6837670207023621 0.5188300013542175
vt 0.6841719746589661 0.531279981136322
vt 0.6843330264091492 0.39366599917411804
vt 0.6853460073471069 0.5051230192184448
vt 0.6855760216712952 0.4944419860839844
vt 0.6856740117073059 0.07413800060749054
vt 0.6862459778785706 0.08899799734354019
vt 0.6868150234222412 0.6210479736328125
vt 0.6874099969863892 0.3650439977645874
vt 0.6874099969863892 0.39219900965690613
vt 0.6879879832267761 0.572953999042511
vt 0.6884229779243469 0.5158870220184326
vt 0.6890869736671448 0.5843089818954468
vt 0.6894890069961548 0.2035440057516098
vt 0.6895599961280823 0.3717060089111328
vt 0.6896970272064209 0.3054110109806061
vt 0.690064013004303 0.2796199917793274
vt 0.6903420090675354 0.7257739901542664
vt 0.6909239888191223 0.014221999794244766
vt 0.6910300254821777 0.548147976398468
vt 0.6911050081253052 0.15569399297237396
vt 0.6912950277328491 0.25589099526405334
vt 0.6920120120048523 0.4062280058860779
vt 0.6920610070228577 0.9295570254325867
vt 0.6926270127296448 0.5387979745864868
vt 0.6926739811897278 0.11862800270318985
vt 0.6927030086517334 0.33804500102996826
vt 0.6929000020027161 0.6088740229606628
vt 0.6936479806900024 0.8587999939918518
vt 0.6941149830818176 0.9756720066070557
vt 0.6952499747276306 0.05974600091576576
vt 0.695264995098114 0.789671003818512
vt 0.6952760219573975 0.9195160269737244
vt 0.695438027381897 0.9111790060997009
vt 0.6956740021705627 0.9326339960098267
vt 0.6956740021705627 0.9634749889373779
vt 0.6962329745292664 0.3777729868888855
vt 0.6962389945983887 0.8668100237846375
vt 0.6963469982147217 0.8537399768829346
vt 0.6980109810829163 0.7514910101890564
vt 0.6982139945030212 0.3529149889945984
vt 0.6982489824295044 0.23746100068092346
vt 0.6984339952468872 0.22112999856472015
vt 0.698511004447937 0.3019709885120392
vt 0.6985610127449036 0.13053099811077118
vt 0.6986449956893921 0.21374399960041046
vt 0.6988790035247803 0.34533798694610596
vt 0.6988840103149414 0.0015379999531432986
vt 0.6989750266075134 0.2094389945268631
vt 0.6994240283966064 0.8132140040397644
vt 0.6994240283966064 0.8980709910392761
vt 0.6994240283966064 0.9011470079421997
vt 0.6994240283966064 0.9258319735527039
vt 0.6994240283966064 0.9506620168685913
vt 0.6994240283966064 0.9744210243225098
vt 0.6994240283966064 0.980197012424469
vt 0.6994240283966064 0.993927001953125
vt 0.6995319724082947 0.9475849866867065
vt 0.6995689868927002 0.2655720114707947
vt 0.6996089816093445 0.3393299877643585
vt 0.6998800039291382 0.25735101103782654
vt 0.700419008731842 0.18118900060653687
vt 0.7006070017814636 0.09037400037050247
vt 0.7007709741592407 0.04706700146198273
vt 0.7009519934654236 0.8095179796218872
vt 0.7010390162467957 0.02930999919772148
vt 0.7011560201644897 0.3606019914150238
vt 0.7014439702033997 0.15456999838352203
vt 0.7026690244674683 0.11167799681425095
vt 0.7029119729995728 0.8354949951171875
vt 0.7030649781227112 0.3912700116634369
vt 0.703311026096344 0.5034310221672058
vt 0.703311026096344 0.523419976234436
vt 0.7036399841308594 0.1327729970216751
vt 0.7041159868240356 0.0015379999531432986
vt 0.7054349780082703 0.21840800344944
vt 0.7057420015335083 0.9162790179252625
vt 0.706387996673584 0.5207650065422058
vt 0.7067009806632996 0.9941030144691467
vt 0.7067170143127441 0.08970999717712402
vt 0.7067170143127441 0.2094389945268631
vt 0.7079340219497681 0.07544299960136414
vt 0.7087780237197876 0.9796469807624817
vt 0.7090299725532532 0.18509599566459656
vt 0.7091950178146362 0.8814020156860352
vt 0.7092390060424805 0.9512990117073059
vt 0.7093870043754578 0.7951509952545166
vt 0.709522008895874 0.8134539723396301
vt 0.7095980048179626 0.020049000158905983
vt 0.7097079753875732 0.9304710030555725
vt 0.709758996963501 0.19447900354862213
vt 0.7101719975471497 0.7165160179138184
vt 0.7103570103645325 0.9765700101852417
vt 0.7103760242462158 0.06674099713563919
vt 0.711430013179779 0.4935699999332428
vt 0.7125570178031921 0.01666799932718277
vt 0.713126003742218 0.18241800367832184
vt 0.7137100100517273 0.3713349997997284
vt 0.7142689824104309 0.7049869894981384
vt 0.7143740057945251 0.20865200459957123
vt 0.7144290208816528 0.837244987487793
vt 0.7146040201187134 0.6504009962081909
vt 0.7152760028839111 0.6840010285377502
vt 0.7155730128288269 0.7403010129928589
vt 0.7155730128288269 0.8093590140342712
vt 0.7156000137329102 0.022110000252723694
vt 0.7159169912338257 0.9095190167427063
vt 0.7162600159645081 0.09360399842262268
vt 0.7163569927215576 0.4069629907608032
vt 0.716795027256012 0.9713670015335083
vt 0.7170289754867554 0.3795740008354187
vt 0.7172920107841492 0.06593400239944458
vt 0.7175220251083374 0.499565988779068
vt 0.7178149819374084 0.004095999989658594
vt 0.7182999849319458 0.8918370008468628
vt 0.7184950113296509 0.14922000467777252
vt 0.7186499834060669 0.7593770027160645
vt 0.7189940214157104 0.9562119841575623
vt 0.7190619707107544 0.14102500677108765
vt 0.7190970182418823 0.07499399781227112
vt 0.7195590138435364 0.34851399064064026
vt 0.7196159958839417 0.6411740183830261
vt 0.7199329733848572 0.8127610087394714
vt 0.7199599742889404 0.8820670247077942
vt 0.7201160192489624 0.258527010679245
vt 0.7201160192489624 0.355991005897522
vt 0.7201160192489624 0.39348798990249634
vt 0.7201229929924011 0.5034310221672058
vt 0.7201229929924011 0.5249350070953369
vt 0.7202649712562561 0.9179450273513794
vt 0.7204849720001221 0.735135018825531
vt 0.7205039858818054 0.17021000385284424
vt 0.7205420136451721 0.5322999954223633
vt 0.7207739949226379 0.5851709842681885
vt 0.7207930088043213 0.5694699883460999
vt 0.7209039926528931 0.7960379719734192
vt 0.7219939827919006 0.6183580160140991
vt 0.7221500277519226 0.4942060112953186
vt 0.7230370044708252 0.8154029846191406
vt 0.7230370044708252 0.8912050127983093
vt 0.7230479717254639 0.9972469806671143
vt 0.7231929898262024 0.2156829982995987
vt 0.7231929898262024 0.2981429994106293
vt 0.7231929898262024 0.3254750072956085
vt 0.7231929898262024 0.3912400007247925
vt 0.7232000231742859 0.5208200216293335
vt 0.7234119772911072 0.23416300117969513
vt 0.7245000004768372 0.6087790131568909
vt 0.724515974521637 0.5934669971466064
vt 0.7249029874801636 0.7240089774131775
vt 0.7249090075492859 0.5617979764938354
vt 0.725570023059845 0.5457789897918701
vt 0.7258719801902771 0.36074098944664
vt 0.7260109782218933 0.2720850110054016
vt 0.726061999797821 0.6840199828147888
vt 0.726177990436554 0.9846699833869934
vt 0.7263929843902588 0.10535100102424622
vt 0.7265160083770752 0.09390699863433838
vt 0.7266809940338135 0.7363629937171936
vt 0.7266809940338135 0.8002820014953613
vt 0.7270249724388123 0.6621469855308533
vt 0.7274929881095886 0.9598249793052673
vt 0.7274929881095886 0.9815930128097534
vt 0.7274940013885498 0.9011470079421997
vt 0.7274940013885498 0.9567480087280273
vt 0.7274940013885498 0.9972469806671143
vt 0.7275339961051941 0.8127610087394714
vt 0.7275339961051941 0.8695409893989563
vt 0.7277870178222656 0.31055399775505066
vt 0.7279160022735596 0.620631992816925
vt 0.728190004825592 0.8726170063018799
vt 0.728190004825592 0.8968639969825745
vt 0.7282590270042419 0.6419439911842346
vt 0.7286909818649292 0.32989901304244995
vt 0.7293810248374939 0.08619300276041031
vt 0.7300599813461304 0.5064600110054016
vt 0.7307019829750061 0.22970500588417053
vt 0.7307279706001282 0.20374999940395355
vt 0.7310469746589661 0.5545330047607422
vt 0.7313349843025208 0.6619390249252319
vt 0.7313349843025208 0.7345489859580994
vt 0.7313349843025208 0.8348919749259949
vt 0.7313349843025208 0.8893439769744873
vt 0.7313349843025208 0.8985859751701355
vt 0.7313349843025208 0.9481130242347717
vt 0.7313349843025208 0.9707980155944824
vt 0.7313349843025208 0.9738749861717224
vt 0.7315880060195923 0.942575991153717
vt 0.7317829728126526 0.6587619781494141
vt 0.7318490147590637 0.37943199276924133
vt 0.7320200204849243 0.21494700014591217
vt 0.7321450114250183 0.270581990480423
vt 0.7321979999542236 0.3620539903640747
vt 0.7326700091362 0.021570999175310135
vt 0.7329189777374268 0.9832429885864258
vt 0.7336639761924744 0.68122798204422
vt 0.7337350249290466 0.1868640035390854
vt 0.7342299818992615 0.954692006111145
vt 0.7348480224609375 0.3258639872074127
vt 0.7353379726409912 0.6904090046882629
vt 0.7357059717178345 0.5297459959983826
vt 0.7359740138053894 0.2943660020828247
vt 0.7360050082206726 0.5776320099830627
vt 0.7364439964294434 0.5463269948959351
vt 0.7364969849586487 0.30671000480651855
vt 0.736611008644104 0.5034310221672058
vt 0.736611008644104 0.5253409743309021
vt 0.736661970615387 0.10215199738740921
vt 0.7367929816246033 0.5574039816856384
vt 0.736810028553009 0.5846350193023682
vt 0.7372390031814575 0.7454789876937866
vt 0.7373530268669128 0.7629609704017639
vt 0.7376459836959839 0.6154400110244751
vt 0.7377820014953613 0.5376480221748352
vt 0.7377820014953613 0.6040719747543335
vt 0.7382320165634155 0.7993249893188477
vt 0.7384009957313538 0.40097999572753906
vt 0.7384009957313538 0.49917298555374146
vt 0.7384809851646423 0.21374399960041046
vt 0.7386950254440308 0.8375110030174255
vt 0.7395039796829224 0.061333999037742615
vt 0.7398120164871216 0.9702939987182617
vt 0.7404459714889526 0.1513880044221878
vt 0.740447998046875 0.009600000455975533
vt 0.7408589720726013 0.5635730028152466
vt 0.7408589720726013 0.6180390119552612
vt 0.7410269975662231 0.23006099462509155
vt 0.7413859963417053 0.9764959812164307
vt 0.7413859963417053 0.9892759919166565
vt 0.7413880228996277 0.8955100178718567
vt 0.7414770126342773 0.5003219842910767
vt 0.7414770126342773 0.5241780281066895
vt 0.7414780259132385 0.42673200368881226
vt 0.7414780259132385 0.47952601313591003
vt 0.7415500283241272 0.8771569728851318
vt 0.7424439787864685 0.4899330139160156
vt 0.7434470057487488 0.6739259958267212
vt 0.7438079714775085 0.3074769973754883
vt 0.7439590096473694 0.8496209979057312
vt 0.7440639734268188 0.3920289874076843
vt 0.7444019913673401 0.9464669823646545
vt 0.7447509765625 0.12355700135231018
vt 0.7452880144119263 0.26971301436424255
vt 0.7453799843788147 0.40004199743270874
vt 0.7458779811859131 0.9860560297966003
vt 0.7459350228309631 0.7314730286598206
vt 0.7462940216064453 0.2867699861526489
vt 0.7465220093727112 0.29550400376319885
vt 0.7474790215492249 0.9690369963645935
vt 0.7474809885025024 0.8038560152053833
vt 0.7475569844245911 0.3695079982280731
vt 0.7479389905929565 0.8294100165367126
vt 0.7481920123100281 0.8178380131721497
vt 0.7491430044174194 0.6462299823760986
vt 0.7497479915618896 0.7692679762840271
vt 0.7505639791488647 0.8991420269012451
vt 0.7505639791488647 0.9433900117874146
vt 0.7509170174598694 0.08608999848365784
vt 0.7509400248527527 0.04380999878048897
vt 0.7511529922485352 0.47735801339149475
vt 0.7515479922294617 0.219869002699852
vt 0.7517489790916443 0.4401330053806305
vt 0.7518870234489441 0.5514330267906189
vt 0.7524639964103699 0.5400390028953552
vt 0.7524999976158142 0.8799570202827454
vt 0.7526739835739136 0.7308369874954224
vt 0.7533230185508728 0.9464669823646545
vt 0.7533230185508728 0.9804700016975403
vt 0.7533230185508728 0.9835469722747803
vt 0.7533230185508728 0.9968159794807434
vt 0.7533590197563171 0.6542419791221619
vt 0.753466010093689 0.41721799969673157
vt 0.7537569999694824 0.8551149964332581
vt 0.7539939880371094 0.1674569994211197
vt 0.7539939880371094 0.1885800063610077
vt 0.7550609707832336 0.2704020142555237
vt 0.7552769780158997 0.20331600308418274
vt 0.7565550208091736 0.5171070098876953
vt 0.7567989826202393 0.6584780216217041
vt 0.7568339705467224 0.8979300260543823
vt 0.7568339705467224 0.9107699990272522
vt 0.7568339705467224 0.9425550103187561
vt 0.7568339705467224 0.9456319808959961
vt 0.7568339705467224 0.9724079966545105
vt 0.7568339705467224 0.9754850268363953
vt 0.7568339705467224 0.9880790114402771
vt 0.7578489780426025 0.06605000048875809
vt 0.7580569982528687 0.6779199838638306
vt 0.7587010264396667 0.020208999514579773
vt 0.7587659955024719 0.1102449968457222
vt 0.7588469982147217 0.9010059833526611
vt 0.7591639757156372 0.47961699962615967
vt 0.7591879963874817 0.630137026309967
vt 0.7594329714775085 0.5643730163574219
vt 0.7598410248756409 0.15652599930763245
vt 0.7606279850006104 0.7550889849662781
vt 0.7610300183296204 0.47365298867225647
vt 0.7621930241584778 0.07581999897956848
vt 0.7627310156822205 0.49803200364112854
vt 0.7628089785575867 0.8430619835853577
vt 0.762923002243042 0.4431520104408264
vt 0.7631319761276245 0.4304330050945282
vt 0.763247013092041 0.8188419938087463
vt 0.763463020324707 0.011787000112235546
vt 0.7638859748840332 0.6173340082168579
vt 0.7639529705047607 0.5181689858436584
vt 0.7639709711074829 0.8880760073661804
vt 0.7641540169715881 0.06640899926424026
vt 0.7642170190811157 0.19721899926662445
vt 0.7645859718322754 0.9206939935684204
vt 0.7655749917030334 0.641120970249176
vt 0.7667040228843689 0.0861240029335022
vt 0.7668859958648682 0.2816770076751709
vt 0.7670300006866455 0.4899330139160156
vt 0.7670300006866455 0.5233920216560364
vt 0.7670360207557678 0.6506230235099792
vt 0.7672929763793945 0.5617550015449524
vt 0.7673130035400391 0.8420479893684387
vt 0.7681339979171753 0.0015379999531432986
vt 0.7683839797973633 0.09657900035381317
vt 0.7683889865875244 0.5288689732551575
vt 0.7685459852218628 0.11927200108766556
vt 0.7686669826507568 0.17723199725151062
vt 0.7688120007514954 0.9088770151138306
vt 0.7690200209617615 0.3053300082683563
vt 0.7690510153770447 0.5418000221252441
vt 0.7690529823303223 0.9543830156326294
vt 0.7691429853439331 0.9763510227203369
vt 0.7693790197372437 0.4817639887332916
vt 0.7698280215263367 0.2009270042181015
vt 0.7700480222702026 0.3599640130996704
vt 0.7701039910316467 0.922465980052948
vt 0.7702130079269409 0.1986439973115921
vt 0.7702329754829407 0.7261639833450317
vt 0.7705280184745789 0.4018169939517975
vt 0.7707499861717224 0.18179500102996826
vt 0.7707499861717224 0.21009500324726105
vt 0.7709580063819885 0.6712110042572021
vt 0.7712110280990601 0.05839100107550621
vt 0.771465003490448 0.3240169882774353
vt 0.7718470096588135 0.6177080273628235
vt 0.7719579935073853 0.04918399825692177
vt 0.7720379829406738 0.16087499260902405
vt 0.7728260159492493 0.9550309777259827
vt 0.7728260159492493 0.9738720059394836
vt 0.7733520269393921 0.42936599254608154
vt 0.7733910083770752 0.6077489852905273
vt 0.7738270163536072 0.18179500102996826
vt 0.7738270163536072 0.20715199410915375
vt 0.7739549875259399 0.8432350158691406
vt 0.7739949822425842 0.1204179972410202
vt 0.7744370102882385 0.17871800065040588
vt 0.7745389938354492 0.012267000041902065
vt 0.7749069929122925 0.9894449710845947
vt 0.7750890254974365 0.3259980082511902
vt 0.775143027305603 0.08063799887895584
vt 0.7751669883728027 0.2162960022687912
vt 0.7751780152320862 0.510200023651123
vt 0.775288999080658 0.001838000025600195
vt 0.7753639817237854 0.6633949875831604
vt 0.7754960060119629 0.28934600949287415
vt 0.7756530046463013 0.09748999774456024
vt 0.7757570147514343 0.8796579837799072
vt 0.775816023349762 0.38092800974845886
vt 0.7758979797363281 0.3391430079936981
vt 0.7759039998054504 0.9181190133094788
vt 0.7759590148925781 0.8392959833145142
vt 0.7760090231895447 0.8547919988632202
vt 0.7769100069999695 0.8178380131721497
vt 0.7769100069999695 0.8974339962005615
vt 0.7773429751396179 0.5246959924697876
vt 0.7776830196380615 0.2643440067768097
vt 0.7776870131492615 0.10425800085067749
vt 0.777758002281189 0.32413598895072937
vt 0.7777929902076721 0.7641069889068604
vt 0.7779729962348938 0.5631459951400757
vt 0.7780969738960266 0.6485350131988525
vt 0.7783870100975037 0.9769489765167236
vt 0.7786740064620972 0.3213840126991272
vt 0.7787889838218689 0.8001019954681396
vt 0.7790020108222961 0.04237399995326996
vt 0.7792930006980896 0.5292230248451233
vt 0.7793660163879395 0.6037570238113403
vt 0.7799500226974487 0.6714180111885071
vt 0.7799869775772095 0.8399909734725952
vt 0.7799869775772095 0.8837900161743164
vt 0.7799869775772095 0.9519540071487427
vt 0.7803210020065308 0.3906320035457611
vt 0.780489981174469 0.8807129859924316
vt 0.7806519865989685 0.1904360055923462
vt 0.7807459831237793 0.6196659803390503
vt 0.7807599902153015 0.23141799867153168
vt 0.7807599902153015 0.30362799763679504
vt 0.7807809710502625 0.36149200797080994
vt 0.7808690071105957 0.08608999848365784
vt 0.7813630104064941 0.47206801176071167
vt 0.7813689708709717 0.9029790163040161
vt 0.7814000248908997 0.6370270252227783
vt 0.7814000248908997 0.7095119953155518
vt 0.781732976436615 0.17379499971866608
vt 0.7826489806175232 0.5485860109329224
vt 0.7831649780273438 0.801967978477478
vt 0.7832670211791992 0.8178380131721497
vt 0.7833979725837708 0.744350016117096
vt 0.7838159799575806 0.24597099423408508
vt 0.783847987651825 0.5065320134162903
vt 0.7838580012321472 0.3445650041103363
vt 0.7840840220451355 0.8147619962692261
vt 0.7841010093688965 0.3930410146713257
vt 0.7842350006103516 0.4252220094203949
vt 0.7843790054321289 0.28599101305007935
vt 0.7844769954681396 0.696295976638794
vt 0.7845360040664673 0.3124130070209503
vt 0.7846300005912781 0.48685699701309204
vt 0.7849770188331604 0.8012019991874695
vt 0.7851290106773376 0.006149999797344208
vt 0.7851349711418152 0.7757290005683899
vt 0.7852759957313538 0.49211999773979187
vt 0.7866920232772827 0.12424500286579132
vt 0.78677898645401 0.8964509963989258
vt 0.78677898645401 0.9642189741134644
vt 0.78677898645401 0.9894449710845947
vt 0.7871279716491699 0.7981420159339905
vt 0.7871639728546143 0.6024389863014221
vt 0.7873280048370361 0.4021880030632019
vt 0.7873790264129639 0.5252050161361694
vt 0.7876620292663574 0.21191999316215515
vt 0.787900984287262 0.04386800155043602
vt 0.7879729866981506 0.7642980217933655
vt 0.7881370186805725 0.8234800100326538
vt 0.7881370186805725 0.8800230026245117
vt 0.788254976272583 0.7345489859580994
vt 0.7893000245094299 0.10767599940299988
vt 0.7895309925079346 0.30542701482772827
vt 0.7898229956626892 0.3296700119972229
vt 0.7904559969902039 0.4957219958305359
vt 0.7907149791717529 0.2069309949874878
vt 0.7908520102500916 0.007938000373542309
vt 0.7911350131034851 0.053968001157045364
vt 0.7913309931755066 0.7397300004959106
vt 0.7913309931755066 0.8246930241584778
vt 0.7913309931755066 0.8578979969024658
vt 0.7913309931755066 0.9694780111312866
vt 0.7913309931755066 0.9864789843559265
vt 0.7913320064544678 0.8920810222625732
vt 0.7913320064544678 0.9362239837646484
vt 0.7913320064544678 0.9405050277709961
vt 0.7913320064544678 0.9659680128097534
vt 0.7916330099105835 0.41304299235343933
vt 0.7917050123214722 0.8726869821548462
vt 0.7921050190925598 0.24526500701904297
vt 0.7922499775886536 0.6200330257415771
vt 0.7923499941825867 0.39216500520706177
vt 0.7927870154380798 0.22349999845027924
vt 0.7931789755821228 0.35006600618362427
vt 0.7937909960746765 0.18179500102996826
vt 0.7937909960746765 0.20848999917507172
vt 0.7948520183563232 0.4899330139160156
vt 0.7948520183563232 0.5066819787025452
vt 0.7949240207672119 0.4816780090332031
vt 0.7950360178947449 0.3933509886264801
vt 0.7953270077705383 0.5122690200805664
vt 0.7953270077705383 0.5257930159568787
vt 0.7953270077705383 0.5558080077171326
vt 0.7958430051803589 0.6328319907188416
vt 0.796002984046936 0.8331500291824341
vt 0.7963529825210571 0.7345489859580994
vt 0.7966009974479675 0.29656100273132324
vt 0.7966110110282898 0.9070259928703308
vt 0.7966989874839783 0.6782100200653076
vt 0.7980009913444519 0.44555699825286865
vt 0.7981039881706238 0.7114999890327454
vt 0.798520028591156 0.06295499950647354
vt 0.7986469864845276 0.5649480223655701
vt 0.7992770075798035 0.08112700283527374
vt 0.7996760010719299 0.9848129749298096
vt 0.7998999953269958 0.8362259864807129
vt 0.8004140257835388 0.8839730024337769
vt 0.8006979823112488 0.0015379999531432986
vt 0.8009390234947205 0.9171040058135986
vt 0.8009849786758423 0.969044029712677
vt 0.8025609850883484 0.04701099917292595
vt 0.8029069900512695 0.1174279972910881
vt 0.8031290173530579 0.34771600365638733
vt 0.8031389713287354 0.18811100721359253
vt 0.8032249808311462 0.9658870100975037
vt 0.8032320141792297 0.29716700315475464
vt 0.8033009767532349 0.23532399535179138
vt 0.8033919930458069 0.706013023853302
vt 0.8038690090179443 0.09843099862337112
vt 0.8038690090179443 0.1747719943523407
vt 0.8052340149879456 0.8612679839134216
vt 0.8052589893341064 0.2240779995918274
vt 0.80526202917099 0.721746027469635
vt 0.8054260015487671 0.9412580132484436
vt 0.8062270283699036 0.24943000078201294
vt 0.806518018245697 0.21330299973487854
vt 0.8067910075187683 0.8785930275917053
vt 0.8069459795951843 0.15347899496555328
vt 0.8069459795951843 0.1741960048675537
vt 0.8069459795951843 0.20441900193691254
vt 0.8074160218238831 0.6430360078811646
vt 0.8074169754981995 0.47869598865509033
vt 0.807483971118927 0.07144899666309357
vt 0.8080180287361145 0.9810310006141663
vt 0.8080180287361145 0.9965299963951111
vt 0.8081809878349304 0.9374279975891113
vt 0.8082360029220581 0.4486449956893921
vt 0.8083410263061523 0.9023190140724182
vt 0.8085020184516907 0.972104012966156
vt 0.8085389733314514 0.5249969959259033
vt 0.8088459968566895 0.12831400334835052
vt 0.8088549971580505 0.8166360259056091
vt 0.8096150159835815 0.5440700054168701
vt 0.8099460005760193 0.18403500318527222
vt 0.8106380105018616 0.9131860136985779
vt 0.8110889792442322 0.10479900240898132
vt 0.8116160035133362 0.5257920026779175
vt 0.8117020130157471 0.6339790225028992
vt 0.8119080066680908 0.6209179759025574
vt 0.8119620084762573 0.9405050277709961
vt 0.8122220039367676 0.013334999792277813
vt 0.8122850060462952 0.532476007938385
vt 0.8128920197486877 0.3518829941749573
vt 0.8129079937934875 0.6834290027618408
vt 0.8130589723587036 0.3880540132522583
vt 0.81352299451828 0.5633580088615417
vt 0.8137140274047852 0.8920800089836121
vt 0.8137140274047852 0.9204429984092712
vt 0.8139430284500122 0.14883899688720703
vt 0.8143349885940552 0.12528599798679352
vt 0.8148530125617981 0.6989799737930298
vt 0.8148530125617981 0.9459800124168396
vt 0.8148530125617981 0.9779549837112427
vt 0.8148530125617981 0.991690993309021
vt 0.81489497423172 0.4175559878349304
vt 0.8152310252189636 0.6423360109329224
vt 0.8153290152549744 0.630137026309967
vt 0.8156909942626953 0.7142329812049866
vt 0.8168410062789917 0.5121880173683167
vt 0.8173869848251343 0.08112700283527374
vt 0.8176770210266113 0.11034999787807465
vt 0.8176820278167725 0.6198959946632385
vt 0.8177679777145386 0.3074769973754883
vt 0.8184670209884644 0.915153980255127
vt 0.8186900019645691 0.9334279894828796
vt 0.8186900019645691 0.976531982421875
vt 0.8186900019645691 0.9881299734115601
vt 0.8189539909362793 0.897229015827179
vt 0.8190829753875732 0.6884729862213135
vt 0.8191009759902954 0.8448799848556519
vt 0.8191009759902954 0.8890039920806885
vt 0.8192809820175171 0.3321470022201538
vt 0.8194130063056946 0.5314080119132996
vt 0.8195329904556274 0.21526700258255005
vt 0.819625973701477 0.011990999802947044
vt 0.819648027420044 0.2999500036239624
vt 0.8196550011634827 0.5418859720230103
vt 0.8199790120124817 0.344976007938385
vt 0.820048987865448 0.05925299972295761
vt 0.820114016532898 0.5656120181083679
vt 0.8205580115318298 0.9579190015792847
vt 0.8206769824028015 0.17541499435901642
vt 0.8211219906806946 0.4314889907836914
vt 0.8218330144882202 0.2438270002603531
vt 0.8218860030174255 0.31055399775505066
vt 0.8219789862632751 0.9641709923744202
vt 0.8221780061721802 0.8362259864807129
vt 0.8221780061721802 0.9253919720649719
vt 0.8223659992218018 0.10370799899101257
vt 0.8225100040435791 0.6080570220947266
vt 0.8225929737091064 0.09738100320100784
vt 0.8230869770050049 0.2987389862537384
vt 0.8231260180473328 0.03379200026392937
vt 0.8231710195541382 0.8494920134544373
vt 0.8232370018959045 0.07929400354623795
vt 0.8240209817886353 0.3908880054950714
vt 0.8240950107574463 0.9096919894218445
vt 0.8245769739151001 0.5086230039596558
vt 0.8246189951896667 0.5257920026779175
vt 0.8246520161628723 0.9336509704589844
vt 0.8249109983444214 0.751052975654602
vt 0.8253030180931091 0.48388099670410156
vt 0.825439989566803 0.6247389912605286
vt 0.8257660269737244 0.228069007396698
vt 0.8259000182151794 0.0015379999531432986
vt 0.8259350061416626 0.6318590044975281
vt 0.8262810111045837 0.017222000285983086
vt 0.8267329931259155 0.2448749989271164
vt 0.8272749781608582 0.5495790243148804
vt 0.8272969722747803 0.5655120015144348
vt 0.8273199796676636 0.6091169714927673
vt 0.8275279998779297 0.8010479807853699
vt 0.8275820016860962 0.20195800065994263
vt 0.8276169896125793 0.9839789867401123
vt 0.8276950120925903 0.5187950134277344
vt 0.8277260065078735 0.7596489787101746
vt 0.8279759883880615 0.3108479976654053
vt 0.8279759883880615 0.347447007894516
vt 0.8282430171966553 0.25837498903274536
vt 0.8289600014686584 0.719789981842041
vt 0.8294410109519958 0.18150000274181366
vt 0.8295890092849731 0.6446340084075928
vt 0.8295890092849731 0.7263649702072144
vt 0.830066978931427 0.8089489936828613
vt 0.8306930065155029 0.9641709923744202
vt 0.8306930065155029 0.98294997215271
vt 0.8312010169029236 0.8492720127105713
vt 0.8313199877738953 0.21191999316215515
vt 0.8313199877738953 0.28879299759864807
vt 0.8313199877738953 0.3312689960002899
vt 0.8321430087089539 0.40004199743270874
vt 0.8321840167045593 0.042219001799821854
vt 0.83228600025177 0.9090570211410522
vt 0.83228600025177 0.9284690022468567
vt 0.83228600025177 0.9610940217971802
vt 0.8325039744377136 0.5121530294418335
vt 0.8325039744377136 0.5257930159568787
vt 0.8325179815292358 0.20757099986076355
vt 0.8326600193977356 0.4184989929199219
vt 0.8326600193977356 0.5022640228271484
vt 0.8326659798622131 0.6324440240859985
vt 0.8326659798622131 0.7280480265617371
vt 0.8331320285797119 0.7121919989585876
vt 0.8333079814910889 0.8014010190963745
vt 0.8338350057601929 0.7594789862632751
vt 0.8342069983482361 0.08079200237989426
vt 0.8342180252075195 0.604315996170044
vt 0.8342440128326416 0.9727010130882263
vt 0.8345289826393127 0.7799299955368042
vt 0.8352789878845215 0.24706800282001495
vt 0.8355510234832764 0.17112000286579132
vt 0.8357359766960144 0.4029250144958496
vt 0.8357359766960144 0.4506109952926636
vt 0.8357359766960144 0.4951289892196655
vt 0.8357359766960144 0.5257850289344788
vt 0.836292028427124 0.30105501413345337
vt 0.8365089893341064 0.4904929995536804
vt 0.8367630243301392 0.5288689732551575
vt 0.8367630243301392 0.6210790276527405
vt 0.8373559713363647 0.38704100251197815
vt 0.8374840021133423 0.3446440100669861
vt 0.8376060128211975 0.7621880173683167
vt 0.8376060128211975 0.8293139934539795
vt 0.8376060128211975 0.8990079760551453
vt 0.8376060128211975 0.9463589787483215
vt 0.8376060128211975 0.9775300025939941
vt 0.8376060128211975 0.9918310046195984
vt 0.8377230167388916 0.22342899441719055
vt 0.837768018245697 0.9072279930114746
vt 0.8381279706954956 0.9426590204238892
vt 0.8387860059738159 0.8829609751701355
vt 0.8390020132064819 0.30758199095726013
vt 0.8391820192337036 0.23512600362300873
vt 0.8392710089683533 0.9849420189857483
vt 0.8398399949073792 0.5363680124282837
vt 0.8398399949073792 0.6161550283432007
vt 0.8398399949073792 0.6264510154724121
vt 0.8401060104370117 0.630137026309967
vt 0.8406350016593933 0.330953985452652
vt 0.84067302942276 0.040477998554706573
vt 0.8408039808273315 0.28854900598526
vt 0.8410739898681641 0.5738340020179749
vt 0.841168999671936 0.40680500864982605
vt 0.8413500189781189 0.02969600073993206
vt 0.8416010141372681 0.7776179909706116
vt 0.8417829871177673 0.8376680016517639
vt 0.8418959975242615 0.17421600222587585
vt 0.8424260020256042 0.07758499681949615
vt 0.8427150249481201 0.3849869966506958
vt 0.8428800106048584 0.4279850125312805
vt 0.8431069850921631 0.30304500460624695
vt 0.8433510065078735 0.493818998336792
vt 0.8433930277824402 0.6560810208320618
vt 0.8435680270195007 0.04341699928045273
vt 0.8435779809951782 0.31392601132392883
vt 0.8437569737434387 0.8195509910583496
vt 0.8452919721603394 0.2139970064163208
vt 0.8454880118370056 0.08608999848365784
vt 0.8454880118370056 0.16985400021076202
vt 0.8458999991416931 0.23140700161457062
vt 0.8470190167427063 0.3413510024547577
vt 0.847100019454956 0.5033640265464783
vt 0.8471289873123169 0.25108298659324646
vt 0.8472399711608887 0.9806069731712341
vt 0.8476150035858154 0.6124230027198792
vt 0.8477830290794373 0.9733030200004578
vt 0.8480730056762695 0.5161579847335815
vt 0.8481940031051636 0.9918310046195984
vt 0.8485649824142456 0.08681000024080276
vt 0.8485649824142456 0.16986699402332306
vt 0.8486629724502563 0.6225420236587524
vt 0.8491770029067993 0.8692319989204407
vt 0.8494259715080261 0.8195199966430664
vt 0.8496900200843811 0.5342370271682739
vt 0.8499379754066467 0.1741960048675537
vt 0.8499379754066467 0.20789599418640137
vt 0.8500620126724243 0.6542710065841675
vt 0.8504859805107117 0.7491350173950195
vt 0.850866973400116 0.4516969919204712
vt 0.8509619832038879 0.7648389935493469
vt 0.8511409759521484 0.0035989999305456877
vt 0.8513979911804199 0.08079200237989426
vt 0.8515250086784363 0.5837519764900208
vt 0.8515580296516418 0.39333099126815796
vt 0.8515849709510803 0.5001559853553772
vt 0.8517389893531799 0.6267110109329224
vt 0.8519700169563293 0.5187159776687622
vt 0.852196991443634 0.7349050045013428
vt 0.8522400259971619 0.02567099966108799
vt 0.8522890210151672 0.8106979727745056
vt 0.8524709939956665 0.8352590203285217
vt 0.8528209924697876 0.9548979997634888
vt 0.8530150055885315 0.19075700640678406
vt 0.8530150055885315 0.20647400617599487
vt 0.8531180024147034 0.3363550007343292
vt 0.8531479835510254 0.41082099080085754
vt 0.8532469868659973 0.32299500703811646
vt 0.8535090088844299 0.6809729933738708
vt 0.8539350032806396 0.039882998913526535
vt 0.8541430234909058 0.4767859876155853
vt 0.8543210029602051 0.143995001912117
vt 0.8547400236129761 0.1058259978890419
vt 0.8548359870910645 0.1741960048675537
vt 0.854977011680603 0.3017610013484955
vt 0.8550469875335693 0.5135170221328735
vt 0.8551750183105469 0.6161550283432007
vt 0.8554199934005737 0.40004199743270874
vt 0.8554220199584961 0.9919250011444092
vt 0.8556830286979675 0.9725260138511658
vt 0.8557379841804504 0.8989779949188232
vt 0.8557379841804504 0.9432820081710815
vt 0.8558570146560669 0.4907419979572296
vt 0.856158971786499 0.8134300112724304
vt 0.856702983379364 0.8959010243415833
vt 0.8567289710044861 0.4484669864177704
vt 0.8567339777946472 0.7860170006752014
vt 0.8568059802055359 0.4143339991569519
vt 0.8570119738578796 0.0015379999531432986
vt 0.8570119738578796 0.06748799979686737
vt 0.8571910262107849 0.08222299814224243
vt 0.8572139739990234 0.37736600637435913
vt 0.8575090169906616 0.15127399563789368
vt 0.8577060103416443 0.2247290015220642
vt 0.8577560186386108 0.011932999826967716
vt 0.85801100730896 0.4082080125808716
vt 0.8580560088157654 0.6130790114402771
vt 0.8585739731788635 0.4842259883880615
vt 0.858610987663269 0.7672020196914673
vt 0.8587859869003296 0.8249059915542603
vt 0.858814001083374 0.9075779914855957
vt 0.858814001083374 0.9518210291862488
vt 0.8590549826622009 0.7345489859580994
vt 0.8590670228004456 0.5440430045127869
vt 0.859620988368988 0.6267110109329224
vt 0.8600630164146423 0.7562100291252136
vt 0.8602700233459473 0.23620200157165527
vt 0.8603659868240356 0.3106580078601837
vt 0.8603659868240356 0.39371201395988464
vt 0.8606889843940735 0.5898680090904236
vt 0.8611130118370056 0.24764899909496307
vt 0.861204981803894 0.9767739772796631
vt 0.8613759875297546 0.87049800157547
vt 0.8616560101509094 0.08912400156259537
vt 0.8616759777069092 0.6822620034217834
vt 0.8618559837341309 0.8310509920120239
vt 0.8618559837341309 0.8830739855766296
vt 0.8623239994049072 0.8104270100593567
vt 0.8626980185508728 0.6161550283432007
vt 0.8626980185508728 0.6253259778022766
vt 0.8630520105361938 0.770255982875824
vt 0.8634420037269592 0.3118009865283966
vt 0.8634750247001648 0.493818998336792
vt 0.8634750247001648 0.5252820253372192
vt 0.8635299801826477 0.1415729969739914
vt 0.8641470074653625 0.40860599279403687
vt 0.8641759753227234 0.8989779949188232
vt 0.8641890287399292 0.21610300242900848
vt 0.8641890287399292 0.2850109934806824
vt 0.8644850254058838 0.5448179841041565
vt 0.8645420074462891 0.2774839997291565
vt 0.864546000957489 0.009676000103354454
vt 0.8646240234375 0.9099100232124329
vt 0.8646240234375 0.9550349712371826
vt 0.8646240234375 0.9686049818992615
vt 0.8646240234375 0.9798510074615479
vt 0.8646240234375 0.9942409992218018
vt 0.864753007888794 0.630137026309967
vt 0.864753007888794 0.6444050073623657
vt 0.864753007888794 0.7151229977607727
vt 0.864753007888794 0.7295780181884766
vt 0.8649730086326599 0.7113839983940125
vt 0.8650230169296265 0.19528000056743622
vt 0.8654260039329529 0.7442420125007629
vt 0.8654260039329529 0.8262370228767395
vt 0.8658729791641235 0.16910000145435333
vt 0.8660290241241455 0.056768998503685
vt 0.8663010001182556 0.10674799978733063
vt 0.8669459819793701 0.34802401065826416
vt 0.8672239780426025 0.4046440124511719
vt 0.8672239780426025 0.5041559934616089
vt 0.8681849837303162 0.9910129904747009
vt 0.8683739900588989 0.5288689732551575
vt 0.8683739900588989 0.6023859977722168
vt 0.8685029745101929 0.748009979724884
vt 0.8685029745101929 0.8809859752655029
vt 0.8685029745101929 0.9445750117301941
vt 0.8685029745101929 0.9670640230178833
vt 0.8688259720802307 0.7345489859580994
vt 0.8692079782485962 0.3184260129928589
vt 0.8698329925537109 0.14408299326896667
vt 0.8699089884757996 0.20693500339984894
vt 0.8699960112571716 0.6237649917602539
vt 0.8703569769859314 0.21191999316215515
vt 0.8704180121421814 0.025306999683380127
vt 0.8708000183105469 0.04148000106215477
vt 0.8708069920539856 0.8129680156707764
vt 0.8709250092506409 0.10279899835586548
vt 0.8709560036659241 0.27770501375198364
vt 0.8712639808654785 0.9774280190467834
vt 0.8712819814682007 0.7589709758758545
vt 0.871392011642456 0.9028779864311218
vt 0.8714510202407837 0.5288689732551575
vt 0.8714510202407837 0.6130340099334717
vt 0.8715419769287109 0.22728699445724487
vt 0.87186199426651 0.6934260129928589
vt 0.872219979763031 0.49595800042152405
vt 0.8722360134124756 0.8463469743728638
vt 0.872875988483429 0.825302004814148
vt 0.8730729818344116 0.6161550283432007
vt 0.8731719851493835 0.38929399847984314
vt 0.8732630014419556 0.28551700711250305
vt 0.8741469979286194 0.47648799419403076
vt 0.8741649985313416 0.08608999848365784
vt 0.8746320009231567 0.3106580078601837
vt 0.8747289776802063 0.6547979712486267
vt 0.8747529983520508 0.24114400148391724
vt 0.8748319745063782 0.40004101395606995
vt 0.8757870197296143 0.6244969964027405
vt 0.8758659958839417 0.8908669948577881
vt 0.8760200142860413 0.1571439951658249
vt 0.8761429786682129 0.3372479975223541
vt 0.8762789964675903 0.26996099948883057
vt 0.8763999938964844 0.4145190119743347
vt 0.876662015914917 0.5499600172042847
vt 0.8766670227050781 0.22192299365997314
vt 0.8769810199737549 0.5152779817581177
vt 0.8773040175437927 0.7120460271835327
vt 0.877655029296875 0.7371219992637634
vt 0.8785139918327332 0.7275140285491943
vt 0.878911018371582 0.6318309903144836
vt 0.8789629936218262 0.07928299903869629
vt 0.8790969848632812 0.08608999848365784
vt 0.8790969848632812 0.14021800458431244
vt 0.8790969848632812 0.20678499341011047
vt 0.8792949914932251 0.9502900242805481
vt 0.8792949914932251 0.9708049893379211
vt 0.8792949914932251 0.9805049896240234
vt 0.8792949914932251 0.9921659827232361
vt 0.8792999982833862 0.010494999587535858
vt 0.8793579936027527 0.1166360005736351
vt 0.879580020904541 0.16447900235652924
vt 0.879584014415741 0.18219000101089478
vt 0.879601001739502 0.8648499846458435
vt 0.8798589706420898 0.5934140086174011
vt 0.8800879716873169 0.7608180046081543
vt 0.8804529905319214 0.3790520131587982
vt 0.8806290030479431 0.6161550283432007
vt 0.8809980154037476 0.321491003036499
vt 0.8812429904937744 0.8075799942016602
vt 0.8815780282020569 0.4820980131626129
vt 0.8815900087356567 0.7151229977607727
vt 0.8820549845695496 0.49709099531173706
vt 0.8823720216751099 0.9590539932250977
vt 0.882377028465271 0.0019389999797567725
vt 0.882377028465271 0.06939099729061127
vt 0.882377028465271 0.0743509978055954
vt 0.882377028465271 0.08222299814224243
vt 0.8824459910392761 0.6098080277442932
vt 0.8824830055236816 0.651075005531311
vt 0.8825709819793701 0.18736399710178375
vt 0.8834869861602783 0.557479977607727
vt 0.8837059736251831 0.6161550283432007
vt 0.8837059736251831 0.623848021030426
vt 0.8839200139045715 0.881072998046875
vt 0.8839390277862549 0.3340269923210144
vt 0.8846629858016968 0.035447001457214355
vt 0.8851310014724731 0.4569540023803711
vt 0.8851310014724731 0.4964030086994171
vt 0.8851310014724731 0.5137150287628174
vt 0.885574996471405 0.5718349814414978
vt 0.8855900168418884 0.902675986289978
vt 0.8855900168418884 0.9472129940986633
vt 0.8856250047683716 0.5212140083312988
vt 0.8856260180473328 0.899599015712738
vt 0.8859260082244873 0.7027450203895569
vt 0.8860009908676147 0.8222249746322632
vt 0.8861700296401978 0.49332600831985474
vt 0.8863109946250916 0.7301899790763855
vt 0.8863379955291748 0.04519300162792206
vt 0.8870180249214172 0.42103201150894165
vt 0.8870970010757446 0.957988977432251
vt 0.887266993522644 0.45372799038887024
vt 0.887362003326416 0.05721300095319748
vt 0.88755202293396 0.40004199743270874
vt 0.8875640034675598 0.2187419980764389
vt 0.8882550001144409 0.002268000040203333
vt 0.8885130286216736 0.2968200147151947
vt 0.8885300159454346 0.5475959777832031
vt 0.888562023639679 0.7493420243263245
vt 0.888562023639679 0.7696160078048706
vt 0.8889260292053223 0.31085699796676636
vt 0.8889260292053223 0.3950819969177246
vt 0.8889449834823608 0.01537800021469593
vt 0.8889690041542053 0.660286009311676
vt 0.8893569707870483 0.27193599939346313
vt 0.8897020220756531 0.9502900242805481
vt 0.8897020220756531 0.9820470213890076
vt 0.8901159763336182 0.07890500128269196
vt 0.8903099894523621 0.8277029991149902
vt 0.8903099894523621 0.8907089829444885
vt 0.8903650045394897 0.09805600345134735
vt 0.8907269835472107 0.7151229977607727
vt 0.8909000158309937 0.6461020112037659
vt 0.8912019729614258 0.6174769997596741
vt 0.891638994216919 0.7988330125808716
vt 0.8918759822845459 0.0015379999531432986
vt 0.8920029997825623 0.3570390045642853
vt 0.8921949863433838 0.13977299630641937
vt 0.8922989964485168 0.7667660117149353
vt 0.8923879861831665 0.5709149837493896
vt 0.8924329876899719 0.21487000584602356
vt 0.8924329876899719 0.30591699481010437
vt 0.8925129771232605 0.23088400065898895
vt 0.8931930065155029 0.08231800049543381
vt 0.8933489918708801 0.2917250096797943
vt 0.8933860063552856 0.8370460271835327
vt 0.8933860063552856 0.9072830080986023
vt 0.8933860063552856 0.9144949913024902
vt 0.8933860063552856 0.9618939757347107
vt 0.8933860063552856 0.9808409810066223
vt 0.8939759731292725 0.630137026309967
vt 0.8939759731292725 0.7246749997138977
vt 0.8939859867095947 0.34465500712394714
vt 0.8940640091896057 0.1446949988603592
vt 0.8945599794387817 0.17401599884033203
vt 0.8946359753608704 0.9520869851112366
vt 0.8947020173072815 0.0743509978055954
vt 0.8953570127487183 0.3665120005607605
vt 0.8954480290412903 0.19043999910354614
vt 0.8954480290412903 0.2081719934940338
vt 0.8954650163650513 0.5288689732551575
vt 0.8954650163650513 0.5978670120239258
vt 0.8954650163650513 0.6093869805335999
vt 0.8955039978027344 0.11610300093889236
vt 0.8956789970397949 0.5675320029258728
vt 0.8959119915962219 0.32350000739097595
vt 0.8962249755859375 0.7828919887542725
vt 0.8963189721107483 0.2310589998960495
vt 0.8971220254898071 0.29109999537467957
vt 0.8973609805107117 0.3520039916038513
vt 0.8976060152053833 0.8912349939346313
vt 0.8977029919624329 0.8478530049324036
vt 0.897741973400116 0.3395799994468689
vt 0.8978710174560547 0.9933599829673767
vt 0.8979809880256653 0.5225499868392944
vt 0.8981580138206482 0.03355899825692177
vt 0.898580014705658 0.12273599952459335
vt 0.898580014705658 0.16547200083732605
vt 0.898580014705658 0.2042050063610077
vt 0.8985909819602966 0.18560299277305603
vt 0.8986560106277466 0.17116700112819672
vt 0.898684024810791 0.05481699854135513
vt 0.8989310264587402 0.21191999316215515
vt 0.899101972579956 0.706824004650116
vt 0.8992030024528503 0.03642300143837929
vt 0.8994179964065552 0.32913199067115784
vt 0.899474024772644 0.08706499636173248
vt 0.8998270034790039 0.1472640037536621
vt 0.9000769853591919 0.43340200185775757
vt 0.9003840088844299 0.08231800049543381
vt 0.9006279706954956 0.6266940236091614
vt 0.9006900191307068 0.10888999700546265
vt 0.9009529948234558 0.7544639706611633
vt 0.9009780287742615 0.06567399948835373
vt 0.9011750221252441 0.5148059725761414
vt 0.9011840224266052 0.7345489859580994
vt 0.9011970162391663 0.9759870171546936
vt 0.9014639854431152 0.9180819988250732
vt 0.9022650122642517 0.9808409810066223
vt 0.9023839831352234 0.46146899461746216
vt 0.902417004108429 0.48400500416755676
vt 0.9024310111999512 0.825302004814148
vt 0.9027820229530334 0.40930598974227905
vt 0.9027820229530334 0.49159500002861023
vt 0.9031199812889099 0.7249619960784912
vt 0.9031310081481934 0.8511000275611877
vt 0.9031350016593933 0.34546300768852234
vt 0.9036610126495361 0.9668610095977783
vt 0.9038959741592407 0.06073300167918205
vt 0.9041839838027954 0.5612710118293762
vt 0.904604971408844 0.5432689785957336
vt 0.9046559929847717 0.8897370100021362
vt 0.904899001121521 0.9556930065155029
vt 0.904899001121521 0.9777640104293823
vt 0.9052879810333252 0.30679699778556824
vt 0.9055489897727966 0.3705509901046753
vt 0.9055719971656799 0.21776999533176422
vt 0.9058579802513123 0.40004199743270874
vt 0.9058579802513123 0.41603800654411316
vt 0.9058579802513123 0.5157089829444885
vt 0.9059020280838013 0.9065510034561157
vt 0.9062010049819946 0.6431400179862976
vt 0.9065229892730713 0.3950819969177246
vt 0.9065449833869934 0.3565729856491089
vt 0.9069719910621643 0.0015379999531432986
vt 0.9069719910621643 0.08052899688482285
vt 0.9071170091629028 0.6093869805335999
vt 0.9071570038795471 0.48863300681114197
vt 0.9073410034179688 0.15778300166130066
vt 0.9083139896392822 0.9714319705963135
vt 0.9083139896392822 0.990028977394104
vt 0.9083330035209656 0.5944439768791199
vt 0.908407986164093 0.6063100099563599
vt 0.9086490273475647 0.25425899028778076
vt 0.9086679816246033 0.7061790227890015
vt 0.9086779952049255 0.817808985710144
vt 0.9090819954872131 0.4847959876060486
vt 0.9091219902038574 0.2219180017709732
vt 0.9094110131263733 0.9103599786758423
vt 0.9094110131263733 0.9526159763336182
vt 0.9098110198974609 0.02239600010216236
vt 0.9098129868507385 0.5037440061569214
vt 0.9098340272903442 0.7352610230445862
vt 0.9098340272903442 0.8131179809570312
vt 0.9098849892616272 0.46234598755836487
vt 0.9101939797401428 0.6132559776306152
vt 0.9103379845619202 0.11027400195598602
vt 0.910556972026825 0.28053298592567444
vt 0.9107940196990967 0.8395919799804688
vt 0.9109320044517517 0.33398398756980896
vt 0.9109320044517517 0.3705520033836365
vt 0.9115239977836609 0.8887280225753784
vt 0.9116299748420715 0.8501549959182739
vt 0.9117270112037659 0.17027699947357178
vt 0.9117439985275269 0.6570540070533752
vt 0.9117439985275269 0.729278028011322
vt 0.9120569825172424 0.1671999990940094
vt 0.9122750163078308 0.5710740089416504
vt 0.9123960137367249 0.625980019569397
vt 0.9124050140380859 0.6377050280570984
vt 0.9129109978675842 0.7909380197525024
vt 0.9129109978675842 0.8214380145072937
vt 0.9129499793052673 0.7345489859580994
vt 0.9130690097808838 0.48787298798561096
vt 0.9130690097808838 0.5252050161361694
vt 0.9136689901351929 0.5375990271568298
vt 0.9139050245285034 0.0740870013833046
vt 0.9140080213546753 0.38682499527931213
vt 0.9140869975090027 0.08608999848365784
vt 0.9142040014266968 0.09954400360584259
vt 0.9147070050239563 0.8330489993095398
vt 0.9147070050239563 0.9378319978713989
vt 0.9147070050239563 0.9654070138931274
vt 0.9148240089416504 0.18454499542713165
vt 0.9148240089416504 0.20392100512981415
vt 0.9157770276069641 0.16421499848365784
vt 0.9157770276069641 0.9054039716720581
vt 0.9160990118980408 0.31302499771118164
vt 0.9161229729652405 0.3494189977645874
vt 0.9161329865455627 0.019836999475955963
vt 0.9161419868469238 0.9532960057258606
vt 0.9162449836730957 0.893127977848053
vt 0.9163709878921509 0.9818900227546692
vt 0.9167450070381165 0.5403479933738708
vt 0.917048990726471 0.6043540239334106
vt 0.9173179864883423 0.649433970451355
vt 0.9173809885978699 0.4994629919528961
vt 0.9174039959907532 0.5726339817047119
vt 0.9180030226707458 0.8784419894218445
vt 0.9180439710617065 0.2682430148124695
vt 0.918383002281189 0.8138499855995178
vt 0.9183899760246277 0.7975770235061646
vt 0.9188539981842041 0.08608999848365784
vt 0.9188539981842041 0.15312699973583221
vt 0.9189770221710205 0.630137026309967
vt 0.9190269708633423 0.11251600086688995
vt 0.9191200137138367 0.46226799488067627
vt 0.9191269874572754 0.4530490040779114
vt 0.9193220138549805 0.7521640062332153
vt 0.9193260073661804 0.025668000802397728
vt 0.9194470047950745 0.9890459775924683
vt 0.9194740056991577 0.0706079974770546
vt 0.9197390079498291 0.41609901189804077
vt 0.9201750159263611 0.625980019569397
vt 0.9201840162277222 0.14372800290584564
vt 0.9201949834823608 0.4844740033149719
vt 0.9206259846687317 0.7174019813537598
vt 0.9206820130348206 0.12941700220108032
vt 0.9217510223388672 0.3907819986343384
vt 0.9218170046806335 0.29974299669265747
vt 0.9219059944152832 0.40570101141929626
vt 0.9221609830856323 0.19183899462223053
vt 0.9221699833869934 0.6093869805335999
vt 0.9223009943962097 0.2071390002965927
vt 0.9223020076751709 0.32395800948143005
vt 0.9224500060081482 0.665461003780365
vt 0.9228029847145081 0.6063100099563599
vt 0.9229450225830078 0.5954679846763611
vt 0.923026978969574 0.3494040071964264
vt 0.9232469797134399 0.2271769940853119
vt 0.9232689738273621 0.9714319705963135
vt 0.9232940077781677 0.027636000886559486
vt 0.9234349727630615 0.28622201085090637
vt 0.9237840175628662 0.5409839749336243
vt 0.9237849712371826 0.5146980285644531
vt 0.9239630103111267 0.21191999316215515
vt 0.9239630103111267 0.26315999031066895
vt 0.9241510033607483 0.49286898970603943
vt 0.9241510033607483 0.5662379860877991
vt 0.9247310161590576 0.3057360053062439
vt 0.9247310161590576 0.3950819969177246
vt 0.9249579906463623 0.14680500328540802
vt 0.9249820113182068 0.41105398535728455
vt 0.9249820113182068 0.4622330069541931
vt 0.9249820113182068 0.4879400134086609
vt 0.9255269765853882 0.630137026309967
vt 0.9255269765853882 0.6753739714622498
vt 0.9255269765853882 0.704567015171051
vt 0.9257919788360596 0.16165600717067719
vt 0.9263700246810913 0.042847998440265656
vt 0.9263700246810913 0.057130999863147736
vt 0.92638099193573 0.45915600657463074
vt 0.926476001739502 0.6412910223007202
vt 0.9270399808883667 0.21191999316215515
vt 0.9270399808883667 0.2703140079975128
vt 0.9270399808883667 0.2928580045700073
vt 0.9270719885826111 0.8396379947662354
vt 0.9272270202636719 0.49286898970603943
vt 0.9272270202636719 0.5461810231208801
vt 0.9272270202636719 0.5507929921150208
vt 0.9272270202636719 0.6171839833259583
vt 0.9272850155830383 0.7542790174484253
vt 0.927495002746582 0.533810019493103
vt 0.9275590181350708 0.7940149903297424
vt 0.9275590181350708 0.8189659714698792
vt 0.9278069734573364 0.3058539927005768
vt 0.9278069734573364 0.3583430051803589
vt 0.9278069734573364 0.37813299894332886
vt 0.9278860092163086 0.23064899444580078
vt 0.9281759858131409 0.7286859750747681
vt 0.9283000230789185 0.25789499282836914
vt 0.9284049868583679 0.9423149824142456
vt 0.9284049868583679 0.9683550000190735
vt 0.9284049868583679 0.9890459775924683
vt 0.9284629821777344 0.27799901366233826
vt 0.9297950267791748 0.7441139817237854
vt 0.9298890233039856 0.6940000057220459
vt 0.9299399852752686 0.1954910010099411
vt 0.9305170178413391 0.0025730000343173742
vt 0.9312049746513367 0.6868569850921631
vt 0.9313039779663086 0.5619890093803406
vt 0.9313200116157532 0.1296059936285019
vt 0.9313799738883972 0.825302004814148
vt 0.9313799738883972 0.8859990239143372
vt 0.9315009713172913 0.07647699862718582
vt 0.9315729737281799 0.39553898572921753
vt 0.9319779872894287 0.7199770212173462
vt 0.9320260286331177 0.7909380197525024
vt 0.9320380091667175 0.6758869886398315
vt 0.9321209788322449 0.6256269812583923
vt 0.9321569800376892 0.9013469815254211
vt 0.9324889779090881 0.05284300073981285
vt 0.9327250123023987 0.8890759944915771
vt 0.9327250123023987 0.9392380118370056
vt 0.9330620169639587 0.3552660048007965
vt 0.933601975440979 0.2389809936285019
vt 0.9336439967155457 0.259333997964859
vt 0.9336850047111511 0.6196269989013672
vt 0.9337729811668396 0.7036399841308594
vt 0.9341380000114441 0.4431619942188263
vt 0.9341620206832886 0.12504899501800537
vt 0.9341880083084106 0.15126700699329376
vt 0.9341880083084106 0.2040500044822693
vt 0.9344559907913208 0.83126300573349
vt 0.9344969987869263 0.41172000765800476
vt 0.9346590042114258 0.501334011554718
vt 0.9351029992103577 0.7978159785270691
vt 0.9351029992103577 0.8151270151138306
vt 0.9351829886436462 0.08608999848365784
vt 0.9353939890861511 0.5934680104255676
vt 0.9358019828796387 0.8890759944915771
vt 0.9358019828796387 0.9151149988174438
vt 0.9358019828796387 0.9572579860687256
vt 0.9358019828796387 0.9905440211296082
vt 0.9360139966011047 0.462660014629364
vt 0.9368569850921631 0.6334199905395508
vt 0.9369670152664185 0.7345489859580994
vt 0.9369919896125793 0.3093630075454712
vt 0.937034010887146 0.37215501070022583
vt 0.9372649788856506 0.15958799421787262
vt 0.9375240206718445 0.21360500156879425
vt 0.938260018825531 0.13749200105667114
vt 0.9390659928321838 0.037647001445293427
vt 0.9392349720001221 0.5339840054512024
vt 0.9393600225448608 0.14680500328540802
vt 0.9395710229873657 0.8836349844932556
vt 0.9398660063743591 0.0769679993391037
vt 0.9399470090866089 0.669297993183136
vt 0.9400169849395752 0.08836399763822556
vt 0.940159022808075 0.4761419892311096
vt 0.9404439926147461 0.40004199743270874
vt 0.9404439926147461 0.45075199007987976
vt 0.9405739903450012 0.2622990012168884
vt 0.9406489729881287 0.695701003074646
vt 0.9408649802207947 0.273389995098114
vt 0.9408649802207947 0.29607099294662476
vt 0.9409300088882446 0.5979700088500977
vt 0.9409300088882446 0.6231650114059448
vt 0.9410229921340942 0.057130999863147736
vt 0.9412660002708435 0.2031320035457611
vt 0.941565990447998 0.29974299669265747
vt 0.941565990447998 0.3430599868297577
vt 0.9417290091514587 0.03772500157356262
vt 0.9417669773101807 0.0015379999531432986
vt 0.9417669773101807 0.05405399948358536
vt 0.941893994808197 0.5012239813804626
vt 0.9423320293426514 0.5609470009803772
vt 0.9430239796638489 0.6722149848937988
vt 0.9430239796638489 0.6864179968833923
vt 0.9432359933853149 0.47943899035453796
vt 0.9434260129928589 0.8002570271492004
vt 0.9435210227966309 0.40004199743270874
vt 0.9435210227966309 0.45899900794029236
vt 0.943651020526886 0.22106300294399261
vt 0.943651020526886 0.2596000134944916
vt 0.944100022315979 0.06154000014066696
vt 0.9441080093383789 0.27274399995803833
vt 0.9441080093383789 0.29665398597717285
vt 0.9444239735603333 0.6899330019950867
vt 0.9444239735603333 0.7260069847106934
vt 0.9444320201873779 0.5492579936981201
vt 0.9444320201873779 0.5948929786682129
vt 0.9446420073509216 0.34665998816490173
vt 0.9447730183601379 0.39130300283432007
vt 0.9448440074920654 0.0015379999531432986
vt 0.9448440074920654 0.05823099985718727
vt 0.9449710249900818 0.5367739796638489
vt 0.9450749754905701 0.9759489893913269
vt 0.9461460113525391 0.37237900495529175
vt 0.9463279843330383 0.9905440211296082
vt 0.9463440179824829 0.825302004814148
vt 0.9463440179824829 0.8830999732017517
vt 0.9463880062103271 0.49081501364707947
vt 0.9465029835700989 0.7364889979362488
vt 0.946727991104126 0.6052230000495911
vt 0.946727991104126 0.6269599795341492
vt 0.9472470283508301 0.21191999316215515
vt 0.9472969770431519 0.048528000712394714
vt 0.947297990322113 0.02355000004172325
vt 0.947501003742218 0.6899330019950867
vt 0.947501003742218 0.7271190285682678
vt 0.9475089907646179 0.5558590292930603
vt 0.9480080008506775 0.9413579702377319
vt 0.9480779767036438 0.9444350004196167
vt 0.9480779767036438 0.9728720188140869
vt 0.9483609795570374 0.437406986951828
vt 0.9483709931373596 0.08038700371980667
vt 0.9483709931373596 0.14372800290584564
vt 0.949222981929779 0.38185200095176697
vt 0.949258029460907 0.9039499759674072
vt 0.9493160247802734 0.15881800651550293
vt 0.9493160247802734 0.17297199368476868
vt 0.9494209885597229 0.8101530075073242
vt 0.9494209885597229 0.8351719975471497
vt 0.9495310187339783 0.24230700731277466
vt 0.9504209756851196 0.6682500243186951
vt 0.9510480165481567 0.8799449801445007
vt 0.9514309763908386 0.630137026309967
vt 0.9514480233192444 0.11104899644851685
vt 0.9516159892082214 0.8254309892654419
vt 0.9519850015640259 0.0769679993391037
vt 0.952335000038147 0.892117977142334
vt 0.952335000038147 0.9424870014190674
vt 0.952335000038147 0.9729949831962585
vt 0.952335000038147 0.985958993434906
vt 0.9523919820785522 0.19735099375247955
vt 0.9528589844703674 0.555787980556488
vt 0.9529359936714172 0.5770459771156311
vt 0.9529520273208618 0.35858801007270813
vt 0.9533320069313049 0.29974299669265747
vt 0.9538800120353699 0.4622330069541931
vt 0.9538800120353699 0.4867100119590759
vt 0.9539819955825806 0.26966699957847595
vt 0.9541749954223633 0.023374000564217567
vt 0.9542980194091797 0.437716007232666
vt 0.9543259739875793 0.9375500082969666
vt 0.9543650150299072 0.7254160046577454
vt 0.9544379711151123 0.9665240049362183
vt 0.9545450210571289 0.6797339916229248
vt 0.9545950293540955 0.22344699501991272
vt 0.9545950293540955 0.2789829969406128
vt 0.9547910094261169 0.08835899829864502
vt 0.9550690054893494 0.06154000014066696
vt 0.9557710289955139 0.04991399869322777
vt 0.9561520218849182 0.5287060141563416
vt 0.9561520218849182 0.5461810231208801
vt 0.9564639925956726 0.13547100126743317
vt 0.956794023513794 0.7345489859580994
vt 0.956794023513794 0.7929390072822571
vt 0.9571359753608704 0.3963330090045929
vt 0.9571549892425537 0.3167240023612976
vt 0.9571549892425537 0.35107898712158203
vt 0.9573619961738586 0.08038700371980667
vt 0.9573739767074585 0.40004199743270874
vt 0.9573739767074585 0.4454460144042969
vt 0.9573739767074585 0.44852301478385925
vt 0.9573739767074585 0.47157400846481323
vt 0.9574139714241028 0.9142389893531799
vt 0.9576209783554077 0.6409680247306824
vt 0.9576209783554077 0.6831550002098083
vt 0.9576209783554077 0.7256489992141724
vt 0.9576709866523743 0.2624189853668213
vt 0.9576719999313354 0.21191999316215515
vt 0.958154022693634 0.6021460294723511
vt 0.958594024181366 0.8482069969177246
vt 0.9587399959564209 0.5492579936981201
vt 0.9587399959564209 0.57607501745224
vt 0.9587399959564209 0.6221160292625427
vt 0.9588479995727539 0.0015379999531432986
vt 0.9588479995727539 0.042879000306129456
vt 0.9588479995727539 0.055629000067710876
vt 0.9592289924621582 0.49081501364707947
vt 0.9592289924621582 0.5358589887619019
vt 0.9598609805107117 0.825302004814148
vt 0.9598609805107117 0.8779680132865906
vt 0.9598709940910339 0.7648789882659912
vt 0.9598709940910339 0.7941529750823975
vt 0.9599149823188782 0.630137026309967
vt 0.9602320194244385 0.3034369945526123
vt 0.9605399966239929 0.2535549998283386
vt 0.9612650275230408 0.3583430051803589
vt 0.9612650275230408 0.3966650068759918
vt 0.9613239765167236 0.2847529947757721
vt 0.9615579843521118 0.0944259986281395
vt 0.9615579843521118 0.12159799784421921
vt 0.9618160128593445 0.618058979511261
vt 0.9618170261383057 0.5492579936981201
vt 0.9618170261383057 0.5925040245056152
vt 0.962253987789154 0.9196950197219849
vt 0.9623929858207703 0.9026169776916504
vt 0.9626870155334473 0.4877279996871948
vt 0.9628180265426636 0.14680500328540802
vt 0.9628180265426636 0.19780899584293365
vt 0.9629380106925964 0.8339639902114868
vt 0.9632200002670288 0.008855000138282776
vt 0.9635419845581055 0.8890759944915771
vt 0.9635419845581055 0.9391689896583557
vt 0.9638820290565491 0.825302004814148
vt 0.9639769792556763 0.3532769978046417
vt 0.9640859961509705 0.4918709993362427
vt 0.9643419981002808 0.3583430051803589
vt 0.9643419981002808 0.39068499207496643
vt 0.9644140005111694 0.7345489859580994
vt 0.9644960165023804 0.9791100025177002
vt 0.9645140171051025 0.6359040141105652
vt 0.9646350145339966 0.08038700371980667
vt 0.9646350145339966 0.12411899864673615
vt 0.9646350145339966 0.13429200649261475
vt 0.9646350145339966 0.1436389982700348
vt 0.9650610089302063 0.8043699860572815
vt 0.9650610089302063 0.8222249746322632
vt 0.9651640057563782 0.9422450065612793
vt 0.9651640057563782 0.9699180126190186
vt 0.96526700258255 0.2593420147895813
vt 0.9654229879379272 0.47466498613357544
vt 0.9657649993896484 0.3756310045719147
vt 0.9658939838409424 0.17193500697612762
vt 0.9658939838409424 0.2064179927110672
vt 0.9660739898681641 0.7952380180358887
vt 0.9660999774932861 0.6481940150260925
vt 0.9664270281791687 0.595894992351532
vt 0.9664859771728516 0.766851007938385
vt 0.966605007648468 0.04843499884009361
vt 0.9666190147399902 0.9334959983825684
vt 0.9667289853096008 0.4409259855747223
vt 0.9669110178947449 0.45238199830055237
vt 0.967024028301239 0.8891879916191101
vt 0.967278003692627 0.21191999316215515
vt 0.9674689769744873 0.29974299669265747
vt 0.9674689769744873 0.32378798723220825
vt 0.9676039814949036 0.14680500328540802
vt 0.9679459929466248 0.6862310171127319
vt 0.9679459929466248 0.7308449745178223
vt 0.9682400226593018 0.956725001335144
vt 0.9682400226593018 0.9898059964179993
vt 0.9682899713516235 0.40480899810791016
vt 0.9684960246086121 0.011590000241994858
vt 0.9691770076751709 0.6313160061836243
vt 0.9692819714546204 0.5358440279960632
vt 0.9695630073547363 0.7345489859580994
vt 0.9695630073547363 0.7633709907531738
vt 0.9695630073547363 0.7878400087356567
vt 0.9695630073547363 0.8183789849281311
vt 0.9699879884719849 0.44852301478385925
vt 0.9699879884719849 0.47058698534965515
vt 0.9700459837913513 0.6715909838676453
vt 0.9701700210571289 0.592818021774292
vt 0.9702079892158508 0.12719599902629852
vt 0.9702280163764954 0.48478400707244873
vt 0.9703549742698669 0.21191999316215515
vt 0.9703549742698669 0.25805899500846863
vt 0.9705449938774109 0.3072119951248169
vt 0.9705449938774109 0.3339560031890869
vt 0.9705449938774109 0.3527359962463379
vt 0.9706360101699829 0.833728015422821
vt 0.9708799719810486 0.26593101024627686
vt 0.9708799719810486 0.28929901123046875
vt 0.970907986164093 0.9468340277671814
vt 0.9709609746932983 0.9750679731369019
vt 0.9710230231285095 0.7190939784049988
vt 0.9710530042648315 0.8300480246543884
vt 0.9710530042648315 0.8727859854698181
vt 0.9711650013923645 0.5532159805297852
vt 0.9713659882545471 0.05151199921965599
vt 0.9713659882545471 0.0732090026140213
vt 0.9713670015335083 0.40004199743270874
vt 0.9713670015335083 0.44084298610687256
vt 0.9715719819068909 0.03208500146865845
vt 0.9717130064964294 0.7813289761543274
vt 0.9721469879150391 0.6087549924850464
vt 0.9721469879150391 0.6251770257949829
vt 0.9723590016365051 0.5165600180625916
vt 0.9723590016365051 0.5393139719963074
vt 0.9730240106582642 0.13799500465393066
vt 0.9735379815101624 0.11720100045204163
vt 0.9735569953918457 0.16078099608421326
vt 0.9739570021629333 0.2624189853668213
vt 0.9739570021629333 0.2808470129966736
vt 0.9741100072860718 0.19437800347805023
vt 0.9741100072860718 0.20845699310302734
vt 0.9741299748420715 0.8263930082321167
vt 0.9741299748420715 0.8719750046730042
vt 0.9742419719696045 0.5580490231513977
vt 0.9744110107421875 0.16974900662899017
vt 0.9744110107421875 0.19130200147628784
vt 0.9744420051574707 0.048197001218795776
vt 0.9744439721107483 0.8890759944915771
vt 0.9744439721107483 0.9350500106811523
vt 0.9746739864349365 0.8455979824066162
vt 0.974727988243103 0.7646459937095642
vt 0.9748150110244751 0.38467898964881897
vt 0.9748370051383972 0.31617701053619385
vt 0.9752240180969238 0.6084870100021362
vt 0.9752269983291626 0.0015379999531432986
vt 0.9753689765930176 0.8629209995269775
vt 0.9755120277404785 0.73574298620224
vt 0.9758599996566772 0.8853009939193726
vt 0.976190984249115 0.255842000246048
vt 0.9766139984130859 0.08038700371980667
vt 0.9766139984130859 0.11756499856710434
vt 0.9766139984130859 0.12064199894666672
vt 0.9766139984130859 0.1422010064125061
vt 0.9769089818000793 0.06641499698162079
vt 0.9773759841918945 0.630137026309967
vt 0.9773759841918945 0.6734830141067505
vt 0.9774090051651001 0.40473100543022156
vt 0.9774870276451111 0.14680500328540802
vt 0.9774870276451111 0.18466199934482574
vt 0.9774870276451111 0.18773800134658813
vt 0.9774870276451111 0.2087949961423874
vt 0.9775210022926331 0.8890759944915771
vt 0.9775210022926331 0.9154409766197205
vt 0.9775210022926331 0.9318079948425293
vt 0.9776149988174438 0.9781450033187866
vt 0.9776149988174438 0.9933680295944214
vt 0.9777029752731323 0.9616699814796448
vt 0.9777839779853821 0.7844060063362122
vt 0.9778090119361877 0.4551219940185547
vt 0.9778760075569153 0.2944389879703522
vt 0.9778919816017151 0.3879539966583252
vt 0.978223979473114 0.9422450065612793
vt 0.978223979473114 0.9749109745025635
vt 0.9782559871673584 0.8154109716415405
vt 0.9784910082817078 0.3307360112667084
vt 0.9785889983177185 0.7345489859580994
vt 0.9785889983177185 0.758696973323822
vt 0.9785889983177185 0.7617740035057068
vt 0.9785889983177185 0.781283974647522
vt 0.9786909818649292 0.4942609965801239
vt 0.978983998298645 0.6862310171127319
vt 0.978983998298645 0.7201039791107178
vt 0.9792670011520386 0.21191999316215515
vt 0.9792670011520386 0.2437649965286255
vt 0.9792670011520386 0.24684199690818787
vt 0.9798460006713867 0.29974299669265747
vt 0.9798460006713867 0.3117870092391968
vt 0.9800559878349304 0.03208500146865845
vt 0.9803900122642517 0.5038490295410156
vt 0.9804329872131348 0.825302004814148
vt 0.9804329872131348 0.844730019569397
vt 0.9804520010948181 0.6478829979896545
vt 0.9804520010948181 0.6703969836235046
vt 0.9804859757423401 0.40004199743270874
vt 0.9804859757423401 0.4249820113182068
vt 0.9804859757423401 0.42805901169776917
vt 0.9804859757423401 0.44537100195884705
vt 0.9808859825134277 0.4549829959869385
vt 0.980974018573761 0.5492579936981201
vt 0.980974018573761 0.585053026676178
vt 0.9810770153999329 0.49081501364707947
vt 0.9810770153999329 0.5203210115432739
vt 0.9813010096549988 0.9578220248222351
vt 0.9813010096549988 0.9668700098991394
vt 0.9813010096549988 0.9699469804763794
vt 0.9813010096549988 0.9894139766693115
vt 0.9813330173492432 0.7844060063362122
vt 0.9813330173492432 0.8089630007743835
vt 0.9818210005760193 0.35172000527381897
vt 0.9818249940872192 0.2686440050601959
vt 0.9820610284805298 0.7122250199317932
vt 0.9820610284805298 0.7184129953384399
vt 0.9820610284805298 0.7305409908294678
vt 0.9821400046348572 0.5233970284461975
vt 0.9821400046348572 0.5460879802703857
vt 0.9822139739990234 0.2540050148963928
vt 0.9822710156440735 0.14969800412654877
vt 0.9824110269546509 0.33381301164627075
vt 0.9825739860534668 0.11075499653816223
vt 0.9829059839248657 0.1769140064716339
vt 0.9829229712486267 0.29974299669265747
vt 0.9829229712486267 0.32239800691604614
vt 0.9830160140991211 0.04390300065279007
vt 0.9830160140991211 0.0732090026140213
vt 0.9831330180168152 0.003531999886035919
vt 0.9831330180168152 0.030213000252842903
vt 0.9832879900932312 0.025668999180197716
vt 0.9835100173950195 0.8302220106124878
vt 0.9835630059242249 0.595894992351532
vt 0.9835630059242249 0.623091995716095
vt 0.984050989151001 0.5548710227012634
vt 0.984050989151001 0.5773109793663025
vt 0.9841539859771729 0.49081501364707947
vt 0.9841539859771729 0.513617992401123
vt 0.9844930171966553 0.3583430051803589
vt 0.9844930171966553 0.38987401127815247
vt 0.9845229983329773 0.8659970164299011
vt 0.9845229983329773 0.8859410285949707
vt 0.984902024269104 0.27316001057624817
vt 0.9852169752120972 0.5233970284461975
vt 0.9852169752120972 0.543832004070282
vt 0.9852889776229858 0.23967300355434418
vt 0.9854879975318909 0.32874900102615356
vt 0.9854879975318909 0.3527359962463379
vt 0.9856070280075073 0.9422450065612793
vt 0.9856500029563904 0.09445499628782272
vt 0.9856500029563904 0.10465099662542343
vt 0.9859830141067505 0.16523799300193787
vt 0.9859830141067505 0.1719370037317276
vt 0.9859880208969116 0.12252599745988846
vt 0.9860079884529114 0.8917880058288574
vt 0.9860929846763611 0.04390300065279007
vt 0.9860929846763611 0.06033900007605553
vt 0.9860929846763611 0.06415099650621414
vt 0.9860929846763611 0.07602900266647339
vt 0.9862430095672607 0.2083590030670166
vt 0.9866160154342651 0.918516993522644
vt 0.9866160154342651 0.9384880065917969
vt 0.9866399765014648 0.595894992351532
vt 0.9866399765014648 0.616873025894165
vt 0.9867590069770813 0.5665680170059204
vt 0.9869419932365417 0.44852301478385925
vt 0.9869419932365417 0.47794198989868164
vt 0.9871339797973633 0.780800998210907
vt 0.9875699877738953 0.37134501338005066
vt 0.9875699877738953 0.39340800046920776
vt 0.9875990152359009 0.8728979825973511
vt 0.9877210259437561 0.7423629760742188
vt 0.9878770112991333 0.08155900239944458
vt 0.9880380034446716 0.6862310171127319
vt 0.9880380034446716 0.7153360247612
vt 0.9881070256233215 0.630137026309967
vt 0.9881070256233215 0.6566089987754822
vt 0.9881659746170044 0.6596860289573669
vt 0.9881659746170044 0.6823109984397888
vt 0.9883649945259094 0.2238049954175949
vt 0.9884200096130371 0.561424970626831
vt 0.9886059761047363 0.4133400022983551
vt 0.9886760115623474 0.43920499086380005
vt 0.9888370037078857 0.25932401418685913
vt 0.9888799786567688 0.8041300177574158
vt 0.9888830184936523 0.9640809893608093
vt 0.9889529943466187 0.18452100455760956
vt 0.9890649914741516 0.13679100573062897
vt 0.989084005355835 0.9042410254478455
vt 0.9893199801445007 0.19552600383758545
vt 0.9893609881401062 0.9769290089607239
vt 0.9895409941673279 0.825302004814148
vt 0.9895409941673279 0.8511459827423096
vt 0.989611029624939 0.3824000060558319
vt 0.9896929860115051 0.918516993522644
vt 0.9896929860115051 0.9378650188446045
vt 0.98990398645401 0.0015379999531432986
vt 0.98990398645401 0.0075969998724758625
vt 0.9900180101394653 0.45886701345443726
vt 0.9900180101394653 0.4754590094089508
vt 0.9900180101394653 0.48621299862861633
vt 0.990211009979248 0.7711480259895325
vt 0.9904059767723083 0.028745999559760094
vt 0.9904059767723083 0.03984899818897247
vt 0.9905189871788025 0.5492579936981201
vt 0.9905189871788025 0.5736910104751587
vt 0.9906209707260132 0.3089370131492615
vt 0.9907569885253906 0.24684199690818787
vt 0.9907969832420349 0.7345489859580994
vt 0.9907969832420349 0.7542819976806641
vt 0.9910899996757507 0.5085690021514893
vt 0.9911149740219116 0.6946640014648438
vt 0.9911829829216003 0.630137026309967
vt 0.9911829829216003 0.6489490270614624
vt 0.9912049770355225 0.3348729908466339
vt 0.9912430047988892 0.6765509843826294
vt 0.9913269877433777 0.7243649959564209
vt 0.9916830062866211 0.40004199743270874
vt 0.9916830062866211 0.41609999537467957
vt 0.9917529821395874 0.44123199582099915
vt 0.9917709827423096 0.2624189853668213
vt 0.9917709827423096 0.28472501039505005
vt 0.9919570088386536 0.7844060063362122
vt 0.9919570088386536 0.7995849847793579
vt 0.9919570088386536 0.8026620149612427
vt 0.9919570088386536 0.8190230131149292
vt 0.9919599890708923 0.9502339959144592
vt 0.9919660091400146 0.14680500328540802
vt 0.9919660091400146 0.16886000335216522
vt 0.9923089742660522 0.5284680128097534
vt 0.9924370050430298 0.9855999946594238
vt 0.9924409985542297 0.08038700371980667
vt 0.9924409985542297 0.1012289971113205
vt 0.9926170110702515 0.838433027267456
vt 0.9926180243492126 0.8499429821968079
vt 0.9926919937133789 0.6013280153274536
vt 0.9928179979324341 0.06432099640369415
vt 0.9929749965667725 0.06107399985194206
vt 0.9929800033569336 0.015977999195456505
vt 0.9934830069541931 0.02493100054562092
vt 0.9934830069541931 0.03984899818897247
vt 0.9934939742088318 0.5767679810523987
vt 0.9934939742088318 0.5914469957351685
vt 0.9935960173606873 0.5631139874458313
vt 0.993698000907898 0.30608099699020386
vt 0.9937909841537476 0.1719370037317276
vt 0.9938330054283142 0.2523519992828369
vt 0.9938799738883972 0.9699469804763794
vt 0.9939320087432861 0.10430599749088287
vt 0.9939320087432861 0.11714000254869461
vt 0.9940940141677856 0.056651998311281204
vt 0.9941669702529907 0.49081501364707947
vt 0.9941669702529907 0.5061759948730469
vt 0.9941999912261963 0.7453619837760925
vt 0.9943529963493347 0.483271986246109
vt 0.9944239854812622 0.44852301478385925
vt 0.9944239854812622 0.4723820090293884
vt 0.9944379925727844 0.8659970164299011
vt 0.9944379925727844 0.8846669793128967
vt 0.9947050213813782 0.18760499358177185
vt 0.9947050213813782 0.2087949961423874
vt 0.9948260188102722 0.3583430051803589
vt 0.9948260188102722 0.37621599435806274
vt 0.9948570132255554 0.8890759944915771
vt 0.9948570132255554 0.9093869924545288
vt 0.9951090216636658 0.3792929947376251
vt 0.9951090216636658 0.3948870003223419
vt 0.9953650236129761 0.12064199894666672
vt 0.9953650236129761 0.1399870067834854
vt 0.9954130053520203 0.21191999316215515
vt 0.9954130053520203 0.22970299422740936
vt 0.995693027973175 0.9225890040397644
vt 0.9956979751586914 0.6596860289573669
vt 0.9956979751586914 0.680387020111084
vt 0.9959369897842407 0.7617740035057068
vt 0.9959369897842407 0.7802479863166809
vt 0.9960330128669739 0.7528430223464966
vt 0.9963060021400452 0.631837010383606
vt 0.9963899850845337 0.4274339973926544
vt 0.9963899850845337 0.44537100195884705
vt 0.9963909983634949 0.4046590030193329
vt 0.9967949986457825 0.0015379999531432986
vt 0.9967949986457825 0.019206000491976738
vt 0.9969379901885986 0.5492579936981201
vt 0.9969379901885986 0.5673270225524902
vt 0.9970260262489319 0.9422450065612793
vt 0.9970260262489319 0.9587270021438599
vt 0.9971029758453369 0.8072860240936279
vt 0.9972900152206421 0.4156149923801422
vt 0.9974259734153748 0.6862310171127319
vt 0.9974259734153748 0.702705979347229
vt 0.9975500106811523 0.8435530066490173
vt 0.9975500106811523 0.858614981174469
vt 0.9975900053977966 0.5009840130805969
vt 0.9976059794425964 0.825302004814148
vt 0.9976059794425964 0.8404769897460938
vt 0.997635006904602 0.9855999946594238
vt 0.9976440072059631 0.29974299669265747
vt 0.9976440072059631 0.31537899374961853
vt 0.997747004032135 0.7886379957199097
vt 0.9978240132331848 0.029941000044345856
vt 0.998071014881134 0.24540500342845917
vt 0.998071014881134 0.25932401418685913
vn -0.9991000294685364 -0.04050000011920929 0.012500000186264515
vn -0.9976999759674072 0.06449999660253525 0.02199999988079071
vn -0.9973999857902527 0.07209999859333038 0.00419999985024333
vn -0.9965000152587891 0.04270000010728836 0.0723000019788742
vn -0.9958000183105469 0.04619999974966049 -0.07880000025033951
vn -0.9948999881744385 0.1005999967455864 0.0003000000142492354
vn -0.9944000244140625 -0.09300000220537186 0.05009999871253967
vn -0.9939000010490417 0.09920000284910202 0.048900000751018524
vn -0.9916999936103821 0.03539999946951866 0.12359999865293503
vn -0.9914000034332275 0.10779999941587448 0.0738999992609024
vn -0.991100013256073 -0.1290999948978424 0.0333000011742115
vn -0.9904000163078308 -0.12380000203847885 0.06129999831318855
vn -0.9878000020980835 -0.027499999850988388 0.1535000056028366
vn -0.9865000247955322 0.15309999883174896 -0.058800000697374344
vn -0.9861999750137329 0.15970000624656677 -0.04390000179409981
vn -0.9860000014305115 0.15760000050067902 -0.05480000004172325
vn -0.9843999743461609 0.17599999904632568 0.0052999998442828655
vn -0.984000027179718 0.07599999755620956 0.16089999675750732
vn -0.9837999939918518 -0.1145000010728836 -0.13830000162124634
vn -0.9829000234603882 0.08560000360012054 0.1632000058889389
vn -0.9822999835014343 -0.13189999759197235 -0.13259999454021454
vn -0.9818000197410583 0.18970000743865967 -0.012400000356137753
vn -0.980400025844574 -0.1396999955177307 0.13910000026226044
vn -0.979200005531311 -0.023499999195337296 -0.20149999856948853
vn -0.9787999987602234 -0.11060000211000443 -0.17239999771118164
vn -0.978600025177002 0.11140000075101852 -0.17319999635219574
vn -0.9764999747276306 -0.11509999632835388 -0.18240000307559967
vn -0.9753999710083008 0.13379999995231628 0.17550000548362732
vn -0.9750000238418579 0.13989999890327454 0.1728000044822693
vn -0.9746999740600586 0.19280000030994415 0.1136000007390976
vn -0.9745000004768372 -0.1875 -0.12349999696016312
vn -0.9735999703407288 0.08959999680519104 -0.20970000326633453
vn -0.9728000164031982 -0.12939999997615814 -0.19200000166893005
vn -0.9714999794960022 -0.0982000008225441 0.21580000221729279
vn -0.9711999893188477 -0.15970000624656677 0.1770000010728836
vn -0.9692999720573425 -0.1266999989748001 -0.21070000529289246
vn -0.9692999720573425 0.02879999950528145 0.24410000443458557
vn -0.9688000082969666 -0.12080000340938568 -0.21629999577999115
vn -0.9681000113487244 -0.002400000113993883 -0.25060001015663147
vn -0.9674000144004822 -0.11240000277757645 0.22689999639987946
vn -0.9656000137329102 -0.07349999994039536 0.24950000643730164
vn -0.9656000137329102 0.2117999941110611 -0.1509000062942505
vn -0.9629999995231628 0.19699999690055847 0.18400000035762787
vn -0.9607999920845032 -0.1274999976158142 0.24629999697208405
vn -0.9596999883651733 0.25839999318122864 0.1103999987244606
vn -0.9575999975204468 0.05849999934434891 0.28189998865127563
vn -0.9574999809265137 -0.24969999492168427 -0.14419999718666077
vn -0.9571999907493591 -0.28040000796318054 0.07159999758005142
vn -0.9556000232696533 0.08460000157356262 0.2822999954223633
vn -0.9549999833106995 -0.27480000257492065 0.11150000244379044
vn -0.954800009727478 -0.20029999315738678 -0.21969999372959137
vn -0.9534000158309937 0.2808000147342682 0.11069999635219574
vn -0.9531000256538391 0.29499998688697815 0.06780000030994415
vn -0.9528999924659729 -0.22059999406337738 -0.2079000025987625
vn -0.95169997215271 0.3061999976634979 -0.0210999995470047
vn -0.9514999985694885 -0.13210000097751617 -0.2777000069618225
vn -0.9513000249862671 -0.30820000171661377 -0.0044999998062849045
vn -0.9513000249862671 0.29420000314712524 -0.09210000187158585
vn -0.9502000212669373 -0.00279999990016222 0.3116999864578247
vn -0.9496999979019165 0.3107999861240387 0.039400000125169754
vn -0.9495000243186951 -0.15320000052452087 -0.27390000224113464
vn -0.9449999928474426 -0.1662999987602234 -0.2816999852657318
vn -0.9445000290870667 -0.3278999924659729 0.020500000566244125
vn -0.9416000247001648 -0.00279999990016222 -0.3368000090122223
vn -0.9402999877929688 0.02329999953508377 -0.3395000100135803
vn -0.9399999976158142 0.2004999965429306 -0.2759000062942505
vn -0.9398999810218811 -0.14110000431537628 -0.3107999861240387
vn -0.9397000074386597 0.26269999146461487 -0.219200000166893
vn -0.9397000074386597 0.34200000762939453 0.0008999999845400453
vn -0.9381999969482422 -0.3441999852657318 -0.03669999912381172
vn -0.9380000233650208 -0.311599999666214 -0.15209999680519104
vn -0.9376000165939331 -0.19550000131130219 -0.28760001063346863
vn -0.9373999834060669 0.05000000074505806 -0.34470000863075256
vn -0.9347000122070312 -0.3111000061035156 -0.17190000414848328
vn -0.9336000084877014 0.3034000098705292 -0.19050000607967377
vn -0.932200014591217 -0.1264999955892563 -0.3391000032424927
vn -0.9315999746322632 0.011699999682605267 -0.36329999566078186
vn -0.9273999929428101 0.335099995136261 -0.1662999987602234
vn -0.9247999787330627 0.35109999775886536 0.14640000462532043
vn -0.9232000112533569 0.2603999972343445 -0.28279998898506165
vn -0.9229999780654907 -0.12030000239610672 -0.36559998989105225
vn -0.9228000044822693 0.01640000008046627 0.38499999046325684
vn -0.9218999743461609 -0.3492000102996826 -0.16760000586509705
vn -0.9205999970436096 -0.10409999638795853 0.37630000710487366
vn -0.9187999963760376 0.3066999912261963 -0.24860000610351562
vn -0.91839998960495 -0.25429999828338623 -0.30300000309944153
vn -0.9171000123023987 -0.26739999651908875 0.2957000136375427
vn -0.911899983882904 0.4083000123500824 -0.041600000113248825
vn -0.909600019454956 -0.271699994802475 0.31439998745918274
vn -0.909600019454956 0.41440001130104065 -0.03009999915957451
vn -0.9072999954223633 -0.4180999994277954 -0.04410000145435333
vn -0.9071000218391418 0.013500000350177288 0.4205999970436096
vn -0.9057000279426575 -0.41449999809265137 -0.0885000005364418
vn -0.9049999713897705 0.24539999663829803 0.3474999964237213
vn -0.902999997138977 -0.04989999905228615 0.42669999599456787
vn -0.9017999768257141 0.21230000257492065 -0.3765000104904175
vn -0.9002000093460083 -0.4339999854564667 -0.035599999129772186
vn -0.9000999927520752 0.061799999326467514 0.43130001425743103
vn -0.8942999839782715 -0.11620000004768372 -0.43209999799728394
vn -0.8920000195503235 0.17800000309944153 -0.4154999852180481
vn -0.8919000029563904 0.08829999715089798 0.44350001215934753
vn -0.8849999904632568 0.32179999351501465 -0.33640000224113464
vn -0.8840000033378601 0.2533000111579895 0.3928999900817871
vn -0.8830999732017517 0.11309999972581863 0.4553000032901764
vn -0.8826000094413757 -0.38019999861717224 0.27639999985694885
vn -0.8819000124931335 0.4700999855995178 -0.03539999946951866
vn -0.8799999952316284 0.24770000576972961 -0.40529999136924744
vn -0.8798999786376953 0.20069999992847443 -0.43059998750686646
vn -0.8797000050544739 0.31869998574256897 -0.35280001163482666
vn -0.8784000277519226 0.02239999920129776 -0.477400004863739
vn -0.8784000277519226 0.09969999641180038 -0.4674000144004822
vn -0.8770999908447266 -0.31369999051094055 -0.3635999858379364
vn -0.8763999938964844 -0.09290000051259995 0.4724999964237213
vn -0.8762999773025513 0.48170000314712524 -0.010099999606609344
vn -0.8759999871253967 0.04800000041723251 -0.47999998927116394
vn -0.8759999871253967 0.28299999237060547 0.390500009059906
vn -0.8748000264167786 0.4223000109195709 0.23739999532699585
vn -0.8745999932289124 0.03480000048875809 -0.48350000381469727
vn -0.8730999827384949 0.24969999492168427 -0.4187000095844269
vn -0.8730000257492065 -0.21070000529289246 -0.4399999976158142
vn -0.8722000122070312 0.48910000920295715 -0.013100000098347664
vn -0.871999979019165 0.12960000336170197 -0.47189998626708984
vn -0.8712999820709229 0.32120001316070557 0.3711000084877014
vn -0.870199978351593 -0.2502000033855438 -0.4244000017642975
vn -0.8691999912261963 -0.48969998955726624 0.06870000064373016
vn -0.8690999746322632 0.1746000051498413 0.4629000127315521
vn -0.8687999844551086 0.3285999894142151 0.37049999833106995
vn -0.8675000071525574 0.20890000462532043 -0.4514999985694885
vn -0.8658999800682068 0.4823000133037567 -0.13269999623298645
vn -0.8654999732971191 -0.48420000076293945 -0.12839999794960022
vn -0.8651000261306763 -0.39959999918937683 -0.30329999327659607
vn -0.8633999824523926 -0.49970000982284546 -0.06970000267028809
vn -0.8622999787330627 -0.10249999910593033 0.4959999918937683
vn -0.8604000210762024 0.18070000410079956 0.4763999879360199
vn -0.8600999712944031 -0.4916999936103821 0.13580000400543213
vn -0.8600000143051147 -0.03530000150203705 0.5091000199317932
vn -0.8585000038146973 -0.5045999884605408 0.09200000017881393
vn -0.8580999970436096 -0.5084999799728394 0.07209999859333038
vn -0.8580999970436096 0.5115000009536743 0.045099999755620956
vn -0.857200026512146 -0.5019000172615051 0.11550000309944153
vn -0.855400025844574 -0.5048999786376953 0.11559999734163284
vn -0.8472999930381775 -0.49880000948905945 -0.1826999932527542
vn -0.8468999862670898 0.257999986410141 -0.4650000035762787
vn -0.8446000218391418 0.21289999783039093 0.4912000000476837
vn -0.843500018119812 -0.4341999888420105 -0.31619998812675476
vn -0.8403000235557556 0.1826000064611435 0.5105000138282776
vn -0.8400999903678894 0.013700000010430813 0.5422999858856201
vn -0.8335999846458435 -0.5516999959945679 0.026499999687075615
vn -0.8313999772071838 0.10320000350475311 0.5460000038146973
vn -0.8309999704360962 -0.505299985408783 0.23280000686645508
vn -0.8263000249862671 0.539900004863739 0.16050000488758087
vn -0.8251000046730042 0.10080000013113022 -0.5558000206947327
vn -0.8223999738693237 0.37389999628067017 0.42879998683929443
vn -0.8220000267028809 -0.5652999877929688 -0.06880000233650208
vn -0.8210999965667725 -0.5274999737739563 -0.21789999306201935
vn -0.8206999897956848 -0.47040000557899475 -0.32429999113082886
vn -0.8199999928474426 -0.3237999975681305 -0.47200000286102295
vn -0.8198999762535095 0.5697000026702881 0.0568000003695488
vn -0.8185999989509583 -0.1054999977350235 -0.5645999908447266
vn -0.8183000087738037 -0.14900000393390656 -0.5551999807357788
vn -0.8183000087738037 0.5382000207901001 -0.20190000534057617
vn -0.8174999952316284 -0.5573999881744385 0.14489999413490295
vn -0.8163999915122986 -0.05350000038743019 0.5748999714851379
vn -0.8131999969482422 -0.09019999951124191 -0.5748999714851379
vn -0.8111000061035156 -0.39800000190734863 0.4287000000476837
vn -0.8098000288009644 0.53329998254776 0.24449999630451202
vn -0.8095999956130981 -0.4226999878883362 -0.4072999954223633
vn -0.8084999918937683 -0.12610000371932983 0.5748000144958496
vn -0.805899977684021 0.5659999847412109 0.1737000048160553
vn -0.8051000237464905 -0.41530001163482666 0.4235000014305115
vn -0.801800012588501 -0.5952000021934509 -0.052400000393390656
vn -0.800599992275238 0.06340000033378601 0.59579998254776
vn -0.800599992275238 0.4277999997138977 -0.4196999967098236
vn -0.8004000186920166 0.4230000078678131 0.42480000853538513
vn -0.7998999953269958 -0.06930000334978104 0.5960999727249146
vn -0.7996000051498413 0.05689999833703041 -0.5978999733924866
vn -0.7979000210762024 0.5331000089645386 0.28119999170303345
vn -0.795199990272522 -0.257099986076355 0.5491999983787537
vn -0.7936999797821045 0.39660000801086426 -0.46129998564720154
vn -0.7932999730110168 0.5453000068664551 -0.27079999446868896
vn -0.7925000190734863 -0.02070000022649765 -0.6096000075340271
vn -0.7893000245094299 -0.6139000058174133 0.014000000432133675
vn -0.7885000109672546 -0.08730000257492065 -0.6087999939918518
vn -0.7883999943733215 0.4950000047683716 -0.3652999997138977
vn -0.7882000207901001 0.13899999856948853 0.5995000004768372
vn -0.7878000140190125 -0.4952000081539154 -0.366100013256073
vn -0.7878000140190125 0.3547999858856201 -0.5034999847412109
vn -0.786300003528595 0.6040999889373779 0.12919999659061432
vn -0.7857000231742859 -0.08640000224113464 0.612500011920929
vn -0.784600019454956 0.5388000011444092 -0.3068000078201294
vn -0.7839000225067139 -0.17569999396800995 0.5954999923706055
vn -0.7807999849319458 0.6241000294685364 0.028300000354647636
vn -0.7792999744415283 0.5504000186920166 0.2994999885559082
vn -0.7789000272750854 -0.20469999313354492 -0.5928000211715698
vn -0.7775999903678894 -0.24060000479221344 0.5809000134468079
vn -0.7767999768257141 0.48730000853538513 -0.39890000224113464
vn -0.7736999988555908 0.5442000031471252 -0.32440000772476196
vn -0.7731000185012817 -0.5568000078201294 -0.30379998683929443
vn -0.7728000283241272 -0.5044000148773193 -0.38519999384880066
vn -0.7703999876976013 -0.4948999881744385 0.4020000100135803
vn -0.7699999809265137 -0.18979999423027039 -0.6090999841690063
vn -0.7688000202178955 -0.5907999873161316 0.24459999799728394
vn -0.7682999968528748 -0.5259000062942505 -0.36489999294281006
vn -0.7681999802589417 0.570900022983551 0.289900004863739
vn -0.7680000066757202 0.08190000057220459 -0.635200023651123
vn -0.765999972820282 -0.30140000581741333 -0.5679000020027161
vn -0.7653999924659729 0.5604000091552734 0.3163999915122986
vn -0.7649999856948853 -0.14399999380111694 -0.6276999711990356
vn -0.7645000219345093 0.6445000171661377 -0.013899999670684338
vn -0.7615000009536743 -0.6430000066757202 -0.08209999650716782
vn -0.7591000199317932 -0.4178999960422516 0.4991999864578247
vn -0.7590000033378601 0.6162999868392944 0.20980000495910645
vn -0.758899986743927 0.6340000033378601 0.14869999885559082
vn -0.7563999891281128 0.5325999855995178 -0.3797999918460846
vn -0.7555999755859375 0.6401000022888184 -0.13910000026226044
vn -0.7531999945640564 -0.17479999363422394 0.6341000199317932
vn -0.7529000043869019 -0.6575000286102295 -0.02850000001490116
vn -0.7526000142097473 -0.6355999708175659 -0.1720000058412552
vn -0.751800000667572 -0.11420000344514847 0.649399995803833
vn -0.7508999705314636 0.6342999935150146 -0.18379999697208405
vn -0.7469000220298767 0.664900004863739 -0.007400000002235174
vn -0.7466999888420105 0.044599998742341995 -0.6636999845504761
vn -0.7451000213623047 -0.004000000189989805 0.6668999791145325
vn -0.7437999844551086 -0.5576000213623047 -0.3686000108718872
vn -0.7434999942779541 -0.2054000049829483 0.6363999843597412
vn -0.7427999973297119 0.17399999499320984 0.6466000080108643
vn -0.7422000169754028 -0.336899995803833 -0.5794000029563904
vn -0.741599977016449 0.2175000011920929 0.6345999836921692
vn -0.7401999831199646 0.5602999925613403 -0.3716999888420105
vn -0.7401999831199646 0.6718999743461609 0.026799999177455902
vn -0.7398999929428101 0.4876999855041504 0.4632999897003174
vn -0.7382000088691711 0.28949999809265137 0.6092000007629395
vn -0.7354999780654907 0.2759999930858612 -0.6187999844551086
vn -0.733299970626831 -0.5659000277519226 0.376800000667572
vn -0.7329999804496765 -0.6793000102043152 -0.035599999129772186
vn -0.7314000129699707 0.5493999719619751 0.4041000008583069
vn -0.730400025844574 0.5975000262260437 0.33090001344680786
vn -0.7290999889373779 -0.2639000117778778 -0.6315000057220459
vn -0.7290999889373779 0.5703999996185303 0.3783000111579895
vn -0.7261000275611877 -0.4494999945163727 0.5203999876976013
vn -0.7254999876022339 -0.6194000244140625 -0.29989999532699585
vn -0.7246999740600586 0.554099977016449 0.40959998965263367
vn -0.7243000268936157 0.07270000129938126 0.6855999827384949
vn -0.7224000096321106 0.6498000025749207 0.2362000048160553
vn -0.722100019454956 0.5521000027656555 0.41690000891685486
vn -0.7200999855995178 -0.31949999928474426 -0.6158999800682068
vn -0.7193999886512756 -0.1251000016927719 -0.6832000017166138
vn -0.7146000266075134 0.6848000288009644 0.1429000049829483
vn -0.7121999859809875 0.03819999843835831 0.7009999752044678
vn -0.7111999988555908 0.6471999883651733 0.274399995803833
vn -0.7091000080108643 -0.3034000098705292 0.6365000009536743
vn -0.7081000208854675 0.6917999982833862 0.14110000431537628
vn -0.7046999931335449 -0.4853000044822693 -0.5175999999046326
vn -0.698199987411499 -0.10419999808073044 -0.7081999778747559
vn -0.697700023651123 -0.6171000003814697 0.3637999892234802
vn -0.6916999816894531 -0.7081999778747559 -0.14169999957084656
vn -0.6908000111579895 0.6563000082969666 -0.3034000098705292
vn -0.690500020980835 0.5012999773025513 -0.521399974822998
vn -0.6898999810218811 -0.3418999910354614 0.6381000280380249
vn -0.6898999810218811 -0.014399999752640724 -0.7236999869346619
vn -0.6894000172615051 0.7117000222206116 -0.13449999690055847
vn -0.6888999938964844 0.06129999831318855 0.7222999930381775
vn -0.6876999735832214 -0.3521000146865845 0.6348999738693237
vn -0.6873000264167786 -0.685699999332428 0.23970000445842743
vn -0.6862999796867371 0.7091000080108643 -0.16189999878406525
vn -0.682699978351593 -0.3310999870300293 0.6514000296592712
vn -0.680400013923645 -0.05009999871253967 0.7311000227928162
vn -0.680400013923645 0.10239999741315842 0.725600004196167
vn -0.6779000163078308 0.5773000121116638 -0.45509999990463257
vn -0.6773999929428101 0.7105000019073486 -0.1906999945640564
vn -0.6765999794006348 -0.7135000228881836 0.18209999799728394
vn -0.6746000051498413 0.6549000144004822 -0.3407000005245209
vn -0.6744999885559082 0.6402000188827515 0.367900013923645
vn -0.6741999983787537 -0.6802999973297119 -0.2872999906539917
vn -0.6704999804496765 -0.6766999959945679 0.3041999936103821
vn -0.6697999835014343 0.396699994802475 -0.6276999711990356
vn -0.6657999753952026 0.7261999845504761 -0.17159999907016754
vn -0.6624000072479248 0.27230000495910645 -0.6978999972343445
vn -0.6585000157356262 0.06960000097751617 0.7494000196456909
vn -0.6583999991416931 0.6510000228881836 -0.37770000100135803
vn -0.6572999954223633 0.642300009727478 -0.39430001378059387
vn -0.6557000279426575 0.06960000097751617 -0.751800000667572
vn -0.6532999873161316 0.3077000081539154 -0.6917999982833862
vn -0.6527000069618225 0.546999990940094 0.5242000222206116
vn -0.6525999903678894 0.7206000089645386 -0.23420000076293945
vn -0.6520000100135803 0.061799999326467514 0.7556999921798706
vn -0.6509000062942505 0.005499999970197678 -0.7591000199317932
vn -0.650600016117096 0.09290000051259995 0.7537000179290771
vn -0.6474000215530396 -0.7113999724388123 0.2734000086784363
vn -0.644599974155426 0.6958000063896179 -0.3167000114917755
vn -0.6439999938011169 -0.1444000005722046 0.7512999773025513
vn -0.6399999856948853 0.7422000169754028 -0.19869999587535858
vn -0.6371999979019165 0.6879000067710876 0.34769999980926514
vn -0.6340000033378601 0.7074000239372253 -0.3125999867916107
vn -0.6269999742507935 0.1720000058412552 -0.7598000168800354
vn -0.6262999773025513 -0.6764000058174133 0.38769999146461487
vn -0.6252999901771545 0.7595000267028809 -0.17919999361038208
vn -0.623199999332428 -0.21799999475479126 0.7511000037193298
vn -0.6229000091552734 -0.14710000157356262 0.7682999968528748
vn -0.6223000288009644 0.1151999980211258 0.7742999792098999
vn -0.6212000250816345 -0.7103999853134155 -0.33079999685287476
vn -0.6208000183105469 0.7791000008583069 0.0869000032544136
vn -0.6205999851226807 -0.08449999988079071 -0.7796000242233276
vn -0.6204000115394592 -0.42570000886917114 0.6588000059127808
vn -0.6194999814033508 0.18389999866485596 -0.7631999850273132
vn -0.6179999709129333 -0.06440000236034393 0.7835000157356262
vn -0.613099992275238 0.6193000078201294 0.49050000309944153
vn -0.6128000020980835 0.6830999851226807 0.39730000495910645
vn -0.6121000051498413 0.16089999675750732 0.7742000222206116
vn -0.6103000044822693 0.7728999853134155 -0.1738000065088272
vn -0.6098999977111816 0.7918999791145325 0.03150000050663948
vn -0.605400025844574 0.18709999322891235 -0.7735999822616577
vn -0.6046000123023987 0.04360000044107437 -0.7953000068664551
vn -0.6040999889373779 0.7968999743461609 -0.004699999932199717
vn -0.6035000085830688 0.3749000132083893 0.7037000060081482
vn -0.6025000214576721 -0.6898999810218811 0.40130001306533813
vn -0.6022999882698059 -0.7692999839782715 -0.21320000290870667
vn -0.600600004196167 -0.5340999960899353 -0.5950999855995178
vn -0.5990999937057495 -0.2020999938249588 0.7748000025749207
vn -0.5975000262260437 0.6934999823570251 0.4025999903678894
vn -0.597100019454956 0.6851999759674072 -0.4171000123023987
vn -0.5964000225067139 -0.7333999872207642 0.326200008392334
vn -0.5932000279426575 -0.04149999842047691 0.8040000200271606
vn -0.5931000113487244 -0.3749000132083893 -0.7124999761581421
vn -0.5924999713897705 0.022600000724196434 0.8051999807357788
vn -0.5911999940872192 0.6324999928474426 0.5004000067710876
vn -0.5903000235557556 0.7379999756813049 0.3269999921321869
vn -0.5873000025749207 0.7975999712944031 0.1371999979019165
vn -0.5863999724388123 0.15160000324249268 0.7957000136375427
vn -0.585099995136261 -0.6668000221252441 0.46160000562667847
vn -0.5794000029563904 0.5691999793052673 -0.583299994468689
vn -0.5788000226020813 -0.08330000191926956 0.8112000226974487
vn -0.5785999894142151 0.6100000143051147 0.5414000153541565
vn -0.5785999894142151 0.7109000086784363 0.39980000257492065
vn -0.5782999992370605 -0.00989999994635582 -0.8158000111579895
vn -0.5766000151634216 -0.0869000032544136 0.8123999834060669
vn -0.5748000144958496 -0.5034000277519226 -0.6450999975204468
vn -0.5742999911308289 -0.4099000096321106 0.7085999846458435
vn -0.5734999775886536 0.44279998540878296 -0.6891999840736389
vn -0.5734999775886536 0.5077000260353088 -0.6428999900817871
vn -0.5726000070571899 0.4652999937534332 0.6748999953269958
vn -0.5723999738693237 0.15970000624656677 -0.8043000102043152
vn -0.5708000063896179 -0.5942999720573425 0.5665000081062317
vn -0.5705999732017517 0.7269999980926514 -0.38199999928474426
vn -0.569100022315979 0.6765999794006348 -0.4672999978065491
vn -0.5680000185966492 0.6198999881744385 -0.5414000153541565
vn -0.5673999786376953 -0.7616999745368958 -0.31290000677108765
vn -0.5665000081062317 0.08990000188350677 -0.819100022315979
vn -0.5648000240325928 0.6366999745368958 -0.5249999761581421
vn -0.5644999742507935 0.8252999782562256 0.014700000174343586
vn -0.5641999840736389 0.023900000378489494 0.8252999782562256
vn -0.5626999735832214 -0.5947999954223633 -0.5740000009536743
vn -0.5623000264167786 0.8104000091552734 -0.16459999978542328
vn -0.5586000084877014 0.5015000104904175 0.6606000065803528
vn -0.5580000281333923 0.744700014591217 0.3659999966621399
vn -0.5575000047683716 -0.08429999649524689 -0.8259000182151794
vn -0.5548999905586243 -0.012000000104308128 -0.8317999839782715
vn -0.5533000230789185 0.24889999628067017 -0.7949000000953674
vn -0.5519999861717224 0.7900000214576721 -0.2669999897480011
vn -0.5519999861717224 0.8019999861717224 0.22830000519752502
vn -0.5512999892234802 0.7396000027656555 0.3862000107765198
vn -0.5508999824523926 0.5702000260353088 0.6093999743461609
vn -0.5503000020980835 0.6154000163078308 0.564300000667572
vn -0.5496000051498413 0.6618000268936157 0.5098999738693237
vn -0.5485000014305115 0.11990000307559967 0.8274999856948853
vn -0.5480999946594238 -0.43230000138282776 -0.7160000205039978
vn -0.5424000024795532 0.567799985408783 0.6191999912261963
vn -0.5393999814987183 0.5849999785423279 -0.6055999994277954
vn -0.5390999913215637 0.03400000184774399 0.8414999842643738
vn -0.5375999808311462 -0.8274000287055969 -0.16249999403953552
vn -0.5375999808311462 -0.71670001745224 -0.4442000091075897
vn -0.5368000268936157 0.6646999716758728 0.5196999907493591
vn -0.5340999960899353 0.07460000365972519 -0.8421000242233276
vn -0.5336999893188477 -0.5139999985694885 0.6715999841690063
vn -0.5325999855995178 0.7764000296592712 0.336899995803833
vn -0.5310999751091003 -0.4767000079154968 -0.7005000114440918
vn -0.5310999751091003 -0.04450000077486038 -0.8461999893188477
vn -0.5309000015258789 0.7348999977111816 -0.4219000041484833
vn -0.5257999897003174 0.7484999895095825 -0.4041999876499176
vn -0.5249999761581421 -0.7547000050544739 -0.3935000002384186
vn -0.5249000191688538 0.4641000032424927 -0.7135000228881836
vn -0.5241000056266785 0.46399998664855957 -0.7141000032424927
vn -0.5227000117301941 -0.645799994468689 -0.5565999746322632
vn -0.5224999785423279 0.14419999718666077 -0.840399980545044
vn -0.5177000164985657 -0.6783999800682068 -0.5213000178337097
vn -0.5131000280380249 0.6922000050544739 0.5074999928474426
vn -0.5127999782562256 0.19140000641345978 0.836899995803833
vn -0.5121999979019165 0.7527999877929688 0.41339999437332153
vn -0.5094000101089478 0.44359999895095825 -0.7373999953269958
vn -0.5055999755859375 0.16949999332427979 0.8460000157356262
vn -0.5051000118255615 0.1242000013589859 -0.8540999889373779
vn -0.5034000277519226 0.7483999729156494 -0.4318000078201294
vn -0.5005999803543091 0.03920000046491623 0.864799976348877
vn -0.49900001287460327 0.3402000069618225 0.796999990940094
vn -0.49709999561309814 0.14970000088214874 -0.8547000288963318
vn -0.4959000051021576 0.8241000175476074 -0.27379998564720154
vn -0.4952999949455261 0.4007999897003174 -0.7706999778747559
vn -0.4950999915599823 0.03060000017285347 -0.8683000206947327
vn -0.49480000138282776 0.8281000256538391 0.2635999917984009
vn -0.49380001425743103 -0.414900004863739 0.76419997215271
vn -0.4936999976634979 -0.7024999856948853 0.512499988079071
vn -0.4934000074863434 0.489300012588501 0.7192000150680542
vn -0.49320000410079956 0.8672000169754028 -0.06880000233650208
vn -0.4921000003814697 0.7555999755859375 -0.4323999881744385
vn -0.4902999997138977 -0.029899999499320984 0.8709999918937683
vn -0.490200012922287 -0.7311999797821045 0.47440001368522644
vn -0.4900999963283539 -0.8102999925613403 0.32120001316070557
vn -0.4894999861717224 0.6808000206947327 0.5450000166893005
vn -0.48809999227523804 -0.7749999761581421 -0.40139999985694885
vn -0.4810999929904938 0.6866000294685364 -0.5450999736785889
vn -0.48080000281333923 -0.2321999967098236 -0.8454999923706055
vn -0.48019999265670776 0.2062000036239624 0.8525000214576721
vn -0.47929999232292175 -0.36469998955726624 0.79830002784729
vn -0.474700003862381 0.6241999864578247 -0.6205000281333923
vn -0.4742000102996826 -0.3197000026702881 -0.8203999996185303
vn -0.4738999903202057 -0.18690000474452972 0.8604999780654907
vn -0.47209998965263367 -0.8097000122070312 -0.34869998693466187
vn -0.46959999203681946 0.7053999900817871 -0.531000018119812
vn -0.4693000018596649 0.5429999828338623 -0.6963000297546387
vn -0.46650001406669617 -0.6664999723434448 0.5814999938011169
vn -0.46650001406669617 -0.21739999949932098 -0.8574000000953674
vn -0.46650001406669617 0.6872000098228455 -0.5569000244140625
vn -0.4659999907016754 0.7087000012397766 0.529699981212616
vn -0.4652999937534332 -0.7221999764442444 -0.511900007724762
vn -0.46209999918937683 0.5476999878883362 0.6974999904632568
vn -0.4620000123977661 -0.631600022315979 -0.6226000189781189
vn -0.4578999876976013 -0.029500000178813934 0.8884999752044678
vn -0.45649999380111694 -0.51419997215271 0.7261000275611877
vn -0.4560000002384186 0.7096999883651733 -0.5371000170707703
vn -0.45590001344680786 -0.3416999876499176 0.8217999935150146
vn -0.4546000063419342 -0.13750000298023224 0.8799999952316284
vn -0.4546000063419342 0.6926000118255615 0.5600000023841858
vn -0.4530999958515167 -0.326200008392334 0.8295999765396118
vn -0.4526999890804291 0.8256000280380249 0.3368000090122223
vn -0.45260000228881836 0.7621999979019165 0.4627000093460083
vn -0.45249998569488525 0.1096000000834465 -0.8849999904632568
vn -0.4480000138282776 0.8847000002861023 -0.1290999948978424
vn -0.44429999589920044 0.1014999970793724 0.8901000022888184
vn -0.4440000057220459 0.8794999718666077 0.17149999737739563
vn -0.44110000133514404 -0.26109999418258667 0.8586000204086304
vn -0.4406999945640564 0.4332999885082245 0.7861999869346619
vn -0.43970000743865967 0.6061000227928162 0.6628000140190125
vn -0.438400000333786 0.5800999999046326 -0.6865000128746033
vn -0.43810001015663147 -0.6988000273704529 0.565500020980835
vn -0.4377000033855438 0.1656000018119812 -0.8838000297546387
vn -0.4359999895095825 0.8022000193595886 0.40779998898506165
vn -0.43479999899864197 -0.366100013256073 0.822700023651123
vn -0.4343000054359436 -0.4212999939918518 -0.7961000204086304
vn -0.4327999949455261 0.883899986743927 -0.17720000445842743
vn -0.4327000081539154 0.3889999985694885 0.8133000135421753
vn -0.4325999915599823 0.08959999680519104 0.8970999717712402
vn -0.43140000104904175 -0.1525000035762787 0.88919997215271
vn -0.43059998750686646 0.7202000021934509 -0.5440000295639038
vn -0.42980000376701355 0.8514000177383423 -0.30059999227523804
vn -0.4284999966621399 0.2475000023841858 0.8690000176429749
vn -0.42649999260902405 0.0071000000461936 -0.9045000076293945
vn -0.4262000024318695 0.7573999762535095 0.49459999799728394
vn -0.4255000054836273 0.6758999824523926 -0.6018000245094299
vn -0.42399999499320984 0.7325999736785889 -0.5325000286102295
vn -0.41990000009536743 -0.17970000207424164 -0.8895999789237976
vn -0.41920000314712524 0.11299999803304672 -0.9007999897003174
vn -0.4189999997615814 0.9025999903678894 -0.09889999777078629
vn -0.41690000891685486 0.14730000495910645 0.8968999981880188
vn -0.4099000096321106 0.18400000035762787 0.8934000134468079
vn -0.40950000286102295 0.7422999739646912 0.5303999781608582
vn -0.4081999957561493 0.697700023651123 0.588699996471405
vn -0.4081000089645386 0.3440999984741211 -0.8456000089645386
vn -0.40560001134872437 0.8137000203132629 0.4163999855518341
vn -0.4050999879837036 0.621399998664856 -0.6705999970436096
vn -0.4050000011920929 0.6855999827384949 0.6049000024795532
vn -0.4036000072956085 -0.604200005531311 0.6870999932289124
vn -0.4032000005245209 0.17870000004768372 0.8974999785423279
vn -0.4025000035762787 0.7145000100135803 -0.5723000168800354
vn -0.40130001306533813 0.42500001192092896 -0.8112999796867371
vn -0.39969998598098755 0.7793999910354614 0.48249998688697815
vn -0.3984000086784363 0.5579000115394592 -0.7279999852180481
vn -0.3971000015735626 -0.5509999990463257 0.7339000105857849
vn -0.39640000462532043 0.005400000140070915 -0.9179999828338623
vn -0.3939000070095062 -0.5300999879837036 -0.7508000135421753
vn -0.3939000070095062 0.148499995470047 0.9071000218391418
vn -0.39259999990463257 0.588699996471405 -0.70660001039505
vn -0.3910999894142151 0.04989999905228615 0.9190000295639038
vn -0.3905999958515167 -0.26190000772476196 0.8824999928474426
vn -0.3903000056743622 -0.5134000182151794 0.7642999887466431
vn -0.3901999890804291 0.4043000042438507 0.8271999955177307
vn -0.38769999146461487 -0.5511000156402588 0.7389000058174133
vn -0.38580000400543213 -0.20569999516010284 -0.899399995803833
vn -0.3853999972343445 0.8041999936103821 -0.45249998569488525
vn -0.38440001010894775 0.9097999930381775 -0.15680000185966492
vn -0.382099986076355 -0.14350000023841858 0.9128999710083008
vn -0.38040000200271606 0.029600000008940697 -0.9243999719619751
vn -0.37779998779296875 -0.8978000283241272 0.22619999945163727
vn -0.3765999972820282 0.8309000134468079 -0.40950000286102295
vn -0.3749000132083893 0.6136000156402588 -0.6949999928474426
vn -0.37470000982284546 -0.3750999867916107 -0.8478999733924866
vn -0.3725999891757965 0.5831000208854675 0.722000002861023
vn -0.37229999899864197 0.012199999764561653 0.9279999732971191
vn -0.3716999888420105 0.7857999801635742 0.4943000078201294
vn -0.3707999885082245 0.5835000276565552 -0.7225000262260437
vn -0.3695000112056732 0.6158999800682068 -0.6958000063896179
vn -0.3677000105381012 -0.05260000005364418 0.9284999966621399
vn -0.36579999327659607 0.13650000095367432 0.9205999970436096
vn -0.3653999865055084 0.9168000221252441 -0.16140000522136688
vn -0.3619000017642975 0.5516999959945679 0.7513999938964844
vn -0.3617999851703644 -0.24410000443458557 0.8996999859809875
vn -0.36149999499320984 0.044199999421834946 -0.9312999844551086
vn -0.36149999499320984 0.1445000022649765 0.9211000204086304
vn -0.3553999960422516 0.6194999814033508 0.699999988079071
vn -0.351500004529953 0.5983999967575073 0.7199000120162964
vn -0.3490000069141388 -0.413100004196167 0.8411999940872192
vn -0.34599998593330383 -0.9225999712944031 0.17059999704360962
vn -0.34599998593330383 0.6445000171661377 -0.6819000244140625
vn -0.3458999991416931 0.633400022983551 -0.6922000050544739
vn -0.34369999170303345 -0.5885000228881836 0.7318000197410583
vn -0.34040001034736633 -0.005100000184029341 0.9402999877929688
vn -0.33889999985694885 -0.6198999881744385 -0.7077000141143799
vn -0.33820000290870667 0.4081000089645386 0.8479999899864197
vn -0.3370000123977661 -0.4749999940395355 -0.8129000067710876
vn -0.3359000086784363 -0.9301999807357788 0.1476999968290329
vn -0.33390000462532043 0.8707000017166138 -0.3610999882221222
vn -0.3334999978542328 0.0982000008225441 -0.9376000165939331
vn -0.3287000060081482 0.9434999823570251 -0.04179999977350235
vn -0.32670000195503235 -0.11069999635219574 -0.9386000037193298
vn -0.32659998536109924 0.4677000045776367 -0.8213000297546387
vn -0.32510000467300415 -0.3174000084400177 0.8907999992370605
vn -0.32409998774528503 -0.504800021648407 0.8001000285148621
vn -0.322299987077713 0.42829999327659607 0.8442000150680542
vn -0.31709998846054077 0.5963000059127808 -0.7373999953269958
vn -0.31700000166893005 0.2547999918460846 0.9136000275611877
vn -0.3156000077724457 -0.1745000034570694 -0.932699978351593
vn -0.31299999356269836 0.5414999723434448 0.7802000045776367
vn -0.30550000071525574 -0.6136000156402588 0.7281000018119812
vn -0.30489999055862427 0.14880000054836273 -0.9406999945640564
vn -0.3034000098705292 -0.2190999984741211 0.927299976348877
vn -0.302700012922287 0.9526000022888184 -0.03180000185966492
vn -0.30090001225471497 0.9154999852180481 -0.2671000063419342
vn -0.3003000020980835 -0.16619999706745148 -0.939300000667572
vn -0.298799991607666 0.7426000237464905 0.5993000268936157
vn -0.29429998993873596 0.9412000179290771 0.16580000519752502
vn -0.2939999997615814 0.14020000398159027 -0.9455000162124634
vn -0.29120001196861267 -0.07349999994039536 0.9538000226020813
vn -0.2903999984264374 -0.33649998903274536 -0.895799994468689
vn -0.28940001130104065 0.38199999928474426 -0.8776999711990356
vn -0.28790000081062317 0.296999990940094 0.9103999733924866
vn -0.28769999742507935 -0.7896999716758728 -0.5418999791145325
vn -0.2833999991416931 0.9284999966621399 0.23989999294281006
vn -0.28200000524520874 -0.6467999815940857 -0.7085999846458435
vn -0.2816999852657318 -0.14910000562667847 -0.9477999806404114
vn -0.2815000116825104 -0.7688999772071838 -0.5740000009536743
vn -0.28130000829696655 -0.4578000009059906 -0.8434000015258789
vn -0.28029999136924744 0.76419997215271 -0.5809999704360962
vn -0.2775000035762787 -0.32409998774528503 -0.9043999910354614
vn -0.27399998903274536 -0.5995000004768372 -0.7519999742507935
vn -0.272599995136261 -0.22200000286102295 -0.9362000226974487
vn -0.2712000012397766 -0.573199987411499 -0.7732999920845032
vn -0.2671999931335449 0.36039999127388 0.8937000036239624
vn -0.26570001244544983 0.5856000185012817 0.7659000158309937
vn -0.265500009059906 -0.040699999779462814 0.9631999731063843
vn -0.2651999890804291 0.08460000157356262 0.9605000019073486
vn -0.26409998536109924 -0.8614000082015991 -0.43389999866485596
vn -0.26330000162124634 -0.09989999979734421 -0.9595000147819519
vn -0.2632000148296356 -0.07530000060796738 -0.9617999792098999
vn -0.2554999887943268 0.14900000393390656 -0.9552000164985657
vn -0.25440001487731934 0.3366999924182892 0.9065999984741211
vn -0.2538999915122986 -0.05389999970793724 -0.9656999707221985
vn -0.25270000100135803 0.5335000157356262 -0.8070999979972839
vn -0.2524000108242035 -0.07680000364780426 0.9646000266075134
vn -0.2515999972820282 0.23559999465942383 0.9387000203132629
vn -0.25130000710487366 0.9154000282287598 0.31439998745918274
vn -0.25029999017715454 0.6671000123023987 -0.70169997215271
vn -0.24889999628067017 -0.133200004696846 -0.9592999815940857
vn -0.24770000576972961 0.765500009059906 0.5939000248908997
vn -0.24650000035762787 0.7142999768257141 -0.6549000144004822
vn -0.24060000479221344 0.8705000281333923 0.4293000102043152
vn -0.23890000581741333 -0.6345000267028809 -0.7350000143051147
vn -0.2378000020980835 -0.8398000001907349 -0.4880000054836273
vn -0.2362000048160553 -0.17309999465942383 0.9562000036239624
vn -0.23520000278949738 -0.34779998660087585 0.9075999855995178
vn -0.23399999737739563 0.16949999332427979 0.9574000239372253
vn -0.2305999994277954 -0.6549000144004822 -0.7196999788284302
vn -0.22939999401569366 -0.28600001335144043 0.930400013923645
vn -0.22689999639987946 0.08659999817609787 -0.9700999855995178
vn -0.22660000622272491 -0.09019999951124191 0.9697999954223633
vn -0.225600004196167 0.6186000108718872 -0.7526000142097473
vn -0.22370000183582306 -0.6252999901771545 0.7476000189781189
vn -0.22089999914169312 0.05660000070929527 -0.9735999703407288
vn -0.21570000052452087 0.27489998936653137 0.9369999766349792
vn -0.21279999613761902 -0.13510000705718994 -0.9677000045776367
vn -0.21150000393390656 0.8503999710083008 0.48179998993873596
vn -0.21130000054836273 0.8698999881744385 0.4456999897956848
vn -0.20829999446868896 0.18250000476837158 0.9609000086784363
vn -0.20800000429153442 -0.10649999976158142 0.9722999930381775
vn -0.2062000036239624 0.45809999108314514 -0.8646000027656555
vn -0.20409999787807465 -0.7257000207901001 -0.6571000218391418
vn -0.20160000026226044 0.6323999762535095 -0.7480000257492065
vn -0.19859999418258667 -0.9628999829292297 0.1826999932527542
vn -0.1981000006198883 0.6518999934196472 0.7318999767303467
vn -0.1981000006198883 0.9100000262260437 -0.36410000920295715
vn -0.19470000267028809 -0.014000000432133675 -0.9807999730110168
vn -0.19169999659061432 0.8046000003814697 0.5620999932289124
vn -0.19089999794960022 -0.9815000295639038 0.01730000041425228
vn -0.18880000710487366 0.9136000275611877 0.36000001430511475
vn -0.18729999661445618 0.9818000197410583 0.031700000166893005
vn -0.18529999256134033 0.16830000281333923 -0.9682000279426575
vn -0.18310000002384186 0.3255000114440918 -0.9276000261306763
vn -0.1826000064611435 0.4311000108718872 0.8835999965667725
vn -0.17980000376701355 0.15790000557899475 0.9710000157356262
vn -0.17839999496936798 0.44110000133514404 -0.8795999884605408
vn -0.17409999668598175 0.625 0.7609999775886536
vn -0.1738000065088272 0.4869999885559082 0.85589998960495
vn -0.17350000143051147 -0.1776999980211258 -0.9686999917030334
vn -0.17020000517368317 0.5873000025749207 -0.7911999821662903
vn -0.16859999299049377 0.5733000040054321 0.801800012588501
vn -0.1680999994277954 0.7026000022888184 -0.6913999915122986
vn -0.16429999470710754 -0.9776999950408936 -0.13050000369548798
vn -0.16050000488758087 -0.5394999980926514 -0.8266000151634216
vn -0.16030000150203705 0.8805999755859375 -0.44600000977516174
vn -0.15559999644756317 -0.2078000009059906 -0.9656999707221985
vn -0.15330000221729279 -0.14830000698566437 -0.9769999980926514
vn -0.15219999849796295 -0.6150000095367432 0.7736999988555908
vn -0.15109999477863312 -0.29089999198913574 -0.9447000026702881
vn -0.15109999477863312 0.28859999775886536 0.9455000162124634
vn -0.14910000562667847 -0.6291999816894531 0.7627999782562256
vn -0.1467999964952469 -0.16019999980926514 0.9761000275611877
vn -0.14579999446868896 0.9889000058174133 -0.02930000051856041
vn -0.14560000598430634 0.5475000143051147 -0.8241000175476074
vn -0.1437000036239624 0.9103000164031982 -0.38830000162124634
vn -0.14339999854564667 -0.6545000076293945 -0.7422999739646912
vn -0.13940000534057617 -0.9013000130653381 -0.4101000130176544
vn -0.1379999965429306 0.18000000715255737 0.9739000201225281
vn -0.13680000603199005 -0.9797999858856201 0.14579999446868896
vn -0.1331000030040741 -0.2838999927043915 0.9495999813079834
vn -0.13079999387264252 -0.08229999989271164 -0.9879999756813049
vn -0.12880000472068787 0.14219999313354492 0.9814000129699707
vn -0.12729999423027039 0.23160000145435333 -0.9643999934196472
vn -0.1266999989748001 0.361299991607666 0.923799991607666
vn -0.1256999969482422 -0.47429999709129333 0.8712999820709229
vn -0.12460000067949295 -0.18719999492168427 0.974399983882904
vn -0.11749999970197678 0.48669999837875366 -0.8655999898910522
vn -0.11720000207424164 -0.9591000080108643 0.25769999623298645
vn -0.11620000004768372 0.03959999978542328 0.9923999905586243
vn -0.1160999983549118 -0.9926999807357788 -0.03139999881386757
vn -0.1145000010728836 -0.8795999884605408 0.4618000090122223
vn -0.1145000010728836 0.3188000023365021 0.9409000277519226
vn -0.10859999805688858 -0.3601999878883362 -0.9265000224113464
vn -0.10670000314712524 -0.47530001401901245 0.8733000159263611
vn -0.10249999910593033 -0.3107999861240387 -0.9448999762535095
vn -0.10130000114440918 0.2029000073671341 0.9739000201225281
vn -0.0989999994635582 -0.25270000100135803 -0.9624999761581421
vn -0.09860000014305115 -0.07199999690055847 -0.9925000071525574
vn -0.09040000289678574 -0.008799999952316284 -0.9958999752998352
vn -0.08720000088214874 0.9919000267982483 -0.09279999881982803
vn -0.08630000054836273 -0.08609999716281891 0.9925000071525574
vn -0.08389999717473984 0.003000000026077032 -0.9965000152587891
vn -0.08380000293254852 -0.05939999967813492 -0.994700014591217
vn -0.08290000259876251 -0.09889999777078629 0.991599977016449
vn -0.08240000158548355 -0.9965999722480774 -0.0044999998062849045
vn -0.07819999754428864 -0.2824000120162964 0.9560999870300293
vn -0.07680000364780426 -0.47200000286102295 -0.8781999945640564
vn -0.07590000331401825 0.8729000091552734 -0.48190000653266907
vn -0.07530000060796738 -0.4948999881744385 -0.8657000064849854
vn -0.07490000128746033 0.37770000100135803 0.9229000210762024
vn -0.07240000367164612 0.0032999999821186066 -0.9973999857902527
vn -0.07100000232458115 0.9506999850273132 0.3018999993801117
vn -0.07079999893903732 -0.1356000006198883 -0.9882000088691711
vn -0.0706000030040741 -0.9975000023841858 -0.00989999994635582
vn -0.06949999928474426 0.3334999978542328 -0.9401999711990356
vn -0.06729999929666519 -0.9976999759674072 -0.0
vn -0.06129999831318855 0.41850000619888306 0.9061999917030334
vn -0.0608999989926815 0.6245999932289124 0.7785999774932861
vn -0.06019999831914902 0.9972000122070312 0.04500000178813934
vn -0.05979999899864197 -0.09749999642372131 -0.993399977684021
vn -0.058400001376867294 -0.7182000279426575 0.6934000253677368
vn -0.058400001376867294 0.9951000213623047 0.07989999651908875
vn -0.05640000104904175 -0.9983999729156494 0.00559999980032444
vn -0.05550000071525574 0.6119999885559082 0.7889000177383423
vn -0.053300000727176666 -0.4489000141620636 0.8920000195503235
vn -0.052400000393390656 0.10740000009536743 0.9927999973297119
vn -0.05050000175833702 0.4823000133037567 0.8745999932289124
vn -0.04879999905824661 -0.6274999976158142 0.7771000266075134
vn -0.04839999973773956 0.16899999976158142 0.9843999743461609
vn -0.04780000075697899 -0.9987999796867371 0.007699999958276749
vn -0.04490000009536743 0.9987999796867371 0.021199999377131462
vn -0.04100000113248825 0.6194999814033508 -0.7839000225067139
vn -0.040800001472234726 0.039799999445676804 -0.9983999729156494
vn -0.03739999979734421 -0.9987999796867371 0.03180000185966492
vn -0.0340999998152256 -0.5812000036239624 -0.8130999803543091
vn -0.0340999998152256 0.1729000061750412 -0.9843999743461609
vn -0.03400000184774399 0.44519999623298645 -0.8948000073432922
vn -0.033799998462200165 -0.2549999952316284 0.9663000106811523
vn -0.0333000011742115 0.6740999817848206 -0.7379000186920166
vn -0.03310000151395798 0.11680000275373459 -0.9926000237464905
vn -0.032499998807907104 -0.0851999968290329 0.9958000183105469
vn -0.03099999949336052 0.17180000245571136 -0.9846000075340271
vn -0.030700000002980232 -0.07079999893903732 -0.996999979019165
vn -0.029999999329447746 -0.15399999916553497 0.9876000285148621
vn -0.029100000858306885 0.030700000002980232 -0.9991000294685364
vn -0.02810000069439411 -0.9983999729156494 -0.04809999838471413
vn -0.02810000069439411 0.4586000144481659 0.8881999850273132
vn -0.02669999934732914 -0.949400007724762 -0.31279999017715454
vn -0.021700000390410423 -0.16590000689029694 0.9858999848365784
vn -0.020999999716877937 0.3474999964237213 0.9373999834060669
vn -0.020899999886751175 0.38989999890327454 0.9205999970436096
vn -0.020800000056624413 0.18140000104904175 0.9832000136375427
vn -0.019899999722838402 0.24899999797344208 -0.9682999849319458
vn -0.018699999898672104 0.9945999979972839 -0.10209999978542328
vn -0.017999999225139618 -0.8866000175476074 -0.46209999918937683
vn -0.017100000753998756 -0.11379999667406082 0.993399977684021
vn -0.016499999910593033 0.4797999858856201 -0.8772000074386597
vn -0.01640000008046627 0.684499979019165 -0.7289000153541565
vn -0.014800000004470348 -0.06210000067949295 -0.9980000257492065
vn -0.01269999984651804 0.6534000039100647 -0.7569000124931335
vn -0.012600000016391277 -0.9998999834060669 0.00570000009611249
vn -0.011900000274181366 0.6759999990463257 -0.7368000149726868
vn -0.011599999852478504 0.5713000297546387 -0.8206999897956848
vn -0.010599999688565731 0.10499999672174454 0.9944000244140625
vn -0.010300000198185444 -0.9998999834060669 -0.0034000000450760126
vn -0.008100000210106373 -0.21729999780654907 0.9761000275611877
vn -0.007600000128149986 0.70660001039505 -0.7074999809265137
vn -0.007400000002235174 0.8066999912261963 -0.5909000039100647
vn -0.006599999964237213 -0.11169999837875366 0.9937000274658203
vn -0.006599999964237213 0.3425999879837036 0.9394000172615051
vn -0.004900000058114529 0.9998999834060669 0.012199999764561653
vn -0.0044999998062849045 -0.023800000548362732 -0.9997000098228455
vn -0.002300000051036477 0.7028999924659729 -0.7113000154495239
vn -0.0019000000320374966 0.03240000084042549 0.9994999766349792
vn -0.0015999999595806003 0.01679999940097332 -0.9998999834060669
vn -0.0013000000035390258 0.7294999957084656 0.6840000152587891
vn -0.0012000000569969416 0.9995999932289124 0.02930000051856041
vn -0.0008999999845400453 -1.0 -0.00039999998989515007
vn -0.0007999999797903001 -0.9993000030517578 -0.03849999979138374
vn -0.0005000000237487257 -1.0 -0.0031999999191612005
vn -0.00019999999494757503 -0.06469999998807907 0.9979000091552734
vn -9.999999747378752e-05 -0.9998999834060669 0.011699999682605267
vn -9.999999747378752e-05 1.0 -0.0034000000450760126
vn 0.0003000000142492354 0.9986000061035156 0.052299998700618744
vn 0.00039999998989515007 0.6190000176429749 0.7853999733924866
vn 0.0017999999690800905 -1.0 -0.0013000000035390258
vn 0.002400000113993883 0.6014000177383423 0.7990000247955322
vn 0.0024999999441206455 -1.0 0.0008999999845400453
vn 0.00279999990016222 -0.9995999932289124 -0.02630000002682209
vn 0.002899999963119626 -0.710099995136261 0.7041000127792358
vn 0.0032999999821186066 -0.9995999932289124 0.026799999177455902
vn 0.003800000064074993 -0.019300000742077827 -0.9998000264167786
vn 0.004000000189989805 0.17030000686645508 -0.9854000210762024
vn 0.006099999882280827 0.998199999332428 -0.05909999832510948
vn 0.006599999964237213 0.09239999949932098 0.9957000017166138
vn 0.00839999970048666 -0.6937999725341797 -0.7200999855995178
vn 0.00860000029206276 -0.6672999858856201 -0.7447999715805054
vn 0.008899999782443047 0.028599999845027924 0.9994999766349792
vn 0.009600000455975533 -0.9164999723434448 0.39980000257492065
vn 0.011300000362098217 -0.07419999688863754 -0.9972000122070312
vn 0.012500000186264515 -0.9316999912261963 -0.3630000054836273
vn 0.012500000186264515 -0.025599999353289604 -0.9995999932289124
vn 0.014600000344216824 -0.7226999998092651 0.6909999847412109
vn 0.015200000256299973 0.666100025177002 0.7457000017166138
vn 0.01590000092983246 0.6633999943733215 -0.7480999827384949
vn 0.016100000590085983 0.35920000076293945 0.9330999851226807
vn 0.016499999910593033 0.4334000051021576 0.9010999798774719
vn 0.016599999740719795 -0.9995999932289124 -0.02250000089406967
vn 0.016899999231100082 0.7296000123023987 -0.6837000250816345
vn 0.017000000923871994 0.6897000074386597 -0.7239000201225281
vn 0.01720000058412552 0.06880000233650208 -0.9975000023841858
vn 0.01720000058412552 0.7103999853134155 0.7035999894142151
vn 0.017500000074505806 -0.9994999766349792 -0.02459999918937683
vn 0.017999999225139618 -0.8765000104904175 0.4810999929904938
vn 0.019099999219179153 -0.9998000264167786 0.007499999832361937
vn 0.01979999989271164 0.15950000286102295 0.9869999885559082
vn 0.019999999552965164 -0.9818000197410583 0.18880000710487366
vn 0.0203000009059906 -0.21220000088214874 0.9769999980926514
vn 0.0203000009059906 0.09350000321865082 -0.9954000115394592
vn 0.020400000736117363 0.6668999791145325 0.7448999881744385
vn 0.0210999995470047 -0.9502000212669373 0.3107999861240387
vn 0.025100000202655792 0.21739999949932098 0.9757999777793884
vn 0.02590000070631504 0.9995999932289124 -0.006800000090152025
vn 0.026399999856948853 0.1979999989271164 -0.9797999858856201
vn 0.02800000086426735 -0.5516999959945679 0.8335999846458435
vn 0.029999999329447746 -0.7971000075340271 -0.6032000184059143
vn 0.030899999663233757 0.978600025177002 -0.20319999754428864
vn 0.03099999949336052 -0.5325000286102295 0.8458999991416931
vn 0.031300000846385956 -0.2655999958515167 0.9635999798774719
vn 0.03139999881386757 0.17430000007152557 -0.9842000007629395
vn 0.03350000083446503 -0.9817000031471252 -0.1876000016927719
vn 0.03449999913573265 -0.9972000122070312 -0.06650000065565109
vn 0.0357000008225441 0.6450999975204468 -0.7633000016212463
vn 0.0357000008225441 0.7648000121116638 0.6431999802589417
vn 0.03920000046491623 -0.9957000017166138 0.08380000293254852
vn 0.04050000011920929 -0.0357000008225441 0.9984999895095825
vn 0.04190000146627426 -0.1800999939441681 0.982699990272522
vn 0.05000000074505806 0.09030000120401382 0.994700014591217
vn 0.050200000405311584 -0.5453000068664551 0.8367999792098999
vn 0.050700001418590546 0.28859999775886536 -0.9560999870300293
vn 0.052400000393390656 -0.11060000211000443 0.9925000071525574
vn 0.05270000174641609 0.35910001397132874 -0.9318000078201294
vn 0.05299999937415123 -0.04749999940395355 0.9975000023841858
vn 0.05350000038743019 0.1362999975681305 0.9891999959945679
vn 0.05620000138878822 0.01679999940097332 -0.9983000159263611
vn 0.05649999901652336 -0.7297000288963318 -0.6814000010490417
vn 0.0568000003695488 0.36800000071525574 0.9280999898910522
vn 0.05810000002384186 -0.9962999820709229 0.06260000169277191
vn 0.05900000035762787 -0.9663000106811523 0.2506999969482422
vn 0.059300001710653305 0.8133999705314636 0.5787000060081482
vn 0.06390000134706497 0.6115000247955322 0.7886000275611877
vn 0.0649000033736229 0.2046000063419342 0.9767000079154968
vn 0.06560000032186508 0.9667999744415283 0.24709999561309814
vn 0.06759999692440033 -0.5938000082969666 0.8016999959945679
vn 0.06800000369548798 -0.007000000216066837 -0.9976999759674072
vn 0.06909999996423721 0.7486000061035156 -0.6593999862670898
vn 0.07090000063180923 0.3237999975681305 0.9434999823570251
vn 0.07129999995231628 -0.10429999977350235 -0.9919999837875366
vn 0.07180000096559525 -0.579200029373169 0.8119999766349792
vn 0.07289999723434448 -0.12620000541210175 0.989300012588501
vn 0.0746999979019165 -0.009499999694526196 0.9972000122070312
vn 0.07509999722242355 0.6575000286102295 0.7497000098228455
vn 0.07779999822378159 -0.383899986743927 0.9200999736785889
vn 0.07840000092983246 -0.039900001138448715 0.9961000084877014
vn 0.08190000057220459 -0.3467000126838684 -0.9344000220298767
vn 0.08399999886751175 -0.8967999815940857 0.4343999922275543
vn 0.08429999649524689 0.19439999759197235 -0.9772999882698059
vn 0.0843999981880188 0.8907999992370605 0.446399986743927
vn 0.08910000324249268 0.29679998755455017 -0.9508000016212463
vn 0.09120000153779984 0.4521999955177307 0.8871999979019165
vn 0.09440000355243683 0.06840000301599503 0.9932000041007996
vn 0.09769999980926514 0.6484000086784363 0.7549999952316284
vn 0.09860000014305115 0.7687000036239624 0.6319000124931335
vn 0.09950000047683716 0.6651999950408936 -0.7400000095367432
vn 0.09969999641180038 -0.9527999758720398 0.28690001368522644
vn 0.10260000079870224 0.835099995136261 0.5404000282287598
vn 0.10490000247955322 -0.19480000436306 0.9751999974250793
vn 0.10660000145435333 -0.1306000053882599 -0.9857000112533569
vn 0.10719999670982361 -0.5846999883651733 0.8041999936103821
vn 0.10750000178813934 0.4124000072479248 -0.9046000242233276
vn 0.10869999974966049 -0.6116999983787537 -0.7835999727249146
vn 0.10920000076293945 0.03269999846816063 0.9934999942779541
vn 0.11330000311136246 0.6758000254631042 -0.7282999753952026
vn 0.11379999667406082 -0.907800018787384 -0.4036000072956085
vn 0.11590000241994858 0.21170000731945038 0.9703999757766724
vn 0.11649999767541885 -0.6675000190734863 -0.7354999780654907
vn 0.11680000275373459 -0.008899999782443047 -0.9930999875068665
vn 0.11749999970197678 -0.2515999972820282 -0.9606999754905701
vn 0.11999999731779099 0.18690000474452972 -0.9750000238418579
vn 0.12110000103712082 0.5109999775886536 -0.8510000109672546
vn 0.12210000306367874 0.1340000033378601 0.9833999872207642
vn 0.12449999898672104 0.13989999890327454 0.9822999835014343
vn 0.1257999986410141 0.8353999853134155 0.5350000262260437
vn 0.12809999287128448 -0.07000000029802322 0.989300012588501
vn 0.13099999725818634 -0.9858999848365784 -0.10400000214576721
vn 0.13330000638961792 0.9896000027656555 0.05339999869465828
vn 0.1339000016450882 -0.11209999769926071 0.9846000075340271
vn 0.13420000672340393 0.5550000071525574 0.820900022983551
vn 0.13740000128746033 0.505299985408783 -0.8518999814987183
vn 0.14010000228881836 0.42559999227523804 -0.8939999938011169
vn 0.1429000049829483 0.15109999477863312 -0.9781000018119812
vn 0.14409999549388885 0.9894000291824341 0.016899999231100082
vn 0.14429999887943268 0.9050999879837036 0.39989998936653137
vn 0.1469999998807907 0.6010000109672546 -0.7856000065803528
vn 0.14749999344348907 -0.0640999972820282 0.9869999885559082
vn 0.149399995803833 0.1687999963760376 0.9743000268936157
vn 0.1527000069618225 0.1234000027179718 -0.9804999828338623
vn 0.15320000052452087 -0.23980000615119934 0.9587000012397766
vn 0.15870000422000885 -0.845300018787384 -0.510200023651123
vn 0.1599999964237213 0.11569999903440475 -0.9803000092506409
vn 0.16099999845027924 0.8578000068664551 -0.48820000886917114
vn 0.16120000183582306 0.33799999952316284 -0.9272000193595886
vn 0.16169999539852142 0.8331999778747559 -0.5286999940872192
vn 0.16509999334812164 0.753000020980835 0.6370000243186951
vn 0.1678999960422516 -0.8077999949455261 -0.5651000142097473
vn 0.17309999465942383 -0.0869000032544136 0.9811000227928162
vn 0.1736000031232834 -0.06430000066757202 -0.982699990272522
vn 0.17419999837875366 0.1996999979019165 -0.9642000198364258
vn 0.17900000512599945 -0.9836999773979187 -0.014999999664723873
vn 0.17990000545978546 -0.12309999763965607 -0.9760000109672546
vn 0.18359999358654022 0.22769999504089355 -0.9562000036239624
vn 0.18520000576972961 -0.03460000082850456 -0.9821000099182129
vn 0.18729999661445618 0.9126999974250793 -0.36320000886917114
vn 0.1899999976158142 -0.27869999408721924 0.9413999915122986
vn 0.19040000438690186 0.6507999897003174 -0.7350000143051147
vn 0.1923000067472458 0.08049999922513962 -0.9779999852180481
vn 0.19269999861717224 0.8540999889373779 -0.4830999970436096
vn 0.19290000200271606 -0.3490000069141388 0.9169999957084656
vn 0.1932000070810318 0.5703999996185303 0.79830002784729
vn 0.19539999961853027 -0.39079999923706055 0.8995000123977661
vn 0.19740000367164612 -0.024399999529123306 0.9800000190734863
vn 0.19820000231266022 -0.6897000074386597 -0.696399986743927
vn 0.19869999587535858 -0.017999999225139618 -0.9799000024795532
vn 0.20360000431537628 -0.5979999899864197 0.7752000093460083
vn 0.20469999313354492 -0.20890000462532043 -0.9563000202178955
vn 0.21150000393390656 -0.9768999814987183 0.03139999881386757
vn 0.21170000731945038 0.6240000128746033 -0.7522000074386597
vn 0.211899995803833 0.8450000286102295 -0.4909999966621399
vn 0.2126999944448471 0.6707000136375427 -0.7105000019073486
vn 0.21369999647140503 -0.1860000044107437 0.9589999914169312
vn 0.21649999916553497 -0.7077000141143799 -0.6725000143051147
vn 0.21729999780654907 -0.2912999987602234 -0.9315999746322632
vn 0.21789999306201935 0.0348999984562397 0.9753000140190125
vn 0.21889999508857727 -0.28369998931884766 -0.9336000084877014
vn 0.22190000116825104 0.13650000095367432 -0.965499997138977
vn 0.2222999930381775 0.08330000191926956 0.9714000225067139
vn 0.22349999845027924 -0.040300000458955765 0.9739000201225281
vn 0.22390000522136688 0.31130000948905945 -0.9236000180244446
vn 0.23170000314712524 0.5098000168800354 -0.828499972820282
vn 0.23229999840259552 -0.5547000169754028 0.7989000082015991
vn 0.2329999953508377 0.7038000226020813 -0.6711000204086304
vn 0.23399999737739563 0.6797000169754028 0.6951000094413757
vn 0.2345000058412552 -0.15520000457763672 -0.9595999717712402
vn 0.23569999635219574 0.669700026512146 -0.704200029373169
vn 0.23639999330043793 0.6703000068664551 -0.7034000158309937
vn 0.23749999701976776 -0.6601999998092651 0.7125999927520752
vn 0.23829999566078186 -0.22120000422000885 0.9456999897956848
vn 0.23849999904632568 0.8406999707221985 0.4862000048160553
vn 0.23899999260902405 -0.21889999508857727 -0.9459999799728394
vn 0.2401999980211258 0.17299999296665192 -0.9552000164985657
vn 0.2425999939441681 -0.35690000653266907 -0.9021000266075134
vn 0.24320000410079956 0.335099995136261 0.9103000164031982
vn 0.24500000476837158 -0.8873000144958496 0.39070001244544983
vn 0.24580000340938568 0.21580000221729279 -0.9449999928474426
vn 0.25049999356269836 -0.16449999809265137 -0.9539999961853027
vn 0.25130000710487366 -0.13379999995231628 0.9585999846458435
vn 0.2531999945640564 -0.6521999835968018 -0.7145000100135803
vn 0.2538999915122986 0.014999999664723873 -0.9671000242233276
vn 0.25540000200271606 0.8557000160217285 0.45010000467300415
vn 0.2653000056743622 0.9144999980926514 -0.30559998750686646
vn 0.26570001244544983 0.1331000030040741 0.954800009727478
vn 0.26600000262260437 -0.4560999870300293 0.8492000102996826
vn 0.26829999685287476 0.9003000259399414 -0.3427000045776367
vn 0.2703000009059906 0.6787999868392944 0.6827999949455261
vn 0.27090001106262207 0.6054999828338623 0.7483999729156494
vn 0.27309998869895935 -0.21889999508857727 0.9366999864578247
vn 0.274399995803833 -0.3935999870300293 0.8773999810218811
vn 0.27709999680519104 0.44339999556541443 0.852400004863739
vn 0.2791000008583069 0.7300000190734863 -0.6237999796867371
vn 0.2797999978065491 0.6365000009536743 -0.7188000082969666
vn 0.28119999170303345 0.030300000682473183 0.9592000246047974
vn 0.28450000286102295 0.8199999928474426 0.4966000020503998
vn 0.2847999930381775 -0.4564000070095062 -0.8429999947547913
vn 0.2849000096321106 -0.17730000615119934 -0.9419999718666077
vn 0.28600001335144043 -0.7211999893188477 0.6309000253677368
vn 0.28630000352859497 -0.6323000192642212 0.7199000120162964
vn 0.2883000075817108 -0.1598999947309494 -0.944100022315979
vn 0.28839999437332153 0.5983999967575073 -0.7475000023841858
vn 0.28859999775886536 0.21649999916553497 -0.9326000213623047
vn 0.29019999504089355 0.4275999963283539 -0.8561000227928162
vn 0.29339998960494995 0.1873999983072281 0.9375
vn 0.29589998722076416 0.3068000078201294 -0.9046000242233276
vn 0.2962000072002411 -0.6133999824523926 0.732200026512146
vn 0.29980000853538513 -0.21660000085830688 0.929099977016449
vn 0.3050999939441681 -0.5738999843597412 -0.7599999904632568
vn 0.3086000084877014 -0.616100013256073 -0.7246999740600586
vn 0.31049999594688416 0.6150000095367432 -0.7249000072479248
vn 0.31060001254081726 -0.24639999866485596 0.9179999828338623
vn 0.310699999332428 -0.8741000294685364 -0.3732999861240387
vn 0.3125999867916107 0.5942999720573425 0.7409999966621399
vn 0.31279999017715454 0.8310999870300293 -0.45980000495910645
vn 0.3147999942302704 0.3127000033855438 -0.8962000012397766
vn 0.3158000111579895 0.76419997215271 -0.5623999834060669
vn 0.31679999828338623 0.7376999855041504 -0.5961999893188477
vn 0.31790000200271606 0.3968999981880188 0.8610000014305115
vn 0.320499986410141 0.23489999771118164 0.9176999926567078
vn 0.32089999318122864 -0.46309998631477356 -0.826200008392334
vn 0.32260000705718994 0.6995999813079834 0.6376000046730042
vn 0.32280001044273376 -0.6359000205993652 -0.7009999752044678
vn 0.32280001044273376 0.11810000240802765 0.9391000270843506
vn 0.323199987411499 0.9409999847412109 0.1005999967455864
vn 0.3260999917984009 0.839900016784668 0.43389999866485596
vn 0.3319999873638153 0.012000000104308128 -0.9431999921798706
vn 0.33399999141693115 0.2736999988555908 -0.9020000100135803
vn 0.334199994802475 0.734000027179718 -0.5911999940872192
vn 0.33799999952316284 0.42989999055862427 0.8373000025749207
vn 0.3386000096797943 0.19110000133514404 -0.9212999939918518
vn 0.34360000491142273 -0.8100000023841858 -0.47530001401901245
vn 0.3458000123500824 -0.6697999835014343 0.6571999788284302
vn 0.3458000123500824 -0.4499000012874603 -0.8234000205993652
vn 0.35040000081062317 -0.23899999260902405 -0.9056000113487244
vn 0.3522000014781952 -0.9304999709129333 0.10080000013113022
vn 0.352400004863739 0.637499988079071 0.6851999759674072
vn 0.352400004863739 0.8794999718666077 0.3197000026702881
vn 0.35249999165534973 -0.18019999563694 0.9182999730110168
vn 0.3544999957084656 0.42410001158714294 -0.833299994468689
vn 0.35510000586509705 -0.900600016117096 0.25060001015663147
vn 0.3580000102519989 0.28859999775886536 -0.8880000114440918
vn 0.3589000105857849 0.6103000044822693 0.7062000036239624
vn 0.35899999737739563 -0.436599999666214 0.8248999714851379
vn 0.3594000041484833 -0.11230000108480453 0.9264000058174133
vn 0.36160001158714294 -0.10840000212192535 -0.9259999990463257
vn 0.36399999260902405 0.9314000010490417 -0.0005000000237487257
vn 0.3652999997138977 0.7612000107765198 0.5357999801635742
vn 0.36809998750686646 0.44929999113082886 -0.8140000104904175
vn 0.36970001459121704 0.031599998474121094 0.928600013256073
vn 0.3700000047683716 -0.007600000128149986 0.9290000200271606
vn 0.37310001254081726 0.9257000088691711 0.062199998646974564
vn 0.3734999895095825 -0.22509999573230743 -0.8999000191688538
vn 0.37380000948905945 0.5830000042915344 -0.7213000059127808
vn 0.37450000643730164 0.8314999938011169 -0.41040000319480896
vn 0.3763999938964844 -0.6899999976158142 0.6182000041007996
vn 0.376800000667572 -0.0982000008225441 -0.9211000204086304
vn 0.3776000142097473 -0.40959998965263367 -0.8305000066757202
vn 0.38089999556541443 0.5091999769210815 0.7717999815940857
vn 0.38580000400543213 -0.010499999858438969 0.9225000143051147
vn 0.38690000772476196 0.5946000218391418 0.704800009727478
vn 0.3880999982357025 -0.4133000075817108 -0.8238000273704529
vn 0.3889999985694885 -0.8105000257492065 0.43790000677108765
vn 0.3939000070095062 0.7620999813079834 0.5138999819755554
vn 0.3950999975204468 0.802299976348877 0.44749999046325684
vn 0.3962000012397766 -0.22949999570846558 -0.8889999985694885
vn 0.3984000086784363 0.5641999840736389 0.7231000065803528
vn 0.4000000059604645 -0.3905999958515167 0.8291000127792358
vn 0.4009000062942505 -0.39800000190734863 -0.8252000212669373
vn 0.4011000096797943 -0.3612000048160553 -0.8417999744415283
vn 0.4027000069618225 -0.5364000201225281 0.7416999936103821
vn 0.4036000072956085 0.05460000038146973 -0.9132999777793884
vn 0.40380001068115234 0.1875 0.8953999876976013
vn 0.40400001406669617 0.4341000020503998 -0.8051999807357788
vn 0.40470001101493835 0.8396000266075134 0.36230000853538513
vn 0.40610000491142273 0.014399999752640724 -0.9136999845504761
vn 0.4081999957561493 -0.5924999713897705 0.6944000124931335
vn 0.4117000102996826 0.011599999852478504 -0.911300003528595
vn 0.4120999872684479 0.20520000159740448 0.8877000212669373
vn 0.413100004196167 0.646399974822998 0.6414999961853027
vn 0.41359999775886536 0.6355000138282776 -0.6520000100135803
vn 0.4146000146865845 0.5422999858856201 -0.7307999730110168
vn 0.41589999198913574 -0.11620000004768372 -0.9020000100135803
vn 0.4163999855518341 0.9070000052452087 -0.06289999932050705
vn 0.420199990272522 -0.12030000239610672 0.899399995803833
vn 0.4203999936580658 0.2696000039577484 0.8664000034332275
vn 0.4228000044822693 0.7736999988555908 0.4717000126838684
vn 0.4239000082015991 0.7013999819755554 0.5730000138282776
vn 0.4244000017642975 0.039500001817941666 0.9046000242233276
vn 0.424699991941452 0.8776000142097473 0.2223999947309494
vn 0.4262999892234802 0.6894000172615051 -0.5856999754905701
vn 0.4318000078201294 0.7319999933242798 -0.5270000100135803
vn 0.43220001459121704 0.41769999265670776 -0.7991999983787537
vn 0.43299999833106995 0.7057999968528748 0.560699999332428
vn 0.4343999922275543 0.7186999917030334 -0.542900025844574
vn 0.43689998984336853 -0.28369998931884766 0.853600025177002
vn 0.4392000138759613 0.7851999998092651 0.436599999666214
vn 0.4397999942302704 0.6244999766349792 0.6453999876976013
vn 0.4399999976158142 -0.6176000237464905 -0.6518999934196472
vn 0.44020000100135803 0.24629999697208405 0.8633999824523926
vn 0.4415999948978424 -0.7128999829292297 -0.544700026512146
vn 0.44190001487731934 0.1039000004529953 -0.890999972820282
vn 0.44290000200271606 0.8414999842643738 -0.3093000054359436
vn 0.44510000944137573 0.4553999900817871 0.7710999846458435
vn 0.4471000134944916 -0.19539999961853027 -0.8729000091552734
vn 0.4496000111103058 -0.29420000314712524 -0.8434000015258789
vn 0.45019999146461487 0.7437999844551086 -0.49399998784065247
vn 0.450300008058548 0.891700029373169 -0.04529999941587448
vn 0.4519999921321869 -0.739799976348877 -0.4982999861240387
vn 0.46380001306533813 0.27709999680519104 0.8414999842643738
vn 0.46380001306533813 0.4318999946117401 -0.7735000252723694
vn 0.46480000019073486 -0.19709999859333038 0.8632000088691711
vn 0.4650999903678894 0.12160000205039978 0.8769000172615051
vn 0.46790000796318054 0.24629999697208405 0.848800003528595
vn 0.4684000015258789 0.8815000057220459 0.05959999933838844
vn 0.46889999508857727 -0.3122999966144562 0.826200008392334
vn 0.4715999960899353 0.6830999851226807 -0.5576000213623047
vn 0.47200000286102295 0.7105000019073486 0.5220000147819519
vn 0.4733000099658966 -0.5947999954223633 0.6496999859809875
vn 0.47450000047683716 0.4309000074863434 0.7675999999046326
vn 0.4796000123023987 0.8773999810218811 -0.012600000016391277
vn 0.4805000126361847 0.7110000252723694 -0.5134000182151794
vn 0.4812000095844269 0.016599999740719795 0.8765000104904175
vn 0.48429998755455017 0.8036999702453613 -0.3456999957561493
vn 0.4846000075340271 0.76910001039505 0.41670000553131104
vn 0.48539999127388 0.06390000134706497 0.8719000220298767
vn 0.4855000078678131 0.7059999704360962 -0.5156999826431274
vn 0.4887000024318695 0.8199999928474426 -0.2980000078678131
vn 0.48910000920295715 -0.7797999978065491 -0.39070001244544983
vn 0.489300012588501 -0.07999999821186066 -0.868399977684021
vn 0.4893999993801117 0.15029999613761902 0.859000027179718
vn 0.49129998683929443 0.014700000174343586 0.8708999752998352
vn 0.4925999939441681 -0.8629999756813049 0.11219999939203262
vn 0.49549999833106995 0.06549999862909317 0.866100013256073
vn 0.49810001254081726 0.817300021648407 0.2897000014781952
vn 0.49880000948905945 0.6880999803543091 0.5270000100135803
vn 0.5004000067710876 -0.24889999628067017 -0.8292999863624573
vn 0.5044999718666077 0.6965000033378601 0.510200023651123
vn 0.5060999989509583 -0.5001999735832214 0.7026000022888184
vn 0.5074999928474426 0.6614000201225281 -0.5522000193595886
vn 0.5080000162124634 0.5831999778747559 -0.633899986743927
vn 0.5088000297546387 0.6929000020027161 -0.5109000205993652
vn 0.5120000243186951 -0.4828999936580658 -0.7103999853134155
vn 0.5123000144958496 0.12559999525547028 -0.8496000170707703
vn 0.5170999765396118 -0.36480000615119934 0.7742999792098999
vn 0.5181999802589417 0.3005000054836273 -0.8007000088691711
vn 0.5228999853134155 -0.7688000202178955 0.3682999908924103
vn 0.5242999792098999 0.05660000070929527 0.8496999740600586
vn 0.5277000069618225 0.2718999981880188 0.8047999739646912
vn 0.5300999879837036 0.7684999704360962 0.35839998722076416
vn 0.5307999849319458 -0.7678999900817871 -0.3587000072002411
vn 0.531000018119812 0.4661000072956085 -0.7075999975204468
vn 0.5315999984741211 -0.7767000198364258 -0.3379000127315521
vn 0.5354999899864197 -0.807699978351593 -0.24650000035762787
vn 0.5389000177383423 0.10119999945163727 0.8363000154495239
vn 0.5397999882698059 -0.7021999955177307 0.4643000066280365
vn 0.5400999784469604 -0.6305000185966492 0.5575000047683716
vn 0.5406000018119812 0.5964999794960022 -0.5932000279426575
vn 0.5410000085830688 -0.5913000106811523 0.5981000065803528
vn 0.5437999963760376 -0.6363999843597412 -0.5471000075340271
vn 0.5468999743461609 0.36329999566078186 0.7542999982833862
vn 0.5501000285148621 -0.10639999806880951 0.8282999992370605
vn 0.5509999990463257 -0.703000009059906 0.4496999979019165
vn 0.5539000034332275 -0.18490000069141388 0.8118000030517578
vn 0.5594000220298767 0.5892999768257141 -0.5828999876976013
vn 0.5597000122070312 -0.21070000529289246 -0.8015000224113464
vn 0.5598999857902527 0.6173999905586243 0.5525000095367432
vn 0.5611000061035156 0.774399995803833 0.29249998927116394
vn 0.565500020980835 0.07639999687671661 0.8212000131607056
vn 0.5676000118255615 -0.11699999868869781 -0.8148999810218811
vn 0.5727999806404114 -0.09359999746084213 -0.814300000667572
vn 0.573199987411499 0.7542999982833862 -0.32010000944137573
vn 0.5735999941825867 -0.42590001225471497 -0.6998000144958496
vn 0.574999988079071 0.1770000010728836 0.798799991607666
vn 0.5766000151634216 0.27079999446868896 0.7709000110626221
vn 0.5781999826431274 -0.1964000016450882 0.7918999791145325
vn 0.5788999795913696 -0.11810000240802765 0.8068000078201294
vn 0.579200029373169 0.7484999895095825 -0.3230000138282776
vn 0.5799999833106995 -0.17100000381469727 -0.796500027179718
vn 0.5809000134468079 -0.6618000268936157 -0.47380000352859497
vn 0.5817000269889832 -0.21089999377727509 -0.7856000065803528
vn 0.583899974822998 0.5242999792098999 0.6197999715805054
vn 0.5885999798774719 -0.09640000015497208 -0.8026000261306763
vn 0.5891000032424927 -0.22939999401569366 -0.7748000025749207
vn 0.5942000150680542 0.5153999924659729 0.6175000071525574
vn 0.5946999788284302 0.08730000257492065 0.7991999983787537
vn 0.5953999757766724 0.008999999612569809 0.8033999800682068
vn 0.5956000089645386 0.7515000104904175 0.28360000252723694
vn 0.5961999893188477 0.7967000007629395 -0.09939999878406525
vn 0.5963000059127808 -0.6721000075340271 0.4390999972820282
vn 0.5964999794960022 -0.8008999824523926 -0.05260000005364418
vn 0.597100019454956 -0.03189999982714653 -0.8015000224113464
vn 0.5974000096321106 0.3695000112056732 0.7117000222206116
vn 0.6014000177383423 -0.7990000247955322 -0.001500000013038516
vn 0.6021999716758728 -0.6309999823570251 0.48910000920295715
vn 0.6025000214576721 0.1046999990940094 -0.7911999821662903
vn 0.6033999919891357 -0.35269999504089355 -0.7152000069618225
vn 0.60589998960495 0.7483999729156494 -0.26969999074935913
vn 0.6067000031471252 0.6998000144958496 -0.37700000405311584
vn 0.6092000007629395 0.37220001220703125 -0.7002999782562256
vn 0.6107000112533569 0.1551000028848648 -0.7764999866485596
vn 0.6116999983787537 -0.17030000686645508 -0.7724999785423279
vn 0.6129999756813049 0.7014999985694885 0.36340001225471497
vn 0.6136000156402588 -0.003800000064074993 -0.7896000146865845
vn 0.6139000058174133 0.38830000162124634 -0.6873000264167786
vn 0.6144000291824341 0.7609999775886536 -0.20829999446868896
vn 0.6150000095367432 -0.24289999902248383 0.7501999735832214
vn 0.6151000261306763 -0.7689999938011169 0.17409999668598175
vn 0.6152999997138977 0.6413999795913696 0.45820000767707825
vn 0.6154999732971191 0.6916000247001648 -0.37790000438690186
vn 0.6166999936103821 -0.6122000217437744 0.4948999881744385
vn 0.6169999837875366 0.7498000264167786 -0.23919999599456787
vn 0.6176000237464905 -0.7050999999046326 -0.3483999967575073
vn 0.6176999807357788 0.5831999778747559 0.5275999903678894
vn 0.618399977684021 0.7199000120162964 0.3149999976158142
vn 0.6197999715805054 0.37040001153945923 0.6917999982833862
vn 0.6223000288009644 0.1534000039100647 0.7675999999046326
vn 0.6226000189781189 0.5701000094413757 0.5360000133514404
vn 0.6254000067710876 0.46459999680519104 -0.6269000172615051
vn 0.6261000037193298 0.6895999908447266 -0.36390000581741333
vn 0.6279000043869019 0.597000002861023 -0.4993000030517578
vn 0.6291999816894531 -0.2962999939918518 -0.718500018119812
vn 0.6298999786376953 -0.11620000004768372 -0.7678999900817871
vn 0.6340000033378601 0.618399977684021 0.4643999934196472
vn 0.6347000002861023 0.6973000168800354 0.33320000767707825
vn 0.6377000212669373 0.6628999710083008 0.392300009727478
vn 0.6380000114440918 -0.5843999981880188 -0.5015000104904175
vn 0.6389999985694885 -0.6585999727249146 0.39730000495910645
vn 0.6398000121116638 0.04800000041723251 -0.7670000195503235
vn 0.6406000256538391 0.41290000081062317 -0.6474000215530396
vn 0.6420999765396118 -0.60589998960495 0.46970000863075256
vn 0.6432999968528748 0.5788999795913696 -0.5009999871253967
vn 0.6439999938011169 0.7648000121116638 0.019099999219179153
vn 0.6453999876976013 0.6310999989509583 -0.430400013923645
vn 0.6470000147819519 0.7559000253677368 -0.10019999742507935
vn 0.6485999822616577 0.6757000088691711 -0.35030001401901245
vn 0.6492999792098999 -0.6995999813079834 -0.29829999804496765
vn 0.6496999859809875 -0.6657000184059143 0.36719998717308044
vn 0.6499999761581421 0.49079999327659607 0.5802000164985657
vn 0.652400016784668 -0.01269999984651804 -0.7577999830245972
vn 0.6557999849319458 0.34279999136924744 0.6725999712944031
vn 0.656000018119812 0.7537999749183655 -0.03840000182390213
vn 0.6560999751091003 0.6625999808311462 -0.361299991607666
vn 0.6565999984741211 0.10899999737739563 -0.7462999820709229
vn 0.6603000164031982 -0.31619998812675476 0.6812000274658203
vn 0.6607999801635742 -0.12870000302791595 0.7394999861717224
vn 0.6614999771118164 0.1468999981880188 0.7354000210762024
vn 0.6614999771118164 0.7063999772071838 -0.25189998745918274
vn 0.661899983882904 -0.021299999207258224 0.7493000030517578
vn 0.6624000072479248 0.42340001463890076 -0.6180999875068665
vn 0.6626999974250793 -0.13449999690055847 0.7366999983787537
vn 0.6632000207901001 -0.7236999869346619 0.1907999962568283
vn 0.6635000109672546 0.1826999932527542 -0.7254999876022339
vn 0.6638000011444092 0.6726999878883362 0.3269999921321869
vn 0.6646000146865845 0.16279999911785126 0.729200005531311
vn 0.6650999784469604 0.20229999721050262 -0.7188000082969666
vn 0.666100025177002 -0.7192000150680542 -0.1973000019788742
vn 0.6672999858856201 0.4875999987125397 0.5630000233650208
vn 0.6678000092506409 0.612500011920929 -0.42289999127388
vn 0.6685000061988831 0.08760000020265579 -0.7386000156402588
vn 0.6687999963760376 0.12330000102519989 0.7330999970436096
vn 0.670199990272522 0.10790000110864639 0.7343000173568726
vn 0.6705999970436096 -0.7289000153541565 -0.13750000298023224
vn 0.6708999872207642 -0.6753000020980835 0.30640000104904175
vn 0.6725999712944031 0.4228000044822693 -0.6072999835014343
vn 0.6728000044822693 -0.6827999949455261 0.2847000062465668
vn 0.6736000180244446 -0.5674999952316284 -0.47360000014305115
vn 0.6740000247955322 -0.18860000371932983 0.7142999768257141
vn 0.6744999885559082 -0.09080000221729279 -0.732699990272522
vn 0.675599992275238 0.26440000534057617 0.6881999969482422
vn 0.675599992275238 0.6420000195503235 -0.36250001192092896
vn 0.6758000254631042 -0.14830000698566437 0.722000002861023
vn 0.6765000224113464 0.6176999807357788 0.4009000062942505
vn 0.6780999898910522 0.6262999773025513 0.38449999690055847
vn 0.6784999966621399 -0.020800000056624413 -0.7343000173568726
vn 0.678600013256073 0.675599992275238 0.2883000075817108
vn 0.6787999868392944 0.043800000101327896 0.7329999804496765
vn 0.679099977016449 0.39959999918937683 -0.6157000064849854
vn 0.6791999936103821 0.12430000305175781 0.7232999801635742
vn 0.6801999807357788 0.04259999841451645 0.7318000197410583
vn 0.6822999715805054 0.0024999999441206455 0.7310000061988831
vn 0.6845999956130981 0.728600025177002 0.021299999207258224
vn 0.6884999871253967 0.14390000700950623 -0.7107999920845032
vn 0.6888999938964844 -0.1695999950170517 0.704800009727478
vn 0.6897000074386597 0.7172999978065491 -0.0989999994635582
vn 0.6919000148773193 0.7046999931335449 0.15690000355243683
vn 0.6933000087738037 0.585099995136261 -0.4207000136375427
vn 0.6973000168800354 -0.6966999769210815 0.16840000450611115
vn 0.6976000070571899 0.5042999982833862 -0.5090000033378601
vn 0.6980000138282776 0.5203999876976013 0.4918999969959259
vn 0.7039999961853027 -0.24619999527931213 0.6661999821662903
vn 0.7056000232696533 0.692799985408783 0.148499995470047
vn 0.7064999938011169 0.6913999915122986 -0.15109999477863312
vn 0.7077999711036682 -0.11729999631643295 -0.6966000199317932
vn 0.7099000215530396 0.6449000239372253 -0.2831999957561493
vn 0.7134000062942505 0.6401000022888184 0.2851000130176544
vn 0.7175999879837036 0.5860999822616577 -0.37610000371932983
vn 0.7181000113487244 0.6269999742507935 0.3019999861717224
vn 0.7210000157356262 0.13369999825954437 0.6798999905586243
vn 0.722100019454956 -0.5906000137329102 -0.3601999878883362
vn 0.7222999930381775 -0.5404999852180481 0.43140000104904175
vn 0.7232000231742859 0.4239000082015991 -0.545199990272522
vn 0.7247999906539917 0.5967000126838684 0.34450000524520874
vn 0.7251999974250793 -0.6879000067710876 -0.028999999165534973
vn 0.7269999980926514 -0.4731999933719635 -0.4975999891757965
vn 0.7282000184059143 0.39239999651908875 0.5619000196456909
vn 0.728600025177002 0.08139999955892563 -0.6801000237464905
vn 0.7289999723434448 -0.6815000176429749 0.0640999972820282
vn 0.7289999723434448 0.37369999289512634 -0.5734999775886536
vn 0.7297000288963318 0.1412999927997589 -0.6690000295639038
vn 0.7297999858856201 -0.23739999532699585 -0.6412000060081482
vn 0.730400025844574 0.6624000072479248 -0.1665000021457672
vn 0.7304999828338623 0.3912999927997589 0.5597000122070312
vn 0.7342000007629395 0.5773000121116638 0.35740000009536743
vn 0.73580002784729 0.6761999726295471 0.03590000048279762
vn 0.7366999983787537 0.4212000072002411 -0.5289999842643738
vn 0.7369999885559082 0.6256999969482422 -0.2556999921798706
vn 0.739300012588501 0.6632000207901001 -0.11699999868869781
vn 0.7394000291824341 -0.4837000072002411 -0.4683000147342682
vn 0.7405999898910522 -0.6549000144004822 0.1500999927520752
vn 0.7408000230789185 -0.09969999641180038 0.6643000245094299
vn 0.7423999905586243 0.6370999813079834 0.20720000565052032
vn 0.7437000274658203 -0.09539999812841415 0.6617000102996826
vn 0.7448999881744385 0.3061000108718872 0.5928000211715698
vn 0.745199978351593 -0.42989999055862427 0.5098000168800354
vn 0.7484999895095825 -0.6502000093460083 -0.13009999692440033
vn 0.7488999962806702 -0.2485000044107437 -0.614300012588501
vn 0.7494000196456909 0.013700000010430813 -0.6620000004768372
vn 0.7516000270843506 0.5267999768257141 0.3970000147819519
vn 0.7537999749183655 0.6424999833106995 -0.13779999315738678
vn 0.7541999816894531 0.060499999672174454 0.6539000272750854
vn 0.757099986076355 0.21089999377727509 -0.618399977684021
vn 0.7577000260353088 0.15440000593662262 0.6340000033378601
vn 0.7592999935150146 -0.18539999425411224 -0.6237999796867371
vn 0.7613000273704529 -0.18520000576972961 -0.6215000152587891
vn 0.7621999979019165 -0.6140000224113464 -0.20509999990463257
vn 0.7623999714851379 0.642799973487854 0.07410000264644623
vn 0.7667999863624573 0.4458000063896179 -0.4618000090122223
vn 0.7677000164985657 0.6380000114440918 -0.05939999967813492
vn 0.7692999839782715 -0.6308000087738037 -0.1014999970793724
vn 0.769599974155426 -0.1712000072002411 0.6151999831199646
vn 0.7696999907493591 0.045499999076128006 -0.6366999745368958
vn 0.7720999717712402 -0.010499999858438969 -0.6353999972343445
vn 0.7767999768257141 0.11890000104904175 0.618399977684021
vn 0.7774999737739563 0.6284999847412109 -0.023600000888109207
vn 0.7778000235557556 -0.3179999887943268 -0.5422000288963318
vn 0.7839000225067139 0.021700000390410423 0.6205000281333923
vn 0.7843000292778015 0.619700014591217 0.029200000688433647
vn 0.784600019454956 0.09570000320672989 -0.612500011920929
vn 0.7865999937057495 -0.27390000224113464 0.5533999800682068
vn 0.7868000268936157 -0.32350000739097595 -0.525600016117096
vn 0.7886000275611877 0.5472000241279602 -0.28040000796318054
vn 0.7901999950408936 0.041099999099969864 -0.6115000247955322
vn 0.7903000116348267 0.5993000268936157 0.12720000743865967
vn 0.7921000123023987 0.09309999644756317 -0.6032000184059143
vn 0.7957000136375427 -0.12780000269412994 -0.5920000076293945
vn 0.7958999872207642 -0.4487999975681305 -0.40630000829696655
vn 0.7961999773979187 -0.1054999977350235 0.5957000255584717
vn 0.7968000173568726 -0.5906999707221985 0.12720000743865967
vn 0.7973999977111816 0.6008999943733215 0.0551999993622303
vn 0.7975999712944031 0.5569999814033508 0.23149999976158142
vn 0.7980999946594238 -0.6018000245094299 -0.02930000051856041
vn 0.7986000180244446 0.11670000106096268 -0.590499997138977
vn 0.7986999750137329 -0.3774999976158142 0.46860000491142273
vn 0.7986999750137329 0.4749999940395355 0.3693000078201294
vn 0.7991999983787537 -0.6010000109672546 -0.009800000116229057
vn 0.8001000285148621 0.5920000076293945 -0.09650000184774399
vn 0.8054999709129333 0.5634999871253967 0.18330000340938568
vn 0.8083000183105469 -0.057100001722574234 -0.5859000086784363
vn 0.8108999729156494 -0.5631999969482422 0.15919999778270721
vn 0.8108999729156494 -0.19359999895095825 0.5522000193595886
vn 0.8108999729156494 0.5814999938011169 0.06480000168085098
vn 0.8115000128746033 0.5012000203132629 -0.3005000054836273
vn 0.8147000074386597 -0.5067999958992004 0.28189998865127563
vn 0.8166999816894531 0.13459999859333038 0.5612000226974487
vn 0.8166999816894531 0.24969999492168427 -0.5202000141143799
vn 0.8190000057220459 0.5037999749183655 0.27469998598098755
vn 0.8199999928474426 -0.22630000114440918 0.5256999731063843
vn 0.8205999732017517 -0.36340001225471497 -0.44110000133514404
vn 0.821399986743927 -0.1889999955892563 0.538100004196167
vn 0.822700023651123 -0.3086000084877014 0.477400004863739
vn 0.8258000016212463 0.5627999901771545 -0.035100001841783524
vn 0.8296999931335449 0.00419999985024333 -0.5580999851226807
vn 0.8299999833106995 -0.5533999800682068 0.07039999961853027
vn 0.8310999870300293 0.2777000069618225 -0.48179998993873596
vn 0.8317000269889832 0.5514000058174133 -0.06520000100135803
vn 0.8331999778747559 0.36090001463890076 0.4189000129699707
vn 0.833299994468689 0.5516999959945679 -0.03550000116229057
vn 0.8366000056266785 0.5099999904632568 0.20000000298023224
vn 0.8367000222206116 -0.29120001196861267 -0.46380001306533813
vn 0.8379999995231628 0.2944999933242798 0.4593999981880188
vn 0.8396999835968018 0.5044000148773193 -0.2012999951839447
vn 0.8416000008583069 0.35249999165534973 0.4092999994754791
vn 0.8457000255584717 0.14169999957084656 -0.5144000053405762
vn 0.8478000164031982 -0.49410000443458557 -0.19259999692440033
vn 0.8483999967575073 0.10270000249147415 0.5192000269889832
vn 0.8485999703407288 -0.40149998664855957 -0.34459999203681946
vn 0.8486999869346619 0.4074000120162964 -0.33730000257492065
vn 0.8504999876022339 0.15369999408721924 0.503000020980835
vn 0.8511999845504761 0.3492000102996826 0.3917999863624573
vn 0.8564000129699707 0.12309999763965607 -0.5013999938964844
vn 0.8565000295639038 0.05530000105500221 -0.5131999850273132
vn 0.8574000000953674 -0.15049999952316284 0.49219998717308044
vn 0.8590999841690063 0.17970000207424164 0.47920000553131104
vn 0.8597000241279602 -0.3012999892234802 -0.41260001063346863
vn 0.8597999811172485 -0.20909999310970306 -0.4657999873161316
vn 0.8615000247955322 0.1307000070810318 -0.49070000648498535
vn 0.8618999719619751 0.45329999923706055 0.22699999809265137
vn 0.8654000163078308 0.039400000125169754 0.49950000643730164
vn 0.8658999800682068 0.43709999322891235 0.24300000071525574
vn 0.8676000237464905 -0.2583000063896179 -0.42489999532699585
vn 0.8686000108718872 0.18970000743865967 0.4578000009059906
vn 0.8702999949455261 0.3434000015258789 -0.3529999852180481
vn 0.8719000220298767 -0.48899999260902405 0.025800000876188278
vn 0.8722000122070312 0.25679999589920044 -0.4162999987602234
vn 0.8723999857902527 0.018200000748038292 -0.4884999990463257
vn 0.876800000667572 0.45980000495910645 -0.1404000073671341
vn 0.8791000247001648 0.2854999899864197 -0.3817000091075897
vn 0.8795999884605408 -0.3230000138282776 0.34929999709129333
vn 0.8827999830245972 0.3255000114440918 -0.3386000096797943
vn 0.8848999738693237 -0.3702000081539154 0.2827000021934509
vn 0.885699987411499 -0.44850000739097595 0.11999999731779099
vn 0.8877000212669373 -0.0828000009059906 0.4528999924659729
vn 0.8967999815940857 -0.019700000062584877 -0.44200000166893005
vn 0.897599995136261 0.1671999990940094 0.40799999237060547
vn 0.8978999853134155 0.42080000042915344 0.1290999948978424
vn 0.8980000019073486 0.15029999613761902 -0.41339999437332153
vn 0.8996999859809875 0.019500000402331352 -0.4361000061035156
vn 0.9018999934196472 0.24940000474452972 -0.35260000824928284
vn 0.904699981212616 0.31349998712539673 -0.28850001096725464
vn 0.9049999713897705 0.4251999855041504 0.01119999960064888
vn 0.9057000279426575 -0.20239999890327454 0.3725000023841858
vn 0.9057000279426575 0.13729999959468842 -0.4011000096797943
vn 0.9067999720573425 -0.17839999496936798 0.38199999928474426
vn 0.909600019454956 -0.2549999952316284 -0.328000009059906
vn 0.9097999930381775 0.24629999697208405 -0.334199994802475
vn 0.9103000164031982 -0.4058000147342682 -0.08160000294446945
vn 0.9107000231742859 -0.3993000090122223 -0.10570000112056732
vn 0.9120000004768372 0.1525000035762787 -0.38089999556541443
vn 0.9121999740600586 0.148499995470047 -0.38190001249313354
vn 0.9157000184059143 0.20190000534057617 0.3474000096321106
vn 0.9179999828338623 -0.38530001044273376 0.09359999746084213
vn 0.9193000197410583 -0.3650999963283539 -0.14710000157356262
vn 0.920199990272522 -0.34950000047683716 -0.17630000412464142
vn 0.9203000068664551 -0.3725000023841858 0.11940000206232071
vn 0.9208999872207642 0.30390000343322754 -0.24420000612735748
vn 0.92330002784729 0.2754000127315521 -0.2676999866962433
vn 0.92330002784729 0.3840000033378601 -0.013500000350177288
vn 0.9235000014305115 -0.13519999384880066 -0.35910001397132874
vn 0.9235000014305115 -0.1128000020980835 -0.3666999936103821
vn 0.9257000088691711 -0.3707999885082245 -0.07460000365972519
vn 0.9293000102043152 -0.34389999508857727 0.13459999859333038
vn 0.9297999739646912 0.0729999989271164 -0.36079999804496765
vn 0.9300000071525574 -0.26190000772476196 0.257999986410141
vn 0.9319000244140625 -0.36149999499320984 0.031599998474121094
vn 0.9325000047683716 0.36090001463890076 0.01489999983459711
vn 0.9334999918937683 -0.09549999982118607 -0.3456999957561493
vn 0.9340999722480774 -0.1428000032901764 0.3271999955177307
vn 0.9350000023841858 0.094200000166893 -0.3418000042438507
vn 0.9355000257492065 -0.28760001063346863 0.20520000159740448
vn 0.9362999796867371 -0.018699999898672104 -0.3506999909877777
vn 0.9366000294685364 0.35019999742507935 -0.010599999688565731
vn 0.9375 0.23469999432563782 -0.257099986076355
vn 0.9386000037193298 0.09529999643564224 0.33160001039505005
vn 0.9391000270843506 -0.05829999968409538 -0.33869999647140503
vn 0.9402999877929688 -0.1784999966621399 0.289900004863739
vn 0.9416000247001648 -0.16930000483989716 -0.29109999537467957
vn 0.9433000087738037 -0.17440000176429749 0.2822999954223633
vn 0.9444000124931335 -0.17630000412464142 0.2775999903678894
vn 0.945900022983551 -0.21359999477863312 -0.24420000612735748
vn 0.9460999965667725 0.21369999647140503 0.24320000410079956
vn 0.947700023651123 -0.24969999492168427 -0.19869999587535858
vn 0.9477999806404114 -0.2379000037908554 -0.21250000596046448
vn 0.9478999972343445 0.053599998354911804 -0.3138999938964844
vn 0.9480000138282776 -0.18389999866485596 -0.2599000036716461
vn 0.9488000273704529 -0.3156000077724457 0.014000000432133675
vn 0.9488999843597412 0.3012000024318695 0.094200000166893
vn 0.9498000144958496 0.11169999837875366 -0.2924000024795532
vn 0.949999988079071 -0.31189998984336853 -0.013000000268220901
vn 0.949999988079071 -0.2827000021934509 0.13300000131130219
vn 0.9513999819755554 -0.24660000205039978 -0.18449999392032623
vn 0.9521999955177307 0.08169999718666077 -0.29429998993873596
vn 0.9532999992370605 -0.29660001397132874 0.05779999867081642
vn 0.9538000226020813 0.2953999936580658 0.05550000071525574
vn 0.9574000239372253 -0.1776999980211258 -0.22769999504089355
vn 0.9580000042915344 0.023900000378489494 0.2856000065803528
vn 0.9581000208854675 -0.14589999616146088 0.24660000205039978
vn 0.9591000080108643 0.23440000414848328 -0.15889999270439148
vn 0.9595000147819519 0.23100000619888306 0.16140000522136688
vn 0.9596999883651733 -0.23759999871253967 0.1501999944448471
vn 0.9603000283241272 -0.09910000115633011 0.260699987411499
vn 0.9613999724388123 0.049400001764297485 -0.27070000767707825
vn 0.9624000191688538 0.08500000089406967 0.2581000030040741
vn 0.9628000259399414 -0.1656000018119812 -0.21359999477863312
vn 0.9632999897003174 0.26759999990463257 -0.023399999365210533
vn 0.9635999798774719 0.26420000195503235 -0.041999999433755875
vn 0.9652000069618225 -0.25949999690055847 -0.032600000500679016
vn 0.9656999707221985 0.25619998574256897 -0.04190000146627426
vn 0.96670001745224 0.17030000686645508 0.19120000302791595
vn 0.9684000015258789 0.21330000460147858 0.12919999659061432
vn 0.9692000150680542 -0.1371999979019165 -0.20430000126361847
vn 0.9697999954223633 -0.23579999804496765 -0.06270000338554382
vn 0.9700000286102295 -0.09179999679327011 0.22519999742507935
vn 0.9706000089645386 0.2287999987602234 -0.07490000128746033
vn 0.9717000126838684 0.1981000006198883 -0.12839999794960022
vn 0.9718000292778015 0.2125999927520752 -0.1014999970793724
vn 0.9728000164031982 -0.20479999482631683 -0.10859999805688858
vn 0.9728000164031982 0.23149999976158142 0.006300000008195639
vn 0.9746000170707703 -0.20749999582767487 0.0843999981880188
vn 0.9750000238418579 0.22210000455379486 -0.008100000210106373
vn 0.9757000207901001 0.17339999973773956 0.13359999656677246
vn 0.9761999845504761 0.16380000114440918 -0.1421000063419342
vn 0.9772999882698059 0.1573999971151352 0.14149999618530273
vn 0.977400004863739 -0.19380000233650208 -0.08460000157356262
vn 0.9794999957084656 -0.0722000002861023 0.18780000507831573
vn 0.9797999858856201 -0.038100000470876694 -0.19629999995231628
vn 0.9799000024795532 0.18850000202655792 0.065700002014637
vn 0.980400025844574 0.16030000150203705 0.11469999700784683
vn 0.9819999933242798 0.09350000321865082 0.1639000028371811
vn 0.9833999872207642 -0.03750000149011612 -0.1776999980211258
vn 0.9840999841690063 -0.17749999463558197 0.009399999864399433
vn 0.9847000241279602 0.15150000154972076 0.08609999716281891
vn 0.98580002784729 -0.0934000015258789 -0.13989999890327454
vn 0.986299991607666 -0.011500000022351742 0.16449999809265137
vn 0.9865000247955322 0.13269999623298645 -0.09640000015497208
vn 0.9866999983787537 0.06859999895095825 -0.14720000326633453
vn 0.9890000224113464 0.026000000536441803 0.14560000598430634
vn 0.9896000027656555 -0.10909999907016754 -0.09350000321865082
vn 0.9902999997138977 -0.05310000106692314 0.1281999945640564
vn 0.9902999997138977 -0.03180000185966492 0.1354999989271164
vn 0.9904000163078308 -0.12219999730587006 0.06419999897480011
vn 0.9914000034332275 -0.12389999628067017 -0.041999999433755875
vn 0.9918000102043152 -0.07750000059604645 0.10140000283718109
vn 0.9919000267982483 0.12150000035762787 -0.03750000149011612
vn 0.9926000237464905 0.08529999852180481 0.0869000032544136
vn 0.9941999912261963 -0.06270000338554382 -0.0877000018954277
vn 0.9943000078201294 0.06300000101327896 -0.08569999784231186
vn 0.9945999979972839 0.10320000350475311 0.006899999920278788
vn 0.9952999949455261 -0.06859999895095825 0.06840000301599503
vn 0.9966999888420105 0.031099999323487282 -0.07460000365972519
vn 0.9969000220298767 0.016300000250339508 0.07670000195503235
vn 0.9990000128746033 -0.01119999960064888 -0.0421999990940094
f 1/914/139 3/893/132 56/884/210
f 2/2964/16 4/2905/97 25/2904/228
f 3/311/132 12/270/401 56/234/210
f 5/289/182 12/270/401 3/311/132
f 4/3351/97 2/3418/16 7/3396/282
f 7/513/282 2/470/16 9/500/169
f 3/311/132 26/272/347 5/289/182
f 8/2857/206 27/2925/225 4/2910/97
f 27/2925/225 21/2955/332 4/2910/97
f 20/502/470 9/500/169 2/470/16
f 17/3024/335 10/2980/72 5/2963/182
f 10/2980/72 11/2919/298 5/2963/182
f 23/2948/444 28/2932/365 6/2878/142
f 8/2857/206 18/2889/33 27/2925/225
f 24/2984/305 7/3011/282 9/2931/169
f 32/103/539 1/82/139 95/92/252
f 6/2878/142 14/2912/10 31/2837/384
f 20/2883/470 33/2927/480 9/2884/169
f 24/2984/305 9/2931/169 10/2980/72
f 9/2931/169 29/2935/319 10/2980/72
f 11/2919/298 10/2980/72 29/2935/319
f 23/1217/444 6/1202/142 22/1195/784
f 14/2912/10 6/2878/142 28/2932/365
f 31/2837/384 14/2912/10 18/2889/33
f 27/2925/225 18/2889/33 14/2912/10
f 18/691/33 8/699/206 43/666/411
f 40/2796/592 21/2832/332 27/2830/225
f 51/2805/227 8/2857/206 4/2910/97
f 25/499/228 20/502/470 2/470/16
f 29/3152/319 9/3181/169 33/3134/480
f 12/2923/401 5/2963/182 11/2919/298
f 34/913/270 3/893/132 1/914/139
f 39/128/297 1/82/139 32/103/539
f 14/2912/10 28/2932/365 27/2925/225
f 31/2837/384 18/2889/33 43/2836/411
f 42/2790/266 4/2872/97 21/2832/332
f 57/3025/247 10/2980/72 17/3024/335
f 17/2907/335 5/2926/182 54/2829/352
f 56/884/210 35/919/188 1/914/139
f 1/82/139 39/128/297 34/181/270
f 37/1147/383 22/1195/784 6/1202/142
f 6/2878/142 31/2837/384 37/2804/383
f 27/2830/225 28/2856/365 40/2796/592
f 25/3674/228 4/3577/97 42/3576/266
f 7/3545/282 51/3461/227 4/3496/97
f 51/3461/227 7/3545/282 38/3546/68
f 57/3194/247 24/3252/305 10/3279/72
f 54/256/352 5/289/182 26/272/347
f 19/3171/66 47/3116/155 34/3066/270
f 34/913/270 26/881/347 3/893/132
f 95/92/252 1/82/139 35/51/188
f 22/1195/784 45/1198/420 23/1217/444
f 28/2856/365 23/2873/444 45/2819/420
f 49/42/221 16/10/26 38/40/68
f 44/510/58 13/469/20 36/490/302
f 70/64/382 38/40/68 7/9/282
f 59/3097/267 11/3175/298 29/3152/319
f 12/3174/401 11/3175/298 68/3092/343
f 68/245/343 56/234/210 12/270/401
f 47/874/155 26/881/347 34/913/270
f 90/191/292 34/181/270 39/128/297
f 39/2321/297 32/2260/539 53/2290/113
f 43/666/411 8/699/206 51/667/227
f 13/3532/20 41/3458/93 96/3531/515
f 86/3197/125 38/3259/68 16/3260/26
f 78/50/445 16/10/26 49/42/221
f 109/70/180 38/40/68 70/64/382
f 25/499/228 74/535/402 20/502/470
f 33/3134/480 20/3162/470 74/3083/402
f 68/3092/343 11/3175/298 59/3097/267
f 35/919/188 56/884/210 15/908/43
f 60/3153/130 100/3195/374 15/3228/43
f 39/2321/297 53/2290/113 30/2320/5
f 30/3333/5 53/3285/113 55/3293/341
f 30/3492/5 72/3551/954 63/3559/419
f 30/3333/5 55/3293/341 48/3332/671
f 48/3506/671 72/3551/954 30/3492/5
f 45/1198/420 22/1195/784 37/1147/383
f 145/402/283 37/441/383 31/454/384
f 25/2669/228 42/2699/266 115/2607/83
f 13/2541/20 44/2611/58 115/2607/83
f 115/2607/83 41/2568/93 13/2541/20
f 25/2669/228 115/2607/83 44/2611/58
f 70/3176/382 7/3278/282 24/3252/305
f 62/2828/260 17/2907/335 54/2829/352
f 60/872/130 15/908/43 56/884/210
f 15/3228/43 100/3195/374 102/3232/291
f 87/226/449 19/198/66 34/181/270
f 106/2784/441 28/2856/365 45/2819/420
f 21/2832/332 40/2796/592 73/2774/447
f 42/2790/266 21/2832/332 73/2774/447
f 16/3260/26 46/3196/140 86/3197/125
f 36/490/302 159/547/88 44/510/58
f 64/3093/323 33/3134/480 74/3083/402
f 70/3176/382 24/3252/305 57/3194/247
f 33/3134/480 75/3082/189 59/3097/267
f 29/3152/319 33/3134/480 59/3097/267
f 62/2828/260 57/2838/247 17/2907/335
f 32/103/539 95/92/252 66/112/354
f 53/1111/113 32/1112/539 66/1085/354
f 63/3559/419 39/3560/297 30/3492/5
f 141/1156/682 45/1198/420 37/1147/383
f 37/2561/383 145/2609/283 83/2562/316
f 52/582/198 88/567/104 76/587/108
f 40/2796/592 28/2856/365 106/2784/441
f 41/2568/93 84/2565/31 85/2506/369
f 78/2694/445 67/2632/324 16/2654/26
f 67/3167/324 46/3196/140 16/3260/26
f 38/40/68 109/70/180 137/75/177
f 116/544/151 74/535/402 25/499/228
f 116/544/151 25/499/228 44/510/58
f 13/469/20 96/503/515 36/490/302
f 38/40/68 137/75/177 49/42/221
f 105/2981/312 78/3027/445 49/2945/221
f 82/2649/75 36/2620/302 139/2619/544
f 33/3134/480 64/3093/323 75/3082/189
f 71/2983/183 65/2924/95 47/2949/155
f 26/272/347 47/265/155 54/256/352
f 35/51/188 15/2/43 93/23/465
f 88/567/104 52/582/198 83/531/316
f 73/2774/447 40/2796/592 117/2756/336
f 91/598/25 46/597/140 67/639/324
f 91/598/25 177/552/40 46/597/140
f 101/550/63 43/475/411 51/495/227
f 115/2607/83 42/2699/266 73/2703/447
f 101/550/63 46/597/140 177/552/40
f 41/3458/93 187/3437/525 96/3531/515
f 159/547/88 116/544/151 44/510/58
f 74/672/402 128/702/1 64/713/323
f 75/782/189 58/807/37 59/824/267
f 107/2727/62 57/2688/247 69/2779/65
f 97/779/87 58/807/37 75/782/189
f 65/2924/95 71/2983/183 79/2956/38
f 60/872/130 80/823/21 61/849/175
f 60/872/130 61/849/175 100/878/374
f 47/2949/155 65/2924/95 132/2886/162
f 15/3544/43 102/3516/291 93/3565/465
f 199/297/458 19/198/66 87/226/449
f 87/226/449 34/181/270 90/191/292
f 90/2556/292 39/2591/297 63/2665/419
f 63/3628/419 72/3627/954 112/3706/1394
f 112/3706/1394 72/3627/954 48/3669/671
f 50/3365/141 113/3309/370 149/3363/637
f 45/2658/420 113/2548/370 142/2582/102
f 113/2548/370 50/2507/141 142/2582/102
f 151/2497/559 50/2566/141 149/2505/637
f 178/2600/117 83/2562/316 145/2609/283
f 50/2566/141 151/2497/559 81/2538/18
f 142/2582/102 50/2507/141 81/2525/18
f 76/587/108 88/567/104 91/598/25
f 40/2796/592 106/2784/441 117/2756/336
f 145/402/283 31/454/384 43/440/411
f 115/2607/83 118/2602/86 41/2568/93
f 86/551/125 46/597/140 101/550/63
f 86/551/125 51/495/227 38/526/68
f 116/669/151 128/702/1 74/672/402
f 105/2981/312 49/2945/221 79/2956/38
f 49/2945/221 138/2913/44 79/2956/38
f 82/692/75 139/693/544 122/820/431
f 82/692/75 122/820/431 80/823/21
f 70/2690/382 57/2688/247 107/2727/62
f 64/713/323 97/779/87 75/782/189
f 62/2702/260 69/2779/65 57/2688/247
f 58/807/37 130/822/92 59/824/267
f 60/872/130 133/847/54 80/823/21
f 95/92/252 35/51/188 124/72/192
f 124/72/192 35/51/188 93/23/465
f 99/2606/39 90/2556/292 63/2665/419
f 66/1054/354 94/1091/34 53/1090/113
f 94/1091/34 55/1116/341 53/1090/113
f 55/1116/341 94/1091/34 119/1115/328
f 48/3332/671 55/3293/341 112/3256/1394
f 37/1147/383 83/1080/316 120/1083/731
f 103/2399/974 149/2442/637 113/2400/370
f 106/2687/441 45/2658/420 142/2582/102
f 84/2565/31 81/2525/18 140/2519/490
f 140/2519/490 85/2506/369 84/2565/31
f 101/1412/63 162/1374/253 43/1411/411
f 86/551/125 101/550/63 51/495/227
f 159/3772/88 98/3814/271 116/3773/151
f 126/2783/32 137/2817/177 109/2741/180
f 78/2917/445 105/2894/312 157/2868/688
f 109/2741/180 70/2690/382 107/2727/62
f 97/779/87 64/713/323 128/702/1
f 108/2775/131 107/2727/62 69/2779/65
f 133/847/54 82/692/75 80/823/21
f 62/2702/260 136/2824/9 69/2779/65
f 146/3000/571 79/2956/38 71/2983/183
f 61/849/175 80/823/21 122/820/431
f 132/2816/162 62/2702/260 54/2700/352
f 132/235/162 54/256/352 47/265/155
f 167/3115/547 47/3116/155 19/3171/66
f 179/3635/376 19/3694/66 199/3695/458
f 196/260/476 199/297/458 87/226/449
f 87/226/449 90/191/292 153/220/45
f 66/1054/354 95/1047/252 94/1091/34
f 104/2337/1253 110/2230/1171 112/2233/1394
f 99/2606/39 63/2665/419 121/2612/174
f 110/1862/1171 121/1837/174 63/1845/419
f 110/1862/1171 63/1845/419 112/1873/1394
f 55/3445/341 119/3470/328 165/3512/1172
f 55/3445/341 165/3512/1172 112/3498/1394
f 127/1056/409 83/1080/316 52/1068/198
f 77/3730/1399 129/3774/910 127/3797/409
f 77/1948/1399 127/1954/409 52/1955/198
f 77/3730/1399 120/3729/731 129/3774/910
f 103/3728/974 113/3704/370 158/3640/492
f 120/3657/731 77/3731/1399 123/3658/640
f 81/2525/18 84/2565/31 142/2582/102
f 91/598/25 88/567/104 177/552/40
f 151/2497/559 140/2490/490 81/2538/18
f 73/3697/447 156/3616/234 118/3696/86
f 73/2703/447 118/2602/86 115/2607/83
f 187/3698/525 41/3699/93 85/3617/369
f 98/671/271 128/702/1 116/669/151
f 36/661/302 82/692/75 159/680/88
f 126/2783/32 109/2741/180 108/2775/131
f 98/671/271 144/769/89 97/779/87
f 108/2775/131 109/2741/180 107/2727/62
f 159/680/88 82/692/75 147/780/56
f 105/2894/312 146/2874/571 157/2868/688
f 147/780/56 58/807/37 97/779/87
f 82/692/75 133/847/54 147/780/56
f 138/2913/44 65/2924/95 79/2956/38
f 59/824/267 130/822/92 133/847/54
f 59/824/267 133/847/54 68/877/343
f 136/2824/9 62/2702/260 132/2816/162
f 56/884/210 68/877/343 133/847/54
f 56/884/210 133/847/54 60/872/130
f 167/3115/547 19/3171/66 179/3163/376
f 111/1086/172 124/1053/192 93/1052/465
f 143/2246/1441 110/2230/1171 104/2337/1253
f 112/2233/1394 125/2356/1250 104/2337/1253
f 95/1047/252 119/1115/328 94/1091/34
f 119/1115/328 111/1086/172 89/1104/3
f 153/2564/45 99/2606/39 121/2612/174
f 141/1156/682 37/1147/383 120/1083/731
f 52/1068/198 169/1017/695 170/1026/560
f 170/1026/560 77/1067/1399 52/1068/198
f 83/1080/316 127/1056/409 148/1061/631
f 129/1346/910 83/1382/316 148/1347/631
f 148/1784/631 123/1785/640 129/1762/910
f 127/2309/409 129/2301/910 123/2342/640
f 83/1080/316 129/1069/910 120/1083/731
f 169/640/695 52/582/198 76/587/108
f 106/2643/441 142/2642/102 175/2663/220
f 88/3420/104 83/3421/316 178/3362/117
f 154/2755/375 117/2756/336 106/2784/441
f 142/2582/102 84/2565/31 176/2610/61
f 76/1622/108 91/1609/25 163/1596/694
f 162/403/253 145/402/283 43/440/411
f 91/1609/25 67/1623/324 168/1587/619
f 156/2725/234 73/2774/447 117/2756/336
f 118/2602/86 84/2565/31 41/2568/93
f 177/552/40 162/506/253 101/550/63
f 67/1623/324 78/1618/445 194/1576/397
f 114/2302/1238 160/2298/1209 131/2370/1211
f 137/518/177 138/540/44 49/541/221
f 105/2981/312 79/2956/38 146/3000/571
f 128/702/1 98/671/271 97/779/87
f 138/2834/44 108/2775/131 69/2779/65
f 97/779/87 144/769/89 147/780/56
f 69/2779/65 136/2824/9 138/2834/44
f 58/807/37 147/780/56 130/822/92
f 65/3593/95 138/3524/44 136/3520/9
f 132/3519/162 65/3593/95 136/3520/9
f 100/2539/374 61/2563/175 221/2449/532
f 167/3026/547 71/2983/183 47/2949/155
f 111/1933/172 93/1940/465 197/1908/597
f 153/2564/45 90/2556/292 99/2606/39
f 95/1047/252 124/1053/192 119/1115/328
f 111/1086/172 119/1115/328 124/1053/192
f 92/3790/73 87/3791/449 153/3700/45
f 121/2612/174 92/2592/73 153/2564/45
f 125/2356/1250 112/2233/1394 165/2271/1172
f 174/1861/1120 121/1837/174 110/1862/1171
f 89/3444/3 165/3512/1172 119/3470/328
f 135/2666/603 92/2592/73 121/2612/174
f 89/1941/3 184/1917/591 155/1925/625
f 123/2806/640 77/2772/1399 170/2771/560
f 123/3742/640 148/3663/631 120/3741/731
f 103/3728/974 158/3640/492 149/3609/637
f 76/1622/108 163/1596/694 169/1597/695
f 117/2714/336 154/2671/375 156/2679/234
f 150/1738/78 182/1701/122 134/1497/171
f 150/1738/78 134/1497/171 161/1691/49
f 163/3481/694 91/3550/25 168/3482/619
f 36/2574/302 96/2528/515 139/2510/544
f 114/2302/1238 131/2370/1211 173/2371/1229
f 108/386/131 138/364/44 166/363/157
f 130/822/92 147/780/56 133/847/54
f 167/2861/547 146/2874/571 71/2918/183
f 143/2246/1441 104/2337/1253 172/2311/1212
f 174/2211/1120 110/2230/1171 143/2246/1441
f 135/3262/603 183/3314/608 92/3263/73
f 113/1232/370 45/1198/420 141/1156/682
f 154/2659/375 106/2643/441 175/2663/220
f 134/1497/171 182/1701/122 190/1494/317
f 161/1691/49 134/1497/171 181/1496/289
f 177/3368/40 88/3420/104 178/3362/117
f 175/2601/220 142/2582/102 176/2610/61
f 118/2602/86 176/2610/61 84/2565/31
f 156/2679/234 176/2610/61 118/2602/86
f 85/2515/369 140/2490/490 187/2440/525
f 161/1691/49 185/1757/244 150/1738/78
f 208/63/359 150/62/78 185/96/244
f 194/2583/397 78/2559/445 216/2623/626
f 144/769/89 98/671/271 159/680/88
f 166/1018/157 126/1035/32 108/1036/131
f 137/2817/177 166/2789/157 138/2834/44
f 188/404/1317 160/416/1209 114/439/1238
f 159/680/88 147/780/56 144/769/89
f 61/2563/175 122/2524/431 221/2449/532
f 164/1677/1264 152/1719/1434 180/1676/1226
f 183/3314/608 196/3359/476 87/3281/449
f 183/3314/608 87/3281/449 92/3263/73
f 89/1941/3 111/1933/172 184/1917/591
f 192/542/1235 165/508/1172 89/507/3
f 121/3590/174 191/3510/1196 135/3589/603
f 155/3600/625 192/3692/1235 89/3601/3
f 266/1020/717 141/1156/682 120/1083/731
f 123/2342/640 170/2343/560 127/2309/409
f 154/2671/375 175/2601/220 156/2679/234
f 150/1738/78 222/1739/100 182/1701/122
f 193/1574/542 168/1587/619 67/1623/324
f 137/2817/177 126/2783/32 166/2789/157
f 188/465/1317 114/496/1238 173/494/1229
f 200/2460/541 122/2524/431 139/2510/544
f 102/3232/291 100/3195/374 276/3225/240
f 111/1933/172 197/1908/597 198/1907/505
f 174/2211/1120 143/2246/1441 172/2311/1212
f 184/1917/591 111/1933/172 198/1907/505
f 165/2271/1172 171/2322/1339 125/2356/1250
f 214/2272/1358 165/2271/1172 192/2222/1235
f 266/1020/717 120/1083/731 148/1061/631
f 113/1232/370 141/1156/682 226/1218/765
f 178/532/117 145/468/283 177/552/40
f 177/552/40 145/468/283 162/506/253
f 140/2490/490 151/2497/559 189/2461/895
f 156/2679/234 175/2601/220 176/2610/61
f 187/2440/525 186/2435/485 96/2496/515
f 186/689/485 217/716/676 96/664/515
f 96/2528/515 217/2443/676 139/2510/544
f 216/2809/626 78/2917/445 157/2868/688
f 173/3475/1229 131/3514/1211 201/3447/1099
f 221/2449/532 122/2524/431 200/2460/541
f 275/312/418 199/297/458 196/260/476
f 184/2289/591 214/2272/1358 192/2222/1235
f 155/2194/625 184/2289/591 192/2222/1235
f 127/1056/409 170/1026/560 212/1013/838
f 212/1013/838 170/1026/560 169/1017/695
f 158/3049/492 205/3062/703 149/3095/637
f 205/2455/703 151/2497/559 149/2505/637
f 213/2431/770 140/2490/490 189/2461/895
f 187/2440/525 140/2490/490 213/2431/770
f 248/161/327 208/63/359 185/96/244
f 193/1574/542 67/1623/324 194/1576/397
f 202/3448/1169 201/3447/1099 131/3514/1211
f 228/1778/1475 204/1758/1442 152/1719/1434
f 152/1719/1434 164/1677/1264 228/1778/1475
f 272/2372/1065 125/2356/1250 171/2322/1339
f 121/1837/174 174/1861/1120 191/1874/1196
f 183/990/608 135/989/603 191/1002/1196
f 148/1061/631 127/1056/409 212/1013/838
f 151/2497/559 205/2455/703 189/2461/895
f 182/1701/122 211/1501/167 190/1494/317
f 163/1596/694 236/1558/639 169/1597/695
f 161/1691/49 181/1496/289 206/1684/226
f 241/1553/588 168/1587/619 193/1574/542
f 150/1738/78 208/1765/359 222/1739/100
f 210/1968/1144 160/1967/1209 188/1808/1317
f 203/2818/561 216/2809/626 157/2868/688
f 200/2460/541 139/2510/544 217/2443/676
f 204/1758/1442 188/1808/1317 173/1817/1229
f 203/2818/561 157/2868/688 146/2874/571
f 152/1719/1434 204/1758/1442 195/1743/1427
f 225/2800/555 146/2874/571 167/2861/547
f 180/1676/1226 152/1719/1434 195/1743/1427
f 179/3163/376 282/3137/417 167/3115/547
f 102/3516/291 271/3571/468 93/3565/465
f 258/2292/1076 174/2211/1120 172/2311/1212
f 258/2292/1076 234/2205/1106 174/2211/1120
f 212/1013/838 266/1020/717 148/1061/631
f 226/1218/765 158/1246/492 113/1232/370
f 169/1597/695 236/1558/639 212/1575/838
f 181/1496/289 233/1498/275 206/1684/226
f 223/1683/111 211/1501/167 182/1701/122
f 241/1553/588 163/1596/694 168/1587/619
f 206/1684/226 237/1720/126 161/1691/49
f 186/2435/485 187/2440/525 270/2378/304
f 201/1806/1099 202/1974/1169 224/1802/1424
f 207/1829/1432 210/1968/1144 188/1808/1317
f 228/1778/1475 207/1829/1432 188/1808/1317
f 173/1945/1229 201/1965/1099 227/1946/1479
f 228/1778/1475 188/1808/1317 204/1758/1442
f 227/1783/1479 204/1758/1442 173/1817/1229
f 164/1677/1264 220/1781/1397 228/1778/1475
f 225/2800/555 203/2818/561 146/2874/571
f 229/1668/1151 220/1781/1397 164/1677/1264
f 225/3070/555 167/3115/547 282/3137/417
f 171/2322/1339 165/2271/1172 214/2272/1358
f 234/3611/1106 183/3527/608 191/3610/1196
f 236/1717/639 267/1681/181 212/1689/838
f 134/1007/171 190/1023/317 181/976/289
f 205/2455/703 240/2419/613 189/2461/895
f 240/2419/613 213/2431/770 189/2461/895
f 163/1596/694 241/1553/588 236/1558/639
f 182/1701/122 222/1739/100 223/1683/111
f 187/2440/525 213/2431/770 278/2377/338
f 185/1757/244 161/1691/49 237/1720/126
f 194/2583/397 216/2623/626 250/2594/404
f 217/716/676 186/689/485 262/717/372
f 210/1968/1144 207/1829/1432 209/1939/1356
f 224/1802/1424 202/1974/1169 215/1951/1303
f 218/1831/1403 209/1939/1356 207/1829/1432
f 200/2460/541 217/2443/676 249/2415/219
f 227/1783/1479 201/1806/1099 224/1802/1424
f 195/1743/1427 204/1758/1442 227/1783/1479
f 219/1670/1202 195/1743/1427 224/1802/1424
f 219/1670/1202 180/1676/1226 195/1743/1427
f 100/3195/374 221/3139/532 276/3225/240
f 230/3364/389 196/3359/476 183/3314/608
f 206/2534/226 233/2501/275 231/2511/286
f 213/2431/770 240/2419/613 243/2408/581
f 241/1553/588 193/1574/542 274/1532/366
f 260/1767/321 222/1739/100 208/1765/359
f 319/2362/71 193/2475/542 194/2439/397
f 250/2594/404 216/2623/626 263/2630/173
f 215/795/1303 202/810/1169 238/811/1088
f 131/31/1211 160/71/1209 238/22/1088
f 238/22/1088 160/71/1209 210/99/1144
f 210/99/1144 209/110/1356 235/131/1110
f 235/3541/1110 209/3581/1356 218/3542/1403
f 228/1778/1475 218/1831/1403 207/1829/1432
f 252/1038/254 259/1039/238 203/1078/561
f 227/1783/1479 224/1802/1424 195/1743/1427
f 232/1774/1285 219/1670/1202 224/1802/1424
f 197/65/597 93/23/465 271/32/468
f 174/2211/1120 234/2205/1106 191/2198/1196
f 234/3611/1106 230/3567/389 183/3527/608
f 211/1073/167 254/1076/380 190/1023/317
f 211/1501/167 223/1683/111 254/1491/380
f 231/2511/286 237/2500/126 206/2534/226
f 248/1766/327 185/1757/244 237/1720/126
f 131/3623/1211 238/3624/1088 202/3558/1169
f 224/3525/1424 215/3573/1303 238/3526/1088
f 255/2777/201 216/2809/626 203/2818/561
f 218/1831/1403 220/1781/1397 244/1799/1280
f 220/1781/1397 218/1831/1403 228/1778/1475
f 200/3386/541 249/3387/219 246/3315/249
f 219/1670/1202 232/1774/1285 239/1659/1094
f 276/3225/240 221/3139/532 326/3143/202
f 275/1984/418 196/1995/476 230/2057/389
f 190/1023/317 298/956/713 181/976/289
f 181/976/289 298/956/713 233/898/275
f 223/1683/111 222/1739/100 260/1767/321
f 235/1973/1110 218/1831/1403 244/1799/1280
f 238/1975/1088 232/1774/1285 224/1802/1424
f 225/1074/555 252/1038/254 203/1078/561
f 276/3515/240 271/3571/468 102/3516/291
f 198/1907/505 281/1855/446 184/1917/591
f 233/898/275 298/956/713 269/850/330
f 231/1653/286 233/1498/275 245/1655/98
f 223/1683/111 257/1699/205 254/1491/380
f 213/2431/770 243/2408/581 278/2377/338
f 237/1720/126 231/1653/286 245/1655/98
f 270/2378/304 187/2440/525 278/2377/338
f 274/2427/366 193/2475/542 319/2362/71
f 217/716/676 262/717/372 247/737/454
f 238/1975/1088 256/1822/1261 232/1774/1285
f 203/1078/561 259/1039/238 255/1064/201
f 242/1713/1281 244/1799/1280 220/1781/1397
f 292/3320/288 200/3386/541 246/3315/249
f 229/1668/1151 242/1713/1281 220/1781/1397
f 431/1503/738 180/1554/1226 219/1485/1202
f 179/3789/376 199/3708/458 282/3788/417
f 172/674/1212 104/726/1253 258/658/1076
f 467/897/399 125/792/1250 272/922/1065
f 197/65/597 271/32/468 301/69/364
f 301/1839/364 198/1907/505 197/1908/597
f 272/1457/1065 171/1417/1339 279/1386/1168
f 284/3599/652 230/3567/389 234/3611/1106
f 279/1386/1168 171/1417/1339 214/1371/1358
f 281/3433/446 214/3472/1358 184/3411/591
f 240/322/613 205/305/703 318/304/60
f 237/1720/126 245/1655/98 264/1714/144
f 237/1720/126 264/1714/144 248/1766/327
f 247/1223/454 262/1187/372 253/1208/136
f 268/2769/1044 217/2803/676 251/2762/1300
f 217/2803/676 268/2769/1044 253/2799/136
f 263/2770/173 216/2809/626 255/2777/201
f 256/1822/1261 238/1975/1088 261/1958/1152
f 251/1950/1300 235/1973/1110 244/1799/1280
f 229/1643/1151 164/1598/1264 431/1503/738
f 284/2077/652 275/1984/418 230/2057/389
f 234/2205/1106 258/2292/1076 287/2214/1199
f 266/1020/717 212/1013/838 267/973/181
f 269/1495/330 245/1655/98 233/1498/275
f 223/1683/111 260/1767/321 257/1699/205
f 264/555/144 307/600/435 248/601/327
f 285/3653/127 186/3654/485 270/3568/304
f 250/2594/404 293/2560/85 194/2583/397
f 247/615/454 235/616/1110 251/605/1300
f 247/737/454 251/752/1300 217/716/676
f 247/1223/454 253/1208/136 268/1227/1044
f 249/2415/219 217/2443/676 253/2411/136
f 263/1057/173 259/1039/238 250/1031/404
f 253/3335/136 246/3315/249 249/3387/219
f 300/1021/421 259/1039/238 252/1038/254
f 242/1712/1281 229/1658/1151 286/1674/1047
f 431/1503/738 219/1485/1202 239/1449/1094
f 104/726/1253 125/792/1250 467/897/399
f 279/3464/1168 214/3472/1358 281/3433/446
f 318/3641/60 205/3644/703 158/3583/492
f 273/1687/185 245/1655/98 269/1495/330
f 280/1688/233 265/1511/160 254/1491/380
f 264/1714/144 245/1655/98 273/1687/185
f 257/1699/205 280/1688/233 254/1491/380
f 210/99/1144 235/131/1110 238/22/1088
f 277/1830/1183 256/1822/1261 261/1958/1152
f 283/1825/1249 268/1929/1044 251/1950/1300
f 259/1039/238 263/1057/173 255/1064/201
f 283/1825/1249 251/1950/1300 244/1799/1280
f 297/2376/416 246/2416/249 253/2411/136
f 221/2449/532 200/2460/541 292/2386/288
f 164/1598/1264 180/1554/1226 431/1503/738
f 304/1828/216 198/1907/505 301/1839/364
f 338/1224/511 158/1246/492 226/1218/765
f 323/2361/47 274/2427/366 319/2362/71
f 248/161/327 630/300/729 208/63/359
f 293/2560/85 250/2594/404 351/2621/214
f 235/131/1110 247/168/454 299/189/953
f 256/3477/1261 290/3491/1112 232/3566/1285
f 239/1659/1094 232/1774/1285 367/1706/1218
f 305/953/276 282/1000/417 199/1030/458
f 284/2195/652 234/2205/1106 287/2214/1199
f 338/1224/511 226/1218/765 491/1166/743
f 262/717/372 186/689/485 285/703/127
f 261/3/1152 238/22/1088 296/25/1002
f 277/3538/1183 261/3522/1152 296/3463/1002
f 268/100/1044 299/83/953 247/107/454
f 297/1186/416 253/1208/136 262/1187/372
f 326/2358/202 221/2449/532 292/2386/288
f 329/3465/1030 279/3464/1168 281/3433/446
f 243/2408/581 240/2419/613 355/2340/193
f 321/2339/178 243/2408/581 355/2340/193
f 250/851/404 302/821/533 351/801/214
f 283/84/1249 299/83/953 268/100/1044
f 259/848/238 300/827/421 302/821/533
f 290/3491/1112 367/3476/1218 232/3566/1285
f 286/1652/1047 229/1643/1151 431/1503/738
f 271/3749/468 276/3672/240 369/3748/564
f 318/3641/60 158/3583/492 338/3582/511
f 254/1491/380 265/1511/160 388/1493/575
f 358/2390/120 241/2486/588 274/2427/366
f 278/2377/338 243/2408/581 321/2339/178
f 302/821/533 250/851/404 259/848/238
f 297/2376/416 262/2406/372 294/2374/527
f 225/1074/555 322/1005/186 252/1038/254
f 239/225/1094 367/193/1218 487/223/938
f 225/3070/555 282/3137/417 322/3067/186
f 354/2375/184 236/2471/639 241/2486/588
f 323/2361/47 358/2390/120 274/2427/366
f 264/1714/144 273/1687/185 307/1769/435
f 317/2795/50 270/2858/304 278/2871/338
f 289/3322/134 313/3280/165 379/3334/634
f 293/2352/85 319/2362/71 194/2439/397
f 285/2792/127 313/2763/165 289/2723/134
f 285/703/127 289/686/134 331/725/129
f 294/736/527 262/717/372 285/703/127
f 277/2743/1183 312/2721/1114 256/2720/1261
f 300/1021/421 252/1038/254 346/995/19
f 199/297/458 275/312/418 371/362/269
f 357/2063/161 275/1984/418 284/2077/652
f 304/1828/216 281/1855/446 198/1907/505
f 240/322/613 318/304/60 355/329/193
f 354/2375/184 241/2486/588 358/2390/120
f 319/2362/71 293/2352/85 288/2319/109
f 285/703/127 337/748/245 294/736/527
f 296/1048/1002 340/1079/1042 312/1049/1114
f 277/3538/1183 296/3463/1002 312/3462/1114
f 256/184/1261 312/211/1114 290/185/1112
f 246/2416/249 297/2376/416 356/2347/41
f 286/1674/1047 399/1736/1198 242/1712/1281
f 329/1378/1030 272/1457/1065 279/1386/1168
f 362/3193/199 295/3189/148 332/3234/80
f 295/3189/148 291/3229/121 332/3234/80
f 306/1664/154 267/1681/181 354/1718/184
f 298/956/713 380/793/620 269/850/330
f 317/1625/50 278/1626/338 321/1604/178
f 280/1688/233 257/1699/205 378/1703/295
f 384/1764/300 273/1847/185 342/1779/529
f 273/1847/185 384/1764/300 307/1826/435
f 285/2792/127 317/2795/50 313/2763/165
f 299/3144/953 283/3145/1249 333/3061/1000
f 242/1712/1281 399/1736/1198 244/1798/1280
f 487/1277/938 431/1503/738 239/1449/1094
f 282/1000/417 305/953/276 314/977/156
f 305/390/276 199/297/458 371/362/269
f 341/537/94 281/595/446 304/583/216
f 295/3189/148 365/3230/153 291/3229/121
f 226/1218/765 141/1156/682 266/1020/717
f 345/1243/428 303/1245/11 338/1224/511
f 303/2751/11 318/2786/60 338/2767/511
f 267/1681/181 236/1717/639 354/1718/184
f 190/1023/317 254/1076/380 298/956/713
f 280/1688/233 386/1654/348 265/1511/160
f 269/1793/330 342/1779/529 273/1847/185
f 359/2357/7 358/2390/120 323/2361/47
f 386/3132/348 280/3096/233 378/3068/295
f 410/1381/701 313/1432/165 309/1388/23
f 323/2361/47 288/2319/109 308/2316/112
f 313/2763/165 317/2795/50 309/2768/23
f 317/2795/50 285/2792/127 270/2858/304
f 285/703/127 331/725/129 337/748/245
f 299/3144/953 333/3061/1000 310/3103/1340
f 310/3103/1340 333/3061/1000 360/3053/864
f 294/2374/527 337/2348/245 297/2376/416
f 361/802/194 300/827/421 346/806/19
f 292/2386/288 246/2416/249 356/2347/41
f 322/3067/186 282/3137/417 314/3138/156
f 326/3143/202 316/3231/251 276/3225/240
f 316/2915/251 383/2941/623 276/2961/240
f 383/2941/623 369/2987/564 276/2961/240
f 301/69/364 271/32/468 343/58/388
f 343/58/388 271/32/468 369/1/564
f 275/1984/418 357/2063/161 371/1985/269
f 332/3141/80 291/3040/121 366/3149/114
f 366/3149/114 291/3040/121 335/3072/166
f 291/3040/121 365/3044/153 335/3072/166
f 315/3094/69 366/3017/114 335/3015/166
f 330/2256/549 311/2305/224 320/2291/96
f 320/2291/96 311/2305/224 306/2333/154
f 303/2751/11 373/2724/329 336/2776/17
f 363/2798/12 349/2745/195 309/2768/23
f 323/2361/47 319/2362/71 288/2319/109
f 409/3713/667 288/3652/109 293/3712/85
f 360/3053/864 299/3144/953 310/3103/1340
f 331/1314/129 289/1279/134 339/1298/232
f 361/802/194 302/821/533 300/827/421
f 399/1736/1198 420/1780/1248 244/1798/1280
f 368/951/518 327/981/36 314/977/156
f 322/1005/186 314/977/156 327/981/36
f 356/2347/41 326/2358/202 292/2386/288
f 356/1327/41 324/1312/35 326/1340/202
f 326/1340/202 324/1312/35 316/1301/251
f 314/977/156 305/953/276 372/928/582
f 258/658/1076 104/726/1253 328/812/522
f 343/58/388 369/1/564 415/61/572
f 329/1378/1030 391/1455/1033 272/1457/1065
f 398/2345/1032 287/2392/1199 258/2346/1076
f 295/594/148 348/568/217 453/463/211
f 295/3189/148 453/3192/211 365/3230/153
f 370/2341/28 306/2333/154 354/2375/184
f 303/1181/11 345/1172/428 373/1225/329
f 370/2341/28 320/2291/96 306/2333/154
f 303/2751/11 336/2776/17 318/2786/60
f 347/2306/99 320/2291/96 359/2357/7
f 363/2798/12 336/2776/17 349/2745/195
f 400/2268/665 347/2306/99 308/2316/112
f 363/2798/12 309/2768/23 317/2795/50
f 347/2306/99 359/2357/7 308/2316/112
f 323/2361/47 308/2316/112 359/2357/7
f 309/1388/23 349/1332/195 410/1381/701
f 401/2257/649 308/2316/112 288/2319/109
f 296/25/1002 238/22/1088 705/259/735
f 238/22/1088 235/131/1110 705/259/735
f 376/955/467 293/984/85 334/982/55
f 331/1314/129 339/1298/232 356/1327/41
f 337/2348/245 356/2347/41 297/2376/416
f 356/1327/41 339/1298/232 324/1312/35
f 376/955/467 334/982/55 327/981/36
f 283/3668/1249 408/3667/1117 333/3735/1000
f 327/981/36 334/982/55 346/995/19
f 312/323/1114 404/292/1187 290/327/1112
f 283/1827/1249 244/1798/1280 420/1780/1248
f 459/1430/1086 367/1450/1218 290/1516/1112
f 346/995/19 252/1038/254 322/1005/186
f 305/390/276 371/362/269 412/401/551
f 467/897/399 272/922/1065 391/991/1033
f 357/2254/161 284/2285/652 418/2286/1038
f 329/3465/1030 281/3433/446 341/3397/94
f 377/3105/290 366/3017/114 315/3094/69
f 377/1893/290 315/1859/69 352/1882/990
f 266/1020/717 267/973/181 306/943/154
f 336/2776/17 373/2724/329 349/2745/195
f 359/2357/7 320/2291/96 370/2341/28
f 355/2839/193 363/2798/12 321/2875/178
f 321/2875/178 363/2798/12 317/2795/50
f 288/3071/109 409/3047/667 401/3120/649
f 334/982/55 293/984/85 351/1003/214
f 293/984/85 376/955/467 409/927/667
f 361/1009/194 346/995/19 334/982/55
f 351/801/214 302/821/533 361/802/194
f 404/292/1187 312/323/1114 340/328/1042
f 346/995/19 322/1005/186 327/981/36
f 286/1652/1047 431/1503/738 504/1635/919
f 304/583/216 301/584/364 374/546/168
f 418/2413/1038 284/2420/652 287/2392/1199
f 353/2033/110 357/2063/161 405/2065/633
f 320/1583/96 441/1544/942 330/1593/549
f 441/1544/942 320/1583/96 421/1549/819
f 318/2786/60 336/2776/17 355/2839/193
f 354/2375/184 358/2390/120 359/2357/7
f 380/1709/620 342/1779/529 269/1793/330
f 355/2839/193 336/2776/17 363/2798/12
f 349/1332/195 429/1322/918 410/1381/701
f 400/2268/665 308/2316/112 401/2257/649
f 307/1826/435 384/1764/300 416/1755/362
f 313/1432/165 410/1381/701 444/1441/880
f 260/1767/321 378/1703/295 257/1699/205
f 235/131/1110 299/189/953 705/259/735
f 299/189/953 360/243/864 397/249/890
f 337/1341/245 331/1314/129 356/1327/41
f 334/982/55 351/1003/214 361/1009/194
f 376/955/467 327/981/36 403/957/655
f 324/1748/35 339/1572/232 407/1734/656
f 283/1827/1249 420/1780/1248 408/1807/1117
f 368/951/518 403/957/655 327/981/36
f 316/1823/251 324/1748/35 407/1734/656
f 353/2033/110 412/1991/551 371/1985/269
f 301/584/364 343/538/388 374/546/168
f 343/3555/388 415/3493/572 374/3554/168
f 341/537/94 304/583/216 374/546/168
f 417/2976/1126 344/3043/1220 381/3059/922
f 315/3094/69 335/3015/166 375/3108/239
f 344/3043/1220 417/2976/1126 352/2968/990
f 352/1882/990 315/1859/69 406/1895/1066
f 315/1859/69 375/1888/239 406/1895/1066
f 350/896/594 306/943/154 311/923/224
f 298/956/713 414/789/643 380/793/620
f 350/901/594 311/895/224 402/870/668
f 311/1130/224 330/1143/549 402/1131/668
f 421/1549/819 320/1583/96 347/1534/99
f 386/1654/348 388/1493/575 265/1511/160
f 370/2341/28 354/2375/184 359/2357/7
f 442/1770/473 378/1703/295 260/1767/321
f 630/300/729 248/161/327 307/215/435
f 379/3334/634 313/3280/165 444/3246/880
f 397/608/890 360/638/864 333/646/1000
f 290/1516/1112 404/1475/1187 459/1430/1086
f 314/977/156 372/928/582 368/951/518
f 258/658/1076 449/803/396 398/673/1032
f 258/658/1076 328/812/522 449/803/396
f 371/1985/269 357/2063/161 353/2033/110
f 382/954/53 328/935/522 467/925/399
f 287/2392/1199 398/2345/1032 418/2413/1038
f 374/1268/168 413/1237/607 341/1271/94
f 329/3465/1030 341/3397/94 423/3471/1012
f 341/1271/94 413/1237/607 387/1236/466
f 394/2235/546 357/2155/161 418/2161/1038
f 341/3572/94 387/3557/466 423/3662/1012
f 387/3557/466 419/3661/779 423/3662/1012
f 394/2153/546 405/2065/633 357/2063/161
f 464/1098/301 364/1071/48 348/1097/217
f 464/566/301 348/568/217 295/594/148
f 453/463/211 348/568/217 475/489/255
f 451/3098/284 335/3072/166 365/3044/153
f 393/1903/149 381/1875/922 344/1886/1220
f 406/2975/1066 344/3043/1220 352/2968/990
f 392/2135/57 325/2182/22 426/2176/143
f 325/1977/22 439/2036/236 390/2006/209
f 266/1020/717 306/943/154 585/853/741
f 441/1544/942 447/1555/545 330/1593/549
f 349/1332/195 373/1225/329 424/1235/923
f 437/1708/351 342/1779/529 380/1709/620
f 442/1770/473 484/1685/506 378/1703/295
f 399/1736/1198 286/1674/1047 504/1669/919
f 328/812/522 104/726/1253 467/897/399
f 382/954/53 449/934/396 328/935/522
f 430/3721/900 353/3720/110 405/3775/633
f 411/3394/1181 433/3460/475 344/3422/1220
f 393/3273/149 344/3298/1220 433/3219/475
f 406/2975/1066 411/3069/1181 344/3043/1220
f 335/3015/166 451/3019/284 375/3108/239
f 377/1893/290 352/1882/990 417/1902/1126
f 455/2159/170 325/2182/22 392/2135/57
f 455/2159/170 439/2188/236 325/2182/22
f 461/1206/686 338/1224/511 491/1166/743
f 400/2268/665 421/2261/819 347/2306/99
f 437/1708/351 380/1709/620 414/1696/643
f 349/1332/195 424/1235/923 429/1322/918
f 437/1708/351 384/1764/300 342/1779/529
f 296/1591/1002 425/1592/1077 340/1580/1042
f 404/292/1187 340/328/1042 425/309/1077
f 408/609/1117 397/608/890 333/646/1000
f 412/1324/551 353/1302/110 430/1294/900
f 382/954/53 490/964/128 449/934/396
f 423/1370/1012 391/1455/1033 329/1378/1030
f 422/2143/1045 405/2065/633 394/2153/546
f 440/3204/191 389/3257/27 382/3283/53
f 438/1042/208 389/1037/27 364/1071/48
f 438/1042/208 364/1071/48 464/1098/301
f 364/3271/48 389/3257/27 440/3204/191
f 434/2089/493 452/2037/1162 381/2076/922
f 381/3059/922 452/3060/1162 417/2976/1126
f 393/1903/149 395/2043/164 381/1875/922
f 393/1903/149 385/2066/59 395/2043/164
f 385/3297/59 393/3273/149 436/3244/718
f 426/2021/143 325/1977/22 471/2051/229
f 435/621/334 396/642/314 390/564/209
f 345/1243/428 338/1224/511 461/1206/686
f 402/651/668 330/611/549 447/610/545
f 373/1225/329 345/1172/428 446/1214/958
f 424/1235/923 373/1225/329 446/1214/958
f 386/3299/348 432/3367/576 388/3321/575
f 541/313/670 307/215/435 416/271/362
f 407/1734/656 339/1572/232 428/1571/858
f 316/1823/251 407/1734/656 469/1842/886
f 372/3057/582 509/3140/833 368/3110/518
f 372/423/582 305/390/276 480/446/835
f 480/446/835 305/390/276 412/401/551
f 479/54/803 415/61/572 369/1/564
f 481/1453/932 391/1455/1033 423/1370/1012
f 382/954/53 438/1042/208 490/964/128
f 438/1042/208 382/954/53 389/1037/27
f 382/3283/53 525/3166/103 440/3204/191
f 362/3193/199 332/3234/80 450/3223/258
f 377/3105/290 332/3002/80 366/3017/114
f 392/2135/57 385/2066/59 448/2088/263
f 471/2051/229 325/1977/22 427/2025/179
f 390/2006/209 439/2036/236 554/2102/307
f 427/2025/179 325/1977/22 390/2006/209
f 427/570/179 390/564/209 396/642/314
f 473/900/642 350/901/594 402/870/668
f 386/3299/348 484/3366/506 432/3367/576
f 378/1703/295 484/1685/506 386/1654/348
f 416/1755/362 384/1764/300 437/1708/351
f 705/259/735 299/189/953 397/249/890
f 339/1572/232 289/1537/134 485/1540/957
f 485/1540/957 428/1571/858 339/1572/232
f 518/379/842 409/421/667 376/398/467
f 459/1430/1086 404/1475/1187 425/1517/1077
f 469/3191/886 383/3165/623 316/3200/251
f 372/3057/582 508/3089/748 509/3140/833
f 477/2350/927 418/2413/1038 398/2345/1032
f 374/3711/168 415/3630/572 413/3629/607
f 394/2235/546 418/2161/1038 463/2174/1244
f 394/1185/546 463/1188/1244 422/1207/1045
f 475/1094/255 348/1097/217 364/1071/48
f 454/213/901 434/195/493 381/212/922
f 406/2975/1066 528/3036/1216 411/3069/1181
f 393/3273/149 433/3219/475 443/3217/636
f 395/3261/164 454/3337/901 381/3290/922
f 443/3217/636 436/3244/718 393/3273/149
f 476/618/294 427/570/179 396/642/314
f 396/2631/314 435/2686/334 465/2684/1305
f 694/939/732 266/1020/717 585/853/741
f 226/1218/765 266/1020/717 694/939/732
f 468/1167/755 446/1214/958 345/1172/428
f 468/1215/755 345/1243/428 461/1206/686
f 485/3379/957 289/3380/134 379/3308/634
f 397/2152/890 408/2148/1117 482/2105/949
f 459/1430/1086 425/1517/1077 486/1474/1070
f 518/1824/842 376/1789/467 488/1656/885
f 403/1611/655 488/1656/885 376/1789/467
f 502/1599/869 403/1611/655 368/1543/518
f 509/1538/833 502/1599/869 368/1543/518
f 456/1463/1170 413/1506/607 462/1490/664
f 387/1127/466 413/1126/607 456/1146/1170
f 463/1188/1244 405/1222/633 422/1207/1045
f 419/1142/779 456/1146/1170 423/1163/1012
f 464/1098/301 519/1072/124 438/1042/208
f 464/566/301 295/594/148 362/614/199
f 458/3313/936 454/3337/901 395/3261/164
f 385/3297/59 436/3244/718 448/3237/263
f 476/2626/294 396/2631/314 457/2656/1292
f 492/290/1021 421/397/819 400/301/665
f 437/1708/351 470/1711/279 416/1755/362
f 408/2148/1117 483/2106/1014 482/2105/949
f 483/2106/1014 408/2148/1117 420/2147/1248
f 420/2147/1248 399/2138/1198 483/2106/1014
f 407/1734/656 428/1571/858 460/1613/988
f 367/193/1218 459/151/1086 487/223/938
f 369/2987/564 383/2941/623 479/2985/803
f 467/925/399 525/963/103 382/954/53
f 477/3781/927 474/3710/983 418/3780/1038
f 415/2752/572 529/2835/790 413/2847/607
f 413/2847/607 529/2835/790 462/2862/664
f 387/1127/466 456/1146/1170 419/1142/779
f 440/3204/191 475/3168/255 364/3271/48
f 332/3002/80 377/3105/290 498/3106/378
f 385/2066/59 392/2135/57 395/2043/164
f 455/3505/170 392/3474/57 586/3454/430
f 471/559/229 427/570/179 476/618/294
f 554/558/307 435/621/334 390/564/209
f 396/2631/314 465/2684/1305 457/2656/1292
f 473/861/642 402/875/668 447/855/545
f 579/734/673 414/789/643 298/956/713
f 441/1544/942 513/1533/893 447/1555/545
f 478/1662/486 437/1708/351 414/1696/643
f 416/1755/362 470/1711/279 472/1722/472
f 526/3074/896 401/3120/649 409/3047/667
f 705/259/735 397/249/890 482/280/949
f 485/3636/957 524/3737/881 428/3637/858
f 428/1571/858 524/1550/881 460/1613/988
f 407/1734/656 460/1613/988 495/1733/846
f 502/1599/869 488/1656/885 403/1611/655
f 469/1842/886 407/1734/656 495/1733/846
f 508/2014/748 372/2055/582 480/2002/835
f 456/1146/1170 481/1162/932 423/1163/1012
f 463/2174/1244 418/2161/1038 474/2141/983
f 463/3173/1244 430/3214/900 405/3236/633
f 512/3190/448 362/3193/199 450/3223/258
f 520/3233/450 365/3230/153 453/3192/211
f 454/213/901 466/207/437 434/195/493
f 426/2021/143 471/2051/229 547/2096/395
f 424/3484/923 446/3483/958 496/3549/1052
f 484/3424/506 489/3369/426 432/3423/576
f 496/1216/1052 429/1322/918 424/1235/923
f 470/654/279 437/635/351 478/653/486
f 501/2113/455 470/2103/279 478/1883/486
f 503/1352/977 410/1381/701 429/1322/918
f 511/253/984 492/290/1021 400/301/665
f 511/253/984 400/301/665 401/244/649
f 541/1697/670 416/1755/362 472/1722/472
f 409/421/667 518/379/842 522/409/877
f 486/1474/1070 425/1517/1077 494/1484/975
f 483/1791/1014 399/1736/1198 504/1669/919
f 479/2985/803 383/2941/623 534/2947/806
f 467/897/399 391/991/1033 561/972/602
f 464/566/301 362/614/199 532/574/385
f 558/2090/265 452/2037/1162 434/2089/493
f 562/3030/504 375/3022/239 582/2957/556
f 406/1895/1066 375/1888/239 562/1935/504
f 499/3575/1385 497/3574/1418 443/3643/636
f 497/3660/1418 436/3595/718 443/3659/636
f 458/3313/936 395/3261/164 515/3336/1092
f 436/3244/718 500/3199/1128 448/3237/263
f 515/1899/1092 395/1932/164 507/1885/145
f 457/1741/1292 445/1804/1324 505/1750/1234
f 465/1747/1305 445/1804/1324 457/1741/1292
f 457/2656/1292 505/2645/1234 476/2626/294
f 585/853/741 350/896/594 473/861/642
f 446/1214/958 468/1167/755 510/1179/930
f 441/577/942 421/573/819 506/612/1031
f 492/290/1021 506/418/1031 421/397/819
f 429/1322/918 496/1216/1052 503/1352/977
f 444/816/880 410/838/701 503/817/977
f 630/300/729 260/4/321 208/63/359
f 723/102/746 442/5/473 260/4/321
f 502/1599/869 569/1633/651 488/1656/885
f 469/3191/886 534/3160/806 383/3165/623
f 463/3173/1244 722/3224/725 430/3214/900
f 490/964/128 438/1042/208 519/1072/124
f 556/1044/84 440/1045/191 525/963/103
f 532/574/385 362/614/199 512/602/448
f 521/2895/510 520/2933/450 453/2893/211
f 433/3460/475 411/3394/1181 549/3459/350
f 582/2957/556 375/3022/239 451/2946/284
f 517/524/355 443/529/636 433/492/475
f 498/1927/378 377/1893/290 417/1902/1126
f 458/1275/936 493/1315/1223 454/1297/901
f 497/1296/1418 493/1315/1223 458/1275/936
f 500/2997/1128 436/3039/718 497/2998/1418
f 458/1275/936 515/1254/1092 497/1296/1418
f 392/2135/57 507/2087/145 395/2043/164
f 545/1476/1116 514/1367/1192 445/1394/1324
f 473/861/642 447/855/545 513/841/893
f 306/943/154 350/896/594 585/853/741
f 432/1093/576 899/842/740 388/1103/575
f 441/577/942 516/607/1019 513/613/893
f 506/612/1031 516/607/1019 441/577/942
f 566/1201/952 503/1352/977 496/1216/1052
f 522/3050/877 526/3074/896 409/3047/667
f 494/2241/975 425/2225/1077 296/2240/1002
f 494/45/975 296/25/1002 705/259/735
f 524/1550/881 627/1641/816 460/1613/988
f 569/1633/651 610/1745/685 488/1656/885
f 459/151/1086 486/33/1070 598/120/795
f 487/223/938 459/151/1086 598/120/795
f 451/3098/284 365/3044/153 520/3101/450
f 450/942/258 332/978/80 555/946/528
f 498/3106/378 555/3012/528 332/3002/80
f 493/1315/1223 617/1255/960 454/1297/901
f 434/195/493 466/207/437 558/138/265
f 533/1276/1156 454/1297/901 617/1255/960
f 466/3604/437 454/3625/901 533/3613/1156
f 517/524/355 433/492/475 549/491/350
f 452/3060/1162 538/2977/451 417/2976/1126
f 528/3036/1216 406/2975/1066 562/2967/504
f 497/1296/1418 499/1321/1385 493/1315/1223
f 544/1290/1132 500/1307/1128 497/1296/1418
f 523/2083/137 586/2140/430 448/2088/263
f 392/2135/57 448/2088/263 586/2140/430
f 505/1750/1234 445/1804/1324 514/1820/1192
f 535/843/787 473/861/642 513/841/893
f 254/1076/380 388/1103/575 298/956/713
f 446/3483/958 510/3523/930 496/3549/1052
f 442/1120/473 537/1150/586 484/1192/506
f 527/1135/584 537/1150/586 442/1120/473
f 531/231/894 511/253/984 401/244/649
f 531/2728/894 401/2683/649 526/2692/896
f 610/1745/685 518/1824/842 488/1656/885
f 487/223/938 598/120/795 622/169/630
f 534/3160/806 469/3191/886 604/3221/811
f 391/991/1033 481/1019/932 964/1148/573
f 490/964/128 550/948/118 449/934/396
f 584/2854/785 481/2966/932 456/2855/1170
f 584/1477/785 456/1463/1170 462/1490/664
f 440/1045/191 556/1044/84 475/1094/255
f 512/3190/448 450/3223/258 543/3222/593
f 543/931/593 450/942/258 555/946/528
f 411/3394/1181 528/3417/1216 549/3459/350
f 499/3597/1385 443/3534/636 557/3591/1137
f 538/2977/451 452/3060/1162 574/2995/909
f 498/1927/378 417/1902/1126 538/1936/451
f 443/3534/636 517/3509/355 557/3591/1137
f 515/1254/1092 544/1290/1132 497/1296/1418
f 448/2590/263 500/2558/1128 588/2557/836
f 426/2176/143 581/2128/415 392/2135/57
f 581/2128/415 426/2176/143 547/2163/395
f 593/1427/462 514/1367/1192 545/1476/1116
f 547/2096/395 471/2051/229 587/2119/481
f 476/2626/294 505/2645/1234 606/2644/934
f 585/853/741 473/861/642 535/843/787
f 564/2026/482 478/1883/486 579/1880/673
f 496/1216/1052 510/1179/930 566/1201/952
f 564/2026/482 501/2113/455 478/1883/486
f 484/1192/506 571/1204/521 489/1363/426
f 484/1192/506 537/1150/586 571/1204/521
f 616/1661/756 472/1722/472 470/1711/279
f 530/1416/882 444/1441/880 503/1352/977
f 494/15/975 591/18/699 486/33/1070
f 725/1715/771 483/1791/1014 504/1669/919
f 632/1594/654 502/1599/869 509/1538/833
f 469/1842/886 495/1733/846 604/1849/811
f 480/446/835 412/401/551 704/485/714
f 398/673/1032 449/803/396 592/772/617
f 550/948/118 592/926/617 449/934/396
f 561/936/602 546/952/146 467/925/399
f 529/2835/790 711/2850/702 462/2862/664
f 464/1098/301 532/1096/385 519/1072/124
f 559/436/471 453/463/211 475/489/255
f 565/3547/123 466/3604/437 533/3613/1156
f 448/2590/263 588/2557/836 523/2595/137
f 455/2159/170 539/2183/387 439/2188/236
f 465/1747/1305 545/1813/1116 445/1804/1324
f 435/621/334 554/558/307 548/620/489
f 781/1059/734 491/1166/743 226/1218/765
f 513/3612/893 516/3543/1019 715/3569/727
f 414/789/643 579/734/673 478/753/486
f 577/310/920 578/424/956 506/418/1031
f 492/290/1021 577/310/920 506/418/1031
f 616/3804/756 470/3805/279 501/3764/455
f 444/1441/880 530/1416/882 664/1443/781
f 379/1462/634 444/1441/880 485/1481/957
f 522/409/877 518/379/842 619/395/762
f 486/33/1070 591/18/699 598/120/795
f 700/127/764 415/61/572 479/54/803
f 467/925/399 546/952/146 525/963/103
f 631/1309/724 412/1324/551 430/1294/900
f 463/3173/1244 720/3184/739 722/3224/725
f 563/1025/64 519/1072/124 532/1096/385
f 475/1094/255 556/1044/84 559/1082/471
f 512/602/448 641/533/749 532/574/385
f 580/2062/904 452/2037/1162 558/2090/265
f 574/3277/909 452/3210/1162 580/3213/904
f 565/171/123 558/138/265 466/207/437
f 540/3109/443 555/3012/528 498/3106/378
f 633/3626/968 565/3547/123 533/3613/1156
f 570/1863/801 507/1885/145 536/1846/67
f 587/563/481 476/618/294 575/626/469
f 587/563/481 471/559/229 476/618/294
f 505/1750/1234 514/1820/1192 611/1819/999
f 548/2793/489 465/2684/1305 435/2686/334
f 516/197/1019 506/205/1031 578/206/956
f 503/1352/977 566/1201/952 583/1342/950
f 628/2121/648 501/2113/455 564/2026/482
f 541/1697/670 472/1722/472 616/1661/756
f 482/1966/949 605/1840/711 650/1971/879
f 627/1641/816 495/1733/846 460/1613/988
f 598/1513/795 636/1530/507 622/1514/630
f 569/1633/651 502/1599/869 632/1594/654
f 720/2158/739 463/2174/1244 474/2141/983
f 563/1025/64 490/964/128 519/1072/124
f 599/1066/534 559/1082/471 556/1044/84
f 451/3098/284 520/3101/450 582/3148/556
f 572/3428/499 549/3459/350 528/3417/1216
f 493/1315/1223 499/1321/1385 557/1364/1137
f 560/1631/256 498/1649/378 574/1650/909
f 560/2991/256 540/3033/443 498/2992/378
f 574/167/909 552/166/30 551/176/74
f 574/2982/909 498/2953/378 552/2944/30
f 574/133/909 551/146/74 538/153/451
f 565/171/123 538/153/451 551/146/74
f 552/1962/30 498/1963/378 538/1942/451
f 565/171/123 536/214/67 552/163/30
f 515/1899/1092 507/1885/145 570/1863/801
f 515/1899/1092 570/1863/801 544/1904/1132
f 500/1307/1128 544/1290/1132 588/1325/836
f 523/2083/137 542/2052/133 586/2140/430
f 581/2128/415 507/2087/145 392/2135/57
f 539/3504/387 455/3505/170 586/3454/430
f 439/2036/236 539/2097/387 554/2102/307
f 611/1819/999 606/1742/934 505/1750/1234
f 575/2613/469 476/2626/294 606/2644/934
f 489/1363/426 571/1204/521 600/1361/628
f 583/1342/950 530/1416/882 503/1352/977
f 482/280/949 650/320/879 705/259/735
f 605/1840/711 482/1966/949 483/1791/1014
f 550/948/118 490/964/128 563/1025/64
f 525/963/103 546/952/146 556/1044/84
f 601/2401/678 599/2403/534 546/2422/146
f 546/952/146 599/1066/534 556/1044/84
f 597/1063/611 563/1025/64 532/1096/385
f 612/863/761 555/912/528 540/858/443
f 580/113/904 558/138/265 551/146/74
f 549/1868/350 572/1881/499 553/1924/77
f 517/3769/355 549/3770/350 576/3671/339
f 558/138/265 565/171/123 551/146/74
f 557/3591/1137 517/3509/355 639/3596/1138
f 540/130/443 560/145/256 552/163/30
f 552/163/30 560/145/256 551/146/74
f 573/3676/313 560/3771/256 574/3758/909
f 574/3758/909 540/3677/443 573/3676/313
f 552/163/30 573/174/313 540/130/443
f 549/1868/350 553/1924/77 576/1909/339
f 538/153/451 565/171/123 552/163/30
f 576/1909/339 553/1924/77 542/2052/133
f 536/214/67 573/174/313 552/163/30
f 553/2537/77 567/2531/405 542/2543/133
f 596/2020/495 542/2052/133 523/2083/137
f 536/3783/67 608/3689/658 570/3782/801
f 581/2128/415 536/2041/67 507/2087/145
f 593/1427/462 545/1476/1116 638/1502/569
f 545/1813/1116 465/1747/1305 548/1744/489
f 665/284/840 577/310/920 492/290/1021
f 629/1716/653 495/1733/846 627/1641/816
f 605/1840/711 483/1791/1014 655/1763/635
f 655/918/635 483/905/1014 725/904/771
f 808/763/728 398/673/1032 592/772/617
f 592/926/617 550/948/118 597/1063/611
f 563/1025/64 597/1063/611 550/948/118
f 644/1420/967 493/1315/1223 557/1364/1137
f 551/146/74 589/144/381 580/113/904
f 639/3596/1138 517/3509/355 576/3533/339
f 551/2493/74 560/2488/256 589/2469/381
f 568/1480/1289 553/1472/77 590/1471/393
f 568/24/1289 528/38/1216 553/39/77
f 568/3714/1289 572/3787/499 528/3690/1216
f 572/2522/499 618/2494/1003 590/2516/393
f 572/3787/499 568/3714/1289 618/3786/1003
f 589/2469/381 560/2488/256 573/2479/313
f 590/2516/393 567/2531/405 568/2529/1289
f 562/147/504 568/175/1289 567/148/405
f 528/1282/1216 562/1310/504 567/1303/405
f 567/1303/405 553/1283/77 528/1282/1216
f 618/487/1003 568/466/1289 562/481/504
f 536/293/67 565/294/123 608/273/658
f 596/2020/495 576/1909/339 542/2052/133
f 573/2479/313 536/2508/67 626/2445/752
f 523/2083/137 588/2081/836 596/2020/495
f 611/1368/999 514/1367/1192 593/1427/462
f 638/1502/569 545/1476/1116 642/1541/891
f 545/1813/1116 548/1744/489 642/1811/891
f 548/620/489 554/558/307 609/624/517
f 468/1215/755 461/1206/686 959/1041/766
f 594/2039/390 564/2026/482 579/1880/673
f 583/631/950 566/655/952 602/632/981
f 578/650/956 577/634/920 603/633/1029
f 621/1234/994 583/1251/950 602/1249/981
f 571/2253/521 607/2281/414 600/2282/628
f 619/395/762 922/415/570 522/409/877
f 631/1309/724 704/1330/714 412/1324/551
f 477/677/927 398/673/1032 808/763/728
f 561/2412/602 601/2401/678 546/2422/146
f 597/2201/611 532/2219/385 641/2179/749
f 553/1924/77 572/1881/499 590/1910/393
f 540/1391/443 574/1390/909 589/1406/381
f 612/3469/761 540/3473/443 589/3536/381
f 567/2531/405 590/2516/393 618/2494/1003
f 565/294/123 633/274/968 608/273/658
f 573/2479/313 626/2445/752 614/2454/1255
f 542/2543/133 567/2531/405 624/2489/849
f 539/2097/387 625/2137/610 554/2102/307
f 609/382/517 554/339/307 625/347/610
f 595/641/536 548/620/489 609/624/517
f 949/710/700 513/841/893 715/774/727
f 388/1103/575 899/842/740 298/956/713
f 566/3172/952 510/3131/930 867/3205/442
f 628/2121/648 616/2177/756 501/2113/455
f 541/313/670 630/300/729 307/215/435
f 591/74/699 494/45/975 667/101/828
f 518/1824/842 610/1745/685 619/1835/762
f 598/120/795 591/18/699 663/30/1048
f 636/155/507 598/120/795 666/124/924
f 696/1607/663 569/1633/651 632/1594/654
f 431/1503/738 487/1277/938 838/1299/730
f 654/2911/754 481/2966/932 584/2854/785
f 415/2752/572 693/2814/721 529/2835/790
f 559/436/471 521/432/510 453/463/211
f 580/1915/904 589/1916/381 657/1887/1136
f 589/3803/381 574/3759/909 657/3802/1136
f 633/91/968 533/109/1156 617/79/960
f 709/1892/753 588/1919/836 544/1904/1132
f 586/2518/430 542/2543/133 624/2489/849
f 586/2518/430 908/2295/1107 539/2546/387
f 595/561/536 642/643/891 548/580/489
f 489/1117/426 899/842/740 432/1093/576
f 594/2039/390 579/1880/673 855/1877/945
f 665/284/840 603/429/1029 577/310/920
f 628/68/648 564/67/482 594/78/390
f 444/1441/880 664/1443/781 485/1481/957
f 524/1550/881 643/1548/850 627/1641/816
f 632/1594/654 509/1538/833 928/1545/553
f 493/1180/1223 644/1168/967 686/1213/574
f 614/3754/1255 657/3815/1136 574/3816/909
f 580/3213/904 614/3296/1255 574/3277/909
f 618/12/1003 648/56/851 613/59/1298
f 612/3469/761 589/3536/381 614/3530/1255
f 614/2454/1255 589/2469/381 573/2479/313
f 567/2531/405 618/2494/1003 624/2489/849
f 626/2445/752 536/2508/67 581/2478/415
f 611/1368/999 593/1427/462 678/1442/627
f 760/2227/705 547/2096/395 587/2119/481
f 593/1638/462 646/1721/46 634/1694/119
f 593/1638/462 638/1637/569 646/1721/46
f 665/284/840 846/324/377 603/429/1029
f 922/415/570 619/395/762 687/385/875
f 643/2979/850 524/2993/881 485/2938/957
f 604/1849/811 495/1733/846 629/1716/653
f 654/2911/754 584/2854/785 946/2859/524
f 592/2218/617 597/2201/611 684/2154/870
f 601/2401/678 649/2373/998 599/2403/534
f 555/946/528 758/979/792 543/931/593
f 640/1238/353 617/1286/960 493/1180/1223
f 640/1238/353 493/1180/1223 686/1213/574
f 644/1420/967 557/1364/1137 639/1421/1138
f 660/3342/1408 596/3276/495 588/3255/836
f 739/2365/647 626/2445/752 581/2478/415
f 586/2518/430 624/2489/849 719/2410/677
f 669/868/412 646/879/46 638/891/569
f 615/1805/79 653/1803/358 635/1777/76
f 635/1777/76 646/1721/46 615/1805/79
f 781/1059/734 226/1218/765 694/939/732
f 535/843/787 513/841/893 949/710/700
f 665/284/840 492/290/1021 511/253/984
f 769/277/645 665/284/840 511/253/984
f 527/1135/584 728/1160/782 537/1150/586
f 663/30/1048 591/18/699 667/6/828
f 662/1796/1221 619/1835/762 610/1745/685
f 668/1809/959 650/1971/879 605/1840/711
f 671/1672/972 610/1745/685 569/1633/651
f 693/2814/721 415/2752/572 700/2748/764
f 559/2418/471 703/2338/791 521/2433/510
f 612/863/761 675/867/794 555/912/528
f 618/971/1003 613/937/1298 658/962/986
f 639/3357/1138 576/3305/339 596/3276/495
f 639/3357/1138 596/3276/495 660/3342/1408
f 659/3434/1276 614/3495/1255 626/3435/752
f 608/704/658 692/665/979 570/712/801
f 637/1878/601 544/1904/1132 570/1863/801
f 709/1892/753 544/1904/1132 637/1878/601
f 593/1638/462 634/1694/119 678/1640/627
f 537/1150/586 728/1160/782 571/1204/521
f 723/102/746 527/21/584 442/5/473
f 671/1672/972 662/1796/1221 610/1745/685
f 671/1672/972 569/1633/651 696/1607/663
f 629/1716/653 735/1768/796 604/1849/811
f 474/2141/983 477/2084/927 702/2130/733
f 720/2158/739 474/2141/983 702/2130/733
f 711/2850/702 529/2835/790 693/2814/721
f 684/2154/870 597/2201/611 677/2146/917
f 559/2418/471 599/2403/534 703/2338/791
f 758/911/792 555/912/528 675/867/794
f 640/1970/353 623/2046/29 681/2009/356
f 639/3242/1138 661/3284/1188 647/3275/1127
f 614/3495/1255 659/3434/1276 657/3480/1136
f 633/3412/968 659/3376/1276 608/3375/658
f 673/2820/413 620/2822/70 651/2802/91
f 673/1923/413 690/1952/309 620/1953/70
f 620/2540/70 690/2472/309 645/2520/2
f 660/3342/1408 588/3255/836 683/3356/1195
f 586/2518/430 719/2410/677 863/2325/1054
f 863/2325/1054 908/2295/1107 586/2518/430
f 609/382/517 625/347/610 789/384/737
f 656/1801/367 646/1721/46 669/1705/412
f 615/1805/79 646/1721/46 656/1801/367
f 899/842/740 489/1117/426 600/1102/628
f 728/1273/782 607/1261/414 571/1272/521
f 628/2121/648 776/2145/750 616/2177/756
f 920/3073/552 526/3074/896 522/3050/877
f 627/1641/816 643/1548/850 670/1561/1228
f 655/1763/635 668/1809/959 605/1840/711
f 504/1635/919 431/1503/738 933/1500/580
f 684/2154/870 780/2095/720 592/2218/617
f 649/2373/998 601/2401/678 706/2335/774
f 641/2179/749 677/2146/917 597/2201/611
f 830/94/680 521/106/510 703/81/791
f 661/3284/1188 639/3242/1138 660/3248/1408
f 623/2046/29 689/2104/477 651/2098/91
f 620/3084/70 645/3085/2 680/3180/398
f 624/3311/849 618/3323/1003 660/3248/1408
f 659/683/1276 692/665/979 608/704/658
f 635/1777/76 634/1694/119 646/1721/46
f 676/1772/487 634/1694/119 635/1777/76
f 715/182/727 516/197/1019 895/199/612
f 707/2120/662 628/2121/648 594/2039/390
f 511/253/984 915/254/565 769/277/645
f 667/101/828 494/45/975 705/259/735
f 662/1796/1221 687/1843/875 619/1835/762
f 598/120/795 663/30/1048 666/124/924
f 627/1641/816 670/1561/1228 674/1693/1015
f 674/1693/1015 629/1716/653 627/1641/816
f 601/2401/678 561/2412/602 706/2335/774
f 685/1760/825 580/1759/904 657/1790/1136
f 686/1976/574 623/2046/29 640/1970/353
f 652/3453/1158 657/3480/1136 659/3434/1276
f 618/3031/1003 658/3016/986 661/2988/1188
f 673/2820/413 651/2802/91 689/2797/477
f 618/3323/1003 661/3284/1188 660/3248/1408
f 680/2750/398 651/2802/91 620/2822/70
f 692/2023/979 659/2024/1276 626/1988/752
f 624/3311/849 660/3248/1408 683/3241/1195
f 691/3159/629 645/3085/2 637/3086/601
f 690/2472/309 637/2532/601 645/2520/2
f 760/2227/705 587/2119/481 732/2209/709
f 749/2223/679 625/2137/610 539/2097/387
f 699/1695/605 678/1640/627 634/1694/119
f 828/2711/488 595/2554/536 609/2581/517
f 663/340/1048 687/365/875 662/370/1221
f 668/1602/959 670/1636/1228 650/1603/879
f 671/366/972 663/340/1048 662/370/1221
f 838/1299/730 487/1277/938 733/1182/742
f 722/1293/725 631/1309/724 430/1294/900
f 649/2373/998 706/2335/774 740/2308/632
f 649/2373/998 740/2308/632 599/2403/534
f 644/2801/967 639/2761/1138 798/2760/595
f 833/3537/690 612/3469/761 614/3530/1255
f 829/588/535 618/487/1003 562/481/504
f 682/2061/391 681/2009/356 623/2046/29
f 682/2061/391 623/2046/29 651/2098/91
f 651/2098/91 680/2117/398 682/2061/391
f 624/1931/849 683/1901/1195 719/1897/677
f 626/3646/752 739/3645/647 692/3727/979
f 695/1788/827 570/1863/801 692/1754/979
f 691/1812/629 570/1863/801 695/1788/827
f 691/1812/629 637/1878/601 570/1863/801
f 709/1892/753 637/1878/601 729/1834/773
f 699/1695/605 634/1694/119 676/1772/487
f 768/2746/906 575/2613/469 606/2644/934
f 653/1803/358 676/1772/487 635/1777/76
f 615/434/79 730/484/715 653/435/358
f 615/2396/79 710/2424/187 730/2446/715
f 615/3734/79 717/3733/557 710/3798/187
f 510/1179/930 468/1167/755 889/1178/747
f 707/2120/662 594/2039/390 855/1877/945
f 621/1234/994 602/1249/981 853/1123/425
f 670/1636/1228 668/1602/959 674/1634/1015
f 666/341/924 663/340/1048 671/366/972
f 487/223/938 622/169/630 733/224/742
f 808/763/728 592/772/617 780/840/720
f 477/2084/927 808/2075/728 702/2130/733
f 964/2974/573 481/2966/932 654/2911/754
f 561/2412/602 812/2234/802 706/2335/774
f 731/2930/903 654/2911/754 946/2859/524
f 685/1760/825 657/1790/1136 782/1800/453
f 778/2624/538 613/2635/1298 648/2647/851
f 562/3030/504 582/2957/556 745/2951/722
f 580/3213/904 685/3201/825 614/3296/1255
f 713/1012/614 672/992/150 701/1011/508
f 675/867/794 612/863/761 833/862/690
f 623/2212/29 718/2151/502 689/2181/477
f 683/1901/1195 588/1919/836 709/1892/753
f 637/2532/601 690/2472/309 729/2428/773
f 749/2223/679 539/2097/387 908/2331/1107
f 669/868/412 688/854/583 656/869/367
f 615/1752/79 656/1737/367 708/1751/644
f 781/1059/734 694/939/732 1149/944/767
f 867/3205/442 510/3131/930 889/3146/747
f 616/325/756 630/300/729 541/313/670
f 705/259/735 650/320/879 794/375/660
f 767/1671/479 671/1672/972 696/1607/663
f 956/589/684 480/446/835 704/485/714
f 1079/1151/459 391/991/1033 964/1148/573
f 964/1470/573 654/1469/754 731/1479/903
f 582/2957/556 520/2933/450 745/2951/722
f 658/962/986 613/937/1298 778/932/538
f 744/3099/719 640/2990/353 681/3018/356
f 713/1012/614 712/988/661 672/992/150
f 680/3180/398 645/3085/2 714/3179/540
f 714/3179/540 645/3085/2 691/3159/629
f 642/643/891 595/561/536 828/560/488
f 656/869/367 688/854/583 708/839/644
f 957/715/800 585/853/741 535/843/787
f 776/2145/750 628/2121/648 707/2120/662
f 762/3045/190 643/2979/850 753/3005/590
f 643/2979/850 485/2938/957 753/3005/590
f 755/28/331 663/30/1048 667/6/828
f 643/1548/850 762/1560/190 670/1561/1228
f 928/1545/553 696/1607/663 632/1594/654
f 933/1500/580 431/1503/738 838/1299/730
f 561/972/602 391/991/1033 1079/1151/459
f 722/1293/725 704/1330/714 631/1309/724
f 703/2338/791 599/2403/534 740/2308/632
f 633/91/968 617/79/960 796/8/600
f 779/3687/242 659/3622/1276 633/3686/968
f 690/2472/309 673/2485/413 727/2429/829
f 638/1502/569 642/1541/891 814/1610/512
f 575/1373/469 768/1372/906 732/1429/709
f 828/2711/488 609/2581/517 789/2696/737
f 716/1414/776 699/1428/605 676/1445/487
f 742/1393/912 716/1414/776 676/1445/487
f 676/1445/487 653/1458/358 742/1393/912
f 717/836/557 615/890/79 708/839/644
f 717/3752/557 698/3670/278 710/3693/187
f 949/710/700 957/715/800 535/843/787
f 600/1361/628 607/1194/414 843/1344/935
f 621/1590/994 775/1578/646 583/1577/950
f 670/351/1228 794/375/660 650/320/879
f 686/1213/574 644/1168/967 798/1231/595
f 718/2151/502 623/2212/29 686/2185/574
f 734/522/1074 697/539/392 679/565/322
f 695/1788/827 721/1792/687 691/1812/629
f 732/1429/709 587/1434/481 575/1373/469
f 789/384/737 625/347/610 749/349/679
f 813/3286/408 606/3289/934 788/3182/609
f 726/3753/805 698/3670/278 717/3752/557
f 530/1416/882 583/1342/950 775/1384/646
f 667/101/828 774/137/589 755/111/331
f 794/375/660 670/351/1228 762/376/190
f 666/345/924 671/371/972 759/348/526
f 766/3642/484 674/3633/1015 668/3529/959
f 636/155/507 666/124/924 801/150/843
f 674/1693/1015 786/1723/834 629/1716/653
f 622/169/630 636/155/507 724/186/768
f 933/1657/580 725/1715/771 504/1669/919
f 641/533/749 512/602/448 941/433/996
f 925/105/982 521/106/510 830/94/680
f 737/3087/873 681/3018/356 682/3014/391
f 697/3209/392 743/3151/1205 679/3218/322
f 689/2181/477 718/2151/502 754/2123/1072
f 770/3810/235 692/3811/979 739/3732/647
f 721/3021/687 714/3028/540 691/2989/629
f 695/1788/827 692/1754/979 844/1702/407
f 757/826/855 669/868/412 638/891/569
f 606/3289/934 611/3177/999 788/3182/609
f 751/828/962 688/854/583 669/868/412
f 606/2644/934 813/2794/408 768/2746/906
f 899/842/740 579/734/673 298/956/713
f 765/1810/550 668/1809/959 655/1763/635
f 786/1723/834 735/1768/796 629/1716/653
f 733/224/742 622/169/630 724/186/768
f 604/1849/811 735/1768/796 929/1848/585
f 956/589/684 704/485/714 777/512/712
f 783/2086/563 780/2095/720 684/2154/870
f 999/1507/464 462/1490/664 711/1505/702
f 462/1490/664 999/1507/464 584/1477/785
f 738/2101/618 684/2154/870 677/2146/917
f 738/2101/618 677/2146/917 641/2179/749
f 712/2398/661 741/2397/1057 672/2441/150
f 672/744/150 741/746/1057 701/776/508
f 829/11/535 648/56/851 618/12/1003
f 701/3064/508 772/3065/1369 713/2969/614
f 747/3081/991 680/3001/398 714/3028/540
f 708/839/644 688/854/583 751/828/962
f 717/836/557 708/839/644 795/800/1262
f 578/206/956 895/199/612 516/197/1019
f 530/1416/882 775/1384/646 807/1422/696
f 872/408/824 630/300/729 616/325/756
f 738/2101/618 641/2179/749 815/2034/616
f 640/1238/353 744/1308/719 617/1286/960
f 718/2151/502 686/2185/574 764/2124/964
f 718/3760/502 746/3821/759 754/3761/1072
f 750/3090/1104 737/3087/873 682/3014/391
f 747/3081/991 750/3090/1104 680/3001/398
f 689/2797/477 727/2787/829 673/2820/413
f 682/3014/391 680/3001/398 750/3090/1104
f 697/3209/392 734/3164/1074 743/3151/1205
f 729/2428/773 690/2472/309 727/2429/829
f 721/1792/687 695/1788/827 736/1782/861
f 752/2438/1426 730/2446/715 710/2424/187
f 752/2438/1426 710/2424/187 698/2395/278
f 694/939/732 585/853/741 957/715/800
f 767/372/479 759/348/526 671/371/972
f 766/3642/484 668/3529/959 765/3528/550
f 941/2273/996 512/2274/448 543/2250/593
f 792/3487/403 647/3488/1127 661/3413/1188
f 737/3087/873 744/3099/719 681/3018/356
f 639/1157/1138 756/1175/763 798/1158/595
f 820/52/196 648/56/851 829/11/535
f 679/565/322 743/523/1205 734/522/1074
f 736/3041/861 714/3028/540 721/3021/687
f 751/828/962 669/868/412 757/826/855
f 748/1392/980 699/1428/605 716/1414/776
f 716/1414/776 742/1393/912 748/1392/980
f 800/1349/1270 742/1393/912 653/1458/358
f 730/1400/715 800/1349/1270 653/1458/358
f 726/2681/805 717/2709/557 752/2661/1426
f 461/1206/686 491/1166/743 959/1041/766
f 994/676/1001 855/659/945 579/734/673
f 853/3227/425 602/3207/981 867/3205/442
f 867/3205/442 602/3207/981 566/3172/952
f 851/427/494 603/429/1029 846/324/377
f 769/277/645 846/324/377 665/284/840
f 915/254/565 511/253/984 531/231/894
f 687/1838/875 663/1865/1048 755/1866/331
f 838/1299/730 733/1182/742 1010/1136/406
f 702/2130/733 808/2075/728 859/2131/693
f 722/1293/725 777/1338/712 704/1330/714
f 783/2086/563 684/2154/870 738/2101/618
f 703/2338/791 740/2308/632 849/2220/860
f 834/1775/207 685/1760/825 782/1800/453
f 798/1231/595 764/1248/964 686/1213/574
f 778/2624/538 648/2647/851 820/2648/196
f 639/2150/1138 647/2114/1127 806/2149/340
f 659/2169/1276 779/2168/242 652/2207/1158
f 869/866/1020 758/911/792 675/867/794
f 900/3020/997 562/3030/504 745/2951/722
f 869/3608/1020 675/3607/794 833/3666/690
f 614/3296/1255 685/3201/825 833/3304/690
f 683/1901/1195 709/1892/753 719/1897/677
f 844/1702/407 736/1782/861 695/1788/827
f 638/1502/569 814/1610/512 757/1570/855
f 699/1428/605 804/1356/925 678/1448/627
f 752/2438/1426 698/2395/278 726/2405/805
f 578/206/956 603/218/1029 851/219/494
f 666/124/924 759/126/526 801/150/843
f 724/186/768 636/155/507 801/150/843
f 812/1034/802 561/972/602 1079/1151/459
f 617/1286/960 744/1308/719 796/1335/600
f 652/1821/1158 782/1800/453 657/1790/1136
f 806/2149/340 647/2114/1127 792/2109/403
f 744/3099/719 737/3087/873 761/3114/995
f 658/962/986 778/932/538 785/965/116
f 741/746/1057 772/775/1369 701/776/508
f 661/2988/1188 658/3016/986 785/3032/116
f 746/2129/759 718/2151/502 764/2124/964
f 727/2787/829 689/2797/477 754/2749/1072
f 805/852/1455 747/815/991 736/814/861
f 747/3081/991 714/3028/540 736/3041/861
f 868/1776/707 709/1892/753 729/1834/773
f 802/1756/871 736/1782/861 844/1702/407
f 763/3703/1310 717/3621/557 795/3620/1262
f 763/2480/1310 730/2446/715 752/2438/1426
f 752/2661/1426 717/2709/557 763/2662/1310
f 600/1102/628 890/1029/867 899/842/740
f 607/1194/414 728/1160/782 850/1219/1040
f 775/1145/646 621/1234/994 839/1122/400
f 927/1447/578 664/1443/781 807/1422/696
f 530/1416/882 807/1422/696 664/1443/781
f 786/1723/834 674/1693/1015 766/1692/484
f 822/170/837 724/186/768 801/150/843
f 706/2335/774 812/2234/802 826/2226/823
f 702/2130/733 859/2131/693 720/2158/739
f 881/3220/710 722/3224/725 720/3184/739
f 706/2335/774 826/2226/823 740/2308/632
f 741/3267/1057 712/3268/661 772/3186/1369
f 520/915/450 825/916/758 745/907/722
f 782/2200/453 652/2207/1158 779/2168/242
f 712/3268/661 713/3178/614 772/3186/1369
f 745/2951/722 875/2960/943 900/3020/997
f 727/473/829 805/504/1455 729/474/773
f 770/1700/235 864/1690/751 692/1754/979
f 864/1690/751 844/1702/407 692/1754/979
f 842/2304/1004 739/2365/647 581/2478/415
f 788/1473/609 611/1368/999 678/1442/627
f 708/839/644 751/828/962 795/800/1262
f 607/1194/414 850/1219/1040 843/1344/935
f 915/254/565 866/285/537 769/277/645
f 762/132/190 790/152/491 794/159/660
f 767/238/479 774/263/589 759/264/526
f 693/2814/721 700/2748/764 823/2785/716
f 881/1295/710 777/1338/712 722/1293/725
f 946/2859/524 824/2929/697 731/2930/903
f 711/2850/702 693/2814/721 823/2785/716
f 815/2034/616 831/2031/830 738/2101/618
f 815/457/616 641/533/749 941/433/996
f 761/1630/995 793/1629/1173 744/1648/719
f 787/2458/1287 793/2535/1173 761/2459/995
f 737/3751/873 787/3768/1287 761/3817/995
f 833/3304/690 685/3201/825 834/3198/207
f 750/2060/1104 787/2115/1287 737/2045/873
f 803/1542/1309 727/1569/829 754/1546/1072
f 803/1542/1309 805/1568/1455 727/1569/829
f 709/438/753 773/406/138 719/405/677
f 802/3548/871 805/3638/1455 736/3639/861
f 748/1392/980 804/1356/925 699/1428/605
f 763/960/1310 800/961/1270 730/941/715
f 527/1135/584 784/1137/757 728/1160/782
f 723/102/746 784/95/757 527/21/584
f 753/116/590 771/115/268 762/132/190
f 790/152/491 762/132/190 765/149/550
f 767/238/479 755/242/331 774/263/589
f 765/149/550 762/132/190 771/115/268
f 765/149/550 771/115/268 766/121/484
f 818/1632/839 767/1671/479 696/1607/663
f 733/224/742 724/186/768 822/170/837
f 796/1335/600 744/1308/719 793/1304/1173
f 779/34/242 633/91/968 796/8/600
f 792/3487/403 661/3413/1188 785/3398/116
f 806/750/340 756/720/763 639/749/1138
f 787/2115/1287 750/2060/1104 799/2118/1382
f 709/178/753 868/114/707 773/158/138
f 863/2325/1054 719/2410/677 860/2326/989
f 788/1473/609 678/1442/627 804/1515/925
f 760/2227/705 732/2209/709 791/2252/689
f 768/1372/906 791/1423/689 732/1429/709
f 814/628/512 642/643/891 828/560/488
f 804/342/925 748/344/980 810/367/1368
f 751/828/962 809/804/1379 795/800/1262
f 797/373/1412 748/344/980 742/343/912
f 763/387/1310 795/422/1262 800/353/1270
f 728/1160/782 784/1137/757 876/1193/862
f 687/1843/875 755/1818/331 832/1844/691
f 759/126/526 774/16/589 819/123/708
f 849/2220/860 877/2210/1006 830/2228/680
f 849/2220/860 830/2228/680 703/2338/791
f 806/1969/340 798/2001/595 756/2003/763
f 779/3245/242 811/3318/342 782/3287/453
f 785/183/116 773/208/138 806/209/340
f 900/637/997 829/588/535 562/481/504
f 747/2044/991 799/2118/1382 750/2060/1104
f 802/501/871 729/474/773 805/504/1455
f 547/2502/395 760/2354/705 581/2478/415
f 757/453/855 837/413/1028 809/407/1379
f 949/458/700 715/449/727 944/448/599
f 776/2145/750 707/2120/662 841/2058/1113
f 630/300/729 1027/417/1026 260/4/321
f 921/2722/554 531/2728/894 526/2692/896
f 848/2996/772 753/3005/590 485/2938/957
f 759/126/526 819/123/708 801/150/843
f 963/1797/456 765/1810/550 655/1763/635
f 725/1715/771 963/1797/456 655/1763/635
f 831/2031/830 783/2086/563 738/2101/618
f 520/2933/450 521/2895/510 925/2892/982
f 825/2939/758 520/2933/450 925/2892/982
f 821/1749/1463 793/1740/1173 787/1727/1287
f 811/3318/342 834/3340/207 782/3287/453
f 806/209/340 792/190/403 785/183/116
f 745/2951/722 825/2939/758 875/2960/943
f 811/3318/342 779/3245/242 770/3274/235
f 747/1051/991 805/1050/1455 816/1075/1373
f 852/80/946 864/98/751 770/108/235
f 719/2410/677 773/2369/138 860/2326/989
f 757/453/855 809/407/1379 751/437/962
f 797/373/1412 810/367/1368 748/344/980
f 800/1349/1270 797/1348/1412 742/1393/912
f 959/1041/766 491/1166/743 781/1059/734
f 728/1160/782 876/1193/862 850/1219/1040
f 531/231/894 921/241/554 915/254/565
f 485/1481/957 664/1443/781 927/1447/578
f 1013/229/674 774/137/589 667/101/828
f 771/1565/268 753/1547/590 848/1552/772
f 755/1818/331 767/1671/479 832/1844/691
f 819/123/708 774/16/589 835/41/813
f 765/1810/550 963/1797/456 845/1836/744
f 821/2629/1463 764/2708/964 793/2615/1173
f 785/965/116 778/932/538 820/940/196
f 764/2708/964 821/2629/1463 746/2716/759
f 754/2677/1072 746/2716/759 821/2629/1463
f 799/1726/1382 821/1749/1463 787/1727/1287
f 799/924/1382 747/910/991 816/909/1373
f 779/34/242 852/80/946 770/108/235
f 739/758/647 840/759/807 770/745/235
f 868/114/707 862/125/913 773/158/138
f 729/1834/773 802/1756/871 918/1732/519
f 809/407/1379 810/367/1368 797/373/1412
f 843/1046/935 890/1029/867 600/1102/628
f 994/1857/1001 884/1851/866 855/1856/945
f 895/199/612 578/206/956 851/219/494
f 872/2178/824 616/2177/756 776/2145/750
f 905/3302/579 485/3312/957 927/3346/578
f 922/415/570 687/385/875 832/400/691
f 1119/455/513 705/259/735 794/375/660
f 832/1844/691 767/1671/479 836/1686/810
f 765/1810/550 845/1836/744 790/1930/491
f 766/1692/484 771/1565/268 817/1586/726
f 818/1632/839 836/1686/810 767/1671/479
f 766/1692/484 817/1586/726 827/1678/788
f 786/1723/834 766/1692/484 827/1678/788
f 822/170/837 962/141/438 733/224/742
f 924/892/1041 808/763/728 780/840/720
f 857/2040/874 780/2095/720 783/2086/563
f 740/2308/632 826/2226/823 849/2220/860
f 831/2031/830 815/2034/616 873/2008/884
f 758/2231/792 941/2273/996 543/2250/593
f 833/3338/690 834/3340/207 811/3318/342
f 869/1854/1020 833/1852/690 811/1853/342
f 856/592/786 829/588/535 900/637/997
f 754/2677/1072 821/2629/1463 799/2614/1382
f 803/3755/1309 754/3812/1072 799/3813/1382
f 816/1510/1373 805/1467/1455 803/1466/1309
f 862/125/913 806/177/340 773/158/138
f 811/3318/342 770/3274/235 840/3339/807
f 918/1732/519 868/1776/707 729/1834/773
f 760/2354/705 842/2304/1004 581/2478/415
f 879/1520/326 788/1473/609 804/1515/925
f 908/338/1107 847/356/914 749/349/679
f 809/407/1379 797/373/1412 795/422/1262
f 800/353/1270 795/422/1262 797/373/1412
f 621/1234/994 853/1123/425 839/1122/400
f 775/1384/646 961/1351/452 807/1422/696
f 784/1137/757 974/1189/1016 876/1193/862
f 1013/229/674 667/101/828 705/259/735
f 817/1586/726 771/1565/268 848/1552/772
f 818/1632/839 696/1607/663 951/1615/562
f 479/2985/803 534/2947/806 948/2958/669
f 783/2086/563 831/2031/830 857/2040/874
f 779/34/242 796/8/600 880/17/1131
f 785/965/116 820/940/196 829/970/535
f 856/592/786 785/562/116 829/588/535
f 773/2369/138 785/2364/116 856/2330/786
f 803/1466/1309 799/1509/1382 816/1510/1373
f 773/2369/138 856/2330/786 860/2326/989
f 788/3182/609 879/3187/326 813/3286/408
f 789/384/737 749/349/679 847/356/914
f 813/1376/408 791/1423/689 768/1372/906
f 889/3146/747 912/3185/531 867/3205/442
f 841/2058/1113 707/2120/662 855/1877/945
f 904/3806/501 775/3807/646 839/3747/400
f 807/1422/696 961/1351/452 935/1418/567
f 942/278/530 866/285/537 915/254/565
f 1119/455/513 794/375/660 958/430/500
f 794/1972/660 790/1930/491 858/1938/841
f 786/1723/834 965/1729/558 735/1768/796
f 928/1545/553 951/1615/562 696/1607/663
f 1010/1136/406 733/1182/742 968/1133/514
f 758/2231/792 953/2245/1049 941/2273/996
f 779/34/242 880/17/1131 852/80/946
f 814/1610/512 837/1582/1028 757/1570/855
f 861/374/1022 804/342/925 810/367/1368
f 837/413/1028 810/367/1368 809/407/1379
f 854/3776/848 791/3777/689 813/3719/408
f 789/2696/737 878/2740/1025 828/2711/488
f 847/356/914 878/391/1025 789/384/737
f 846/324/377 769/277/645 866/285/537
f 775/1384/646 904/1317/501 961/1351/452
f 848/2996/772 485/2938/957 905/2959/579
f 836/1686/810 936/1832/566 832/1844/691
f 790/1930/491 845/1836/744 858/1938/841
f 924/892/1041 1011/825/457 808/763/728
f 824/2929/697 964/2974/573 731/2930/903
f 937/1989/723 880/2012/1131 796/1990/600
f 811/2313/342 865/2288/1010 870/2283/1018
f 865/2288/1010 811/2313/342 840/2307/807
f 739/2365/647 842/2304/1004 840/2307/807
f 810/367/1368 837/413/1028 861/374/1022
f 883/2504/1079 791/2463/689 854/2462/848
f 851/2232/494 866/2278/537 895/2279/612
f 853/906/425 867/920/442 839/921/400
f 866/2278/537 851/2232/494 846/2244/377
f 885/974/933 776/975/750 841/967/1113
f 807/1422/696 935/1418/567 927/1447/578
f 921/2722/554 526/2692/896 920/2689/552
f 922/3048/570 920/3073/552 522/3050/877
f 817/1586/726 848/1552/772 939/1559/606
f 733/224/742 962/141/438 968/221/514
f 780/2095/720 857/2040/874 924/2010/1041
f 826/2226/823 892/2208/1271 849/2220/860
f 711/2850/702 823/2785/716 984/2831/641
f 999/2860/464 711/2850/702 984/2831/641
f 911/894/1084 758/911/792 869/866/1020
f 811/2451/342 870/2391/1018 894/2444/598
f 869/2015/1020 811/2035/342 894/2047/598
f 871/154/1336 806/177/340 862/125/913
f 802/1756/871 844/1702/407 918/1732/519
f 842/2304/1004 760/2354/705 916/2259/1130
f 791/2252/689 916/2332/1130 760/2227/705
f 883/2504/1079 916/2551/1130 791/2463/689
f 959/1041/766 781/1059/734 1053/1015/937
f 850/1219/1040 890/1362/867 843/1344/935
f 839/1331/400 867/1203/442 904/1317/501
f 885/902/933 855/917/945 884/903/866
f 895/428/612 866/285/537 931/425/543
f 890/1627/867 850/1647/1040 876/1628/862
f 885/2016/933 841/2058/1113 855/1877/945
f 940/122/907 784/95/757 723/102/746
f 1027/417/1026 723/102/746 260/4/321
f 827/1678/788 817/1586/726 991/1608/497
f 835/41/813 967/129/427 819/123/708
f 967/129/427 926/135/899 819/123/708
f 801/150/843 819/123/708 926/135/899
f 827/1678/788 965/1729/558 786/1723/834
f 822/170/837 801/150/843 926/135/899
f 604/3221/811 929/3212/585 534/3160/806
f 956/589/684 777/512/712 1044/586/808
f 857/2040/874 887/2013/1354 924/2010/1041
f 892/2208/1271 901/2203/1396 849/2220/860
f 887/2013/1354 857/2040/874 831/2031/830
f 873/1993/884 917/2005/1349 831/2042/830
f 793/1304/1173 764/1248/964 950/1311/285
f 764/1248/964 798/1231/595 950/1311/285
f 798/1032/595 806/1040/340 919/1001/503
f 906/629/1241 894/649/598 865/630/1010
f 896/2139/1467 860/2116/989 856/2247/786
f 893/2267/1362 865/2288/1010 840/2307/807
f 879/1520/326 804/1515/925 861/1563/1022
f 837/1582/1028 814/1610/512 934/1617/272
f 913/3288/293 813/3286/408 879/3187/326
f 854/2841/848 813/2869/408 883/2821/1079
f 889/1070/747 468/1215/755 959/1041/766
f 1072/998/961 1262/739/1071 899/842/740
f 904/1317/501 867/1203/442 912/1197/531
f 885/2016/933 872/2178/824 776/2145/750
f 1027/417/1026 630/300/729 872/408/824
f 774/137/589 1013/229/674 971/192/496
f 774/16/589 971/19/496 835/41/813
f 817/1586/726 939/1559/606 991/1608/497
f 818/1632/839 951/1615/562 836/1686/810
f 956/1841/684 508/2014/748 480/2002/835
f 826/2226/823 812/2234/802 907/2196/1013
f 892/2208/1271 826/2226/823 907/2196/1013
f 891/2048/1410 888/2206/1450 887/2132/1354
f 917/1999/1349 887/2013/1354 831/2031/830
f 877/2210/1006 952/2189/1149 830/2228/680
f 925/105/982 830/94/680 952/97/1149
f 796/1335/600 793/1304/1173 980/1334/248
f 865/3602/1010 897/3688/1180 870/3603/1018
f 903/2328/865 886/2318/1306 871/2266/1336
f 903/2328/865 871/2266/1336 896/2139/1467
f 865/3794/1010 894/3736/598 897/3793/1180
f 871/2266/1336 930/2293/1342 919/2265/503
f 871/3750/1336 919/3665/503 806/3664/340
f 856/2247/786 874/2315/940 903/2328/865
f 865/2288/1010 893/2267/1362 906/2258/1241
f 896/2139/1467 856/2247/786 903/2328/865
f 893/2267/1362 840/2307/807 842/2304/1004
f 1064/2019/1417 914/2078/1405 842/2029/1004
f 909/1099/1311 916/1114/1130 883/1058/1079
f 828/1247/488 934/1191/272 814/1183/512
f 715/182/727 895/199/612 944/187/599
f 942/278/530 931/425/543 866/285/537
f 972/2079/1064 872/2178/824 885/2016/933
f 822/170/837 926/135/899 962/141/438
f 735/1768/796 965/1729/558 929/1848/585
f 1030/3161/780 534/3160/806 929/3212/585
f 881/1295/710 1044/1339/808 777/1338/712
f 1011/825/457 924/892/1041 1232/966/386
f 808/2075/728 982/2073/509 859/2131/693
f 888/2206/1450 924/2264/1041 887/2132/1354
f 901/2053/1396 892/2236/1271 882/2216/1409
f 901/2053/1396 882/2216/1409 898/2059/1404
f 917/2005/1349 891/2048/1410 887/2132/1354
f 953/3632/1049 758/3631/792 911/3705/1084
f 980/1334/248 793/1304/1173 950/1311/285
f 923/2423/433 894/2444/598 870/2391/1018
f 980/3446/248 937/3539/723 796/3540/600
f 950/980/285 798/1032/595 919/1001/503
f 871/2266/1336 886/2318/1306 930/2293/1342
f 869/358/1020 894/346/598 911/357/1084
f 923/767/433 897/777/1180 894/778/598
f 923/2284/433 906/2251/1241 897/2327/1180
f 880/2262/1131 897/2327/1180 906/2251/1241
f 943/482/889 894/467/598 906/483/1241
f 893/2122/1362 880/2262/1131 906/2251/1241
f 862/2134/913 896/2139/1467 871/2266/1336
f 852/2142/946 880/2262/1131 893/2122/1362
f 864/2099/751 852/2142/946 914/2078/1405
f 862/2134/913 868/2094/707 910/2100/1414
f 910/2100/1414 896/2139/1467 862/2134/913
f 910/2100/1414 860/2116/989 896/2139/1467
f 893/2122/1362 842/2029/1004 914/2078/1405
f 863/2022/1054 860/2116/989 910/2100/1414
f 977/1728/1166 868/1776/707 918/1732/519
f 1064/3467/1417 842/3468/1004 916/3401/1130
f 813/2555/408 913/2627/293 883/2580/1079
f 890/1029/867 1072/998/961 899/842/740
f 994/2732/1001 960/2710/1009 884/2731/866
f 848/2996/772 905/2959/579 939/3023/606
f 958/1964/500 794/1972/660 858/1938/841
f 967/129/427 835/41/813 971/19/496
f 958/1964/500 858/1938/841 845/1836/744
f 981/1864/357 845/1836/744 963/1797/456
f 508/3089/748 928/3127/553 509/3140/833
f 948/2958/669 534/2947/806 1030/2914/780
f 808/763/728 1011/825/457 982/805/509
f 907/2287/1013 1000/2275/1073 892/2236/1271
f 946/1486/524 584/1477/785 999/1507/464
f 877/2038/1006 849/2064/860 901/2053/1396
f 932/2007/1312 877/2038/1006 901/2053/1396
f 955/1982/1175 917/2005/1349 873/1993/884
f 932/2007/1312 952/1981/1149 877/2038/1006
f 825/2939/758 925/2892/982 976/2928/1179
f 875/2960/943 825/2939/758 976/2928/1179
f 897/2327/1180 880/2262/1131 902/2329/1186
f 937/2263/723 902/2329/1186 880/2262/1131
f 852/2142/946 893/2122/1362 914/2078/1405
f 914/1465/1405 985/1482/1243 864/1508/751
f 864/1508/751 985/1482/1243 947/1512/241
f 910/1773/1414 868/1776/707 977/1728/1166
f 861/1563/1022 837/1582/1028 934/1617/272
f 878/1062/1025 847/1101/914 969/1113/1267
f 979/2744/1163 1001/2707/215 828/2711/488
f 979/2744/1163 828/2711/488 878/2740/1025
f 972/2079/1064 993/2110/1200 872/2178/824
f 784/1137/757 940/1132/907 974/1189/1016
f 922/415/570 832/400/691 936/389/566
f 962/141/438 926/135/899 967/129/427
f 1046/1833/817 508/2014/748 956/1841/684
f 907/1043/1013 812/1034/802 1079/1151/459
f 823/2785/716 700/2748/764 1009/2778/809
f 924/2264/1041 888/2206/1450 945/2213/1323
f 882/2216/1409 892/2236/1271 1000/2275/1073
f 888/2206/1450 891/2048/1410 945/2213/1323
f 873/2008/884 815/2034/616 941/1983/996
f 976/3634/1179 992/3553/1251 875/3552/943
f 919/2550/503 930/2572/1342 1005/2573/704
f 943/3739/889 911/3801/1084 894/3809/598
f 983/1724/379 874/1680/940 856/1730/786
f 856/592/786 900/637/997 983/622/379
f 844/950/407 864/930/751 947/969/241
f 844/950/407 947/969/241 918/1006/519
f 863/2022/1054 910/2100/1414 977/2068/1166
f 1007/1606/158 861/1563/1022 934/1617/272
f 969/2788/1267 847/2736/914 908/2773/1107
f 828/1247/488 1001/1242/215 934/1191/272
f 1016/1221/622 912/1197/531 1062/1174/908
f 975/1016/1007 1072/998/961 890/1029/867
f 579/734/673 899/842/740 994/676/1001
f 944/187/599 895/199/612 931/201/543
f 890/1362/867 876/1193/862 975/1345/1007
f 960/1876/1009 885/2016/933 884/1872/866
f 904/1317/501 912/1197/531 978/1228/463
f 904/1317/501 978/1228/463 961/1351/452
f 972/2079/1064 885/2016/933 960/1876/1009
f 922/3048/570 1067/3046/852 920/3073/552
f 1067/452/852 922/415/570 989/410/410
f 989/410/410 922/415/570 936/389/566
f 1119/846/513 958/845/500 1035/864/516
f 970/1735/478 936/1832/566 836/1686/810
f 958/1964/500 845/1836/744 981/1864/357
f 933/1657/580 963/1797/456 725/1715/771
f 700/127/764 479/54/803 1036/202/820
f 948/172/669 1036/202/820 479/54/803
f 973/2896/523 964/2974/573 824/2929/697
f 881/1295/710 1039/1305/821 1044/1339/808
f 720/2158/739 859/2131/693 987/2173/320
f 973/2896/523 824/2929/697 946/2859/524
f 901/2053/1396 898/2059/1404 932/2007/1312
f 911/1794/1084 966/1815/1227 953/1816/1049
f 870/157/1018 897/162/1180 1003/194/361
f 1003/2389/361 923/2423/433 870/2391/1018
f 879/1520/326 861/1563/1022 1007/1606/158
f 1045/2719/1233 883/2580/1079 913/2627/293
f 949/458/700 944/448/599 1052/456/970
f 694/939/732 957/715/800 1021/711/760
f 1062/1313/908 889/1353/747 1002/1337/818
f 1002/3701/818 889/3726/747 959/3685/766
f 912/3185/531 889/3146/747 1062/3130/908
f 944/3796/599 931/3722/543 997/3795/436
f 1016/1221/622 978/1228/463 912/1197/531
f 876/1193/862 974/1189/1016 975/1345/1007
f 1032/248/659 942/278/530 915/254/565
f 1228/302/1150 940/122/907 723/102/746
f 921/2722/554 920/2689/552 1032/2682/659
f 1067/3046/852 1090/3088/1008 920/3073/552
f 827/1678/788 991/1608/497 965/1729/558
f 970/1735/478 836/1686/810 951/1615/562
f 928/899/553 1006/859/460 951/871/562
f 929/1848/585 1050/1795/812 1030/1850/780
f 1046/860/817 1006/859/460 928/899/553
f 508/3089/748 1046/3056/817 928/3127/553
f 1009/2778/809 700/2748/764 1036/2747/820
f 1122/2269/985 924/2264/1041 945/2213/1323
f 823/2785/716 1009/2778/809 984/2831/641
f 720/3184/739 987/3183/320 881/3220/710
f 891/2048/1410 1014/2074/1294 945/2213/1323
f 952/2726/1149 932/2734/1312 1018/2678/1176
f 925/3717/982 952/3718/1149 976/3649/1179
f 903/160/865 938/173/1164 886/156/1306
f 930/2293/1342 886/2318/1306 938/2323/1164
f 980/947/248 950/980/285 954/968/6
f 923/2423/433 1003/2389/361 1049/2450/439
f 874/1680/940 983/1724/379 903/1663/865
f 919/1001/503 1005/983/704 950/980/285
f 1005/2249/704 930/2293/1342 938/2323/1164
f 966/3738/1227 911/3801/1084 943/3739/889
f 992/3325/1251 900/3239/997 875/3310/943
f 1049/2450/439 906/2447/1241 923/2423/433
f 990/997/440 947/969/241 954/968/6
f 990/997/440 918/1006/519 947/969/241
f 985/2071/1243 914/2078/1405 1064/2019/1417
f 908/1992/1107 863/2022/1054 1012/1994/1329
f 908/2773/1107 1012/2812/1329 969/2788/1267
f 879/1184/326 1007/1196/158 913/1239/293
f 909/1099/1311 883/1058/1079 1045/1060/1233
f 913/2627/293 1001/2707/215 1045/2719/1233
f 959/3685/766 1053/3655/937 1002/3701/818
f 972/2544/1064 960/2545/1009 1008/2499/1219
f 997/396/436 931/425/543 942/278/530
f 972/2544/1064 1008/2499/1219 993/2517/1200
f 1019/1350/624 935/1418/567 961/1351/452
f 1032/248/659 915/254/565 921/241/554
f 872/2178/824 993/2110/1200 1027/2180/1026
f 1027/417/1026 1228/302/1150 723/102/746
f 905/3302/579 927/3346/578 1055/3303/815
f 1026/222/432 971/192/496 1013/229/674
f 936/3449/566 970/3440/478 1022/3389/604
f 981/1329/357 988/1267/159 958/1252/500
f 971/756/496 986/773/147 967/765/427
f 967/765/427 986/773/147 962/764/438
f 962/764/438 986/773/147 968/771/514
f 1038/2667/262 968/2712/514 986/2713/147
f 859/2131/693 982/2073/509 987/2173/320
f 946/2852/524 999/2860/464 996/2890/363
f 891/2048/1410 917/2005/1349 1014/2074/1294
f 932/2007/1312 898/2059/1404 1015/2032/1288
f 938/173/1164 903/160/865 1020/196/280
f 954/968/6 950/980/285 1005/983/704
f 937/929/723 980/947/248 995/949/461
f 1070/2186/1225 966/2187/1227 943/2126/889
f 995/949/461 980/947/248 954/968/6
f 943/482/889 906/483/1241 1070/536/1225
f 1070/536/1225 906/483/1241 1049/543/439
f 1074/656/1141 983/622/379 900/637/997
f 947/969/241 995/949/461 954/968/6
f 1001/1242/215 1007/1196/158 934/1191/272
f 878/1062/1025 969/1113/1267 979/1065/1163
f 1007/1196/158 1001/1242/215 913/1239/293
f 998/1581/1090 1072/1588/961 975/1589/1007
f 974/1920/1016 998/1934/1090 975/1921/1007
f 1029/299/650 997/396/436 942/278/530
f 920/3073/552 1090/3088/1008 1032/3122/659
f 1035/1253/516 958/1252/500 988/1267/159
f 936/3449/566 1022/3389/604 989/3395/410
f 971/756/496 1026/784/432 986/773/147
f 988/1267/159 981/1329/357 1004/1389/176
f 1023/3392/548 970/3440/478 951/3450/562
f 1004/1389/176 981/1329/357 963/1402/456
f 953/3452/1049 1113/3497/1295 941/3494/996
f 897/162/1180 902/164/1186 1003/194/361
f 1049/1731/439 1003/1673/361 1051/1679/250
f 903/1663/865 983/1724/379 1020/1675/280
f 990/3300/440 954/3327/6 1005/3295/704
f 863/2022/1054 977/2068/1166 1012/1994/1329
f 1040/2739/1053 1001/2707/215 979/2744/1163
f 1021/711/760 957/715/800 1073/690/778
f 1053/1015/937 781/1059/734 1149/944/767
f 961/1351/452 978/1228/463 1019/1350/624
f 1032/3353/659 1029/3352/650 942/3416/530
f 1055/1436/815 935/1418/567 1019/1350/624
f 927/1447/578 935/1418/567 1055/1436/815
f 939/3023/606 905/2959/579 1083/2937/898
f 991/1608/497 939/1559/606 1028/1573/568
f 1028/1573/568 1025/1746/577 991/1608/497
f 1025/1746/577 965/1729/558 991/1608/497
f 1037/2673/306 986/2713/147 1026/2691/432
f 1037/2673/306 1038/2667/262 986/2713/147
f 963/1402/456 1048/1401/303 1004/1389/176
f 963/1402/456 1066/1488/287 1048/1401/303
f 1038/2667/262 1010/2680/406 968/2712/514
f 929/1848/585 965/1729/558 1050/1795/812
f 1066/1704/287 963/1797/456 933/1657/580
f 948/2958/669 1030/2914/780 1068/2952/844
f 1011/2070/457 987/2173/320 982/2073/509
f 882/2216/1409 1000/2275/1073 1080/2217/1436
f 973/2896/523 946/2859/524 1034/2853/474
f 881/3220/710 987/3183/320 1039/3235/821
f 946/3673/524 996/3766/363 1034/3707/474
f 898/2059/1404 882/2216/1409 1063/2080/1466
f 1063/2080/1466 1015/2032/1288 898/2059/1404
f 955/2697/1175 873/2735/884 1113/2617/1295
f 873/2735/884 941/2693/996 1113/2617/1295
f 1043/2324/993 902/2329/1186 937/2263/723
f 900/3239/997 992/3325/1251 1074/3240/1141
f 1057/3238/1279 918/3326/519 990/3300/440
f 977/1728/1166 918/1732/519 1057/1660/1279
f 1012/1994/1329 977/2068/1166 1064/2019/1417
f 979/1065/1163 969/1113/1267 1059/1100/1286
f 949/710/700 1052/685/970 957/715/800
f 1052/47/970 1085/77/615 957/55/800
f 1071/411/916 997/396/436 1033/399/373
f 944/448/599 997/396/436 1071/411/916
f 994/2503/1001 1008/2499/1219 960/2545/1009
f 1017/1233/587 978/1228/463 1016/1221/622
f 1033/399/373 997/396/436 1029/299/650
f 974/1920/1016 1041/1949/1082 998/1934/1090
f 978/1228/463 1017/1233/587 1019/1350/624
f 940/1132/907 1024/1138/1194 974/1189/1016
f 1083/1536/898 1028/1573/568 939/1559/606
f 1004/1389/176 1035/1253/516 988/1267/159
f 1022/2011/604 1065/2027/955 989/2054/410
f 1023/3392/548 1022/3389/604 970/3440/478
f 1023/1900/548 951/1918/562 1006/1884/460
f 965/1729/558 1025/1746/577 1050/1795/812
f 1111/1404/424 933/1500/580 838/1299/730
f 1165/1153/422 907/1043/1013 1079/1151/459
f 973/3270/523 1079/3331/459 964/3251/573
f 1056/2136/325 1042/2175/799 987/2173/320
f 882/2216/1409 1080/2217/1436 1063/2080/1466
f 1042/2175/799 1031/2239/706 987/2173/320
f 932/2007/1312 1015/2032/1288 1018/1998/1176
f 976/3649/1179 952/3718/1149 1084/3651/1302
f 953/2382/1049 966/2363/1227 1100/2381/1353
f 1005/2249/704 938/2323/1164 1077/2317/963
f 1043/2324/993 937/2263/723 995/2248/461
f 990/3300/440 1005/3295/704 1057/3238/1279
f 1054/3358/1232 995/3426/461 947/3427/241
f 985/1482/1243 1054/1464/1232 947/1512/241
f 969/2788/1267 1012/2812/1329 1132/2879/1448
f 1045/1060/1233 1059/1100/1286 909/1099/1311
f 979/1065/1163 1059/1100/1286 1040/1055/1053
f 1040/2739/1053 1045/2719/1233 1001/2707/215
f 1002/3701/818 1053/3655/937 1098/3725/769
f 1052/456/970 944/448/599 1071/411/916
f 974/1920/1016 1024/1937/1194 1041/1949/1082
f 1047/2085/1011 993/2110/1200 1008/2004/1219
f 1026/222/432 1013/229/674 1159/276/498
f 1035/1253/516 1004/1389/176 1048/1401/303
f 1066/1488/287 933/1524/580 1111/1523/424
f 1046/1833/817 956/1841/684 1103/1786/978
f 1103/645/978 956/589/684 1044/586/808
f 1000/1024/1073 907/1043/1013 1165/1153/422
f 1036/202/820 948/172/669 1068/188/844
f 1034/3330/474 1079/3331/459 973/3270/523
f 1122/2269/985 945/2213/1323 1080/2217/1436
f 1080/2217/1436 945/2213/1323 1014/2074/1294
f 999/2860/464 984/2831/641 1061/2842/1051
f 1060/2276/854 1034/2277/474 996/2224/363
f 1003/194/361 902/164/1186 1051/203/250
f 1070/3388/1225 1100/3485/1353 966/3486/1227
f 1077/3247/963 1057/3238/1279 1005/3295/704
f 1064/2019/1417 916/1996/1130 1132/1980/1448
f 1249/688/951 694/939/732 1021/711/760
f 899/842/740 1058/660/971 994/676/1001
f 1008/2004/1219 994/1867/1001 1058/1871/971
f 1008/2004/1219 1058/1871/971 1047/2085/1011
f 1055/1319/815 1083/1355/898 905/1320/579
f 1025/1746/577 1028/1573/568 1091/1562/1177
f 838/1299/730 1218/1300/371 1111/1404/424
f 1080/2217/1436 1000/2275/1073 1122/2269/985
f 987/2173/320 1011/2070/457 1056/2136/325
f 1061/2842/1051 984/2831/641 1009/2778/809
f 987/3183/320 1089/3215/1254 1039/3235/821
f 1031/3370/706 1089/3443/1254 987/3371/320
f 996/2890/363 999/2860/464 1061/2842/1051
f 955/1982/1175 1014/2074/1294 917/2005/1349
f 1077/210/963 938/173/1164 1020/196/280
f 902/164/1186 1043/200/993 1051/203/250
f 1069/1725/277 1020/1675/280 983/1724/379
f 1069/617/277 983/622/379 1074/656/1141
f 1043/3405/993 995/3426/461 1054/3358/1232
f 977/2068/1166 1057/2125/1279 1082/2112/1477
f 977/2068/1166 1082/2112/1477 1064/2019/1417
f 916/2737/1130 909/2738/1311 1059/2833/1286
f 1059/2833/1286 969/2788/1267 1132/2879/1448
f 1085/117/615 1073/140/778 957/134/800
f 1072/1360/961 998/1343/1090 1041/1200/1082
f 1017/1233/587 1016/1221/622 1096/1229/1155
f 1088/1336/1222 1019/1350/624 1017/1233/587
f 1067/452/852 989/410/410 1065/426/955
f 1091/1562/1177 1101/1753/1206 1025/1746/577
f 1063/3381/1466 1080/3347/1436 1014/3410/1294
f 1014/2074/1294 955/1982/1175 1121/1997/1246
f 1077/210/963 1020/196/280 1099/216/106
f 1084/1665/1302 1074/1707/1141 992/1710/1251
f 1132/2879/1448 916/2737/1130 1059/2833/1286
f 1140/993/1258 1053/1015/937 1149/944/767
f 1002/1337/818 1098/1326/769 1062/1313/908
f 1047/2085/1011 1058/1871/971 1075/2067/804
f 1088/1336/1222 1017/1233/587 1096/1229/1155
f 1093/298/1121 1033/399/373 1029/299/650
f 1072/1360/961 1041/1200/1082 1081/1220/878
f 1125/1144/1182 1041/1200/1082 1024/1138/1194
f 1027/2180/1026 993/2110/1200 1047/2085/1011
f 1162/1134/1055 1024/1138/1194 940/1132/907
f 1162/217/1055 940/122/907 1228/302/1150
f 1028/2299/568 1083/2355/898 1091/2312/1177
f 1022/2011/604 1097/2000/1191 1065/2027/955
f 1097/2000/1191 1022/2011/604 1023/1900/548
f 1050/1795/812 1025/1746/577 1101/1753/1206
f 1094/227/976 1009/204/809 1036/202/820
f 996/48/363 1061/66/1051 1114/49/1338
f 1015/2032/1288 1063/2080/1466 1121/1997/1246
f 1015/2032/1288 1121/1997/1246 1018/1998/1176
f 1113/2617/1295 1121/2622/1246 955/2697/1175
f 952/2726/1149 1018/2678/1176 1084/2650/1302
f 1099/1682/106 1020/1675/280 1069/1725/277
f 1054/2127/1232 1077/2317/963 1043/2324/993
f 1057/2125/1279 1077/2317/963 1054/2127/1232
f 1082/2112/1477 985/2071/1243 1064/2019/1417
f 1149/944/767 694/939/732 1249/688/951
f 1148/451/1257 1052/456/970 1071/411/916
f 1072/998/961 1186/938/1118 1262/739/1071
f 1164/2111/1154 1075/2067/804 1058/1871/971
f 1157/1169/1143 1041/1200/1082 1125/1144/1182
f 1137/230/1328 1029/299/650 1032/248/659
f 1037/2673/306 1026/2691/432 1107/2638/483
f 1035/3503/516 1086/3455/621 1119/3438/513
f 1035/3503/516 1048/3489/303 1086/3455/621
f 1087/1879/1122 1023/1900/548 1006/1884/460
f 1046/1833/817 1087/1879/1122 1006/1884/460
f 1225/1119/296 838/1299/730 1010/1136/406
f 924/892/1041 1122/1008/985 1232/966/386
f 1056/2136/325 1011/2070/457 1151/2082/315
f 1009/1306/809 1094/1285/976 1114/1284/1338
f 1114/3656/1338 1061/3762/1051 1009/3763/809
f 996/515/363 1114/477/1338 1060/514/854
f 1121/3348/1246 1063/3381/1466 1014/3410/1294
f 953/3452/1049 1100/3451/1353 1113/3497/1295
f 1077/210/963 1051/203/250 1043/200/993
f 1054/2127/1232 1082/2112/1477 1057/2125/1279
f 1082/2112/1477 1054/2127/1232 985/2071/1243
f 1132/1980/1448 1012/1994/1329 1064/2019/1417
f 1040/1055/1053 1059/1100/1286 1045/1060/1233
f 1062/1313/908 1098/1326/769 1144/1318/1101
f 1183/1869/1133 1164/2111/1154 1058/1871/971
f 1033/399/373 1093/298/1121 1071/411/916
f 1041/1200/1082 1157/1169/1143 1081/1220/878
f 1055/1436/815 1019/1350/624 1143/1405/1296
f 1107/2638/483 1026/2691/432 1120/2640/394
f 1087/1879/1122 1097/2000/1191 1023/1900/548
f 1208/2549/223 1010/2680/406 1038/2667/262
f 1117/1333/1148 1044/1339/808 1039/1305/821
f 1060/3584/854 1114/3680/1338 1034/3585/474
f 1031/2172/706 1042/2167/799 1089/2204/1254
f 992/3553/1251 976/3634/1179 1084/3594/1302
f 1077/210/963 1099/216/106 1051/203/250
f 1135/1014/1386 1145/986/1283 1084/1033/1302
f 1145/986/1283 1074/985/1141 1084/1033/1302
f 1051/1679/250 1099/1682/106 1049/1731/439
f 1130/694/1242 1021/711/760 1073/690/778
f 1098/3650/769 1053/3723/937 1140/3724/1258
f 1085/77/615 1052/47/970 1148/46/1257
f 1144/1176/1101 1016/1221/622 1062/1174/908
f 1116/2634/1252 1095/2685/1377 1115/2657/1326
f 1104/2641/1459 1095/2685/1377 1116/2634/1252
f 1104/2641/1459 1116/2634/1252 1134/2588/1263
f 1124/2639/1461 1105/2584/1388 1092/2616/1473
f 1133/2603/1411 1105/2584/1388 1124/2639/1461
f 1093/2664/1121 1147/2646/1387 1124/2639/1461
f 1093/298/1121 1029/299/650 1147/269/1387
f 1143/1405/1296 1019/1350/624 1088/1336/1222
f 1047/2085/1011 1075/2067/804 1153/2133/1185
f 1027/2180/1026 1047/2085/1011 1153/2133/1185
f 1150/3684/1390 1083/3683/898 1055/3756/815
f 1102/1190/1197 1109/1212/1395 1106/1171/1265
f 1110/1499/1259 1118/1433/1428 1108/1518/1327
f 1146/1419/1407 1050/1369/812 1101/1407/1206
f 1011/825/457 1232/966/386 1151/876/315
f 1094/227/976 1036/202/820 1161/228/1105
f 1042/2175/799 1056/2136/325 1175/2156/423
f 1089/1292/1254 1117/1333/1148 1039/1305/821
f 1078/2191/1384 1117/2221/1148 1089/2204/1254
f 1042/2167/799 1078/2191/1384 1089/2204/1254
f 1174/2585/1468 1084/2650/1302 1018/2678/1176
f 1070/994/1225 1135/1014/1386 1100/1022/1353
f 1049/1731/439 1099/1682/106 1069/1725/277
f 1069/617/277 1074/656/1141 1145/627/1283
f 1073/140/778 1085/117/615 1148/139/1257
f 1092/2616/1473 1141/2579/1159 1112/2633/1364
f 1139/2651/1457 1092/2616/1473 1112/2633/1364
f 1115/2891/1326 1095/2897/1377 1136/2865/1444
f 1139/2651/1457 1148/2701/1257 1071/2717/916
f 1096/2742/1155 1144/2754/1101 1136/2706/1444
f 1016/1221/622 1144/1176/1101 1096/1229/1155
f 1139/2651/1457 1071/2717/916 1093/2664/1121
f 1095/2897/1377 1123/2866/1470 1136/2865/1444
f 1136/2706/1444 1088/2705/1222 1096/2742/1155
f 1124/2639/1461 1139/2651/1457 1093/2664/1121
f 1123/2675/1470 1095/2685/1377 1104/2641/1459
f 1141/2579/1159 1092/2616/1473 1105/2584/1388
f 1177/2526/1111 1105/2584/1388 1133/2603/1411
f 1147/269/1387 1029/299/650 1137/230/1328
f 1024/1138/1194 1162/1134/1055 1125/1144/1182
f 1055/1436/815 1143/1405/1296 1150/1437/1390
f 1026/222/432 1159/276/498 1120/255/394
f 1126/1483/1449 1091/1452/1177 1167/1504/1422
f 1126/1483/1449 1108/1518/1327 1118/1433/1428
f 1101/1407/1206 1091/1452/1177 1126/1483/1449
f 1102/1190/1197 1129/1230/1443 1109/1212/1395
f 1118/1433/1428 1101/1407/1206 1126/1483/1449
f 1158/355/1036 1110/352/1259 1108/369/1327
f 1129/1230/1443 1097/1258/1191 1087/1250/1122
f 1087/1250/1122 1109/1212/1395 1129/1230/1443
f 1118/1433/1428 1110/1499/1259 1127/1468/1361
f 1118/1433/1428 1146/1419/1407 1101/1407/1206
f 1030/1850/780 1050/1795/812 1163/1858/1146
f 1068/3431/844 1030/3501/780 1173/3432/1239
f 1173/3745/1239 1161/3808/1105 1068/3746/844
f 1161/228/1105 1036/202/820 1068/188/844
f 1114/743/1338 1094/757/976 1076/785/1315
f 1056/2136/325 1151/2082/315 1175/2156/423
f 1079/2599/459 1034/2571/474 1165/2570/422
f 1152/3264/429 1034/3249/474 1114/3316/1338
f 1174/1651/1468 1135/1614/1386 1084/1600/1302
f 1145/627/1283 1049/543/439 1069/617/277
f 1073/690/778 1148/657/1257 1130/694/1242
f 899/842/740 1183/678/1133 1058/660/971
f 1092/2616/1473 1139/2651/1457 1124/2639/1461
f 1123/2675/1470 1088/2705/1222 1136/2706/1444
f 1143/2704/1296 1088/2705/1222 1123/2675/1470
f 1170/1226/1365 1065/1287/955 1097/1258/1191
f 1167/1504/1422 1108/1518/1327 1126/1483/1449
f 1129/1230/1443 1102/1190/1197 1170/1226/1365
f 1160/2826/987 1102/2880/1197 1106/2877/1265
f 1156/3147/337 1086/3133/621 1048/3169/303
f 1109/1212/1395 1087/1250/1122 1154/1240/1343
f 1118/1433/1428 1127/1468/1361 1146/1419/1407
f 1127/1468/1361 1128/1440/1322 1146/1419/1407
f 1146/1419/1407 1163/1415/1146 1050/1369/812
f 1087/1879/1122 1046/1833/817 1154/1787/1343
f 1225/2527/296 1010/2680/406 1208/2549/223
f 1046/1833/817 1103/1786/978 1154/1787/1343
f 1117/2221/1148 1078/2191/1384 1171/2166/1080
f 1187/786/1063 1114/743/1338 1076/785/1315
f 1165/830/422 1034/882/474 1152/883/429
f 1070/994/1225 1145/986/1283 1135/1014/1386
f 1049/543/439 1145/627/1283 1070/536/1225
f 1098/1326/769 1140/1354/1258 1144/1318/1101
f 1112/2633/1364 1130/2652/1242 1139/2651/1457
f 1133/2603/1411 1124/2639/1461 1147/2646/1387
f 1150/2672/1390 1123/2675/1470 1104/2641/1459
f 1143/2704/1296 1123/2675/1470 1150/2672/1390
f 1075/2067/804 1164/2111/1154 1153/2133/1185
f 1177/731/1111 1133/708/1411 1189/709/1135
f 1131/2628/1359 1150/2672/1390 1104/2641/1459
f 1137/2653/1328 1133/2603/1411 1147/2646/1387
f 1170/2608/1365 1155/2586/1284 1133/2603/1411
f 1090/2843/1008 1137/2900/1328 1032/2901/659
f 1178/2668/1460 1083/2753/898 1150/2672/1390
f 1170/1226/1365 1097/1258/1191 1129/1230/1443
f 1166/3429/299 1107/3511/483 1120/3500/394
f 1110/352/1259 1168/319/1061 1127/335/1361
f 1142/1211/1333 1109/1212/1395 1154/1240/1343
f 1138/1173/1307 1109/1212/1395 1142/1211/1333
f 1163/1415/1146 1146/1419/1407 1128/1440/1322
f 1103/645/978 1044/586/808 1117/596/1148
f 1076/250/1315 1094/227/976 1200/286/1056
f 1200/286/1056 1094/227/976 1161/228/1105
f 1130/694/1242 1249/688/951 1021/711/760
f 1139/2651/1457 1130/2652/1242 1148/2701/1257
f 1136/2706/1444 1140/2698/1258 1115/2657/1326
f 1136/2706/1444 1144/2754/1101 1140/2698/1258
f 1072/1360/961 1081/1220/878 1186/1357/1118
f 1170/2608/1365 1133/2603/1411 1137/2653/1328
f 1167/2637/1422 1150/2672/1390 1131/2628/1359
f 1158/3078/1036 1108/3091/1327 1167/3155/1422
f 1091/2312/1177 1178/2336/1460 1167/2300/1422
f 1266/388/434 1013/229/674 705/259/735
f 1159/3430/498 1166/3429/299 1120/3500/394
f 1156/3006/337 1119/2921/513 1086/2936/621
f 1172/2807/1119 1160/2826/987 1106/2877/1265
f 1168/319/1061 1110/352/1259 1158/355/1036
f 1107/3709/483 1166/3784/299 1037/3785/306
f 1038/2667/262 1037/2673/306 1208/2549/223
f 1230/1519/902 1128/1440/1322 1127/1468/1361
f 1173/3432/1239 1030/3501/780 1163/3490/1146
f 1103/645/978 1117/596/1148 1171/575/1080
f 1076/1281/1315 1247/1280/1005 1187/1323/1063
f 1114/3316/1338 1187/3291/1063 1152/3264/429
f 1174/2585/1468 1018/2678/1176 1121/2622/1246
f 1100/1601/1353 1135/1614/1386 1174/1651/1468
f 1130/3457/1242 1112/3425/1364 1248/3456/905
f 899/842/740 1207/695/1085 1183/678/1133
f 1191/2578/1083 1131/2628/1359 1104/2641/1459
f 1027/2180/1026 1153/2133/1185 1199/2162/1147
f 1067/452/852 1065/426/955 1170/378/1365
f 1178/2336/1460 1091/2312/1177 1083/2355/898
f 1180/3007/345 1119/2921/513 1156/3006/337
f 1172/2807/1119 1106/2877/1265 1109/2881/1395
f 1156/3147/337 1048/3169/303 1209/3170/222
f 1166/2598/299 1208/2549/223 1037/2673/306
f 1048/1401/303 1066/1488/287 1209/1398/222
f 1244/1121/947 1138/1173/1307 1142/1211/1333
f 1174/2585/1468 1121/2622/1246 1113/2617/1295
f 1262/739/1071 1207/695/1085 899/842/740
f 1112/3425/1364 1141/3384/1159 1248/3456/905
f 1081/1220/878 1185/1205/1345 1186/1357/1118
f 1223/548/872 1141/517/1159 1105/479/1388
f 1223/548/872 1105/479/1388 1177/505/1111
f 1081/1220/878 1157/1169/1143 1185/1205/1345
f 1199/420/1147 1228/302/1150 1027/417/1026
f 1137/2653/1328 1090/2715/1008 1170/2608/1365
f 1150/2672/1390 1167/2637/1422 1178/2668/1460
f 1013/229/674 1266/388/434 1245/360/311
f 705/259/735 1119/455/513 1180/464/345
f 1229/279/1027 1230/266/902 1127/335/1361
f 1163/2782/1146 1128/2810/1322 1230/2811/902
f 1103/645/978 1171/575/1080 1179/623/1103
f 1100/3451/1353 1174/3478/1468 1113/3497/1295
f 1140/993/1258 1149/944/767 1254/887/777
f 1115/1928/1326 1140/1956/1258 1254/1957/777
f 1186/938/1118 1231/865/1089 1262/739/1071
f 1115/1928/1326 1254/1957/777 1116/1922/1252
f 1134/2597/1263 1116/2605/1252 1217/2514/822
f 1125/3009/1182 1185/2999/1345 1157/3035/1143
f 1274/2476/789 1131/2604/1359 1191/2547/1083
f 1199/420/1147 1308/359/1277 1228/302/1150
f 1067/2718/852 1170/2608/1365 1090/2715/1008
f 1170/3355/1365 1102/3265/1197 1160/3282/987
f 1181/3112/921 1169/3058/1087 1158/3078/1036
f 1172/2807/1119 1193/2781/1374 1160/2826/987
f 1176/1241/1318 1158/1270/1036 1169/1244/1087
f 1197/3436/246 1180/3507/345 1156/3508/337
f 1158/1270/1036 1176/1241/1318 1168/1269/1061
f 1197/3125/246 1156/3147/337 1209/3170/222
f 1109/2881/1395 1210/2766/1291 1172/2807/1119
f 1109/2881/1395 1138/2849/1307 1210/2766/1291
f 1042/3439/799 1175/3403/423 1182/3442/1078
f 1191/3619/1083 1104/3618/1459 1134/3702/1263
f 1125/1144/1182 1162/1134/1055 1184/1165/1245
f 1189/511/1135 1133/476/1411 1155/480/1284
f 1181/3112/921 1158/3078/1036 1167/3155/1422
f 1204/308/231 1159/276/498 1198/314/360
f 1192/3075/1282 1169/3058/1087 1181/3112/921
f 1166/1566/299 1159/1567/498 1188/1551/259
f 1229/279/1027 1127/335/1361 1168/319/1061
f 1078/261/1384 1182/236/1078 1171/288/1080
f 1152/883/429 1238/873/346 1165/830/422
f 1042/237/799 1182/236/1078 1078/261/1384
f 1223/548/872 1220/576/832 1141/517/1159
f 1185/2999/1345 1125/3009/1182 1184/2954/1245
f 1205/1478/1347 1153/1408/1185 1164/1438/1154
f 1159/1567/498 1204/1535/231 1188/1551/259
f 1169/3606/1087 1192/3535/1282 1176/3605/1318
f 1219/1439/152 1209/1398/222 1066/1488/287
f 1229/1260/1027 1168/1259/1061 1212/1274/1217
f 1179/1210/1103 1142/1211/1333 1154/1240/1343
f 1103/1288/978 1179/1210/1103 1154/1240/1343
f 1000/1024/1073 1165/1153/422 1287/1154/281
f 1247/350/1005 1076/250/1315 1200/286/1056
f 1199/2162/1147 1153/2133/1185 1205/2050/1347
f 1280/3517/944 1155/3598/1284 1170/3518/1365
f 1170/3355/1365 1160/3282/987 1215/3294/1062
f 1159/276/498 1013/229/674 1245/360/311
f 1241/462/257 705/259/735 1214/459/344
f 1214/459/344 705/259/735 1180/464/345
f 1166/2598/299 1195/2569/163 1208/2549/223
f 1210/1898/1291 1138/1912/1307 1235/1860/1068
f 1066/1488/287 1111/1523/424 1219/1439/152
f 1186/3034/1118 1185/2999/1345 1194/2978/1366
f 1183/1642/1133 1205/1478/1347 1164/1438/1154
f 1162/1134/1055 1202/1140/1240 1184/1165/1245
f 1228/302/1150 1202/257/1240 1162/217/1055
f 1244/472/947 1235/528/1068 1138/509/1307
f 1111/1523/424 1218/1528/371 1219/1439/152
f 1173/3432/1239 1163/3490/1146 1200/3466/1056
f 1200/3716/1056 1161/3715/1105 1173/3792/1239
f 1232/966/386 1122/1008/985 1325/1118/310
f 1122/1008/985 1000/1024/1073 1287/1154/281
f 1116/1922/1252 1254/1957/777 1217/1926/822
f 1134/2597/1263 1217/2514/822 1206/2533/928
f 1205/1478/1347 1183/1642/1133 1207/1645/1085
f 1194/2978/1366 1185/2999/1345 1184/2954/1245
f 1194/2978/1366 1184/2954/1245 1221/2920/1301
f 1236/809/1069 1167/788/1422 1131/808/1359
f 1204/3513/231 1198/3579/360 1188/3521/259
f 1188/3521/259 1198/3579/360 1195/3580/163
f 1196/1891/1273 1190/1896/1367 1193/1906/1374
f 1196/1891/1273 1193/1906/1374 1172/1905/1119
f 1188/3767/259 1195/3822/163 1166/3823/299
f 1210/1898/1291 1196/1891/1273 1172/1905/1119
f 1168/2973/1061 1176/2916/1318 1212/2972/1217
f 1268/3390/1081 1142/3408/1333 1179/3350/1103
f 1184/1165/1245 1202/1140/1240 1221/1199/1301
f 1191/2547/1083 1134/2597/1263 1206/2533/928
f 1198/314/360 1159/276/498 1245/360/311
f 1266/388/434 705/259/735 1324/414/308
f 1242/527/826 1190/497/1367 1222/520/859
f 1195/2569/163 1198/2575/360 1211/2567/243
f 1201/3319/1102 1192/3301/1282 1203/3341/1208
f 1176/3258/1318 1192/3301/1282 1201/3319/1102
f 1196/1891/1273 1210/1898/1291 1213/1870/1140
f 1175/2156/423 1151/2082/315 1232/2069/386
f 1376/770/675 1149/944/767 1249/688/951
f 1254/887/777 1149/944/767 1343/844/915
f 1220/3404/832 1248/3456/905 1141/3384/1159
f 1194/2978/1366 1231/2943/1089 1186/3034/1118
f 1194/2978/1366 1227/2942/1178 1231/2943/1089
f 1194/2978/1366 1221/2920/1301 1227/2942/1178
f 1191/2547/1083 1252/2487/883 1274/2476/789
f 1155/480/1284 1271/554/797 1189/511/1135
f 1170/3355/1365 1215/3294/1062 1280/3329/944
f 1167/3155/1422 1236/3129/1069 1181/3112/921
f 705/259/735 1241/462/257 1270/431/520
f 1193/2781/1374 1215/2758/1062 1160/2826/987
f 1193/1906/1374 1190/1896/1367 1215/1911/1062
f 1215/3294/1062 1190/3243/1367 1242/3272/826
f 1214/1257/344 1180/1264/345 1197/1380/246
f 1192/3301/1282 1181/3253/921 1203/3341/1208
f 1214/1257/344 1197/1380/246 1209/1398/222
f 1222/520/859 1190/497/1367 1196/488/1273
f 1222/520/859 1196/488/1273 1213/493/1140
f 1212/3254/1217 1176/3258/1318 1201/3319/1102
f 1218/1300/371 838/1299/730 1293/1209/218
f 1306/2733/1093 1163/2782/1146 1230/2811/902
f 1268/3307/1081 1244/3385/947 1142/3378/1333
f 1187/1323/1063 1247/1280/1005 1273/1316/926
f 1232/2069/386 1240/2157/212 1175/2156/423
f 1216/1435/1334 1205/1478/1347 1207/1645/1085
f 1278/2465/638 1191/2547/1083 1206/2533/928
f 1216/1435/1334 1199/1379/1147 1205/1478/1347
f 1202/1387/1240 1233/1396/1371 1221/1460/1301
f 1212/291/1217 1201/307/1102 1265/275/868
f 1237/2521/82 1195/2569/163 1211/2567/243
f 1219/1439/152 1226/1395/115 1209/1398/222
f 1195/2569/163 1237/2521/82 1208/2549/223
f 1226/1395/115 1219/1439/152 1218/1528/371
f 1179/623/1103 1171/575/1080 1272/581/856
f 1182/236/1078 1264/246/992 1171/288/1080
f 1182/3442/1078 1175/3403/423 1240/3377/212
f 1238/3266/346 1152/3264/429 1187/3291/1063
f 1202/1387/1240 1228/1366/1150 1233/1396/1371
f 1280/3329/944 1215/3294/1062 1242/3272/826
f 1324/414/308 705/259/735 1270/431/520
f 1253/3063/814 1203/3042/1208 1181/3112/921
f 1226/1395/115 1214/1257/344 1209/1398/222
f 1208/1459/223 1237/1409/82 1225/1527/296
f 1293/1209/218 838/1299/730 1282/1152/264
f 1268/3390/1081 1179/3350/1103 1434/3349/1060
f 1286/999/273 1232/966/386 1325/1118/310
f 1259/318/1272 1231/326/1089 1227/330/1178
f 1267/3317/1319 1216/3382/1334 1207/3383/1085
f 1269/3324/1313 1216/3382/1334 1267/3317/1319
f 1206/2533/928 1217/2514/822 1278/2465/638
f 1239/1410/1363 1199/1379/1147 1216/1435/1334
f 1257/545/939 1271/554/797 1155/480/1284
f 1155/3598/1284 1280/3517/944 1257/3592/939
f 1274/2476/789 1236/2509/1069 1131/2604/1359
f 1198/314/360 1245/360/311 1251/354/204
f 1241/1256/257 1214/1257/344 1226/1395/115
f 1222/520/859 1235/498/1068 1242/527/826
f 1235/498/1068 1222/520/859 1213/493/1140
f 1224/1413/14 1246/1365/81 1226/1395/115
f 1225/1119/296 1282/1152/264 838/1299/730
f 1293/1209/218 1243/1278/274 1218/1300/371
f 1272/283/856 1171/288/1080 1264/246/992
f 1238/873/346 1287/831/281 1165/830/422
f 1262/739/1071 1267/698/1319 1207/695/1085
f 1252/2487/883 1191/2547/1083 1278/2465/638
f 1177/731/1111 1189/709/1135 1271/707/797
f 1236/239/1069 1274/262/789 1344/240/1017
f 1236/3129/1069 1309/3121/845 1181/3112/921
f 1309/3121/845 1253/3063/814 1181/3112/921
f 1211/2567/243 1198/2575/360 1251/2523/204
f 1211/2567/243 1251/2523/204 1237/2521/82
f 1201/307/1102 1203/321/1208 1265/275/868
f 1235/1860/1068 1213/1870/1140 1210/1898/1291
f 1224/1413/14 1226/1395/115 1250/1431/107
f 1275/1397/203 1224/1413/14 1255/1451/52
f 1255/1451/52 1234/1426/8 1275/1397/203
f 1250/1328/107 1226/1358/115 1218/1359/371
f 1243/1525/274 1250/1431/107 1218/1528/371
f 1325/1118/310 1122/1008/985 1287/1154/281
f 1238/3266/346 1187/3291/1063 1273/3292/926
f 1249/179/951 1130/180/1242 1248/165/905
f 1262/739/1071 1231/865/1089 1294/781/1201
f 1290/2437/831 1217/2514/822 1254/2466/777
f 1227/330/1178 1256/315/1266 1259/318/1272
f 1221/331/1301 1256/315/1266 1227/330/1178
f 1277/1444/1351 1256/1531/1266 1221/1460/1301
f 1269/1461/1313 1239/1410/1363 1216/1435/1334
f 1277/3188/1351 1221/3136/1301 1233/3135/1371
f 1271/554/797 1223/548/872 1177/505/1111
f 1308/1377/1277 1199/1379/1147 1239/1410/1363
f 1251/1266/204 1245/1265/311 1258/1291/4
f 1241/1256/257 1246/1365/81 1260/1383/51
f 1253/303/814 1265/275/868 1203/321/1208
f 1251/1266/204 1258/1291/4 1237/1409/82
f 1246/1365/81 1241/1256/257 1226/1395/115
f 1276/516/798 1242/527/826 1235/498/1068
f 1234/1426/8 1237/1409/82 1261/1399/105
f 1260/1383/51 1246/1365/81 1224/1413/14
f 1275/1397/203 1260/1383/51 1224/1413/14
f 1281/1106/90 1255/1088/52 1224/1087/14
f 1250/1105/107 1281/1106/90 1224/1087/14
f 1230/266/902 1229/279/1027 1321/247/929
f 1264/3402/992 1182/3442/1078 1240/3377/212
f 1326/837/698 1149/944/767 1376/770/675
f 1279/2457/681 1217/2514/822 1290/2437/831
f 1259/1619/1272 1256/1531/1266 1296/1487/1391
f 1217/2514/822 1279/2457/681 1278/2465/638
f 1256/1531/1266 1277/1444/1351 1296/1487/1391
f 1308/1377/1277 1233/1396/1371 1228/1366/1150
f 1344/3156/1017 1309/3121/845 1236/3129/1069
f 1245/1265/311 1266/1262/434 1258/1291/4
f 1258/1291/4 1266/1262/434 1261/1399/105
f 1337/569/966 1242/527/826 1276/516/798
f 1270/1263/520 1241/1256/257 1260/1383/51
f 1260/1383/51 1275/1397/203 1270/1263/520
f 1237/1409/82 1258/1291/4 1261/1399/105
f 1229/3400/1027 1212/3399/1217 1265/3479/868
f 1255/1451/52 1237/1409/82 1234/1426/8
f 1237/1409/82 1255/1451/52 1282/1526/264
f 1235/1959/1068 1330/1960/1043 1276/1947/798
f 1244/472/947 1330/525/1043 1235/528/1068
f 1281/1454/90 1250/1431/107 1243/1525/274
f 1237/1409/82 1282/1526/264 1225/1527/296
f 1304/1164/135 1293/1209/218 1282/1152/264
f 1287/831/281 1238/873/346 1292/888/349
f 1273/3292/926 1292/3250/349 1238/3266/346
f 1249/296/951 1248/287/905 1349/295/1067
f 1376/770/675 1249/688/951 1368/722/657
f 1254/3757/777 1347/3679/596 1290/3678/831
f 1301/705/745 1220/732/832 1335/733/969
f 1294/1639/1201 1259/1619/1272 1296/1487/1391
f 1223/548/872 1335/636/969 1220/576/832
f 1223/548/872 1271/554/797 1298/578/672
f 1329/3354/897 1280/3329/944 1242/3272/826
f 1324/414/308 1270/431/520 1314/447/368
f 1261/1399/105 1275/1397/203 1234/1426/8
f 1229/279/1027 1265/275/868 1295/258/793
f 1229/279/1027 1295/258/793 1321/247/929
f 1293/1522/218 1281/1454/90 1243/1525/274
f 1232/2069/386 1286/2072/273 1240/2157/212
f 1263/2190/197 1240/2157/212 1284/2160/333
f 1273/3292/926 1311/3328/857 1292/3250/349
f 1292/2243/349 1311/2192/857 1310/2242/736
f 1368/722/657 1249/688/951 1349/682/1067
f 1326/837/698 1343/844/915 1149/944/767
f 1301/705/745 1248/706/905 1220/732/832
f 1301/1081/745 1402/1107/1091 1248/1108/905
f 1294/1639/1201 1231/1646/1089 1259/1619/1272
f 1294/1639/1201 1285/1616/1392 1262/1644/1071
f 1285/1616/1392 1267/1620/1319 1262/1644/1071
f 1267/1620/1319 1285/1616/1392 1269/1461/1313
f 1312/591/887 1335/636/969 1223/548/872
f 1297/1446/1402 1239/1410/1363 1269/1461/1313
f 1297/1446/1402 1308/1377/1277 1239/1410/1363
f 1320/2434/876 1274/2476/789 1252/2487/883
f 1257/545/939 1319/579/911 1271/554/797
f 1320/2434/876 1344/2426/1017 1274/2476/789
f 1265/275/868 1253/303/814 1295/258/793
f 1330/530/1043 1337/569/966 1276/516/798
f 1275/958/203 1261/959/105 1352/933/200
f 1255/1451/52 1304/1521/135 1282/1526/264
f 1179/623/1103 1272/581/856 1331/606/863
f 1286/999/273 1325/1118/310 1367/1077/230
f 1240/2157/212 1286/2072/273 1284/2160/333
f 1402/337/1091 1355/368/666 1248/361/905
f 1248/287/905 1355/268/666 1349/295/1067
f 1343/2049/915 1347/2091/596 1254/2092/777
f 1336/3740/1389 1285/3799/1392 1294/3800/1201
f 1283/88/1406 1315/143/1096 1291/90/1348
f 1338/142/1161 1315/143/1096 1283/88/1406
f 1297/1446/1402 1269/1461/1313 1285/1616/1392
f 1283/88/1406 1313/118/1335 1338/142/1161
f 1271/554/797 1319/579/911 1298/578/672
f 1257/545/939 1280/549/944 1319/579/911
f 1242/527/826 1337/569/966 1329/572/897
f 1253/303/814 1309/282/845 1354/267/1024
f 1261/1913/105 1266/1914/434 1353/1890/101
f 1253/303/814 1354/267/1024 1295/258/793
f 1314/3502/368 1270/3562/520 1275/3563/203
f 1261/1913/105 1353/1890/101 1352/1889/200
f 1304/1521/135 1255/1451/52 1281/1454/90
f 1306/232/1093 1230/266/902 1321/247/929
f 1306/798/1093 1200/813/1056 1163/799/1146
f 1272/283/856 1318/252/941 1331/281/863
f 1318/252/941 1272/283/856 1264/246/992
f 1287/831/281 1292/888/349 1317/857/24
f 1318/3441/941 1264/3402/992 1240/3377/212
f 1279/2457/681 1290/2437/831 1388/2409/1437
f 1305/2380/1153 1289/2402/1439 1288/2448/1330
f 1278/2465/638 1279/2457/681 1307/2436/892
f 1312/591/887 1223/548/872 1298/578/672
f 1277/1444/1351 1233/1396/1371 1296/1487/1391
f 1296/1487/1391 1233/1396/1371 1340/1489/1478
f 1283/88/1406 1346/93/1383 1313/118/1335
f 1308/1377/1277 1297/1446/1402 1340/1489/1478
f 1308/1377/1277 1340/1489/1478 1233/1396/1371
f 1319/579/911 1280/549/944 1329/572/897
f 1266/1914/434 1324/1894/308 1353/1890/101
f 1328/3499/318 1314/3502/368 1275/3563/203
f 1328/945/318 1275/958/203 1352/933/200
f 1281/1454/90 1293/1522/218 1304/1521/135
f 1461/3372/1430 1268/3390/1081 1434/3349/1060
f 1179/623/1103 1331/606/863 1434/644/1060
f 1287/831/281 1317/857/24 1325/829/310
f 1316/886/261 1317/857/24 1292/888/349
f 1240/3008/212 1384/3100/1332 1318/3080/941
f 1384/3100/1332 1240/3008/212 1263/3004/197
f 1299/1128/683 1263/1149/197 1366/1129/1325
f 1291/2676/1348 1315/2660/1096 1382/2695/931
f 1288/86/1330 1388/85/1437 1372/104/1290
f 1279/2457/681 1388/2409/1437 1307/2436/892
f 1336/1621/1389 1340/1489/1478 1285/1616/1392
f 1288/2448/1330 1398/2452/1440 1388/2513/1437
f 1285/1616/1392 1340/1489/1478 1297/1446/1402
f 1398/2452/1440 1288/2448/1330 1289/2402/1439
f 1289/2402/1439 1305/2380/1153 1323/2351/1357
f 1252/2487/883 1278/2465/638 1307/2436/892
f 1295/258/793 1354/267/1024 1350/251/1100
f 1342/2596/1474 1302/2552/1401 1339/2593/1299
f 1412/471/1165 1330/525/1043 1244/472/947
f 1268/3307/1081 1412/3306/1165 1244/3385/947
f 1325/829/310 1317/857/24 1358/835/42
f 1247/350/1005 1200/286/1056 1306/336/1093
f 1360/856/13 1284/889/333 1286/833/273
f 1284/889/333 1360/856/13 1332/885/213
f 1263/3361/197 1284/3373/333 1366/3419/1325
f 1415/723/847 1376/770/675 1368/722/657
f 1326/837/698 1403/834/1190 1343/844/915
f 1305/3578/1153 1288/3561/1330 1379/3648/1058
f 1296/1487/1391 1336/1621/1389 1294/1639/1201
f 1433/2388/1451 1388/2409/1437 1290/2437/831
f 1283/88/1406 1291/90/1348 1345/73/1215
f 1323/2351/1357 1305/2380/1153 1351/2314/1189
f 1387/603/1167 1385/619/1344 1312/591/887
f 1312/591/887 1298/578/672 1387/603/1167
f 1252/2487/883 1307/2436/892 1320/2434/876
f 1353/2764/101 1314/2845/368 1328/2846/318
f 1377/2542/1419 1362/2530/1378 1302/2552/1401
f 1303/751/1471 1300/760/1400 1371/721/1370
f 1302/2552/1401 1342/2596/1474 1377/2542/1419
f 1367/832/230 1360/856/13 1286/833/273
f 1247/1280/1005 1375/1289/1035 1273/1316/926
f 1358/835/42 1317/857/24 1316/886/261
f 1358/835/42 1316/886/261 1359/880/15
f 1316/3564/261 1292/3556/349 1348/3614/1415
f 1384/3100/1332 1263/3004/197 1299/3003/683
f 1379/3648/1058 1288/3561/1330 1372/3647/1290
f 1291/2676/1348 1382/2695/931 1393/2730/1393
f 1345/3391/1215 1291/3414/1348 1407/3343/1456
f 1305/2380/1153 1379/2360/1058 1351/2314/1189
f 1340/1489/1478 1336/1621/1389 1296/1487/1391
f 1381/43/1293 1335/29/969 1312/26/887
f 1385/619/1344 1381/648/1293 1312/591/887
f 1351/3029/1189 1411/2994/1034 1323/3038/1357
f 1414/2404/1316 1320/2434/876 1307/2436/892
f 1428/53/1447 1346/93/1383 1283/88/1406
f 1323/2351/1357 1369/2393/1423 1289/2402/1439
f 1319/579/911 1329/572/897 1459/647/1458
f 1302/3765/1401 1362/3818/1378 1339/3819/1299
f 1324/2759/308 1314/2845/368 1353/2764/101
f 1426/1155/1464 1373/1141/1260 1300/1139/1400
f 1300/760/1400 1373/747/1260 1371/721/1370
f 1353/2764/101 1328/2846/318 1352/2765/200
f 1395/796/1355 1300/760/1400 1303/751/1471
f 1333/755/1454 1395/796/1355 1303/751/1471
f 1342/2596/1474 1401/2553/1420 1377/2542/1419
f 1342/2596/1474 1327/2587/1465 1401/2553/1420
f 1406/2470/1098 1327/2587/1465 1356/2589/1297
f 1441/762/1398 1306/818/1093 1321/797/929
f 1325/829/310 1358/835/42 1367/832/230
f 1375/377/1035 1247/350/1005 1306/336/1093
f 1348/735/1415 1375/783/1035 1365/787/1275
f 1318/1584/941 1363/1585/1480 1331/1624/863
f 1273/738/926 1375/783/1035 1348/735/1415
f 1384/1564/1332 1363/1585/1480 1318/1584/941
f 1363/1585/1480 1366/1557/1325 1322/1579/1469
f 1284/3373/333 1332/3374/213 1396/3409/1256
f 1366/1557/1325 1384/1564/1332 1299/1492/683
f 1349/682/1067 1393/684/1393 1415/723/847
f 1419/761/888 1376/770/675 1415/723/847
f 1326/837/698 1419/761/888 1403/834/1190
f 1347/334/596 1403/306/1190 1290/333/831
f 1415/723/847 1368/722/657 1349/682/1067
f 1376/770/675 1419/761/888 1326/837/698
f 1403/2028/1190 1347/2091/596 1343/2049/915
f 1291/3414/1348 1393/3344/1393 1407/3343/1456
f 1381/43/1293 1301/7/745 1335/29/969
f 1388/2513/1437 1398/2452/1440 1307/2498/892
f 1387/603/1167 1298/578/672 1319/579/911
f 1430/2430/1360 1344/2512/1017 1320/2491/876
f 1463/3128/1462 1309/3121/845 1344/3156/1017
f 1459/647/1458 1329/572/897 1337/569/966
f 1395/796/1355 1350/794/1100 1354/819/1024
f 1378/2495/1413 1362/2530/1378 1377/2542/1419
f 1357/724/1438 1374/700/1425 1371/721/1370
f 1371/721/1370 1333/755/1454 1303/751/1471
f 1410/675/1269 1341/730/1381 1333/755/1454
f 1350/251/1100 1321/247/929 1295/258/793
f 1356/2589/1297 1327/2587/1465 1422/2618/1453
f 1410/675/1269 1400/670/1095 1341/730/1381
f 1421/556/1274 1341/593/1381 1400/599/1095
f 1461/3372/1430 1412/3415/1165 1268/3390/1081
f 1322/1579/1469 1383/1605/1231 1334/1612/1230
f 1331/3104/863 1363/3079/1480 1409/3055/1059
f 1363/1585/1480 1322/1579/1469 1334/1612/1230
f 1367/832/230 1358/835/42 1359/880/15
f 1380/727/1224 1348/735/1415 1365/787/1275
f 1384/1564/1332 1366/1557/1325 1363/1585/1480
f 1311/1375/857 1273/1403/926 1348/1385/1415
f 1322/1579/1469 1366/1557/1325 1396/1539/1256
f 1360/856/13 1359/880/15 1332/885/213
f 1284/3373/333 1396/3409/1256 1366/3419/1325
f 1332/3374/213 1359/3360/15 1396/3409/1256
f 1359/3570/15 1316/3564/261 1380/3615/1224
f 1348/3614/1415 1380/3615/1224 1316/3564/261
f 1310/1979/736 1311/1978/857 1348/2030/1415
f 1292/332/349 1310/317/736 1348/316/1415
f 1355/2144/666 1402/2108/1091 1393/2107/1393
f 1349/3820/1067 1355/3744/666 1393/3743/1393
f 1403/2056/1190 1433/2018/1451 1290/2093/831
f 1372/2017/1290 1388/1986/1437 1433/2018/1451
f 1407/57/1456 1301/7/745 1381/43/1293
f 1315/2791/1096 1405/2825/692 1382/2808/931
f 1405/2825/692 1315/2791/1096 1338/2780/1161
f 1407/3343/1456 1386/3393/1372 1345/3391/1215
f 1385/36/1344 1386/60/1372 1381/43/1293
f 1283/88/1406 1345/73/1215 1386/60/1372
f 1428/53/1447 1283/88/1406 1386/60/1372
f 1369/2393/1423 1398/2452/1440 1289/2402/1439
f 1429/625/1375 1387/603/1167 1319/579/911
f 1346/93/1383 1429/44/1375 1364/87/1380
f 1459/444/1458 1429/461/1375 1319/445/911
f 1337/569/966 1391/585/1433 1459/647/1458
f 1426/1155/1464 1300/1139/1400 1395/1170/1355
f 1404/2467/1213 1389/2473/1157 1362/2530/1378
f 1391/2636/1433 1342/2596/1474 1339/2593/1299
f 1404/2467/1213 1362/2530/1378 1378/2495/1413
f 1374/700/1425 1357/724/1438 1399/701/1123
f 1373/747/1260 1357/724/1438 1371/721/1370
f 1330/2674/1043 1391/2636/1433 1337/2670/966
f 1395/796/1355 1333/755/1454 1392/768/1445
f 1327/2587/1465 1417/2453/1142 1401/2553/1420
f 1417/2453/1142 1327/2587/1465 1406/2470/1098
f 1306/336/1093 1450/412/1346 1375/377/1035
f 1363/2384/1480 1334/2359/1230 1409/2383/1059
f 1396/1539/1256 1383/1605/1231 1322/1579/1469
f 1397/790/1236 1380/727/1224 1365/787/1275
f 1396/1539/1256 1390/1556/1321 1383/1605/1231
f 1360/856/13 1367/832/230 1359/880/15
f 1380/450/1224 1370/460/237 1359/442/15
f 1396/381/1256 1370/380/237 1423/394/1203
f 1370/460/237 1396/443/1256 1359/442/15
f 1423/3407/1203 1370/3345/237 1427/3406/775
f 1403/2056/1190 1372/2017/1290 1433/2018/1451
f 1439/1456/1308 1379/1425/1058 1372/1424/1290
f 1386/60/1372 1407/57/1456 1381/43/1293
f 1351/3029/1189 1379/3010/1058 1458/2940/1124
f 1448/2950/1050 1411/2994/1034 1351/3029/1189
f 1385/36/1344 1428/53/1447 1386/60/1372
f 1414/2474/1316 1307/2498/892 1398/2452/1440
f 1432/2815/973 1313/2757/1335 1438/2813/1160
f 1428/53/1447 1385/36/1344 1387/20/1167
f 1438/136/1160 1313/118/1335 1346/93/1383
f 1428/53/1447 1429/44/1375 1346/93/1383
f 1364/87/1380 1438/136/1160 1346/93/1383
f 1369/2393/1423 1361/2385/1435 1430/2430/1360
f 1389/2473/1157 1339/2593/1299 1362/2530/1378
f 1357/724/1438 1373/747/1260 1399/701/1123
f 1374/700/1425 1399/701/1123 1413/687/1125
f 1371/721/1370 1374/700/1425 1408/679/1184
f 1392/768/1445 1350/794/1100 1395/796/1355
f 1416/2456/1207 1378/2495/1413 1377/2542/1419
f 1333/755/1454 1371/721/1370 1425/697/1431
f 1342/2596/1474 1391/2636/1433 1330/2674/1043
f 1410/675/1269 1333/755/1454 1425/697/1431
f 1333/755/1454 1341/730/1381 1392/768/1445
f 1350/794/1100 1392/768/1445 1424/766/1421
f 1321/797/929 1350/794/1100 1424/766/1421
f 1422/2618/1453 1327/2587/1465 1342/2596/1474
f 1424/2468/1421 1441/2492/1398 1321/2536/929
f 1434/644/1060 1331/606/863 1409/604/1059
f 1390/1556/1321 1394/1595/1174 1383/1605/1231
f 1380/727/1224 1397/790/1236 1420/742/1337
f 1419/1987/888 1372/2017/1290 1403/2056/1190
f 1301/7/745 1407/57/1456 1402/27/1091
f 1402/27/1091 1407/57/1456 1393/76/1393
f 1351/3029/1189 1458/2940/1124 1448/2950/1050
f 1338/2780/1161 1313/2757/1335 1432/2815/973
f 1369/2393/1423 1323/2351/1357 1437/2294/1145
f 1398/2452/1440 1369/2393/1423 1430/2430/1360
f 1430/2430/1360 1320/2491/876 1414/2474/1316
f 1437/2294/1145 1418/2303/1210 1361/2385/1435
f 1361/2385/1435 1369/2393/1423 1437/2294/1145
f 1364/87/1380 1446/119/1247 1438/136/1160
f 1430/2430/1360 1361/2385/1435 1426/2368/1464
f 1429/3013/1375 1435/2986/1446 1364/3037/1380
f 1463/2576/1462 1344/2625/1017 1430/2577/1360
f 1339/1761/1299 1459/1771/1458 1391/1814/1433
f 1354/3778/1024 1463/3779/1462 1395/3691/1355
f 1413/687/1125 1408/679/1184 1374/700/1425
f 1378/2495/1413 1416/2456/1207 1404/2467/1213
f 1431/662/1115 1425/697/1431 1408/679/1184
f 1425/697/1431 1371/721/1370 1408/679/1184
f 1416/2456/1207 1377/2542/1419 1401/2553/1420
f 1410/675/1269 1425/697/1431 1431/662/1115
f 1417/2453/1142 1416/2456/1207 1401/2553/1420
f 1342/2596/1474 1330/2674/1043 1422/2618/1453
f 1341/730/1381 1424/766/1421 1392/768/1445
f 1422/2618/1453 1330/2674/1043 1412/2655/1165
f 1421/741/1274 1424/766/1421 1341/730/1381
f 1412/2655/1165 1356/2589/1297 1422/2618/1453
f 1421/741/1274 1441/762/1398 1424/766/1421
f 1460/2353/1039 1356/2379/1297 1442/2349/1129
f 1365/419/1275 1375/377/1035 1450/412/1346
f 1390/1556/1321 1396/1539/1256 1423/1529/1203
f 1380/727/1224 1420/742/1337 1370/718/237
f 1445/2922/1350 1427/2970/775 1370/2971/237
f 1449/728/1304 1419/761/888 1415/723/847
f 1393/684/1393 1440/719/1037 1415/723/847
f 1372/392/1290 1419/393/888 1439/383/1308
f 1393/2730/1393 1382/2695/931 1440/2729/1037
f 1405/2825/692 1436/2848/853 1382/2808/931
f 1432/2815/973 1405/2825/692 1338/2780/1161
f 1437/2294/1145 1323/2351/1357 1411/2310/1034
f 1430/2430/1360 1414/2474/1316 1398/2452/1440
f 1429/44/1375 1428/53/1447 1387/20/1167
f 1426/2368/1464 1361/2385/1435 1418/2303/1210
f 1364/87/1380 1435/89/1446 1446/119/1247
f 1339/987/1299 1389/996/1157 1446/1010/1247
f 1463/2425/1462 1426/2368/1464 1395/2407/1355
f 1354/267/1024 1309/282/845 1463/233/1462
f 1409/604/1059 1334/571/1230 1383/534/1231
f 1444/2844/1416 1394/2898/1174 1390/2899/1321
f 1452/3054/783 1419/3118/888 1449/3113/1304
f 1436/2848/853 1440/2864/1037 1382/2808/931
f 1458/2940/1124 1379/3010/1058 1439/2962/1308
f 1436/2848/853 1405/2825/692 1432/2815/973
f 1339/987/1299 1435/1004/1446 1459/1028/1458
f 1435/1004/1446 1339/987/1299 1446/1010/1247
f 1373/1141/1260 1426/1155/1464 1457/1159/1237
f 1413/2477/1125 1399/2484/1123 1464/2421/1193
f 1404/3208/1213 1416/3203/1207 1467/3124/1314
f 1408/2482/1184 1413/2477/1125 1451/2432/1023
f 1454/3150/1108 1417/3202/1142 1406/3211/1098
f 1460/2353/1039 1406/2387/1098 1356/2379/1297
f 1434/644/1060 1409/604/1059 1447/590/1268
f 1409/604/1059 1383/534/1231 1447/590/1268
f 1397/478/1236 1365/419/1275 1450/412/1346
f 1419/1944/888 1452/1943/783 1439/1961/1308
f 1456/2863/1075 1443/2851/965 1432/2815/973
f 1438/2813/1160 1465/2870/1109 1432/2815/973
f 1463/2425/1462 1430/2430/1360 1426/2368/1464
f 1389/996/1157 1471/1027/1134 1446/1010/1247
f 1399/1124/1123 1373/1141/1260 1457/1159/1237
f 1467/3124/1314 1389/3216/1157 1404/3208/1213
f 1408/2482/1184 1451/2432/1023 1431/2464/1115
f 1412/2344/1165 1442/2349/1129 1356/2379/1297
f 1450/754/1346 1306/818/1093 1441/762/1398
f 1444/2844/1416 1453/2827/1046 1394/2898/1174
f 1427/663/775 1445/714/1350 1423/729/1203
f 1415/3119/847 1440/3102/1037 1449/3113/1304
f 1462/2909/948 1440/2864/1037 1436/2848/853
f 1443/2851/965 1436/2848/853 1432/2815/973
f 1465/2870/1109 1456/2863/1075 1432/2815/973
f 1437/2965/1145 1411/2994/1034 1474/2903/1341
f 1438/2813/1160 1446/2823/1247 1471/2867/1134
f 1418/3682/1210 1457/3588/1237 1426/3681/1464
f 1413/2477/1125 1464/2421/1193 1451/2432/1023
f 1416/3203/1207 1454/3150/1108 1467/3124/1314
f 1454/3150/1108 1416/3203/1207 1417/3202/1142
f 1383/534/1231 1394/519/1174 1453/521/1046
f 1444/2844/1416 1390/2899/1321 1423/2876/1203
f 1370/2971/237 1420/2934/1337 1445/2922/1350
f 1444/740/1416 1423/729/1203 1445/714/1350
f 1462/2909/948 1436/2848/853 1455/2882/1139
f 1455/2882/1139 1436/2848/853 1443/2851/965
f 1411/2994/1034 1448/2950/1050 1474/2903/1341
f 1435/3226/1446 1429/3269/1375 1459/3206/1458
f 1464/2421/1193 1399/2484/1123 1476/2394/1214
f 1471/3123/1134 1389/3216/1157 1467/3124/1314
f 1451/2432/1023 1410/2481/1269 1431/2464/1115
f 1400/2483/1095 1410/2481/1269 1466/2417/1097
f 1460/3142/1039 1454/3150/1108 1406/3211/1098
f 1478/2296/1352 1460/2353/1039 1442/2349/1129
f 1461/2297/1430 1442/2349/1129 1412/2344/1165
f 1461/1092/1430 1447/1084/1268 1442/1110/1129
f 1441/762/1398 1421/741/1274 1450/754/1346
f 1434/644/1060 1447/590/1268 1461/652/1430
f 1447/590/1268 1383/534/1231 1480/553/1320
f 1420/742/1337 1397/790/1236 1453/791/1046
f 1444/740/1416 1420/742/1337 1453/791/1046
f 1420/742/1337 1444/740/1416 1445/714/1350
f 1452/3054/783 1449/3113/1304 1440/3102/1037
f 1456/2863/1075 1455/2882/1139 1443/2851/965
f 1473/2170/1204 1440/2193/1037 1462/2171/948
f 1452/1698/783 1473/1667/1204 1439/1666/1308
f 1452/2197/783 1440/2193/1037 1473/2170/1204
f 1455/3076/1139 1469/3111/1452 1470/3117/1472
f 1455/3076/1139 1456/3077/1075 1469/3111/1452
f 1465/2870/1109 1438/2813/1160 1475/2908/1376
f 1438/2813/1160 1471/2867/1134 1475/2908/1376
f 1457/1159/1237 1476/1161/1214 1399/1124/1123
f 1451/2432/1023 1464/2421/1193 1468/2414/1429
f 1451/2432/1023 1466/2417/1097 1410/2481/1269
f 1442/1110/1129 1447/1084/1268 1480/1089/1320
f 1442/1110/1129 1480/1089/1320 1478/1109/1352
f 1450/3586/1346 1421/3675/1274 1472/3587/1331
f 1480/553/1320 1383/534/1231 1453/521/1046
f 1397/478/1236 1450/412/1346 1472/486/1331
f 1473/2906/1204 1458/2940/1124 1439/2962/1308
f 1470/3117/1472 1458/3157/1124 1473/3126/1204
f 1470/3117/1472 1473/3126/1204 1462/3052/948
f 1470/3117/1472 1462/3052/948 1455/3076/1139
f 1469/3111/1452 1448/3158/1050 1458/3157/1124
f 1469/2885/1452 1456/2863/1075 1465/2870/1109
f 1474/3154/1341 1448/3158/1050 1469/3111/1452
f 1457/2270/1237 1418/2280/1210 1437/2255/1145
f 1477/2202/1278 1454/2184/1108 1460/2164/1039
f 1466/557/1097 1421/556/1274 1400/599/1095
f 1480/553/1320 1397/478/1236 1472/486/1331
f 1469/3111/1452 1458/3157/1124 1470/3117/1472
f 1469/3111/1452 1465/3051/1109 1474/3154/1341
f 1467/2199/1314 1464/2238/1193 1476/2229/1214
f 1454/2184/1108 1468/2215/1429 1467/2199/1314
f 1468/2414/1429 1466/2417/1097 1451/2432/1023
f 1437/2965/1145 1474/2903/1341 1475/2902/1376
f 1475/35/1376 1457/13/1237 1437/37/1145
f 1476/2229/1214 1471/2165/1134 1467/2199/1314
f 1464/2238/1193 1467/2199/1314 1468/2215/1429
f 1454/2184/1108 1477/2202/1278 1468/2215/1429
f 1466/2237/1097 1468/2215/1429 1477/2202/1278
f 1465/3051/1109 1475/3107/1376 1474/3154/1341
f 1472/2840/1331 1421/2887/1274 1466/2888/1097
f 1472/1095/1331 1478/1109/1352 1480/1089/1320
f 1453/521/1046 1397/478/1236 1480/553/1320
f 1460/2353/1039 1478/2296/1352 1477/2334/1278
f 1466/2366/1097 1478/2296/1352 1472/2367/1331
f 1457/1159/1237 1479/1177/1476 1476/1161/1214
f 1478/2296/1352 1466/2366/1097 1477/2334/1278
f 1479/668/1476 1475/696/1376 1471/681/1134
f 1479/14/1476 1457/13/1237 1475/35/1376
f 1471/1125/1134 1476/1161/1214 1479/1177/1476