mtllib mesh.mtl
o material_0
usemtl material_0
v -0.13785524666309357 -0.4928712546825409 -0.051210928708314896
v -0.1374277025461197 -0.47111737728118896 0.004440216813236475
v -0.13741613924503326 -0.49569833278656006 0.024290909990668297
v -0.13741089403629303 -0.48601117730140686 -0.13411076366901398
v -0.13725943863391876 -0.4745560884475708 -0.056904565542936325
v -0.13718898594379425 -0.4830794632434845 0.05032062157988548
v -0.13711272180080414 -0.47303685545921326 0.13336560130119324
v -0.1365615874528885 -0.4965097904205322 -0.1364324986934662
v -0.1357354372739792 -0.49716395139694214 0.13828620314598083
v -0.1353631317615509 -0.4684065282344818 -0.13785549998283386
v -0.13523533940315247 -0.46765822172164917 -0.06174050644040108
v -0.1350013166666031 -0.4727066159248352 -0.1400899440050125
v -0.13486932218074799 -0.46850696206092834 0.13785499334335327
v -0.1335199475288391 -0.49914440512657166 0.05875248834490776
v -0.13343791663646698 -0.498894602060318 -0.13522562384605408
v -0.13326752185821533 -0.4951619803905487 -0.13972920179367065
v -0.13322386145591736 -0.4989440143108368 0.13439369201660156
v -0.13314920663833618 -0.49952200055122375 -0.0594424344599247
v -0.12957273423671722 -0.47266876697540283 0.1397370845079422
v -0.12911102175712585 -0.49264249205589294 0.14017461240291595
v -0.1290605217218399 -0.4658539593219757 -0.11891773343086243
v -0.1283206194639206 -0.4657551050186157 0.05848797410726547
v -0.12642168998718262 -0.4652649164199829 0.1264345794916153
v -0.12287414819002151 -0.46505409479141235 -0.1304669827222824
v -0.11792462319135666 -0.0648329108953476 0.11996054649353027
v -0.11778368800878525 -0.06400728970766068 -0.11778447777032852
v -0.11768324673175812 -0.06884217262268066 0.045417897403240204
v -0.11746132373809814 -0.06655725091695786 -0.036299243569374084
v -0.11723362654447556 -0.07206525653600693 -0.11828826367855072
v -0.11686708778142929 -0.4555126428604126 0.008658252656459808
v -0.11674508452415466 -0.07273837924003601 0.11929426342248917
v -0.1140499860048294 -0.45249253511428833 0.06499093025922775
v -0.11373761296272278 -0.4518572986125946 -0.07724010944366455
v -0.11350254714488983 -0.45239681005477905 -0.11729961633682251
v -0.11345784366130829 -0.060843631625175476 0.12009937316179276
v -0.11334951967000961 -0.07160143554210663 0.12342237681150436
v -0.11332006752490997 -0.06051338464021683 -0.11756045371294022
v -0.1132853627204895 -0.06033826619386673 0.03562559932470322
v -0.11305397748947144 -0.060556504875421524 -0.060450535267591476
v -0.11288043856620789 -0.06423289328813553 0.12375577539205551
v -0.11224097013473511 -0.06883639097213745 -0.1245640441775322
v -0.11150738596916199 -0.06299234926700592 -0.12348232418298721
v -0.11141955852508545 -0.4498373866081238 0.11679740995168686
v -0.11085214465856552 -0.4538114368915558 -0.12075935304164886
v -0.11070594936609268 -0.4996471107006073 -0.10521451383829117
v -0.11018112301826477 -0.4494750499725342 0.03184088319540024
v -0.10973255336284637 -0.4644146263599396 0.13107015192508698
v -0.10956690460443497 0.09614080935716629 0.11050532758235931
v -0.10936076194047928 -0.0986650213599205 0.11068622767925262
v -0.10881385207176208 0.09551134705543518 0.0712183341383934
v -0.1087949201464653 -0.0866803526878357 0.0693325474858284
v -0.10872918367385864 -0.08656150102615356 -0.037417251616716385
v -0.10858983546495438 -0.09992501139640808 -0.11480540037155151
v -0.10858877748250961 0.09861031174659729 0.043964385986328125
v -0.10857773572206497 -0.08779152482748032 0.014595369808375835
v -0.10850147902965546 -0.10057605057954788 -0.005453576799482107
v -0.10848045349121094 0.09530414640903473 -0.031516946852207184
v -0.10824012756347656 0.09962577372789383 -0.048198722302913666
v -0.10804607719182968 0.1012791320681572 0.11220600455999374
v -0.10800611227750778 -0.10094152390956879 -0.06682255119085312
v -0.10792039334774017 -0.10148949176073074 0.06396074593067169
v -0.10767533630132675 0.09926450252532959 -0.11456140130758286
v -0.1075386106967926 -0.08856508135795593 -0.08486581593751907
v -0.10700484365224838 0.1023603230714798 0.07726746052503586
v -0.1067429631948471 0.08951690793037415 -0.11062996834516525
v -0.10650894790887833 0.08946957439184189 0.09644819051027298
v -0.10646214336156845 0.08937596529722214 -0.0888824462890625
v -0.10551661998033524 -0.09022736549377441 -0.11333926767110825
v -0.10540198534727097 -0.31436067819595337 -0.05321082845330238
v -0.10533308982849121 -0.08938860148191452 0.11512618511915207
v -0.10496602952480316 0.08466676622629166 -0.10179264843463898
v -0.10495709627866745 0.14419884979724884 -0.084315225481987
v -0.10470519959926605 -0.3122682273387909 -0.008999546058475971
v -0.10460633784532547 -0.05679019168019295 0.10917329043149948
v -0.10456321388483047 -0.32063329219818115 0.03310876712203026
v -0.10456216335296631 0.015529580414295197 0.08625149726867676
v -0.10450589656829834 -0.058158520609140396 -0.08097802847623825
v -0.10443753004074097 -0.312786728143692 0.06874619424343109
v -0.10424190759658813 -0.0572492852807045 0.03537212684750557
v -0.10416670888662338 -0.00535866292193532 -0.08758195489645004
v -0.10414619743824005 0.05880796164274216 0.08218701183795929
v -0.10413462668657303 -0.31561169028282166 0.11197461932897568
v -0.10412726551294327 -0.05895416438579559 0.07492837309837341
v -0.10401315242052078 -0.315299391746521 -0.1122869923710823
v -0.10401315242052078 0.1447652280330658 0.10799060016870499
v -0.10393689572811127 -0.043529752641916275 0.08155333250761032
v -0.1039237529039383 -0.05654829367995262 -0.10908336192369461
v -0.10376125574111938 0.1397399753332138 0.0789123997092247
v -0.10362663120031357 0.1048913523554802 -0.09029494225978851
v -0.10352671146392822 -0.0019110322464257479 0.10872103273868561
v -0.10339787602424622 -0.44740626215934753 -0.00720316031947732
v -0.10333792865276337 -0.05630271136760712 -0.0387098491191864
v -0.1032600998878479 0.09798505157232285 0.11585977673530579
v -0.10305184870958328 0.04686904326081276 0.10673902183771133
v -0.10298191010951996 0.022963861003518105 -0.07244940847158432
v -0.10290040075778961 0.08280464261770248 -0.07879301905632019
v -0.10281152278184891 -0.024144459515810013 0.06915690749883652
v -0.10250494629144669 0.08209682255983353 0.022665960714221
v -0.10246655344963074 0.0683036670088768 0.05022912099957466
v -0.1024555116891861 -0.04846245050430298 -0.11081244051456451
v -0.1024002954363823 0.03847136348485947 0.06859263777732849
v -0.10232876986265182 0.08154728263616562 -0.04580599442124367
v -0.10222360491752625 0.08497124910354614 0.11145978420972824
v -0.1022004634141922 0.13621662557125092 0.03491146117448807
v -0.10217837244272232 0.10446907579898834 0.02874138206243515
v -0.102126844227314 0.13365508615970612 -0.10878414660692215
v -0.1021052747964859 0.009961625561118126 -0.0781877413392067
v -0.10208740085363388 0.016124870628118515 -0.003679803805425763
v -0.10207109898328781 0.10465891659259796 -0.0348920039832592
v -0.1020532175898552 0.06074685975909233 -0.061427608132362366
v -0.1020253524184227 -0.14597581326961517 0.05795526131987572
v -0.1019238531589508 0.10677293688058853 0.10859167575836182
v -0.10189072787761688 0.1448788195848465 -0.11063943058252335
v -0.1018749475479126 -0.03664606437087059 -0.06063774600625038
v -0.10183288156986237 0.11238347738981247 0.08401547372341156
v -0.10179711133241653 0.13729414343833923 -0.053582094609737396
v -0.10165092349052429 0.1395527720451355 -0.0030829368624836206
v -0.10160938650369644 -0.04618489369750023 0.02580595389008522
v -0.10155206173658371 0.1412823647260666 -0.07807046920061111
v -0.10147528350353241 -0.39800825715065 -0.01383180171251297
v -0.10147002339363098 -0.39794889092445374 0.06629510223865509
v -0.10120655596256256 -0.3078666627407074 0.0008101086714304984
v -0.10119394212961197 -0.10160097479820251 0.11636094003915787
v -0.10117553919553757 0.02308901958167553 0.07719279080629349
v -0.1011713296175003 -0.056256432086229324 0.11158179491758347
v -0.10105090588331223 -0.3999861180782318 0.014463902451097965
v -0.10097307711839676 -0.37525632977485657 -0.013769223354756832
v -0.10083897411823273 -0.14922307431697845 -0.061018481850624084
v -0.10078217834234238 -0.17142969369888306 -0.013692446053028107
v -0.10064493119716644 -0.027884475886821747 -0.07511190325021744
v -0.10058865696191788 -0.3282221555709839 -0.019857794046401978
v -0.10052450001239777 -0.376133531332016 0.0650356337428093
v -0.10045982152223587 -0.37880703806877136 0.012894168496131897
v -0.10040091723203659 -0.4403858184814453 0.08170005679130554
v -0.10026524215936661 -0.17155484855175018 -0.08635509014129639
v -0.10024368762969971 -0.4023083746433258 -0.07496991753578186
v -0.10019688308238983 0.1414448618888855 0.030238019302487373
v -0.10009486228227615 0.10590944439172745 -0.10901868343353271
v -0.1000659391283989 -0.4449688494205475 -0.07689251005649567
v -0.09998232871294022 -0.3286454975605011 0.05827604606747627
v -0.09988608956336975 -0.17155221104621887 0.07349483668804169
v -0.09987714886665344 -0.3057079613208771 0.09824983775615692
v -0.0998597964644432 -0.16999299824237823 -0.04834333807229996
v -0.09985505789518356 0.07689014077186584 0.07156278192996979
v -0.09972464293241501 0.08370336145162582 -0.11196515709161758
v -0.09970308840274811 -0.4100240170955658 -0.008089783601462841
v -0.09964734315872192 -0.11895744502544403 0.10321460664272308
v -0.09964629262685776 -0.15448760986328125 -0.012563394382596016
v -0.09963682293891907 -0.12344630807638168 0.01011807844042778
v -0.0996205285191536 0.11585267633199692 0.024606434628367424
v -0.099614217877388 -0.3061749339103699 -0.1030053123831749
v -0.09961053729057312 -0.3295447826385498 -0.09826140105724335
v -0.09958634525537491 -0.026998378336429596 0.07448611408472061
v -0.09955794364213943 0.10738241672515869 0.06850377470254898
v -0.09947696328163147 -0.17073394358158112 -0.07045476138591766
v -0.09947275370359421 -0.39922675490379333 0.07597223669290543
v -0.09945014119148254 -0.16822028160095215 0.04905799776315689
v -0.0993870347738266 -0.3769196569919586 -0.04751245677471161
v -0.09937810152769089 -0.44161272048950195 -0.008874387480318546
v -0.0993439182639122 -0.18461386859416962 0.07471854984760284
v -0.09933234751224518 -0.27688321471214294 0.007042241748422384
v -0.09931288659572601 -0.37469157576560974 0.07674895226955414
v -0.09928028285503387 -0.11894955486059189 -0.10727331042289734
v -0.09926030039787292 0.0475190244615078 0.11125732213258743
v -0.09920403361320496 -0.3747972548007965 0.04500193148851395
v -0.09918247163295746 -0.24159547686576843 -0.10256253182888031
v -0.09918194264173508 -0.44441717863082886 -0.10585607588291168
v -0.09917248040437698 0.11277210712432861 0.0432770662009716
v -0.09916459023952484 -0.4439754784107208 0.10763458162546158
v -0.09915407001972198 0.11186233907938004 -0.049183156341314316
v -0.09912778437137604 -0.1841600388288498 0.10519400238990784
v -0.09912567585706711 -0.3436313271522522 0.07441406697034836
v -0.09909991174936295 -0.16926570236682892 0.012843683362007141
v -0.09907624125480652 0.15905480086803436 0.08439042419195175
v -0.09898947179317474 0.12365401536226273 0.07361683994531631
v -0.09897737950086594 0.10836317390203476 -0.07278543710708618
v -0.09895160794258118 -0.1500260829925537 0.013511018827557564
v -0.09894739836454391 -0.25899139046669006 -0.07682520151138306
v -0.09894687682390213 -0.4402039051055908 0.010455165058374405
v -0.09893951565027237 -0.3835725486278534 -0.10300163179636002
v -0.09893794357776642 -0.3415514826774597 0.03484414890408516
v -0.09893426299095154 -0.32801127433776855 0.10784388333559036
v -0.09892584383487701 -0.3750764727592468 -0.07298526912927628
v -0.0989137515425682 -0.4452444314956665 -0.04644598439335823
v -0.09889587014913559 -0.1842058002948761 0.007117967586964369
v -0.09888587892055511 -0.18515078723430634 -0.07579238712787628
v -0.09887956082820892 -0.3914196491241455 0.04924100264906883
v -0.09887482970952988 -0.44163215160369873 0.06530172377824783
v -0.09885537624359131 -0.4445171058177948 0.01468213927000761
v -0.09878122806549072 -0.3057132065296173 -0.06440090388059616
v -0.0987786054611206 -0.19137871265411377 -0.10790488868951797
v -0.09872916340827942 -0.35177820920944214 -0.07207287847995758
v -0.09869393706321716 -0.4097021520137787 0.010403103195130825
v -0.09864819049835205 -0.4058869779109955 0.04574131220579147
v -0.09863293170928955 -0.15071918070316315 -0.07614419609308243
v -0.09862294048070908 -0.3983627259731293 -0.04576550051569939
v -0.09860033541917801 0.1135404035449028 -0.018255455419421196
v -0.09852039813995361 -0.3438490629196167 -0.04144860431551933
v -0.09848831593990326 0.14489828050136566 0.11104172468185425
v -0.09845992177724838 0.06137002259492874 0.06756509095430374
v -0.09845098108053207 -0.3051016330718994 0.07493152469396591
v -0.09844940155744553 0.0556521899998188 -0.07402965426445007
v -0.09829742461442947 -0.44522127509117126 0.046658437699079514
v -0.09822958707809448 -0.29905036091804504 -0.05376562476158142
v -0.09821013361215591 -0.36234089732170105 0.0506119579076767
v -0.09819909185171127 -0.1431834101676941 -0.04472900554537773
v -0.09817226976156235 -0.25597235560417175 0.06381823122501373
v -0.09816069900989532 -0.2727040946483612 -0.009817279875278473
v -0.0981522873044014 -0.3025374412536621 0.06193455308675766
v -0.0980907529592514 -0.1858985722064972 -0.06436356902122498
v -0.09806603938341141 -0.40866145491600037 -0.06762976944446564
v -0.09804237633943558 -0.12552666664123535 -0.03265966847538948
v -0.09802082180976868 -0.15948918461799622 0.07242731750011444
v -0.09800398349761963 -0.1266893744468689 0.07029490172863007
v -0.09797191619873047 -0.4427812397480011 -0.06873830407857895
v -0.0979403555393219 -0.12394430488348007 0.03097161278128624
v -0.09786515682935715 -0.3578930199146271 0.10788016021251678
v -0.09783044457435608 -0.1731487661600113 0.045809149742126465
v -0.09778522700071335 -0.36073121428489685 0.011405418626964092
v -0.0976763665676117 -0.053743280470371246 -0.06988103687763214
v -0.09750598669052124 -0.14048777520656586 0.044477637857198715
v -0.0974733754992485 -0.32960158586502075 -0.10683630406856537
v -0.09745655208826065 -0.12954802811145782 -0.07336810976266861
v -0.09743762016296387 -0.18665006756782532 0.06716016680002213
v -0.09739502519369125 -0.30650460720062256 -0.07099799066781998
v -0.09732718765735626 -0.3664895296096802 0.06698662787675858
v -0.09729983657598495 -0.11790306866168976 0.10867791622877121
v -0.0972767099738121 -0.3915674090385437 -0.06885294616222382
v -0.09726829081773758 -0.13608726859092712 -0.017414581030607224
v -0.09723831713199615 -0.3067570626735687 0.039682719856500626
v -0.09717836230993271 0.1700771301984787 0.09929527342319489
v -0.09717784076929092 -0.18859578669071198 -0.04819503799080849
v -0.09716995805501938 -0.25850915908813477 0.01145169511437416
v -0.09716469049453735 -0.3007873594760895 0.04732472077012062
v -0.09710526466369629 -0.30719876289367676 0.1082882434129715
v -0.09700325131416321 -0.1955799162387848 -0.012913626618683338
v -0.0970006138086319 -0.044151339679956436 0.07192615419626236
v -0.09694540500640869 -0.4438323974609375 0.06885137408971786
v -0.0969143807888031 -0.36442020535469055 -0.06795580685138702
v -0.09690070897340775 -0.3030775189399719 0.012051192112267017
v -0.09688755869865417 -0.3082541823387146 -0.10828404128551483
v -0.09679973870515823 -0.1818656474351883 0.011841894127428532
v -0.09677659720182419 -0.35537198185920715 -0.015353681519627571
v -0.09666616469621658 -0.22878308594226837 0.04784586280584335
v -0.09665407240390778 -0.44558677077293396 0.021797742694616318
v -0.0966135710477829 -0.4434469938278198 -0.014360832050442696
v -0.09658412635326385 -0.4103657901287079 0.0706687942147255
v -0.09630541503429413 -0.2424200475215912 -0.10828088223934174
v -0.09614291787147522 -0.40884658694267273 0.013573070988059044
v -0.09612135589122772 -0.3067833185195923 -0.044941458851099014
v -0.09590259194374084 -0.1925635039806366 0.10868002474308014
v -0.09584317356348038 -0.30285510420799255 -0.014513334259390831
v -0.09538303315639496 -0.3486497700214386 -0.10832242667675018
v -0.0952310562133789 -0.18560251593589783 -0.06914796680212021
v -0.09487450867891312 -0.27209827303886414 -0.06884874403476715
v -0.0947919487953186 0.17871566116809845 -0.0910232737660408
v -0.09464733302593231 -0.4442599415779114 -0.10908494889736176
v -0.09449324756860733 -0.4994877576828003 0.08032384514808655
v -0.09428500384092331 -0.38990458846092224 0.07026650011539459
v -0.09355141222476959 -0.30056801438331604 0.06895234435796738
v -0.09315858036279678 0.0960298553109169 -0.11565837264060974
v -0.09262271970510483 0.14075595140457153 -0.03846794739365578
v -0.09247022122144699 0.11871395260095596 -0.0754079669713974
v -0.09176869690418243 0.11315494030714035 0.004632160998880863
v -0.09173662215471268 0.11787203699350357 -0.019834129139780998
v -0.09171032160520554 0.1409936547279358 0.03257184848189354
v -0.09146580100059509 0.13114877045154572 0.027913130819797516
v -0.09129646420478821 0.1417798399925232 0.07627987116575241
v -0.09125439822673798 -0.4134253263473511 -0.01497715525329113
v -0.0909004807472229 0.13304927945137024 0.05231841653585434
v -0.0905902087688446 0.10844311118125916 0.07648338377475739
v -0.09047137200832367 0.1355414092540741 -0.048164013773202896
v -0.09034726023674011 0.10932762920856476 0.04712330922484398
v -0.09024734050035477 0.11063600331544876 -0.04493514820933342
v -0.0902431383728981 0.10949695855379105 -0.05707915872335434
v -0.08987608551979065 -0.4473152756690979 0.036765169352293015
v -0.08985819667577744 0.1358669102191925 -0.013580960221588612
v -0.08955792337656021 0.13918571174144745 -0.07729954272508621
v -0.08948219567537308 -0.38961169123649597 -0.015536160208284855
v -0.08929131180047989 0.1959753781557083 0.09214864671230316
v -0.08904939889907837 -0.18405380845069885 0.04535531997680664
v -0.08900470286607742 -0.1758880466222763 0.014093161560595036
v -0.08875491470098495 -0.34693747758865356 -0.03852684423327446
v -0.08862712979316711 0.2027665078639984 -0.09596964716911316
v -0.08854351937770844 0.1975088119506836 0.09800846129655838
v -0.08844570070505142 -0.23940099775791168 0.01265542209148407
v -0.08828951418399811 -0.26092082262039185 -0.0144712645560503
v -0.0881974846124649 -0.2997971177101135 0.01331749651581049
v -0.08789458125829697 -0.3013237416744232 0.044687461107969284
v -0.0878383219242096 -0.365733802318573 -0.045354269444942474
v -0.0877704843878746 -0.4451676309108734 -0.044369835406541824
v -0.0876937061548233 -0.44229739904403687 0.015872718766331673
v -0.08758221566677094 -0.3501852750778198 0.04450024664402008
v -0.08757170289754868 -0.3011128306388855 -0.04567557945847511
v -0.08720831573009491 0.10737768560647964 -0.07902230322360992
v -0.08718045055866241 -0.17314666509628296 -0.04460069164633751
v -0.08709210157394409 -0.38845840096473694 -0.043308619409799576
v -0.08701427280902863 -0.13049933314323425 0.03595374524593353
v -0.08700744062662125 -0.3569769561290741 -0.01952018216252327
v -0.08684125542640686 -0.39926090836524963 0.017111679539084435
v -0.08677500486373901 -0.44506770372390747 -0.019895130768418312
v -0.08677394688129425 -0.0026209622155874968 -0.113070547580719
v -0.08674082159996033 -0.1314106583595276 -0.03531533479690552
v -0.08668770641088486 -0.3557842969894409 0.016583699733018875
v -0.0866740345954895 -0.1401059925556183 0.019527016207575798
v -0.08661828935146332 -0.387025386095047 0.04323499649763107
v -0.08649155497550964 -0.40435346961021423 -0.02187136374413967
v -0.08646158128976822 -0.40211376547813416 0.04090221971273422
v -0.08636744320392609 -0.44062986969947815 0.0437040776014328
v -0.08635535091161728 -0.37448593974113464 0.018090855330228806
v -0.08630697429180145 -0.23995369672775269 0.045273810625076294
v -0.0861855000257492 -0.30328840017318726 0.020717071369290352
v -0.08615130931138992 -0.1596490442752838 -0.045096591114997864
v -0.08614710718393326 -0.1717052310705185 -0.018616730347275734
v -0.08609609305858612 -0.37304767966270447 -0.01969161629676819
v -0.08595305681228638 0.18661849200725555 -0.09015821665525436
v -0.0858910083770752 0.10696382075548172 -0.04203600436449051
v -0.08576584607362747 -0.17587120831012726 0.01757654920220375
v -0.08574007451534271 -0.24282918870449066 -0.028775565326213837
v -0.08559178560972214 -0.3036644160747528 -0.03519858792424202
v -0.08532148599624634 -0.30091774463653564 -0.01841163821518421
v -0.08528362214565277 -0.1624751091003418 0.013499974273145199
v -0.08525048941373825 -0.2450951784849167 0.017292050644755363
v -0.08523260802030563 -0.16078126430511475 0.044521283358335495
v -0.08499071002006531 -0.1804152876138687 0.04048888385295868
v -0.0849081426858902 -0.25608593225479126 0.041468583047389984
v -0.08435124903917313 -0.15695658326148987 -0.015943186357617378
v -0.08404886722564697 0.10601935535669327 0.03828231617808342
v -0.08391004055738449 -0.26833510398864746 0.10954087227582932
v -0.08358609676361084 0.1827622652053833 -0.09955663233995438
v -0.08346304297447205 -0.3264957070350647 -0.1091696098446846
v -0.08189962059259415 -0.014226476661860943 0.11302584409713745
v -0.08171188086271286 -0.31981661915779114 0.11420748382806778
v -0.08122702687978745 0.17961227893829346 0.09387824684381485
v -0.08115550875663757 -0.058821119368076324 -0.11325880885124207
v -0.0805744156241417 0.10786832869052887 -0.014522801153361797
v -0.08052393794059753 -0.4048641324043274 -0.10946200042963028
v -0.08050132542848587 0.08797819167375565 -0.11295221745967865
v -0.07979349046945572 -0.17405378818511963 0.10982432216405869
v -0.07959996908903122 -0.39848998188972473 0.10956244170665741
v -0.07943747937679291 0.1206107884645462 0.07817617058753967
v -0.07933177798986435 0.06794975697994232 0.11183789372444153
v -0.0792413279414177 0.08595988899469376 0.11228067427873611
v -0.07885007560253143 0.12031734734773636 0.007885743863880634
v -0.07870335876941681 0.1198277547955513 -0.07678943872451782
v -0.07853244990110397 0.10815755277872086 -0.07451871782541275
v -0.07843884825706482 0.10830375552177429 0.07378775626420975
v -0.07828003168106079 0.12036677449941635 0.04689507931470871
v -0.07811490446329117 -0.16813981533050537 -0.109918974339962
v -0.0778682753443718 0.12132912129163742 -0.029886210337281227
v -0.07786458730697632 0.12263907492160797 -0.010859035886824131
v -0.07783882319927216 -0.05753588303923607 0.11279130727052689
v -0.07769209891557693 0.10559497773647308 0.10966550558805466
v -0.07684649527072906 0.025338709354400635 -0.11156286299228668
v -0.07679232954978943 0.1317572146654129 0.108819380402565
v -0.0767471119761467 0.18109996616840363 0.014040048234164715
v -0.07671765983104706 0.13721945881843567 0.014466531574726105
v -0.07668820768594742 -0.23694412410259247 -0.10915803909301758
v -0.07656199485063553 -0.10073380172252655 -0.11590342223644257
v -0.07635217905044556 0.1543140560388565 -0.08300159126520157
v -0.0763353481888771 0.18328812718391418 0.034641165286302567
v -0.07632745802402496 -0.11712740361690521 -0.10948461294174194
v -0.0758962482213974 0.10701745748519897 -0.10809525102376938
v -0.07585574686527252 0.17771229147911072 0.010337368585169315
v -0.0758473351597786 -0.32665300369262695 0.10990951210260391
v -0.07583892345428467 0.13991087675094604 -0.07725799083709717
v -0.07578528672456741 0.183182954788208 -0.012909418903291225
v -0.07578055560588837 0.1265699863433838 0.031754642724990845
v -0.07575741410255432 0.03556853532791138 0.11095074564218521
v -0.07574426382780075 0.14311660826206207 0.11104802787303925
v -0.07559333741664886 -0.3076757490634918 -0.10870789736509323
v -0.07554233074188232 0.15223948657512665 0.03356732800602913
v -0.07548133283853531 0.15485569834709167 -0.015259024687111378
v -0.07530936598777771 0.1257622390985489 0.010589788667857647
v -0.07530410587787628 0.12961742281913757 -0.053184010088443756
v -0.07512899488210678 0.12634806334972382 0.0485447458922863
v -0.07499068975448608 0.18446557223796844 -0.03477000445127487
v -0.07467411458492279 0.21514084935188293 -0.003958517219871283
v -0.07451792806386948 -0.02492748759686947 -0.11065730452537537
v -0.07447480410337448 0.21436938643455505 0.05424995347857475
v -0.07441853731870651 0.2175561785697937 -0.07224273681640625
v -0.0742497369647026 0.14434504508972168 -0.11184946447610855
v -0.0742223858833313 0.18278223276138306 0.07587442547082901
v -0.07413140684366226 0.1267876923084259 -0.036149896681308746
v -0.07408828288316727 0.21827977895736694 0.0767626240849495
v -0.07408303022384644 0.12224730104207993 -0.07980743050575256
v -0.07408145070075989 0.30648672580718994 -0.00840478204190731
v -0.0739273726940155 0.18462017178535461 0.05054675042629242
v -0.07391265034675598 0.14543992280960083 0.08024758845567703
v -0.0739026591181755 0.21901021897792816 0.02495614066720009
v -0.07381957024335861 0.1252889633178711 -0.07561726123094559
v -0.073776975274086 0.16291314363479614 -0.07546792179346085
v -0.07376698404550552 0.19973115622997284 -0.045413170009851456
v -0.07360079884529114 -0.23353751003742218 0.1085243672132492
v -0.0735802948474884 -0.00819417554885149 0.1127050593495369
v -0.07350088655948639 0.24539542198181152 0.06989260017871857
v -0.0734667107462883 -0.37397271394729614 -0.10913332551717758
v -0.07331262528896332 0.17415159940719604 -0.045473117381334305
v -0.07316011935472488 -0.32662931084632874 -0.10947303473949432
v -0.07312488555908203 0.16903063654899597 0.022631777450442314
v -0.0730459988117218 0.12103305757045746 0.08285749703645706
v -0.07270155847072601 0.12582272291183472 0.07610107213258743
v -0.07242915779352188 0.18859894573688507 0.026004208251833916
v -0.0723550021648407 0.1115562841296196 0.09544114023447037
v -0.07229453325271606 0.2225257009267807 0.0643320083618164
v -0.07228086143732071 0.11250969022512436 -0.09468861669301987
v -0.07204053550958633 0.3171672523021698 0.0022825561463832855
v -0.07201003283262253 0.2190828025341034 -0.07646707445383072
v -0.07179389894008636 0.10640691965818405 0.08611161261796951
v -0.07161299884319305 0.1756792515516281 0.024534914642572403
v -0.07159984856843948 0.24377679824829102 -0.07251513749361038
v -0.07148941606283188 0.19247619807720184 -0.030809644609689713
v -0.07143630087375641 0.19553415477275848 0.010830112732946873
v -0.0712953731417656 0.12561605870723724 0.0414128415286541
v -0.07125592976808548 0.1405661255121231 0.0958855003118515
v -0.07113287597894669 0.19455234706401825 -0.009785727597773075
v -0.07088781893253326 -0.31643787026405334 -0.11373578011989594
v -0.07073847204446793 -0.30748429894447327 0.10989636927843094
v -0.07071691006422043 0.10794668644666672 -0.08242523670196533
v -0.07045186311006546 0.12647847831249237 -0.04150013625621796
v -0.07045029103755951 0.14143329858779907 -0.10775238275527954
v -0.07038666307926178 0.23994211852550507 -0.022116946056485176
v -0.07028043270111084 0.15424410998821259 -0.039019063115119934
v -0.07017683982849121 -0.444024920463562 0.10998786985874176
v -0.0700790211558342 0.17960911989212036 0.02450914867222309
v -0.0699496641755104 0.23584714531898499 -0.05449185520410538
v -0.06992652267217636 0.18861261010169983 0.041861940175294876
v -0.0698392316699028 0.1386130303144455 -0.09580346941947937
v -0.0694648027420044 0.239796444773674 0.055823370814323425
v -0.06945586204528809 0.177347332239151 0.02210327424108982
v -0.06932123750448227 0.13965162634849548 0.10864899307489395
v -0.06917557120323181 0.175332173705101 0.007212099153548479
v -0.06911562383174896 0.2252991646528244 -0.04932514205574989
v -0.06890475004911423 0.22785542905330658 0.07493889331817627
v -0.06890422105789185 0.06894470751285553 -0.10769768804311752
v -0.0688532143831253 0.06420763581991196 0.10804266482591629
v -0.06864339113235474 0.18279224634170532 -0.04154063016176224
v -0.06810437142848969 0.12808291614055634 -0.007170556113123894
v -0.06807702034711838 0.1263301968574524 0.007350404281169176
v -0.06806177645921707 0.22590233385562897 0.049800533801317215
v -0.06786299496889114 0.1619286984205246 0.04156586900353432
v -0.06768156588077545 -0.43150490522384644 0.10759513825178146
v -0.06747910380363464 0.2920982837677002 -0.01193760335445404
v -0.06727348268032074 -0.146822988986969 0.10726699233055115
v -0.0672130137681961 0.11169563978910446 0.1041969433426857
v -0.06647784262895584 -0.08959316462278366 0.11551690846681595
v -0.06646416336297989 -0.3664437532424927 0.10733430832624435
v -0.0663595125079155 0.16565032303333282 -0.005393627565354109
v -0.0663379579782486 0.28748375177383423 0.013660366646945477
v -0.06567062437534332 0.1762513965368271 0.0262150838971138
v -0.06558069586753845 0.2965914011001587 0.020151229575276375
v -0.0655118077993393 -0.16230997443199158 -0.10643874853849411
v -0.06528305262327194 -0.3613349199295044 -0.10464393347501755
v -0.06497804075479507 0.18304727971553802 0.022985689342021942
v -0.06480292975902557 -0.44549787044525146 -0.10680107027292252
v -0.06475350260734558 -0.18230843544006348 -0.10506516695022583
v -0.06472142040729523 0.17572499811649323 -0.04081913083791733
v -0.06463517248630524 0.12268535792827606 -0.04076128453016281
v -0.06445585191249847 0.03968613222241402 0.11164752393960953
v -0.06442692875862122 -0.23004412651062012 0.10516402870416641
v -0.06417608261108398 -0.1848536729812622 0.10574354231357574
v -0.06402989476919174 0.24555739760398865 0.07750778645277023
v -0.0640188530087471 0.24399030208587646 0.014900903217494488
v -0.06393471360206604 -0.17101003229618073 0.10789225995540619
v -0.06384110450744629 -0.05014472454786301 0.1067400723695755
v -0.06358711421489716 -0.30141890048980713 -0.10478907823562622
v -0.06351927667856216 0.2626267373561859 -0.06672316044569016
v -0.06323634833097458 0.2613315284252167 0.06634978950023651
v -0.0631558895111084 0.18695926666259766 -0.00075121148256585
v -0.0627383440732956 -0.39376866817474365 -0.10592286288738251
v -0.06272362172603607 -0.4026554822921753 0.10909073054790497
v -0.06269101798534393 0.04551439359784126 -0.11127731204032898
v -0.06266683340072632 0.25328144431114197 -0.013832854107022285
v -0.06255587190389633 -0.04786979407072067 -0.10595862567424774
v -0.06246436759829521 -0.38787996768951416 0.10558051615953445
v -0.06236760690808296 -0.03321526199579239 -0.11178004741668701
v -0.06214779242873192 -0.40987780690193176 -0.10208345204591751
v -0.062125179916620255 -0.1712224781513214 -0.10896661877632141
v -0.061876438558101654 0.24841026961803436 -0.07747149467468262
v -0.06170553341507912 -0.4445844292640686 0.10735534876585007
v -0.06167713552713394 -0.15581227838993073 0.09430420398712158
v -0.061651892960071564 -0.05871594697237015 -0.11092077195644379
v -0.06110813841223717 -0.16059036552906036 -0.09415800869464874
v -0.060987185686826706 -0.463553249835968 -0.12902292609214783
v -0.06081102043390274 -0.37526899576187134 -0.10800111293792725
v -0.060786303132772446 -0.3668087422847748 0.09580662101507187
v -0.060493919998407364 0.10023579746484756 -0.1145445704460144
v -0.06036718562245369 -0.3021682798862457 0.09767189621925354
v -0.0601026676595211 -0.13553352653980255 -0.10353486984968185
v -0.060090046375989914 0.19423839449882507 -0.07678891718387604
v -0.059819746762514114 0.24541330337524414 0.0530751533806324
v -0.05978819727897644 -0.2563331127166748 0.0957808569073677
v -0.05972772091627121 0.24570253491401672 -0.054104287177324295
v -0.059694062918424606 -0.4443015158176422 0.09492998570203781
v -0.059684596955776215 -0.3009955585002899 -0.09390190988779068
v -0.05951579287648201 0.08227982372045517 0.10986901819705963
v -0.059271786361932755 0.24874156713485718 0.016343900933861732
v -0.059189751744270325 0.25191205739974976 -0.0004672392678912729
v -0.05913032591342926 -0.4065100848674774 0.09631829708814621
v -0.059023573994636536 0.24608853459358215 -0.02111831121146679
v -0.05877641588449478 -0.1696227788925171 0.09554526954889297
v -0.058556072413921356 0.29293763637542725 -0.02204805798828602
v -0.058356765657663345 -0.4449494183063507 -0.09478011727333069
v -0.0582936629652977 -0.013996143825352192 -0.11079508811235428
v -0.05820951983332634 -0.3824644982814789 -0.09525182843208313
v -0.058061227202415466 -0.17083753645420074 -0.09515663981437683
v -0.05789925530552864 -0.08754383772611618 -0.11558106541633606
v -0.05748644471168518 -0.47221124172210693 -0.13943471014499664
v -0.057019997388124466 0.28763675689697266 0.0013691127533093095
v -0.056042395532131195 0.2507157027721405 -0.060421086847782135
v -0.055311959236860275 0.10808025300502777 -0.10488425940275192
v -0.05507531389594078 0.2517563998699188 0.059365130960941315
v -0.054780296981334686 0.2292374223470688 -0.07353954017162323
v -0.054341718554496765 -0.3333752155303955 0.1087241917848587
v -0.053548701107501984 -0.3457100987434387 -0.09341863542795181
v -0.05349138006567955 -0.49488794803619385 -0.13953357934951782
v -0.05322949215769768 0.12824594974517822 -0.10632725805044174
v -0.053055956959724426 -0.12290623039007187 0.10707610845565796
v -0.05299074947834015 -0.3992829918861389 -0.09405125677585602
v -0.05267417058348656 0.26486432552337646 -0.05463752523064613
v -0.0524701327085495 0.21724539995193481 -0.07800841331481934
v -0.052322886884212494 -0.34276890754699707 0.10706821829080582
v -0.052277661859989166 0.2929391860961914 0.02554301545023918
v -0.05220141261816025 0.10960002988576889 -0.09520134329795837
v -0.051785971969366074 0.24543750286102295 0.06176311895251274
v -0.05169078707695007 -0.13072124123573303 0.10343915969133377
v -0.0508883036673069 0.2790566384792328 0.024900399148464203
v -0.05085306987166405 -0.3424208164215088 -0.10709609091281891
v -0.05069688707590103 0.241252601146698 -0.07256720215082169
v -0.050489164888858795 0.07972197234630585 -0.10863637179136276
v -0.0503108948469162 0.11962161213159561 -0.08055680245161057
v -0.05014314129948616 -0.1325497031211853 0.09483902156352997
v -0.0496935173869133 0.2894126772880554 -0.02531426213681698
v -0.04949842020869255 0.2228022962808609 0.0728921890258789
v -0.049363795667886734 0.21920163929462433 0.0766642838716507
v -0.04832519590854645 -0.30902883410453796 -0.10644926130771637
v -0.0477246455848217 -0.34739604592323303 0.09394818544387817
v -0.0477246455848217 0.06035192683339119 -0.11065047234296799
v -0.04739334434270859 0.3036118149757385 -0.017667002975940704
v -0.047308679670095444 -0.45205816626548767 -0.11806950718164444
v -0.047148287296295166 -0.12961217761039734 -0.10548953711986542
v -0.047096751630306244 0.29566478729248047 0.049239952117204666
v -0.04676229506731033 0.29253897070884705 -0.047853223979473114
v -0.046683941036462784 0.13839110732078552 0.09623783826828003
v -0.046378932893276215 0.224476158618927 -0.0729784294962883
v -0.04631214588880539 0.13297723233699799 -0.07526703923940659
v -0.046265870332717896 -0.2445266991853714 0.0948011577129364
v -0.046178050339221954 0.2856942117214203 0.0483359768986702
v -0.04605184122920036 0.1065652146935463 0.08959604799747467
v -0.0459892638027668 -0.1397615522146225 -0.09396816790103912
v -0.04553963989019394 0.12722627818584442 0.07511768490076065
v -0.04539291933178902 0.2414271980524063 0.07372307032346725
v -0.04530246928334236 0.06851822882890701 0.1106746643781662
v -0.04502585902810097 0.19808043539524078 0.07634718716144562
v -0.04443425312638283 -0.3967609405517578 0.09494208544492722
v -0.04399830102920532 -0.04714040458202362 0.11240794509649277
v -0.0439252033829689 -0.169822096824646 -0.09641242772340775
v -0.04391573742032051 0.18083125352859497 -0.07377408444881439
v -0.04381266608834267 -0.18492992222309113 0.09480325132608414
v -0.04374745860695839 -0.44598376750946045 0.0964045450091362
v -0.043361470103263855 -0.30296918749809265 0.09510984271764755
v -0.04327627643942833 -0.37482303380966187 0.09660279750823975
v -0.04297442361712456 -0.30222088098526 -0.09430577605962753
v -0.042604733258485794 -0.1593146026134491 0.09570197016000748
v -0.04222032055258751 -0.44520968198776245 -0.09518083184957504
v -0.0422082245349884 0.31528201699256897 0.009051606059074402
v -0.041967373341321945 -0.3641241490840912 -0.09437887370586395
v -0.04174808785319328 -0.14217951893806458 0.1073485016822815
v -0.04167814552783966 -0.4472101032733917 0.11330613493919373
v -0.041657108813524246 0.14574651420116425 0.07016763091087341
v -0.04163450002670288 -0.18122145533561707 -0.09536278247833252
v -0.041529323905706406 0.10764956474304199 0.10597860813140869
v -0.041212745010852814 -0.11155366152524948 -0.11139300465583801
v -0.04115227237343788 0.14636704325675964 -0.06643392890691757
v -0.04109600558876991 -0.168746680021286 0.10843969136476517
v -0.040871456265449524 -0.30920761823654175 0.10914436727762222
v -0.04085725545883179 -0.26077356934547424 0.09748153388500214
v -0.040804143995046616 0.18301625549793243 0.06497357785701752
v -0.04060588777065277 0.1086476743221283 0.09529494494199753
v -0.040602732449769974 0.32087305188179016 -0.0003778407408390194
v -0.04055961221456528 -0.17273490130901337 -0.10867318511009216
v -0.04048914089798927 -0.39812663197517395 -0.1088714450597763
v -0.04047389328479767 -0.4695981740951538 0.13907817006111145
v -0.03978131711483002 0.19549472630023956 -0.07408224791288376
v -0.03967772424221039 -0.3008215129375458 -0.1036011353135109
v -0.03964301198720932 -0.18882349133491516 0.10292275249958038
v -0.0391060970723629 -0.37496715784072876 0.10894716531038284
v -0.039000920951366425 0.12152580171823502 -0.10528813302516937
v -0.038889434188604355 -0.3578057587146759 0.10607326030731201
v -0.038862090557813644 -0.37509021162986755 -0.1096334308385849
v -0.038858406245708466 -0.3911466896533966 -0.10673902183771133
v -0.038781628012657166 0.1277489960193634 -0.06897232681512833
v -0.03855235129594803 -0.298505038022995 0.10469178855419159
v -0.03824050351977348 -0.43823766708374023 0.10700458288192749
v -0.03811955451965332 -0.39789310097694397 0.10867055505514145
v -0.03801017254590988 -0.18629825115203857 -0.10614582896232605
v -0.03763575106859207 0.316897451877594 -0.0428563691675663
v -0.037546876817941666 -0.4456661343574524 -0.1078123226761818
v -0.03744380921125412 0.13088268041610718 0.0654899850487709
v -0.037086740136146545 0.11423508822917938 0.10409650206565857
v -0.036898478865623474 -0.15893754363059998 0.10697250068187714
v -0.03687428683042526 0.3253619074821472 -0.03827705606818199
v -0.036764904856681824 0.32385843992233276 0.04054515063762665
v -0.03672178462147713 -0.15772171318531036 -0.10878151655197144
v -0.03640415519475937 0.1806245744228363 0.06716910004615784
v -0.036308448761701584 0.18114939332008362 -0.06657539308071136
v -0.036246392875909805 0.13245661556720734 -0.06592488288879395
v -0.036114923655986786 -0.360776424407959 -0.10701089352369308
v -0.03590036928653717 -0.08720622211694717 0.11585135757923126
v -0.03472714498639107 0.1066635474562645 -0.08734109997749329
v -0.03452888876199722 -0.1919555962085724 0.10720126330852509
v -0.03448839485645294 0.1918293684720993 0.07423842698335648
v -0.0343085452914238 0.10047506541013718 0.11443465948104858
v -0.03403877466917038 -0.05811276659369469 0.11289595812559128
v -0.033796872943639755 0.14013752341270447 -0.10836291313171387
v -0.0331505723297596 0.12464843690395355 0.07492364197969437
v -0.032419607043266296 0.3439484238624573 0.033798184245824814
v -0.03219137713313103 -0.11756967008113861 0.11059367656707764
v -0.032103028148412704 0.1128614991903305 0.08303103595972061
v -0.03191108629107475 0.1393166482448578 -0.09599225223064423
v -0.03167444467544556 0.2350052148103714 -0.07326345145702362
v -0.031164346262812614 0.18259187042713165 -0.07753776013851166
v -0.03093664161860943 -0.09997760504484177 0.11673641204833984
v -0.02982441894710064 -0.06100349873304367 -0.11990270018577576
v -0.029770253226161003 -0.3384498953819275 0.10865319520235062
v -0.028877319768071175 0.1576281040906906 0.07841438800096512
v -0.028354601934552193 -0.3032973110675812 -0.10727857053279877
v -0.028354601934552193 0.12178295105695724 0.07930469512939453
v -0.028353022411465645 0.12377917021512985 -0.07886190712451935
v -0.027948100119829178 -0.06303337216377258 0.12281341105699539
v -0.027578935027122498 -0.04312903806567192 0.11040909588336945
v -0.02714666910469532 0.13974101841449738 0.10838869214057922
v -0.02673543430864811 0.3571636378765106 -0.03105207532644272
v -0.026442522183060646 0.1826796978712082 0.07853849977254868
v -0.02596450410783291 0.2921009063720703 0.05211542919278145
v -0.025844603776931763 0.08272576332092285 -0.11008042097091675
v -0.025596916675567627 0.1446942389011383 0.07730689644813538
v -0.025390248745679855 0.375040739774704 0.019023757427930832
v -0.02520461566746235 0.29263678193092346 -0.048746153712272644
v -0.024089237675070763 -0.3199769854545593 -0.11306475847959518
v -0.023272555321455002 0.37677717208862305 -0.02423832379281521
v -0.022975433617830276 0.11520005762577057 0.09658175706863403
v -0.02288656309247017 0.38085007667541504 -0.021029965952038765
v -0.02274247445166111 0.3800927996635437 0.023015664890408516
v -0.0222544614225626 0.10961265116930008 -0.09598857909440994
v -0.02208302728831768 -0.3000285029411316 0.10745000094175339
v -0.02202991396188736 0.29583674669265747 -0.06544002890586853
v -0.021773288026452065 -0.060763172805309296 0.12055899202823639
v -0.021499305963516235 -0.46841704845428467 -0.13798435032367706
v -0.021069666370749474 -0.05862444266676903 -0.11325933039188385
v -0.02045912854373455 0.12718631327152252 -0.07224589586257935
v -0.02036762610077858 0.14922937750816345 0.06658906489610672
v -0.02036604844033718 -0.10029681026935577 -0.11671064049005508
v -0.020331865176558495 0.2592821717262268 0.058800868690013885
v -0.02031451277434826 0.29661238193511963 0.06612681597471237
v -0.01950203627347946 -0.41429826617240906 -0.10757884383201599
v -0.01945628598332405 0.16953757405281067 0.07573559135198593
v -0.0194194745272398 -0.327997624874115 -0.10906180739402771
v -0.018958283588290215 0.12804032862186432 0.0736694261431694
v -0.01891516149044037 0.10940177738666534 -0.08219806104898453
v -0.018785271793603897 0.24581140279769897 -0.06185935437679291
v -0.01868167333304882 0.1879810243844986 -0.07465439289808273
v -0.0177976805716753 -0.18672683835029602 0.10713763535022736
v -0.017459018155932426 -0.1576317995786667 -0.10716234892606735
v -0.017406955361366272 0.4044896960258484 0.01349208690226078
v -0.017325444146990776 -0.360561341047287 -0.1060243546962738
v -0.017317555844783783 -0.397196888923645 -0.10966655611991882
v -0.016942081972956657 -0.1701565384864807 -0.11059209704399109
v -0.016903167590498924 -0.21509931981563568 -0.10705243796110153
v -0.01679063029587269 -0.4114638566970825 0.10750889778137207
v -0.016760654747486115 -0.15650537610054016 0.10774712264537811
v -0.016720689833164215 -0.44277697801589966 0.10763931274414062
v -0.016695447266101837 0.19014394283294678 0.07510979473590851
v -0.016266334801912308 -0.30506688356399536 -0.10651236772537231
v -0.016130132600665092 -0.36117926239967346 0.10642296820878983
v -0.016093848273158073 -0.18135134875774384 -0.10767139494419098
v -0.015874559059739113 -0.2894342541694641 0.10438310354948044
v -0.01525297574698925 0.39371976256370544 -0.021461181342601776
v -0.014947967603802681 0.45754143595695496 0.0022441670298576355
v -0.014675565995275974 -0.3049212098121643 0.1058434545993805
v -0.01465295348316431 -0.18437616527080536 0.10349857807159424
v -0.014633496291935444 -0.39651376008987427 0.10885986685752869
v -0.014579330570995808 -0.13912314176559448 -0.10752888768911362
v -0.014477836899459362 0.4116063416004181 -0.013201804831624031
v -0.014392645098268986 -0.37406155467033386 0.10951458662748337
v -0.014375817030668259 0.20255142450332642 0.07646077126264572
v -0.014151794835925102 0.3036291301250458 -0.07211021333932877
v -0.014100260101258755 0.4347490072250366 0.013130811974406242
v -0.01400244701653719 0.4346732795238495 -0.014322968199849129
v -0.01381628680974245 -0.3746158480644226 -0.10975070297718048
v -0.013660629279911518 -0.17236889898777008 0.10868159681558609
v -0.013250446878373623 -0.19247305393218994 0.09627623111009598
v -0.01321416161954403 0.28226763010025024 0.06676575541496277
v -0.012960690073668957 -0.36275896430015564 0.09551475942134857
v -0.012748762965202332 -0.3022666275501251 0.09625782072544098
v -0.012706167064607143 -0.13910789787769318 0.10632200539112091
v -0.012648846954107285 -0.30084359645843506 -0.09514875710010529
v -0.012604148127138615 -0.19104847311973572 -0.09511089324951172
v -0.012241820804774761 0.08136796206235886 0.1100635901093483
v -0.012127179652452469 -0.4993983805179596 0.014356098137795925
v -0.012115084566175938 0.2881568968296051 -0.06679783761501312
v -0.01205513533204794 -0.4008811116218567 -0.09562256932258606
v -0.011851096525788307 0.42924416065216064 -0.01093739178031683
v -0.011597098782658577 -0.15755291283130646 0.09556051343679428
v -0.01150454580783844 0.18246302008628845 -0.07791060209274292
v -0.011384645476937294 -0.3591151535511017 -0.09478064626455307
v -0.011284204199910164 -0.4974111318588257 0.1386527419090271
v -0.011269479058682919 -0.16188085079193115 -0.09458239376544952
v -0.01119585707783699 -0.4439859986305237 0.09556261450052261
v -0.011014956049621105 0.4264937937259674 0.00878919567912817
v -0.011003387160599232 -0.3935909569263458 0.0965644121170044
v -0.010851935483515263 0.12519903481006622 -0.07798895984888077
v -0.01062686089426279 0.24641667306423187 0.06154593080282211
v -0.010248231701552868 0.4151654541492462 -0.014790471643209457
v -0.010218258015811443 0.10582741349935532 0.10757147520780563
v -0.009774944745004177 -0.44599586725234985 0.10731643438339233
v -0.009662408381700516 -0.06876224279403687 0.12409339100122452
v -0.009354772046208382 0.12373604625463486 0.0773705318570137
v -0.00880102626979351 0.44655537605285645 -0.008977985009551048
v -0.008279885165393353 0.10843679308891296 -0.10533913969993591
v -0.007821323350071907 0.1846296340227127 0.07714914530515671
v -0.007430073339492083 -0.44426363706588745 -0.09457976371049881
v -0.007264423184096813 0.31691062450408936 -0.044419266283512115
v -0.00725600915029645 0.124640554189682 -0.07543426752090454
v -0.007201317697763443 0.44731947779655457 0.009207265451550484
v -0.006743806879967451 -0.44453659653663635 -0.10473228991031647
v -0.005736758466809988 0.1780383288860321 0.06792162358760834
v -0.0055432370863854885 -0.34301868081092834 0.1068967804312706
v -0.005489072296768427 0.4179914891719818 0.013357988558709621
v -0.005346560385078192 0.48444095253944397 0.00043778985855169594
v -0.0051546161994338036 0.45915430784225464 -0.013549407944083214
v -0.0050525963306427 -0.04609549790620804 -0.10966446250677109
v -0.0049963281489908695 0.2613925039768219 -0.06542057543992996
v -0.004916921257972717 -0.31203949451446533 -0.11178109794855118
v -0.004784926772117615 0.12819388508796692 -0.06638133525848389
v -0.004569844342768192 0.18012762069702148 -0.06624198704957962
v -0.004529351834207773 0.3033672571182251 0.07231373339891434
v -0.004498325288295746 0.1168455258011818 0.10495735704898834
v -0.004251690115779638 0.34555238485336304 -0.037108562886714935
v -0.004030823241919279 -0.22737795114517212 -0.09490948170423508
v -0.0036395732313394547 0.1271652728319168 0.0671485960483551
v -0.003455517115071416 -0.49896663427352905 -0.13569101691246033
v -0.0033109018113464117 0.10757488757371902 0.09397763013839722
v -0.0032052011229097843 0.3201500177383423 0.04398857429623604
v -0.0031389412470161915 0.09328373521566391 0.11484221369028091
v -0.0028376153204590082 0.2442653328180313 -0.06510504335165024
v -0.002824468305334449 0.19331549108028412 -0.06714911758899689
v -0.002769777551293373 -0.13248607516288757 0.09310100227594376
v -0.0019736040849238634 -0.08843571692705154 0.11588922142982483
v -0.0019378447905182838 0.3189220428466797 -0.07036852091550827
v -0.0017190809594467282 -0.34543928503990173 0.09418114274740219
v -0.0017132963985204697 0.35848724842071533 0.031732551753520966
v -0.0016223201528191566 0.20704449713230133 -0.07696718722581863
v -0.0015571117401123047 -0.1739228516817093 0.09520187228918076
v -0.0013167873257771134 0.3182326555252075 0.06823189556598663
v -0.0009187007090076804 -0.31506744027137756 0.11358695477247238
v -0.000850337091833353 -0.09933603554964066 0.11702564358711243
v -0.0004838028980884701 0.1157306656241417 0.09650392830371857
v -0.0002755569003056735 0.45858529210090637 0.012915203347802162
v -0.0002634618431329727 0.1392914056777954 -0.10865899175405502
v -0.00017143379955086857 0.2502802908420563 -0.060854408890008926
v 3.6812318285228685e-05 -0.12207850813865662 -0.10663910210132599
v 4.049346534884535e-05 0.29434168338775635 -0.05960492789745331
v 0.0001719619904179126 -0.3420684337615967 -0.10675637423992157
v 0.0003654836327768862 0.2928740084171295 0.059091147035360336
v 0.000437002454418689 0.12038413435220718 -0.09637772291898727
v 0.0005384961841627955 0.14158159494400024 0.10135985910892487
v 0.0005958164110779762 -0.12553822994232178 0.10494368523359299
v 0.000758311478421092 0.1956903487443924 0.07046685367822647
v 0.0007782947504892945 -0.12757179141044617 -0.09426108002662659
v 0.0012899701250717044 0.5 -0.0021090179216116667
v 0.001314686262048781 0.32098984718322754 -0.04296469688415527
v 0.0018121631583198905 0.11849255859851837 -0.10519611090421677
v 0.002152929548174143 -0.4505578279495239 0.11766931414604187
v 0.002488963073119521 0.2583419382572174 0.06304151564836502
v 0.002795021515339613 0.31986814737319946 0.043642546981573105
v 0.003294076072052121 0.10761433094739914 0.10522344708442688
v 0.003535978263244033 -0.4507234990596771 -0.11609011143445969
v 0.003979816101491451 0.24389827251434326 0.06602480262517929
v 0.0044299643486738205 -0.456637978553772 0.1237315908074379
v 0.004577734507620335 0.12692442536354065 -0.06659694761037827
v 0.0051262215711176395 0.314162939786911 0.07295949757099152
v 0.005171446595340967 0.3153519034385681 -0.07354164868593216
v 0.006059121806174517 0.12634754180908203 0.06824030727148056
v 0.006129062734544277 0.1813707947731018 0.06606266647577286
v 0.006616022437810898 0.12126392126083374 -0.07925526797771454
v 0.006877381820231676 0.19141551852226257 -0.06652385741472244
v 0.006997806951403618 0.30146464705467224 -0.07359949499368668
v 0.00736171193420887 0.2144540548324585 0.07720383256673813
v 0.007582053076475859 0.2911401391029358 -0.0668230801820755
v 0.00814526341855526 -0.3264300227165222 0.10962396115064621
v 0.00831880234181881 0.18435092270374298 -0.07529175281524658
v 0.008930394425988197 0.12244029343128204 0.0773984044790268
v 0.0090439822524786 -0.3497519791126251 -0.092276431620121
v 0.00949150137603283 0.1895717978477478 0.07789377868175507
v 0.009556709788739681 0.31204262375831604 -0.048300743103027344
v 0.009665040299296379 -0.345878928899765 0.10659230500459671
v 0.009714997373521328 -0.4464187026023865 -0.09463497251272202
v 0.009952167049050331 0.11618292331695557 0.10548901557922363
v 0.009962684474885464 0.42660319805145264 -0.012571281753480434
v 0.010033152997493744 0.45887821912765503 -0.011355986818671227
v 0.010198276489973068 -0.20224116742610931 -0.09421322494745255
v 0.010246656835079193 -0.44624775648117065 0.09564781188964844
v 0.010302399285137653 -0.1725308746099472 -0.09496206790208817
v 0.010334477759897709 -0.30165085196495056 -0.09423163533210754
v 0.010422824881970882 -0.32118281722068787 0.11272872239351273
v 0.010797773487865925 0.4424499273300171 0.00993349775671959
v 0.010830377228558064 0.14076068997383118 -0.09656177461147308
v 0.010941862128674984 0.4424383342266083 -0.009735769592225552
v 0.011223730631172657 -0.38973212242126465 -0.09458080679178238
v 0.011248973198235035 0.10749232769012451 -0.09400234371423721
v 0.011330483481287956 0.260363906621933 -0.0663655623793602
v 0.011404105462133884 -0.15070392191410065 0.09480220824480057
v 0.011486668139696121 0.42740097641944885 0.011067281477153301
v 0.011488771066069603 0.13184082508087158 0.09604063630104065
v 0.012016748078167439 -0.3888986110687256 0.0958302915096283
v 0.01227653119713068 0.4581257104873657 0.008769211359322071
v 0.012343842536211014 -0.35663938522338867 0.09444408863782883
v 0.012463741935789585 0.1256486475467682 -0.07792691141366959
v 0.012478466145694256 -0.06279777735471725 -0.1231110543012619
v 0.012666729278862476 -0.30309224128723145 0.09559574723243713
v 0.012673038989305496 -0.08813439309597015 -0.11598967015743256
v 0.013120032846927643 -0.1753658503293991 0.09618472307920456
v 0.013246767222881317 0.0934898778796196 -0.11466551572084427
v 0.013252552598714828 -0.15061084926128387 -0.09348015487194061
v 0.013810505159199238 0.11340893805027008 0.09597490727901459
v 0.014041363261640072 -0.29883742332458496 -0.09684101492166519
v 0.014456278644502163 -0.21223540604114532 0.09608270972967148
v 0.014464166946709156 0.2889025807380676 0.06548682600259781
v 0.014521487057209015 -0.19041530787944794 -0.09633775800466537
v 0.014799674041569233 -0.4995277523994446 0.1329123079776764
v 0.014921150170266628 -0.38334378600120544 0.10721178352832794
v 0.015250873751938343 -0.14204278588294983 -0.10745000094175339
v 0.015262969769537449 -0.29993805289268494 -0.10286017507314682
v 0.0155800711363554 -0.1714344173669815 0.10772871226072311
v 0.015796732157468796 -0.13694286346435547 0.10754361003637314
v 0.0158487930893898 -0.44445928931236267 -0.10664910078048706
v 0.015957122668623924 0.18794001638889313 -0.07490523159503937
v 0.016010761260986328 -0.19617047905921936 -0.10297112911939621
v 0.016108574345707893 0.4024292826652527 -0.017974112182855606
v 0.016161687672138214 0.3923172950744629 0.021052051335573196
v 0.016185352578759193 -0.30632317066192627 -0.10631042718887329
v 0.01661183498799801 -0.1840096414089203 0.10555054247379303
v 0.01663234457373619 -0.30649882555007935 0.10730064660310745
v 0.016668105497956276 -0.4009263813495636 -0.10874522477388382
v 0.016679147258400917 0.308400958776474 -0.04599267989397049
v 0.01682376302778721 -0.44425204396247864 0.10715971887111664
v 0.016841117292642593 -0.40121981501579285 0.1089087724685669
v 0.016920000314712524 0.24775712192058563 -0.06096378713846207
v 0.017037266865372658 0.24659337103366852 0.06154067441821098
v 0.017069872468709946 -0.26804429292678833 0.10433314740657806
v 0.017338594421744347 -0.16334699094295502 -0.10774028301239014
v 0.017433777451515198 -0.3902627229690552 -0.10514404624700546
v 0.017455337569117546 -0.3633800148963928 -0.10690414160490036
v 0.017985420301556587 -0.3661540150642395 0.1065160483121872
v 0.01850130222737789 0.3993908166885376 0.015535634011030197
v 0.019429467618465424 -0.16084803640842438 0.10742107778787613
v 0.019799159839749336 -0.31400516629219055 -0.11321357637643814
v 0.01980547048151493 0.18860313296318054 0.07469487935304642
v 0.019981110468506813 0.29552701115608215 -0.06636609137058258
v 0.0201320368796587 -0.20677630603313446 -0.10742318630218506
v 0.020407594740390778 0.1280566304922104 0.07379353791475296
v 0.02047174982726574 0.2976052761077881 0.06506875902414322
v 0.020540641620755196 -0.17874354124069214 -0.10930634289979935
v 0.02115328423678875 0.13797146081924438 0.108432337641716
v 0.02119535580277443 -0.11593315005302429 0.11109272390604019
v 0.02125214971601963 -0.4784160256385803 0.13934636116027832
v 0.021263716742396355 0.393222838640213 -0.012767433188855648
v 0.0214020237326622 0.30033400654792786 0.049892038106918335
v 0.022505832836031914 -0.2514714002609253 0.10695988684892654
v 0.02286290004849434 -0.1185619905591011 -0.11021767556667328
v 0.02326309122145176 0.379770964384079 -0.0251554474234581
v 0.023868372663855553 -0.05905197933316231 -0.1127203106880188
v 0.02392779476940632 0.1290763020515442 -0.07335443049669266
v 0.024082401767373085 0.28404876589775085 -0.04913320019841194
v 0.02479548752307892 0.29513418674468994 -0.05043578892946243
v 0.024956930428743362 0.2841128706932068 0.0516715943813324
v 0.024963242933154106 -0.04676177725195885 0.11093391478061676
v 0.025064736604690552 -0.05809909477829933 0.11291962116956711
v 0.025093132629990578 -0.07001382857561111 -0.12454722076654434
v 0.025097865611314774 0.32932016253471375 0.04093324765563011
v 0.025189368054270744 0.37060868740081787 0.02605626918375492
v 0.02694946713745594 -0.4926472008228302 0.13997267186641693
v 0.027752477675676346 0.08231242746114731 -0.109918974339962
v 0.02995957061648369 -0.326381117105484 -0.10919695347547531
v 0.030312959104776382 0.139911949634552 0.09709659218788147
v 0.030620068311691284 0.12252970039844513 0.10596019774675369
v 0.03079676255583763 0.18197660148143768 -0.07850326597690582
v 0.031082313507795334 0.12274477630853653 0.07874990254640579
v 0.0313568189740181 0.18521545827388763 0.07853008061647415
v 0.031540874391794205 0.12419408559799194 -0.07781121879816055
v 0.03196210041642189 0.11819754540920258 -0.08155228197574615
v 0.03277089446783066 0.1940317302942276 0.07428155094385147
v 0.03286923095583916 0.11984879523515701 -0.09693252295255661
v 0.033495545387268066 -0.18574240803718567 0.10775185376405716
v 0.03406664729118347 0.11762592196464539 -0.10518138110637665
v 0.03415341675281525 0.3472577631473541 -0.015867460519075394
v 0.034251756966114044 0.3385135233402252 -0.036274004727602005
v 0.03428015485405922 0.10616397112607956 0.10819622129201889
v 0.03549228981137276 0.3374554514884949 0.03416314721107483
v 0.03606496751308441 -0.3888823091983795 0.10785755515098572
v 0.03625691309571266 -0.360370934009552 -0.10639089345932007
v 0.03691793605685234 0.1316988319158554 -0.06513869762420654
v 0.03696947172284126 -0.18702711164951324 -0.10720547288656235
v 0.037271324545145035 0.12790359556674957 0.06573714315891266
v 0.03749271482229233 0.18149647116661072 -0.06501617282629013
v 0.037556346505880356 -0.41271963715553284 -0.10704823583364487
v 0.03758947551250458 -0.3030780255794525 -0.10658072680234909
v 0.03798230364918709 -0.14880026876926422 0.10780391842126846
v 0.03805014118552208 -0.44306516647338867 0.10785387456417084
v 0.03808169439435005 -0.30521202087402344 0.10754255205392838
v 0.03836093470454216 0.1101926937699318 0.0960175022482872
v 0.03838512673974037 0.19351164996623993 -0.07329501211643219
v 0.03878531605005264 -0.1632397174835205 -0.10816466063261032
v 0.03878794610500336 -0.1847158819437027 0.10633356869220734
v 0.03894255310297012 0.18512026965618134 0.06632034480571747
v 0.039280690252780914 -0.4455925226211548 -0.10659335553646088
v 0.039372190833091736 -0.3192586302757263 -0.11308789253234863
v 0.03938323259353638 0.15671730041503906 0.0658801794052124
v 0.039704542607069016 0.3165225088596344 0.042457230389118195
v 0.04002532735466957 -0.38227832317352295 -0.10882411152124405
v 0.04011840745806694 -0.3521573543548584 0.1073726937174797
v 0.04011998325586319 0.23979908227920532 -0.07337862253189087
v 0.04017677903175354 -0.17102687060832977 0.10888195782899857
v 0.040362413972616196 -0.40288734436035156 0.10834871977567673
v 0.04053489863872528 -0.47242528200149536 -0.139374241232872
v 0.040831491351127625 -0.3698377311229706 0.10654759407043457
v 0.041088640689849854 -0.14309978485107422 -0.10767507553100586
v 0.041202761232852936 -0.400103896856308 -0.11015194654464722
v 0.04122747480869293 0.12819598615169525 -0.06497304886579514
v 0.04128742590546608 0.1098456159234047 0.1044856533408165
v 0.04132213070988655 0.3208709955215454 0.0006802178104408085
v 0.041489358991384506 0.13962322473526 -0.10850069671869278
v 0.04199209436774254 -0.3607942759990692 0.09595492482185364
v 0.042159322649240494 0.18137603998184204 -0.0673021450638771
v 0.042274489998817444 -0.4453553855419159 0.10172165185213089
v 0.04235704988241196 -0.30206364393234253 0.09594493359327316
v 0.04262471944093704 -0.30098244547843933 -0.09516032040119171
v 0.04305068030953407 -0.19027753174304962 0.09526076912879944
v 0.043080128729343414 -0.15240828692913055 -0.0949883684515953
v 0.04355078563094139 0.0823739543557167 0.10989268869161606
v 0.04372011870145798 0.31261372566223145 0.012430873699486256
v 0.04397621750831604 -0.38551509380340576 -0.09503359347581863
v 0.04404037445783615 -0.04427754878997803 -0.11212292313575745
v 0.04405352100729942 0.17738205194473267 -0.07401125133037567
v 0.0440635122358799 -0.4275229573249817 0.09515611827373505
v 0.04416763409972191 0.1103309914469719 0.08319511264562607
v 0.044192880392074585 -0.3886346220970154 0.09650551527738571
v 0.044375356286764145 0.2859787046909332 0.0490269735455513
v 0.044515762478113174 0.12651003897190094 -0.07415376603603363
v 0.044806573539972305 -0.4536747336387634 -0.12068204581737518
v 0.04480709880590439 0.1255713552236557 0.07483319193124771
v 0.0450432188808918 -0.16719745099544525 0.09556577354669571
v 0.045209918171167374 -0.18196819722652435 -0.09435047954320908
v 0.04526355862617493 0.2261258214712143 -0.07239944487810135
v 0.045429207384586334 0.20003721117973328 -0.07700031995773315
v 0.0457988940179348 -0.3535556495189667 -0.09452348947525024
v 0.046140190213918686 -0.1334252804517746 0.09540695697069168
v 0.04621591418981552 0.2836449146270752 -0.04901435598731041
v 0.046419426798820496 -0.453854501247406 0.12163334339857101
v 0.046905338764190674 -0.4930211305618286 -0.13972342014312744
v 0.04728449136018753 0.2961333394050598 -0.0485415942966938
v 0.04734128341078758 -0.3132368326187134 -0.1120566576719284
v 0.047542694956064224 0.2948838770389557 0.048549480736255646
v 0.04755111038684845 0.1904899775981903 0.07693405449390411
v 0.04767363891005516 -0.3971332609653473 -0.09414117783308029
v 0.04781825467944145 0.24291856586933136 -0.0707329511642456
v 0.04790396988391876 0.21870678663253784 -0.07773444056510925
v 0.04797075688838959 -0.4466395676136017 -0.09435416013002396
v 0.04819951206445694 -0.02686060033738613 0.11142455786466599
v 0.04831152409315109 -0.12756600975990295 -0.10700774192810059
v 0.04832151532173157 0.22708344459533691 0.07238471508026123
v 0.04893888905644417 0.13849838078022003 -0.09581030905246735
v 0.049044590443372726 0.09782308340072632 -0.11496105790138245
v 0.04961569234728813 -0.3160887062549591 0.11471442133188248
v 0.04974190145730972 0.2858193516731262 -0.023705612868070602
v 0.05000273510813713 0.2821240723133087 0.02474631741642952
v 0.05009949579834938 0.29864490032196045 -0.021501675248146057
v 0.05018310993909836 0.1093570813536644 -0.10467023402452469
v 0.05023569613695145 -0.4977639317512512 -0.13846446573734283
v 0.05029880255460739 0.2427792102098465 -0.07116784900426865
v 0.050681110471487045 0.24547642469406128 0.06254824995994568
v 0.051340557634830475 -0.12801562249660492 0.10576615482568741
v 0.05134949833154678 -0.3469090759754181 0.09786805510520935
v 0.05157562345266342 0.06268312782049179 0.11109431087970734
v 0.05250747129321098 -0.07075951248407364 0.12394929677248001
v 0.052534814924001694 0.24592971801757812 -0.0630020797252655
v 0.05283088609576225 -0.09997128695249557 -0.11613165587186813
v 0.0537632592022419 0.2407183051109314 0.0739307850599289
v 0.054281242191791534 -0.4489150047302246 0.11464553326368332
v 0.05507373809814453 -0.08866500109434128 0.11571411043405533
v 0.055175233632326126 -0.499466210603714 -0.11240057647228241
v 0.055600665509700775 -0.08900050073862076 -0.11491268128156662
v 0.056018732488155365 -0.03922547772526741 0.11243844032287598
v 0.05614231526851654 0.2181793451309204 0.0776960477232933
v 0.056396834552288055 -0.3403930068016052 0.10777236521244049
v 0.056442584842443466 0.08018053323030472 -0.10832768678665161
v 0.05650937184691429 -0.02011258527636528 -0.11023292690515518
v 0.05668975040316582 0.2515166103839874 -0.05993833392858505
v 0.056866444647312164 -0.34678971767425537 -0.09506146609783173
v 0.057127274572849274 0.10645687580108643 0.089444600045681
v 0.05725506320595741 -0.04895256832242012 0.10791855305433273
v 0.05736234039068222 -0.377208411693573 0.09571827948093414
v 0.05742807313799858 0.28904664516448975 0.0006176388124004006
v 0.057432807981967926 -0.20780596137046814 0.0947306826710701
v 0.057531148195266724 0.24897031486034393 0.05834177881479263
v 0.057617392390966415 -0.39696022868156433 0.09633038938045502
v 0.05770783871412277 -0.30163028836250305 -0.093971848487854
v 0.05783720687031746 -0.17278853058815002 0.09489528089761734
v 0.058470357209444046 -0.3707464933395386 -0.09421690553426743
v 0.05858447030186653 -0.17204812169075012 -0.09565044194459915
v 0.058592889457941055 0.10899527370929718 0.10496313869953156
v 0.05868807062506676 -0.10008803755044937 0.1164766326546669
v 0.05870647728443146 0.24930477142333984 0.021568985655903816
v 0.059033043682575226 -0.3524491786956787 0.09489370882511139
v 0.059043560177087784 0.05478397384285927 -0.11073146015405655
v 0.059463731944561005 0.2930811941623688 0.023954352363944054
v 0.05947530269622803 -0.4002842605113983 -0.09574930369853973
v 0.059544190764427185 -0.24355803430080414 -0.09518399089574814
v 0.0596635676920414 -0.305975079536438 -0.10444936156272888
v 0.059748757630586624 0.2555253505706787 0.0017235518898814917
v 0.05979345738887787 0.24592289328575134 -0.019853586331009865
v 0.05990336462855339 0.24574671685695648 -0.054036449640989304
v 0.05999854952096939 -0.04594561830163002 -0.10582242161035538
v 0.06007058918476105 -0.4410863220691681 -0.09493472427129745
v 0.060183655470609665 -0.141546368598938 -0.09321669489145279
v 0.06033458188176155 0.17762552201747894 -0.0765443816781044
v 0.06042923778295517 -0.445529967546463 0.09561572968959808
v 0.060614872723817825 -0.30321529507637024 0.09555788338184357
v 0.06063538044691086 0.2509208023548126 -0.015898486599326134
v 0.06078683212399483 -0.346210241317749 -0.10640193521976471
v 0.06086098402738571 -0.171578511595726 -0.10813942551612854
v 0.06093302369117737 -0.1731519103050232 0.1083587110042572
v 0.06136634573340416 -0.3506180942058563 0.1043657511472702
v 0.06167345494031906 -0.373677134513855 0.10491055995225906
v 0.06195216625928879 -0.3000037968158722 -0.09635405987501144
v 0.06203367933630943 -0.21299844980239868 0.09732745587825775
v 0.06211308762431145 0.26184478402137756 -0.06707549840211868
v 0.062277160584926605 -0.18165110051631927 -0.09917484223842621
v 0.06229293346405029 -0.13924986124038696 0.10490372031927109
v 0.06236918643116951 -0.14994509518146515 0.09431629627943039
v 0.06277621537446976 -0.40205490589141846 0.10894085466861725
v 0.06368019431829453 0.2628854811191559 0.06735210120677948
v 0.06370437890291214 -0.3762991726398468 -0.10853014886379242
v 0.0638500452041626 -0.43939244747161865 -0.10469546914100647
v 0.06408721953630447 -0.3012695610523224 -0.10423533618450165
v 0.06411824375391006 0.22515611350536346 -0.07548211514949799
v 0.06439275294542313 -0.41267600655555725 0.10590814054012299
v 0.06443429738283157 0.19081127643585205 -0.03835541009902954
v 0.06450949609279633 0.2434302419424057 0.053432222455739975
v 0.06453420966863632 -0.24205034971237183 0.10334502160549164
v 0.06454841047525406 -0.026622379198670387 -0.11251469701528549
v 0.0645563006401062 -0.15140755474567413 -0.10353276133537292
v 0.06465832144021988 0.2884618639945984 -0.014987673610448837
v 0.06468724459409714 -0.23236796259880066 -0.10427477210760117
v 0.0647035464644432 -0.30546027421951294 0.10601068288087845
v 0.06470879912376404 -0.3927589952945709 -0.10685261338949203
v 0.0647224709391594 -0.18920055031776428 -0.10454455018043518
v 0.06475350260734558 0.19139763712882996 0.0005987072945572436
v 0.06493229418992996 0.24976123869419098 0.07742732763290405
v 0.06519260257482529 -0.3906150460243225 0.10441886633634567
v 0.06564223021268845 0.27791494131088257 0.013295935466885567
v 0.06571269035339355 -0.1567257195711136 0.10654602199792862
v 0.0657174289226532 -0.45148229598999023 -0.1187310516834259
v 0.06579788029193878 -0.18068243563175201 0.10783651471138
v 0.0658709779381752 -0.1814018338918686 -0.10693727433681488
v 0.06598298996686935 0.10643269121646881 -0.086372971534729
v 0.06621437519788742 0.17656220495700836 0.007143209222704172
v 0.06629378348588943 0.17912952601909637 0.04023909196257591
v 0.06659300625324249 0.1456471085548401 -0.03993145748972893
v 0.06666189432144165 -0.4430341422557831 0.10807684063911438
v 0.06677968800067902 0.17827287316322327 -0.006660983897745609
v 0.06764475256204605 0.18795263767242432 0.04320870339870453
v 0.06876276433467865 0.14975261688232422 -0.04093271866440773
v 0.0688290223479271 0.06602031737565994 0.10783915221691132
v 0.06905462592840195 0.22828401625156403 0.049539174884557724
v 0.06906145811080933 0.13737617433071136 -0.10620473325252533
v 0.06914297491312027 0.2449195235967636 -0.07750831544399261
v 0.06925497949123383 0.11643166095018387 0.10379938781261444
v 0.06946112960577011 -0.11855883151292801 -0.10844442993402481
v 0.06963203102350235 0.22535647451877594 -0.05291213095188141
v 0.06968514621257782 0.12589581310749054 0.007679601199924946
v 0.06984028220176697 0.10832004994153976 0.08012926578521729
v 0.06984922289848328 0.3002461791038513 -0.015480417758226395
v 0.07000961154699326 0.10199273377656937 -0.11314521729946136
v 0.07029779255390167 0.06988129019737244 -0.10834766924381256
v 0.07040296494960785 0.13897010684013367 0.09612057358026505
v 0.07045397162437439 -0.26430797576904297 -0.10664856433868408
v 0.07062067836523056 0.2998597025871277 0.007755853235721588
v 0.07064328342676163 0.24065889418125153 0.055507320910692215
v 0.07088571786880493 0.12569913268089294 0.04222479090094566
v 0.07111815363168716 0.1854500025510788 -0.04432671144604683
v 0.07134007662534714 0.24038910865783691 -0.05413058027625084
v 0.07137005031108856 -0.4064333140850067 -0.10891193151473999
v 0.07170397788286209 -0.06075528636574745 0.12039648741483688
v 0.07173711061477661 0.3177967369556427 0.002762679010629654
v 0.07225299626588821 0.10908467322587967 -0.0946386530995369
v 0.07233765721321106 0.1400996744632721 -0.09482429176568985
v 0.07236289232969284 0.21647919714450836 0.07648338377475739
v 0.07236973941326141 0.19487576186656952 0.012083270587027073
v 0.07238708436489105 0.19333600997924805 0.0397174246609211
v 0.07242758572101593 0.12542200088500977 0.07544688135385513
v 0.0724470391869545 -0.3783422112464905 0.10889983177185059
v 0.07249121367931366 -0.2377881556749344 0.10779760032892227
v 0.07251644879579544 0.224561870098114 0.07304364442825317
v 0.07253853976726532 0.22383511066436768 -0.07060673832893372
v 0.07256956398487091 0.21885456144809723 -0.07679259777069092
v 0.0727573037147522 0.19065721333026886 -0.023717708885669708
v 0.07278044521808624 0.1252579391002655 -0.009724200703203678
v 0.07316379994153976 -0.03032032586634159 0.11000049114227295
v 0.07353927940130234 0.12539727985858917 -0.07639714330434799
v 0.07354506105184555 -0.34581950306892395 0.10916277766227722
v 0.07359817624092102 0.24622946977615356 -0.06458969414234161
v 0.07366812229156494 0.14056086540222168 0.10917013138532639
v 0.07367968559265137 0.10876283794641495 -0.08061832934617996
v 0.07372912019491196 0.12649109959602356 -0.04487520083785057
v 0.07375016063451767 0.1477506160736084 -0.0848221704363823
v 0.07387373596429825 0.10862716287374496 0.09548846632242203
v 0.07399731874465942 0.17549729347229004 0.02189660631120205
v 0.07409565150737762 -0.05716567113995552 0.10985008627176285
v 0.07417137920856476 -0.37609249353408813 -0.10915067791938782
v 0.07417768985033035 0.17673678696155548 -0.021468544378876686
v 0.07421712577342987 0.19861473143100739 -0.0480009950697422
v 0.07432546466588974 0.24311156570911407 0.06502406299114227
v 0.07463520020246506 0.12575803697109222 -0.04013759642839432
v 0.07471250742673874 -0.32682231068611145 -0.10975806415081024
v 0.07477929443120956 0.1846969574689865 0.05494200438261032
v 0.07482556253671646 0.11960794031620026 -0.08079554885625839
v 0.07485712319612503 0.17279693484306335 0.04805726185441017
v 0.07488656789064407 0.21764086186885834 0.05946504697203636
v 0.07491707056760788 -0.05778146907687187 -0.10923218727111816
v 0.0749901607632637 0.10542722046375275 0.10904444754123688
v 0.07510480284690857 0.21811151504516602 -0.051206719130277634
v 0.07511058449745178 0.1464701145887375 0.07991787046194077
v 0.07511269301176071 0.2094992697238922 -0.07262662053108215
v 0.07520734518766403 0.21605375409126282 0.07225693762302399
v 0.07531147450208664 0.1476985514163971 0.10821567475795746
v 0.07533145695924759 -0.11835269629955292 0.10946830362081528
v 0.07534197717905045 0.00838873628526926 0.11203929781913757
v 0.07544662803411484 0.18186721205711365 -0.03187611699104309
v 0.07545766979455948 0.14520959556102753 -0.11076090484857559
v 0.07550342381000519 0.1889512687921524 -0.01473314967006445
v 0.07552392780780792 -0.018967757001519203 -0.11146032065153122
v 0.07565697282552719 0.12028316408395767 0.07974590361118317
v 0.07574532181024551 0.18183724582195282 0.03550359979271889
v 0.07586942613124847 0.1260998547077179 0.054093241691589355
v 0.0759546160697937 0.15122979879379272 -0.03440031409263611
v 0.07595619559288025 0.12598048150539398 0.07160116732120514
v 0.07609555125236511 0.16675570607185364 -0.05420420318841934
v 0.07610291987657547 0.03351762890815735 -0.11143822968006134
v 0.0763080045580864 0.12612877786159515 0.033354345709085464
v 0.07671187818050385 0.16903430223464966 0.03489883989095688
v 0.07702319324016571 0.1438191831111908 -0.07885876297950745
v 0.07717464119195938 -0.137602299451828 0.10933999717235565
v 0.07724668830633163 0.18499039113521576 -0.010842207819223404
v 0.07730400562286377 0.18199868500232697 0.01088901050388813
v 0.07777571678161621 0.16287685930728912 0.08758668601512909
v 0.07785091549158096 0.08609135448932648 -0.11258988827466965
v 0.07817380130290985 -0.4441321790218353 -0.10894190520048141
v 0.07839099317789078 -0.24358749389648438 -0.10904339700937271
v 0.07849300652742386 0.10649842768907547 -0.10912543535232544
v 0.07853350788354874 0.1086781695485115 0.10873629152774811
v 0.07863815128803253 0.12149635702371597 0.01313869934529066
v 0.07877329736948013 0.10791302472352982 0.0735621526837349
v 0.07886060327291489 0.1202547699213028 -0.04606630280613899
v 0.07911616563796997 0.12018640339374542 -0.07797738909721375
v 0.07942485809326172 0.08295241743326187 0.11181160062551498
v 0.07973144948482513 0.12106461077928543 0.03889442980289459
v 0.07987658679485321 -0.17726847529411316 -0.10936208069324493
v 0.0799076110124588 0.12142273783683777 -0.01392488181591034
v 0.08019579201936722 -0.16657902300357819 -0.10969547927379608
v 0.08026573061943054 -0.30795449018478394 -0.10956401377916336
v 0.08030254393815994 -0.41161686182022095 0.10914173722267151
v 0.08064857125282288 0.10783624649047852 -0.02654743567109108
v 0.08069800585508347 0.06768787652254105 -0.11329561471939087
v 0.08074375241994858 0.12038623541593552 0.07651230692863464
v 0.08121703565120697 -0.05844775214791298 -0.1132177859544754
v 0.08146209269762039 0.10759960860013962 -0.07933203876018524
v 0.08219201117753983 0.10657782852649689 0.03273224085569382
v 0.08318853378295898 0.17293418943881989 0.08636245131492615
v 0.08365604281425476 0.13450121879577637 -0.11141613870859146
v 0.08396156877279282 -0.057663146406412125 0.11286018788814545
v 0.08544453978538513 -0.1465400606393814 0.015466218814253807
v 0.08550764620304108 -0.301643431186676 -0.04168051481246948
v 0.08563964068889618 -0.14896224439144135 -0.04333123564720154
v 0.08567118644714355 0.1975272297859192 -0.09630778431892395
v 0.08591204136610031 -0.18601690232753754 0.014951387420296669
v 0.08596200495958328 -0.17333072423934937 0.03964327648282051
v 0.086093470454216 -0.16116462647914886 0.04557618871331215
v 0.08614815771579742 -0.251505583524704 -0.04042314738035202
v 0.08623230457305908 -0.2992817461490631 0.041211433708667755
v 0.08640583604574203 -0.17048995196819305 -0.03938770294189453
v 0.08651469647884369 -0.2756837010383606 0.013764489442110062
v 0.08656465262174606 -0.37506282329559326 0.018069293349981308
v 0.08666982501745224 0.013134750537574291 -0.11323776841163635
v 0.08672136068344116 -0.30276307463645935 -0.017184775322675705
v 0.0867602750658989 -0.164194718003273 -0.016718324273824692
v 0.08676343411207199 -0.3707738220691681 -0.043193452060222626
v 0.08684336394071579 -0.3851049244403839 0.04123615100979805
v 0.08686072379350662 -0.16821080446243286 0.01543939858675003
v 0.08704635500907898 0.1875419169664383 -0.08921689540147781
v 0.08705845475196838 -0.40132394433021545 -0.04139496386051178
v 0.08707422763109207 0.20080183446407318 0.09630041569471359
v 0.08708316832780838 -0.12847734987735748 0.03415577858686447
v 0.08714626729488373 -0.3972741663455963 -0.01817026175558567
v 0.08724671602249146 -0.30520889163017273 0.10919274389743805
v 0.08732190728187561 -0.30187588930130005 0.015495141968131065
v 0.08753015846014023 -0.3460919260978699 0.03246088698506355
v 0.08756749331951141 -0.4448704719543457 -0.0428595207631588
v 0.08762113004922867 -0.44326451420783997 0.01646380126476288
v 0.08765005320310593 -0.191365048289299 -0.01549408957362175
v 0.08765794336795807 -0.12967422604560852 -0.027766939252614975
v 0.08768634498119354 -0.2540734112262726 -0.04454968124628067
v 0.08784041553735733 -0.36151421070098877 -0.01679983362555504
v 0.08802763372659683 -0.444252610206604 -0.016917631030082703
v 0.08820747584104538 -0.44487154483795166 0.04470113664865494
v 0.08847883343696594 -0.36139434576034546 0.047119103372097015
v 0.0886707752943039 -0.18572714924812317 0.04575550928711891
v 0.08867709338665009 -0.29899144172668457 0.04557829350233078
v 0.08909095078706741 -0.3441167175769806 -0.03738832846283913
v 0.08933863788843155 -0.18856056034564972 -0.046461232006549835
v 0.08935756981372833 0.10857510566711426 -0.009812546893954277
v 0.08990290015935898 -0.29340723156929016 -0.04606998339295387
v 0.08998651802539825 0.14067551493644714 -0.02479364722967148
v 0.08999019116163254 0.19449397921562195 -0.09866896271705627
v 0.09003542363643646 0.1073114275932312 -0.0532902367413044
v 0.09005961567163467 0.10997865349054337 0.04627034068107605
v 0.09018108993768692 0.1407228410243988 0.02610149420797825
v 0.09040773659944534 0.11038883775472641 0.015507761389017105
v 0.09053342044353485 0.13782420754432678 -0.07718753069639206
v 0.0907900482416153 0.20004037022590637 0.09419429302215576
v 0.09081529080867767 0.14079540967941284 0.07676734775304794
v 0.09113870561122894 0.10836160182952881 -0.07482215017080307
v 0.09146001189947128 0.19711440801620483 -0.09411489218473434
v 0.09147894382476807 0.1264101266860962 0.037035468965768814
v 0.09173820167779922 0.11015745997428894 -0.021691516041755676
v 0.09216415882110596 0.10871130228042603 0.07715754956007004
v 0.09219571202993393 0.1216551661491394 0.0006817954126745462
v 0.09226985275745392 -0.30281510949134827 0.04567505419254303
v 0.09232612699270248 0.11533468216657639 -0.052317891269922256
v 0.09289038926362991 -0.1929568648338318 0.04640549048781395
v 0.09312756359577179 -0.3275127708911896 0.10920904576778412
v 0.09348463267087936 0.18430306017398834 0.09979695826768875
v 0.09376544505357742 -0.3031732439994812 0.06906171888113022
v 0.09414354711771011 -0.3025064170360565 -0.0449972003698349
v 0.0942944809794426 -0.1588228940963745 0.07168741524219513
v 0.09517426788806915 0.17137497663497925 -0.08678051829338074
v 0.09521370381116867 -0.18658694624900818 0.0685616210103035
v 0.09532571583986282 -0.44205236434936523 0.10897819697856903
v 0.09558076411485672 -0.18365046381950378 -0.04673994705080986
v 0.09561283886432648 -0.30039867758750916 -0.01346842385828495
v 0.0956549122929573 0.1750066578388214 0.08776653558015823
v 0.09570328891277313 -0.2614109218120575 -0.07037535309791565
v 0.09571696072816849 -0.3008846044540405 -0.06902912259101868
v 0.09576166421175003 -0.30488020181655884 -0.1087610051035881
v 0.09590575098991394 -0.20269078016281128 -0.10854277014732361
v 0.09590627998113632 -0.16258080303668976 -0.04851004108786583
v 0.09594466537237167 -0.3635061979293823 0.06940196454524994
v 0.09623705595731735 -0.14951598644256592 0.10886250436306
v 0.09633591771125793 -0.35751283168792725 0.015625031664967537
v 0.09635274857282639 -0.35832375288009644 0.049192097038030624
v 0.09638167172670364 -0.1823352575302124 -0.0705488920211792
v 0.09650682657957077 -0.390840083360672 0.07067825645208359
v 0.09651891887187958 -0.2872665822505951 0.011425402015447617
v 0.09655783325433731 0.16790735721588135 -0.10387983918190002
v 0.09667616337537766 -0.2503318190574646 -0.04710858315229416
v 0.09705741703510284 -0.3670043349266052 -0.01339690387248993
v 0.09710422158241272 -0.1861073523759842 0.011814022436738014
v 0.09716258943080902 -0.1277058869600296 0.07137925177812576
v 0.09719203412532806 -0.16264547407627106 -0.06918635219335556
v 0.09719572216272354 -0.11856304109096527 -0.1084049865603447
v 0.09721096605062485 -0.3281475007534027 -0.1085306704044342
v 0.09747917205095291 -0.29709887504577637 0.10785123705863953
v 0.09754753112792969 -0.3843402862548828 -0.10833504796028137
v 0.09760590642690659 -0.3902894854545593 -0.04841643571853638
v 0.09761589020490646 -0.29954788088798523 0.048300743103027344
v 0.09767216444015503 -0.18929100036621094 0.049195777624845505
v 0.0977405309677124 -0.36312970519065857 -0.06714175641536713
v 0.0978236123919487 -0.40314558148384094 -0.07122937589883804
v 0.09782887250185013 -0.13369770348072052 0.017195817083120346
v 0.09796244651079178 -0.23078876733779907 -0.010997867211699486
v 0.0979771688580513 -0.1261303722858429 -0.026618430390954018
v 0.09802976250648499 -0.2420540302991867 -0.050951674580574036
v 0.0981244146823883 -0.4445355236530304 0.06914427876472473
v 0.09819856286048889 0.06792135536670685 0.07251881808042526
v 0.09824535995721817 -0.12570178508758545 0.03315030783414841
v 0.098305843770504 -0.16001085937023163 0.011390694417059422
v 0.09834212064743042 -0.038243141025304794 0.07323348522186279
v 0.09835842996835709 -0.04786558449268341 -0.06201658770442009
v 0.09838314354419708 -0.2986827790737152 -0.009390270337462425
v 0.09841575473546982 -0.4418782591819763 -0.012383544817566872
v 0.0984288901090622 -0.3493470549583435 -0.021486423909664154
v 0.0984809547662735 -0.3852595090866089 -0.0699499249458313
v 0.0985177680850029 -0.19143182039260864 0.06201605871319771
v 0.09854616969823837 -0.30577948689460754 -0.05071345344185829
v 0.09856351464986801 0.11376284807920456 -0.01396695151925087
v 0.09857141226530075 0.06286034733057022 -0.07365470379590988
v 0.0986466109752655 -0.26397037506103516 0.006782985758036375
v 0.09864871203899384 -0.301871120929718 0.008630380965769291
v 0.09864923357963562 0.11007542163133621 0.006342829205095768
v 0.09869393706321716 -0.28559166193008423 -0.06380192935466766
v 0.09871865063905716 -0.3040335178375244 0.06302574276924133
v 0.09874390065670013 -0.35299769043922424 0.10499890148639679
v 0.09875493496656418 -0.44481003284454346 -0.10759672522544861
v 0.09875967353582382 -0.34319958090782166 0.02537631429731846
v 0.09882277250289917 -0.18457074463367462 -0.05254559963941574
v 0.09883329272270203 -0.3418833017349243 -0.03966378793120384
v 0.09884906560182571 -0.1280408650636673 -0.07348589599132538
v 0.09892690181732178 -0.18590542674064636 0.006258689798414707
v 0.09897054731845856 -0.3646463453769684 0.002052749041467905
v 0.09903732687234879 0.11816073209047318 0.04626297950744629
v 0.09911305457353592 -0.4050760269165039 -0.047136981040239334
v 0.09914355725049973 -0.18829762935638428 0.07474799454212189
v 0.09918668121099472 -0.3065861761569977 0.04382660239934921
v 0.09924504905939102 -0.2153937965631485 -0.10450878739356995
v 0.09927082061767578 0.10855722427368164 -0.06627879291772842
v 0.09935706853866577 -0.1850077509880066 -0.06428100168704987
v 0.09937231987714767 -0.4450514018535614 0.1062730997800827
v 0.09938335418701172 -0.44434043765068054 -0.06661535799503326
v 0.09944435954093933 0.10606510192155838 -0.10953772813081741
v 0.099466972053051 -0.30602768063545227 0.10382777452468872
v 0.09947065263986588 -0.14110831916332245 -0.045611422508955
v 0.09949589520692825 -0.1558806300163269 0.0644519105553627
v 0.09953691065311432 -0.17148490250110626 -0.10611270368099213
v 0.09959002584218979 -0.4455946683883667 -0.044829972088336945
v 0.09959212690591812 -0.4008732736110687 0.046035800129175186
v 0.0996110588312149 0.10667038708925247 0.05400857701897621
v 0.09964576363563538 -0.17112626135349274 0.10553213953971863
v 0.09966417402029037 0.08511428534984589 -0.11242897808551788
v 0.09969940781593323 0.12329168617725372 -0.05689036473631859
v 0.09973253309726715 -0.3070683777332306 0.07788746058940887
v 0.0997709259390831 -0.3740416169166565 0.07544372230768204
v 0.09978459775447845 -0.4454910457134247 0.010131225921213627
v 0.09978564828634262 0.142025426030159 -0.07788693904876709
v 0.09978880733251572 -0.37610459327697754 0.015130184590816498
v 0.09979406744241714 -0.27127471566200256 -0.07711706310510635
v 0.09981036186218262 -0.3060429096221924 -0.10410387068986893
v 0.0998172014951706 -0.400534063577652 0.07000408321619034
v 0.0998292937874794 0.14143696427345276 -0.01754920557141304
v 0.09985559433698654 -0.14131708443164825 0.04695187136530876
v 0.0998724177479744 -0.4416637420654297 -0.07489418983459473
v 0.09988083690404892 -0.11914991587400436 0.10394137352705002
v 0.0999029278755188 -0.15465746819972992 -0.06589753925800323
v 0.09994078427553177 -0.17467695474624634 0.07256194204092026
v 0.10001441091299057 -0.3878289461135864 -0.08079396933317184
v 0.10004543513059616 -0.18071557581424713 -0.07585075497627258
v 0.10007646679878235 -0.054758742451667786 -0.11151763051748276
v 0.10010223090648651 0.10708530247211456 -0.003667182754725218
v 0.10018426179885864 -0.38337796926498413 0.08119259029626846
v 0.10022686421871185 -0.33117181062698364 0.03931513428688049
v 0.10023685544729233 -0.3060387074947357 -0.0771985724568367
v 0.10024000704288483 -0.308572918176651 -0.01881656050682068
v 0.10025683790445328 -0.14360305666923523 0.07891292124986649
v 0.10026735067367554 -0.11641590297222137 0.10789699852466583
v 0.10027576982975006 0.14092738926410675 0.023780813440680504
v 0.10028523206710815 -0.3274144232273102 0.10214708000421524
v 0.10030258446931839 -0.1777222901582718 0.08847015351057053
v 0.10032467544078827 -0.1447925865650177 -0.014228311367332935
v 0.10032783448696136 -0.1745149940252304 0.013543622568249702
v 0.10042248666286469 0.10776998847723007 -0.03111991286277771
v 0.10051188617944717 -0.37329691648483276 0.048037804663181305
v 0.100535549223423 -0.05437064915895462 0.04921260476112366
v 0.10058445483446121 0.10689283162355423 0.01987829990684986
v 0.10061285644769669 -0.11810711026191711 -0.09879989922046661
v 0.10065177083015442 -0.3808416724205017 -0.012762700207531452
v 0.10068436712026596 -0.1687014400959015 0.04826866462826729
v 0.10069068521261215 -0.32826951146125793 -0.026276610791683197
v 0.10069278627634048 -0.3287564814090729 -0.08860267698764801
v 0.1007290706038475 -0.171627938747406 -0.047573983669281006
v 0.1007443219423294 -0.17093852162361145 -0.013238090090453625
v 0.10080268979072571 -0.4650645852088928 0.13211718201637268
v 0.1008337140083313 0.0838237926363945 0.11144979298114777
v 0.10087999701499939 -0.4011666774749756 0.013268064707517624
v 0.10088840872049332 -0.4455488920211792 0.04837646707892418
v 0.10092207044363022 -0.36866244673728943 -0.052445679903030396
v 0.1009504571557045 -0.16985784471035004 -0.08280280977487564
v 0.10102513432502747 -0.44380614161491394 0.07889503985643387
v 0.1010703593492508 -0.05608026683330536 0.11172114312648773
v 0.10151787847280502 -0.11852780729532242 -0.0026627632323652506
v 0.10151787847280502 0.1350502371788025 -0.08041113615036011
v 0.10152313858270645 -0.11511173099279404 -0.06345169991254807
v 0.10156415402889252 0.0640188455581665 -0.053176119923591614
v 0.10165724158287048 -0.11606618762016296 0.08023969829082489
v 0.10166459530591965 0.13553667068481445 0.024756833910942078
v 0.10168563574552536 0.049155015498399734 -0.06812567263841629
v 0.10171613842248917 0.0642433911561966 0.06042581796646118
v 0.10171929001808167 -0.04524042084813118 -0.023336976766586304
v 0.10181868076324463 0.10722360759973526 0.08471909910440445
v 0.1018286719918251 0.13099417090415955 -0.10686365514993668
v 0.1018901988863945 -0.04176124185323715 0.05596903711557388
v 0.1019054502248764 -0.05799234285950661 -0.07628197222948074
v 0.10206899791955948 0.10581321269273758 0.1077260822057724
v 0.10210633277893066 -0.3992157280445099 -0.013188132084906101
v 0.10221361368894577 0.09761746972799301 -0.11591026186943054
v 0.10226672887802124 0.13624344766139984 -0.02468058280646801
v 0.10226725041866302 0.0822114571928978 0.042637601494789124
v 0.10237400233745575 0.1407596468925476 0.07761242985725403
v 0.10243605822324753 0.10676819831132889 -0.10611428320407867
v 0.10245499014854431 0.0772077664732933 -0.029440268874168396
v 0.1025291308760643 -0.010806716978549957 -0.07809939235448837
v 0.10259696841239929 -0.00661497563123703 0.07773865014314651
v 0.10262221843004227 0.06052020937204361 -0.025375261902809143
v 0.10269636660814285 -0.4001007676124573 -0.06727743148803711
v 0.10270635783672333 0.08272051066160202 -0.03870617225766182
v 0.1029098704457283 0.015671566128730774 -0.07128249108791351
v 0.10291512310504913 0.030141515657305717 0.05778172239661217
v 0.103005051612854 -0.04013734310865402 -0.05693822354078293
v 0.10303660482168198 0.14370769262313843 0.11036019027233124
v 0.10322749614715576 0.14385177195072174 -0.1104995459318161
v 0.1033368781208992 0.05311800539493561 -0.10880149900913239
v 0.10334476828575134 -0.058928925544023514 0.07831762731075287
v 0.10336264967918396 -0.06420817226171494 -0.12401135265827179
v 0.10343784093856812 -0.056419454514980316 0.0345817394554615
v 0.10374022275209427 -0.08997337520122528 -0.1141974925994873
v 0.10398633033037186 -0.05662507191300392 -0.03312243893742561
v 0.10409992188215256 -0.31111130118370056 0.006663086824119091
v 0.10419037193059921 0.0838732197880745 0.10807947814464569
v 0.1042308658361435 -0.05819585546851158 0.10823144763708115
v 0.10428871214389801 -0.055745285004377365 -0.10856801271438599
v 0.1044117659330368 0.0012074006954208016 0.08733269572257996
v 0.10463157296180725 0.03373691812157631 -0.09310626238584518
v 0.10466786473989487 0.10446171462535858 -0.0860506072640419
v 0.10489504039287567 -0.09089259803295135 0.11382833123207092
v 0.10493869334459305 0.08409566432237625 -0.10829612612724304
v 0.10495762526988983 0.14339321851730347 0.08463495224714279
v 0.10511432588100433 0.08510692417621613 -0.08159645646810532
v 0.10512905567884445 -0.319611519575119 -0.04049098864197731
v 0.10521424561738968 0.08463205397129059 0.08137612044811249
v 0.10525842010974884 0.14327070116996765 -0.08188726007938385
v 0.10527367144823074 -0.3166292607784271 -0.11168486624956131
v 0.10530312359333038 -0.05370910093188286 -0.08638507127761841
v 0.10530365258455276 -0.3167954683303833 0.1126435324549675
v 0.10532258450984955 -0.4469398558139801 -0.07580395042896271
v 0.10534729808568954 -0.05943428725004196 -0.11540332436561584
v 0.10557341575622559 -0.058317333459854126 0.08760299533605576
v 0.10570383071899414 -0.31390735507011414 0.07147811353206635
v 0.10570751875638962 -0.31903570890426636 0.054232075810432434
v 0.10572434961795807 -0.4480957090854645 -0.04130346328020096
v 0.106273353099823 -0.31435754895210266 -0.051221445202827454
v 0.10664935410022736 0.09428710490465164 0.11556107550859451
v 0.1068413034081459 -0.4483964741230011 -0.11340552568435669
v 0.10734771937131882 0.1024402603507042 -0.0032033619936555624
v 0.10736402124166489 -0.09021580219268799 -0.11170274764299393
v 0.10783730447292328 -0.05969038978219032 -0.0032696218695491552
v 0.10788411647081375 -0.10163410753011703 0.07592122256755829
v 0.10794353485107422 -0.08980719745159149 0.07736317068338394
v 0.10797561705112457 -0.10108508914709091 0.11458243429660797
v 0.10802662372589111 -0.10207583755254745 -0.04560195654630661
v 0.10816124826669693 -0.089527428150177 -0.05299679562449455
v 0.1081712394952774 -0.0644732117652893 0.12343604862689972
v 0.10837422311306 -0.10027208924293518 -0.11512618511915207
v 0.10852515697479248 0.10136590152978897 0.06988628953695297
v 0.10862980037927628 -0.08743445575237274 0.046375516802072525
v 0.10883437097072601 -0.10125810652971268 0.028618328273296356
v 0.1088532954454422 -0.08857665210962296 0.006597352214157581
v 0.10894479602575302 0.09958265721797943 0.11524871736764908
v 0.10929398238658905 -0.44914010167121887 -0.013116087764501572
v 0.1097346618771553 0.09727039188146591 0.00865667499601841
v 0.11030366271734238 -0.4505683481693268 0.1181352362036705
v 0.11035729944705963 0.09707371145486832 -0.07079868763685226
v 0.11038779467344284 0.09868130832910538 -0.11382254958152771
v 0.11040567606687546 -0.5 0.11906760931015015
v 0.1104966551065445 -0.499595582485199 -0.01261808443814516
v 0.11077747493982315 0.09523788839578629 0.10860692709684372
v 0.11353673040866852 -0.07433071732521057 -0.12215869873762131
v 0.11362507939338684 -0.06085730344057083 -0.08079081028699875
v 0.11378809809684753 -0.06027673929929733 0.06215857341885567
v 0.11540200561285019 -0.4534948766231537 -0.12024451792240143
v 0.11629810184240341 -0.07213625311851501 -0.0452890619635582
v 0.11675666272640228 -0.4542663097381592 0.04948290437459946
v 0.11691073328256607 -0.06214464455842972 0.12008202075958252
v 0.11699698120355606 -0.07218147069215775 0.12188366055488586
v 0.11748972535133362 -0.4549725651741028 -0.07643500715494156
v 0.11757860332727432 -0.063880555331707 -0.038683030754327774
v 0.1181381344795227 -0.06288034468889236 -0.1211116835474968
v 0.11858880519866943 -0.06868178397417068 0.07202502340078354
v 0.12083743512630463 -0.4586121141910553 0.12000997364521027
v 0.12256388366222382 -0.4644635021686554 -0.1306389421224594
v 0.12753181159496307 -0.4649010896682739 0.01783948764204979
v 0.12824910879135132 -0.46597224473953247 0.12225230783224106
v 0.128885418176651 -0.4652612805366516 -0.10969863831996918
v 0.13099417090415955 -0.47257566452026367 0.14015620946884155
v 0.13300564885139465 -0.49887198209762573 0.13606911897659302
v 0.13363143801689148 -0.49930107593536377 -0.13323254883289337
v 0.13411261141300201 -0.49909546971321106 -0.055386368185281754
v 0.13415993750095367 -0.4991896152496338 0.08604008704423904
v 0.13424143195152283 -0.4915844202041626 0.14016883075237274
v 0.13445179164409637 -0.47268611192703247 -0.14017461240291595
v 0.13462954759597778 -0.49690574407577515 -0.1391323357820511
v 0.13471786677837372 -0.46873363852500916 0.1383366882801056
v 0.13499818742275238 -0.4684285819530487 -0.1381242424249649
v 0.13504551351070404 -0.46792325377464294 0.08295530825853348
v 0.13514910638332367 -0.4680689573287964 -0.029112650081515312
v 0.13606411218643188 -0.4968552589416504 0.1389656364917755
v 0.13700439035892487 -0.4724310338497162 0.030381057411432266
v 0.1370222568511963 -0.4726155996322632 0.13706932961940765
v 0.13718371093273163 -0.4723479747772217 -0.033951740711927414
v 0.13747820258140564 -0.4956662356853485 -0.13362117111682892
v 0.13750186562538147 -0.4727497398853302 -0.13311897218227386
v 0.1375318318605423 -0.4906047284603119 0.13337348401546478
v 0.1376270204782486 -0.49538910388946533 0.04099477455019951
v 0.13785524666309357 -0.49541279673576355 -0.04858892038464546
vt 0.0010339999571442604 0.3112730085849762
vt 0.0010339999571442604 0.4736250042915344
vt 0.0010339999571442604 0.7777109742164612
vt 0.0010339999571442604 0.8425750136375427
vt 0.0010339999571442604 0.9185699820518494
vt 0.0010339999571442604 0.9429730176925659
vt 0.001053999993018806 0.4002560079097748
vt 0.0010999999940395355 0.7153720259666443
vt 0.0011909999884665012 0.551908016204834
vt 0.0012760000536218286 0.9088349938392639
vt 0.0015119999879971147 0.5432649850845337
vt 0.0015699999639764428 0.7959110140800476
vt 0.0015810000477358699 0.8716409802436829
vt 0.002015999983996153 0.7799950242042542
vt 0.002219999907538295 0.320015013217926
vt 0.002437999937683344 0.8938429951667786
vt 0.003909999970346689 0.547773003578186
vt 0.003984999842941761 0.3633570075035095
vt 0.004280999768525362 0.47918400168418884
vt 0.004821999929845333 0.32238098978996277
vt 0.004827000200748444 0.5429379940032959
vt 0.005954999942332506 0.8794199824333191
vt 0.006087000016123056 0.30860400199890137
vt 0.006269000004976988 0.7621889710426331
vt 0.006504999939352274 0.3152010142803192
vt 0.00672199996188283 0.616894006729126
vt 0.008233999833464622 0.561244010925293
vt 0.009027999825775623 0.2858029901981354
vt 0.009964999742805958 0.935696005821228
vt 0.010153000243008137 0.893854022026062
vt 0.01029600016772747 0.2937510013580322
vt 0.01077600009739399 0.10942099988460541
vt 0.01106099970638752 0.9067670106887817
vt 0.011370999738574028 0.7716400027275085
vt 0.011963999830186367 0.9377650022506714
vt 0.011963999830186367 0.9726129770278931
vt 0.014032999984920025 0.9534609913825989
vt 0.014182000420987606 0.11520300060510635
vt 0.014312000013887882 0.16912199556827545
vt 0.014671999961137772 0.21091699600219727
vt 0.015310999937355518 0.27023300528526306
vt 0.015318999998271465 0.09771499782800674
vt 0.015887999907135963 0.00367600005120039
vt 0.016519000753760338 0.6576619744300842
vt 0.018338000401854515 0.05350299924612045
vt 0.018464000895619392 0.11688899993896484
vt 0.018888000398874283 0.6115139722824097
vt 0.018949000164866447 0.1697790026664734
vt 0.01929200068116188 0.7279970049858093
vt 0.019500000402331352 0.760807991027832
vt 0.020843999460339546 0.9377650022506714
vt 0.02109299972653389 0.5690739750862122
vt 0.02161799930036068 0.7636439800262451
vt 0.02179500088095665 0.8750410079956055
vt 0.021839000284671783 0.8720890283584595
vt 0.021914999932050705 0.557433009147644
vt 0.0221950002014637 0.6386510133743286
vt 0.02230600081384182 0.09774100035429001
vt 0.02307800017297268 0.7798029780387878
vt 0.02338399924337864 0.3362630009651184
vt 0.023533999919891357 0.44411298632621765
vt 0.02383599989116192 0.7967230081558228
vt 0.02433300018310547 0.9496930241584778
vt 0.02433300018310547 0.9732229709625244
vt 0.025131000205874443 0.8547379970550537
vt 0.02529500052332878 0.9133009910583496
vt 0.02529500052332878 0.9284600019454956
vt 0.025383999571204185 0.8902419805526733
vt 0.02727299928665161 0.811843991279602
vt 0.02736400067806244 0.9602969884872437
vt 0.02736400067806244 0.9781820178031921
vt 0.027855999767780304 0.670615017414093
vt 0.028464000672101974 0.8423560261726379
vt 0.02875700034201145 0.9204390048980713
vt 0.030009999871253967 0.9862800240516663
vt 0.030564000830054283 0.7996219992637634
vt 0.030734999105334282 0.7276800274848938
vt 0.03134699910879135 0.5765510201454163
vt 0.031504999846220016 0.7513980269432068
vt 0.031640999019145966 0.7027450203895569
vt 0.031661998480558395 0.6526790261268616
vt 0.03170900046825409 0.6112130284309387
vt 0.03202499821782112 0.8403419852256775
vt 0.03206299990415573 0.626492977142334
vt 0.032329000532627106 0.22710900008678436
vt 0.03252299875020981 0.7209929823875427
vt 0.033201999962329865 0.6083109974861145
vt 0.03341599926352501 0.6468530297279358
vt 0.03356099873781204 0.6764600276947021
vt 0.033580999821424484 0.29505398869514465
vt 0.033597998321056366 0.9696739912033081
vt 0.033597998321056366 0.9824889898300171
vt 0.03369300067424774 0.8494899868965149
vt 0.03395000100135803 0.7944579720497131
vt 0.03461499884724617 0.7847890257835388
vt 0.03521199896931648 0.9088360071182251
vt 0.03522299975156784 0.7540389895439148
vt 0.037675000727176666 0.9194350242614746
vt 0.037675000727176666 0.9676060080528259
vt 0.03781700134277344 0.7920500040054321
vt 0.03784000128507614 0.8214100003242493
vt 0.03888300061225891 0.6345959901809692
vt 0.03958899900317192 0.0031679999083280563
vt 0.03974299877882004 0.9581310153007507
vt 0.03974299877882004 0.9725419878959656
vt 0.039997000247240067 0.15548500418663025
vt 0.04014499858021736 0.8418949842453003
vt 0.04037100076675415 0.810778021812439
vt 0.04075400158762932 0.24415799975395203
vt 0.04075799882411957 0.7010359764099121
vt 0.04087499901652336 0.6516879796981812
vt 0.04097599908709526 0.21595799922943115
vt 0.0412370003759861 0.038102999329566956
vt 0.041554998606443405 0.680990993976593
vt 0.04180699959397316 0.9180539846420288
vt 0.0419979989528656 0.6288880109786987
vt 0.04293200001120567 0.060405999422073364
vt 0.0430850014090538 0.2614949941635132
vt 0.043724000453948975 0.07948499917984009
vt 0.044707998633384705 0.116566002368927
vt 0.04536300152540207 0.22775299847126007
vt 0.04562100023031235 0.7970600128173828
vt 0.04571700096130371 0.831046998500824
vt 0.046303000301122665 0.004951000213623047
vt 0.04631299898028374 0.04689599946141243
vt 0.04647500067949295 0.21558499336242676
vt 0.04656999930739403 0.14474700391292572
vt 0.04710200056433678 0.06912899762392044
vt 0.047150999307632446 0.9602000117301941
vt 0.047150999307632446 0.9797719717025757
vt 0.0472709983587265 0.032891999930143356
vt 0.04823800176382065 0.8478869795799255
vt 0.048326000571250916 0.2848840057849884
vt 0.04868200048804283 0.9088360071182251
vt 0.05008900165557861 0.11719799786806107
vt 0.050283998250961304 0.8580179810523987
vt 0.050345998257398605 0.2153259962797165
vt 0.0516900010406971 0.9264609813690186
vt 0.0516900010406971 0.957269012928009
vt 0.05310700088739395 0.24535000324249268
vt 0.05341000109910965 0.793412983417511
vt 0.05353499948978424 0.31793299317359924
vt 0.05375799909234047 0.911408007144928
vt 0.05375799909234047 0.9552850127220154
vt 0.05375799909234047 0.9573540091514587
vt 0.05375799909234047 0.9794830083847046
vt 0.05418400093913078 0.9264630079269409
vt 0.055059000849723816 0.5746020078659058
vt 0.055424999445676804 0.8432599902153015
vt 0.05710100010037422 0.8378419876098633
vt 0.0581899993121624 0.7961559891700745
vt 0.05881800130009651 0.12263599783182144
vt 0.05912899971008301 0.11007700115442276
vt 0.059592001140117645 0.7521510124206543
vt 0.06073400005698204 0.9662359952926636
vt 0.06197100132703781 0.5767539739608765
vt 0.06205800175666809 0.7704070210456848
vt 0.06262599676847458 0.8522149920463562
vt 0.0628030002117157 0.961654007434845
vt 0.06346400082111359 0.2283180058002472
vt 0.0635949969291687 0.21309000253677368
vt 0.06363800168037415 0.5869269967079163
vt 0.06378000229597092 0.05884699895977974
vt 0.06399700045585632 0.948701024055481
vt 0.06440400332212448 0.9573540091514587
vt 0.06446400284767151 0.9238240122795105
vt 0.06453800201416016 0.0028899998869746923
vt 0.0648759976029396 0.7422990202903748
vt 0.0649460032582283 0.9088349938392639
vt 0.06518399715423584 0.04128500074148178
vt 0.06575299799442291 0.06803499907255173
vt 0.06606400012969971 0.11629199981689453
vt 0.06611599773168564 0.7953649759292603
vt 0.06623800098896027 0.9612569808959961
vt 0.06623800098896027 0.9807080030441284
vt 0.0664990022778511 0.2502729892730713
vt 0.06651999801397324 0.9355790019035339
vt 0.06686999648809433 0.8404240012168884
vt 0.06822899729013443 0.8674950003623962
vt 0.06836800277233124 0.7921249866485596
vt 0.06858900189399719 0.9152889847755432
vt 0.06858900189399719 0.9692980051040649
vt 0.06858900189399719 0.9874259829521179
vt 0.06881800293922424 0.08592300117015839
vt 0.06894499808549881 0.5257329940795898
vt 0.06965900212526321 0.8470919728279114
vt 0.07241799682378769 0.2966040074825287
vt 0.07273499667644501 0.9672300219535828
vt 0.07295200228691101 0.5470719933509827
vt 0.07322899997234344 0.31296199560165405
vt 0.07366900146007538 0.7613880038261414
vt 0.07426299899816513 0.9820380210876465
vt 0.0764160007238388 0.2647109925746918
vt 0.07661999762058258 0.5857139825820923
vt 0.07778900116682053 0.9197070002555847
vt 0.07785599678754807 0.7965829968452454
vt 0.07806800305843353 0.7426159977912903
vt 0.07811100035905838 0.8461719751358032
vt 0.07817099988460541 0.9088360071182251
vt 0.07817099988460541 0.9634019732475281
vt 0.07825200259685516 0.5718740224838257
vt 0.07837799936532974 0.5508409738540649
vt 0.08023999631404877 0.9237549901008606
vt 0.08023999631404877 0.9710900187492371
vt 0.08023999631404877 0.9868540167808533
vt 0.08188600093126297 0.7529590129852295
vt 0.08216699957847595 0.9652979969978333
vt 0.0856110006570816 0.9088360071182251
vt 0.08630499988794327 0.9762610197067261
vt 0.08649200201034546 0.09867600351572037
vt 0.0865039974451065 0.7920979857444763
vt 0.08750700205564499 0.8432520031929016
vt 0.08879800140857697 0.8504559993743896
vt 0.08889199793338776 0.25603601336479187
vt 0.08941899985074997 0.9194769859313965
vt 0.08941899985074997 0.9690210223197937
vt 0.0901930034160614 0.07644200325012207
vt 0.09048599749803543 0.02891100011765957
vt 0.09085000306367874 0.004308000206947327
vt 0.09099099785089493 0.11945399641990662
vt 0.09128700196743011 0.04150800034403801
vt 0.09138700366020203 0.06014300137758255
vt 0.09148699790239334 0.9193270206451416
vt 0.09182000160217285 0.22707499563694
vt 0.09247499704360962 0.20730499923229218
vt 0.09279400110244751 0.2409520000219345
vt 0.09291800111532211 0.936489999294281
vt 0.09291800111532211 0.9727110266685486
vt 0.09419099986553192 0.7777339816093445
vt 0.0948529988527298 0.14413200318813324
vt 0.09530100226402283 0.005793000105768442
vt 0.09534599632024765 0.11171100288629532
vt 0.09599500149488449 0.03166100010275841
vt 0.09659499675035477 0.0010339999571442604
vt 0.09703999757766724 0.7817670106887817
vt 0.09780000150203705 0.7942439913749695
vt 0.09856899827718735 0.28506800532341003
vt 0.0988209992647171 0.9817439913749695
vt 0.09884200245141983 0.5764819979667664
vt 0.10067199915647507 0.9657750129699707
vt 0.10084299743175507 0.8473700284957886
vt 0.1015079990029335 0.32475000619888306
vt 0.10195399820804596 0.8773300051689148
vt 0.10273999720811844 0.9498029947280884
vt 0.10273999720811844 0.9730499982833862
vt 0.10273999720811844 0.9856380224227905
vt 0.10332799702882767 0.586372971534729
vt 0.10344299674034119 0.11530700325965881
vt 0.1044050008058548 0.5767520070075989
vt 0.1044979989528656 0.936489999294281
vt 0.10656599700450897 0.7420949935913086
vt 0.10657099634408951 0.8884270191192627
vt 0.10712599754333496 0.7504109740257263
vt 0.10774499922990799 0.9785199761390686
vt 0.1082179993391037 0.8699380159378052
vt 0.10863199830055237 0.14067499339580536
vt 0.10886800289154053 0.21657800674438477
vt 0.10981299728155136 0.9797559976577759
vt 0.11036299914121628 0.9159979820251465
vt 0.1111380010843277 0.006912000011652708
vt 0.11115500330924988 0.03189399838447571
vt 0.11142200231552124 0.2663320004940033
vt 0.11207900196313858 0.07199999690055847
vt 0.1123099997639656 0.15572099387645721
vt 0.11272499710321426 0.11922000348567963
vt 0.11277399957180023 0.21849100291728973
vt 0.11322200298309326 0.057186998426914215
vt 0.11358000338077545 0.22880299389362335
vt 0.11379300057888031 0.03259500116109848
vt 0.11398299783468246 0.5682799816131592
vt 0.11416299641132355 0.24455900490283966
vt 0.11426600068807602 0.9730499982833862
vt 0.11426600068807602 0.9861980080604553
vt 0.11429700255393982 0.9088360071182251
vt 0.11429700255393982 0.9344210028648376
vt 0.11429700255393982 0.9431710243225098
vt 0.11429700255393982 0.970982015132904
vt 0.11445999890565872 0.03983699902892113
vt 0.11459299921989441 0.003372000064700842
vt 0.11500799655914307 0.2955009937286377
vt 0.11531499773263931 0.7597259879112244
vt 0.11580999940633774 0.8956909775733948
vt 0.11636500060558319 0.9088360071182251
vt 0.11636500060558319 0.9725069999694824
vt 0.11690399795770645 0.5447009801864624
vt 0.11805500090122223 0.7798029780387878
vt 0.11930499970912933 0.25270500779151917
vt 0.12041299790143967 0.7937780022621155
vt 0.12051299959421158 0.7421349883079529
vt 0.12078599631786346 0.5862950086593628
vt 0.12148600071668625 0.8683450222015381
vt 0.12173199653625488 0.8749639987945557
vt 0.12255500257015228 0.9326000213623047
vt 0.1227250024676323 0.3200019896030426
vt 0.12296900153160095 0.7895269989967346
vt 0.12373699992895126 0.4217979907989502
vt 0.1250379979610443 0.7798029780387878
vt 0.1250379979610443 0.8737750053405762
vt 0.1250379979610443 0.917622983455658
vt 0.1253640055656433 0.8155999779701233
vt 0.12561500072479248 0.7519639730453491
vt 0.12612199783325195 0.9056029915809631
vt 0.12623199820518494 0.5768550038337708
vt 0.12640200555324554 0.9646890163421631
vt 0.12643200159072876 0.9667580127716064
vt 0.12643200159072876 0.9816700220108032
vt 0.12852400541305542 0.2658900022506714
vt 0.128930002450943 0.9599900245666504
vt 0.1292800009250641 0.8534420132637024
vt 0.12928900122642517 0.8817629814147949
vt 0.12981300055980682 0.10478200018405914
vt 0.13065099716186523 0.9191460013389587
vt 0.13128699362277985 0.0876619964838028
vt 0.13202600181102753 0.7994880080223083
vt 0.13220199942588806 0.31793299317359924
vt 0.1333959996700287 0.8194850087165833
vt 0.13391700387001038 0.9689689874649048
vt 0.13479800522327423 0.909313976764679
vt 0.13479800522327423 0.9590709805488586
vt 0.13479800522327423 0.9768750071525574
vt 0.13533900678157806 0.11615400016307831
vt 0.1368670016527176 0.909313976764679
vt 0.1368670016527176 0.9647650122642517
vt 0.13936099410057068 0.08060300350189209
vt 0.13954100012779236 0.06041499972343445
vt 0.13955999910831451 0.25231701135635376
vt 0.1400970071554184 0.9403520226478577
vt 0.14009900391101837 0.03495299816131592
vt 0.14013400673866272 0.3109390139579773
vt 0.1405860036611557 0.22556500136852264
vt 0.14078499376773834 0.0027379998937249184
vt 0.14160799980163574 0.12102899700403214
vt 0.14217300713062286 0.18000000715255737
vt 0.14235399663448334 0.9258919954299927
vt 0.14235399663448334 0.9629690051078796
vt 0.14282600581645966 0.9041799902915955
vt 0.14298699796199799 0.04679400101304054
vt 0.14323000609874725 0.2295909970998764
vt 0.14364199340343475 0.5762670040130615
vt 0.14369900524616241 0.909313976764679
vt 0.14392299950122833 0.8586770296096802
vt 0.14417199790477753 0.0706079974770546
vt 0.14430999755859375 0.9444270133972168
vt 0.14474299550056458 0.7519040107727051
vt 0.1470170021057129 0.5812940001487732
vt 0.1479559987783432 0.8386729955673218
vt 0.1489740014076233 0.7634660005569458
vt 0.14970499277114868 0.8792909979820251
vt 0.14977200329303741 0.9579660296440125
vt 0.14977200329303741 0.978896975517273
vt 0.15007300674915314 0.5650119781494141
vt 0.1504800021648407 0.09818600118160248
vt 0.15051299333572388 0.24778500199317932
vt 0.15055300295352936 0.8892449736595154
vt 0.15142099559307098 0.8039090037345886
vt 0.15180300176143646 0.7418779730796814
vt 0.15180599689483643 0.909633994102478
vt 0.15220500528812408 0.9072459936141968
vt 0.15234600007534027 0.779869019985199
vt 0.15283499658107758 0.8769659996032715
vt 0.1531819999217987 0.9363719820976257
vt 0.15355199575424194 0.11956600099802017
vt 0.154216006398201 0.8112050294876099
vt 0.154216006398201 0.9225950241088867
vt 0.154216006398201 0.9558969736099243
vt 0.1551779955625534 0.15769900381565094
vt 0.15541599690914154 0.2841930091381073
vt 0.15592099726200104 0.05928000062704086
vt 0.1560470014810562 0.0056409998796880245
vt 0.15628500282764435 0.8708279728889465
vt 0.15628500282764435 0.9237949848175049
vt 0.15628500282764435 0.9704530239105225
vt 0.15628500282764435 0.9896590113639832
vt 0.1563040018081665 0.8931149840354919
vt 0.15669600665569305 0.5707119703292847
vt 0.15689800679683685 0.0414079986512661
vt 0.15758700668811798 0.0671830028295517
vt 0.15762999653816223 0.5477589964866638
vt 0.158051997423172 0.21446900069713593
vt 0.15870900452136993 0.9683840274810791
vt 0.15898099541664124 0.003837000112980604
vt 0.15900999307632446 0.11114300042390823
vt 0.15937699377536774 0.12117800116539001
vt 0.15982699394226074 0.2963089942932129
vt 0.1602800041437149 0.04800799861550331
vt 0.1605360060930252 0.031244000419974327
vt 0.16071699559688568 0.2635689973831177
vt 0.1613049954175949 0.980659008026123
vt 0.16166900098323822 0.7798029780387878
vt 0.16187000274658203 0.5862820148468018
vt 0.16240400075912476 0.23670199513435364
vt 0.16322599351406097 0.22681500017642975
vt 0.1636810004711151 0.08588500320911407
vt 0.16410799324512482 0.9217259883880615
vt 0.16418500244617462 0.11744099855422974
vt 0.16421300172805786 0.2161179929971695
vt 0.16485099494457245 0.040348999202251434
vt 0.16507500410079956 0.7503119707107544
vt 0.16553400456905365 0.0604420006275177
vt 0.16616299748420715 0.7618449926376343
vt 0.16638199985027313 0.973343014717102
vt 0.16638199985027313 0.9859099984169006
vt 0.16655899584293365 0.9237949848175049
vt 0.16705100238323212 0.5760629773139954
vt 0.1686280071735382 0.9687960147857666
vt 0.1694529950618744 0.0066269999369978905
vt 0.17053699493408203 0.9263280034065247
vt 0.1708340048789978 0.983581006526947
vt 0.17290300130844116 0.973343014717102
vt 0.17290300130844116 0.9853140115737915
vt 0.17507599294185638 0.8887929916381836
vt 0.1766200065612793 0.7537950277328491
vt 0.17752400040626526 0.9065600037574768
vt 0.17805300652980804 0.9237949848175049
vt 0.17805300652980804 0.9712740182876587
vt 0.17805300652980804 0.9810519814491272
vt 0.17883500456809998 0.8225769996643066
vt 0.18153099715709686 0.8742009997367859
vt 0.18166300654411316 0.7816309928894043
vt 0.1823129951953888 0.8205900192260742
vt 0.1823129951953888 0.8953689932823181
vt 0.18325500190258026 0.11689800024032593
vt 0.18421900272369385 0.6996700167655945
vt 0.18427099287509918 0.651078999042511
vt 0.18438200652599335 0.8858019709587097
vt 0.18438200652599335 0.9668599963188171
vt 0.1845960021018982 0.6784210205078125
vt 0.1846659928560257 0.6279579997062683
vt 0.184812992811203 0.9229410290718079
vt 0.18588900566101074 0.8006510138511658
vt 0.18601499497890472 0.9739810228347778
vt 0.1873749941587448 0.7835999727249146
vt 0.18741999566555023 0.9185640215873718
vt 0.18765999376773834 0.2698360085487366
vt 0.18805499374866486 0.8127440214157104
vt 0.18917199969291687 0.21643300354480743
vt 0.1902409940958023 0.9780840277671814
vt 0.19070200622081757 0.003642000025138259
vt 0.19096499681472778 0.36761999130249023
vt 0.1910790055990219 0.07414600253105164
vt 0.19108599424362183 0.09861599653959274
vt 0.19151699542999268 0.115665003657341
vt 0.19206300377845764 0.20955300331115723
vt 0.1921740025281906 0.2706950008869171
vt 0.19229499995708466 0.9579709768295288
vt 0.19229499995708466 0.968487024307251
vt 0.19277000427246094 0.6079310178756714
vt 0.19317999482154846 0.6746919751167297
vt 0.1934320032596588 0.7526800036430359
vt 0.1936579942703247 0.2864150106906891
vt 0.19373899698257446 0.5775240063667297
vt 0.19392700493335724 0.7191150188446045
vt 0.1940300017595291 0.7012770175933838
vt 0.19413800537586212 0.556423008441925
vt 0.19414399564266205 0.6562640070915222
vt 0.19440700113773346 0.10875000059604645
vt 0.19501200318336487 0.6249409914016724
vt 0.19516199827194214 0.5999410152435303
vt 0.19564799964427948 0.9401429891586304
vt 0.19564799964427948 0.9594579935073853
vt 0.19564799964427948 0.9795179963111877
vt 0.1956849992275238 0.9524959921836853
vt 0.19611699879169464 0.8710269927978516
vt 0.19737499952316284 0.29401499032974243
vt 0.19785499572753906 0.9367660284042358
vt 0.19843199849128723 0.2840220034122467
vt 0.19869700074195862 0.726643979549408
vt 0.19895200431346893 0.6983919739723206
vt 0.1999180018901825 0.7574440240859985
vt 0.20063400268554688 0.30761298537254333
vt 0.2011609971523285 0.9208719730377197
vt 0.2011750042438507 0.314083993434906
vt 0.20180900394916534 0.6753079891204834
vt 0.20187999308109283 0.7798029780387878
vt 0.2024649977684021 0.5678189992904663
vt 0.20311500132083893 0.9663439989089966
vt 0.20324400067329407 0.3057050108909607
vt 0.2043280005455017 0.9393569827079773
vt 0.20442399382591248 0.9355589747428894
vt 0.20457200706005096 0.5195450186729431
vt 0.20462800562381744 0.31393998861312866
vt 0.20469999313354492 0.9573889970779419
vt 0.2051839977502823 0.9594569802284241
vt 0.2051839977502823 0.9804159998893738
vt 0.20673799514770508 0.7630550265312195
vt 0.20766699314117432 0.6240519881248474
vt 0.2083519995212555 0.7271789908409119
vt 0.20934300124645233 0.8140169978141785
vt 0.2094379961490631 0.28232601284980774
vt 0.20954599976539612 0.9741079807281494
vt 0.2097799926996231 0.802960991859436
vt 0.2097799926996231 0.9188240170478821
vt 0.2097799926996231 0.9229410290718079
vt 0.2097799926996231 0.9501529932022095
vt 0.20994700491428375 0.2907490134239197
vt 0.21078099310398102 0.5663020014762878
vt 0.21184900403022766 0.7798029780387878
vt 0.21184900403022766 0.8883330225944519
vt 0.21184900403022766 0.9230380058288574
vt 0.21191899478435516 0.9083790183067322
vt 0.2121960073709488 0.7715989947319031
vt 0.2126310020685196 0.8469740152359009
vt 0.21297800540924072 0.1058259978890419
vt 0.2129949927330017 0.9657840132713318
vt 0.21427200734615326 0.8196989893913269
vt 0.21501199901103973 0.2700200080871582
vt 0.2152779996395111 0.9830700159072876
vt 0.21611300110816956 0.6499950289726257
vt 0.2165669947862625 0.5644850134849548
vt 0.21663400530815125 0.9534509778022766
vt 0.21668100357055664 0.12217900156974792
vt 0.21731899678707123 0.7544469833374023
vt 0.21744400262832642 0.22527100145816803
vt 0.21827399730682373 0.26782798767089844
vt 0.21854999661445618 0.5498420000076294
vt 0.2193319946527481 0.0010339999571442604
vt 0.21953299641609192 0.0764169991016388
vt 0.21965600550174713 0.876052975654602
vt 0.22006799280643463 0.11485999822616577
vt 0.22096900641918182 0.9104480147361755
vt 0.22096900641918182 0.9684489965438843
vt 0.22096900641918182 0.9705169796943665
vt 0.22096900641918182 0.9874820113182068
vt 0.22122399508953094 0.817887008190155
vt 0.22164300084114075 0.09734900295734406
vt 0.22166100144386292 0.9078919887542725
vt 0.22174200415611267 0.5513160228729248
vt 0.2220889925956726 0.5966699719429016
vt 0.22209200263023376 0.7820969820022583
vt 0.22222700715065002 0.7777339816093445
vt 0.2222680002450943 0.6884530186653137
vt 0.2225079983472824 0.32326701283454895
vt 0.22283199429512024 0.48201701045036316
vt 0.22287200391292572 0.547773003578186
vt 0.22289900481700897 0.38521599769592285
vt 0.22317799925804138 0.5440829992294312
vt 0.22433699667453766 0.6351749897003174
vt 0.22433699667453766 0.8878350257873535
vt 0.22433699667453766 0.8942980170249939
vt 0.22433699667453766 0.9753950238227844
vt 0.22447000443935394 0.32007500529289246
vt 0.22533899545669556 0.6431019902229309
vt 0.2256219983100891 0.5450670123100281
vt 0.22598600387573242 0.4134339988231659
vt 0.22794799506664276 0.5976639986038208
vt 0.2280309945344925 0.6068440079689026
vt 0.2280540019273758 0.3497850000858307
vt 0.2280540019273758 0.4774549901485443
vt 0.2280540019273758 0.5441700220108032
vt 0.2292570024728775 0.500465989112854
vt 0.22928500175476074 0.3821839988231659
vt 0.2297540009021759 0.4428339898586273
vt 0.22996799647808075 0.32176199555397034
vt 0.23037700355052948 0.6295080184936523
vt 0.2307170033454895 0.9349210262298584
vt 0.23122799396514893 0.6476979851722717
vt 0.23124299943447113 0.7625889778137207
vt 0.23148000240325928 0.22001299262046814
vt 0.23173600435256958 0.4682770073413849
vt 0.2318429946899414 0.8536210060119629
vt 0.23224599659442902 0.7559469938278198
vt 0.23259499669075012 0.7862340211868286
vt 0.23322300612926483 0.8887180089950562
vt 0.2336380034685135 0.8966590166091919
vt 0.2337390035390854 0.8922290205955505
vt 0.23410800099372864 0.9804940223693848
vt 0.2343519926071167 0.9467840194702148
vt 0.23440299928188324 0.9241440296173096
vt 0.23587599396705627 0.5018919706344604
vt 0.23612500727176666 0.8041960000991821
vt 0.2363010048866272 0.637474000453949
vt 0.2364719957113266 0.8942980170249939
vt 0.2364719957113266 0.9581339955329895
vt 0.23677900433540344 0.8532459735870361
vt 0.23696400225162506 0.8214690089225769
vt 0.23698699474334717 0.9846580028533936
vt 0.23715299367904663 0.7669519782066345
vt 0.23737700283527374 0.5498420000076294
vt 0.23738400638103485 0.8185219764709473
vt 0.23766599595546722 0.27052900195121765
vt 0.23787200450897217 0.8376139998435974
vt 0.23799000680446625 0.8876349925994873
vt 0.23831400275230408 0.39002200961112976
vt 0.23876899480819702 0.863860011100769
vt 0.23896099627017975 0.8311480283737183
vt 0.2389959990978241 0.24803300201892853
vt 0.23900499939918518 0.8106430172920227
vt 0.239313006401062 0.051732998341321945
vt 0.23939600586891174 0.7956339716911316
vt 0.2395240068435669 0.511027991771698
vt 0.23981599509716034 0.29190298914909363
vt 0.23995399475097656 0.8234739899635315
vt 0.2401849925518036 0.3521920144557953
vt 0.24068500101566315 0.5477370023727417
vt 0.24071499705314636 0.34442299604415894
vt 0.24077199399471283 0.8469849824905396
vt 0.24110400676727295 0.2822360098361969
vt 0.24132199585437775 0.11424200236797333
vt 0.2414110004901886 0.5336199998855591
vt 0.24147699773311615 0.9277439713478088
vt 0.24175000190734863 0.002268000040203333
vt 0.24199700355529785 0.5661200284957886
vt 0.24280700087547302 0.21151100099086761
vt 0.24328699707984924 0.797685980796814
vt 0.2435930073261261 0.7894399762153625
vt 0.24370600283145905 0.5432400107383728
vt 0.24393300712108612 0.059438999742269516
vt 0.24395500123500824 0.7180520296096802
vt 0.244050994515419 0.30899500846862793
vt 0.2444780021905899 0.2226630002260208
vt 0.24459800124168396 0.8964369893074036
vt 0.24500299990177155 0.2611890137195587
vt 0.24501900374889374 0.23578199744224548
vt 0.24552400410175323 0.9265000224113464
vt 0.2457139939069748 0.9842079877853394
vt 0.24576500058174133 0.46084898710250854
vt 0.24598799645900726 0.9571859836578369
vt 0.24666500091552734 0.10856200009584427
vt 0.24685999751091003 0.643733024597168
vt 0.24783700704574585 0.21306200325489044
vt 0.24797199666500092 0.045809000730514526
vt 0.24805699288845062 0.8942980170249939
vt 0.24805699288845062 0.9696249961853027
vt 0.24805699288845062 0.9716939926147461
vt 0.24805699288845062 0.987417995929718
vt 0.24848200380802155 0.1176529973745346
vt 0.24862700700759888 0.9386849999427795
vt 0.24863000214099884 0.03780199959874153
vt 0.2487650066614151 0.06820999830961227
vt 0.24972599744796753 0.001829999964684248
vt 0.2499379962682724 0.7639200091362
vt 0.25015899538993835 0.6279979944229126
vt 0.2502239942550659 0.5077390074729919
vt 0.2505890130996704 0.5974289774894714
vt 0.2509459853172302 0.23813499510288239
vt 0.25139299035072327 0.6949089765548706
vt 0.2520290017127991 0.3160800039768219
vt 0.2528829872608185 0.4727180004119873
vt 0.2531000077724457 0.9804649949073792
vt 0.25325900316238403 0.20907799899578094
vt 0.25345900654792786 0.11688800156116486
vt 0.25376999378204346 0.5996890068054199
vt 0.25423601269721985 0.3502100110054016
vt 0.2544249892234802 0.5368080139160156
vt 0.2545369863510132 0.7359920144081116
vt 0.2546499967575073 0.7935969829559326
vt 0.25583499670028687 0.5114589929580688
vt 0.25654199719429016 0.3546369969844818
vt 0.25680699944496155 0.9729380011558533
vt 0.25680699944496155 0.9852790236473083
vt 0.25682100653648376 0.6589890122413635
vt 0.2571229934692383 0.5477370023727417
vt 0.25824499130249023 0.9696249961853027
vt 0.25919198989868164 0.5137580037117004
vt 0.25919198989868164 0.53227299451828
vt 0.2603130042552948 0.9386849999427795
vt 0.2603130042552948 0.9708700180053711
vt 0.2607629895210266 0.5077390074729919
vt 0.2608349919319153 0.10452400147914886
vt 0.26134198904037476 0.9635990262031555
vt 0.2619290053844452 0.9040259718894958
vt 0.2621540129184723 0.9366160035133362
vt 0.26229798793792725 0.9774529933929443
vt 0.26248401403427124 0.6780419945716858
vt 0.2629370093345642 0.633217990398407
vt 0.26373401284217834 0.2109690010547638
vt 0.2639690041542053 0.5429109930992126
vt 0.2643220126628876 0.22776100039482117
vt 0.264367014169693 0.9729380011558533
vt 0.264367014169693 0.9861170053482056
vt 0.26468798518180847 0.7424860000610352
vt 0.2648929953575134 0.7544429898262024
vt 0.2651459872722626 0.2502099871635437
vt 0.265174001455307 0.29411599040031433
vt 0.2652699947357178 0.07263000309467316
vt 0.2654710114002228 0.12072200328111649
vt 0.26590099930763245 0.7633360028266907
vt 0.26637399196624756 0.06028499826788902
vt 0.2667570114135742 0.0011279999744147062
vt 0.2669830024242401 0.626596987247467
vt 0.267549991607666 0.7266460061073303
vt 0.2676500082015991 0.5341389775276184
vt 0.26796600222587585 0.7667940258979797
vt 0.26819199323654175 0.6100490093231201
vt 0.26826000213623047 0.03775100037455559
vt 0.2685700058937073 0.9637770056724548
vt 0.2691589891910553 0.9413790106773376
vt 0.26920801401138306 0.11496499925851822
vt 0.26946398615837097 0.9061200022697449
vt 0.2696099877357483 0.9551330208778381
vt 0.2696099877357483 0.982679009437561
vt 0.27004799246788025 0.8942980170249939
vt 0.2709999978542328 0.5148469805717468
vt 0.2712700068950653 0.48308101296424866
vt 0.2716299891471863 0.6497200131416321
vt 0.2721169888973236 0.930728018283844
vt 0.2721169888973236 0.9797009825706482
vt 0.27227500081062317 0.9480800032615662
vt 0.27313199639320374 0.09485600143671036
vt 0.27418699860572815 0.9629250168800354
vt 0.2743709981441498 0.6655229926109314
vt 0.2746190130710602 0.8942980170249939
vt 0.2749139964580536 0.3223460018634796
vt 0.2762809991836548 0.923550009727478
vt 0.27629798650741577 0.26315799355506897
vt 0.2798430025577545 0.2829599976539612
vt 0.28000500798225403 0.6151919960975647
vt 0.28042998909950256 0.8632209897041321
vt 0.28069400787353516 0.8765529990196228
vt 0.2811940014362335 0.969215989112854
vt 0.2811940014362335 0.9814450144767761
vt 0.28248700499534607 0.8233839869499207
vt 0.28280600905418396 0.7911580204963684
vt 0.2831589877605438 0.7973859906196594
vt 0.2831670045852661 0.9671469926834106
vt 0.28371599316596985 0.8962910175323486
vt 0.2837260067462921 0.9315440058708191
vt 0.2837260067462921 0.9518380165100098
vt 0.28380799293518066 0.5998520255088806
vt 0.28386199474334717 0.4754199981689453
vt 0.2840909957885742 0.8523409962654114
vt 0.28420600295066833 0.510113000869751
vt 0.2842769920825958 0.8176940083503723
vt 0.2842850089073181 0.8015919923782349
vt 0.2846490144729614 0.08517400175333023
vt 0.2857950031757355 0.907263994216919
vt 0.2857950031757355 0.9722859859466553
vt 0.28594401478767395 0.8339189887046814
vt 0.286545991897583 0.9644359946250916
vt 0.2879540026187897 0.5226730108261108
vt 0.288783997297287 0.8117870092391968
vt 0.2889249920845032 0.8401560187339783
vt 0.2891010046005249 0.3408359885215759
vt 0.28922000527381897 0.414436012506485
vt 0.2894339859485626 0.2567709982395172
vt 0.29002198576927185 0.5371919870376587
vt 0.29002198576927185 0.5447869896888733
vt 0.2912580072879791 0.5107409954071045
vt 0.2917320132255554 0.6466649770736694
vt 0.2917880117893219 0.8327019810676575
vt 0.2918519973754883 0.9665049910545349
vt 0.2918519973754883 0.9864569902420044
vt 0.2927519977092743 0.0736050009727478
vt 0.29280999302864075 0.2233320027589798
vt 0.2932890057563782 0.8247470259666443
vt 0.29334500432014465 0.05830899998545647
vt 0.2936150133609772 0.8584960103034973
vt 0.29368001222610474 0.7778429985046387
vt 0.29392001032829285 0.9719110131263733
vt 0.29420700669288635 0.9665049910545349
vt 0.29431501030921936 0.2139350026845932
vt 0.2944299876689911 0.23527300357818604
vt 0.29453200101852417 0.47078999876976013
vt 0.2946169972419739 0.539260983467102
vt 0.2946169972419739 0.5476040244102478
vt 0.2948330044746399 0.7944689989089966
vt 0.2951039969921112 0.03778399899601936
vt 0.29526400566101074 0.3482309877872467
vt 0.29555198550224304 0.1311430037021637
vt 0.29668599367141724 0.539260983467102
vt 0.29668599367141724 0.5471779704093933
vt 0.29721298813819885 0.5237780213356018
vt 0.2973330020904541 0.9719110131263733
vt 0.2977609932422638 0.2935439944267273
vt 0.2977930009365082 0.8942980170249939
vt 0.2977930009365082 0.9079579710960388
vt 0.2979849874973297 0.11916299909353256
vt 0.2980709969997406 0.001554999966174364
vt 0.2988719940185547 0.21410900354385376
vt 0.29896798729896545 0.8642320036888123
vt 0.2991209924221039 0.7622799873352051
vt 0.29915300011634827 0.15020699799060822
vt 0.2997100055217743 0.11148899793624878
vt 0.29986199736595154 0.8962739706039429
vt 0.29986199736595154 0.9521369934082031
vt 0.29986199736595154 0.9711999893188477
vt 0.30099600553512573 0.5419600009918213
vt 0.3030639886856079 0.5458059906959534
vt 0.30394500494003296 0.06782899796962738
vt 0.3039869964122772 0.5424759984016418
vt 0.30446600914001465 0.8256610035896301
vt 0.30547600984573364 0.6251509785652161
vt 0.30557799339294434 0.26928600668907166
vt 0.30627501010894775 0.5077390074729919
vt 0.3069010078907013 0.888493001461029
vt 0.30782198905944824 0.35535699129104614
vt 0.3078570067882538 0.539260983467102
vt 0.3078570067882538 0.5448319911956787
vt 0.308102011680603 0.966385006904602
vt 0.30900099873542786 0.9684529900550842
vt 0.30900099873542786 0.9810699820518494
vt 0.3098289966583252 0.8942980170249939
vt 0.30992600321769714 0.5401489734649658
vt 0.31050899624824524 0.5443840026855469
vt 0.31069400906562805 0.9511160254478455
vt 0.31071099638938904 0.5371919870376587
vt 0.31127700209617615 0.9305800199508667
vt 0.3112800121307373 0.5997210144996643
vt 0.311924010515213 0.7516030073165894
vt 0.31255200505256653 0.7839660048484802
vt 0.31271201372146606 0.12194699794054031
vt 0.31273698806762695 0.7659890055656433
vt 0.3133459985256195 0.9107599854469299
vt 0.3133459985256195 0.9548140168190002
vt 0.3133459985256195 0.9750499725341797
vt 0.3134079873561859 0.17755000293254852
vt 0.31349000334739685 0.6166700124740601
vt 0.3139680027961731 0.7679539918899536
vt 0.3142639994621277 0.8661630153656006
vt 0.314518004655838 0.8863630294799805
vt 0.3147119879722595 0.22649799287319183
vt 0.3147819936275482 0.539260983467102
vt 0.3147819936275482 0.5447180271148682
vt 0.31485700607299805 0.32416799664497375
vt 0.31528300046920776 0.24792100489139557
vt 0.3154189884662628 0.32041001319885254
vt 0.31605300307273865 0.12064500153064728
vt 0.3162350058555603 0.05466900020837784
vt 0.3164680004119873 0.0047530001029372215
vt 0.3166089951992035 0.06608700007200241
vt 0.31675899028778076 0.03959700092673302
vt 0.31699299812316895 0.5300210118293762
vt 0.31725001335144043 0.9412490129470825
vt 0.31822800636291504 0.9391800165176392
vt 0.3185420036315918 0.7889170050621033
vt 0.3186430037021637 0.8863109946250916
vt 0.3190619945526123 0.5093449950218201
vt 0.3190619945526123 0.5343819856643677
vt 0.3190619945526123 0.5465279817581177
vt 0.3196449875831604 0.8794090151786804
vt 0.3197630047798157 0.5253679752349854
vt 0.32028698921203613 0.9015740156173706
vt 0.3203659951686859 0.8639619946479797
vt 0.3205319941043854 0.11389400064945221
vt 0.32130900025367737 0.4721490144729614
vt 0.3218980133533478 0.9589700102806091
vt 0.3223940134048462 0.7820129990577698
vt 0.32308000326156616 0.08058399707078934
vt 0.32346901297569275 0.636925995349884
vt 0.3245300054550171 0.3443399965763092
vt 0.32487601041793823 0.9412490129470825
vt 0.32487601041793823 0.9777020215988159
vt 0.32524698972702026 0.26336801052093506
vt 0.32538700103759766 0.5077390074729919
vt 0.3255240023136139 0.4619100093841553
vt 0.32658201456069946 0.3562319874763489
vt 0.32682299613952637 0.09782899916172028
vt 0.327237993478775 0.8009060025215149
vt 0.32846900820732117 0.536450982093811
vt 0.32846900820732117 0.5474389791488647
vt 0.3293229937553406 0.5337920188903809
vt 0.3307639956474304 0.5394179821014404
vt 0.33143100142478943 0.8942980170249939
vt 0.33143100142478943 0.9385730028152466
vt 0.33143100142478943 0.9476079940795898
vt 0.33153000473976135 0.8596799969673157
vt 0.332177996635437 0.37052100896835327
vt 0.3322620093822479 0.7852950096130371
vt 0.3334999978542328 0.920960009098053
vt 0.3334999978542328 0.9512709975242615
vt 0.3334999978542328 0.9738489985466003
vt 0.3335599899291992 0.536450982093811
vt 0.3335599899291992 0.5442879796028137
vt 0.333873987197876 0.8942980170249939
vt 0.3339900076389313 0.5153279900550842
vt 0.33403900265693665 0.8679999709129333
vt 0.3341439962387085 0.8659690022468567
vt 0.3342230021953583 0.7681630253791809
vt 0.334663987159729 0.313973993062973
vt 0.33539101481437683 0.936037003993988
vt 0.3356179893016815 0.6456829905509949
vt 0.3356280028820038 0.536450982093811
vt 0.3358420133590698 0.8834229707717896
vt 0.33591899275779724 0.7615190148353577
vt 0.33613499999046326 0.9094150066375732
vt 0.3379000127315521 0.08685199916362762
vt 0.33803001046180725 0.7761030197143555
vt 0.3384079933166504 0.10494299978017807
vt 0.33868899941444397 0.9492020010948181
vt 0.3393059968948364 0.3530470132827759
vt 0.3397260010242462 0.9610900282859802
vt 0.3398750126361847 0.5213479995727539
vt 0.3399159908294678 0.6165850162506104
vt 0.34014299511909485 0.30730700492858887
vt 0.34041398763656616 0.5473179817199707
vt 0.3406270146369934 0.2829970121383667
vt 0.3409450054168701 0.25124698877334595
vt 0.3417220115661621 0.9658049941062927
vt 0.34188398718833923 0.11924699693918228
vt 0.3422360122203827 0.21652400493621826
vt 0.3426229953765869 0.4492110013961792
vt 0.34283700585365295 0.2262520045042038
vt 0.3430800139904022 0.0019839999731630087
vt 0.3431510031223297 0.16191700100898743
vt 0.34335899353027344 0.3931489884853363
vt 0.3434950113296509 0.23378099501132965
vt 0.34351399540901184 0.4762359857559204
vt 0.3437899947166443 0.9512709975242615
vt 0.3437899947166443 0.9814019799232483
vt 0.343997985124588 0.9267889857292175
vt 0.34411999583244324 0.5033509731292725
vt 0.3445970118045807 0.03518500179052353
vt 0.3449369966983795 0.49511000514030457
vt 0.34512001276016235 0.8967949748039246
vt 0.34512001276016235 0.9406690001487732
vt 0.3451650142669678 0.5119640231132507
vt 0.3451650142669678 0.536450982093811
vt 0.3454520106315613 0.5984200239181519
vt 0.3455030024051666 0.04733699932694435
vt 0.34608399868011475 0.3204500079154968
vt 0.34623000025749207 0.16869699954986572
vt 0.3465690016746521 0.2933349907398224
vt 0.34661900997161865 0.11651600152254105
vt 0.34701600670814514 0.21574799716472626
vt 0.34715399146080017 0.10931599885225296
vt 0.3473359942436218 0.9276329874992371
vt 0.3473359942436218 0.9327070116996765
vt 0.34741899371147156 0.9133430123329163
vt 0.34741899371147156 0.9255639910697937
vt 0.34751299023628235 0.9082149863243103
vt 0.34862300753593445 0.06499999761581421
vt 0.34863799810409546 0.5077390074729919
vt 0.34863799810409546 0.5475190281867981
vt 0.3488439917564392 0.4845829904079437
vt 0.3488680124282837 0.5023959875106812
vt 0.34915900230407715 0.9554870128631592
vt 0.34969401359558105 0.332830011844635
vt 0.3497439920902252 0.7746840119361877
vt 0.3497439920902252 0.8775780200958252
vt 0.3497439920902252 0.8942980170249939
vt 0.3497439920902252 0.9112750291824341
vt 0.3497439920902252 0.9234870076179504
vt 0.3497439920902252 0.9314870238304138
vt 0.3518129885196686 0.886497974395752
vt 0.3518129885196686 0.9108960032463074
vt 0.3518129885196686 0.9637200236320496
vt 0.3520689904689789 0.7489240169525146
vt 0.3526670038700104 0.6324989795684814
vt 0.35272300243377686 0.8130769729614258
vt 0.35310500860214233 0.7985219955444336
vt 0.35311898589134216 0.7807480096817017
vt 0.35324499011039734 0.9079579710960388
vt 0.35331299901008606 0.6229529976844788
vt 0.35347598791122437 0.9738219976425171
vt 0.3539330065250397 0.43766799569129944
vt 0.35453000664711 0.3535520136356354
vt 0.35497599840164185 0.9788640141487122
vt 0.35520699620246887 0.32139700651168823
vt 0.3553290069103241 0.2726449966430664
vt 0.3566330075263977 0.21548700332641602
vt 0.35683101415634155 0.5056700110435486
vt 0.35695499181747437 0.3758769929409027
vt 0.3571540117263794 0.13315999507904053
vt 0.3574030101299286 0.45134198665618896
vt 0.357683002948761 0.24033400416374207
vt 0.35895800590515137 0.91669100522995
vt 0.3591560125350952 0.6467099785804749
vt 0.35942700505256653 0.3200019896030426
vt 0.36017000675201416 0.34859898686408997
vt 0.36043500900268555 0.23388899862766266
vt 0.36059001088142395 0.06974100321531296
vt 0.36090800166130066 0.003217000048607588
vt 0.360960990190506 0.9647600054740906
vt 0.360960990190506 0.9668279886245728
vt 0.360960990190506 0.9828699827194214
vt 0.36106500029563904 0.03936000168323517
vt 0.36155200004577637 0.4857589900493622
vt 0.3615579903125763 0.1207600012421608
vt 0.3616800010204315 0.7288219928741455
vt 0.36170700192451477 0.388264000415802
vt 0.36170700192451477 0.5151349902153015
vt 0.36172598600387573 0.2178030014038086
vt 0.36191099882125854 0.6674529910087585
vt 0.3623009920120239 0.15308600664138794
vt 0.36302998661994934 0.9151120185852051
vt 0.36302998661994934 0.933899998664856
vt 0.36302998661994934 0.9492939710617065
vt 0.36302998661994934 0.9748769998550415
vt 0.3630959987640381 0.05163399875164032
vt 0.36364999413490295 0.2622169852256775
vt 0.36389100551605225 0.3181479871273041
vt 0.36389100551605225 0.4297249913215637
vt 0.36389100551605225 0.4709239900112152
vt 0.36389100551605225 0.5268840193748474
vt 0.36389100551605225 0.5383350253105164
vt 0.3640269935131073 0.46885401010513306
vt 0.36408698558807373 0.44960999488830566
vt 0.36430299282073975 0.037018999457359314
vt 0.36438700556755066 0.5093169808387756
vt 0.36517199873924255 0.7498490214347839
vt 0.3658199906349182 0.4184260070323944
vt 0.36607301235198975 0.21909099817276
vt 0.3668479919433594 0.38144800066947937
vt 0.36766600608825684 0.005472999997437
vt 0.367933988571167 0.14497700333595276
vt 0.36807700991630554 0.5995630025863647
vt 0.36831900477409363 0.11650899797677994
vt 0.36840400099754333 0.7659890055656433
vt 0.3684220016002655 0.73396897315979
vt 0.36848801374435425 0.0010339999571442604
vt 0.3697260022163391 0.6285560131072998
vt 0.3707520067691803 0.6547999978065491
vt 0.37094101309776306 0.9735659956932068
vt 0.37112998962402344 0.5380470156669617
vt 0.37112998962402344 0.5457649827003479
vt 0.37167200446128845 0.2280219942331314
vt 0.37200799584388733 0.04959399998188019
vt 0.3722189962863922 0.9373850226402283
vt 0.37244901061058044 0.9472249746322632
vt 0.37244999408721924 0.9528509974479675
vt 0.3729360103607178 0.8026779890060425
vt 0.3730059862136841 0.4709230065345764
vt 0.3731139898300171 0.9108960032463074
vt 0.3731220066547394 0.5930269956588745
vt 0.3734000027179718 0.5359789729118347
vt 0.3738720118999481 0.5173619985580444
vt 0.37389200925827026 0.3224070072174072
vt 0.3740130066871643 0.4308930039405823
vt 0.37418198585510254 0.4610440135002136
vt 0.3743099868297577 0.9057940244674683
vt 0.3745189905166626 0.9621520042419434
vt 0.3748430013656616 0.44228100776672363
vt 0.37488099932670593 0.359935998916626
vt 0.3763999938964844 0.6844469904899597
vt 0.3765369951725006 0.6413760185241699
vt 0.37655898928642273 0.624629020690918
vt 0.37691301107406616 0.928538978099823
vt 0.3769490122795105 0.5120000243186951
vt 0.3769490122795105 0.5469260215759277
vt 0.37721800804138184 0.7274249792098999
vt 0.37767699360847473 0.7591959834098816
vt 0.37775400280952454 0.9492939710617065
vt 0.37775400280952454 0.9692950248718262
vt 0.37778499722480774 0.7927190065383911
vt 0.37786799669265747 0.09800700098276138
vt 0.3778730034828186 0.9056119918823242
vt 0.377936989068985 0.8128880262374878
vt 0.377936989068985 0.908827006816864
vt 0.3790439963340759 0.31894901394844055
vt 0.37932100892066956 0.6563760042190552
vt 0.38000598549842834 0.8180279731750488
vt 0.38000598549842834 0.9115340113639832
vt 0.38000598549842834 0.9345510005950928
vt 0.38000598549842834 0.9377800226211548
vt 0.38000598549842834 0.9658539891242981
vt 0.38000598549842834 0.9758920073509216
vt 0.380062997341156 0.5397289991378784
vt 0.38009700179100037 0.6015959978103638
vt 0.38019099831581116 0.5498420000076294
vt 0.38023000955581665 0.39624500274658203
vt 0.3803670108318329 0.907945990562439
vt 0.3808189928531647 0.5436800122261047
vt 0.3808189928531647 0.5476379990577698
vt 0.3809930086135864 0.7941319942474365
vt 0.3824700117111206 0.3232629895210266
vt 0.3828510046005249 0.7596160173416138
vt 0.38319799304008484 0.5366569757461548
vt 0.3832480013370514 0.5416110157966614
vt 0.38380199670791626 0.552236020565033
vt 0.38429901003837585 0.2705419957637787
vt 0.3855530023574829 0.700884997844696
vt 0.38715898990631104 0.8477470278739929
vt 0.3876419961452484 0.44676798582077026
vt 0.38839399814605713 0.9679229855537415
vt 0.38839399814605713 0.9816499948501587
vt 0.38898399472236633 0.9105859994888306
vt 0.389835000038147 0.5738769769668579
vt 0.38985300064086914 0.19098800420761108
vt 0.39035099744796753 0.11676499992609024
vt 0.39073601365089417 0.7659890055656433
vt 0.39076799154281616 0.22694000601768494
vt 0.39215099811553955 0.2703379988670349
vt 0.39274799823760986 0.9512850046157837
vt 0.3930230140686035 0.2015029937028885
vt 0.3937219977378845 0.6244710087776184
vt 0.39413198828697205 0.11785600334405899
vt 0.39416301250457764 0.09877300262451172
vt 0.39441800117492676 0.6416370272636414
vt 0.3944700062274933 0.003226999891921878
vt 0.3945170044898987 0.05276399850845337
vt 0.3946479856967926 0.2933340072631836
vt 0.3948169946670532 0.9377809762954712
vt 0.3948169946670532 0.9769179821014404
vt 0.3950589895248413 0.6039860248565674
vt 0.3954710066318512 0.9357119798660278
vt 0.39588800072669983 0.5934529900550842
vt 0.39619800448417664 0.6313650012016296
vt 0.39668500423431396 0.10803999751806259
vt 0.39754799008369446 0.2851090133190155
vt 0.3981989920139313 0.7561190128326416
vt 0.3982110023498535 0.6677119731903076
vt 0.39869898557662964 0.8027790188789368
vt 0.39872100949287415 0.8271049857139587
vt 0.39875999093055725 0.6423109769821167
vt 0.3987770080566406 0.5392580032348633
vt 0.39882999658584595 0.32357698678970337
vt 0.3991929888725281 0.9085170030593872
vt 0.3993160128593445 0.4513869881629944
vt 0.400068998336792 0.9812170267105103
vt 0.40103599429130554 0.7848060131072998
vt 0.40167099237442017 0.7568010091781616
vt 0.40168601274490356 0.965861976146698
vt 0.40216100215911865 0.315542995929718
vt 0.4022189974784851 0.8174200057983398
vt 0.4022189974784851 0.9062190055847168
vt 0.4022409915924072 0.9317309856414795
vt 0.40251100063323975 0.3181479871273041
vt 0.4026300013065338 0.7598459720611572
vt 0.4028629958629608 0.6302779912948608
vt 0.4030979871749878 0.3062880039215088
vt 0.4030979871749878 0.4200670123100281
vt 0.4030979871749878 0.5407419800758362
vt 0.40516701340675354 0.002051000017672777
vt 0.40516701340675354 0.624055027961731
vt 0.40516701340675354 0.8219940066337585
vt 0.40516701340675354 0.9773309826850891
vt 0.40518200397491455 0.8525279760360718
vt 0.4056209921836853 0.008652999997138977
vt 0.4059999883174896 0.9269400238990784
vt 0.4062210023403168 0.9571319818496704
vt 0.40793898701667786 0.6249420046806335
vt 0.40841400623321533 0.6309700012207031
vt 0.40909698605537415 0.8282380104064941
vt 0.40970900654792786 0.006053000222891569
vt 0.41030699014663696 0.001259000040590763
vt 0.41093701124191284 0.6027359962463379
vt 0.4124859869480133 0.4250119924545288
vt 0.412557989358902 0.8812050223350525
vt 0.41271400451660156 0.03143899887800217
vt 0.413908988237381 0.9500210285186768
vt 0.4143269956111908 0.6102790236473083
vt 0.4148159921169281 0.849698007106781
vt 0.41496801376342773 0.31983500719070435
vt 0.415226012468338 0.02348499931395054
vt 0.415585994720459 0.9689890146255493
vt 0.41572999954223633 0.9603080153465271
vt 0.41572999954223633 0.988556981086731
vt 0.4165700078010559 0.20780199766159058
vt 0.41661199927330017 0.41479501128196716
vt 0.41711100935935974 0.39031198620796204
vt 0.4175559878349304 0.6002259850502014
vt 0.4177989959716797 0.8526819944381714
vt 0.41836801171302795 0.4318149983882904
vt 0.41962799429893494 0.9346659779548645
vt 0.4200510084629059 0.7968670129776001
vt 0.42034798860549927 0.04695900157094002
vt 0.42044198513031006 0.9778940081596375
vt 0.42058300971984863 0.5868309736251831
vt 0.4205920100212097 0.3134939968585968
vt 0.42066800594329834 0.8861169815063477
vt 0.4207899868488312 0.5256739854812622
vt 0.4207949936389923 0.10627999901771545
vt 0.4211699962615967 0.788748025894165
vt 0.42193299531936646 0.21947099268436432
vt 0.4224030077457428 0.2019989937543869
vt 0.4228459894657135 0.14808200299739838
vt 0.4236550033092499 0.2350810021162033
vt 0.4243049919605255 0.313387006521225
vt 0.4267309904098511 0.9209330081939697
vt 0.42719098925590515 0.8749949932098389
vt 0.4273679852485657 0.9565430283546448
vt 0.4275830090045929 0.9001870155334473
vt 0.4283739924430847 0.9741700291633606
vt 0.4287729859352112 0.849698007106781
vt 0.4287729859352112 0.9306489825248718
vt 0.42965400218963623 0.46347400546073914
vt 0.4307819902896881 0.4212859869003296
vt 0.43084201216697693 0.849698007106781
vt 0.43084201216697693 0.9678739905357361
vt 0.43084201216697693 0.9711750149726868
vt 0.43084201216697693 0.9857829809188843
vt 0.43115198612213135 0.8834819793701172
vt 0.43118399381637573 0.9254390001296997
vt 0.431549996137619 0.3568359911441803
vt 0.43311700224876404 0.767769992351532
vt 0.4334059953689575 0.21693700551986694
vt 0.4342069923877716 0.5406290292739868
vt 0.4352410137653351 0.9385290145874023
vt 0.435481995344162 0.8561390042304993
vt 0.4355219900608063 0.4156160056591034
vt 0.4358530044555664 0.2811189889907837
vt 0.43706101179122925 0.9768369793891907
vt 0.43761101365089417 0.8064849972724915
vt 0.43770700693130493 0.08725299686193466
vt 0.4385389983654022 0.49184098839759827
vt 0.43869200348854065 0.3194290101528168
vt 0.43891000747680664 0.14359499514102936
vt 0.4389449954032898 0.03209400177001953
vt 0.4390139877796173 0.832302987575531
vt 0.4391460120677948 0.045471999794244766
vt 0.43936699628829956 0.8363890051841736
vt 0.4396609961986542 0.7952939867973328
vt 0.43984198570251465 0.2015170007944107
vt 0.4399470090866089 0.4312489926815033
vt 0.440856009721756 0.9691069722175598
vt 0.44090598821640015 0.32965201139450073
vt 0.4411650002002716 0.9009529948234558
vt 0.4414899945259094 0.9527940154075623
vt 0.4416170120239258 0.25581398606300354
vt 0.44184398651123047 0.21704399585723877
vt 0.44211599230766296 0.7529410123825073
vt 0.4423080086708069 0.8509950041770935
vt 0.44244199991226196 0.9283030033111572
vt 0.44272100925445557 0.3829149901866913
vt 0.44370099902153015 0.20872800052165985
vt 0.4445109963417053 0.9085279703140259
vt 0.444815993309021 0.5627729892730713
vt 0.4452599883079529 0.849698007106781
vt 0.4453200101852417 0.35321301221847534
vt 0.4455069899559021 0.873740017414093
vt 0.4456369876861572 0.3188660144805908
vt 0.44565701484680176 0.9590799808502197
vt 0.44568899273872375 0.9491299986839294
vt 0.44573700428009033 0.36531201004981995
vt 0.4461140036582947 0.4945879876613617
vt 0.44613999128341675 0.6096240282058716
vt 0.4468829929828644 0.53159099817276
vt 0.44724300503730774 0.5429239869117737
vt 0.44802600145339966 0.08244600147008896
vt 0.44807198643684387 0.9770569801330566
vt 0.4482850134372711 0.35001900792121887
vt 0.44831299781799316 0.2454269975423813
vt 0.4483579993247986 0.8019120097160339
vt 0.44865700602531433 0.09881400316953659
vt 0.44874900579452515 0.31436899304389954
vt 0.44911399483680725 0.9467669725418091
vt 0.44967201352119446 0.19635799527168274
vt 0.4504129886627197 0.27199700474739075
vt 0.4505409896373749 0.8809890151023865
vt 0.4508039951324463 0.08976300060749054
vt 0.4509049952030182 0.28516098856925964
vt 0.4519830048084259 0.25686100125312805
vt 0.45244300365448 0.060492999851703644
vt 0.4530099928379059 0.8328490257263184
vt 0.4530549943447113 0.40984201431274414
vt 0.453482985496521 0.9242280125617981
vt 0.45422399044036865 0.02127999998629093
vt 0.4546000063419342 0.4021250009536743
vt 0.4551970064640045 0.8519009947776794
vt 0.4551970064640045 0.9733629822731018
vt 0.4567590057849884 0.5821800231933594
vt 0.45676401257514954 0.7804160118103027
vt 0.4571950137615204 0.7260029911994934
vt 0.4572660028934479 0.8496969938278198
vt 0.4572660028934479 0.9660770297050476
vt 0.45763400197029114 0.9350209832191467
vt 0.4577989876270294 0.5757650136947632
vt 0.4579460024833679 0.8689060211181641
vt 0.4580549895763397 0.8039820194244385
vt 0.4583379924297333 0.9000020027160645
vt 0.45949599146842957 0.7307829856872559
vt 0.4601219892501831 0.2299479991197586
vt 0.4610080122947693 0.9686059951782227
vt 0.4619700014591217 0.3164609968662262
vt 0.46217501163482666 0.20259499549865723
vt 0.4630489945411682 0.05565200001001358
vt 0.4639810025691986 0.8342249989509583
vt 0.4643869996070862 0.4294640123844147
vt 0.46493300795555115 0.3237690031528473
vt 0.4650079905986786 0.3755910098552704
vt 0.4652320146560669 0.9837509989738464
vt 0.46528899669647217 0.7776690125465393
vt 0.4654169976711273 0.38964301347732544
vt 0.4655289947986603 0.3568049967288971
vt 0.4657759964466095 0.5662549734115601
vt 0.4659700095653534 0.5444899797439575
vt 0.4664449989795685 0.43820101022720337
vt 0.4665760099887848 0.8525429964065552
vt 0.4669390022754669 0.528033971786499
vt 0.4670400023460388 0.9665369987487793
vt 0.46775200963020325 0.936601996421814
vt 0.4679020047187805 0.0409029982984066
vt 0.46818700432777405 0.9092000126838684
vt 0.4682930111885071 0.8750280141830444
vt 0.4682930111885071 0.9686059951782227
vt 0.4684230089187622 0.841277003288269
vt 0.46846699714660645 0.09098800271749496
vt 0.46863800287246704 0.27557700872421265
vt 0.469184011220932 0.7082380056381226
vt 0.4692530035972595 0.1958480030298233
vt 0.46953898668289185 0.5524709820747375
vt 0.4695659875869751 0.7908310294151306
vt 0.4696510136127472 0.8029220104217529
vt 0.46995899081230164 0.2567160129547119
vt 0.4699699878692627 0.2698439955711365
vt 0.47036200761795044 0.8496969938278198
vt 0.47036200761795044 0.9667180180549622
vt 0.47036200761795044 0.9703710079193115
vt 0.47036200761795044 0.9882559776306152
vt 0.47056201100349426 0.10207600146532059
vt 0.47070199251174927 0.9322109818458557
vt 0.4708159863948822 0.8927609920501709
vt 0.4710629880428314 0.5254020094871521
vt 0.47120699286460876 0.6111940145492554
vt 0.47160300612449646 0.0786919966340065
vt 0.47220098972320557 0.24497200548648834
vt 0.4731130003929138 0.4053780138492584
vt 0.4738920032978058 0.5862860083580017
vt 0.47496500611305237 0.6841300129890442
vt 0.47510600090026855 0.6006730198860168
vt 0.47593098878860474 0.9772070050239563
vt 0.47602900862693787 0.7946550250053406
vt 0.47653600573539734 0.9095119833946228
vt 0.4768710136413574 0.6914950013160706
vt 0.47773900628089905 0.8040469884872437
vt 0.4779840111732483 0.6308860182762146
vt 0.4785279929637909 0.19789700210094452
vt 0.4795660078525543 0.8074039816856384
vt 0.47989699244499207 0.4367449879646301
vt 0.48012199997901917 0.8852260112762451
vt 0.48029398918151855 0.6747699975967407
vt 0.48059898614883423 0.9482799768447876
vt 0.48080700635910034 0.9683030247688293
vt 0.4810439944267273 0.8524659872055054
vt 0.4820300042629242 0.2115979939699173
vt 0.4824950098991394 0.31978100538253784
vt 0.48283201456069946 0.34542399644851685
vt 0.48308101296424866 0.6326689720153809
vt 0.48311299085617065 0.9381939768791199
vt 0.48311299085617065 0.9685450196266174
vt 0.48311299085617065 0.9796630144119263
vt 0.4840100109577179 0.3865950107574463
vt 0.4847779870033264 0.35763901472091675
vt 0.48482999205589294 0.5294740200042725
vt 0.48486000299453735 0.9546120166778564
vt 0.48497000336647034 0.031713999807834625
vt 0.48513099551200867 0.4453440010547638
vt 0.4852530062198639 0.37602201104164124
vt 0.4855160117149353 0.9079679846763611
vt 0.485834002494812 0.2888000011444092
vt 0.4858579933643341 0.21813499927520752
vt 0.48590999841690063 0.4326460063457489
vt 0.48594701290130615 0.8786770105361938
vt 0.4860549867153168 0.5542089939117432
vt 0.4873790144920349 0.07859600335359573
vt 0.4875899851322174 0.24477900564670563
vt 0.4876140058040619 0.27480998635292053
vt 0.4878090023994446 0.08887899667024612
vt 0.48784101009368896 0.667934000492096
vt 0.4878630042076111 0.1256590038537979
vt 0.48820701241493225 0.9721220135688782
vt 0.48820701241493225 0.9865120053291321
vt 0.4883889853954315 0.5411790013313293
vt 0.4884290099143982 0.1993349939584732
vt 0.48850899934768677 0.09802500158548355
vt 0.48869699239730835 0.8950949907302856
vt 0.48878300189971924 0.8496969938278198
vt 0.4896019995212555 0.5684059858322144
vt 0.48972800374031067 0.0634400025010109
vt 0.490325003862381 0.9796029925346375
vt 0.4904710054397583 0.25631600618362427
vt 0.49174800515174866 0.7074260115623474
vt 0.4924890100955963 0.7334629893302917
vt 0.4928779900074005 0.6259639859199524
vt 0.49290400743484497 0.4013330042362213
vt 0.49313199520111084 0.6929159760475159
vt 0.4932439923286438 0.9345750212669373
vt 0.49406498670578003 0.646731972694397
vt 0.4943099915981293 0.7373039722442627
vt 0.49462899565696716 0.9456740021705627
vt 0.49462899565696716 0.9700530171394348
vt 0.49462899565696716 0.9721220135688782
vt 0.49462899565696716 0.9843050241470337
vt 0.4946889877319336 0.8476290106773376
vt 0.49469301104545593 0.6787199974060059
vt 0.4949600100517273 0.8539180159568787
vt 0.495074987411499 0.7232210040092468
vt 0.49539801478385925 0.8519089818000793
vt 0.4962080121040344 0.7542290091514587
vt 0.496302992105484 0.7810009717941284
vt 0.4966979920864105 0.9456740021705627
vt 0.4966979920864105 0.9929260015487671
vt 0.4968610107898712 0.6892160177230835
vt 0.4968790113925934 0.8604140281677246
vt 0.4968790113925934 0.9436050057411194
vt 0.49700498580932617 0.42416098713874817
vt 0.49772799015045166 0.20507800579071045
vt 0.4980829954147339 0.8090159893035889
vt 0.49841800332069397 0.7886009812355042
vt 0.4985179901123047 0.8323869705200195
vt 0.49884700775146484 0.6347370147705078
vt 0.49897301197052 0.6097620129585266
vt 0.4997499883174896 0.6008210182189941
vt 0.5001869797706604 0.9705110192298889
vt 0.5005930066108704 0.6694769859313965
vt 0.5005930066108704 0.8447610139846802
vt 0.5006729960441589 0.5793520212173462
vt 0.5016899704933167 0.04946700111031532
vt 0.5019109845161438 0.22963100671768188
vt 0.5026620030403137 0.6701509952545166
vt 0.5026620030403137 0.8453829884529114
vt 0.5026620030403137 0.8705959916114807
vt 0.5026620030403137 0.9763669967651367
vt 0.5027120113372803 0.80690598487854
vt 0.5027769804000854 0.9440339803695679
vt 0.50313401222229 0.8491389751434326
vt 0.5036739706993103 0.9586099982261658
vt 0.5041999816894531 0.6347370147705078
vt 0.5043060183525085 0.41474398970603943
vt 0.5049610137939453 0.770753026008606
vt 0.5052340030670166 0.7882350087165833
vt 0.5053240060806274 0.39879998564720154
vt 0.5062199831008911 0.4190109968185425
vt 0.5065479874610901 0.6824480295181274
vt 0.5067819952964783 0.8134920001029968
vt 0.5074660181999207 0.7424389719963074
vt 0.5078139901161194 0.7182480096817017
vt 0.5085899829864502 0.6946160197257996
vt 0.5087710022926331 0.847000002861023
vt 0.5091540217399597 0.36805400252342224
vt 0.5092639923095703 0.5586130023002625
vt 0.5099480152130127 0.3181520104408264
vt 0.5104929804801941 0.35339000821113586
vt 0.5107889771461487 0.8610429763793945
vt 0.5109339952468872 0.7235069870948792
vt 0.5115200281143188 0.430961012840271
vt 0.5118510127067566 0.0010339999571442604
vt 0.511883020401001 0.3820919990539551
vt 0.5119600296020508 0.943884015083313
vt 0.5120220184326172 0.021731000393629074
vt 0.5122029781341553 0.6460540294647217
vt 0.5123509764671326 0.5415779948234558
vt 0.5123779773712158 0.46244698762893677
vt 0.5124480128288269 0.8490689992904663
vt 0.5126569867134094 0.6676220297813416
vt 0.5128830075263977 0.9867990016937256
vt 0.5129629969596863 0.569819986820221
vt 0.5130509734153748 0.5312680006027222
vt 0.5131250023841858 0.9652490019798279
vt 0.5141599774360657 0.06581500172615051
vt 0.5146700143814087 0.9533550143241882
vt 0.5147209763526917 0.7754769921302795
vt 0.514801025390625 0.3134770095348358
vt 0.5150079727172852 0.2003459930419922
vt 0.5154510140419006 0.2778399884700775
vt 0.515637993812561 0.5501989722251892
vt 0.5158810019493103 0.08326400071382523
vt 0.5160719752311707 0.2690800130367279
vt 0.5160769820213318 0.24707700312137604
vt 0.5167379975318909 0.8493059873580933
vt 0.5167379975318909 0.9642829895019531
vt 0.5170220136642456 0.4759489893913269
vt 0.5175870060920715 0.9558240175247192
vt 0.517628014087677 0.5869550108909607
vt 0.5179709792137146 0.20668600499629974
vt 0.5181909799575806 0.11882700026035309
vt 0.5185109972953796 0.09588299691677094
vt 0.5201190114021301 0.6754540205001831
vt 0.5203830003738403 0.046601999551057816
vt 0.5221850275993347 0.006947999820113182
vt 0.5226659774780273 0.8116459846496582
vt 0.5227140188217163 0.7980470061302185
vt 0.5238140225410461 0.6992310285568237
vt 0.524387001991272 0.9847869873046875
vt 0.5245260000228882 0.6659420132637024
vt 0.5256360173225403 0.8490689992904663
vt 0.5256839990615845 0.9466069936752319
vt 0.526298999786377 0.21678699553012848
vt 0.5263950228691101 0.36325201392173767
vt 0.5267509818077087 0.691474974155426
vt 0.5267760157585144 0.9629989862442017
vt 0.5268419981002808 0.529636025428772
vt 0.5273410081863403 0.31885701417922974
vt 0.5278270244598389 0.684332013130188
vt 0.528876006603241 0.9556260108947754
vt 0.5290989875793457 0.4317449927330017
vt 0.5297359824180603 0.35172900557518005
vt 0.5301790237426758 0.39327600598335266
vt 0.5303210020065308 0.8059989809989929
vt 0.5305449962615967 0.3787890076637268
vt 0.5309450030326843 0.8934720158576965
vt 0.5309450030326843 0.9149240255355835
vt 0.5309450030326843 0.9806879758834839
vt 0.5309799909591675 0.5598310232162476
vt 0.5311229825019836 0.7475169897079468
vt 0.5311970114707947 0.5304110050201416
vt 0.5314729809761047 0.24459899961948395
vt 0.5319700241088867 0.10264299809932709
vt 0.5324919819831848 0.5416020154953003
vt 0.532535970211029 0.19767999649047852
vt 0.5325639843940735 0.28747498989105225
vt 0.5327039957046509 0.4342750012874603
vt 0.5329509973526001 0.9371370077133179
vt 0.5332850217819214 0.9251520037651062
vt 0.5334460139274597 0.08316799998283386
vt 0.5339930057525635 0.314393013715744
vt 0.5340039730072021 0.21097800135612488
vt 0.5342199802398682 0.7792090177536011
vt 0.5345709919929504 0.2625569999217987
vt 0.5346800088882446 0.5258089900016785
vt 0.5351120233535767 0.9149510264396667
vt 0.5353220105171204 0.0666700005531311
vt 0.5355129837989807 0.8403220176696777
vt 0.5355439782142639 0.2771649956703186
vt 0.5356789827346802 0.7079929709434509
vt 0.5365989804267883 0.5446839928627014
vt 0.5379220247268677 0.5723260045051575
vt 0.5379449725151062 0.9272210001945496
vt 0.5380129814147949 0.8718940019607544
vt 0.538366973400116 0.4226900041103363
vt 0.5384060144424438 0.9404169917106628
vt 0.5384060144424438 0.982079029083252
vt 0.5389770269393921 0.7779520153999329
vt 0.539493978023529 0.3974379897117615
vt 0.5404750108718872 0.9448400139808655
vt 0.5404750108718872 0.9638879895210266
vt 0.5405279994010925 0.20603500306606293
vt 0.5408499836921692 0.9719820022583008
vt 0.5408920049667358 0.8003979921340942
vt 0.5412290096282959 0.05393899977207184
vt 0.5416719913482666 0.8490689992904663
vt 0.5421910285949707 0.5766850113868713
vt 0.5421990156173706 0.9272210001945496
vt 0.5436540246009827 0.40270501375198364
vt 0.543707013130188 0.8984100222587585
vt 0.5437639951705933 0.6235479712486267
vt 0.5441979765892029 0.726606011390686
vt 0.5442630052566528 0.9247000217437744
vt 0.5445500016212463 0.96595698595047
vt 0.5445500016212463 0.9815109968185425
vt 0.5447009801864624 0.8497719764709473
vt 0.5449169874191284 0.03140600025653839
vt 0.5451509952545166 0.8284119963645935
vt 0.5456860065460205 0.6088579893112183
vt 0.546239972114563 0.511273980140686
vt 0.5466189980506897 0.96595698595047
vt 0.5466189980506897 0.9906740188598633
vt 0.5470089912414551 0.5399450063705444
vt 0.5471799969673157 0.022410999983549118
vt 0.5475729703903198 0.37538400292396545
vt 0.5476139783859253 0.39427098631858826
vt 0.5476430058479309 0.4331029951572418
vt 0.5480970144271851 0.3521299958229065
vt 0.548255980014801 0.8704000115394592
vt 0.5484989881515503 0.5994570255279541
vt 0.5493050217628479 0.34341299533843994
vt 0.549465000629425 0.5396010279655457
vt 0.5499269962310791 0.5069630146026611
vt 0.5499500036239624 0.9445520043373108
vt 0.5502449870109558 0.3614700138568878
vt 0.5506160259246826 0.20002500712871552
vt 0.5507699847221375 0.31852298974990845
vt 0.5509049892425537 0.4312080144882202
vt 0.5510110259056091 0.5585950016975403
vt 0.5510240197181702 0.5673480033874512
vt 0.5513010025024414 0.9601579904556274
vt 0.5513010025024414 0.9694920182228088
vt 0.5515289902687073 0.08998599648475647
vt 0.5515559911727905 0.23298999667167664
vt 0.5515769720077515 0.48313799500465393
vt 0.5531709790229797 0.8986309766769409
vt 0.5533570051193237 0.533374011516571
vt 0.5535950064659119 0.5529940128326416
vt 0.5536320209503174 0.806551992893219
vt 0.5539609789848328 0.25764599442481995
vt 0.5541110038757324 0.30928900837898254
vt 0.5542370080947876 0.19616800546646118
vt 0.5545459985733032 0.07343100011348724
vt 0.5546939969062805 0.1397400051355362
vt 0.5547009706497192 0.10439000278711319
vt 0.5547909736633301 0.27111300826072693
vt 0.5556380152702332 0.09802000224590302
vt 0.5560510158538818 0.8509650230407715
vt 0.5560510158538818 0.9765009880065918
vt 0.5563049912452698 0.9577779769897461
vt 0.5563139915466309 0.371425986289978
vt 0.5576210021972656 0.39804500341415405
vt 0.5576949715614319 0.8357070088386536
vt 0.5581049919128418 0.9248420000076294
vt 0.5581210255622864 0.4865260124206543
vt 0.5582219958305359 0.7538779973983765
vt 0.5585470199584961 0.04656299948692322
vt 0.5594320297241211 0.16591200232505798
vt 0.5596290230751038 0.6315010190010071
vt 0.5602539777755737 0.2823239862918854
vt 0.5619369745254517 0.5842949748039246
vt 0.5620689988136292 0.7964940071105957
vt 0.5623279809951782 0.34407898783683777
vt 0.5625330209732056 0.25747600197792053
vt 0.5628849864006042 0.9010170102119446
vt 0.5629519820213318 0.21713000535964966
vt 0.5632060170173645 0.5685080289840698
vt 0.5632389783859253 0.8237389922142029
vt 0.564661979675293 0.8490689992904663
vt 0.5647879838943481 0.9851909875869751
vt 0.5651929974555969 0.7692139744758606
vt 0.5658450126647949 0.31319499015808105
vt 0.5659220218658447 0.1489569991827011
vt 0.5660759806632996 0.9708769917488098
vt 0.5669789910316467 0.9512490034103394
vt 0.5671060085296631 0.09464599937200546
vt 0.5673620104789734 0.08589400351047516
vt 0.567376971244812 0.9574000239372253
vt 0.5674899816513062 0.20167399942874908
vt 0.569350004196167 0.43112900853157043
vt 0.569445013999939 0.8777589797973633
vt 0.569445013999939 0.9223380088806152
vt 0.5694990158081055 0.9302930235862732
vt 0.5708730220794678 0.8579019904136658
vt 0.571835994720459 0.914438009262085
vt 0.5720890164375305 0.9248340129852295
vt 0.5720890164375305 0.9327380061149597
vt 0.573885977268219 0.41279101371765137
vt 0.5741569995880127 0.9248340129852295
vt 0.5741569995880127 0.9746490120887756
vt 0.574167013168335 0.9227650165557861
vt 0.5742490291595459 0.3189670145511627
vt 0.5742499828338623 0.8589310050010681
vt 0.5775399804115295 0.3164609968662262
vt 0.5778130292892456 0.8490689992904663
vt 0.5778390169143677 0.43764299154281616
vt 0.5781880021095276 0.391853004693985
vt 0.578361988067627 0.7900090217590332
vt 0.578669011592865 0.5585129857063293
vt 0.5793349742889404 0.7981520295143127
vt 0.5793769955635071 0.4303080141544342
vt 0.5797880291938782 0.41278499364852905
vt 0.5801799893379211 0.19914300739765167
vt 0.5802469849586487 0.11545100063085556
vt 0.5805249810218811 0.9024389982223511
vt 0.5811470150947571 0.874692976474762
vt 0.5812069773674011 0.5407750010490417
vt 0.5812609791755676 0.046553000807762146
vt 0.5813779830932617 0.21819500625133514
vt 0.581682026386261 0.2642129957675934
vt 0.581745982170105 0.9692339897155762
vt 0.5823900103569031 0.5855690240859985
vt 0.5825480222702026 0.9275389909744263
vt 0.5827010273933411 0.3137289881706238
vt 0.583204984664917 0.0898749977350235
vt 0.5839719772338867 0.42141199111938477
vt 0.5846160054206848 0.930010974407196
vt 0.5855100154876709 0.8509550094604492
vt 0.5862849950790405 0.0021510000806301832
vt 0.5864400267601013 0.9707350134849548
vt 0.5864660143852234 0.6064090132713318
vt 0.5866069793701172 0.02317800000309944
vt 0.5879759788513184 0.20878100395202637
vt 0.5880749821662903 0.8793100118637085
vt 0.5888569951057434 0.598022997379303
vt 0.5894269943237305 0.6279969811439514
vt 0.5895749926567078 0.0233559999614954
vt 0.5904070138931274 0.031617000699043274
vt 0.590408980846405 0.8739039897918701
vt 0.5908219814300537 0.8294150233268738
vt 0.5923560261726379 0.8237910270690918
vt 0.5923560261726379 0.8810449838638306
vt 0.5923560261726379 0.9248340129852295
vt 0.5923560261726379 0.9798539876937866
vt 0.5944250226020813 0.6347370147705078
vt 0.5944250226020813 0.6600499749183655
vt 0.5945410132408142 0.6621189713478088
vt 0.5945410132408142 0.6735820174217224
vt 0.5945410132408142 0.6810439825057983
vt 0.5945410132408142 0.6842250227928162
vt 0.5946230292320251 0.010421999730169773
vt 0.5961419939994812 0.6756510138511658
vt 0.5965319871902466 0.6823760271072388
vt 0.5965669751167297 0.6215749979019165
vt 0.5966010093688965 0.640404999256134
vt 0.5966010093688965 0.6723589897155762
vt 0.5966320037841797 0.629796028137207
vt 0.5983849763870239 0.0010339999571442604
vt 0.598701000213623 0.4413760006427765
vt 0.598701000213623 0.5337370038032532
vt 0.598701000213623 0.7284449934959412
vt 0.598701000213623 0.8642429709434509
vt 0.598701000213623 0.939516007900238
vt 0.598701000213623 0.9672390222549438
vt 0.598701000213623 0.9874399900436401
vt 0.5989090204238892 0.4456599950790405
vt 0.5993769764900208 0.7515249848365784
vt 0.5997409820556641 0.8538749814033508
vt 0.6001129746437073 0.7729399800300598
vt 0.600417971611023 0.8816859722137451
vt 0.6004539728164673 0.12995000183582306
vt 0.6004539728164673 0.2246599942445755
vt 0.6004539728164673 0.29733699560165405
vt 0.6004539728164673 0.31266000866889954
vt 0.6010289788246155 0.8494669795036316
vt 0.601768970489502 0.13413399457931519
vt 0.602154016494751 0.4329949915409088
vt 0.6021749973297119 0.004647000227123499
vt 0.6023820042610168 0.4819760024547577
vt 0.6024829745292664 0.7282540202140808
vt 0.6025050282478333 0.5336139798164368
vt 0.6026120185852051 0.6027950048446655
vt 0.6027340292930603 0.6814820170402527
vt 0.6028519868850708 0.5306310057640076
vt 0.6029139757156372 0.2387309968471527
vt 0.603210985660553 0.29460400342941284
vt 0.6035140156745911 0.318464994430542
vt 0.6035720109939575 0.7806320190429688
vt 0.6038699746131897 0.7331129908561707
vt 0.6039050221443176 0.04956899955868721
vt 0.6042569875717163 0.9818249940872192
vt 0.604407012462616 0.4421370029449463
vt 0.6049320101737976 0.4329949915409088
vt 0.6049619913101196 0.45100900530815125
vt 0.6049829721450806 0.005030000116676092
vt 0.6051470041275024 0.7688230276107788
vt 0.6056169867515564 0.1313609927892685
vt 0.6057620048522949 0.16968299448490143
vt 0.6062899827957153 0.12069100141525269
vt 0.6063259840011597 0.9672390222549438
vt 0.6063259840011597 0.9843530058860779
vt 0.6064119935035706 0.31669801473617554
vt 0.6065549850463867 0.8796799778938293
vt 0.6068860292434692 0.13853999972343445
vt 0.6078479886054993 0.7374380230903625
vt 0.6081429719924927 0.08997800201177597
vt 0.6085270047187805 0.8664659857749939
vt 0.6085270047187805 0.9651700258255005
vt 0.6098049879074097 0.6982920169830322
vt 0.6098909974098206 0.5425559878349304
vt 0.6099269986152649 0.7504780292510986
vt 0.6101269721984863 0.6029999852180481
vt 0.6101809740066528 0.5706089735031128
vt 0.6102709770202637 0.16970500349998474
vt 0.6103240251541138 0.7213050127029419
vt 0.6105219721794128 0.5155519843101501
vt 0.6105960011482239 0.897803008556366
vt 0.6105960011482239 0.9537379741668701
vt 0.6108559966087341 0.663670003414154
vt 0.6117960214614868 0.19030900299549103
vt 0.6121649742126465 0.9479389786720276
vt 0.6127229928970337 0.5405840277671814
vt 0.612883985042572 0.9778680205345154
vt 0.6129770278930664 0.8716909885406494
vt 0.6130220293998718 0.2985750138759613
vt 0.6132990121841431 0.9074079990386963
vt 0.613647997379303 0.9500070214271545
vt 0.613647997379303 0.9637680053710938
vt 0.6140050292015076 0.21470800042152405
vt 0.6149179935455322 0.5285620093345642
vt 0.615090012550354 0.3104130029678345
vt 0.6155350208282471 0.29733699560165405
vt 0.6155650019645691 0.6891949772834778
vt 0.6159150004386902 0.9500070214271545
vt 0.6159150004386902 0.9813560247421265
vt 0.6185410022735596 0.7551400065422058
vt 0.6189280152320862 0.8155320286750793
vt 0.6192950010299683 0.2126390039920807
vt 0.619642972946167 0.7673979997634888
vt 0.6204910278320312 0.5080289840698242
vt 0.621059000492096 0.7734479904174805
vt 0.621399998664856 0.03914999961853027
vt 0.6221160292625427 0.24640999734401703
vt 0.6222230195999146 0.9437339901924133
vt 0.6222249865531921 0.8664659857749939
vt 0.6228560209274292 0.36555901169776917
vt 0.6228709816932678 0.8861119747161865
vt 0.6228709816932678 0.9103279709815979
vt 0.6228709816932678 0.9715380072593689
vt 0.6233130097389221 0.3168030083179474
vt 0.6234620213508606 0.4819670021533966
vt 0.6237850189208984 0.4524329900741577
vt 0.6238139867782593 0.7893679738044739
vt 0.6240620017051697 0.0036239998880773783
vt 0.624770998954773 0.1064009964466095
vt 0.6248289942741394 0.29733699560165405
vt 0.6249399781227112 0.9081220030784607
vt 0.6249399781227112 0.9601839780807495
vt 0.6249399781227112 0.979977011680603
vt 0.6249970197677612 0.8664659857749939
vt 0.625033974647522 0.19787399470806122
vt 0.6251199841499329 0.12114699929952621
vt 0.6256539821624756 0.3127720057964325
vt 0.6258760094642639 0.853613018989563
vt 0.6263629794120789 0.22690699994564056
vt 0.6263629794120789 0.2952679991722107
vt 0.6267039775848389 0.13720299303531647
vt 0.6267960071563721 0.433898001909256
vt 0.6268370151519775 0.8483790159225464
vt 0.6269220113754272 0.8000479936599731
vt 0.627206027507782 0.07983099669218063
vt 0.6278470158576965 0.15861299633979797
vt 0.6283069849014282 0.04396200180053711
vt 0.6284319758415222 0.23894399404525757
vt 0.6284319758415222 0.2788339853286743
vt 0.6284319758415222 0.29496800899505615
vt 0.6284319758415222 0.3091509938240051
vt 0.6288639903068542 0.7247499823570251
vt 0.6288679838180542 0.16789700090885162
vt 0.6292290091514587 0.47995299100875854
vt 0.6293399930000305 0.972353994846344
vt 0.6293399930000305 0.9880520105361938
vt 0.6295080184936523 0.2928990125656128
vt 0.6298549771308899 0.2515699863433838
vt 0.6298969984054565 0.31400400400161743
vt 0.6299409866333008 0.8291940093040466
vt 0.6307169795036316 0.8489710092544556
vt 0.6307330131530762 0.29772499203681946
vt 0.6307910084724426 0.35930898785591125
vt 0.6307979822158813 0.8324970006942749
vt 0.6309120059013367 0.3164609968662262
vt 0.6317650079727173 0.5396159887313843
vt 0.6333150267601013 0.1031780019402504
vt 0.6339399814605713 0.9702849984169006
vt 0.6340870261192322 0.16496199369430542
vt 0.6341180205345154 0.9195849895477295
vt 0.6341999769210815 0.4204860031604767
vt 0.6342769861221313 0.22550800442695618
vt 0.634814977645874 0.3335709869861603
vt 0.6352459788322449 0.8281149864196777
vt 0.6354089975357056 0.14203999936580658
vt 0.6356710195541382 0.009464000351727009
vt 0.6360340118408203 0.4476490020751953
vt 0.6361870169639587 0.9275439977645874
vt 0.6361870169639587 0.9534450173377991
vt 0.6361870169639587 0.9731379747390747
vt 0.6365190148353577 0.08302900195121765
vt 0.636713981628418 0.27776798605918884
vt 0.6368680000305176 0.9025300145149231
vt 0.6371200084686279 0.8030059933662415
vt 0.6376680135726929 0.9494019746780396
vt 0.6379349827766418 0.8668799996376038
vt 0.638297975063324 0.2993229925632477
vt 0.6386809945106506 0.30692800879478455
vt 0.6394680142402649 0.21470800042152405
vt 0.640749990940094 0.29496800899505615
vt 0.640749990940094 0.3143619894981384
vt 0.6412280201911926 0.1178319975733757
vt 0.6419309973716736 0.8636999726295471
vt 0.6434289813041687 0.24179600179195404
vt 0.64375901222229 0.7956960201263428
vt 0.6441640257835388 0.41753101348876953
vt 0.6446290016174316 0.9661200046539307
vt 0.6448259949684143 0.7228500247001648
vt 0.6453819870948792 0.9117259979248047
vt 0.6456249952316284 0.9513760209083557
vt 0.6456819772720337 0.8071110248565674
vt 0.6466969847679138 0.9568290114402771
vt 0.6467210054397583 0.38961800932884216
vt 0.646826982498169 0.8996390104293823
vt 0.6478009819984436 0.8664659857749939
vt 0.6478009819984436 0.9294869899749756
vt 0.6481530070304871 0.2209939956665039
vt 0.6484050154685974 0.9813060164451599
vt 0.6489279866218567 0.45238301157951355
vt 0.64901202917099 0.3308050036430359
vt 0.649869978427887 0.8664659857749939
vt 0.649869978427887 0.9398660063743591
vt 0.6499670147895813 0.3037309944629669
vt 0.6506569981575012 0.9134320020675659
vt 0.6511139869689941 0.7971010208129883
vt 0.6519330143928528 0.011617000214755535
vt 0.6520349979400635 0.298801988363266
vt 0.6520349979400635 0.3143619894981384
vt 0.6521859765052795 0.85248202085495
vt 0.6522430181503296 0.9534450173377991
vt 0.6522430181503296 0.958981990814209
vt 0.6522529721260071 0.24661700427532196
vt 0.6526510119438171 0.10634499788284302
vt 0.6543170213699341 0.8003609776496887
vt 0.654679000377655 0.3205919861793518
vt 0.6548190116882324 0.2498839944601059
vt 0.6548830270767212 0.9506109952926636
vt 0.6548830270767212 0.9799299836158752
vt 0.6551380157470703 0.4618920087814331
vt 0.6563670039176941 0.13833199441432953
vt 0.6568880081176758 0.2148739993572235
vt 0.6568880081176758 0.27993398904800415
vt 0.6583439707756042 0.2613050043582916
vt 0.6585310101509094 0.4324289858341217
vt 0.659421980381012 0.8679929971694946
vt 0.6597440242767334 0.9319589734077454
vt 0.6598870158195496 0.9485419988632202
vt 0.6599169969558716 0.002478000009432435
vt 0.6600810289382935 0.9178670048713684
vt 0.660116970539093 0.14365699887275696
vt 0.6613119840621948 0.9032149910926819
vt 0.6613119840621948 0.9599900245666504
vt 0.6621230244636536 0.13234199583530426
vt 0.6626539826393127 0.29525500535964966
vt 0.6633809804916382 0.8664659857749939
vt 0.6633809804916382 0.9177510142326355
vt 0.6633809804916382 0.9198200106620789
vt 0.6633809804916382 0.9543830156326294
vt 0.6633809804916382 0.9768670201301575
vt 0.6636459827423096 0.31210601329803467
vt 0.6637070178985596 0.7947480082511902
vt 0.6641749739646912 0.893887996673584
vt 0.6654509902000427 0.014650000259280205
vt 0.6657140254974365 0.3063269853591919
vt 0.6657140254974365 0.3143619894981384
vt 0.666700005531311 0.3190140128135681
vt 0.6675779819488525 0.5395650267601013
vt 0.6686239838600159 0.1643880009651184
vt 0.6705650091171265 0.959322988986969
vt 0.6707749962806702 0.7302380204200745
vt 0.6715729832649231 0.9437429904937744
vt 0.6721330285072327 0.8026760220527649
vt 0.6723830103874207 0.5314639806747437
vt 0.6725680232048035 0.476298987865448
vt 0.6726329922676086 0.9543830156326294
vt 0.6726329922676086 0.9760869741439819
vt 0.6730530261993408 0.7920100092887878
vt 0.6732990145683289 0.480756014585495
vt 0.6741930246353149 0.8832650184631348
vt 0.6743549704551697 0.8522220253944397
vt 0.6757450103759766 0.24807099997997284
vt 0.6758589744567871 0.3143109977245331
vt 0.6762830018997192 0.8948240280151367
vt 0.6768800020217896 0.45293301343917847
vt 0.6769440174102783 0.21470800042152405
vt 0.6774380207061768 0.2995139956474304
vt 0.6775190234184265 0.5333070158958435
vt 0.6778540015220642 0.2736870050430298
vt 0.6780310273170471 0.7247949838638306
vt 0.6781430244445801 0.2868439853191376
vt 0.6789979934692383 0.9212380051612854
vt 0.6789979934692383 0.952314019203186
vt 0.6798989772796631 0.9546700119972229
vt 0.6799229979515076 0.11635900288820267
vt 0.6810330152511597 0.2600719928741455
vt 0.6812049746513367 0.8078510165214539
vt 0.6812199950218201 0.24055999517440796
vt 0.6819689869880676 0.13635799288749695
vt 0.6823620200157166 0.9116320013999939
vt 0.6832889914512634 0.2170110046863556
vt 0.6832889914512634 0.2598850131034851
vt 0.6832889914512634 0.29201000928878784
vt 0.6833000183105469 0.30588001012802124
vt 0.6836640238761902 0.276324987411499
vt 0.6844310164451599 0.898347020149231
vt 0.6844310164451599 0.9774259924888611
vt 0.6851599812507629 0.8664659857749939
vt 0.6852930188179016 0.9472730159759521
vt 0.6857630014419556 0.9499229788780212
vt 0.6858720183372498 0.8788920044898987
vt 0.6862279772758484 0.4449689984321594
vt 0.6868360042572021 0.14529399573802948
vt 0.6875330209732056 0.12597399950027466
vt 0.6876729726791382 0.21470800042152405
vt 0.6877409815788269 0.22992099821567535
vt 0.6879180073738098 0.45573899149894714
vt 0.6885809898376465 0.3123280107975006
vt 0.6899489760398865 0.2788659930229187
vt 0.6904789805412292 0.8643969893455505
vt 0.6908929944038391 0.8482480049133301
vt 0.691881000995636 0.8131240010261536
vt 0.692218005657196 0.9537010192871094
vt 0.692218005657196 0.9799090027809143
vt 0.692300021648407 0.8026170134544373
vt 0.6923329830169678 0.8763960003852844
vt 0.6930739879608154 0.13761499524116516
vt 0.6942870020866394 0.9499229788780212
vt 0.6942870020866394 0.9839500188827515
vt 0.6948050260543823 0.911279022693634
vt 0.6952869892120361 0.2899410128593445
vt 0.6954450011253357 0.8524410128593445
vt 0.6956760287284851 0.8886849880218506
vt 0.6956760287284851 0.9478539824485779
vt 0.6956940293312073 0.793097972869873
vt 0.6958690285682678 0.44939300417900085
vt 0.6961569786071777 0.45337098836898804
vt 0.696241021156311 0.8045799732208252
vt 0.6966710090637207 0.26090100407600403
vt 0.6977570056915283 0.31666600704193115
vt 0.6981859803199768 0.8484159708023071
vt 0.6986110210418701 0.7973700165748596
vt 0.6986560225486755 0.14452899992465973
vt 0.7009590268135071 0.9669089913368225
vt 0.7010779976844788 0.8664659857749939
vt 0.7010779976844788 0.9426969885826111
vt 0.7012190222740173 0.3131060004234314
vt 0.7015630006790161 0.9224100112915039
vt 0.7017589807510376 0.284074991941452
vt 0.7019379734992981 0.9062299728393555
vt 0.7026429772377014 0.8099179863929749
vt 0.7035300135612488 0.7643479704856873
vt 0.7035819888114929 0.29201000928878784
vt 0.7037050127983093 0.9524800181388855
vt 0.7037050127983093 0.9751020073890686
vt 0.7041040062904358 0.9462080001831055
vt 0.7045080065727234 0.45899200439453125
vt 0.7053149938583374 0.732903003692627
vt 0.7056509852409363 0.29201000928878784
vt 0.7056509852409363 0.311491996049881
vt 0.7066439986228943 0.751816987991333
vt 0.7070199847221375 0.25928300619125366
vt 0.7071359753608704 0.4816559851169586
vt 0.7078790068626404 0.8481320142745972
vt 0.7080990076065063 0.2949239909648895
vt 0.7081459760665894 0.16219699382781982
vt 0.708204984664917 0.8001310229301453
vt 0.708279013633728 0.2559159994125366
vt 0.70831298828125 0.0015820000553503633
vt 0.7083309888839722 0.7542179822921753
vt 0.7084149718284607 0.010867999866604805
vt 0.7087249755859375 0.9113929867744446
vt 0.7088840007781982 0.9441390037536621
vt 0.7091829776763916 0.9252520203590393
vt 0.7097859978675842 0.8933129906654358
vt 0.7103469967842102 0.29903000593185425
vt 0.7103480100631714 0.24936600029468536
vt 0.7109659910202026 0.9741880297660828
vt 0.7113990187644958 0.8684419989585876
vt 0.7116270065307617 0.9485089778900146
vt 0.7116990089416504 0.7731369733810425
vt 0.7123140096664429 0.9019880294799805
vt 0.7124260067939758 0.24227899312973022
vt 0.7125920057296753 0.9214320182800293
vt 0.7125920057296753 0.9681680202484131
vt 0.7130470275878906 0.47742900252342224
vt 0.713994026184082 0.32886800169944763
vt 0.7144730091094971 0.4154439866542816
vt 0.7146610021591187 0.8864700198173523
vt 0.7146610021591187 0.9440749883651733
vt 0.7146610021591187 0.9690510034561157
vt 0.7147799730300903 0.7243899703025818
vt 0.7155699729919434 0.8668609857559204
vt 0.7156640291213989 0.9106690287590027
vt 0.7156739830970764 0.1494079977273941
vt 0.7159339785575867 0.5395910143852234
vt 0.716090977191925 0.7522379755973816
vt 0.716463029384613 0.21756300330162048
vt 0.7176129817962646 0.42915400862693787
vt 0.7179229855537415 0.7357839941978455
vt 0.7183359861373901 0.9461439847946167
vt 0.7184079885482788 0.1359499990940094
vt 0.7186319828033447 0.45423901081085205
vt 0.7220609784126282 0.24234099686145782
vt 0.7221480011940002 0.31960800290107727
vt 0.7221829891204834 0.7743639945983887
vt 0.7222179770469666 0.8481220006942749
vt 0.7226060032844543 0.9427549839019775
vt 0.722786009311676 0.7673299908638
vt 0.7239260077476501 0.8629680275917053
vt 0.7242230176925659 0.13885900378227234
vt 0.724370002746582 0.9559749960899353
vt 0.724370002746582 0.9736160039901733
vt 0.7247310280799866 0.9045789837837219
vt 0.7247970104217529 0.8664649724960327
vt 0.7251399755477905 0.4337669909000397
vt 0.7253879904747009 0.848471999168396
vt 0.7256240248680115 0.1163259968161583
vt 0.7256559729576111 0.7739220261573792
vt 0.7262009978294373 0.9157750010490417
vt 0.726252019405365 0.7464939951896667
vt 0.726252019405365 0.8527849912643433
vt 0.726252019405365 0.8911150097846985
vt 0.7276099920272827 0.21470800042152405
vt 0.727744996547699 0.02680700086057186
vt 0.7283210158348083 0.8116589784622192
vt 0.7283210158348083 0.8655719757080078
vt 0.7283419966697693 0.8607529997825623
vt 0.7284730076789856 0.907069981098175
vt 0.7289900183677673 0.9487500190734863
vt 0.7289940118789673 0.2904849946498871
vt 0.7289940118789673 0.31314900517463684
vt 0.7290099859237671 0.7393149733543396
vt 0.7294960021972656 0.22339199483394623
vt 0.7300289869308472 0.9916579723358154
vt 0.7310630083084106 0.2971239984035492
vt 0.7310630083084106 0.30001598596572876
vt 0.7310630083084106 0.31314900517463684
vt 0.7314789891242981 0.2465900033712387
vt 0.7317320108413696 0.2884159982204437
vt 0.7318860292434692 0.1000789999961853
vt 0.733951985836029 0.016561999917030334
vt 0.7348399758338928 0.008580000139772892
vt 0.7348690032958984 0.29171299934387207
vt 0.7348690032958984 0.2979469895362854
vt 0.7355610132217407 0.24234600365161896
vt 0.7355610132217407 0.27913498878479004
vt 0.73676997423172 0.9088370203971863
vt 0.7369740009307861 0.9426850080490112
vt 0.7371940016746521 0.4186500012874603
vt 0.7376300096511841 0.21470800042152405
vt 0.7376300096511841 0.28878098726272583
vt 0.7377640008926392 0.8647279739379883
vt 0.7377640008926392 0.9920920133590698
vt 0.7378910183906555 0.8626589775085449
vt 0.7383769750595093 0.13789699971675873
vt 0.7383930087089539 0.24488499760627747
vt 0.7386040091514587 0.7933290004730225
vt 0.738789975643158 0.7613779902458191
vt 0.7391020059585571 0.7357839941978455
vt 0.739296019077301 0.8242459893226624
vt 0.7395560145378113 0.46725699305534363
vt 0.7398319840431213 0.9342830181121826
vt 0.7398319840431213 0.9768919944763184
vt 0.740041971206665 0.9622780084609985
vt 0.7401949763298035 0.25725701451301575
vt 0.7404389977455139 0.8086709976196289
vt 0.7414590120315552 0.33340001106262207
vt 0.7423809766769409 0.861640989780426
vt 0.7430830001831055 0.7910779714584351
vt 0.7430880069732666 0.7657740116119385
vt 0.7433210015296936 0.2943139970302582
vt 0.7433270215988159 0.8742550015449524
vt 0.7433819770812988 0.7373939752578735
vt 0.743490993976593 0.8336549997329712
vt 0.7435100078582764 0.3117940127849579
vt 0.7437040209770203 0.7599989771842957
vt 0.7437530159950256 0.8293349742889404
vt 0.7438210248947144 0.7737579941749573
vt 0.7447980046272278 0.9729400277137756
vt 0.7447980046272278 0.9857069849967957
vt 0.7455790042877197 0.30089500546455383
vt 0.7456799745559692 0.327241986989975
vt 0.7460049986839294 0.8433120250701904
vt 0.7460830211639404 0.10254800319671631
vt 0.7472280263900757 0.14382299780845642
vt 0.7474089860916138 0.4553129971027374
vt 0.7481409907341003 0.023591000586748123
vt 0.74823397397995 0.87254399061203
vt 0.7484930157661438 0.0015950000379234552
vt 0.7491989731788635 0.9623330235481262
vt 0.7496050000190735 0.4066520035266876
vt 0.7505069971084595 0.055254001170396805
vt 0.7511820197105408 0.16350999474525452
vt 0.7512990236282349 0.44570299983024597
vt 0.7513030171394348 0.8647279739379883
vt 0.7513030171394348 0.9708709716796875
vt 0.751725971698761 0.13472099602222443
vt 0.7524769902229309 0.7879689931869507
vt 0.7525749802589417 0.3792499899864197
vt 0.7526429891586304 0.16933000087738037
vt 0.7533720135688782 0.8649100065231323
vt 0.7533720135688782 0.9341689944267273
vt 0.7533720135688782 0.9648860096931458
vt 0.7539610266685486 0.4180069863796234
vt 0.7539970278739929 0.5335119962692261
vt 0.7546790242195129 0.13732799887657166
vt 0.7549160122871399 0.8795139789581299
vt 0.7549970149993896 0.1162479966878891
vt 0.7551050186157227 0.9113619923591614
vt 0.7560809850692749 0.542140007019043
vt 0.756538987159729 0.4828299880027771
vt 0.7565469741821289 0.0010339999571442604
vt 0.7565950155258179 0.7215679883956909
vt 0.7568410038948059 0.9475859999656677
vt 0.7571849822998047 0.30001598596572876
vt 0.7571849822998047 0.3132050037384033
vt 0.7574959993362427 0.3190320134162903
vt 0.7584540247917175 0.35766300559043884
vt 0.7586939930915833 0.4771080017089844
vt 0.7590640187263489 0.23478899896144867
vt 0.7597010135650635 0.2550869882106781
vt 0.7598310112953186 0.48376598954200745
vt 0.7602490186691284 0.43615400791168213
vt 0.7604280114173889 0.2903429865837097
vt 0.7604349851608276 0.21948499977588654
vt 0.7610570192337036 0.9455180168151855
vt 0.7612829804420471 0.3164609968662262
vt 0.7625030279159546 0.2677539885044098
vt 0.7625030279159546 0.30414900183677673
vt 0.7631570100784302 0.2126390039920807
vt 0.763293981552124 0.26190799474716187
vt 0.7634660005569458 0.5070649981498718
vt 0.7635120153427124 0.9552580118179321
vt 0.7635120153427124 0.9730809926986694
vt 0.7636749744415283 0.4520590007305145
vt 0.764136016368866 0.539683997631073
vt 0.764851987361908 0.7723659873008728
vt 0.7657390236854553 0.3225730061531067
vt 0.7659220099449158 0.9206900000572205
vt 0.7660809755325317 0.9045119881629944
vt 0.7662000060081482 0.21196000277996063
vt 0.7662400007247925 0.831725001335144
vt 0.7668139934539795 0.8123559951782227
vt 0.7673540115356445 0.9409639835357666
vt 0.7681329846382141 0.19902899861335754
vt 0.7682740092277527 0.8647279739379883
vt 0.7691609859466553 0.5283070206642151
vt 0.770251989364624 0.39424699544906616
vt 0.770343005657196 0.8665509819984436
vt 0.770343005657196 0.9524670243263245
vt 0.770343005657196 0.9779040217399597
vt 0.7705870270729065 0.002068999921903014
vt 0.7713919878005981 0.29638299345970154
vt 0.7713919878005981 0.3135659992694855
vt 0.7715349793434143 0.9068629741668701
vt 0.7725419998168945 0.11663299798965454
vt 0.7728379964828491 0.7657290101051331
vt 0.7729120254516602 0.5262489914894104
vt 0.7730759978294373 0.9472640156745911
vt 0.7731299996376038 0.21844500303268433
vt 0.7731959819793701 0.8616589903831482
vt 0.7732329964637756 0.26913100481033325
vt 0.7734609842300415 0.29638299345970154
vt 0.7734609842300415 0.3122510015964508
vt 0.7735419869422913 0.29397499561309814
vt 0.7739130258560181 0.1346219927072525
vt 0.773980975151062 0.924718976020813
vt 0.775272011756897 0.16563600301742554
vt 0.7757160067558289 0.8041710257530212
vt 0.7767890095710754 0.9602339863777161
vt 0.7774419784545898 0.125109001994133
vt 0.7775149941444397 0.5043900012969971
vt 0.7785699963569641 0.781345009803772
vt 0.7786880135536194 0.6946039795875549
vt 0.7788580060005188 0.9565830230712891
vt 0.7794049978256226 0.1294099986553192
vt 0.7794740200042725 0.8723769783973694
vt 0.7796180248260498 0.7337149977684021
vt 0.7799260020256042 0.5679919719696045
vt 0.7800670266151428 0.45423001050949097
vt 0.78022301197052 0.24957400560379028
vt 0.7804039716720581 0.4740830063819885
vt 0.7806959748268127 0.5434920191764832
vt 0.7806990146636963 0.9709410071372986
vt 0.7811890244483948 0.24132800102233887
vt 0.7814260125160217 0.7266510128974915
vt 0.7814739942550659 0.0010339999571442604
vt 0.7814739942550659 0.21123099327087402
vt 0.781620979309082 0.7028669714927673
vt 0.7817310094833374 0.035750001668930054
vt 0.7817779779434204 0.5603870153427124
vt 0.7820829749107361 0.30055201053619385
vt 0.7821230292320251 0.4356360137462616
vt 0.7822819948196411 0.17331400513648987
vt 0.7825120091438293 0.83713299036026
vt 0.7826229929924011 0.9381769895553589
vt 0.7827860116958618 0.30590200424194336
vt 0.782804012298584 0.9052789807319641
vt 0.7828620076179504 0.4537639915943146
vt 0.7828779816627502 0.41032201051712036
vt 0.7832440137863159 0.4846169948577881
vt 0.7835220098495483 0.6348170042037964
vt 0.7836949825286865 0.5310630202293396
vt 0.783922016620636 0.3211840093135834
vt 0.7839509844779968 0.9503980278968811
vt 0.784026026725769 0.779787003993988
vt 0.7841320037841797 0.8647279739379883
vt 0.7841320037841797 0.9240059852600098
vt 0.7841989994049072 0.13693100214004517
vt 0.7842220067977905 0.18333299458026886
vt 0.7853890061378479 0.7817500233650208
vt 0.7854080200195312 0.10170599818229675
vt 0.785627007484436 0.791487991809845
vt 0.7860749959945679 0.048579998314380646
vt 0.7861809730529785 0.2943139970302582
vt 0.7861999869346619 0.8707039952278137
vt 0.7861999869346619 0.9498950242996216
vt 0.7862190008163452 0.9524670243263245
vt 0.7862190008163452 0.9746559858322144
vt 0.7864620089530945 0.2630560100078583
vt 0.7864620089530945 0.2845019996166229
vt 0.7865139842033386 0.4475100040435791
vt 0.7867500185966492 0.0617079995572567
vt 0.7869290113449097 0.08213400095701218
vt 0.7872539758682251 0.21481400728225708
vt 0.7872580289840698 0.9034770131111145
vt 0.7881659865379333 0.6983150243759155
vt 0.7884089946746826 0.5812389850616455
vt 0.7884119749069214 0.7884830236434937
vt 0.7885310053825378 0.24021799862384796
vt 0.7885310053825378 0.31394198536872864
vt 0.7888879776000977 0.3008970022201538
vt 0.7895669937133789 0.3182179927825928
vt 0.7896159887313843 0.833869993686676
vt 0.7897840142250061 0.9567850232124329
vt 0.7897840142250061 0.9737290143966675
vt 0.7897840142250061 0.9855819940567017
vt 0.7900220155715942 0.8105430006980896
vt 0.7900260090827942 0.7378169894218445
vt 0.7900390028953552 0.26523399353027344
vt 0.7902820110321045 0.7716159820556641
vt 0.7907220125198364 0.9716609716415405
vt 0.7909299731254578 0.5338090062141418
vt 0.7909939885139465 0.8284350037574768
vt 0.7913129925727844 0.6638420224189758
vt 0.791396975517273 0.302964985370636
vt 0.7914379835128784 0.7585579752922058
vt 0.7916349768638611 0.4911850094795227
vt 0.7916349768638611 0.5263620018959045
vt 0.7917580008506775 0.7313470244407654
vt 0.791815996170044 0.5144100189208984
vt 0.7926269769668579 0.3714919984340668
vt 0.7927929759025574 0.08863399922847748
vt 0.7931939959526062 0.8003979921340942
vt 0.7932419776916504 0.21844500303268433
vt 0.7932770252227783 0.3164609968662262
vt 0.7938269972801208 0.6946240067481995
vt 0.7938269972801208 0.7142080068588257
vt 0.7938269972801208 0.7326419949531555
vt 0.7942559719085693 0.7099170088768005
vt 0.7945470213890076 0.978531002998352
vt 0.7946100234985352 0.7786449790000916
vt 0.7946149706840515 0.47005701065063477
vt 0.7946749925613403 0.36103200912475586
vt 0.7946869730949402 0.7656199932098389
vt 0.7948709726333618 0.649245023727417
vt 0.7950569987297058 0.4161509871482849
vt 0.7953029870986938 0.3754279911518097
vt 0.795369029045105 0.35034599900245667
vt 0.7954630255699158 0.557466983795166
vt 0.7954750061035156 0.419499009847641
vt 0.7957940101623535 0.9041010141372681
vt 0.7959759831428528 0.9485099911689758
vt 0.7961270213127136 0.5971559882164001
vt 0.7961869835853577 0.4358449876308441
vt 0.7963269948959351 0.3900130093097687
vt 0.7965239882469177 0.31394198536872864
vt 0.7970719933509827 0.6802949905395508
vt 0.797577977180481 0.8251649737358093
vt 0.7977690100669861 0.882125973701477
vt 0.7979260087013245 0.0326710008084774
vt 0.7983490228652954 0.8647279739379883
vt 0.7985429763793945 0.9129059910774231
vt 0.7985429763793945 0.9519640207290649
vt 0.7985429763793945 0.9689310193061829
vt 0.7985919713973999 0.30419400334358215
vt 0.7985919713973999 0.31394198536872864
vt 0.7988539934158325 0.12617099285125732
vt 0.7988849878311157 0.4045119881629944
vt 0.7990819811820984 0.3864299952983856
vt 0.799356997013092 0.8079530000686646
vt 0.7994030117988586 0.564631998538971
vt 0.7997859716415405 0.5318430066108704
vt 0.8001499772071838 0.7260550260543823
vt 0.8002369999885559 0.7910799980163574
vt 0.8004599809646606 0.6610559821128845
vt 0.8006119728088379 0.9093819856643677
vt 0.8006119728088379 0.911450982093811
vt 0.8017629981040955 0.0449180006980896
vt 0.8017939925193787 0.8647279739379883
vt 0.8024340271949768 0.7199429869651794
vt 0.8024510145187378 0.9389389753341675
vt 0.8024510145187378 0.9761840105056763
vt 0.8025220036506653 0.6357690095901489
vt 0.8032569885253906 0.5853949785232544
vt 0.8033869862556458 0.16636399924755096
vt 0.8034600019454956 0.8371869921684265
vt 0.8038340210914612 0.5520830154418945
vt 0.8040090203285217 0.17699000239372253
vt 0.8045030236244202 0.7219420075416565
vt 0.8053629994392395 0.6007530093193054
vt 0.8054599761962891 0.056724000722169876
vt 0.8064870238304138 0.31161001324653625
vt 0.8069480061531067 0.927836000919342
vt 0.8075600266456604 0.34786298871040344
vt 0.8088579773902893 0.48729899525642395
vt 0.8089669942855835 0.9620559811592102
vt 0.8090540170669556 0.2618969976902008
vt 0.8101310133934021 0.2326360046863556
vt 0.8101310133934021 0.3003750145435333
vt 0.8104789853096008 0.17362800240516663
vt 0.8110359907150269 0.9426259994506836
vt 0.811191976070404 0.360835999250412
vt 0.8120229840278625 0.9636880159378052
vt 0.8121989965438843 0.2591629922389984
vt 0.8121989965438843 0.29608601331710815
vt 0.812736988067627 0.31097400188446045
vt 0.8128389716148376 0.5608000159263611
vt 0.813215970993042 0.37369200587272644
vt 0.8132380247116089 0.7142080068588257
vt 0.8132380247116089 0.7323819994926453
vt 0.8142240047454834 0.07839900255203247
vt 0.8144890069961548 0.20833100378513336
vt 0.8150680065155029 0.2868399918079376
vt 0.8153060078620911 0.7252900004386902
vt 0.8158100247383118 0.9389389753341675
vt 0.8158140182495117 0.7556459903717041
vt 0.8158249855041504 0.9825339913368225
vt 0.8162310123443604 0.441195011138916
vt 0.8162310123443604 0.8033149838447571
vt 0.8166689872741699 0.8844699859619141
vt 0.8167160153388977 0.20363199710845947
vt 0.8169530034065247 0.14431500434875488
vt 0.8169699907302856 0.7103750109672546
vt 0.8179579973220825 0.859233021736145
vt 0.8189020156860352 0.46468400955200195
vt 0.8191009759902954 0.7372210025787354
vt 0.8191990256309509 0.8626589775085449
vt 0.8195080161094666 0.7796409726142883
vt 0.8199779987335205 0.9278510212898254
vt 0.8204789757728577 0.24510300159454346
vt 0.8211749792098999 0.6652650237083435
vt 0.8213409781455994 0.9135969877243042
vt 0.8213409781455994 0.9368699789047241
vt 0.8213409781455994 0.9404150247573853
vt 0.8213409781455994 0.9692260026931763
vt 0.8213409781455994 0.9712949991226196
vt 0.8213409781455994 0.9873459935188293
vt 0.8214629888534546 0.2919279932975769
vt 0.8214629888534546 0.3137359917163849
vt 0.82225501537323 0.5928120017051697
vt 0.822297990322113 0.523701012134552
vt 0.8224170207977295 0.39197400212287903
vt 0.8224470019340515 0.26054999232292175
vt 0.8225370049476624 0.7473859786987305
vt 0.822816014289856 0.17009200155735016
vt 0.823531985282898 0.3000450134277344
vt 0.8238660097122192 0.7142080068588257
vt 0.8238660097122192 0.7325959801673889
vt 0.8238980174064636 0.6853950023651123
vt 0.8239690065383911 0.30941298604011536
vt 0.8241450190544128 0.6239780187606812
vt 0.8243979811668396 0.8404110074043274
vt 0.824550986289978 0.2898600101470947
vt 0.8250380158424377 0.45989298820495605
vt 0.8252609968185425 0.7592300176620483
vt 0.8253080248832703 0.9093819856643677
vt 0.8259350061416626 0.7261300086975098
vt 0.8261110186576843 0.5569000244140625
vt 0.826117992401123 0.7121390104293823
vt 0.8261359930038452 0.6906260251998901
vt 0.8264380097389221 0.5967220067977905
vt 0.8267070055007935 0.2799470126628876
vt 0.8269500136375427 0.9606800079345703
vt 0.8269500136375427 0.9731730222702026
vt 0.8269510269165039 0.7386659979820251
vt 0.8273770213127136 0.9218609929084778
vt 0.8278599977493286 0.14877699315547943
vt 0.8279600143432617 0.0995590016245842
vt 0.8299189805984497 0.1966709941625595
vt 0.8308699727058411 0.5332139730453491
vt 0.831063985824585 0.5306310057640076
vt 0.8318259716033936 0.2811029851436615
vt 0.8321589827537537 0.4088769853115082
vt 0.8330159783363342 0.844694972038269
vt 0.8332200050354004 0.4656279981136322
vt 0.8332549929618835 0.2919279932975769
vt 0.8332549929618835 0.31265199184417725
vt 0.834210991859436 0.7149459719657898
vt 0.834210991859436 0.7325959801673889
vt 0.8349980115890503 0.176815003156662
vt 0.8362799882888794 0.7149459719657898
vt 0.8362799882888794 0.7295730113983154
vt 0.8364869952201843 0.8182079792022705
vt 0.8366580009460449 0.7543720006942749
vt 0.8369500041007996 0.21844500303268433
vt 0.8369500041007996 0.261790007352829
vt 0.8382490277290344 0.8647279739379883
vt 0.8382490277290344 0.9586120247840881
vt 0.8382490277290344 0.9718170166015625
vt 0.8390179872512817 0.28661999106407166
vt 0.8390179872512817 0.3029699921607971
vt 0.8390179872512817 0.31326401233673096
vt 0.8394389748573303 0.8595089912414551
vt 0.8395569920539856 0.46726301312446594
vt 0.8403180241584778 0.9218710064888
vt 0.8403180241584778 0.9720360040664673
vt 0.8405830264091492 0.12473899871110916
vt 0.8406839966773987 0.16259600222110748
vt 0.8407390117645264 0.9491739869117737
vt 0.8408780097961426 0.2613860070705414
vt 0.8411219716072083 0.9035059809684753
vt 0.8411570191383362 0.22011399269104004
vt 0.8412839770317078 0.7429379820823669
vt 0.8420600295066833 0.5527700185775757
vt 0.8421369791030884 0.9471049904823303
vt 0.8423960208892822 0.8913360238075256
vt 0.84266597032547 0.8657010197639465
vt 0.8426849842071533 0.9324949979782104
vt 0.8433449864387512 0.17095600068569183
vt 0.845878005027771 0.30455899238586426
vt 0.8463500142097473 0.7197859883308411
vt 0.8469030261039734 0.19792500138282776
vt 0.8479470014572144 0.3089219927787781
vt 0.8480839729309082 0.30090099573135376
vt 0.8482639789581299 0.44000399112701416
vt 0.8484010100364685 0.4764670133590698
vt 0.8484190106391907 0.7149459719657898
vt 0.8484190106391907 0.7326909899711609
vt 0.849632978439331 0.9570670127868652
vt 0.849632978439331 0.9762570261955261
vt 0.8497909903526306 0.4854480028152466
vt 0.8505039811134338 0.5158200263977051
vt 0.8510850071907043 0.13999399542808533
vt 0.8511760234832764 0.9059619903564453
vt 0.8514209985733032 0.540785014629364
vt 0.8516539931297302 0.9312599897384644
vt 0.8525999784469604 0.8647279739379883
vt 0.8525999784469604 0.9451879858970642
vt 0.853305995464325 0.3029699921607971
vt 0.853305995464325 0.31259098649024963
vt 0.854278028011322 0.6967210173606873
vt 0.8543509840965271 0.7457330226898193
vt 0.8546680212020874 0.8839319944381714
vt 0.8546680212020874 0.8913609981536865
vt 0.8549200296401978 0.8547070026397705
vt 0.8552929759025574 0.9564470052719116
vt 0.8552929759025574 0.9833769798278809
vt 0.8553749918937683 0.30857598781585693
vt 0.8560450077056885 0.9512699842453003
vt 0.8562229871749878 0.9285129904747009
vt 0.8564649820327759 0.721455991268158
vt 0.8565400242805481 0.7270560264587402
vt 0.8570830225944519 0.8647279739379883
vt 0.8570830225944519 0.8871279954910278
vt 0.8572869896888733 0.8891969919204712
vt 0.8572869896888733 0.9024630188941956
vt 0.85760098695755 0.9051539897918701
vt 0.858735978603363 0.21844500303268433
vt 0.859604001045227 0.7699980139732361
vt 0.8596950173377991 0.26542600989341736
vt 0.8596950173377991 0.29184800386428833
vt 0.8599629998207092 0.15630699694156647
vt 0.8599900007247925 0.3029699921607971
vt 0.8599900007247925 0.3129979968070984
vt 0.86080402135849 0.9109410047531128
vt 0.86080402135849 0.9543780088424683
vt 0.86080402135849 0.9809479713439941
vt 0.8617630004882812 0.21844500303268433
vt 0.8617630004882812 0.22941799461841583
vt 0.8619719743728638 0.8944479823112488
vt 0.8619949817657471 0.16324199736118317
vt 0.8622369766235352 0.8058779835700989
vt 0.8627229928970337 0.2431820034980774
vt 0.8627229928970337 0.2773970067501068
vt 0.8628730177879333 0.9517940282821655
vt 0.8634560108184814 0.9110450148582458
vt 0.8648279905319214 0.8421180248260498
vt 0.8662049770355225 0.47167500853538513
vt 0.8670799732208252 0.31285300850868225
vt 0.8672149777412415 0.8077250123023987
vt 0.8675609827041626 0.48185300827026367
vt 0.8678410053253174 0.9830719828605652
vt 0.8685349822044373 0.9030849933624268
vt 0.8695399761199951 0.9616910219192505
vt 0.871740996837616 0.21992899477481842
vt 0.8722350001335144 0.23222200572490692
vt 0.8724899888038635 0.5470839738845825
vt 0.8734130263328552 0.19683900475502014
vt 0.8738769888877869 0.7142080068588257
vt 0.8738769888877869 0.8866260051727295
vt 0.8738769888877869 0.9051539897918701
vt 0.8738769888877869 0.9524790048599243
vt 0.8738769888877869 0.9637590050697327
vt 0.8738769888877869 0.9847080111503601
vt 0.873878002166748 0.5423099994659424
vt 0.873878002166748 0.7012060284614563
vt 0.8759459853172302 0.5776879787445068
vt 0.8759459853172302 0.806306004524231
vt 0.8759459853172302 0.8520799875259399
vt 0.8759459853172302 0.9060279726982117
vt 0.8759459853172302 0.959231972694397
vt 0.8759459853172302 0.9613010287284851
vt 0.8759459853172302 0.9766709804534912
vt 0.8761450052261353 0.532325029373169
vt 0.8762980103492737 0.19134199619293213
vt 0.8764269948005676 0.9023460149765015
vt 0.8765770196914673 0.7872359752655029
vt 0.8769930005073547 0.6694639921188354
vt 0.8781830072402954 0.7587339878082275
vt 0.878367006778717 0.0010339999571442604
vt 0.878367006778717 0.22599799931049347
vt 0.8790330290794373 0.8652899861335754
vt 0.8793100118637085 0.510994017124176
vt 0.8793280124664307 0.23522800207138062
vt 0.8793420195579529 0.09440699964761734
vt 0.8793870210647583 0.5333420038223267
vt 0.8798670172691345 0.8033170104026794
vt 0.8801169991493225 0.6207150220870972
vt 0.8805840015411377 0.6733999848365784
vt 0.8811489939689636 0.314393013715744
vt 0.881509006023407 0.15624399483203888
vt 0.8816390037536621 0.2679539918899536
vt 0.8816390037536621 0.5057690143585205
vt 0.8816729784011841 0.7603740096092224
vt 0.8817390203475952 0.7546110153198242
vt 0.8835740089416504 0.9575939774513245
vt 0.8836339712142944 0.7624430060386658
vt 0.8837080001831055 0.23346999287605286
vt 0.8837080001831055 0.24281799793243408
vt 0.8837080001831055 0.25085100531578064
vt 0.8837080001831055 0.45694398880004883
vt 0.8842059969902039 0.9339979887008667
vt 0.8842970132827759 0.9741150140762329
vt 0.8844119906425476 0.52606201171875
vt 0.8846250176429749 0.9107379913330078
vt 0.8847360014915466 0.3039569854736328
vt 0.8849449753761292 0.962244987487793
vt 0.8858159780502319 0.30665498971939087
vt 0.8860470056533813 0.37199199199676514
vt 0.8869680166244507 0.2241320013999939
vt 0.8870390057563782 0.9103310108184814
vt 0.8870390057563782 0.9574450254440308
vt 0.887582004070282 0.45421600341796875
vt 0.8880829811096191 0.23936699330806732
vt 0.888683021068573 0.9207260012626648
vt 0.8894410133361816 0.9724429845809937
vt 0.8897280097007751 0.07311499863862991
vt 0.8901519775390625 0.2383359968662262
vt 0.8921430110931396 0.24281799793243408
vt 0.8936970233917236 0.23283299803733826
vt 0.8936970233917236 0.2404720038175583
vt 0.8941559791564941 0.5362200140953064
vt 0.8948240280151367 0.5306310057640076
vt 0.8952410221099854 0.2673349976539612
vt 0.895766019821167 0.23283299803733826
vt 0.895766019821167 0.24142099916934967
vt 0.8960260152816772 0.9039589762687683
vt 0.8961889743804932 0.27872198820114136
vt 0.8964999914169312 0.1609330028295517
vt 0.8970749974250793 0.7703160047531128
vt 0.8978589773178101 0.22901499271392822
vt 0.8980000019073486 0.9491940140724182
vt 0.8980000019073486 0.9664599895477295
vt 0.898114025592804 0.005133999977260828
vt 0.8986430168151855 0.7996050119400024
vt 0.8988379836082458 0.6118320226669312
vt 0.8988400101661682 0.85629802942276
vt 0.8991919755935669 0.5315809845924377
vt 0.8994349837303162 0.1107110008597374
vt 0.8996019959449768 0.6851969957351685
vt 0.8996660113334656 0.23569299280643463
vt 0.9002820253372192 0.9162920117378235
vt 0.9005020260810852 0.7548289895057678
vt 0.9013839960098267 0.2272000014781952
vt 0.9014949798583984 0.5748950242996216
vt 0.9014949798583984 0.759319007396698
vt 0.9015480279922485 0.7996289730072021
vt 0.901839017868042 0.0014309999532997608
vt 0.9019790291786194 0.7886340022087097
vt 0.902118980884552 0.9011070132255554
vt 0.9021450281143188 0.16487400233745575
vt 0.9026899933815002 0.8516449928283691
vt 0.9026899933815002 0.9060279726982117
vt 0.9026899933815002 0.9471250176429749
vt 0.9035630226135254 0.5306310057640076
vt 0.9035630226135254 0.63748699426651
vt 0.9035630226135254 0.6873670220375061
vt 0.9035639762878418 0.7511640191078186
vt 0.9042029976844788 0.30523398518562317
vt 0.904213011264801 0.6018869876861572
vt 0.9042140245437622 0.06071700155735016
vt 0.9042140245437622 0.19064299762248993
vt 0.9042140245437622 0.24100899696350098
vt 0.9042389988899231 0.5259140133857727
vt 0.9042739868164062 0.11952199786901474
vt 0.9044510126113892 0.44899699091911316
vt 0.9046170115470886 0.6550899744033813
vt 0.9046189785003662 0.3687179982662201
vt 0.9046480059623718 0.7389320135116577
vt 0.9047589898109436 0.7632139921188354
vt 0.9047589898109436 0.8531360030174255
vt 0.9047589898109436 0.9250770211219788
vt 0.9047589898109436 0.9759550094604492
vt 0.904869019985199 0.55594402551651
vt 0.9053789973258972 0.26241299510002136
vt 0.905476987361908 0.5811229944229126
vt 0.9056199789047241 0.6115610003471375
vt 0.9057310223579407 0.22186699509620667
vt 0.9057739973068237 0.15565000474452972
vt 0.9059489965438843 0.03635299950838089
vt 0.9061040282249451 0.7584850192070007
vt 0.9062479734420776 0.881729006767273
vt 0.9063299894332886 0.09942500293254852
vt 0.9066849946975708 0.12459500133991241
vt 0.9071810245513916 0.0035329998936504126
vt 0.9073100090026855 0.26963698863983154
vt 0.9074130058288574 0.24488699436187744
vt 0.9074130058288574 0.30188900232315063
vt 0.9077399969100952 0.39819100499153137
vt 0.9077410101890564 0.3049370050430298
vt 0.9077410101890564 0.5263609886169434
vt 0.9094809889793396 0.25827300548553467
vt 0.9096760153770447 0.6684079766273499
vt 0.9097149968147278 0.30188900232315063
vt 0.9098100066184998 0.3047339916229248
vt 0.9098100066184998 0.42460599541664124
vt 0.9098100066184998 0.4931209981441498
vt 0.9101309776306152 0.6365829706192017
vt 0.9106249809265137 0.34226900339126587
vt 0.9111250042915344 0.5103939771652222
vt 0.9113019704818726 0.7175650000572205
vt 0.9120789766311646 0.41327399015426636
vt 0.9123539924621582 0.05186000093817711
vt 0.9124429821968079 0.4469349980354309
vt 0.9126930236816406 0.47788798809051514
vt 0.913237988948822 0.6849669814109802
vt 0.913345992565155 0.6588460206985474
vt 0.9135839939117432 0.902226984500885
vt 0.9136419892311096 0.7419189810752869
vt 0.9136419892311096 0.7555480003356934
vt 0.9141010046005249 0.9128620028495789
vt 0.9144110083580017 0.8682850003242493
vt 0.9147379994392395 0.9368550181388855
vt 0.9147379994392395 0.9760220050811768
vt 0.9147390127182007 0.24712400138378143
vt 0.9148390293121338 0.5931339859962463
vt 0.915710985660553 0.7420139908790588
vt 0.9160230159759521 0.7576090097427368
vt 0.9168059825897217 0.9368550181388855
vt 0.9168059825897217 0.9732400178909302
vt 0.9177430272102356 0.7368630170822144
vt 0.9184100031852722 0.5633379817008972
vt 0.9189710021018982 0.7235159873962402
vt 0.9194200038909912 0.4435740113258362
vt 0.9202560186386108 0.9619789719581604
vt 0.9208549857139587 0.2589400112628937
vt 0.9209929704666138 0.18231000006198883
vt 0.9211450219154358 0.20887799561023712
vt 0.9217270016670227 0.5263640284538269
vt 0.9217889904975891 0.351841002702713
vt 0.9237449765205383 0.3039569854736328
vt 0.923757016658783 0.7389320135116577
vt 0.923757016658783 0.760325014591217
vt 0.9239180088043213 0.24386900663375854
vt 0.9239180088043213 0.30039000511169434
vt 0.9242280125617981 0.40063101053237915
vt 0.9244869947433472 0.6847739815711975
vt 0.9246829748153687 0.4859519898891449
vt 0.9249250292778015 0.6702430248260498
vt 0.9249250292778015 0.6965720057487488
vt 0.9251149892807007 0.8872519731521606
vt 0.9253960251808167 0.42159900069236755
vt 0.9254069924354553 0.06184700131416321
vt 0.9255040287971497 0.44564300775527954
vt 0.9255040287971497 0.5039240121841431
vt 0.925574004650116 0.7624430060386658
vt 0.925586998462677 0.08027099817991257
vt 0.9257829785346985 0.9176610112190247
vt 0.9259870052337646 0.27912500500679016
vt 0.9260870218276978 0.3384949862957001
vt 0.9264199733734131 0.8670470118522644
vt 0.9269940257072449 0.660090982913971
vt 0.9272090196609497 0.9042959809303284
vt 0.9272090196609497 0.9347860217094421
vt 0.9273769855499268 0.8368470072746277
vt 0.9274740219116211 0.05016700178384781
vt 0.9275609850883484 0.968218982219696
vt 0.9275720119476318 0.48816099762916565
vt 0.9280210137367249 0.12075000256299973
vt 0.9280840158462524 0.12281899899244308
vt 0.9281550049781799 0.3242259919643402
vt 0.9281550049781799 0.44590499997138977
vt 0.9286019802093506 0.47353601455688477
vt 0.9287639856338501 0.6567779779434204
vt 0.9292770028114319 0.9148589968681335
vt 0.9292770028114319 0.9292359948158264
vt 0.9294459819793701 0.7219030261039734
vt 0.9294459819793701 0.7603740096092224
vt 0.9294459819793701 0.7828850150108337
vt 0.9294459819793701 0.8978750109672546
vt 0.9296150207519531 0.24121199548244476
vt 0.929839015007019 0.5306900143623352
vt 0.9299740195274353 0.3484239876270294
vt 0.9300150275230408 0.16381999850273132
vt 0.9301769733428955 0.4983919858932495
vt 0.9302250146865845 0.5721859931945801
vt 0.9302899837493896 0.13929200172424316
vt 0.9303849935531616 0.03009900078177452
vt 0.9304180145263672 0.6588460206985474
vt 0.9304180145263672 0.6791620254516602
vt 0.9304770231246948 0.7624430060386658
vt 0.9305359721183777 0.45550400018692017
vt 0.9305639863014221 0.6926230192184448
vt 0.9306349754333496 0.6138619780540466
vt 0.9306579828262329 0.5253430008888245
vt 0.9307630062103271 0.09478399902582169
vt 0.9314169883728027 0.24386900663375854
vt 0.9314169883728027 0.2980310022830963
vt 0.931456983089447 0.19126500189304352
vt 0.9318559765815735 0.7913089990615845
vt 0.9319609999656677 0.9042959809303284
vt 0.9319609999656677 0.9199960231781006
vt 0.9320719838142395 0.0010339999571442604
vt 0.9320719838142395 0.06425400078296661
vt 0.9322770237922668 0.922065019607544
vt 0.9322770237922668 0.9344239830970764
vt 0.9323779940605164 0.3039569854736328
vt 0.932703971862793 0.5696020126342773
vt 0.9335259795188904 0.1460929960012436
vt 0.9335259795188904 0.269802987575531
vt 0.9335259795188904 0.2995859980583191
vt 0.9341409802436829 0.003924000076949596
vt 0.9341409802436829 0.11588799953460693
vt 0.9344670176506042 0.12726299464702606
vt 0.934548020362854 0.9010890126228333
vt 0.934548020362854 0.9522250294685364
vt 0.934548020362854 0.9761469960212708
vt 0.934689998626709 0.16405999660491943
vt 0.9350820183753967 0.5442410111427307
vt 0.9351339936256409 0.5787760019302368
vt 0.9354419708251953 0.275734007358551
vt 0.935467004776001 0.5593230128288269
vt 0.9356150031089783 0.26750001311302185
vt 0.935670018196106 0.1787009984254837
vt 0.9356729984283447 0.5306310057640076
vt 0.9357730150222778 0.6063820123672485
vt 0.9358149766921997 0.04633300006389618
vt 0.9365559816360474 0.680046021938324
vt 0.9379889965057373 0.7585560083389282
vt 0.9380090236663818 0.9594219923019409
vt 0.938027024269104 0.6972349882125854
vt 0.9394209980964661 0.6828569769859314
vt 0.9398880004882812 0.47623199224472046
vt 0.9401829838752747 0.45010998845100403
vt 0.9405099749565125 0.44638800621032715
vt 0.9405189752578735 0.26842400431632996
vt 0.9406219720840454 0.9614909887313843
vt 0.9406219720840454 0.9826920032501221
vt 0.9406419992446899 0.4858280122280121
vt 0.9406419992446899 0.5263640284538269
vt 0.9407579898834229 0.7086150050163269
vt 0.9409030079841614 0.3402769863605499
vt 0.9410529732704163 0.1834390014410019
vt 0.9416660070419312 0.7236859798431396
vt 0.941868007183075 0.3988339900970459
vt 0.9419999718666077 0.7659519910812378
vt 0.9421359896659851 0.31527501344680786
vt 0.943120002746582 0.8990200161933899
vt 0.9433010220527649 0.27366501092910767
vt 0.9434409737586975 0.7906039953231812
vt 0.9434959888458252 0.08791700005531311
vt 0.9437350034713745 0.69057297706604
vt 0.9437350034713745 0.7603740096092224
vt 0.9439049959182739 0.020526999607682228
vt 0.9439510107040405 0.34815800189971924
vt 0.9439820051193237 0.4450629949569702
vt 0.9444820284843445 0.2772589921951294
vt 0.944491982460022 0.7261999845504761
vt 0.9445859789848328 0.19213299453258514
vt 0.944586992263794 0.9520040154457092
vt 0.9446380138397217 0.12281899899244308
vt 0.9449700117111206 0.13913099467754364
vt 0.945032000541687 0.9287430047988892
vt 0.9450809955596924 0.15657399594783783
vt 0.945222020149231 0.7999500036239624
vt 0.945222020149231 0.905206024646759
vt 0.9454399943351746 0.5867509841918945
vt 0.9457550048828125 0.5629029870033264
vt 0.9457889795303345 0.06713099777698517
vt 0.9458280205726624 0.535099983215332
vt 0.9458280205726624 0.6766330003738403
vt 0.9458400011062622 0.0010339999571442604
vt 0.9459260106086731 0.2995859980583191
vt 0.9460510015487671 0.3328930139541626
vt 0.9460510015487671 0.5084130167961121
vt 0.9460610151290894 0.4537320137023926
vt 0.9462440013885498 0.16918200254440308
vt 0.9467740058898926 0.4765700101852417
vt 0.9468870162963867 0.31900298595428467
vt 0.9472910165786743 0.7914990186691284
vt 0.9472910165786743 0.8015069961547852
vt 0.9472910165786743 0.9125530123710632
vt 0.9472910165786743 0.942907989025116
vt 0.9472910165786743 0.9580950140953064
vt 0.9472910165786743 0.9780470132827759
vt 0.9474470019340515 0.4425700008869171
vt 0.9475259780883789 0.03847000002861023
vt 0.947816014289856 0.7648069858551025
vt 0.9478970170021057 0.5357919931411743
vt 0.9481260180473328 0.6324639916419983
vt 0.9482700228691101 0.6753460168838501
vt 0.948311984539032 0.1539209932088852
vt 0.948311984539032 0.26740700006484985
vt 0.948311984539032 0.27424299716949463
vt 0.9483460187911987 0.29432299733161926
vt 0.9484300017356873 0.08751600235700607
vt 0.9487339854240417 0.3039569854736328
vt 0.9488580226898193 0.05278899893164635
vt 0.9489880204200745 0.6534420251846313
vt 0.9490399956703186 0.12573200464248657
vt 0.9490470290184021 0.17616400122642517
vt 0.9492779970169067 0.3526430130004883
vt 0.949442982673645 0.07187999784946442
vt 0.9496170282363892 0.8115890026092529
vt 0.9500529766082764 0.5703459978103638
vt 0.9506170153617859 0.9043440222740173
vt 0.9508209824562073 0.44050100445747375
vt 0.9515119791030884 0.1174279972910881
vt 0.9516109824180603 0.5229049921035767
vt 0.9526450037956238 0.03416699916124344
vt 0.9529150128364563 0.7593520283699036
vt 0.9531369805335999 0.817467987537384
vt 0.9532619714736938 0.9560269713401794
vt 0.9535920023918152 0.9074429869651794
vt 0.9537129998207092 0.09646300226449966
vt 0.9542689919471741 0.7154150009155273
vt 0.9546520113945007 0.0014179999707266688
vt 0.9548259973526001 0.629252016544342
vt 0.9548299908638 0.4610059857368469
vt 0.9550099968910217 0.9695119857788086
vt 0.9552950263023376 0.6768029928207397
vt 0.9553350210189819 0.44650799036026
vt 0.9555040001869202 0.2966960072517395
vt 0.955594003200531 0.26544100046157837
vt 0.9558389782905579 0.539421021938324
vt 0.9559609889984131 0.7293660044670105
vt 0.9560089707374573 0.7477700114250183
vt 0.9561120271682739 0.4764699935913086
vt 0.9566310048103333 0.4880309998989105
vt 0.9566310048103333 0.5208709836006165
vt 0.9567760229110718 0.4061180055141449
vt 0.9569330215454102 0.7624430060386658
vt 0.9570199847221375 0.8144029974937439
vt 0.9574909806251526 0.12281899899244308
vt 0.957502007484436 0.2084140032529831
vt 0.9578239917755127 0.02243800088763237
vt 0.957942008972168 0.9047009944915771
vt 0.9580379724502563 0.33307400345802307
vt 0.9580780267715454 0.6955140233039856
vt 0.9580780267715454 0.7504969835281372
vt 0.9580780267715454 0.7549260258674622
vt 0.958283007144928 0.6831849813461304
vt 0.9583100080490112 0.6537190079689026
vt 0.958387017250061 0.7751139998435974
vt 0.9583989977836609 0.6266819834709167
vt 0.9585980176925659 0.9263280034065247
vt 0.9586089849472046 0.6674289703369141
vt 0.9587929844856262 0.7531399726867676
vt 0.9589759707450867 0.10684199631214142
vt 0.9592090249061584 0.275067001581192
vt 0.9592090249061584 0.30121201276779175
vt 0.9592900276184082 0.9104840159416199
vt 0.959306001663208 0.797523021697998
vt 0.9593859910964966 0.27217400074005127
vt 0.9594029784202576 0.5306310057640076
vt 0.9594029784202576 0.6456680297851562
vt 0.9594169855117798 0.13800999522209167
vt 0.9594280123710632 0.3209660053253174
vt 0.9594280123710632 0.43888598680496216
vt 0.9597669839859009 0.15941500663757324
vt 0.9613749980926514 0.870868980884552
vt 0.9613749980926514 0.9055699706077576
vt 0.9613749980926514 0.963001012802124
vt 0.9613749980926514 0.9753320217132568
vt 0.9614719748497009 0.470894992351532
vt 0.9614719748497009 0.5285620093345642
vt 0.9614719748497009 0.566739022731781
vt 0.9614719748497009 0.6782299876213074
vt 0.9614959955215454 0.3122510015964508
vt 0.9614959955215454 0.4452959895133972
vt 0.961562991142273 0.48447901010513306
vt 0.9615989923477173 0.49635499715805054
vt 0.9618350267410278 0.23242299258708954
vt 0.9618350267410278 0.26995301246643066
vt 0.9618350267410278 0.272022008895874
vt 0.9618350267410278 0.3014349937438965
vt 0.9618759751319885 0.8839409947395325
vt 0.9619449973106384 0.057385001331567764
vt 0.9619470238685608 0.7525659799575806
vt 0.9619470238685608 0.7581639885902405
vt 0.9620069861412048 0.6753339767456055
vt 0.9621310234069824 0.24817800521850586
vt 0.9621909856796265 0.9420639872550964
vt 0.9623039960861206 0.0010339999571442604
vt 0.9624009728431702 0.12281899899244308
vt 0.9625099897384644 0.3461959958076477
vt 0.9625660181045532 0.026900000870227814
vt 0.9625970125198364 0.15932099521160126
vt 0.9627490043640137 0.5708159804344177
vt 0.9627950191497803 0.8981080055236816
vt 0.9628400206565857 0.8592389822006226
vt 0.9631410241127014 0.6163709759712219
vt 0.9631530046463013 0.5306310057640076
vt 0.9633430242538452 0.54408198595047
vt 0.9634220004081726 0.3368679881095886
vt 0.9636080265045166 0.22208400070667267
vt 0.964015007019043 0.754518985748291
vt 0.9641410112380981 0.09154699742794037
vt 0.9641410112380981 0.12054599821567535
vt 0.9643369913101196 0.69057297706604
vt 0.9652019739151001 0.6779549717903137
vt 0.9652019739151001 0.6868249773979187
vt 0.9656469821929932 0.7473610043525696
vt 0.9657549858093262 0.7624430060386658
vt 0.9657999873161316 0.8611459732055664
vt 0.9658420085906982 0.9492179751396179
vt 0.9662089943885803 0.09403999894857407
vt 0.9667029976844788 0.7751709818840027
vt 0.9675509929656982 0.040382999926805496
vt 0.9677069783210754 0.7525659799575806
vt 0.9677069783210754 0.7582229971885681
vt 0.9677159786224365 0.0013810000382363796
vt 0.9677690267562866 0.7023119926452637
vt 0.9690560102462769 0.4441530108451843
vt 0.9691720008850098 0.9434980154037476
vt 0.9695510268211365 0.12542399764060974
vt 0.9695929884910583 0.6758859753608704
vt 0.9698299765586853 0.5798379778862
vt 0.96983802318573 0.7037270069122314
vt 0.9699109792709351 0.1748879998922348
vt 0.9699640274047852 0.970130980014801
vt 0.9700340032577515 0.22690600156784058
vt 0.9705209732055664 0.11556299775838852
vt 0.9709630012512207 0.3039569854736328
vt 0.9709950089454651 0.008302999660372734
vt 0.9710729718208313 0.7316629886627197
vt 0.9711139798164368 0.09831400215625763
vt 0.971248984336853 0.4508669972419739
vt 0.9712740182876587 0.3503589928150177
vt 0.9712759852409363 0.6785489916801453
vt 0.9712899923324585 0.5249500274658203
vt 0.9712899923324585 0.9650700092315674
vt 0.9712899923324585 0.9783989787101746
vt 0.9715030193328857 0.2737230062484741
vt 0.9715120196342468 0.6256420016288757
vt 0.9716190099716187 0.4934290051460266
vt 0.9716489911079407 0.48105499148368835
vt 0.9718480110168457 0.8545989990234375
vt 0.9718999862670898 0.8831539750099182
vt 0.9720349907875061 0.5360720157623291
vt 0.9722440242767334 0.25618499517440796
vt 0.9731900095939636 0.5608239769935608
vt 0.9731900095939636 0.5769349932670593
vt 0.973209023475647 0.23785600066184998
vt 0.9734039902687073 0.339260995388031
vt 0.9734510183334351 0.32695499062538147
vt 0.9735730290412903 0.7647209763526917
vt 0.9735730290412903 0.9035019874572754
vt 0.973717987537384 0.4508669972419739
vt 0.973717987537384 0.5103499889373779
vt 0.9747329950332642 0.4590829908847809
vt 0.9747639894485474 0.04381699860095978
vt 0.9748340249061584 0.0010339999571442604
vt 0.9748340249061584 0.10836099833250046
vt 0.9748489856719971 0.48156601190567017
vt 0.9752579927444458 0.5418230295181274
vt 0.9752579927444458 0.6716179847717285
vt 0.9752770066261292 0.12714199721813202
vt 0.9752770066261292 0.17361100018024445
vt 0.9752770066261292 0.28325599431991577
vt 0.975475013256073 0.15476399660110474
vt 0.9755200147628784 0.41124001145362854
vt 0.9756420254707336 0.8612880110740662
vt 0.9756420254707336 0.9079369902610779
vt 0.9756420254707336 0.9518409967422485
vt 0.9756420254707336 0.9539099931716919
vt 0.9756420254707336 0.9825350046157837
vt 0.9758769869804382 0.8855419754981995
vt 0.9760460257530212 0.26510798931121826
vt 0.9765570163726807 0.44765999913215637
vt 0.976639986038208 0.4332070052623749
vt 0.97673100233078 0.69063401222229
vt 0.97673100233078 0.7504969835281372
vt 0.9767879843711853 0.5668420195579529
vt 0.9769020080566406 0.10325899720191956
vt 0.9774010181427002 0.7639319896697998
vt 0.977653980255127 0.016905000433325768
vt 0.9776890277862549 0.06477300077676773
vt 0.9778569936752319 0.5265889763832092
vt 0.9778689742088318 0.39602699875831604
vt 0.977944016456604 0.3055649995803833
vt 0.9787999987602234 0.6883389949798584
vt 0.9787999987602234 0.7339980006217957
vt 0.9787999987602234 0.7589700222015381
vt 0.9790440201759338 0.7291240096092224
vt 0.9793530106544495 0.12016700208187103
vt 0.979358971118927 0.6785489916801453
vt 0.9794600009918213 0.5747510194778442
vt 0.9804850220680237 0.2696329951286316
vt 0.9804850220680237 0.30114901065826416
vt 0.9804890155792236 0.4587630033493042
vt 0.9807620048522949 0.9570140242576599
vt 0.981656014919281 0.6727740168571472
vt 0.9821900129318237 0.9136469960212708
vt 0.9825530052185059 0.28821900486946106
vt 0.982558012008667 0.48458001017570496
vt 0.982558012008667 0.4866490066051483
vt 0.982558012008667 0.5265889763832092
vt 0.9826229810714722 0.6883879899978638
vt 0.9826229810714722 0.7319290041923523
vt 0.9826300144195557 0.46467700600624084
vt 0.9827830195426941 0.6163539886474609
vt 0.9828299880027771 0.9539099931716919
vt 0.9828299880027771 0.9862020015716553
vt 0.9834750294685364 0.5500490069389343
vt 0.9836949706077576 0.5810109972953796
vt 0.9837250113487244 0.12281899899244308
vt 0.9840059876441956 0.7360799908638
vt 0.9842579960823059 0.9110509753227234
vt 0.9843569993972778 0.1689389944076538
vt 0.9846919775009155 0.6785489916801453
vt 0.9846919775009155 0.7196149826049805
vt 0.9847909808158875 0.0010339999571442604
vt 0.9847909808158875 0.1078760027885437
vt 0.9854999780654907 0.1395149976015091
vt 0.9855160117149353 0.9058679938316345
vt 0.9855719804763794 0.26756399869918823
vt 0.9857609868049622 0.5746600031852722
vt 0.9858750104904175 0.4429360032081604
vt 0.9859089851379395 0.4087580144405365
vt 0.9860749840736389 0.7339980006217957
vt 0.9860749840736389 0.755204975605011
vt 0.9861689805984497 0.8933290243148804
vt 0.9861720204353333 0.857463002204895
vt 0.986411988735199 0.15776099264621735
vt 0.9866440296173096 0.3039569854736328
vt 0.9866440296173096 0.41982099413871765
vt 0.9867449998855591 0.7624430060386658
vt 0.9867449998855591 0.8769019842147827
vt 0.9868590235710144 0.07648099958896637
vt 0.9869490265846252 0.9656280279159546
vt 0.9869629740715027 0.5306310057640076
vt 0.9869830012321472 0.5666499733924866
vt 0.9873089790344238 0.2756519913673401
vt 0.9873089790344238 0.30114901065826416
vt 0.9874640107154846 0.46046900749206543
vt 0.9874640107154846 0.48451998829841614
vt 0.9880840182304382 0.4944080114364624
vt 0.9884809851646423 0.12281899899244308
vt 0.9884809851646423 0.2731490135192871
vt 0.9887120127677917 0.3039569854736328
vt 0.9887120127677917 0.42112699151039124
vt 0.9888139963150024 0.8486729860305786
vt 0.9890130162239075 0.9079369902610779
vt 0.9890130162239075 0.9513760209083557
vt 0.9890450239181519 0.0010339999571442604
vt 0.9890509843826294 0.5306310057640076
vt 0.9890509843826294 0.5452979803085327
vt 0.9890519976615906 0.6017389893531799
vt 0.9894859790802002 0.8643829822540283
vt 0.9896829724311829 0.1110529974102974
vt 0.9897000193595886 0.6938220262527466
vt 0.9902529716491699 0.7474300265312195
vt 0.9915639758110046 0.578931987285614
vt 0.991890013217926 0.7624430060386658
vt 0.991890013217926 0.8487880229949951
vt 0.9924010038375854 0.4564499855041504
vt 0.992455005645752 0.06574700027704239
vt 0.9928410053253174 0.5809999704360962
vt 0.9928410053253174 0.6284469962120056
vt 0.992946982383728 0.5426309704780579
vt 0.9936180114746094 0.33154600858688354
vt 0.9940919876098633 0.013658000156283379
vt 0.9940919876098633 0.09684199839830399
vt 0.9941220283508301 0.3648279905319214
vt 0.9944289922714233 0.4012489914894104
vt 0.9955819845199585 0.4268040060997009
vt 0.996408998966217 0.39013800024986267
vt 0.9968739748001099 0.3448460102081299
vt 0.9970690011978149 0.2094220072031021
vt 0.9975110292434692 0.26723700761795044
vt 0.9989659786224365 0.22653800249099731
vn -1.0 -0.0044999998062849045 -0.0005000000237487257
vn -1.0 0.005100000184029341 0.00039999998989515007
vn -0.9998999834060669 -0.003800000064074993 -0.010099999606609344
vn -0.9998999834060669 0.0017999999690800905 -0.011500000022351742
vn -0.9998999834060669 0.010599999688565731 0.004699999932199717
vn -0.9998000264167786 -0.01720000058412552 0.008799999952316284
vn -0.9997000098228455 0.0015999999595806003 -0.026200000196695328
vn -0.9995999932289124 -0.029600000008940697 -0.0017999999690800905
vn -0.9994999766349792 -0.022600000724196434 -0.02280000038444996
vn -0.9994999766349792 0.029500000178813934 -0.00860000029206276
vn -0.9994000196456909 0.03539999946951866 0.0013000000035390258
vn -0.9991999864578247 0.04050000011920929 -0.006300000008195639
vn -0.9991000294685364 0.0017999999690800905 -0.041200000792741776
vn -0.9987999796867371 0.027400000020861626 0.04050000011920929
vn -0.9986000061035156 0.036400001496076584 -0.03720000013709068
vn -0.9986000061035156 0.04309999942779541 -0.03200000151991844
vn -0.9986000061035156 0.043299999088048935 -0.028999999165534973
vn -0.998199999332428 -0.05999999865889549 0.006800000090152025
vn -0.998199999332428 -0.04230000078678131 0.042500000447034836
vn -0.9979000091552734 0.006300000008195639 0.06390000134706497
vn -0.9979000091552734 0.05570000037550926 -0.033799998462200165
vn -0.9976000189781189 0.007400000002235174 0.06830000132322311
vn -0.9976000189781189 0.012299999594688416 0.0681999996304512
vn -0.9973000288009644 0.06689999997615814 -0.028699999675154686
vn -0.9972000122070312 0.07519999891519547 0.0003000000142492354
vn -0.9968000054359436 -0.07209999859333038 -0.03449999913573265
vn -0.9968000054359436 0.05820000171661377 -0.05480000004172325
vn -0.9966999888420105 0.07989999651908875 -0.012600000016391277
vn -0.9965000152587891 0.08399999886751175 0.0038999998942017555
vn -0.9962000250816345 0.08569999784231186 -0.016899999231100082
vn -0.9959999918937683 0.02070000022649765 -0.08669999986886978
vn -0.9958999752998352 -0.013299999758601189 0.08940000087022781
vn -0.9958999752998352 0.04919999837875366 0.07559999823570251
vn -0.9957000017166138 0.08550000190734863 0.03550000116229057
vn -0.9954000115394592 0.0835999995470047 -0.04699999839067459
vn -0.9951000213623047 0.09769999980926514 -0.012299999594688416
vn -0.9944999814033508 -0.08820000290870667 0.05559999868273735
vn -0.9943000078201294 0.01269999984651804 -0.10570000112056732
vn -0.9940000176429749 -0.1096000000834465 -0.0005000000237487257
vn -0.9940000176429749 -0.10920000076293945 -0.0006000000284984708
vn -0.9940000176429749 0.10570000112056732 -0.028599999845027924
vn -0.9939000010490417 0.07930000126361847 0.07720000296831131
vn -0.9937999844551086 0.1111999973654747 0.002300000051036477
vn -0.9934999942779541 -0.0017999999690800905 -0.1137000024318695
vn -0.9933000206947327 0.11580000072717667 -0.006899999920278788
vn -0.9930999875068665 -0.0674000009894371 -0.0957999974489212
vn -0.9926000237464905 -0.03440000116825104 -0.11620000004768372
vn -0.9922999739646912 0.12370000034570694 -0.0003000000142492354
vn -0.9922000169754028 -0.02459999918937683 -0.1225999966263771
vn -0.9921000003814697 -0.06080000102519989 -0.10930000245571136
vn -0.9921000003814697 -0.04430000111460686 0.11729999631643295
vn -0.9900000095367432 -0.13729999959468842 -0.03370000049471855
vn -0.9898999929428101 -0.08100000023841858 0.11670000106096268
vn -0.9894999861717224 0.14419999718666077 -0.008799999952316284
vn -0.9886000156402588 0.1500999927520752 -0.006300000008195639
vn -0.9883000254631042 -0.003000000026077032 -0.1526000052690506
vn -0.9879999756813049 0.1454000025987625 -0.051600001752376556
vn -0.9873999953269958 0.11320000141859055 0.11020000278949738
vn -0.9869999885559082 0.05400000140070915 0.15119999647140503
vn -0.9868999719619751 0.1485999971628189 0.06210000067949295
vn -0.9865999817848206 0.013399999588727951 -0.16249999403953552
vn -0.9851999878883362 -0.08860000222921371 0.14669999480247498
vn -0.984499990940094 -0.16820000112056732 0.049300000071525574
vn -0.9837999939918518 0.07699999958276749 -0.16210000216960907
vn -0.9836000204086304 0.10840000212192535 0.14399999380111694
vn -0.9835000038146973 -0.1809999942779541 0.00430000014603138
vn -0.9828000068664551 -0.18389999866485596 0.01360000018030405
vn -0.982699990272522 -0.1850000023841858 -0.012299999594688416
vn -0.9825999736785889 0.06379999965429306 0.17419999837875366
vn -0.9824000000953674 0.025200000032782555 0.1851000040769577
vn -0.982200026512146 -0.18770000338554382 -0.0017000000225380063
vn -0.9812999963760376 0.050200000405311584 -0.1858000010251999
vn -0.98089998960495 -0.10920000076293945 -0.1607999950647354
vn -0.98089998960495 -0.014999999664723873 -0.1941000074148178
vn -0.9794999957084656 -0.2013999968767166 -0.003599999938160181
vn -0.9793999791145325 -0.05939999967813492 0.1932000070810318
vn -0.9790999889373779 -0.09989999979734421 0.17710000276565552
vn -0.9782000184059143 0.01899999938905239 0.20669999718666077
vn -0.9781000018119812 0.030500000342726707 0.20600000023841858
vn -0.9776999950408936 -0.19050000607967377 -0.08820000290870667
vn -0.9776999950408936 0.19089999794960022 -0.08739999681711197
vn -0.9769999980926514 -0.1931000053882599 -0.09070000052452087
vn -0.9761999845504761 0.020600000396370888 -0.2159000039100647
vn -0.9760000109672546 -0.19020000100135803 -0.10620000213384628
vn -0.9758999943733215 -0.2184000015258789 0.0019000000320374966
vn -0.9758999943733215 -0.0066999997943639755 -0.21789999306201935
vn -0.9746000170707703 -0.030700000002980232 0.22190000116825104
vn -0.9743000268936157 -0.2249000072479248 -0.008500000461935997
vn -0.9742000102996826 -0.22579999268054962 0.000699999975040555
vn -0.973800003528595 -0.2273000031709671 -0.0020000000949949026
vn -0.9735000133514404 0.16680000722408295 0.15629999339580536
vn -0.9731000065803528 0.2290000021457672 -0.025100000202655792
vn -0.9731000065803528 0.23000000417232513 0.015599999576807022
vn -0.9726999998092651 0.026499999687075615 0.2303999960422516
vn -0.9724000096321106 0.21610000729560852 -0.08810000121593475
vn -0.972100019454956 -0.2345999926328659 -0.0052999998442828655
vn -0.9718999862670898 0.12759999930858612 -0.19769999384880066
vn -0.9718000292778015 -0.0003000000142492354 0.23579999804496765
vn -0.97079998254776 0.09019999951124191 0.22210000455379486
vn -0.97079998254776 0.2386000007390976 -0.02539999969303608
vn -0.9706000089645386 -0.07029999792575836 0.23029999434947968
vn -0.9702000021934509 -0.24210000038146973 -0.013700000010430813
vn -0.9702000021934509 -0.002199999988079071 -0.24230000376701355
vn -0.9693999886512756 -0.09700000286102295 -0.225600004196167
vn -0.9679999947547913 0.0019000000320374966 -0.2508000135421753
vn -0.9678999781608582 -0.25130000710487366 0.005200000014156103
vn -0.9677000045776367 0.022700000554323196 -0.25119999051094055
vn -0.9674999713897705 -0.2524000108242035 0.012799999676644802
vn -0.9668999910354614 0.25429999828338623 0.020899999886751175
vn -0.9667999744415283 -0.0502999983727932 0.25049999356269836
vn -0.96670001745224 -0.14270000159740448 -0.21230000257492065
vn -0.9663000106811523 0.010300000198185444 -0.257099986076355
vn -0.9659000039100647 -0.2590000033378601 -0.006399999838322401
vn -0.9653000235557556 -0.005799999926239252 0.2612000107765198
vn -0.9642999768257141 -0.07739999890327454 0.2533999979496002
vn -0.9613000154495239 -0.24889999628067017 -0.1177000030875206
vn -0.9610000252723694 -0.27070000767707825 0.0568000003695488
vn -0.9606000185012817 0.054999999701976776 -0.272599995136261
vn -0.9603999853134155 0.2502000033855438 -0.12219999730587006
vn -0.9592999815940857 0.2635999917984009 0.10130000114440918
vn -0.9587000012397766 0.04039999842643738 0.2815999984741211
vn -0.9585000276565552 0.25220000743865967 0.13289999961853027
vn -0.9584000110626221 -0.2703000009059906 -0.09200000017881393
vn -0.9584000110626221 0.250900000333786 0.13600000739097595
vn -0.9575999975204468 -0.287200003862381 0.0203000009059906
vn -0.9575999975204468 0.052400000393390656 0.2831999957561493
vn -0.9571999907493591 -0.2892000079154968 -0.007000000216066837
vn -0.9553999900817871 0.03709999844431877 -0.2930000126361847
vn -0.9546999931335449 0.29760000109672546 0.0012000000569969416
vn -0.954200029373169 0.25859999656677246 0.15060000121593475
vn -0.9531999826431274 0.00139999995008111 0.30219998955726624
vn -0.9526000022888184 0.28700000047683716 0.10130000114440918
vn -0.9523000121116638 -0.24500000476837158 -0.18199999630451202
vn -0.95169997215271 -0.27549999952316284 0.1356000006198883
vn -0.9516000151634216 -0.2768000066280365 -0.1339000016450882
vn -0.9513999819755554 0.24799999594688416 0.1826999932527542
vn -0.9483000040054321 0.3172000050544739 0.0031999999191612005
vn -0.9480000138282776 -0.3176000118255615 0.021800000220537186
vn -0.9435999989509583 0.3215000033378601 -0.07909999787807465
vn -0.9430999755859375 -0.24400000274181366 0.22579999268054962
vn -0.9417999982833862 0.3343000113964081 -0.03480000048875809
vn -0.9413999915122986 -0.32499998807907104 -0.09000000357627869
vn -0.9406999945640564 0.3107999861240387 0.13580000400543213
vn -0.9381999969482422 0.05270000174641609 0.34200000762939453
vn -0.9373000264167786 0.30790001153945923 0.16359999775886536
vn -0.9358000159263611 -0.15610000491142273 -0.3160000145435333
vn -0.9334999918937683 -0.012900000438094139 0.35839998722076416
vn -0.932699978351593 -0.00839999970048666 0.3605000078678131
vn -0.9322999715805054 0.3522000014781952 0.08240000158548355
vn -0.932200014591217 0.29280000925064087 -0.2126999944448471
vn -0.9312000274658203 -0.36410000920295715 -0.016200000420212746
vn -0.9311000108718872 0.11909999698400497 0.3449000120162964
vn -0.9309999942779541 -0.2892000079154968 0.22269999980926514
vn -0.9307000041007996 0.2037999927997589 0.303600013256073
vn -0.9305999875068665 0.29010000824928284 0.22310000658035278
vn -0.9287999868392944 0.28600001335144043 -0.23549999296665192
vn -0.927299976348877 0.24240000545978546 -0.28540000319480896
vn -0.9269999861717224 0.37380000948905945 0.03180000185966492
vn -0.9251999855041504 -0.1671999990940094 0.3407000005245209
vn -0.9244999885559082 0.29420000314712524 0.24220000207424164
vn -0.9243999719619751 0.005400000140070915 0.3815000057220459
vn -0.9235000014305115 0.38359999656677246 0.00860000029206276
vn -0.9232000112533569 0.27889999747276306 -0.26460000872612
vn -0.9230999946594238 0.30160000920295715 -0.23839999735355377
vn -0.9225000143051147 0.38600000739097595 -0.004600000102072954
vn -0.9223999977111816 0.04520000144839287 0.38359999656677246
vn -0.9222000241279602 -0.3725999891757965 0.10379999876022339
vn -0.9214000105857849 0.3880999982357025 -0.01979999989271164
vn -0.9214000105857849 0.38839998841285706 -0.011800000444054604
vn -0.9194999933242798 -0.019999999552965164 0.39250001311302185
vn -0.9190000295639038 -0.15279999375343323 0.36340001225471497
vn -0.9150000214576721 -0.4036000072956085 0.0015999999595806003
vn -0.9146999716758728 0.40369999408721924 -0.016599999740719795
vn -0.9132000207901001 0.2671000063419342 -0.30790001153945923
vn -0.911899983882904 -0.13009999692440033 0.38940000534057617
vn -0.9117000102996826 0.40049999952316284 0.09189999848604202
vn -0.9114999771118164 0.41119998693466187 0.003700000001117587
vn -0.9099000096321106 0.39800000190734863 0.11720000207424164
vn -0.9061999917030334 -0.0568000003695488 -0.4189999997615814
vn -0.90420001745224 -0.3578000068664551 -0.23319999873638153
vn -0.9018999934196472 0.42820000648498535 0.05719999969005585
vn -0.8998000025749207 0.351500004529953 -0.25850000977516174
vn -0.8988999724388123 0.33090001344680786 -0.2874000072479248
vn -0.8977000117301941 0.4327999949455261 0.08290000259876251
vn -0.8956000208854675 -0.23010000586509705 -0.3808000087738037
vn -0.8938999772071838 0.008200000040233135 0.448199987411499
vn -0.8931999802589417 0.4165000021457672 -0.1695999950170517
vn -0.8925999999046326 -0.0284000001847744 -0.44999998807907104
vn -0.8895000219345093 0.45320001244544983 -0.05829999968409538
vn -0.8867999911308289 0.4602999985218048 0.04129999876022339
vn -0.8863999843597412 -0.0017000000225380063 -0.4629000127315521
vn -0.8859999775886536 0.46369999647140503 -0.006000000052154064
vn -0.8848999738693237 -0.2992999851703644 -0.35690000653266907
vn -0.8842999935150146 0.05220000073313713 0.46399998664855957
vn -0.8841999769210815 0.32749998569488525 -0.3330000042915344
vn -0.8838000297546387 0.39899998903274536 0.24449999630451202
vn -0.8835999965667725 -0.09179999679327011 0.45910000801086426
vn -0.8790000081062317 0.46869999170303345 -0.08780000358819962
vn -0.8788999915122986 -0.06809999793767929 -0.47209998965263367
vn -0.8776999711990356 0.03739999979734421 -0.47769999504089355
vn -0.8763999938964844 -0.48170000314712524 -0.0
vn -0.8747000098228455 0.26989999413490295 0.4025000035762787
vn -0.8734999895095825 0.382099986076355 -0.30169999599456787
vn -0.8708000183105469 0.2721000015735626 -0.40939998626708984
vn -0.8672000169754028 0.2003999948501587 -0.45590001344680786
vn -0.8654000163078308 0.38089999556541443 0.3255000114440918
vn -0.8646000027656555 0.4196999967098236 0.2761000096797943
vn -0.8641999959945679 -0.3303999900817871 -0.37959998846054077
vn -0.8615999817848206 0.04610000178217888 -0.5055000185966492
vn -0.857200026512146 -0.3587999939918518 0.3693000078201294
vn -0.8568000197410583 -0.05079999938607216 -0.5131000280380249
vn -0.8557999730110168 0.47440001368522644 -0.20649999380111694
vn -0.8546000123023987 -0.5134000182151794 -0.07810000330209732
vn -0.8540999889373779 0.17829999327659607 -0.4885999858379364
vn -0.8539000153541565 0.4763999879360199 0.2093999981880188
vn -0.8531000018119812 -0.24079999327659607 0.462799996137619
vn -0.8519999980926514 0.5235000252723694 0.010400000028312206
vn -0.8511999845504761 0.16820000112056732 0.49720001220703125
vn -0.8496000170707703 0.28690001368522644 -0.4426000118255615
vn -0.8485999703407288 -0.13030000030994415 -0.5127000212669373
vn -0.8475000262260437 0.5299000144004822 0.03229999914765358
vn -0.8471999764442444 0.22990000247955322 -0.4790000021457672
vn -0.8460999727249146 0.02160000056028366 0.5325000286102295
vn -0.8447999954223633 0.007199999876320362 -0.5350000262260437
vn -0.8443999886512756 -0.06830000132322311 0.5313000082969666
vn -0.8366000056266785 -0.36010000109672546 0.41290000081062317
vn -0.8356999754905701 0.5382999777793884 -0.10840000212192535
vn -0.8349000215530396 0.0803999975323677 -0.5446000099182129
vn -0.8345000147819519 0.5504000186920166 -0.027699999511241913
vn -0.8325999975204468 0.5529000163078308 -0.032499998807907104
vn -0.8313999772071838 0.04179999977350235 -0.554099977016449
vn -0.8284000158309937 -0.13570000231266022 0.54339998960495
vn -0.8274999856948853 -0.07940000295639038 0.5558000206947327
vn -0.8271999955177307 0.5582000017166138 -0.06419999897480011
vn -0.8251000046730042 -0.11309999972581863 -0.553600013256073
vn -0.824999988079071 0.1428000032901764 -0.5468000173568726
vn -0.8245999813079834 0.21649999916553497 -0.5227000117301941
vn -0.8205000162124634 0.3634999990463257 0.44119998812675476
vn -0.8166000247001648 -0.003000000026077032 -0.5771999955177307
vn -0.8159000277519226 0.5781999826431274 0.006399999838322401
vn -0.8133000135421753 -0.006899999920278788 -0.5817000269889832
vn -0.8119999766349792 0.4099999964237213 -0.41530001163482666
vn -0.8119000196456909 0.5835999846458435 -0.0142000000923872
vn -0.8097000122070312 -0.021700000390410423 -0.5863999724388123
vn -0.8097000122070312 0.017999999225139618 -0.5866000056266785
vn -0.8087000250816345 0.08309999853372574 0.5823000073432922
vn -0.8069999814033508 0.36890000104904175 0.4611000120639801
vn -0.8065999746322632 0.5910999774932861 -0.001500000013038516
vn -0.8062000274658203 0.21240000426769257 0.5522000193595886
vn -0.8055999875068665 0.5924000144004822 -0.002300000051036477
vn -0.8044000267982483 -0.06369999796152115 0.5906999707221985
vn -0.8033000230789185 -0.050200000405311584 -0.5934000015258789
vn -0.7993999719619751 0.598800003528595 -0.04800000041723251
vn -0.7973999977111816 0.21729999780654907 0.5630000233650208
vn -0.7955999970436096 0.17649999260902405 0.5795000195503235
vn -0.7943000197410583 -0.19679999351501465 -0.5746999979019165
vn -0.7900999784469604 -0.4715000092983246 -0.3917999863624573
vn -0.7882000207901001 0.43950000405311584 -0.4307999908924103
vn -0.788100004196167 0.02759999968111515 0.6148999929428101
vn -0.786899983882904 0.3610999882221222 0.5002999901771545
vn -0.7864999771118164 0.02969999983906746 0.6169000267982483
vn -0.7864000201225281 -0.049800001084804535 -0.6157000064849854
vn -0.7858999967575073 -0.044199999421834946 0.6168000102043152
vn -0.7850000262260437 -0.007499999832361937 0.6194000244140625
vn -0.7839000225067139 0.33489999175071716 -0.5228000283241272
vn -0.7833999991416931 -0.00989999994635582 0.621399998664856
vn -0.7833999991416931 0.03920000046491623 0.620199978351593
vn -0.7793999910354614 0.17270000278949738 0.6022999882698059
vn -0.7774999737739563 0.36329999566078186 -0.5133000016212463
vn -0.7764000296592712 0.628600001335144 0.04430000111460686
vn -0.7754999995231628 -0.03150000050663948 -0.6305000185966492
vn -0.7752000093460083 0.0210999995470047 -0.6313999891281128
vn -0.7750999927520752 0.003700000001117587 0.6317999958992004
vn -0.7742999792098999 0.6317999958992004 0.035599999129772186
vn -0.7738999724388123 -0.3853999972343445 -0.5026000142097473
vn -0.7717000246047974 -0.061500001698732376 0.6330000162124634
vn -0.7710999846458435 0.5584999918937683 0.30550000071525574
vn -0.7698000073432922 0.27799999713897705 -0.5745999813079834
vn -0.769599974155426 0.0007999999797903001 -0.6384999752044678
vn -0.7684000134468079 0.3693000078201294 0.5227000117301941
vn -0.7681000232696533 -0.2671999931335449 -0.5819000005722046
vn -0.7677000164985657 -0.22759999334812164 -0.5989999771118164
vn -0.7674999833106995 0.640999972820282 0.005799999926239252
vn -0.7656999826431274 -0.08699999749660492 -0.6373000144958496
vn -0.7633000016212463 -0.05820000171661377 0.6434000134468079
vn -0.7631999850273132 0.31769999861717224 -0.5626999735832214
vn -0.7627000212669373 0.3043000102043152 0.5706999897956848
vn -0.7623999714851379 -0.3813000023365021 -0.5228999853134155
vn -0.7623000144958496 0.6471999883651733 0.004399999976158142
vn -0.7615000009536743 -0.010499999858438969 0.6481000185012817
vn -0.7577000260353088 0.5144000053405762 -0.40149998664855957
vn -0.7538999915122986 -0.11129999905824661 0.6474999785423279
vn -0.7524999976158142 0.4927000105381012 0.43700000643730164
vn -0.7476999759674072 0.6639999747276306 0.0052999998442828655
vn -0.7476000189781189 0.004600000102072954 0.6640999913215637
vn -0.7425000071525574 0.039900001138448715 -0.6686999797821045
vn -0.7411999702453613 -0.059300001710653305 0.6686999797821045
vn -0.741100013256073 0.383899986743927 -0.5508999824523926
vn -0.7408999800682068 0.6495000123977661 0.17100000381469727
vn -0.7372999787330627 0.5192000269889832 -0.43230000138282776
vn -0.7368999719619751 0.02199999988079071 -0.675599992275238
vn -0.7337999939918518 0.08209999650716782 0.6743999719619751
vn -0.7336000204086304 0.48429998755455017 -0.4767000079154968
vn -0.7324000000953674 0.680899977684021 -0.0003000000142492354
vn -0.7282000184059143 -0.013899999670684338 -0.6852999925613403
vn -0.7260000109672546 0.6176000237464905 0.30250000953674316
vn -0.7254999876022339 -0.11159999668598175 -0.679099977016449
vn -0.7233999967575073 -0.6395999789237976 0.26010000705718994
vn -0.7233999967575073 0.6823999881744385 0.10530000180006027
vn -0.7231000065803528 -0.08139999955892563 -0.6858999729156494
vn -0.722599983215332 -0.06300000101327896 0.6883999705314636
vn -0.7184000015258789 -0.03530000150203705 0.6948000192642212
vn -0.7157999873161316 -0.03449999913573265 0.6973999738693237
vn -0.7156999707221985 -0.013500000350177288 0.6983000040054321
vn -0.7128999829292297 0.002099999925121665 -0.7013000249862671
vn -0.7124999761581421 0.6658999919891357 0.22120000422000885
vn -0.7124000191688538 -0.007400000002235174 0.70169997215271
vn -0.7113000154495239 -0.041200000792741776 -0.7016000151634216
vn -0.7099999785423279 0.6015999913215637 0.3659999966621399
vn -0.7081000208854675 0.20600000023841858 0.6754000186920166
vn -0.704800009727478 0.00019999999494757503 0.7093999981880188
vn -0.7044000029563904 0.7098000049591064 -0.0031999999191612005
vn -0.7027999758720398 -0.29840001463890076 0.645799994468689
vn -0.7027999758720398 0.0892999991774559 -0.7057999968528748
vn -0.7026000022888184 -0.621999979019165 -0.3456999957561493
vn -0.7020999789237976 0.48069998621940613 0.5253000259399414
vn -0.6991000175476074 0.6312999725341797 -0.33559998869895935
vn -0.6988000273704529 0.1062999963760376 0.7074000239372253
vn -0.6962000131607056 0.574999988079071 0.42969998717308044
vn -0.6940000057220459 -0.030799999833106995 -0.7192999720573425
vn -0.6923999786376953 -0.03819999843835831 0.7204999923706055
vn -0.6919999718666077 -0.30559998750686646 -0.6539999842643738
vn -0.6916999816894531 -0.003599999938160181 -0.7221999764442444
vn -0.6909000277519226 0.6808000206947327 -0.24310000240802765
vn -0.6876000165939331 0.15860000252723694 -0.7085000276565552
vn -0.6869999766349792 0.0007999999797903001 -0.7267000079154968
vn -0.6858999729156494 0.05249999836087227 0.7257999777793884
vn -0.6837000250816345 -0.6931999921798706 0.2280000001192093
vn -0.6833000183105469 -0.02630000002682209 -0.7297000288963318
vn -0.6819999814033508 -0.4487000107765198 0.5776000022888184
vn -0.6815999746322632 0.23229999840259552 -0.6938999891281128
vn -0.6812999844551086 0.25360000133514404 -0.6866999864578247
vn -0.6801000237464905 0.18029999732971191 0.7106000185012817
vn -0.6780999898910522 0.6284999847412109 0.38100001215934753
vn -0.6764000058174133 0.3677999973297119 0.6381000280380249
vn -0.6758000254631042 -0.035100001841783524 -0.736299991607666
vn -0.6751999855041504 -0.039500001817941666 -0.7365999817848206
vn -0.6747000217437744 0.4602999985218048 -0.5770000219345093
vn -0.6711999773979187 0.7373999953269958 -0.07500000298023224
vn -0.6689000129699707 0.002899999963119626 -0.7433000206947327
vn -0.6611999869346619 0.5640000104904175 -0.49459999799728394
vn -0.6607000231742859 0.7444999814033508 0.09560000151395798
vn -0.6589000225067139 0.6209999918937683 -0.4244999885559082
vn -0.6575000286102295 -0.10109999775886536 -0.7465999722480774
vn -0.6572999954223633 0.32739999890327454 -0.6787999868392944
vn -0.6567000150680542 -0.09040000289678574 0.7487000226974487
vn -0.6565999984741211 0.5220000147819519 -0.5443999767303467
vn -0.656499981880188 0.7520999908447266 -0.05779999867081642
vn -0.6564000248908997 0.46380001306533813 0.5950000286102295
vn -0.6553999781608582 0.3734000027179718 -0.656499981880188
vn -0.6549000144004822 0.7551000118255615 0.032099999487400055
vn -0.6546000242233276 0.11630000174045563 -0.746999979019165
vn -0.6499999761581421 0.6517000198364258 -0.39089998602867126
vn -0.6496000289916992 -0.04749999940395355 -0.7588000297546387
vn -0.6481000185012817 -0.08730000257492065 -0.7565000057220459
vn -0.6450999975204468 -0.010400000028312206 -0.7639999985694885
vn -0.6430000066757202 0.30649998784065247 0.7019000053405762
vn -0.6421999931335449 0.7664999961853027 0.010200000368058681
vn -0.6388999819755554 -0.008999999612569809 0.7692999839782715
vn -0.6388000249862671 0.093299999833107 -0.763700008392334
vn -0.6376000046730042 -0.21230000257492065 -0.7404999732971191
vn -0.6358000040054321 0.0044999998062849045 -0.7717999815940857
vn -0.6349999904632568 0.041099999099969864 0.771399974822998
vn -0.6348999738693237 0.1062999963760376 0.7652999758720398
vn -0.6348000168800354 -0.2485000044107437 -0.7315999865531921
vn -0.6342999935150146 -0.04390000179409981 0.7717999815940857
vn -0.6320000290870667 -0.5113999843597412 0.5823000073432922
vn -0.6310999989509583 -0.10530000180006027 -0.7684999704360962
vn -0.6304000020027161 0.3930000066757202 0.6694999933242798
vn -0.6274999976158142 0.6230000257492065 -0.46709999442100525
vn -0.6262000203132629 0.7789999842643738 -0.031599998474121094
vn -0.6255999803543091 -0.12070000171661377 0.7706999778747559
vn -0.6251999735832214 0.09610000252723694 0.7745000123977661
vn -0.6244999766349792 -0.5117999911308289 -0.5899999737739563
vn -0.623199999332428 0.7595000267028809 0.18639999628067017
vn -0.6215000152587891 -0.09830000251531601 -0.7771999835968018
vn -0.6186000108718872 0.19789999723434448 0.7603999972343445
vn -0.6182000041007996 -0.11460000276565552 0.7775999903678894
vn -0.6172999739646912 0.32199999690055847 0.7178000211715698
vn -0.6161999702453613 -0.025800000876188278 0.7871999740600586
vn -0.6159999966621399 -0.03620000183582306 0.786899983882904
vn -0.6158999800682068 -0.023499999195337296 0.7874000072479248
vn -0.6146000027656555 -0.12120000272989273 0.7793999910354614
vn -0.6141999959945679 0.5537999868392944 -0.5620999932289124
vn -0.613099992275238 -0.01360000018030405 0.789900004863739
vn -0.6129999756813049 -0.2393999993801117 0.7529000043869019
vn -0.6128000020980835 0.789900004863739 0.023099999874830246
vn -0.61080002784729 -0.11209999769926071 -0.7838000059127808
vn -0.6087999939918518 0.5881999731063843 0.5322999954223633
vn -0.6083999872207642 0.35839998722076416 0.7081000208854675
vn -0.608299970626831 -0.029100000858306885 -0.7932000160217285
vn -0.608299970626831 0.6355999708175659 -0.47540000081062317
vn -0.6068000197410583 0.10939999669790268 0.7872999906539917
vn -0.6060000061988831 -0.014000000432133675 -0.7954000234603882
vn -0.6050000190734863 -0.06960000097751617 -0.7932000160217285
vn -0.6050000190734863 0.030500000342726707 -0.7957000136375427
vn -0.6032000184059143 -0.09570000320672989 0.7918999791145325
vn -0.6021000146865845 0.35109999775886536 -0.7171000242233276
vn -0.6007999777793884 0.0066999997943639755 0.7993999719619751
vn -0.5995000004768372 0.39010000228881836 -0.6988999843597412
vn -0.5982999801635742 0.8011999726295471 -0.01209999993443489
vn -0.5963000059127808 -0.28029999136924744 0.7523000240325928
vn -0.593999981880188 0.26190000772476196 -0.7605999708175659
vn -0.5929999947547913 0.0027000000700354576 0.8051999807357788
vn -0.5922999978065491 0.8057000041007996 0.0026000000070780516
vn -0.5921000242233276 0.4715999960899353 -0.6535000205039978
vn -0.5888000130653381 0.7602999806404114 0.2743000090122223
vn -0.5885000228881836 -0.05829999968409538 -0.8064000010490417
vn -0.5875999927520752 0.22609999775886536 -0.7768999934196472
vn -0.5871999859809875 0.7409999966621399 0.3257000148296356
vn -0.5828999876976013 -0.25040000677108765 0.7730000019073486
vn -0.5820000171661377 -0.3190000057220459 0.7480000257492065
vn -0.5807999968528748 0.8065000176429749 -0.11029999703168869
vn -0.5795999765396118 0.22269999980926514 -0.7839000225067139
vn -0.5791000127792358 0.5523999929428101 -0.5996000170707703
vn -0.5785999894142151 0.05570000037550926 0.8137000203132629
vn -0.5773000121116638 0.32359999418258667 -0.7497000098228455
vn -0.5771999955177307 0.8166000247001648 0.0019000000320374966
vn -0.5752999782562256 0.544700026512146 -0.6101999878883362
vn -0.5751000046730042 0.8180000185966492 -0.009200000204145908
vn -0.5720999836921692 0.02370000071823597 -0.8198000192642212
vn -0.571399986743927 0.25940001010894775 -0.7785999774932861
vn -0.5702000260353088 0.5565000176429749 -0.6043000221252441
vn -0.5688999891281128 0.521399974822998 0.6359999775886536
vn -0.5640000104904175 0.5264999866485596 0.6360999941825867
vn -0.5627999901771545 -0.030500000342726707 -0.8259999752044678
vn -0.5619000196456909 0.12460000067949295 -0.8177000284194946
vn -0.5605000257492065 0.5920000076293945 0.579200029373169
vn -0.5580999851226807 0.6966999769210815 -0.4507000148296356
vn -0.5533000230789185 -0.003000000026077032 -0.8328999876976013
vn -0.5497000217437744 0.2687000036239624 0.7910000085830688
vn -0.5447999835014343 -0.8133000135421753 0.20419999957084656
vn -0.5443000197410583 0.18289999663829803 -0.8187000155448914
vn -0.5408999919891357 -0.3495999872684479 0.7649999856948853
vn -0.5382000207901001 0.017999999225139618 0.8425999879837036
vn -0.5360000133514404 -0.008700000122189522 -0.8442000150680542
vn -0.5357000231742859 0.09290000051259995 -0.8392999768257141
vn -0.5356000065803528 0.8443999886512756 -0.006500000134110451
vn -0.5349000096321106 -0.024399999529123306 0.8446000218391418
vn -0.5335999727249146 0.1151999980211258 0.8378000259399414
vn -0.5281000137329102 -0.0997999981045723 0.8432999849319458
vn -0.5275999903678894 -0.010999999940395355 0.849399983882904
vn -0.5248000025749207 0.8432999849319458 -0.11590000241994858
vn -0.524399995803833 -0.0478999987244606 -0.8500999808311462
vn -0.5242999792098999 -0.005100000184029341 0.8514999747276306
vn -0.5182999968528748 0.8551999926567078 0.003800000064074993
vn -0.5157999992370605 0.8495000004768372 -0.11089999973773956
vn -0.5142999887466431 -0.28189998865127563 0.8100000023841858
vn -0.51419997215271 0.04859999939799309 -0.8562999963760376
vn -0.5105999708175659 0.4708000123500824 -0.7195000052452087
vn -0.510200023651123 -0.4781999886035919 -0.714900016784668
vn -0.5088000297546387 0.027799999341368675 -0.8604000210762024
vn -0.508400022983551 -0.18960000574588776 0.8399999737739563
vn -0.5051000118255615 0.15360000729560852 0.8493000268936157
vn -0.5051000118255615 0.4821000099182129 0.7159000039100647
vn -0.5026999711990356 0.7087000012397766 0.4950000047683716
vn -0.501800000667572 -0.2240000069141388 -0.8355000019073486
vn -0.49869999289512634 -0.16609999537467957 0.8507000207901001
vn -0.49399998784065247 -0.14589999616146088 0.8571000099182129
vn -0.4934999942779541 0.24140000343322754 0.8356000185012817
vn -0.4934000074863434 0.3813999891281128 0.7817000150680542
vn -0.49309998750686646 0.527400016784668 -0.6917999982833862
vn -0.492000013589859 -0.0008999999845400453 0.8705999851226807
vn -0.48649999499320984 0.3659000098705292 0.79339998960495
vn -0.4855000078678131 -0.2572999894618988 -0.8355000019073486
vn -0.47929999232292175 0.00430000014603138 -0.8776999711990356
vn -0.47850000858306885 -0.27090001106262207 0.8353000283241272
vn -0.47850000858306885 0.026100000366568565 0.8776999711990356
vn -0.4779999852180481 0.011300000362098217 -0.8783000111579895
vn -0.47699999809265137 -0.1145000010728836 0.871399998664856
vn -0.4767000079154968 -0.10890000313520432 -0.8723000288009644
vn -0.47369998693466187 -0.27639999985694885 -0.8361999988555908
vn -0.4731000065803528 0.5813999772071838 -0.661899983882904
vn -0.4724999964237213 -0.008500000461935997 0.8812999725341797
vn -0.4724000096321106 -0.10920000076293945 0.8745999932289124
vn -0.4690000116825104 0.8805999755859375 -0.0681999996304512
vn -0.4681999981403351 0.09210000187158585 0.8787999749183655
vn -0.4681999981403351 0.25519999861717224 -0.8460000157356262
vn -0.46810001134872437 0.013799999840557575 0.8835999965667725
vn -0.4659999907016754 -0.1371999979019165 -0.8741000294685364
vn -0.4625999927520752 0.5397999882698059 0.7032999992370605
vn -0.4564000070095062 0.03480000048875809 0.8891000151634216
vn -0.4546999931335449 0.890500009059906 -0.016599999740719795
vn -0.4530999958515167 -0.19789999723434448 -0.8691999912261963
vn -0.4503999948501587 0.3522999882698059 -0.8203999996185303
vn -0.44760000705718994 0.6355000138282776 0.6291000247001648
vn -0.44589999318122864 0.19089999794960022 -0.8744999766349792
vn -0.4431000053882599 0.5116000175476074 0.7361000180244446
vn -0.44209998846054077 0.8525999784469604 -0.27869999408721924
vn -0.4339999854564667 0.5343000292778015 0.7253999710083008
vn -0.4320000112056732 0.7831000089645386 -0.447299987077713
vn -0.4311000108718872 0.006200000178068876 -0.9023000001907349
vn -0.42910000681877136 -0.005900000222027302 0.9031999707221985
vn -0.42320001125335693 -0.571399986743927 -0.7031000256538391
vn -0.4219000041484833 -0.23999999463558197 0.8743000030517578
vn -0.41690000891685486 0.6460000276565552 0.6395000219345093
vn -0.41510000824928284 -0.04749999940395355 -0.9085000157356262
vn -0.4146000146865845 -0.0066999997943639755 0.9100000262260437
vn -0.41110000014305115 -0.04360000044107437 0.9104999899864197
vn -0.4043000042438507 0.5867000222206116 0.70169997215271
vn -0.3995000123977661 0.571399986743927 0.7168999910354614
vn -0.3968999981880188 0.7419999837875366 -0.5403000116348267
vn -0.3952000141143799 -0.029600000008940697 -0.9180999994277954
vn -0.39309999346733093 0.5777000188827515 0.7153000235557556
vn -0.39089998602867126 0.0771000012755394 0.9172000288963318
vn -0.3905999958515167 -0.006000000052154064 -0.9204999804496765
vn -0.38909998536109924 -0.011699999682605267 -0.9211000204086304
vn -0.3882000148296356 0.6029999852180481 -0.6969000101089478
vn -0.387800008058548 0.4871000051498413 0.7825000286102295
vn -0.3871000111103058 -0.13459999859333038 -0.9121999740600586
vn -0.38600000739097595 0.9222000241279602 -0.02239999920129776
vn -0.38440001010894775 0.6128000020980835 -0.690500020980835
vn -0.3840999901294708 0.8416000008583069 0.3797000050544739
vn -0.38350000977516174 0.8373000025749207 0.3898000121116638
vn -0.382099986076355 0.5356000065803528 -0.7530999779701233
vn -0.3752000033855438 0.8891000151634216 -0.2621999979019165
vn -0.3749000132083893 0.03229999914765358 -0.9265000224113464
vn -0.3743000030517578 0.6121000051498413 -0.6966000199317932
vn -0.373199999332428 0.3285999894142151 -0.8676000237464905
vn -0.3711000084877014 -0.4259999990463257 -0.8251000046730042
vn -0.3596999943256378 -0.9330999851226807 0.0017000000225380063
vn -0.35760000348091125 0.4880000054836273 -0.7961999773979187
vn -0.35749998688697815 -0.933899998664856 9.999999747378752e-05
vn -0.3546999990940094 0.01080000028014183 -0.9348999857902527
vn -0.35269999504089355 0.911899983882904 0.20999999344348907
vn -0.34929999709129333 0.2957000136375427 0.8891000151634216
vn -0.3490000069141388 -0.026799999177455902 -0.9366999864578247
vn -0.34630000591278076 0.48809999227523804 -0.8011000156402588
vn -0.34630000591278076 0.9205999970436096 0.18029999732971191
vn -0.3418999910354614 -0.22699999809265137 0.911899983882904
vn -0.3398999869823456 0.4948999881744385 -0.7997000217437744
vn -0.3346000015735626 0.42590001225471497 -0.8406999707221985
vn -0.3328000009059906 0.007199999876320362 -0.9430000185966492
vn -0.32910001277923584 -0.05550000071525574 0.9427000284194946
vn -0.328000009059906 0.6462000012397766 0.6891000270843506
vn -0.3278999924659729 0.0015999999595806003 -0.9447000026702881
vn -0.3253999948501587 0.6435999870300293 0.692799985408783
vn -0.32429999113082886 0.3495999872684479 -0.8790000081062317
vn -0.32339999079704285 0.41519999504089355 -0.8503000140190125
vn -0.3206999897956848 -0.2581000030040741 0.911300003528595
vn -0.30230000615119934 0.3314000070095062 0.8937000036239624
vn -0.29820001125335693 -0.42800000309944153 0.8532000184059143
vn -0.2944999933242798 0.6141999959945679 -0.732200026512146
vn -0.2919999957084656 -0.3808000087738037 -0.8773000240325928
vn -0.29120001196861267 0.4765999913215637 -0.8295000195503235
vn -0.29100000858306885 0.5705000162124634 0.7680000066757202
vn -0.28380000591278076 0.5773000121116638 -0.7656000256538391
vn -0.2791999876499176 0.08889999985694885 0.9560999870300293
vn -0.2685999870300293 -0.9157999753952026 -0.2987000048160553
vn -0.2612999975681305 0.12639999389648438 0.9569000005722046
vn -0.2563000023365021 0.5717999935150146 -0.7792999744415283
vn -0.25609999895095825 0.3553999960422516 0.8988999724388123
vn -0.2524999976158142 0.3684999942779541 0.8946999907493591
vn -0.2515999972820282 0.3781999945640564 0.8909000158309937
vn -0.2508000135421753 0.13770000636577606 0.9581999778747559
vn -0.24869999289512634 -0.9562000036239624 0.15459999442100525
vn -0.2467000037431717 -0.23669999837875366 0.9397000074386597
vn -0.24320000410079956 -0.7706000208854675 -0.5891000032424927
vn -0.24320000410079956 0.25780001282691956 -0.9351000189781189
vn -0.2425999939441681 -0.013700000010430813 0.9700000286102295
vn -0.23839999735355377 0.5788000226020813 0.7799000144004822
vn -0.23749999701976776 0.5356000065803528 -0.8104000091552734
vn -0.2362000048160553 0.3871999979019165 -0.8912000060081482
vn -0.2320999950170517 -0.2646999955177307 -0.9359999895095825
vn -0.2313999980688095 0.00139999995008111 0.9728999733924866
vn -0.23010000586509705 0.8564000129699707 0.46209999918937683
vn -0.22869999706745148 -0.11959999799728394 0.9660999774932861
vn -0.2273000031709671 -0.004399999976158142 0.973800003528595
vn -0.22419999539852142 0.5339999794960022 -0.8151999711990356
vn -0.22419999539852142 0.5910000205039978 -0.7749000191688538
vn -0.22050000727176666 0.7221999764442444 0.6556000113487244
vn -0.2190999984741211 0.7480000257492065 -0.6265000104904175
vn -0.2184000015258789 0.24390000104904175 -0.9448999762535095
vn -0.21580000221729279 0.02590000070631504 0.9761000275611877
vn -0.21279999613761902 -0.13349999487400055 0.9678999781608582
vn -0.2094999998807907 0.5304999947547913 0.821399986743927
vn -0.20749999582767487 0.5611000061035156 0.8012999892234802
vn -0.20509999990463257 -0.2556999921798706 -0.9448000192642212
vn -0.2037999927997589 -0.005100000184029341 -0.9789999723434448
vn -0.20329999923706055 0.0006000000284984708 0.9790999889373779
vn -0.20080000162124634 -0.6883999705314636 -0.6970000267028809
vn -0.1988999992609024 -0.3260999917984009 -0.9241999983787537
vn -0.1949000060558319 0.9074000120162964 -0.37229999899864197
vn -0.1923000067472458 0.5199000239372253 -0.8323000073432922
vn -0.18960000574588776 0.869700014591217 -0.45559999346733093
vn -0.18790000677108765 -0.0010000000474974513 -0.982200026512146
vn -0.18539999425411224 -0.006099999882280827 0.9825999736785889
vn -0.1800999939441681 -0.008899999782443047 -0.9836000204086304
vn -0.17870000004768372 0.01730000041425228 -0.9836999773979187
vn -0.1784999966621399 -0.37709999084472656 -0.9088000059127808
vn -0.17630000412464142 0.9646000266075134 0.19609999656677246
vn -0.17569999396800995 0.6535999774932861 0.7361999750137329
vn -0.17219999432563782 0.7132999897003174 -0.6794000267982483
vn -0.1712999939918518 0.18529999256134033 0.9675999879837036
vn -0.17100000381469727 0.008299999870359898 0.9851999878883362
vn -0.1696999967098236 0.27900001406669617 0.9452000260353088
vn -0.16680000722408295 -0.6527000069618225 0.7390000224113464
vn -0.16369999945163727 0.1242000013589859 0.9786999821662903
vn -0.16179999709129333 -0.642799973487854 0.7487999796867371
vn -0.1581999957561493 0.16899999976158142 0.9728000164031982
vn -0.14949999749660492 0.004100000020116568 -0.9887999892234802
vn -0.14569999277591705 -0.09489999711513519 0.9847999811172485
vn -0.14309999346733093 -0.16410000622272491 -0.9760000109672546
vn -0.14149999618530273 -0.36910000443458557 -0.9186000227928162
vn -0.13899999856948853 0.13269999623298645 0.9814000129699707
vn -0.13289999961853027 0.5626000165939331 0.8159999847412109
vn -0.13210000097751617 0.32030001282691956 0.9380000233650208
vn -0.12359999865293503 0.8331000208854675 -0.5390999913215637
vn -0.12229999899864197 0.7680000066757202 -0.6287000179290771
vn -0.12150000035762787 0.5835999846458435 0.8029000163078308
vn -0.11869999766349792 0.17560000717639923 0.9772999882698059
vn -0.11840000003576279 0.9926000237464905 0.027400000020861626
vn -0.11739999800920486 0.0010999999940395355 -0.9930999875068665
vn -0.1145000010728836 -0.02449999935925007 0.9930999875068665
vn -0.11379999667406082 0.3294999897480011 0.9373000264167786
vn -0.11129999905824661 -0.003599999938160181 0.9937999844551086
vn -0.1103999987244606 0.486299991607666 0.8668000102043152
vn -0.10660000145435333 0.05480000004172325 -0.9927999973297119
vn -0.10599999874830246 -0.0031999999191612005 0.9944000244140625
vn -0.10540000349283218 0.8112999796867371 0.574999988079071
vn -0.1005999967455864 -0.14630000293254852 0.9840999841690063
vn -0.10000000149011612 0.5827999711036682 -0.8064000010490417
vn -0.09920000284910202 -0.10679999738931656 0.989300012588501
vn -0.09880000352859497 0.16459999978542328 -0.9814000129699707
vn -0.09489999711513519 -0.0632999986410141 0.9934999942779541
vn -0.08910000324249268 0.5406000018119812 0.8364999890327454
vn -0.0794999971985817 -0.051899999380111694 0.9955000281333923
vn -0.0794999971985817 0.58160001039505 -0.809499979019165
vn -0.07890000194311142 0.23690000176429749 -0.9682999849319458
vn -0.07429999858140945 -0.039500001817941666 -0.996399998664856
vn -0.07169999927282333 -0.1535000056028366 -0.9854999780654907
vn -0.0706000030040741 -0.05270000174641609 -0.9961000084877014
vn -0.06949999928474426 -0.03020000085234642 -0.9970999956130981
vn -0.06520000100135803 -0.19539999961853027 -0.978600025177002
vn -0.062300000339746475 0.2793000042438507 -0.9581999778747559
vn -0.061799999326467514 0.3531999886035919 -0.9334999918937683
vn -0.061500001698732376 0.46639999747276306 0.8824999928474426
vn -0.05689999833703041 0.39340001344680786 -0.9175999760627747
vn -0.05609999969601631 -0.1428000032901764 0.9882000088691711
vn -0.05559999868273735 0.8008000254631042 0.5963000059127808
vn -0.05339999869465828 0.9977999925613403 -0.03830000013113022
vn -0.053199999034404755 0.059700001031160355 0.9968000054359436
vn -0.05260000005364418 -0.020099999383091927 0.9983999729156494
vn -0.052299998700618744 -0.45010000467300415 0.8914999961853027
vn -0.05209999904036522 0.027499999850988388 -0.9983000159263611
vn -0.05209999904036522 0.15279999375343323 0.9868999719619751
vn -0.05180000141263008 0.211899995803833 -0.9758999943733215
vn -0.05139999836683273 -0.3149999976158142 0.947700023651123
vn -0.050999999046325684 0.6495000123977661 0.7585999965667725
vn -0.04830000177025795 0.7630000114440918 -0.644599974155426
vn -0.04740000143647194 -0.02160000056028366 -0.9986000061035156
vn -0.045499999076128006 0.7560999989509583 -0.652899980545044
vn -0.04520000144839287 0.061500001698732376 -0.9970999956130981
vn -0.044599998742341995 -0.027499999850988388 0.9986000061035156
vn -0.04340000078082085 -0.017899999395012856 -0.9988999962806702
vn -0.0430000014603138 -0.10140000283718109 -0.9939000010490417
vn -0.04149999842047691 0.588699996471405 0.8072999715805054
vn -0.04089999943971634 0.121799997985363 0.9916999936103821
vn -0.039799999445676804 -0.37619999051094055 -0.9257000088691711
vn -0.039400000125169754 0.0568000003695488 -0.9976000189781189
vn -0.03920000046491623 0.019300000742077827 0.9990000128746033
vn -0.03889999911189079 -0.01080000028014183 -0.9991999864578247
vn -0.03700000047683716 -0.11659999936819077 0.9925000071525574
vn -0.03660000115633011 0.8553000092506409 -0.5169000029563904
vn -0.03440000116825104 0.0414000004529953 0.9986000061035156
vn -0.03400000184774399 -0.2676999866962433 0.9628999829292297
vn -0.03150000050663948 -0.14390000700950623 -0.9890999794006348
vn -0.029899999499320984 -0.259799987077713 0.9652000069618225
vn -0.029100000858306885 -0.48330000042915344 -0.875
vn -0.027499999850988388 -0.1656000018119812 -0.98580002784729
vn -0.026499999687075615 0.3625999987125397 -0.9315999746322632
vn -0.025100000202655792 -0.2321999967098236 0.9722999930381775
vn -0.02410000003874302 0.39910000562667847 0.9165999889373779
vn -0.023399999365210533 0.986299991607666 -0.16329999268054962
vn -0.023099999874830246 -0.061799999326467514 0.9977999925613403
vn -0.02250000089406967 -0.6671000123023987 -0.7445999979972839
vn -0.021800000220537186 0.8222000002861023 -0.5687999725341797
vn -0.0203000009059906 0.6723999977111816 -0.7398999929428101
vn -0.019700000062584877 0.3059000074863434 0.9519000053405762
vn -0.01860000006854534 0.32109999656677246 -0.9469000101089478
vn -0.018400000408291817 -0.33719998598098755 -0.9412000179290771
vn -0.01810000091791153 -0.2328999936580658 -0.9722999930381775
vn -0.016699999570846558 0.5898000001907349 -0.8072999715805054
vn -0.016499999910593033 -0.10520000010728836 0.9943000078201294
vn -0.016200000420212746 0.4869999885559082 -0.873199999332428
vn -0.016100000590085983 0.5870000123977661 0.8094000220298767
vn -0.015300000086426735 0.25619998574256897 -0.9664999842643738
vn -0.014499999582767487 0.06340000033378601 0.9979000091552734
vn -0.014399999752640724 -0.1420000046491623 0.989799976348877
vn -0.014299999922513962 0.4851999878883362 -0.8743000030517578
vn -0.013399999588727951 -0.2053000032901764 -0.978600025177002
vn -0.013199999928474426 0.7688999772071838 -0.63919997215271
vn -0.012000000104308128 0.8981999754905701 0.43939998745918274
vn -0.011800000444054604 -0.017799999564886093 0.9998000264167786
vn -0.011099999770522118 0.0835999995470047 0.996399998664856
vn -0.010900000110268593 0.08980000019073486 0.9958999752998352
vn -0.009700000286102295 0.3716000020503998 0.9283000230789185
vn -0.009600000455975533 -0.15029999613761902 -0.9886000156402588
vn -0.009499999694526196 0.2786000072956085 -0.9603999853134155
vn -0.00860000029206276 -0.22360000014305115 -0.9746000170707703
vn -0.00860000029206276 0.6334999799728394 0.7736999988555908
vn -0.008500000461935997 -0.22020000219345093 0.9753999710083008
vn -0.008500000461935997 -0.17839999496936798 -0.9839000105857849
vn -0.00800000037997961 -0.939300000667572 -0.34290000796318054
vn -0.007799999788403511 0.9976000189781189 -0.06930000334978104
vn -0.007600000128149986 0.6832000017166138 0.7301999926567078
vn -0.007300000172108412 0.9987999796867371 -0.04820000007748604
vn -0.007199999876320362 -0.9998999834060669 -0.010999999940395355
vn -0.0071000000461936 -0.09220000356435776 0.9957000017166138
vn -0.0071000000461936 0.7009999752044678 0.713100016117096
vn -0.007000000216066837 -0.19030000269412994 -0.9817000031471252
vn -0.006599999964237213 0.00570000009611249 1.0
vn -0.006300000008195639 0.13079999387264252 -0.9914000034332275
vn -0.006000000052154064 -0.30869999527931213 0.9510999917984009
vn -0.005400000140070915 -0.09369999915361404 0.9955999851226807
vn -0.005200000014156103 -0.09799999743700027 -0.995199978351593
vn -0.005200000014156103 0.8557999730110168 -0.5171999931335449
vn -0.005100000184029341 -0.18209999799728394 0.983299970626831
vn -0.005100000184029341 -0.1639000028371811 0.9865000247955322
vn -0.005100000184029341 0.9157999753952026 -0.40149998664855957
vn -0.004600000102072954 -1.0 0.003000000026077032
vn -0.004000000189989805 -0.14640000462532043 0.9891999959945679
vn -0.0031999999191612005 -0.9857000112533569 0.16859999299049377
vn -0.003100000089034438 0.06949999928474426 0.9976000189781189
vn -0.003000000026077032 -0.15970000624656677 0.9872000217437744
vn -0.003000000026077032 -0.0746999979019165 -0.9972000122070312
vn -0.0024999999441206455 0.11990000307559967 -0.9927999973297119
vn -0.002199999988079071 0.015699999406933784 0.9998999834060669
vn -0.0020000000949949026 0.16949999332427979 -0.9854999780654907
vn -0.0020000000949949026 0.31839999556541443 -0.9478999972343445
vn -0.0020000000949949026 0.8446999788284302 0.5351999998092651
vn -0.0017000000225380063 -0.1216999962925911 -0.9926000237464905
vn -0.0015999999595806003 -0.37959998846054077 -0.9251000285148621
vn -0.001500000013038516 0.5533000230789185 0.8330000042915344
vn -0.0013000000035390258 0.4203000068664551 -0.9074000120162964
vn -0.0013000000035390258 0.439300000667572 0.8982999920845032
vn -0.0008999999845400453 -0.18050000071525574 0.9836000204086304
vn -0.0008999999845400453 0.733299970626831 -0.6798999905586243
vn -0.0006000000284984708 0.028200000524520874 -0.9995999932289124
vn -0.00039999998989515007 -1.0 -0.0003000000142492354
vn -0.00039999998989515007 -0.10980000346899033 0.9940000176429749
vn -0.00019999999494757503 0.8263999819755554 0.5630000233650208
vn -0.00019999999494757503 0.8460000157356262 0.5332000255584717
vn -9.999999747378752e-05 -0.3587000072002411 0.9333999752998352
vn -0.0 -0.24230000376701355 -0.9702000021934509
vn 9.999999747378752e-05 -1.0 -0.007799999788403511
vn 9.999999747378752e-05 -0.13339999318122864 -0.991100013256073
vn 0.00019999999494757503 0.18889999389648438 -0.9819999933242798
vn 0.00019999999494757503 0.4562999904155731 0.8898000121116638
vn 0.0003000000142492354 -0.6811000108718872 0.732200026512146
vn 0.0003000000142492354 0.7799000144004822 -0.6258999705314636
vn 0.0003000000142492354 0.9948999881744385 0.10040000081062317
vn 0.00039999998989515007 0.026100000366568565 -0.9997000098228455
vn 0.00039999998989515007 0.654699981212616 -0.7559000253677368
vn 0.00039999998989515007 0.9059000015258789 0.4235000014305115
vn 0.0005000000237487257 -0.678600013256073 -0.734499990940094
vn 0.0006000000284984708 0.262800008058548 0.9648000001907349
vn 0.000699999975040555 -0.09030000120401382 -0.9958999752998352
vn 0.0007999999797903001 -0.2944999933242798 -0.9556999802589417
vn 0.0007999999797903001 -0.14560000598430634 0.989300012588501
vn 0.0007999999797903001 0.732699990272522 0.6804999709129333
vn 0.0013000000035390258 -0.33149999380111694 0.9434999823570251
vn 0.0015999999595806003 0.49380001425743103 0.8694999814033508
vn 0.0020000000949949026 0.9991000294685364 -0.042100001126527786
vn 0.002400000113993883 -0.22840000689029694 -0.9735999703407288
vn 0.0026000000070780516 -0.1388999968767166 0.9902999997138977
vn 0.0026000000070780516 0.5062000155448914 0.8623999953269958
vn 0.0027000000700354576 0.7353000044822693 0.6777999997138977
vn 0.0031999999191612005 0.560699999332428 0.828000009059906
vn 0.0031999999191612005 0.6017000079154968 -0.7986999750137329
vn 0.0034000000450760126 -0.19629999995231628 -0.9804999828338623
vn 0.003700000001117587 0.6263999938964844 -0.7795000076293945
vn 0.003800000064074993 0.025299999862909317 -0.9997000098228455
vn 0.004800000227987766 0.1274999976158142 0.9918000102043152
vn 0.004900000058114529 -0.262800008058548 0.9648000001907349
vn 0.005200000014156103 -0.16210000216960907 -0.9868000149726868
vn 0.005400000140070915 0.08709999918937683 0.9962000250816345
vn 0.005900000222027302 0.5878000259399414 -0.808899998664856
vn 0.005900000222027302 0.6485999822616577 -0.7610999941825867
vn 0.006099999882280827 -0.19249999523162842 0.9812999963760376
vn 0.006300000008195639 0.09120000153779984 -0.9958000183105469
vn 0.006599999964237213 -0.39469999074935913 -0.9187999963760376
vn 0.006599999964237213 0.9993000030517578 -0.0364999994635582
vn 0.007400000002235174 -0.006099999882280827 1.0
vn 0.007499999832361937 -0.25920000672340393 -0.9657999873161316
vn 0.00800000037997961 0.7465999722480774 0.6651999950408936
vn 0.008299999870359898 -0.17980000376701355 -0.9836999773979187
vn 0.00839999970048666 -0.2305999994277954 -0.9729999899864197
vn 0.008500000461935997 0.7760000228881836 -0.6305999755859375
vn 0.008799999952316284 -0.10700000077486038 -0.9941999912261963
vn 0.008999999612569809 0.9316999912261963 0.36309999227523804
vn 0.00930000003427267 0.9995999932289124 -0.02800000086426735
vn 0.009399999864399433 -1.0 -0.002199999988079071
vn 0.009499999694526196 0.017899999395012856 0.9998000264167786
vn 0.010200000368058681 -0.19470000267028809 0.9807999730110168
vn 0.010300000198185444 0.6319000124931335 0.7749999761581421
vn 0.010999999940395355 -0.2736999988555908 -0.9617999792098999
vn 0.011599999852478504 -0.5753999948501587 -0.817799985408783
vn 0.012000000104308128 -0.5268999934196472 -0.8497999906539917
vn 0.01209999993443489 -0.18019999563694 -0.9836000204086304
vn 0.01209999993443489 0.11699999868869781 -0.9930999875068665
vn 0.012799999676644802 0.5223000049591064 -0.8526999950408936
vn 0.013199999928474426 0.5540000200271606 0.8324000239372253
vn 0.013399999588727951 -0.17820000648498535 -0.9839000105857849
vn 0.01360000018030405 0.47929999232292175 0.8776000142097473
vn 0.013700000010430813 0.044599998742341995 -0.9988999962806702
vn 0.0142000000923872 0.13289999961853027 -0.9909999966621399
vn 0.014299999922513962 0.6446999907493591 -0.7642999887466431
vn 0.014700000174343586 -0.9995999932289124 0.024000000208616257
vn 0.01489999983459711 0.5605000257492065 -0.828000009059906
vn 0.015599999576807022 -0.3691999912261963 -0.9291999936103821
vn 0.01600000075995922 -0.17970000207424164 0.9836000204086304
vn 0.01730000041425228 0.015300000086426735 0.9997000098228455
vn 0.01769999973475933 -0.06120000034570694 0.9980000257492065
vn 0.019700000062584877 0.920199990272522 0.39089998602867126
vn 0.019999999552965164 0.06369999796152115 0.9977999925613403
vn 0.020400000736117363 -0.164900004863739 -0.9861000180244446
vn 0.020400000736117363 0.6639999747276306 -0.7475000023841858
vn 0.020800000056624413 0.12970000505447388 -0.9912999868392944
vn 0.021400000900030136 0.7713000178337097 -0.6360999941825867
vn 0.0215000007301569 -0.08349999785423279 0.9962999820709229
vn 0.02199999988079071 -0.13920000195503235 0.9900000095367432
vn 0.023399999365210533 -0.02199999988079071 0.9994999766349792
vn 0.023499999195337296 -0.13199999928474426 -0.9909999966621399
vn 0.02370000071823597 0.5611000061035156 0.8274000287055969
vn 0.025100000202655792 -0.11969999969005585 -0.9925000071525574
vn 0.02539999969303608 -0.005200000014156103 -0.9997000098228455
vn 0.02590000070631504 -0.01209999993443489 -0.9995999932289124
vn 0.02590000070631504 0.19050000607967377 0.9812999963760376
vn 0.026599999517202377 0.16660000383853912 -0.9857000112533569
vn 0.02759999968111515 0.6588000059127808 0.751800000667572
vn 0.029100000858306885 -0.01269999984651804 0.9994999766349792
vn 0.02930000051856041 -0.4169999957084656 0.9083999991416931
vn 0.029400000348687172 0.07370000332593918 0.9969000220298767
vn 0.02969999983906746 0.732200026512146 0.6804999709129333
vn 0.02969999983906746 0.9987999796867371 -0.03799999877810478
vn 0.030300000682473183 -0.19920000433921814 0.9794999957084656
vn 0.032600000500679016 0.5921000242233276 -0.8051999807357788
vn 0.03480000048875809 0.9984999895095825 -0.041099999099969864
vn 0.03519999980926514 0.27880001068115234 -0.9596999883651733
vn 0.03590000048279762 0.3368000090122223 -0.9409000277519226
vn 0.03610000014305115 0.46320000290870667 -0.8855000138282776
vn 0.03669999912381172 0.000699999975040555 -0.9993000030517578
vn 0.03929999843239784 -0.4230000078678131 0.9053000211715698
vn 0.03970000147819519 0.6668000221252441 -0.7440999746322632
vn 0.039900001138448715 0.06790000200271606 -0.9969000220298767
vn 0.04149999842047691 -0.24709999561309814 0.9681000113487244
vn 0.04699999839067459 0.6381999850273132 -0.7684000134468079
vn 0.04729999974370003 0.3955000042915344 -0.9172999858856201
vn 0.04740000143647194 0.9965999722480774 0.06800000369548798
vn 0.04749999940395355 0.4311999976634979 -0.9010000228881836
vn 0.04800000041723251 0.45680001378059387 -0.8883000016212463
vn 0.048700001090765 0.25029999017715454 0.9670000076293945
vn 0.049800001084804535 -0.000699999975040555 -0.9987999796867371
vn 0.05119999870657921 -0.3702000081539154 0.9275000095367432
vn 0.05220000073313713 0.350600004196167 0.9351000189781189
vn 0.05270000174641609 0.01360000018030405 -0.9984999895095825
vn 0.054099999368190765 -0.010499999858438969 0.9984999895095825
vn 0.05590000003576279 0.3695000112056732 -0.9276000261306763
vn 0.05790000036358833 0.6330000162124634 0.7720000147819519
vn 0.05999999865889549 0.5418999791145325 0.8382999897003174
vn 0.060600001364946365 -0.008999999612569809 0.9980999827384949
vn 0.06610000133514404 -0.33469998836517334 0.9399999976158142
vn 0.06689999997615814 0.1282999962568283 -0.9894999861717224
vn 0.06689999997615814 0.5049999952316284 0.8604999780654907
vn 0.06909999996423721 0.39430001378059387 -0.9164000153541565
vn 0.06960000097751617 0.9973000288009644 0.02459999918937683
vn 0.06989999860525131 0.2937000095844269 -0.9532999992370605
vn 0.07000000029802322 0.42989999055862427 0.9002000093460083
vn 0.07249999791383743 -0.06920000165700912 0.9950000047683716
vn 0.07259999960660934 -0.1257999986410141 0.9894000291824341
vn 0.07259999960660934 0.38449999690055847 -0.9203000068664551
vn 0.07270000129938126 -0.04800000041723251 -0.9962000250816345
vn 0.0731000006198883 0.2784000039100647 -0.9577000141143799
vn 0.0738999992609024 0.9667999744415283 -0.24449999630451202
vn 0.07720000296831131 0.5855000019073486 0.8069999814033508
vn 0.07930000126361847 -0.0052999998442828655 -0.9968000054359436
vn 0.07930000126361847 0.3479999899864197 -0.9340999722480774
vn 0.07989999651908875 0.22050000727176666 0.972100019454956
vn 0.07999999821186066 -0.14959999918937683 -0.9854999780654907
vn 0.0803999975323677 0.06800000369548798 0.9944000244140625
vn 0.08110000193119049 -0.13930000364780426 0.9868999719619751
vn 0.08179999887943268 0.29809999465942383 0.9509999752044678
vn 0.08259999752044678 0.35429999232292175 0.9315000176429749
vn 0.08320000022649765 -0.029100000858306885 -0.9961000084877014
vn 0.08510000258684158 -0.07249999791383743 0.9937000274658203
vn 0.09009999781847 0.4936999976634979 0.8650000095367432
vn 0.09109999984502792 -0.2987000048160553 -0.949999988079071
vn 0.093299999833107 0.010400000028312206 0.9955999851226807
vn 0.09510000050067902 -0.026599999517202377 0.9951000213623047
vn 0.09849999845027924 0.00419999985024333 -0.9951000213623047
vn 0.10300000011920929 0.007899999618530273 -0.9945999979972839
vn 0.10649999976158142 0.4284999966621399 -0.8973000049591064
vn 0.10729999840259552 -0.14560000598430634 -0.9835000038146973
vn 0.10740000009536743 -0.2054000049829483 0.9728000164031982
vn 0.1136000007390976 0.025599999353289604 0.9932000041007996
vn 0.11389999836683273 0.03539999946951866 0.992900013923645
vn 0.11400000005960464 0.37689998745918274 0.9192000031471252
vn 0.11550000309944153 0.5921000242233276 -0.7975000143051147
vn 0.11749999970197678 0.4214000105857849 0.8992000222206116
vn 0.1177000030875206 0.02449999935925007 -0.9927999973297119
vn 0.11810000240802765 -0.019300000742077827 -0.9927999973297119
vn 0.12070000171661377 0.17739999294281006 -0.9767000079154968
vn 0.12359999865293503 -0.11029999703168869 0.9861999750137329
vn 0.12870000302791595 0.3276999890804291 0.9359999895095825
vn 0.13079999387264252 -0.14669999480247498 -0.9804999828338623
vn 0.1324000060558319 0.383899986743927 0.9138000011444092
vn 0.13369999825954437 -0.5814999938011169 0.8025000095367432
vn 0.1340000033378601 0.23000000417232513 0.9639000296592712
vn 0.13650000095367432 0.9229999780654907 -0.3598000109195709
vn 0.13860000669956207 -0.0010000000474974513 -0.9902999997138977
vn 0.14010000228881836 -0.7019000053405762 -0.6983000040054321
vn 0.14630000293254852 -0.01489999983459711 -0.9890999794006348
vn 0.14959999918937683 0.12430000305175781 -0.98089998960495
vn 0.15049999952316284 0.4447000026702881 0.8828999996185303
vn 0.15070000290870667 -0.6651999950408936 0.7312999963760376
vn 0.15649999678134918 0.045499999076128006 0.9865999817848206
vn 0.16030000150203705 0.29490000009536743 0.9419999718666077
vn 0.16179999709129333 0.22339999675750732 0.9611999988555908
vn 0.1647000014781952 -0.01269999984651804 0.986299991607666
vn 0.1664000004529953 -0.7182000279426575 0.6757000088691711
vn 0.1670999974012375 0.05130000039935112 -0.9846000075340271
vn 0.17839999496936798 -0.27160000801086426 -0.9456999897956848
vn 0.18880000710487366 0.5785999894142151 -0.79339998960495
vn 0.1988999992609024 0.9449999928474426 -0.25949999690055847
vn 0.2020999938249588 0.6468999981880188 0.7353000044822693
vn 0.20239999890327454 -0.4496000111103058 0.8700000047683716
vn 0.2070000022649765 0.8999000191688538 -0.3837999999523163
vn 0.20800000429153442 0.48030000925064087 0.8521000146865845
vn 0.21040000021457672 0.4950999915599823 0.8429999947547913
vn 0.21299999952316284 0.45419999957084656 0.8650000095367432
vn 0.21439999341964722 -0.026399999856948853 0.9764000177383423
vn 0.21480000019073486 0.8996999859809875 -0.3799000084400177
vn 0.21559999883174896 0.27059999108314514 0.9381999969482422
vn 0.21719999611377716 -0.2838999927043915 0.933899998664856
vn 0.22020000219345093 -0.9440000057220459 0.24570000171661377
vn 0.2206999957561493 -0.20280000567436218 -0.9539999961853027
vn 0.22750000655651093 -0.08990000188350677 -0.9696000218391418
vn 0.23739999532699585 -0.37400001287460327 -0.8964999914169312
vn 0.23800000548362732 0.6036999821662903 -0.7608000040054321
vn 0.24199999868869781 0.9133999943733215 -0.3271999955177307
vn 0.2451000064611435 -0.23909999430179596 0.9395999908447266
vn 0.24779999256134033 0.6236000061035156 -0.7414000034332275
vn 0.24879999458789825 -0.18649999797344208 0.9503999948501587
vn 0.26159998774528503 0.4415999948978424 -0.8582000136375427
vn 0.2623000144958496 0.11990000307559967 0.9574999809265137
vn 0.26260000467300415 0.5027999877929688 -0.8235999941825867
vn 0.2639999985694885 0.9419999718666077 -0.20720000565052032
vn 0.26510000228881836 0.44510000944137573 -0.8553000092506409
vn 0.2718999981880188 0.37389999628067017 -0.8866999745368958
vn 0.27559998631477356 0.5580000281333923 0.7827000021934509
vn 0.2770000100135803 0.43369999527931213 -0.8575000166893005
vn 0.2808000147342682 -0.20340000092983246 0.9380000233650208
vn 0.2824999988079071 -0.27239999175071716 0.9197999835014343
vn 0.2825999855995178 0.913100004196167 -0.2937999963760376
vn 0.2849000096321106 -0.023900000378489494 0.958299994468689
vn 0.2856999933719635 0.37770000100135803 0.8806999921798706
vn 0.2879999876022339 0.6700000166893005 0.6841999888420105
vn 0.28870001435279846 0.6539999842643738 -0.6992999911308289
vn 0.2939999997615814 -0.2766000032424927 -0.914900004863739
vn 0.29989999532699585 0.6934000253677368 -0.6550999879837036
vn 0.3019999861717224 -0.1647000014781952 -0.9390000104904175
vn 0.30630001425743103 0.9506000280380249 -0.05040000006556511
vn 0.3077000081539154 0.07329999655485153 0.9487000107765198
vn 0.3100999891757965 -0.0869000032544136 -0.9466999769210815
vn 0.311599999666214 0.426800012588501 0.8489999771118164
vn 0.3127000033855438 0.9470999836921692 0.07180000096559525
vn 0.3208000063896179 0.156700000166893 0.9340999722480774
vn 0.3314000070095062 -0.27459999918937683 -0.9025999903678894
vn 0.33640000224113464 0.051100000739097595 -0.9402999877929688
vn 0.33730000257492065 0.5063999891281128 0.7936000227928162
vn 0.3379000127315521 -0.9287999868392944 -0.15189999341964722
vn 0.3382999897003174 0.040800001472234726 -0.9401999711990356
vn 0.33959999680519104 0.47679999470710754 -0.8108000159263611
vn 0.3407000005245209 0.40849998593330383 -0.8468000292778015
vn 0.3452000021934509 -0.26600000262260437 0.8999999761581421
vn 0.3508000075817108 0.829200029373169 0.4350999891757965
vn 0.35280001163482666 0.43369999527931213 0.8291000127792358
vn 0.36390000581741333 -0.35199999809265137 0.8623999953269958
vn 0.36640000343322754 -0.25049999356269836 0.8960999846458435
vn 0.36660000681877136 0.21060000360012054 -0.9061999917030334
vn 0.37139999866485596 0.4334000051021576 -0.8210999965667725
vn 0.3718999922275543 0.5947999954223633 0.7127000093460083
vn 0.38109999895095825 0.5831999778747559 -0.7174000144004822
vn 0.38119998574256897 0.46299999952316284 0.8001999855041504
vn 0.38119998574256897 0.6166999936103821 0.6887000203132629
vn 0.3822000026702881 -0.11580000072717667 -0.9168000221252441
vn 0.38269999623298645 -0.6238999962806702 0.6814000010490417
vn 0.38429999351501465 -0.9232000112533569 -0.0017999999690800905
vn 0.38449999690055847 0.41200000047683716 -0.8260999917984009
vn 0.3849000036716461 0.6168000102043152 0.6866000294685364
vn 0.3896999955177307 0.9208999872207642 -0.0010999999940395355
vn 0.39079999923706055 0.8274000287055969 -0.4034000039100647
vn 0.3912999927997589 0.06589999794960022 0.917900025844574
vn 0.391400009393692 -0.1712000072002411 -0.90420001745224
vn 0.3952000141143799 0.5954999923706055 -0.699400007724762
vn 0.3953000009059906 0.9186000227928162 0.002400000113993883
vn 0.4027000069618225 -0.019600000232458115 -0.9150999784469604
vn 0.40299999713897705 -0.018699999898672104 0.9150000214576721
vn 0.40459999442100525 0.4494999945163727 0.7964000105857849
vn 0.4083999991416931 0.34929999709129333 0.8432999849319458
vn 0.4097000062465668 0.5824999809265137 -0.7020999789237976
vn 0.41040000319480896 0.0024999999441206455 -0.911899983882904
vn 0.4106000065803528 0.26080000400543213 -0.8737000226974487
vn 0.4113999903202057 -0.01640000008046627 -0.911300003528595
vn 0.41339999437332153 0.9103999733924866 -0.017400000244379044
vn 0.4196999967098236 -0.0006000000284984708 -0.9077000021934509
vn 0.42329999804496765 -0.09560000151395798 0.9010000228881836
vn 0.42340001463890076 0.05810000002384186 -0.9041000008583069
vn 0.42340001463890076 0.8209999799728394 0.3831000030040741
vn 0.42559999227523804 -0.9049000144004822 0.0007999999797903001
vn 0.4302000105381012 0.13349999487400055 -0.892799973487854
vn 0.43220001459121704 0.3646000027656555 -0.8248000144958496
vn 0.43369999527931213 -0.09109999984502792 0.8964999914169312
vn 0.4350999891757965 -0.04190000146627426 0.899399995803833
vn 0.43810001015663147 0.7508999705314636 0.4941999912261963
vn 0.44110000133514404 -0.29330000281333923 0.8482000231742859
vn 0.4415000081062317 0.6327000260353088 -0.6362000107765198
vn 0.44279998540878296 -0.10419999808073044 -0.890500009059906
vn 0.4480000138282776 -0.06530000269412994 -0.8916000127792358
vn 0.44850000739097595 -0.07400000095367432 -0.8906999826431274
vn 0.45190000534057617 0.10970000177621841 0.8852999806404114
vn 0.454800009727478 -0.02019999921321869 -0.8903999924659729
vn 0.45739999413490295 0.88919997215271 0.011300000362098217
vn 0.45899999141693115 0.35850000381469727 0.8129000067710876
vn 0.4616999924182892 -0.03660000115633011 0.8863000273704529
vn 0.4668999910354614 -0.5026999711990356 -0.7275000214576721
vn 0.4684999883174896 0.8813999891281128 0.06040000170469284
vn 0.47110000252723694 0.7304999828338623 -0.4943999946117401
vn 0.4740000069141388 0.5292999744415283 0.7037000060081482
vn 0.47769999504089355 0.12330000102519989 0.8697999715805054
vn 0.47859999537467957 0.8348000049591064 -0.2721000015735626
vn 0.4794999957084656 0.3756999969482422 -0.7929999828338623
vn 0.47999998927116394 -0.20170000195503235 0.8537999987602234
vn 0.48069998621940613 0.15129999816417694 0.8636999726295471
vn 0.4894999861717224 0.47870001196861267 0.7287999987602234
vn 0.4903999865055084 0.3538999855518341 -0.7964000105857849
vn 0.49059998989105225 0.3871000111103058 0.7807000279426575
vn 0.4918000102043152 0.40070000290870667 -0.7730000019073486
vn 0.4934000074863434 0.7409999966621399 -0.45559999346733093
vn 0.49399998784065247 0.04470000043511391 0.8683000206947327
vn 0.4943000078201294 0.037300001829862595 -0.8684999942779541
vn 0.4977000057697296 0.8267999887466431 0.2619999945163727
vn 0.4982999861240387 0.15279999375343323 -0.8535000085830688
vn 0.4991999864578247 0.07620000094175339 0.863099992275238
vn 0.5001999735832214 0.703499972820282 -0.504800021648407
vn 0.5008000135421753 0.051600001752376556 -0.8640000224113464
vn 0.5012999773025513 0.8652999997138977 0.00039999998989515007
vn 0.5023999810218811 -0.09989999979734421 -0.8589000105857849
vn 0.5060999989509583 0.24250000715255737 -0.8277000188827515
vn 0.5091999769210815 -0.2856999933719635 -0.8119000196456909
vn 0.5095999836921692 0.4984999895095825 0.7013000249862671
vn 0.5110999941825867 0.44679999351501465 -0.7343000173568726
vn 0.5116999745368958 0.6057999730110168 0.6092000007629395
vn 0.5126000046730042 -0.04490000009536743 -0.8575000166893005
vn 0.5149999856948853 -0.1746000051498413 -0.8392000198364258
vn 0.5163999795913696 0.4756999909877777 0.7120000123977661
vn 0.5174000263214111 -0.04800000041723251 0.8543999791145325
vn 0.5175999999046326 -0.09529999643564224 0.8503000140190125
vn 0.5178999900817871 0.06430000066757202 0.8529999852180481
vn 0.5181000232696533 0.7243000268936157 -0.454800009727478
vn 0.5184999704360962 0.45669999718666077 0.7228999733924866
vn 0.519599974155426 -0.5297999978065491 -0.6703000068664551
vn 0.5232999920845032 0.019600000232458115 0.8518999814987183
vn 0.5232999920845032 0.3903000056743622 -0.7576000094413757
vn 0.5238999724388123 0.41130000352859497 -0.7458999752998352
vn 0.5254999995231628 0.2752000093460083 -0.8050000071525574
vn 0.5281000137329102 0.8009999990463257 0.28209999203681946
vn 0.5311999917030334 0.7919999957084656 0.30070000886917114
vn 0.5343999862670898 0.8080000281333923 -0.24799999594688416
vn 0.534600019454956 0.8450999855995178 -0.0052999998442828655
vn 0.5353000164031982 -0.05310000106692314 0.8429999947547913
vn 0.5357999801635742 0.5370000004768372 0.6516000032424927
vn 0.5360000133514404 0.0272000003606081 -0.8438000082969666
vn 0.5368000268936157 0.6825000047683716 0.4959999918937683
vn 0.5389000177383423 0.028599999845027924 0.8418999910354614
vn 0.541700005531311 0.15600000321865082 0.8259999752044678
vn 0.5419999957084656 0.5123000144958496 -0.666100025177002
vn 0.5454000234603882 0.005799999926239252 -0.8381999731063843
vn 0.545799970626831 0.7967000007629395 0.25949999690055847
vn 0.5482000112533569 0.8363000154495239 -0.0017000000225380063
vn 0.54830002784729 0.8356999754905701 -0.03189999982714653
vn 0.5504999756813049 0.6445000171661377 -0.5306000113487244
vn 0.5512999892234802 -0.08940000087022781 -0.8295000195503235
vn 0.552299976348877 -0.05959999933838844 0.8314999938011169
vn 0.5559999942779541 0.2370000034570694 -0.7967000007629395
vn 0.5559999942779541 0.5889999866485596 -0.5864999890327454
vn 0.5562000274658203 -0.06780000030994415 0.8282999992370605
vn 0.5598999857902527 -0.29820001125335693 -0.7730000019073486
vn 0.5612000226974487 0.00839999970048666 0.8276000022888184
vn 0.5615000128746033 -0.0017999999690800905 -0.8274000287055969
vn 0.5623999834060669 0.00139999995008111 -0.8269000053405762
vn 0.5637000203132629 -0.06520000100135803 -0.8234000205993652
vn 0.564300000667572 -0.025100000202655792 -0.8252000212669373
vn 0.5644999742507935 0.19619999825954437 -0.801800012588501
vn 0.5680000185966492 -0.012299999594688416 0.8228999972343445
vn 0.5687000155448914 0.11599999666213989 -0.814300000667572
vn 0.5710999965667725 -0.007000000216066837 0.820900022983551
vn 0.5730000138282776 0.817799985408783 -0.0544000007212162
vn 0.5777999758720398 0.6869000196456909 0.4408000111579895
vn 0.5789999961853027 0.3986000120639801 -0.7111999988555908
vn 0.5791000127792358 -0.04580000042915344 -0.8140000104904175
vn 0.5821999907493591 0.8130000233650208 0.012199999764561653
vn 0.5823000073432922 -0.022299999371170998 0.8126000165939331
vn 0.5828999876976013 -0.061799999326467514 -0.8101999759674072
vn 0.5911999940872192 -0.040300000458955765 0.8054999709129333
vn 0.5916000008583069 0.8059999942779541 0.01899999938905239
vn 0.5925999879837036 0.05000000074505806 -0.8039000034332275
vn 0.5967000126838684 -0.09229999780654907 0.7972000241279602
vn 0.5967000126838684 -0.03319999948143959 -0.801800012588501
vn 0.598800003528595 0.8008999824523926 -0.0038999998942017555
vn 0.6003000140190125 0.7997999787330627 0.00019999999494757503
vn 0.6018999814987183 -0.13300000131130219 0.7874000072479248
vn 0.6019999980926514 0.03759999945759773 0.7975999712944031
vn 0.6037999987602234 0.17560000717639923 -0.7775999903678894
vn 0.6047000288963318 0.09920000284910202 -0.7901999950408936
vn 0.6051999926567078 -0.3806999921798706 -0.6991000175476074
vn 0.6064000129699707 -0.018200000748038292 0.7949000000953674
vn 0.6071000099182129 0.5414999723434448 0.58160001039505
vn 0.6078000068664551 -0.018699999898672104 -0.7939000129699707
vn 0.6080999970436096 -0.016899999231100082 0.7936999797821045
vn 0.6087999939918518 0.6148999929428101 0.5012000203132629
vn 0.609000027179718 0.013899999670684338 0.7929999828338623
vn 0.6098999977111816 0.11599999666213989 0.7839999794960022
vn 0.6103000044822693 -0.09529999643564224 0.7864000201225281
vn 0.6111000180244446 -0.10909999907016754 -0.7839999794960022
vn 0.6132000088691711 0.789900004863739 0.0035000001080334187
vn 0.6140999794006348 0.12330000102519989 0.7795000076293945
vn 0.6144999861717224 0.08089999854564667 -0.7846999764442444
vn 0.6151000261306763 0.3714999854564667 -0.6955000162124634
vn 0.6151999831199646 0.0019000000320374966 0.7882999777793884
vn 0.6168000102043152 -0.11190000176429749 -0.7791000008583069
vn 0.6172999739646912 0.40470001101493835 -0.6747000217437744
vn 0.6176000237464905 -0.02070000022649765 -0.7861999869346619
vn 0.6176000237464905 0.7861999869346619 -0.023900000378489494
vn 0.6182000041007996 -0.2624000012874603 -0.7409999966621399
vn 0.6190999746322632 0.020899999886751175 0.785099983215332
vn 0.6205999851226807 0.00839999970048666 0.7840999960899353
vn 0.6219000220298767 0.5964999794960022 0.5073000192642212
vn 0.6237999796867371 0.7315999865531921 0.2750000059604645
vn 0.6238999962806702 0.25380000472068787 -0.7390999794006348
vn 0.6241999864578247 -0.2176000028848648 0.7504000067710876
vn 0.628000020980835 -0.05590000003576279 0.776199996471405
vn 0.6284000277519226 0.6980000138282776 0.3434999883174896
vn 0.6284999847412109 -0.477400004863739 0.6140999794006348
vn 0.628600001335144 0.6029000282287598 -0.4912000000476837
vn 0.6287999749183655 -0.13230000436306 -0.7662000060081482
vn 0.6304000020027161 0.7660999894142151 -0.12520000338554382
vn 0.632099986076355 0.027899999171495438 -0.774399995803833
vn 0.6333000063896179 0.4377000033855438 0.6383000016212463
vn 0.633400022983551 -0.03920000046491623 0.7728999853134155
vn 0.637499988079071 0.5857999920845032 0.5004000067710876
vn 0.6385999917984009 0.36390000581741333 0.6780999898910522
vn 0.6395999789237976 0.0364999994635582 0.7678999900817871
vn 0.6396999955177307 0.7129999995231628 -0.2870999872684479
vn 0.6424999833106995 0.7361000180244446 -0.21289999783039093
vn 0.6488000154495239 0.5724999904632568 -0.5012999773025513
vn 0.6489999890327454 0.1898999959230423 -0.7366999983787537
vn 0.6534000039100647 0.353300005197525 -0.6694999933242798
vn 0.6543999910354614 0.4984999895095825 -0.5685999989509583
vn 0.6549000144004822 -0.7458999752998352 -0.12129999697208405
vn 0.6552000045776367 -0.11640000343322754 0.7465000152587891
vn 0.6553000211715698 0.37549999356269836 0.6553999781608582
vn 0.6556000113487244 0.019999999552965164 0.7548999786376953
vn 0.6561999917030334 0.3788999915122986 0.6524999737739563
vn 0.6563000082969666 0.2029000073671341 -0.7267000079154968
vn 0.6564000248908997 0.7469000220298767 -0.10599999874830246
vn 0.6577000021934509 -0.01679999940097332 0.7530999779701233
vn 0.6585000157356262 -0.746999979019165 -0.09139999747276306
vn 0.6593000292778015 -0.04969999939203262 -0.7501999735832214
vn 0.6608999967575073 0.3806000053882599 0.6467999815940857
vn 0.6610000133514404 -0.003700000001117587 0.7502999901771545
vn 0.6614000201225281 0.5827999711036682 0.47200000286102295
vn 0.6662999987602234 0.2994000017642975 0.6830000281333923
vn 0.6671000123023987 0.12370000034570694 0.7346000075340271
vn 0.667900025844574 0.3531999886035919 -0.6550999879837036
vn 0.671500027179718 -0.1120000034570694 0.7325000166893005
vn 0.6721000075340271 0.6007000207901001 -0.43290001153945923
vn 0.6728000044822693 -0.1136000007390976 0.7310000061988831
vn 0.6729000210762024 -0.11479999870061874 0.7307999730110168
vn 0.6747999787330627 0.6998000144958496 0.23440000414848328
vn 0.6748999953269958 0.7174999713897705 -0.17260000109672546
vn 0.6753000020980835 -0.7081999778747559 0.2061000019311905
vn 0.6754000186920166 0.6180999875068665 0.40230000019073486
vn 0.6759999990463257 0.7278000116348267 -0.11500000208616257
vn 0.676800012588501 0.08590000122785568 -0.7311999797821045
vn 0.6772000193595886 0.7357000112533569 0.004699999932199717
vn 0.6777999997138977 -0.7056000232696533 -0.20659999549388885
vn 0.6777999997138977 0.7322999835014343 0.06599999964237213
vn 0.6782000064849854 -0.04659999907016754 0.7333999872207642
vn 0.6812000274658203 -0.007699999958276749 -0.7319999933242798
vn 0.6823999881744385 0.1234000027179718 0.7204999923706055
vn 0.6863999962806702 0.32679998874664307 -0.6496999859809875
vn 0.6869999766349792 -0.12479999661445618 -0.7159000039100647
vn 0.6891999840736389 -0.35580000281333923 0.6312000155448914
vn 0.6906999945640564 0.6262000203132629 -0.36160001158714294
vn 0.6926000118255615 0.7213000059127808 0.0008999999845400453
vn 0.6934000253677368 0.569100022315979 0.44190001487731934
vn 0.696399986743927 0.18719999492168427 -0.692799985408783
vn 0.6983000040054321 0.13729999959468842 -0.7026000022888184
vn 0.7001000046730042 -0.6424000263214111 -0.3118000030517578
vn 0.7031000256538391 0.17949999868869781 0.6880000233650208
vn 0.7041000127792358 -0.16329999268054962 -0.6909999847412109
vn 0.705299973487854 -0.2782000005245209 0.6520000100135803
vn 0.7063000202178955 0.05909999832510948 -0.7053999900817871
vn 0.708899974822998 0.44190001487731934 -0.5497999787330627
vn 0.7121999859809875 0.7019000053405762 -0.010200000368058681
vn 0.7157999873161316 -0.27709999680519104 -0.6409000158309937
vn 0.720300018787384 0.508899986743927 -0.47130000591278076
vn 0.7214999794960022 0.17739999294281006 -0.6693000197410583
vn 0.7229999899864197 0.579800009727478 0.3756999969482422
vn 0.7243000268936157 0.010700000450015068 0.6894000172615051
vn 0.7272999882698059 -0.14470000565052032 0.6708999872207642
vn 0.7282999753952026 0.11829999834299088 0.675000011920929
vn 0.7294999957084656 0.014299999922513962 0.6837999820709229
vn 0.7364000082015991 -0.04560000076889992 0.675000011920929
vn 0.738099992275238 0.5055000185966492 0.44679999351501465
vn 0.7389000058174133 0.00019999999494757503 -0.673799991607666
vn 0.7441999912261963 0.3368000090122223 -0.5767999887466431
vn 0.745199978351593 0.048700001090765 -0.6650000214576721
vn 0.7458999752998352 0.41029998660087585 -0.5246999859809875
vn 0.7465000152587891 0.048700001090765 -0.6636999845504761
vn 0.7465999722480774 -0.20419999957084656 0.6331999897956848
vn 0.7479000091552734 0.06040000170469284 0.6610999703407288
vn 0.748199999332428 0.09669999778270721 0.6564000248908997
vn 0.7487999796867371 0.01769999973475933 0.6625999808311462
vn 0.7505999803543091 -0.017400000244379044 0.6604999899864197
vn 0.7509999871253967 0.6200000047683716 0.22709999978542328
vn 0.7548999786376953 0.4410000145435333 0.4855000078678131
vn 0.7597000002861023 0.22789999842643738 0.609000027179718
vn 0.760200023651123 0.647599995136261 -0.052400000393390656
vn 0.7615000009536743 0.4474000036716461 0.4690000116825104
vn 0.7620999813079834 0.16019999980926514 -0.6273000240325928
vn 0.7644000053405762 0.3614000082015991 0.5339000225067139
vn 0.7652000188827515 0.6438000202178955 -0.007499999832361937
vn 0.7659000158309937 -0.10329999774694443 -0.6347000002861023
vn 0.7681999802589417 0.3336000144481659 0.546500027179718
vn 0.7699000239372253 -0.02160000056028366 -0.6377999782562256
vn 0.7706999778747559 0.0421999990940094 0.6358000040054321
vn 0.7716000080108643 0.18029999732971191 -0.6100000143051147
vn 0.7717999815940857 0.391400009393692 0.5011000037193298
vn 0.7720999717712402 0.15489999949932098 0.6162999868392944
vn 0.772599995136261 0.01549999974668026 0.6347000002861023
vn 0.7749999761581421 -0.0625 -0.6288999915122986
vn 0.7760000228881836 0.016200000420212746 0.6305000185966492
vn 0.777899980545044 0.628000020980835 -0.02319999970495701
vn 0.78329998254776 -0.0008999999845400453 -0.6215999722480774
vn 0.7850000262260437 0.6190999746322632 0.021700000390410423
vn 0.7889000177383423 0.048900000751018524 0.612500011920929
vn 0.791700005531311 -0.21400000154972076 0.5722000002861023
vn 0.7928000092506409 -0.06390000134706497 0.6061000227928162
vn 0.7968999743461609 -0.026499999687075615 0.6035000085830688
vn 0.7979000210762024 0.5985000133514404 -0.07199999690055847
vn 0.8008000254631042 0.03449999913573265 0.5978999733924866
vn 0.8019999861717224 0.597100019454956 -0.01720000058412552
vn 0.8021000027656555 -0.04650000110268593 0.5953999757766724
vn 0.8026999831199646 -0.021800000220537186 0.5960000157356262
vn 0.8052999973297119 -0.02410000003874302 -0.5924000144004822
vn 0.8057000041007996 -0.2808000147342682 0.5216000080108643
vn 0.8072999715805054 -0.5810999870300293 -0.10249999910593033
vn 0.8087999820709229 0.37529999017715454 -0.4526999890804291
vn 0.808899998664856 0.586899995803833 -0.03590000048279762
vn 0.8104000091552734 -0.04100000113248825 -0.5843999981880188
vn 0.8116000294685364 -0.004999999888241291 0.5842000246047974
vn 0.8123000264167786 -0.07890000194311142 -0.5778999924659729
vn 0.8172000050544739 -0.005100000184029341 -0.5763999819755554
vn 0.8188999891281128 0.00559999980032444 -0.5740000009536743
vn 0.8195000290870667 0.0763000026345253 0.5680000185966492
vn 0.821399986743927 0.09629999846220016 -0.5622000098228455
vn 0.8224999904632568 0.4472000002861023 -0.3513999879360199
vn 0.8266000151634216 0.05730000138282776 -0.5598999857902527
vn 0.8267999887466431 0.48429998755455017 -0.28610000014305115
vn 0.8284000158309937 0.1589999943971634 0.5371999740600586
vn 0.8305000066757202 -0.001500000013038516 -0.5569999814033508
vn 0.8305000066757202 0.43369999527931213 -0.34950000047683716
vn 0.8310999870300293 0.18140000104904175 -0.5256999731063843
vn 0.8320000171661377 0.4553000032901764 -0.31700000166893005
vn 0.8337000012397766 0.004699999932199717 -0.5522000193595886
vn 0.8361999988555908 -0.007000000216066837 -0.5483999848365784
vn 0.8378000259399414 0.1412000060081482 -0.527400016784668
vn 0.8406000137329102 0.5270000100135803 -0.12540000677108765
vn 0.8411999940872192 0.37290000915527344 -0.39149999618530273
vn 0.8440999984741211 0.03440000116825104 -0.535099983215332
vn 0.8472999930381775 0.4250999987125397 0.31850001215934753
vn 0.8474000096321106 0.527999997138977 0.05700000002980232
vn 0.8476999998092651 -0.12530000507831573 0.515500009059906
vn 0.8479999899864197 0.05719999969005585 -0.5268999934196472
vn 0.8529999852180481 0.13590000569820404 -0.5038999915122986
vn 0.8557000160217285 0.517300009727478 0.01510000042617321
vn 0.8557999730110168 0.3215999901294708 0.40529999136924744
vn 0.8589000105857849 0.5115000009536743 -0.025100000202655792
vn 0.8600999712944031 0.5052000284194946 -0.07069999724626541
vn 0.8601999878883362 -0.5033000111579895 0.08209999650716782
vn 0.862500011920929 0.031700000166893005 0.5049999952316284
vn 0.8629999756813049 0.5047000050544739 0.02160000056028366
vn 0.8637999892234802 -0.34630000591278076 0.3659999966621399
vn 0.8641999959945679 0.42260000109672546 0.27300000190734863
vn 0.8669000267982483 -0.30399999022483826 -0.39500001072883606
vn 0.8669999837875366 0.4977000057697296 -0.02500000037252903
vn 0.867900013923645 -0.39989998936653137 -0.2944999933242798
vn 0.8693000078201294 0.20319999754428864 0.4505000114440918
vn 0.8695999979972839 -0.05990000069141388 0.490200012922287
vn 0.8715000152587891 -0.2152000069618225 -0.4406000077724457
vn 0.8723000288009644 0.4887000024318695 -0.013199999928474426
vn 0.8745999932289124 -0.010300000198185444 0.4846000075340271
vn 0.8776999711990356 0.4765999913215637 0.04969999939203262
vn 0.8784999847412109 -0.27649998664855957 0.3894999921321869
vn 0.8799999952316284 0.4514000117778778 0.1477999985218048
vn 0.8801000118255615 -0.19529999792575836 -0.4327999949455261
vn 0.8810999989509583 -0.00930000003427267 -0.47290000319480896
vn 0.8817999958992004 -0.30079999566078186 0.36320000886917114
vn 0.882099986076355 0.42010000348091125 -0.2134000062942505
vn 0.8827999830245972 0.44339999556541443 -0.15520000457763672
vn 0.8855000138282776 0.4625000059604645 0.04399999976158142
vn 0.8881999850273132 -0.020999999716877937 -0.45890000462532043
vn 0.8884000182151794 -0.16459999978542328 -0.4284999966621399
vn 0.8889999985694885 0.4072999954223633 0.20909999310970306
vn 0.8968999981880188 -0.3375999927520752 0.2856000065803528
vn 0.899399995803833 0.01209999993443489 0.43700000643730164
vn 0.899399995803833 0.4359000027179718 0.03139999881386757
vn 0.901199996471405 0.40610000491142273 0.15160000324249268
vn 0.9025999903678894 0.40400001406669617 0.14880000054836273
vn 0.9041000008583069 0.4219000041484833 -0.06759999692440033
vn 0.9043999910354614 0.4214000105857849 0.06719999760389328
vn 0.9049000144004822 0.42289999127388 -0.047600001096725464
vn 0.9072999954223633 -0.17389999330043793 -0.3828999996185303
vn 0.9072999954223633 0.3287000060081482 -0.2621999979019165
vn 0.9074000120162964 -0.00839999970048666 -0.4203000068664551
vn 0.910099983215332 0.4140999913215637 -0.015399999916553497
vn 0.9103000164031982 0.07100000232458115 -0.40779998898506165
vn 0.9120000004768372 0.4056999981403351 0.06120000034570694
vn 0.9126999974250793 0.3894999921321869 -0.12349999696016312
vn 0.9133999943733215 0.08250000327825546 0.398499995470047
vn 0.9136999845504761 0.38440001010894775 0.13210000097751617
vn 0.9139999747276306 0.4050999879837036 0.020600000396370888
vn 0.9146999716758728 -0.0024999999441206455 0.4041999876499176
vn 0.9147999882698059 -0.3799999952316284 0.1370999962091446
vn 0.9147999882698059 0.3422999978065491 0.21459999680519104
vn 0.9153000116348267 -0.35409998893737793 -0.19179999828338623
vn 0.9178000092506409 0.39660000801086426 0.018400000408291817
vn 0.9180999994277954 0.013899999670684338 0.3962000012397766
vn 0.9187999963760376 -0.38600000739097595 -0.08290000259876251
vn 0.9190000295639038 0.04619999974966049 0.39160001277923584
vn 0.9196000099182129 0.18369999527931213 0.3472000062465668
vn 0.9203000068664551 -0.3846000134944916 -0.07209999859333038
vn 0.9222000241279602 -0.3714999854564667 0.10719999670982361
vn 0.9226999878883362 -0.10840000212192535 0.3698999881744385
vn 0.9232000112533569 -0.004600000102072954 -0.38429999351501465
vn 0.9232000112533569 0.3840000033378601 -0.018300000578165054
vn 0.9243999719619751 -0.14970000088214874 -0.3508000075817108
vn 0.9253000020980835 0.37700000405311584 0.04089999943971634
vn 0.925599992275238 -0.37720000743865967 -0.03189999982714653
vn 0.9273999929428101 0.19280000030994415 -0.3206000030040741
vn 0.9279999732971191 -0.3725000023841858 -0.0005000000237487257
vn 0.9314000010490417 0.36399999260902405 -0.006899999920278788
vn 0.9316999912261963 0.36309999227523804 0.00559999980032444
vn 0.9320999979972839 0.35429999232292175 0.0754999965429306
vn 0.9325000047683716 0.35499998927116394 0.06620000302791595
vn 0.9347000122070312 0.3488999903202057 -0.06830000132322311
vn 0.9359999895095825 -0.35190001130104065 0.0003000000142492354
vn 0.9363999962806702 -0.005100000184029341 -0.35100001096725464
vn 0.9381999969482422 0.20389999449253082 -0.2797999978065491
vn 0.9398999810218811 0.3400000035762787 -0.031599998474121094
vn 0.9406999945640564 -0.3391000032424927 -0.0020000000949949026
vn 0.9415000081062317 0.31940001249313354 -0.10760000348091125
vn 0.9440000057220459 0.14100000262260437 0.29840001463890076
vn 0.9442999958992004 0.06499999761581421 -0.32260000705718994
vn 0.9452999830245972 -0.0020000000949949026 0.3262999951839447
vn 0.9460999965667725 -0.02250000089406967 0.323199987411499
vn 0.9463000297546387 0.2937999963760376 -0.13500000536441803
vn 0.9470000267028809 0.3203999996185303 0.02199999988079071
vn 0.9473999738693237 0.31929999589920044 0.0215000007301569
vn 0.9491999745368958 0.3140000104904175 -0.020099999383091927
vn 0.949400007724762 -0.04190000146627426 -0.31119999289512634
vn 0.9528999924659729 -0.026000000536441803 0.3021000027656555
vn 0.9541000127792358 0.2736999988555908 0.12200000137090683
vn 0.9549000263214111 -0.17829999327659607 0.23749999701976776
vn 0.9559000134468079 -0.2937999963760376 -0.003800000064074993
vn 0.9560999870300293 -0.29319998621940613 -0.0035000001080334187
vn 0.9563000202178955 -0.2922999858856201 -0.004800000227987766
vn 0.9575999975204468 0.28769999742507935 0.013899999670684338
vn 0.9577000141143799 0.11890000104904175 0.2619999945163727
vn 0.9585999846458435 -0.0066999997943639755 -0.2847999930381775
vn 0.9610999822616577 -0.2624000012874603 0.08579999953508377
vn 0.9616000056266785 -0.24979999661445618 -0.11389999836683273
vn 0.9632999897003174 -0.26829999685287476 0.0010000000474974513
vn 0.9635000228881836 0.25859999656677246 0.06949999928474426
vn 0.9638000130653381 0.26570001244544983 -0.023000000044703484
vn 0.9642999768257141 -0.2646999955177307 -0.004699999932199717
vn 0.9642999768257141 0.2596000134944916 -0.052000001072883606
vn 0.9643999934196472 -0.259799987077713 0.0494999997317791
vn 0.9660000205039978 -0.25859999656677246 0.003000000026077032
vn 0.9666000008583069 0.20589999854564667 -0.1527000069618225
vn 0.9668999910354614 0.008899999782443047 0.2549000084400177
vn 0.9682999849319458 -0.05469999834895134 -0.24390000104904175
vn 0.9684000015258789 -0.24950000643730164 0.00570000009611249
vn 0.9690999984741211 -0.07840000092983246 0.23389999568462372
vn 0.9693999886512756 -0.24549999833106995 0.005900000222027302
vn 0.9693999886512756 0.24549999833106995 0.006800000090152025
vn 0.9695000052452087 0.21230000257492065 0.1225999966263771
vn 0.970300018787384 -0.16120000183582306 -0.18029999732971191
vn 0.9714000225067139 -0.019600000232458115 0.23649999499320984
vn 0.9715999960899353 -0.2313999980688095 -0.048900000751018524
vn 0.972599983215332 0.23250000178813934 0.0008999999845400453
vn 0.9745000004768372 -0.22390000522136688 -0.010700000450015068
vn 0.9754999876022339 0.02250000089406967 -0.21899999678134918
vn 0.9757000207901001 0.11500000208616257 -0.1867000013589859
vn 0.9758999943733215 -0.21819999814033508 -0.0038999998942017555
vn 0.9760000109672546 0.003599999938160181 0.2176000028848648
vn 0.9760000109672546 0.13940000534057617 -0.16750000417232513
vn 0.9760000109672546 0.18780000507831573 -0.11060000211000443
vn 0.9761999845504761 -0.21570000052452087 0.02449999935925007
vn 0.9772999882698059 -0.08410000056028366 0.19460000097751617
vn 0.9778000116348267 -0.060100000351667404 -0.20069999992847443
vn 0.9779999852180481 -0.05920000001788139 -0.20000000298023224
vn 0.9782000184059143 -0.04800000041723251 0.2020999938249588
vn 0.9782999753952026 0.19599999487400055 -0.06729999929666519
vn 0.9783999919891357 0.11720000207424164 -0.17030000686645508
vn 0.9789000153541565 0.07639999687671661 -0.18950000405311584
vn 0.9794999957084656 -0.12210000306367874 0.16019999980926514
vn 0.9794999957084656 0.20160000026226044 0.002400000113993883
vn 0.9797999858856201 -0.1995999962091446 0.006800000090152025
vn 0.9797999858856201 -0.012500000186264515 -0.19939999282360077
vn 0.9800999760627747 -0.19859999418258667 0.002899999963119626
vn 0.980400025844574 -0.11800000071525574 0.15800000727176666
vn 0.9805999994277954 -0.008200000040233135 0.19589999318122864
vn 0.9810000061988831 -0.004100000020116568 0.19380000233650208
vn 0.9812999963760376 -0.19030000269412994 0.028200000524520874
vn 0.9817000031471252 0.094200000166893 0.16580000519752502
vn 0.9818999767303467 -0.18950000405311584 9.999999747378752e-05
vn 0.9821000099182129 0.1859000027179718 -0.029999999329447746
vn 0.982200026512146 -0.009999999776482582 0.18729999661445618
vn 0.9825000166893005 -0.09189999848604202 -0.16169999539852142
vn 0.9829000234603882 0.023399999365210533 -0.18279999494552612
vn 0.9840999841690063 -0.11640000343322754 0.13420000672340393
vn 0.9843000173568726 0.17649999260902405 -0.007499999832361937
vn 0.984499990940094 -0.17260000109672546 -0.030400000512599945
vn 0.984499990940094 -0.06390000134706497 0.16329999268054962
vn 0.9850999712944031 0.16200000047683716 -0.05790000036358833
vn 0.9853000044822693 -0.09459999948740005 0.1420000046491623
vn 0.9854000210762024 -0.10270000249147415 0.13609999418258667
vn 0.9854000210762024 -0.0649000033736229 -0.1573999971151352
vn 0.9866999983787537 -0.029600000008940697 -0.1597999930381775
vn 0.9872999787330627 -0.009999999776482582 0.15839999914169312
vn 0.9872999787330627 0.0020000000949949026 -0.15880000591278076
vn 0.9884999990463257 0.13169999420642853 -0.07479999959468842
vn 0.9889000058174133 -0.14710000157356262 0.02070000022649765
vn 0.989300012588501 0.03280000016093254 -0.14239999651908875
vn 0.9898999929428101 0.11150000244379044 -0.08709999918937683
vn 0.9902999997138977 0.13429999351501465 -0.03629999980330467
vn 0.991100013256073 0.1331000030040741 -0.00419999985024333
vn 0.9912999868392944 0.12960000336170197 0.020999999716877937
vn 0.9912999868392944 0.12960000336170197 0.021400000900030136
vn 0.9919000267982483 -0.10649999976158142 0.06909999996423721
vn 0.9919000267982483 -0.05380000174045563 0.11469999700784683
vn 0.9934999942779541 -0.09179999679327011 0.06710000336170197
vn 0.9948999881744385 -0.10080000013113022 0.00989999994635582
vn 0.9950000047683716 0.03709999844431877 -0.09269999712705612
vn 0.9950000047683716 0.04910000041127205 -0.08730000257492065
vn 0.9951000213623047 0.09870000183582306 0.004600000102072954
vn 0.995199978351593 0.09719999879598618 0.01080000028014183
vn 0.9955999851226807 -0.0024999999441206455 -0.0934000015258789
vn 0.9957000017166138 -0.002199999988079071 0.09239999949932098
vn 0.9958999752998352 -0.006800000090152025 -0.09070000052452087
vn 0.9959999918937683 -0.08910000324249268 -0.0013000000035390258
vn 0.9959999918937683 -0.02449999935925007 0.08540000021457672
vn 0.9961000084877014 -0.0026000000070780516 -0.0877000018954277
vn 0.9962000250816345 -0.08749999850988388 0.0012000000569969416
vn 0.996399998664856 -0.06239999830722809 -0.05770000070333481
vn 0.996399998664856 -0.014100000262260437 -0.08330000191926956
vn 0.9965000152587891 0.003599999938160181 0.08380000293254852
vn 0.9966999888420105 0.026599999517202377 -0.07729999721050262
vn 0.9969000220298767 -0.061400000005960464 -0.04839999973773956
vn 0.9969000220298767 0.04610000178217888 -0.06350000202655792
vn 0.9970999956130981 -0.04830000177025795 -0.05959999933838844
vn 0.9973000288009644 0.07329999655485153 -0.0017000000225380063
vn 0.9983000159263611 -0.009100000374019146 -0.0575999990105629
vn 0.9986000061035156 -0.007000000216066837 0.05260000005364418
vn 0.9990000128746033 0.04450000077486038 -0.008200000040233135
vn 0.9991000294685364 -0.006099999882280827 0.0430000014603138
vn 0.9991000294685364 0.03500000014901161 0.023000000044703484
vn 0.9991999864578247 -0.032499998807907104 -0.024900000542402267
vn 0.9993000030517578 -0.036400001496076584 -0.0020000000949949026
vn 0.9994000196456909 0.033900000154972076 9.999999747378752e-05
vn 0.9994999766349792 0.011300000362098217 0.030300000682473183
vn 0.9997000098228455 0.02319999970495701 -0.004100000020116568
vn 0.9998000264167786 -0.020899999886751175 -0.003800000064074993
vn 0.9998999834060669 -0.009999999776482582 -0.0017999999690800905
vn 0.9998999834060669 0.0034000000450760126 -0.011599999852478504
vn 0.9998999834060669 0.011300000362098217 -0.00039999998989515007
vn 1.0 -0.009600000455975533 -0.0012000000569969416
vn 1.0 -0.0007999999797903001 -0.00570000009611249
f 4/2572/61 8/2543/257 1/2553/39
f 7/2596/91 3/2547/172 9/2542/377
f 1/2553/39 3/2547/172 5/2591/55
f 3/2547/172 7/2596/91 6/2579/2
f 4/2572/61 1/2553/39 5/2591/55
f 3/2547/172 6/2579/2 5/2591/55
f 6/2579/2 7/2596/91 2/2601/129
f 12/2593/443 4/2572/61 10/2606/402
f 4/2572/61 5/2591/55 10/2606/402
f 5/2591/55 11/2613/322 10/2606/402
f 5/2591/55 2/2601/129 11/2613/322
f 7/2596/91 13/2610/438 2/2601/129
f 8/543/257 16/534/554 15/536/559
f 8/543/257 15/536/559 18/533/533
f 8/543/257 18/533/533 14/535/531
f 3/544/172 8/543/257 14/535/531
f 9/541/377 3/544/172 14/535/531
f 9/541/377 14/535/531 17/532/566
f 8/2543/257 3/2547/172 1/2553/39
f 8/2568/257 12/2621/443 16/2570/554
f 12/2593/443 8/2543/257 4/2572/61
f 7/2596/91 9/2542/377 13/2610/438
f 6/2579/2 2/2601/129 5/2591/55
f 2/2601/129 13/2610/438 11/2613/322
f 9/1107/377 20/1096/631 19/1055/621
f 13/1039/438 9/1107/377 19/1055/621
f 24/34/593 10/3/402 21/24/486
f 10/3/402 11/8/322 21/24/486
f 21/24/486 11/8/322 22/26/456
f 11/8/322 13/9/438 22/26/456
f 22/26/456 13/9/438 23/27/539
f 45/480/718 18/533/533 15/536/559
f 21/24/486 30/44/411 33/49/428
f 21/24/486 22/26/456 30/44/411
f 258/439/731 17/532/566 14/535/531
f 34/50/499 24/34/593 21/24/486
f 33/49/428 34/50/499 21/24/486
f 22/26/456 23/27/539 32/47/397
f 258/439/731 14/535/531 18/533/533
f 508/2630/758 12/2621/443 10/2652/402
f 23/27/539 43/52/523 32/47/397
f 15/536/559 16/534/554 516/378/743
f 13/9/438 47/56/650 23/27/539
f 44/53/619 24/34/593 34/50/499
f 30/44/411 22/26/456 32/47/397
f 28/190/43 29/23/208 52/187/90
f 28/190/43 52/187/90 27/329/3
f 29/23/208 28/190/43 26/25/203
f 41/1/520 29/23/208 26/25/203
f 39/142/415 28/190/43 38/315/368
f 27/329/3 25/472/202 38/315/368
f 25/1665/202 35/1686/524 38/1687/368
f 47/766/650 43/726/523 23/765/539
f 30/44/411 32/47/397 46/57/493
f 63/90/96 52/187/90 29/23/208
f 52/187/90 55/280/89 27/329/3
f 51/384/113 31/470/210 27/329/3
f 36/1121/505 31/1114/210 70/1131/412
f 68/1134/371 29/1118/208 41/1124/520
f 27/329/3 31/470/210 25/472/202
f 31/1602/210 36/1598/505 40/1601/551
f 25/2580/202 31/2582/210 40/2583/551
f 41/1124/520 26/1113/203 42/1125/557
f 26/25/203 28/190/43 39/142/415
f 38/315/368 28/190/43 27/329/3
f 42/1694/557 26/1666/203 37/1685/526
f 37/1685/526 26/1666/203 39/1688/415
f 742/285/714 15/536/559 516/378/743
f 508/2630/758 16/2570/554 12/2621/443
f 30/44/411 184/80/417 33/49/428
f 91/72/358 30/44/411 189/81/420
f 31/470/210 51/384/113 70/464/412
f 55/280/89 51/384/113 27/329/3
f 37/1685/526 39/1688/415 77/1714/309
f 38/1687/368 35/1686/524 83/1718/349
f 40/2583/551 35/2581/524 25/2580/202
f 215/86/184 33/49/428 184/80/417
f 184/80/417 30/44/411 91/72/358
f 30/44/411 46/57/493 189/81/420
f 46/57/493 32/47/397 188/82/206
f 203/84/501 46/57/493 188/82/206
f 43/52/523 169/78/466 32/47/397
f 56/237/66 52/187/90 60/133/68
f 61/367/75 49/450/175 51/384/113
f 53/28/307 60/133/68 63/90/96
f 56/237/66 55/280/89 52/187/90
f 56/237/66 61/367/75 55/280/89
f 68/31/371 53/28/307 63/90/96
f 63/90/96 60/133/68 52/187/90
f 61/367/75 51/384/113 55/280/89
f 49/450/175 70/464/412 51/384/113
f 68/31/371 63/90/96 29/23/208
f 77/1714/309 87/1720/439 37/1685/526
f 220/1738/176 77/1714/309 39/1688/415
f 74/1715/316 83/1718/349 35/1686/524
f 39/1688/415 92/1724/243 220/1738/176
f 39/1688/415 79/1717/283 92/1724/243
f 39/1688/415 38/1687/368 79/1717/283
f 38/1687/368 83/1718/349 79/1717/283
f 50/946/102 57/945/71 98/895/85
f 48/948/171 50/946/102 66/927/125
f 65/925/275 67/924/138 58/954/165
f 65/925/275 58/954/165 62/951/342
f 67/924/138 57/945/71 58/954/165
f 57/945/71 54/952/168 58/954/165
f 57/945/71 50/946/102 54/952/168
f 50/946/102 48/948/171 54/952/168
f 93/1702/560 59/1681/326 48/1676/171
f 62/951/342 58/954/165 89/967/162
f 54/952/168 59/958/326 64/959/234
f 54/952/168 48/948/171 59/958/326
f 58/3082/165 109/3110/248 89/3103/162
f 58/3082/165 54/3098/168 105/3115/217
f 54/952/168 64/959/234 105/970/217
f 64/3019/234 59/3018/326 112/3044/435
f 508/2630/758 516/2571/743 16/2570/554
f 484/1801/761 24/1799/593 44/1763/619
f 33/49/428 215/86/184 139/77/240
f 184/80/417 91/72/358 246/89/380
f 189/81/420 46/57/493 245/88/601
f 32/47/397 169/78/466 238/87/215
f 152/58/82 69/153/93 84/32/324
f 152/58/82 75/311/106 69/153/93
f 75/311/106 82/456/302 78/382/137
f 75/311/106 182/441/323 82/456/302
f 69/153/93 75/311/106 73/232/169
f 75/311/106 78/382/137 73/232/169
f 69/3063/93 225/3104/173 151/3064/150
f 78/382/137 82/456/302 142/422/120
f 69/153/93 190/135/119 225/120/173
f 73/227/169 250/240/385 69/228/93
f 73/284/169 78/283/137 230/293/423
f 61/367/75 214/387/63 49/450/175
f 214/387/63 147/434/140 49/450/175
f 163/41/332 60/133/68 53/28/307
f 212/193/201 56/237/66 60/133/68
f 216/307/213 56/237/66 149/262/134
f 216/307/213 61/367/75 56/237/66
f 123/466/550 147/434/140 227/444/458
f 49/450/175 147/434/140 123/466/550
f 49/1126/175 123/1141/550 70/1131/412
f 92/552/243 79/551/283 118/583/41
f 83/547/349 74/553/316 86/595/118
f 87/550/439 77/548/309 80/694/20
f 74/553/316 90/703/186 86/595/118
f 87/550/439 80/694/20 100/569/372
f 86/595/118 90/703/186 76/733/56
f 77/548/309 107/720/32 80/694/20
f 124/758/44 101/786/99 97/648/115
f 100/569/372 80/694/20 71/903/116
f 80/694/20 96/897/117 71/903/116
f 107/720/32 96/897/117 80/694/20
f 95/753/72 202/835/79 107/720/32
f 76/733/56 81/840/74 124/758/44
f 76/733/56 90/703/186 94/814/147
f 76/733/56 94/814/147 81/840/74
f 71/903/116 96/897/117 67/924/138
f 94/814/147 66/927/125 81/840/74
f 103/910/421 66/927/125 94/814/147
f 145/901/494 100/569/372 71/903/116
f 66/927/125 144/880/80 81/840/74
f 71/2560/116 65/2576/275 145/2561/494
f 66/927/125 98/895/85 144/880/80
f 96/897/117 102/891/88 67/924/138
f 65/542/275 62/537/342 261/571/665
f 71/903/116 67/924/138 65/925/275
f 67/924/138 102/891/88 57/945/71
f 98/895/85 57/945/71 102/891/88
f 98/895/85 66/927/125 50/946/102
f 66/927/125 103/910/421 48/948/171
f 93/1702/560 48/1676/171 103/1704/421
f 138/1696/472 62/1670/342 89/1669/162
f 109/3110/248 58/3082/165 105/3115/217
f 105/3050/217 64/3049/234 154/3090/198
f 64/2291/234 115/2329/81 154/2313/198
f 112/2314/435 115/2329/81 64/2291/234
f 115/2329/81 85/2412/218 88/2400/163
f 106/2365/310 72/2402/110 113/2401/362
f 85/2412/218 174/2446/286 88/2400/163
f 707/294/760 9/541/377 17/532/566
f 20/1096/631 9/1107/377 707/1111/760
f 44/53/619 34/50/499 257/97/594
f 257/97/594 34/50/499 167/79/327
f 34/50/499 33/49/428 167/79/327
f 167/79/327 33/49/428 139/77/240
f 301/114/363 184/80/417 246/89/380
f 238/87/215 188/82/206 32/47/397
f 159/231/157 91/234/358 179/260/58
f 238/381/215 169/438/466 134/406/123
f 134/406/123 169/438/466 217/440/314
f 139/103/240 180/45/38 167/43/327
f 136/113/23 211/131/53 196/170/273
f 126/278/292 193/261/159 249/269/469
f 120/221/284 269/218/339 146/233/146
f 193/261/159 126/278/292 146/233/146
f 194/328/272 121/376/69 187/337/224
f 194/328/272 188/369/206 121/376/69
f 188/369/206 247/386/62 121/376/69
f 146/233/146 126/278/292 120/221/284
f 156/397/16 121/376/69 247/386/62
f 126/278/292 127/222/231 120/221/284
f 132/368/42 165/325/296 187/337/224
f 127/222/231 133/267/246 219/263/197
f 152/58/82 192/119/19 198/184/167
f 219/263/197 181/313/151 131/210/127
f 181/313/151 140/352/108 131/210/127
f 152/58/82 198/184/167 131/210/127
f 172/393/8 182/441/323 140/352/108
f 131/210/127 140/352/108 75/311/106
f 140/352/108 182/441/323 75/311/106
f 84/32/324 222/42/375 152/58/82
f 131/210/127 75/311/106 152/58/82
f 151/46/150 84/32/324 69/153/93
f 142/422/120 201/395/187 78/382/137
f 235/2282/471 142/2258/120 82/2257/302
f 230/321/423 78/382/137 209/362/143
f 191/40/305 186/112/101 135/85/6
f 186/112/101 155/121/18 135/85/6
f 157/338/191 224/379/50 141/392/13
f 157/338/191 141/392/13 213/391/21
f 141/392/13 171/436/148 147/434/140
f 206/176/232 223/118/40 128/140/25
f 148/226/241 177/271/276 149/262/134
f 148/226/241 149/262/134 229/214/193
f 213/391/21 141/392/13 147/434/140
f 206/176/232 212/193/201 223/118/40
f 195/109/17 223/118/40 163/41/332
f 212/193/201 229/214/193 56/237/66
f 229/214/193 149/262/134 56/237/66
f 216/307/213 221/326/256 61/367/75
f 221/326/256 214/387/63 61/367/75
f 213/391/21 147/434/140 214/387/63
f 163/41/332 223/118/40 60/133/68
f 223/118/40 212/193/201 60/133/68
f 42/1694/557 37/1685/526 624/1891/730
f 79/551/283 83/547/349 237/593/64
f 118/583/41 79/551/283 97/648/115
f 237/593/64 83/547/349 86/595/118
f 118/583/41 114/616/46 92/552/243
f 90/1695/186 74/1683/316 125/1700/571
f 114/616/46 220/559/176 92/552/243
f 237/593/64 97/648/115 79/551/283
f 130/638/87 220/559/176 114/616/46
f 118/583/41 97/648/115 108/734/1
f 220/559/176 130/638/87 77/548/309
f 237/593/64 153/643/26 97/648/115
f 153/643/26 237/593/64 86/595/118
f 114/616/46 118/583/41 108/734/1
f 77/548/309 130/638/87 107/720/32
f 130/638/87 114/616/46 95/753/72
f 76/733/56 153/643/26 86/595/118
f 95/753/72 114/616/46 108/734/1
f 97/648/115 153/643/26 124/758/44
f 153/643/26 76/733/56 124/758/44
f 130/638/87 95/753/72 107/720/32
f 125/1700/571 164/1711/503 90/1695/186
f 108/734/1 97/648/115 101/786/99
f 95/753/72 108/734/1 110/845/97
f 108/734/1 101/786/99 99/857/33
f 96/897/117 107/720/32 202/835/79
f 101/786/99 124/758/44 200/846/10
f 94/814/147 90/703/186 164/816/503
f 95/753/72 110/845/97 202/835/79
f 101/786/99 200/846/10 99/857/33
f 94/814/147 164/816/503 103/910/421
f 110/845/97 102/891/88 202/835/79
f 110/845/97 108/734/1 102/891/88
f 108/734/1 98/895/85 102/891/88
f 108/734/1 99/857/33 98/895/85
f 200/846/10 144/880/80 99/857/33
f 99/857/33 144/880/80 98/895/85
f 112/1709/435 59/1681/326 93/1702/560
f 176/3116/149 89/3103/162 109/3110/248
f 197/2325/48 109/2287/248 105/2295/217
f 176/2299/149 109/2287/248 170/2317/36
f 109/2287/248 197/2325/48 170/2317/36
f 150/2332/12 197/2325/48 105/2295/217
f 105/2295/217 168/2326/34 150/2332/12
f 168/2326/34 105/2295/217 154/2313/198
f 170/2317/36 116/2373/181 176/2299/149
f 154/2313/198 115/2329/81 175/2349/73
f 138/2281/472 89/2278/162 106/2365/310
f 89/2278/162 176/2299/149 119/2391/247
f 115/2329/81 112/2314/435 85/2412/218
f 106/2365/310 89/2278/162 119/2391/247
f 154/2313/198 175/2349/73 168/2326/34
f 112/1709/435 199/1719/565 85/1703/218
f 116/2373/181 170/2317/36 197/2325/48
f 150/2332/12 168/2326/34 104/2382/30
f 168/2326/34 175/2349/73 104/2382/30
f 175/2349/73 115/2329/81 88/2400/163
f 106/2365/310 119/2391/247 72/2402/110
f 116/2373/181 197/2325/48 117/2393/230
f 150/2332/12 104/2382/30 117/2393/230
f 175/2349/73 88/2400/163 104/2382/30
f 117/2393/230 104/2382/30 137/2403/448
f 104/2382/30 88/2400/163 137/2403/448
f 116/498/181 262/518/1016 119/500/247
f 116/498/181 117/502/230 262/518/1016
f 88/497/163 268/529/957 137/505/448
f 88/2346/163 174/2372/286 268/2385/957
f 113/2401/362 72/2402/110 256/2473/287
f 199/1719/565 231/1725/155 85/1703/218
f 119/2391/247 256/2473/287 72/2402/110
f 174/2446/286 85/2412/218 231/2467/155
f 24/34/593 649/229/764 10/3/402
f 24/34/593 484/157/761 649/229/764
f 47/56/650 13/9/438 583/202/777
f 540/1762/799 484/1801/761 44/1763/619
f 245/88/601 46/57/493 276/102/457
f 276/102/457 46/57/493 203/84/501
f 246/219/380 91/234/358 159/231/157
f 179/260/58 91/234/358 189/279/420
f 247/386/62 238/381/215 134/406/123
f 189/279/420 249/269/469 179/260/58
f 247/386/62 134/406/123 156/397/16
f 211/131/53 215/124/184 196/170/273
f 215/124/184 184/167/417 196/170/273
f 167/1149/327 253/1157/543 257/1158/594
f 246/219/380 159/231/157 146/233/146
f 188/369/206 238/381/215 247/386/62
f 215/124/184 211/131/53 139/103/240
f 249/269/469 193/261/159 179/260/58
f 146/1930/146 269/1943/339 246/1927/380
f 136/113/23 139/103/240 211/131/53
f 159/231/157 179/260/58 193/261/159
f 203/331/501 188/369/206 194/328/272
f 167/1149/327 222/1154/375 253/1157/543
f 167/43/327 180/45/38 222/42/375
f 159/231/157 193/261/159 146/233/146
f 180/45/38 139/103/240 136/113/23
f 269/365/339 120/343/284 279/361/440
f 126/696/292 249/704/469 300/717/264
f 180/45/38 136/113/23 183/117/14
f 121/376/69 156/397/16 259/385/65
f 196/170/273 228/125/59 136/113/23
f 228/125/59 196/170/273 158/163/249
f 120/343/284 127/334/231 279/361/440
f 300/717/264 133/698/246 126/696/292
f 187/337/224 121/376/69 132/368/42
f 259/1301/65 132/1289/42 121/1288/69
f 196/989/273 297/1016/259 158/984/249
f 126/278/292 133/267/246 127/222/231
f 156/397/16 162/399/9 259/385/65
f 217/440/314 156/397/16 134/406/123
f 228/125/59 158/163/249 183/117/14
f 259/385/65 162/399/9 132/368/42
f 156/397/16 217/440/314 162/399/9
f 217/440/314 182/441/323 162/399/9
f 180/45/38 183/117/14 192/119/19
f 158/163/249 239/128/94 183/117/14
f 219/700/197 133/698/246 310/718/223
f 226/377/35 205/342/128 165/325/296
f 226/377/35 165/325/296 132/368/42
f 132/368/42 162/399/9 226/377/35
f 183/117/14 239/128/94 192/119/19
f 239/128/94 158/163/249 290/171/170
f 219/263/197 243/217/185 127/222/231
f 290/171/170 198/184/167 239/128/94
f 162/399/9 182/441/323 172/393/8
f 192/119/19 152/58/82 180/45/38
f 239/128/94 198/184/167 192/119/19
f 172/393/8 205/342/128 226/377/35
f 243/217/185 219/263/197 131/210/127
f 205/342/128 172/393/8 140/352/108
f 180/45/38 152/58/82 222/42/375
f 198/184/167 243/217/185 131/210/127
f 181/313/151 205/342/128 140/352/108
f 151/2587/150 241/2603/542 84/2588/324
f 235/1143/471 82/1127/302 418/1194/928
f 230/321/423 122/248/158 73/232/169
f 73/232/169 252/220/291 250/172/385
f 73/232/169 122/248/158 252/220/291
f 122/248/158 230/321/423 240/265/293
f 260/383/100 78/382/137 201/395/187
f 190/238/119 69/228/93 250/240/385
f 190/135/119 250/172/385 204/152/166
f 260/383/100 209/362/143 78/382/137
f 252/220/291 122/248/158 208/230/112
f 230/321/423 209/362/143 234/332/222
f 260/383/100 207/366/114 209/362/143
f 142/422/120 235/442/471 171/436/148
f 294/686/280 204/657/166 250/660/385
f 122/248/158 161/256/78 208/230/112
f 122/248/158 240/265/293 161/256/78
f 241/38/542 151/46/150 166/48/86
f 151/46/150 225/120/173 178/106/98
f 190/135/119 210/137/104 255/127/31
f 190/135/119 204/152/166 210/137/104
f 161/256/78 240/265/293 233/264/409
f 208/230/112 236/225/252 252/220/291
f 294/3078/280 232/3032/263 204/3033/166
f 234/332/222 209/362/143 207/366/114
f 234/332/222 207/366/114 244/333/279
f 142/422/120 171/436/148 160/396/47
f 201/395/187 142/422/120 160/396/47
f 151/46/150 178/106/98 166/48/86
f 241/38/542 166/48/86 248/39/446
f 208/230/112 161/256/78 185/257/76
f 161/256/78 233/264/409 185/257/76
f 185/257/76 233/264/409 242/266/407
f 204/152/166 232/161/263 210/137/104
f 141/392/13 160/396/47 171/436/148
f 178/106/98 186/112/101 166/48/86
f 260/383/100 224/379/50 207/366/114
f 210/137/104 254/126/52 255/127/31
f 166/48/86 186/112/101 191/40/305
f 235/442/471 251/443/508 171/436/148
f 248/39/446 166/48/86 191/40/305
f 207/366/114 224/379/50 244/333/279
f 236/2854/252 129/2826/239 314/2890/228
f 208/230/112 185/257/76 236/225/252
f 218/330/301 244/333/279 224/379/50
f 186/112/101 254/126/52 155/121/18
f 210/137/104 232/161/263 143/160/251
f 236/225/252 185/257/76 129/224/239
f 185/257/76 242/266/407 173/268/313
f 185/257/76 173/268/313 129/224/239
f 218/330/301 224/379/50 157/338/191
f 224/379/50 160/396/47 141/392/13
f 254/126/52 210/137/104 155/121/18
f 210/137/104 143/160/251 155/121/18
f 135/85/6 155/121/18 195/109/17
f 155/121/18 143/160/251 128/140/25
f 191/40/305 135/85/6 163/41/332
f 195/109/17 155/121/18 128/140/25
f 128/140/25 143/160/251 206/176/232
f 173/268/313 177/271/276 129/224/239
f 135/85/6 195/109/17 163/41/332
f 129/224/239 177/271/276 148/226/241
f 157/338/191 213/391/21 111/353/24
f 157/338/191 111/353/24 221/326/256
f 195/109/17 128/140/25 223/118/40
f 305/2993/216 149/2926/134 177/2934/276
f 213/391/21 214/387/63 111/353/24
f 305/287/216 216/307/213 149/262/134
f 214/387/63 221/326/256 111/353/24
f 227/444/458 147/434/140 171/436/148
f 251/443/508 227/444/458 171/436/148
f 125/1727/571 74/1715/316 35/1686/524
f 37/1685/526 87/1720/439 335/1783/858
f 100/561/372 335/631/858 87/557/439
f 200/846/10 124/758/44 81/840/74
f 144/880/80 200/846/10 81/840/74
f 202/835/79 102/891/88 96/897/117
f 145/556/494 65/542/275 261/571/665
f 487/665/812 261/571/665 62/537/342
f 197/2325/48 150/2332/12 117/2393/230
f 119/2391/247 176/2299/149 116/2373/181
f 262/518/1016 117/502/230 137/505/448
f 266/524/1217 137/505/448 268/529/957
f 13/1039/438 19/1055/621 583/1050/777
f 169/78/466 43/52/523 424/148/897
f 249/704/469 189/702/420 292/716/359
f 184/983/417 291/1012/399 196/989/273
f 308/2988/209 194/2924/272 187/2923/224
f 308/2988/209 187/2923/224 306/2989/244
f 183/117/14 136/113/23 228/125/59
f 133/698/246 300/717/264 310/718/223
f 279/361/440 127/334/231 315/364/211
f 290/1015/170 158/984/249 297/1016/259
f 219/700/197 310/718/223 304/715/340
f 293/324/384 165/325/296 205/342/128
f 172/393/8 226/377/35 162/399/9
f 205/2137/128 181/2102/151 293/2136/384
f 243/2694/185 198/2695/167 283/2680/338
f 219/2462/197 304/2438/340 181/2461/151
f 293/2441/384 181/2461/151 304/2438/340
f 331/1176/644 253/1157/543 222/1154/375
f 82/1127/302 182/1139/323 333/1167/673
f 418/1194/928 82/1127/302 333/1167/673
f 240/1975/293 230/1974/423 312/2005/299
f 225/120/173 190/135/119 255/127/31
f 178/106/98 225/120/173 255/127/31
f 233/2940/409 240/2937/293 288/2968/389
f 186/112/101 178/106/98 255/127/31
f 235/1143/471 329/1166/823 251/1151/508
f 242/2948/407 233/2940/409 286/2972/455
f 260/383/100 201/395/187 160/396/47
f 186/112/101 255/127/31 254/126/52
f 242/2948/407 286/2972/455 282/2974/492
f 224/379/50 260/383/100 160/396/47
f 191/1152/305 358/1187/921 248/1156/446
f 287/2883/366 236/2854/252 314/2890/228
f 281/2970/490 244/2944/279 218/2941/301
f 143/3014/251 232/3032/263 296/3072/261
f 242/2948/407 282/2974/492 173/2925/313
f 327/2910/262 314/2890/228 129/2826/239
f 327/2910/262 129/2826/239 148/2831/241
f 324/2994/271 218/2941/301 157/2919/191
f 324/2994/271 157/2919/191 221/2946/256
f 251/1151/508 339/1177/868 227/1148/458
f 206/3023/232 303/3071/308 212/3022/201
f 298/2992/325 221/2946/256 216/2945/213
f 163/1146/332 53/1129/307 362/1190/798
f 362/1190/798 53/1129/307 359/1188/677
f 507/1237/701 68/1134/371 41/1124/520
f 624/1891/730 37/1685/526 335/1783/858
f 125/1700/571 352/1759/886 332/1747/833
f 164/1711/503 125/1700/571 332/1747/833
f 302/608/837 100/561/372 145/556/494
f 338/619/890 302/608/837 145/556/494
f 103/1704/421 164/1711/503 343/1767/847
f 487/665/812 62/537/342 138/554/472
f 119/500/247 262/518/1016 278/526/988
f 262/518/1016 137/505/448 266/524/1217
f 256/2663/287 119/2619/247 360/2702/1181
f 256/2473/287 284/2528/802 113/2401/362
f 174/2446/286 231/2467/155 280/2519/618
f 45/480/718 258/439/731 18/533/533
f 291/110/399 184/80/417 301/114/363
f 189/81/420 245/88/601 292/111/359
f 292/111/359 245/88/601 276/102/457
f 276/102/457 203/84/501 309/116/278
f 301/1944/363 246/1927/380 269/1943/339
f 249/704/469 292/716/359 300/717/264
f 337/1181/912 257/1158/594 253/1157/543
f 194/2924/272 309/2983/278 203/2918/501
f 217/1140/314 169/1133/466 340/1174/804
f 279/1916/440 307/1902/107 269/1918/339
f 306/2989/244 187/2923/224 165/2917/296
f 127/334/231 243/340/185 315/364/211
f 283/727/338 198/741/167 290/742/170
f 299/2679/288 243/2694/185 283/2680/338
f 222/1154/375 84/1138/324 331/1176/644
f 417/1205/791 331/1176/644 84/1138/324
f 294/686/280 250/660/385 320/690/270
f 250/660/385 252/656/291 320/690/270
f 320/690/270 252/656/291 321/687/303
f 240/1975/293 312/2005/299 288/1998/389
f 230/1974/423 234/1976/222 289/2000/348
f 287/2883/366 321/2911/303 252/2859/291
f 289/2969/348 234/2933/222 244/2944/279
f 329/1166/823 235/1143/471 418/1194/928
f 287/2883/366 252/2859/291 236/2854/252
f 311/2987/350 289/2969/348 244/2944/279
f 233/2940/409 288/2968/389 286/2972/455
f 232/3032/263 294/3078/280 296/3072/261
f 281/2970/490 311/2987/350 244/2944/279
f 282/2974/492 322/2996/312 173/2925/313
f 163/1146/332 349/1184/864 191/1152/305
f 206/3023/232 143/3014/251 313/3079/297
f 322/2996/312 177/2934/276 173/2925/313
f 229/2849/193 327/2910/262 148/2831/241
f 324/2994/271 221/2946/256 298/2992/325
f 303/3071/308 206/3023/232 313/3079/297
f 305/791/216 298/776/325 216/790/213
f 229/1705/193 212/1728/201 303/1706/308
f 359/1188/677 53/1129/307 68/1134/371
f 507/1237/701 359/1188/677 68/1134/371
f 302/608/837 335/631/858 100/561/372
f 261/571/665 338/619/890 145/556/494
f 487/665/812 138/554/472 363/632/869
f 273/1210/1299 328/1229/877 264/1206/1366
f 363/632/869 138/554/472 106/546/310
f 263/336/1343 275/354/1301 295/358/968
f 275/1212/1301 274/1213/1335 317/1226/973
f 274/348/1335 265/341/1463 317/360/973
f 264/346/1366 267/316/1500 273/355/1299
f 274/348/1335 275/354/1301 272/310/1462
f 270/314/1489 273/355/1299 267/316/1500
f 272/310/1462 275/354/1301 263/336/1343
f 270/314/1489 271/359/1097 273/355/1299
f 272/310/1462 265/341/1463 274/348/1335
f 277/309/1446 265/341/1463 272/310/1462
f 277/309/1446 264/346/1366 265/341/1463
f 277/309/1446 267/316/1500 264/346/1366
f 270/314/1489 268/297/957 271/359/1097
f 272/310/1462 263/336/1343 278/302/988
f 278/302/988 262/298/1016 272/310/1462
f 262/298/1016 277/309/1446 272/310/1462
f 262/298/1016 266/300/1217 277/309/1446
f 266/300/1217 267/316/1500 277/309/1446
f 266/300/1217 270/314/1489 267/316/1500
f 266/300/1217 268/297/957 270/314/1489
f 280/2427/618 268/2385/957 174/2372/286
f 316/2685/1035 256/2663/287 360/2702/1181
f 285/1743/801 199/1719/565 370/1784/956
f 231/2467/155 199/2413/565 285/2527/801
f 284/2683/802 256/2663/287 316/2685/1035
f 280/2519/618 231/2467/155 285/2527/801
f 276/2092/457 309/2072/278 292/2145/359
f 291/1862/399 301/1906/363 307/1902/107
f 169/1133/466 424/1186/897 340/1174/804
f 297/1864/259 291/1862/399 307/1902/107
f 292/2145/359 309/2072/278 308/2086/209
f 292/2145/359 308/2086/209 300/2142/264
f 301/1906/363 269/1918/339 307/1902/107
f 196/989/273 291/1012/399 297/1016/259
f 308/2988/209 309/2983/278 194/2924/272
f 182/1139/323 217/1140/314 340/1174/804
f 297/1864/259 307/1902/107 315/1909/211
f 307/1902/107 279/1916/440 315/1909/211
f 300/2142/264 308/2086/209 310/2141/223
f 310/2141/223 308/2086/209 306/2077/244
f 297/1864/259 315/1909/211 290/1863/170
f 299/357/288 315/364/211 243/340/185
f 293/2980/384 306/2989/244 165/2917/296
f 315/1909/211 299/1911/288 290/1863/170
f 306/2077/244 293/2071/384 310/2141/223
f 310/2141/223 293/2071/384 304/2146/340
f 290/1863/170 299/1911/288 283/1875/338
f 333/1167/673 182/1139/323 365/1180/724
f 289/2000/348 312/2005/299 230/1974/423
f 311/2531/350 326/2544/83 289/2538/348
f 323/2599/131 286/2614/455 288/2612/389
f 282/2609/492 286/2614/455 318/2597/144
f 281/2530/490 325/2549/179 311/2531/350
f 281/2970/490 218/2941/301 325/2995/179
f 218/2941/301 324/2994/271 325/2995/179
f 143/3014/251 296/3072/261 313/3079/297
f 305/2993/216 177/2934/276 322/2996/312
f 303/474/308 327/430/262 229/432/193
f 362/1190/798 349/1184/864 163/1146/332
f 70/1131/412 123/1141/550 446/1216/776
f 36/1121/505 70/1131/412 446/1216/776
f 40/1122/551 36/1121/505 717/1354/725
f 164/1711/503 332/1747/833 342/1760/930
f 103/1704/421 343/1767/847 93/1702/560
f 93/1702/560 353/1772/879 112/1709/435
f 295/1220/968 275/1212/1301 317/1226/973
f 328/363/877 317/360/973 264/346/1366
f 273/1210/1299 271/1208/1097 328/1229/877
f 265/341/1463 264/346/1366 317/360/973
f 112/1709/435 353/1772/879 355/1777/914
f 341/2404/549 271/2355/1097 268/2385/957
f 112/1709/435 355/1777/914 199/1719/565
f 278/2668/988 263/2655/1343 295/2669/968
f 382/634/1060 106/546/310 113/545/362
f 284/578/802 330/602/1229 113/545/362
f 334/1936/1369 280/1921/618 285/1935/801
f 649/2651/764 508/2630/758 10/2652/402
f 337/1181/912 253/1157/543 331/1176/644
f 182/1139/323 340/1174/804 365/1180/724
f 371/1193/878 417/1205/791 84/1138/324
f 84/1138/324 241/1155/542 371/1193/878
f 248/1156/446 371/1193/878 241/1155/542
f 326/2544/83 312/2589/299 289/2538/348
f 320/471/270 321/433/303 319/463/7
f 294/492/280 320/471/270 319/463/7
f 319/463/7 321/433/303 287/425/366
f 288/2612/389 312/2589/299 323/2599/131
f 312/2589/299 326/2544/83 323/2599/131
f 296/488/261 294/492/280 319/463/7
f 314/435/228 319/463/7 287/425/366
f 286/2614/455 323/2599/131 318/2597/144
f 323/2599/131 326/2544/83 318/2597/144
f 326/2544/83 311/2531/350 325/2549/179
f 326/2544/83 325/2549/179 318/2597/144
f 339/1177/868 251/1151/508 394/1185/942
f 296/488/261 319/463/7 314/435/228
f 191/1152/305 349/1184/864 358/1187/921
f 325/2549/179 324/2539/271 318/2597/144
f 318/2597/144 322/2611/312 282/2609/492
f 296/488/261 314/435/228 327/430/262
f 322/2611/312 318/2597/144 324/2539/271
f 313/491/297 296/488/261 327/430/262
f 305/2592/216 322/2611/312 324/2539/271
f 327/430/262 303/474/308 313/491/297
f 324/2539/271 298/2559/325 305/2592/216
f 123/1141/550 227/1148/458 518/1241/865
f 352/1797/886 125/1727/571 35/1686/524
f 338/619/890 354/636/901 302/608/837
f 343/1767/847 164/1711/503 342/1760/930
f 295/1220/968 317/1226/973 346/1240/319
f 346/1240/319 317/1226/973 336/1236/304
f 317/1226/973 328/1229/877 336/1236/304
f 328/1229/877 271/1208/1097 347/1239/353
f 346/663/319 345/650/212 295/649/968
f 347/2395/353 271/2355/1097 341/2404/549
f 278/2668/988 295/2669/968 366/2699/1087
f 268/2385/957 389/2428/1220 341/2404/549
f 199/1719/565 355/1777/914 370/1784/956
f 360/2702/1181 119/2619/247 278/2668/988
f 366/2699/1087 360/2702/1181 278/2668/988
f 280/2427/618 389/2428/1220 268/2385/957
f 382/634/1060 113/545/362 330/602/1229
f 284/1788/802 316/1780/1035 330/1813/1229
f 340/1174/804 424/1186/897 442/1196/1032
f 455/1225/971 257/1158/594 337/1181/912
f 397/1199/911 337/1181/912 331/1176/644
f 251/1151/508 329/1166/823 394/1185/942
f 227/1148/458 339/1177/868 444/1207/1024
f 41/1124/520 42/1125/557 880/1450/757
f 40/1122/551 717/1354/725 630/1306/773
f 40/1689/551 630/1894/773 35/1686/524
f 379/645/895 335/631/858 302/608/837
f 332/1747/833 395/1778/842 369/1776/907
f 354/636/901 379/645/895 302/608/837
f 332/1747/833 369/1776/907 342/1760/930
f 347/1239/353 336/1236/304 328/1229/877
f 346/2048/319 336/2046/304 350/2081/95
f 382/634/1060 363/632/869 106/546/310
f 336/2046/304 351/2087/145 350/2081/95
f 344/2078/189 351/2087/145 336/2046/304
f 295/918/968 345/932/212 386/919/1177
f 366/2699/1087 295/2669/968 386/2701/1177
f 330/1813/1229 360/1789/1181 382/1857/1060
f 330/1813/1229 316/1780/1035 360/1789/1181
f 280/1921/618 334/1936/1369 389/1922/1220
f 334/1936/1369 285/1935/801 370/1988/956
f 700/296/750 258/439/731 45/480/718
f 44/53/619 257/97/594 540/191/799
f 397/1199/911 470/1228/1103 337/1181/912
f 399/1200/775 397/1199/911 331/1176/644
f 371/1193/878 248/1156/446 358/1187/921
f 227/1148/458 444/1207/1024 518/1241/865
f 332/1747/833 352/1759/886 465/1807/839
f 395/1778/842 332/1747/833 465/1807/839
f 435/651/923 354/636/901 338/619/890
f 343/1767/847 745/1934/747 93/1702/560
f 93/1702/560 613/1874/815 353/1772/879
f 346/2048/319 350/2081/95 345/2075/212
f 336/2046/304 348/2079/141 344/2078/189
f 336/2046/304 347/2053/353 348/2079/141
f 421/642/1170 363/632/869 382/634/1060
f 348/2079/141 347/2053/353 341/2080/549
f 348/2079/141 368/2099/130 344/2078/189
f 345/165/212 391/174/433 386/159/1177
f 345/2075/212 375/2104/122 391/2089/433
f 345/2075/212 350/2081/95 375/2104/122
f 350/372/95 420/388/274 375/373/122
f 351/2535/145 344/2534/189 438/2565/260
f 344/2078/189 368/2099/130 374/2090/269
f 348/2079/141 376/2097/164 414/2091/190
f 348/2079/141 341/2080/549 376/2097/164
f 341/1833/549 402/1852/491 376/1839/164
f 341/1833/549 401/1851/1427 402/1852/491
f 341/2404/549 389/2428/1220 401/2414/1427
f 350/2081/95 351/2087/145 373/2164/126
f 374/2090/269 368/2099/130 357/2119/49
f 373/2164/126 384/2098/200 350/2081/95
f 374/2090/269 357/2119/49 364/2234/245
f 368/2099/130 372/2158/161 357/2119/49
f 402/2094/491 383/2260/317 376/2097/164
f 364/2234/245 357/2119/49 356/2250/54
f 356/2250/54 357/2119/49 400/2194/57
f 361/2262/136 400/2194/57 357/2119/49
f 357/2119/49 372/2158/161 361/2262/136
f 382/1857/1060 360/1789/1181 421/1853/1170
f 351/2087/145 448/2190/121 373/2164/126
f 448/2032/121 367/2011/152 373/2021/126
f 569/729/630 43/726/523 47/766/650
f 475/1214/1055 340/1174/804 471/1209/1133
f 447/1204/1069 340/1174/804 475/1214/1055
f 365/1180/724 340/1174/804 447/1204/1069
f 365/1180/724 522/1238/873 514/1235/729
f 339/1177/868 394/1185/942 461/1217/1161
f 456/1224/1142 358/1187/921 349/1184/864
f 444/1207/1024 339/1177/868 464/1218/1141
f 452/1219/1125 349/1184/864 362/1190/798
f 379/645/895 474/672/783 335/631/858
f 476/671/613 379/645/895 354/636/901
f 472/664/663 476/671/613 354/636/901
f 369/1776/907 395/1778/842 459/1812/652
f 369/1776/907 436/1798/899 342/1760/930
f 436/1798/899 343/1767/847 342/1760/930
f 343/1767/847 496/1823/785 745/1934/747
f 402/1925/491 401/1939/1427 409/1951/1090
f 401/1939/1427 404/1969/1143 409/1951/1090
f 386/1803/1177 419/1820/1050 406/1838/1160
f 445/1806/929 355/1777/914 353/1772/879
f 384/2098/200 420/2095/274 350/2081/95
f 438/2565/260 344/2534/189 439/2569/258
f 348/245/141 414/254/190 368/246/130
f 428/1825/1239 386/1803/1177 406/1838/1160
f 414/2091/190 372/2158/161 368/2099/130
f 386/1803/1177 428/1825/1239 366/1779/1087
f 351/841/145 438/855/260 448/842/121
f 389/1922/1220 404/1969/1143 401/1939/1427
f 355/1777/914 431/1800/1011 370/1784/956
f 439/319/258 374/308/269 364/299/245
f 389/1922/1220 415/1959/1292 404/1969/1143
f 421/1853/1170 360/1789/1181 428/1825/1239
f 366/1779/1087 428/1825/1239 360/1789/1181
f 391/2089/433 375/2104/122 392/2182/315
f 384/1372/200 377/1371/204 423/1384/476
f 373/2164/126 377/2265/204 384/2098/200
f 334/1936/1369 431/1982/1011 415/1959/1292
f 370/1784/956 431/1800/1011 334/1766/1369
f 420/2635/274 457/2675/180 375/2676/122
f 334/1936/1369 415/1959/1292 389/1922/1220
f 432/312/318 439/319/258 364/299/245
f 457/2967/180 398/2935/225 375/2914/122
f 437/3060/51 423/3036/476 377/3035/204
f 392/683/315 381/802/174 490/748/661
f 381/2714/174 408/2741/370 490/2742/661
f 376/2097/164 388/2268/103 441/2178/22
f 376/2097/164 383/2260/317 388/2268/103
f 392/2182/315 375/2104/122 398/2216/225
f 377/2265/204 373/2164/126 367/2259/152
f 430/1658/944 425/1655/1211 400/1657/57
f 400/1657/57 425/1655/1211 410/1654/954
f 410/1661/954 430/1653/944 361/1652/136
f 361/2262/136 430/2232/944 400/2194/57
f 356/2250/54 410/2227/954 403/2283/60
f 356/2250/54 400/2194/57 410/2227/954
f 403/2283/60 410/2227/954 361/2262/136
f 381/2366/174 392/2182/315 393/2328/37
f 437/2958/51 393/2915/37 398/2935/225
f 377/2265/204 367/2259/152 412/2300/27
f 413/2316/111 364/2234/245 356/2250/54
f 392/2182/315 398/2216/225 393/2328/37
f 412/2300/27 367/2259/152 416/2312/77
f 403/2283/60 413/2316/111 356/2250/54
f 427/2286/15 388/2268/103 380/2358/28
f 403/2283/60 427/2286/15 378/2361/5
f 388/2268/103 385/2368/320 380/2358/28
f 388/2268/103 383/2260/317 385/2368/320
f 412/2300/27 416/2312/77 378/2361/5
f 393/2328/37 412/2300/27 378/2361/5
f 416/2312/77 413/2316/111 378/2361/5
f 413/2316/111 403/2283/60 378/2361/5
f 427/2286/15 380/2358/28 378/2361/5
f 393/2328/37 378/2361/5 381/2366/174
f 381/2366/174 378/2361/5 390/2370/177
f 378/2361/5 380/2358/28 390/2370/177
f 380/2358/28 405/2386/92 390/2370/177
f 380/2358/28 385/2368/320 405/2386/92
f 381/2475/174 433/2485/109 408/2486/370
f 381/2366/174 390/2370/177 433/2394/109
f 385/2368/320 434/2407/450 405/2386/92
f 540/191/799 257/97/594 455/154/971
f 340/1174/804 442/1196/1032 471/1209/1133
f 453/1222/1120 397/1199/911 399/1200/775
f 417/1205/791 399/1200/775 331/1176/644
f 371/1193/878 358/1187/921 466/1227/1047
f 394/1185/942 329/1166/823 460/1215/1178
f 460/1215/1178 461/1217/1161 394/1185/942
f 478/1230/1144 349/1184/864 452/1219/1125
f 489/1233/979 452/1219/1125 362/1190/798
f 446/1216/776 123/1141/550 623/1300/699
f 474/672/783 482/677/830 335/631/858
f 354/636/901 435/651/923 472/664/663
f 343/1767/847 436/1798/899 496/1823/785
f 338/619/890 530/695/680 435/651/923
f 374/308/269 439/319/258 344/304/189
f 420/2095/274 384/2098/200 423/2163/476
f 372/2158/161 414/2091/190 441/2178/22
f 376/2097/164 441/2178/22 414/2091/190
f 361/2172/136 372/2171/161 441/2191/22
f 398/2935/225 457/2967/180 437/2958/51
f 361/2262/136 441/2178/22 427/2286/15
f 427/2286/15 441/2178/22 388/2268/103
f 367/2011/152 448/2032/121 469/2033/67
f 410/778/954 425/780/1211 450/788/357
f 367/2259/152 469/2275/67 416/2312/77
f 469/2275/67 364/2234/245 413/2316/111
f 427/272/15 403/273/60 361/258/136
f 393/2328/37 437/2255/51 412/2300/27
f 413/2316/111 416/2312/77 469/2275/67
f 440/2397/139 433/2394/109 390/2370/177
f 405/3055/92 440/3083/139 390/3056/177
f 408/2369/370 433/2394/109 426/2416/124
f 408/2369/370 426/2416/124 411/2435/214
f 405/2386/92 434/2407/450 396/2445/160
f 440/2397/139 429/2426/183 422/2425/192
f 440/2397/139 405/2386/92 429/2426/183
f 405/2386/92 396/2445/160 429/2426/183
f 422/573/192 429/572/183 463/600/361
f 429/2426/183 396/2445/160 468/2474/622
f 411/2435/214 426/2416/124 467/2477/651
f 387/2763/205 449/2773/153 451/2809/383
f 451/2809/383 407/2825/352 387/2763/205
f 20/1096/631 707/1111/760 883/1098/751
f 19/1055/621 20/1096/631 883/1098/751
f 569/2408/630 47/2429/650 780/2430/720
f 43/52/523 569/201/630 424/148/897
f 569/201/630 480/156/1020 424/148/897
f 477/1231/1115 455/1225/971 337/1181/912
f 470/1228/1103 477/1231/1115 337/1181/912
f 485/1232/1210 470/1228/1103 397/1199/911
f 397/1199/911 453/1222/1120 485/1232/1210
f 460/1215/1178 329/1166/823 418/1194/928
f 456/1224/1142 466/1227/1047 358/1187/921
f 461/1217/1161 464/1218/1141 339/1177/868
f 456/1224/1142 349/1184/864 478/1230/1144
f 541/1256/614 489/1233/979 362/1190/798
f 624/1891/730 335/1783/858 482/1829/830
f 614/1888/711 35/1686/524 648/1908/753
f 614/1888/711 352/1797/886 35/1686/524
f 614/1869/711 465/1807/839 352/1759/886
f 395/1778/842 465/1807/839 556/1847/637
f 504/681/902 476/671/613 472/664/663
f 369/1776/907 459/1812/652 436/1798/899
f 530/695/680 338/619/890 261/571/665
f 511/680/859 363/632/869 421/642/1170
f 391/174/433 531/175/851 386/159/1177
f 511/680/859 421/642/1170 517/684/800
f 544/2645/850 404/2721/1143 415/2627/1292
f 355/1777/914 445/1806/929 431/1800/1011
f 420/3061/274 458/3096/521 457/3097/180
f 458/2498/521 420/2481/274 423/2482/476
f 457/2497/180 458/2498/521 423/2482/476
f 438/139/260 439/104/258 432/115/318
f 438/139/260 432/115/318 448/138/121
f 437/2489/51 457/2497/180 423/2482/476
f 454/2932/442 430/2900/944 450/2931/357
f 450/916/357 430/933/944 410/917/954
f 448/138/121 432/115/318 469/134/67
f 469/318/67 432/312/318 364/299/245
f 425/2893/1211 430/2900/944 454/2932/442
f 450/788/357 425/780/1211 454/787/442
f 437/755/51 377/737/204 412/754/27
f 422/2425/192 426/2416/124 433/2394/109
f 433/2394/109 440/2397/139 422/2425/192
f 396/16/160 434/22/450 462/30/606
f 422/573/192 493/615/306 426/576/124
f 463/600/361 429/572/183 491/611/334
f 422/573/192 500/617/227 493/615/306
f 422/573/192 463/600/361 500/617/227
f 429/2280/183 468/2279/622 491/2315/334
f 467/861/651 426/860/124 493/881/306
f 467/928/651 479/877/888 411/868/214
f 462/30/606 468/33/622 396/16/160
f 443/1283/135 509/1249/142 387/1282/205
f 509/1678/142 449/1730/153 387/1679/205
f 502/1305/497 443/1283/135 387/1282/205
f 442/1196/1032 424/1186/897 480/1211/1020
f 499/627/1123 480/653/1020 494/623/1083
f 442/1196/1032 480/1211/1020 499/1221/1123
f 471/63/1133 442/64/1032 499/37/1123
f 453/875/1120 505/900/1159 485/859/1210
f 515/904/922 505/900/1159 453/875/1120
f 365/1180/724 447/1204/1069 522/1238/873
f 371/1193/878 466/1227/1047 536/1255/662
f 418/981/928 488/1017/1010 460/993/1178
f 466/1456/1047 456/1457/1142 495/1440/1063
f 488/1017/1010 492/1023/1100 460/993/1178
f 492/1023/1100 501/1018/1070 460/993/1178
f 501/1018/1070 461/991/1161 460/993/1178
f 483/1441/1118 478/1465/1144 452/1461/1125
f 501/1018/1070 481/1022/1108 464/982/1141
f 489/1454/979 483/1441/1118 452/1461/1125
f 573/1272/691 362/1190/798 359/1188/677
f 36/1121/505 446/1216/776 609/1294/728
f 41/1124/520 880/1450/757 507/1237/701
f 531/2806/851 419/2764/1050 386/2824/1177
f 615/719/688 517/684/800 421/642/1170
f 415/1313/1292 431/1287/1011 632/1291/696
f 383/4/317 554/65/881 385/13/320
f 521/800/840 490/748/661 408/808/370
f 513/837/874 521/800/840 408/808/370
f 513/837/874 408/808/370 411/868/214
f 513/837/874 411/868/214 479/877/888
f 512/2322/825 491/2315/334 468/2279/622
f 500/1276/227 498/1234/45 473/1257/84
f 497/1189/178 449/1223/153 498/1234/45
f 498/1234/45 509/1249/142 473/1257/84
f 443/1283/135 502/1305/497 473/1257/84
f 509/1249/142 443/1283/135 473/1257/84
f 477/2928/1115 503/2927/1012 455/2986/971
f 470/870/1103 519/905/887 477/879/1115
f 475/51/1055 471/63/1133 499/37/1123
f 470/870/1103 505/900/1159 519/905/887
f 470/870/1103 485/859/1210 505/900/1159
f 486/1539/1119 447/1505/1069 475/1513/1055
f 537/1546/607 447/1505/1069 486/1539/1119
f 528/1252/669 453/1222/1120 399/1200/775
f 640/1315/797 399/1200/775 417/1205/791
f 495/2671/1063 536/2620/662 466/2631/1047
f 506/1443/1057 495/1440/1063 456/1457/1142
f 506/1443/1057 456/1457/1142 478/1465/1144
f 501/1018/1070 464/982/1141 461/991/1161
f 483/1441/1118 506/1443/1057 478/1465/1144
f 444/987/1024 464/982/1141 481/1022/1108
f 532/1019/609 518/986/865 481/1022/1108
f 518/986/865 444/987/1024 481/1022/1108
f 541/1256/614 362/1190/798 573/1272/691
f 42/1125/557 820/1417/789 880/1450/757
f 820/1978/789 42/1694/557 624/1891/730
f 630/1894/773 648/1908/753 35/1686/524
f 474/672/783 379/645/895 476/671/613
f 553/1854/675 436/1798/899 459/1812/652
f 436/1798/899 553/1854/675 496/1823/785
f 530/695/680 261/571/665 636/739/721
f 363/3038/869 511/3027/859 487/3066/812
f 572/3119/744 353/3109/879 613/3094/815
f 524/1198/870 406/1195/1160 419/1169/1050
f 353/1772/879 572/1861/744 445/1806/929
f 402/12/491 409/14/1090 619/95/779
f 406/2722/1160 524/2739/870 428/2646/1239
f 434/22/450 385/13/320 535/55/866
f 462/30/606 434/22/450 534/54/908
f 498/1234/45 500/1276/227 463/1191/361
f 497/1189/178 498/1234/45 463/1191/361
f 491/611/334 497/614/178 463/600/361
f 510/888/920 467/861/651 493/881/306
f 493/1364/306 500/1276/227 520/1380/360
f 449/2648/153 497/2650/178 527/2590/194
f 509/1249/142 498/1234/45 449/1223/153
f 449/2648/153 523/2586/254 451/2637/383
f 523/2586/254 566/2562/344 451/2637/383
f 539/692/351 502/661/497 387/622/205
f 387/1042/205 407/1066/352 580/1085/253
f 780/2512/720 774/2504/741 569/2491/630
f 560/194/496 494/162/1083 480/156/1020
f 519/832/887 503/824/1012 477/803/1115
f 499/2667/1123 555/2700/509 475/2659/1055
f 475/2659/1055 555/2700/509 486/2662/1119
f 453/875/1120 528/864/669 515/904/922
f 447/1505/1069 537/1546/607 522/1506/873
f 561/1320/519 488/1325/1010 576/1361/620
f 488/1325/1010 418/1360/928 576/1361/620
f 492/2661/1100 488/2657/1010 561/2693/519
f 492/2661/1100 561/2693/519 547/2692/605
f 526/2873/226 518/2894/865 532/2843/609
f 526/1247/226 618/1298/678 518/1241/865
f 518/1241/865 623/1300/699 123/1141/550
f 732/799/811 476/671/613 504/681/902
f 395/1778/842 556/1847/637 631/1884/844
f 538/701/670 472/664/663 435/651/923
f 549/2888/762 409/2869/1090 404/2936/1143
f 619/2862/779 409/2869/1090 549/2888/762
f 619/95/779 628/100/707 402/12/491
f 431/1800/1011 445/1806/929 600/1871/698
f 615/1271/688 421/1270/1170 428/1245/1239
f 546/605/1022 391/577/433 392/683/315
f 545/825/884 521/800/840 513/837/874
f 534/3108/908 434/3102/450 535/3095/866
f 510/2453/920 479/2424/888 467/2423/651
f 493/1364/306 520/1380/360 510/1386/920
f 491/1123/334 527/1183/194 497/1189/178
f 491/1123/334 512/1115/825 527/1183/194
f 473/1257/84 533/1308/237 500/1276/227
f 473/662/84 502/661/497 533/689/237
f 387/1042/205 580/1085/253 539/1043/351
f 566/2562/344 407/2649/352 451/2637/383
f 455/154/971 503/168/1012 565/197/483
f 560/194/496 480/156/1020 569/201/630
f 565/854/483 503/824/1012 519/832/887
f 567/2898/405 505/2835/1159 515/2834/922
f 658/1331/807 528/1252/669 399/1200/775
f 418/1194/928 333/1167/673 576/1258/620
f 501/2664/1070 492/2661/1100 547/2692/605
f 481/2658/1108 501/2664/1070 564/2704/390
f 557/2802/401 506/2752/1057 483/2731/1118
f 550/2798/530 557/2802/401 483/2731/1118
f 550/2798/530 483/2731/1118 489/2743/979
f 541/850/614 550/829/530 489/849/979
f 474/672/783 476/671/613 650/771/818
f 459/1812/652 395/1778/842 631/1884/844
f 530/695/680 538/701/670 435/651/923
f 549/2888/762 404/2936/1143 579/2939/848
f 445/1806/929 572/1861/744 600/1871/698
f 546/605/1022 531/562/851 391/577/433
f 402/12/491 551/62/941 383/4/317
f 632/1889/696 431/1800/1011 600/1871/698
f 615/1271/688 428/1245/1239 620/1246/716
f 490/748/661 546/605/1022 392/683/315
f 535/55/866 385/13/320 554/65/881
f 529/858/959 513/837/874 479/877/888
f 510/1319/920 529/1357/959 479/1375/888
f 525/2483/1026 512/2484/825 468/2460/622
f 449/2648/153 527/2590/194 523/2586/254
f 566/1106/344 580/1085/253 407/1066/352
f 598/206/603 540/191/799 455/154/971
f 499/2667/1123 494/2666/1083 555/2700/509
f 536/1255/662 417/1205/791 371/1193/878
f 495/2671/1063 563/2672/460 536/2620/662
f 506/2752/1057 563/2800/460 495/2732/1063
f 501/2664/1070 547/2692/605 559/2698/473
f 564/2704/390 501/2664/1070 559/2698/473
f 557/2802/401 571/2817/378 506/2752/1057
f 623/1300/699 518/1241/865 618/1298/678
f 653/1326/713 573/1272/691 359/1188/677
f 474/672/783 650/771/818 482/677/830
f 556/1847/637 465/1807/839 614/1869/711
f 660/2779/780 419/2764/1050 531/2806/851
f 404/2721/1143 544/2645/850 579/2748/848
f 428/2646/1239 524/2739/870 620/2641/716
f 544/2645/850 415/2627/1292 767/2623/793
f 767/1303/793 415/1313/1292 632/1291/696
f 554/65/881 383/4/317 551/62/941
f 462/30/606 534/54/908 552/68/940
f 462/30/606 552/68/940 468/33/622
f 525/2483/1026 468/2460/622 552/2459/940
f 520/1380/360 533/1308/237 543/1378/355
f 533/1308/237 520/1380/360 500/1276/227
f 527/1183/194 512/1115/825 548/1145/328
f 527/1183/194 548/1145/328 523/1192/254
f 548/1145/328 542/1153/343 523/1192/254
f 533/1308/237 539/1302/351 543/1378/355
f 533/689/237 502/661/497 539/692/351
f 598/206/603 455/154/971 565/197/483
f 494/2666/1083 560/2706/496 555/2700/509
f 567/2898/405 519/2865/887 505/2835/1159
f 486/2662/1119 555/2700/509 562/2707/395
f 537/2691/607 486/2662/1119 562/2707/395
f 514/1235/729 522/1238/873 625/1297/719
f 563/2800/460 506/2752/1057 571/2817/378
f 532/2686/609 481/2658/1108 564/2704/390
f 568/2899/463 526/2873/226 532/2843/609
f 568/1265/463 618/1298/678 526/1247/226
f 446/1216/776 623/1300/699 609/1294/728
f 624/1891/730 482/1829/830 650/1910/818
f 610/1178/774 524/1198/870 419/1169/1050
f 588/707/768 511/680/859 517/684/800
f 402/12/491 628/100/707 551/62/941
f 531/562/851 546/605/1022 592/589/934
f 551/521/941 570/510/1237 554/520/881
f 558/713/1031 546/605/1022 490/748/661
f 584/756/834 558/713/1031 490/748/661
f 584/756/834 490/748/661 521/800/840
f 521/800/840 545/825/884 968/809/697
f 552/68/940 534/54/908 972/243/604
f 621/848/763 513/837/874 529/858/959
f 539/1302/351 597/1379/427 543/1378/355
f 523/1192/254 542/1153/343 566/1242/344
f 831/242/733 258/439/731 700/296/750
f 560/2170/496 569/2228/630 594/2198/441
f 594/2198/441 595/2219/449 560/2170/496
f 595/2219/449 555/2176/509 560/2170/496
f 591/853/459 565/854/483 519/832/887
f 591/164/459 519/144/887 567/147/405
f 555/2176/509 595/2219/449 562/2188/395
f 591/164/459 567/147/405 590/177/406
f 589/2217/480 537/2180/607 562/2188/395
f 608/166/507 567/147/405 515/143/922
f 537/2180/607 589/2217/480 522/2226/873
f 608/166/507 515/143/922 528/169/669
f 658/1331/807 399/1200/775 640/1315/797
f 756/1376/767 576/1258/620 333/1167/673
f 585/2643/408 536/2620/662 563/2672/460
f 547/2692/605 561/2693/519 577/2712/266
f 577/2712/266 559/2698/473 547/2692/605
f 559/2842/473 586/2870/233 564/2851/390
f 586/2870/233 575/2908/337 564/2851/390
f 557/2947/401 604/2998/502 581/2997/364
f 564/2851/390 568/2899/463 532/2843/609
f 541/2976/614 604/2998/502 550/2921/530
f 636/739/721 538/701/670 530/695/680
f 553/1854/675 699/1915/735 496/1823/785
f 824/839/795 636/739/721 261/571/665
f 549/59/762 947/235/806 619/95/779
f 620/2641/716 524/2739/870 645/2736/835
f 574/1102/1089 592/1099/934 546/1083/1022
f 558/1082/1031 574/1102/1089 546/1083/1022
f 570/510/1237 551/521/941 599/504/625
f 578/499/963 554/520/881 570/510/1237
f 520/2272/360 661/2383/638 510/2270/920
f 654/1583/558 512/1646/825 525/1645/1026
f 639/2337/488 520/2272/360 543/2269/355
f 603/1175/379 566/1242/344 542/1153/343
f 597/1379/427 539/1302/351 602/1370/195
f 580/1262/253 602/1370/195 539/1302/351
f 540/1762/799 778/1765/727 484/1801/761
f 598/371/603 565/403/483 591/380/459
f 591/2321/459 656/2362/1030 598/2318/603
f 591/1526/459 582/1547/133 656/1527/1030
f 587/2229/426 562/2188/395 595/2219/449
f 562/2188/395 587/2229/426 589/2217/480
f 590/177/406 567/147/405 608/166/507
f 514/1235/729 791/1399/772 365/1180/724
f 333/1167/673 365/1180/724 791/1399/772
f 734/1377/820 640/1315/797 417/1205/791
f 734/2749/820 417/2750/791 536/2711/662
f 593/2877/387 561/2841/519 576/2907/620
f 561/2841/519 593/2877/387 577/2857/266
f 585/2966/408 563/2922/460 571/2938/378
f 577/2857/266 593/2877/387 586/2870/233
f 585/2966/408 571/2938/378 596/2981/398
f 593/1267/387 611/1293/544 586/1269/233
f 559/2842/473 577/2857/266 586/2870/233
f 596/2981/398 571/2938/378 557/2947/401
f 611/2897/544 575/2908/337 586/2870/233
f 596/2981/398 557/2947/401 581/2997/364
f 564/2851/390 575/2908/337 601/2895/487
f 604/2998/502 557/2947/401 550/2921/530
f 568/2899/463 564/2851/390 601/2895/487
f 650/771/818 476/671/613 732/799/811
f 715/3118/813 572/3119/744 613/3094/815
f 645/1203/835 524/1198/870 610/1178/774
f 715/1919/813 600/1871/698 572/1861/744
f 531/2352/851 592/2331/934 629/2351/648
f 599/2985/625 551/2916/941 616/2973/545
f 616/2973/545 551/2916/941 628/2984/707
f 607/604/583 592/589/934 574/646/1089
f 588/707/768 517/684/800 615/719/688
f 570/69/1237 599/76/625 605/83/311
f 606/714/588 607/604/583 574/646/1089
f 570/69/1237 605/83/311 578/73/963
f 574/646/1089 558/713/1031 606/714/588
f 606/714/588 558/713/1031 584/756/834
f 578/73/963 612/93/567 554/65/881
f 545/825/884 513/837/874 621/848/763
f 529/1357/959 510/1319/920 661/1329/638
f 525/566/1026 552/540/940 779/555/765
f 639/2337/488 661/2383/638 520/2272/360
f 512/1646/825 654/1583/558 548/1615/328
f 617/1201/345 566/1242/344 603/1175/379
f 566/1242/344 617/1201/345 580/1262/253
f 17/532/566 258/439/731 831/242/733
f 594/1259/441 670/1317/1082 595/1264/449
f 522/1238/873 589/1263/480 625/1297/719
f 608/1296/507 528/1252/669 658/1331/807
f 791/1399/772 514/1235/729 625/1297/719
f 627/1307/634 536/1255/662 585/1280/408
f 576/1258/620 646/1309/906 593/1267/387
f 585/1280/408 596/1290/398 627/1307/634
f 646/1309/906 611/1293/544 593/1267/387
f 596/1290/398 669/1340/1101 627/1307/634
f 668/1338/1052 596/1290/398 581/1277/364
f 664/1335/1084 581/1277/364 604/1295/502
f 683/1349/1005 604/1295/502 541/1256/614
f 683/1349/1005 541/1256/614 573/1272/691
f 507/1237/701 653/1326/713 359/1188/677
f 459/1812/652 631/1884/844 970/2045/671
f 592/589/934 607/604/583 629/570/648
f 607/70/583 622/98/534 629/99/648
f 605/1635/311 599/1632/625 616/1648/545
f 607/70/583 606/74/588 622/98/534
f 612/1649/567 605/1635/311 616/1648/545
f 584/96/834 622/98/534 606/74/588
f 605/83/311 612/93/567 578/73/963
f 554/65/881 612/93/567 686/136/892
f 535/55/866 554/65/881 686/136/892
f 923/856/740 621/848/763 529/858/959
f 542/1613/343 548/1615/328 635/1577/470
f 639/2337/488 543/2269/355 597/2284/427
f 45/480/718 15/536/559 992/185/756
f 583/1050/777 19/1055/621 867/1063/738
f 672/1316/1001 594/1259/441 569/1254/630
f 595/1264/449 670/1317/1082 682/1323/1135
f 656/1330/1030 582/1278/133 667/1337/1059
f 667/1337/1059 582/1278/133 591/1285/459
f 587/1260/426 595/1264/449 682/1323/1135
f 668/1338/1052 581/1277/364 664/1335/1084
f 544/2645/850 642/2709/737 579/2748/848
f 628/100/707 626/101/597 616/94/545
f 626/101/597 612/93/567 616/94/545
f 626/101/597 634/107/668 612/93/567
f 584/756/834 662/731/932 622/724/534
f 753/781/755 662/731/932 584/756/834
f 580/1262/253 617/1201/345 638/1251/132
f 643/1353/182 602/1370/195 580/1262/253
f 580/1262/253 638/1251/132 643/1353/182
f 594/1259/441 672/1316/1001 670/1317/1082
f 589/1263/480 587/1260/426 675/1322/1068
f 625/1297/719 589/1263/480 675/1322/1068
f 627/1307/634 734/1377/820 536/1255/662
f 576/1258/620 756/1376/767 680/1332/961
f 676/1345/1136 669/1340/1101 596/1290/398
f 676/1345/1136 596/1290/398 668/1338/1052
f 568/1265/463 601/1281/487 671/1334/1051
f 36/1121/505 609/1294/728 717/1354/725
f 496/1823/785 699/1915/735 745/1934/747
f 487/3066/812 511/3027/859 720/3030/745
f 549/2888/762 579/2939/848 743/2930/748
f 720/782/745 511/680/859 588/707/768
f 743/2756/748 579/2748/848 642/2709/737
f 626/101/597 628/100/707 637/108/1164
f 761/606/829 746/594/687 661/549/638
f 635/1577/470 548/1615/328 654/1583/558
f 633/1369/495 597/1379/427 602/1370/195
f 602/1370/195 643/1353/182 633/1369/495
f 707/294/760 17/532/566 831/242/733
f 961/2575/742 516/2571/743 508/2630/758
f 926/2628/739 508/2630/758 649/2651/764
f 666/1336/1017 690/1351/1139 590/1284/406
f 666/1336/1017 590/1284/406 608/1296/507
f 646/1309/906 576/1258/620 680/1332/961
f 674/1344/994 627/1307/634 669/1340/1101
f 575/1266/337 611/1293/544 691/1343/1200
f 601/1281/487 575/1266/337 671/1334/1051
f 683/1349/1005 664/1335/1084 604/1295/502
f 762/1388/679 683/1349/1005 573/1272/691
f 762/1388/679 573/1272/691 653/1326/713
f 738/1933/794 600/1871/698 715/1919/813
f 629/2839/648 660/2779/780 531/2806/851
f 632/1889/696 600/1871/698 738/1933/794
f 773/807/736 588/707/768 615/719/688
f 659/122/863 637/108/1164 628/100/707
f 662/731/932 651/587/876 629/570/648
f 622/724/534 662/731/932 629/570/648
f 673/132/927 612/93/567 634/107/668
f 686/136/892 612/93/567 673/132/927
f 529/1357/959 661/1329/638 746/1346/687
f 713/567/647 525/566/1026 779/555/765
f 525/1645/1026 713/1568/647 654/1583/558
f 644/1243/400 638/1251/132 617/1201/345
f 641/1359/265 633/1369/495 643/1353/182
f 980/189/766 742/285/714 516/378/743
f 992/185/756 15/536/559 742/285/714
f 690/1351/1139 667/1337/1059 591/1285/459
f 685/1328/1134 587/1260/426 682/1323/1135
f 690/1351/1139 591/1285/459 590/1284/406
f 685/1328/1134 675/1322/1068 587/1260/426
f 333/1167/673 791/1399/772 806/1403/754
f 756/1376/767 333/1167/673 806/1403/754
f 611/1293/544 646/1309/906 663/1324/1018
f 671/1334/1051 575/1266/337 691/1343/1200
f 504/681/902 472/664/663 538/701/670
f 974/938/749 824/839/795 261/571/665
f 974/938/749 261/571/665 487/665/812
f 628/100/707 619/95/779 718/141/925
f 720/782/745 588/707/768 773/807/736
f 659/122/863 628/100/707 718/141/925
f 637/804/1164 659/823/863 652/836/633
f 652/836/633 657/805/900 637/804/1164
f 637/108/1164 657/123/900 626/101/597
f 634/107/668 626/101/597 657/123/900
f 657/123/900 673/132/927 634/107/668
f 753/781/755 584/756/834 521/800/840
f 647/192/199 701/183/592 639/182/488
f 639/1923/488 723/1973/528 647/1924/199
f 603/1586/379 542/1613/343 744/1503/602
f 723/2367/528 639/2337/488 597/2284/427
f 739/2360/709 597/2284/427 633/2296/495
f 617/1571/345 603/1586/379 752/1475/689
f 643/1353/182 638/1251/132 684/1352/219
f 644/1243/400 665/1279/238 638/1251/132
f 992/185/756 700/296/750 45/480/718
f 598/206/603 726/253/885 540/191/799
f 569/201/630 774/270/741 672/239/1001
f 774/270/741 716/249/977 672/239/1001
f 722/251/950 726/253/885 598/206/603
f 625/1297/719 675/1322/1068 728/1355/937
f 666/1336/1017 608/1296/507 658/1331/807
f 680/1332/961 677/1327/1236 646/1309/906
f 677/1327/1236 663/1324/1018 646/1309/906
f 611/1293/544 663/1324/1018 691/1343/1200
f 568/1265/463 671/1334/1051 696/1348/1044
f 618/1298/678 568/1265/463 696/1348/1044
f 553/1854/675 459/1812/652 985/2061/891
f 620/2641/716 645/2736/835 766/2689/734
f 652/1964/633 659/1949/863 657/1948/900
f 705/723/985 651/587/876 662/731/932
f 693/1900/585 635/1883/470 654/1876/558
f 744/1503/602 542/1613/343 635/1577/470
f 752/1475/689 603/1586/379 744/1503/602
f 723/2367/528 597/2284/427 739/2360/709
f 644/1517/400 617/1571/345 752/1475/689
f 678/2310/548 633/2296/495 641/2292/265
f 678/1367/548 641/1359/265 643/1353/182
f 678/2310/548 643/2288/182 684/2297/219
f 638/1251/132 665/1279/238 684/1352/219
f 980/2563/766 516/2571/743 961/2575/742
f 778/281/727 540/191/799 726/253/885
f 672/239/1001 716/249/977 709/247/1040
f 722/2398/950 598/2318/603 656/2362/1030
f 702/2810/1112 722/2804/950 656/2868/1030
f 667/2878/1059 702/2810/1112 656/2868/1030
f 667/2878/1059 690/2879/1139 702/2810/1112
f 685/2437/1134 682/2443/1135 711/2466/1131
f 685/2437/1134 694/2468/1187 675/2450/1068
f 674/1008/994 734/1027/820 627/1009/634
f 695/2999/1062 677/2960/1236 680/2956/961
f 692/2990/1182 677/2960/1236 695/2999/1062
f 669/2778/1101 697/2823/1075 674/2780/994
f 681/2957/1357 677/2960/1236 692/2990/1182
f 669/2778/1101 698/2819/1130 697/2823/1075
f 663/2943/1018 677/2960/1236 681/2957/1357
f 676/2772/1136 698/2819/1130 669/2778/1101
f 708/2820/1104 698/2819/1130 676/2772/1136
f 692/2990/1182 704/2991/1128 681/2957/1357
f 663/2943/1018 681/2957/1357 691/2913/1200
f 1412/1634/861 880/1450/757 820/1417/789
f 631/1884/844 556/1847/637 614/1869/711
f 947/2867/806 549/2888/762 1001/2901/846
f 1001/2901/846 549/2888/762 743/2930/748
f 651/1321/876 712/1341/882 629/1342/648
f 760/798/788 773/807/736 615/719/688
f 632/1889/696 738/1933/794 865/1986/683
f 808/1250/796 615/1271/688 620/1246/716
f 651/587/876 705/723/985 712/579/882
f 552/68/940 972/243/604 989/252/563
f 713/1568/647 693/1554/585 654/1583/558
f 701/971/592 661/923/638 639/922/488
f 693/1900/585 655/1904/268 635/1883/470
f 687/831/419 701/851/592 647/828/199
f 655/722/268 693/730/585 737/693/612
f 723/1973/528 687/1938/419 647/1924/199
f 744/1877/602 635/1883/470 655/1904/268
f 729/1453/617 665/1495/238 644/1517/400
f 710/1460/285 665/1495/238 729/1453/617
f 703/1356/282 684/1352/219 665/1279/238
f 665/1279/238 710/1304/285 703/1356/282
f 689/1373/336 688/1299/321 719/1365/335
f 688/1299/321 725/1311/403 719/1365/335
f 19/1055/621 883/1098/751 867/1063/738
f 670/2448/1082 672/2449/1001 709/2469/1040
f 670/2448/1082 709/2469/1040 711/2466/1131
f 682/2443/1135 670/2448/1082 711/2466/1131
f 706/2805/1146 702/2810/1112 690/2879/1139
f 685/2437/1134 711/2466/1131 694/2468/1187
f 666/2863/1017 706/2805/1146 690/2879/1139
f 681/2957/1357 704/2991/1128 691/2913/1200
f 708/2820/1104 676/2772/1136 668/2760/1052
f 664/2774/1084 708/2820/1104 668/2760/1052
f 671/2929/1051 691/2913/1200 704/2991/1128
f 683/2771/1005 708/2820/1104 664/2774/1084
f 696/2942/1044 671/2929/1051 704/2991/1128
f 609/1294/728 623/1300/699 757/1383/770
f 873/874/782 650/771/818 732/799/811
f 619/95/779 947/235/806 793/180/627
f 758/2705/723 743/2756/748 642/2709/737
f 760/1273/788 615/1271/688 808/1250/796
f 657/123/900 659/122/863 718/141/925
f 657/123/900 718/141/925 721/149/1129
f 673/132/927 657/123/900 721/149/1129
f 968/809/697 753/781/755 521/800/840
f 535/55/866 686/136/892 789/179/694
f 850/568/875 713/567/647 779/555/765
f 733/599/975 761/606/829 661/549/638
f 733/599/975 661/549/638 701/590/592
f 750/1967/595 687/1938/419 723/1973/528
f 739/2360/709 633/2296/495 678/2310/548
f 644/1517/400 752/1475/689 729/1453/617
f 678/2310/548 684/2297/219 714/2311/569
f 703/2289/282 714/2311/569 684/2297/219
f 703/1356/282 710/1304/285 689/1373/336
f 710/1304/285 688/1299/321 689/1373/336
f 719/1365/335 725/1311/403 679/1339/70
f 719/1365/335 679/1339/70 731/1385/527
f 679/1339/70 730/1358/196 731/1385/527
f 711/2442/1131 709/2444/1040 816/2492/414
f 764/2574/821 706/2595/1146 666/2578/1017
f 675/2450/1068 694/2468/1187 751/2470/926
f 751/2470/926 728/2447/937 675/2450/1068
f 625/1297/719 728/1355/937 791/1399/772
f 658/1331/807 640/1315/797 885/1458/769
f 697/976/1075 734/1027/820 674/1008/994
f 695/2632/1062 821/2708/498 692/2633/1182
f 740/1062/853 697/1051/1075 698/1041/1130
f 704/2644/1128 692/2633/1182 754/2674/704
f 804/1092/479 698/1041/1130 708/1054/1104
f 683/2771/1005 762/2777/679 770/2822/686
f 683/2771/1005 770/2822/686 708/2820/1104
f 696/2942/1044 704/2991/1128 748/3000/918
f 618/1298/678 696/1348/1044 768/1387/654
f 618/1298/678 768/1387/654 757/1383/770
f 618/1298/678 757/1383/770 623/1300/699
f 749/1382/732 609/1294/728 757/1383/770
f 699/1915/735 553/1854/675 985/2061/891
f 811/1197/771 645/1203/835 610/1178/774
f 766/2689/734 645/2736/835 811/2751/771
f 738/1933/794 715/1919/813 777/1947/759
f 786/2821/632 660/2779/780 629/2839/648
f 712/2850/882 786/2821/632 629/2839/648
f 758/2705/723 642/2709/737 815/2665/816
f 642/2709/737 544/2645/850 815/2665/816
f 632/1291/696 865/1292/683 767/1303/793
f 724/575/1071 712/579/882 705/723/985
f 724/414/1071 736/405/1019 735/407/1076
f 736/405/1019 724/414/1071 705/415/985
f 705/691/985 662/670/932 736/669/1019
f 736/712/1019 662/731/932 747/745/949
f 753/781/755 747/745/949 662/731/932
f 673/132/927 769/158/682 686/136/892
f 967/1366/674 529/1357/959 746/1346/687
f 761/606/829 849/652/903 746/594/687
f 755/1920/576 744/1877/602 655/1904/268
f 725/1448/403 688/1464/321 807/1404/1222
f 759/1425/615 679/1455/70 725/1448/403
f 679/1455/70 759/1425/615 730/1421/196
f 926/2628/739 961/2575/742 508/2630/758
f 726/253/885 722/251/950 798/289/518
f 803/290/510 709/247/1040 716/249/977
f 816/2492/414 709/2444/1040 803/2490/510
f 706/2505/1146 810/2554/462 702/2506/1112
f 764/2574/821 794/2594/504 706/2595/1146
f 764/1389/821 666/1336/1017 658/1331/807
f 858/1445/690 640/1315/797 734/1377/820
f 805/1097/555 697/1051/1075 740/1062/853
f 692/2633/1182 821/2708/498 754/2674/704
f 696/1064/1044 748/1065/918 768/1046/654
f 717/1354/725 609/1294/728 749/1382/732
f 732/799/811 504/681/902 998/969/628
f 93/1702/560 745/1934/747 613/1874/815
f 613/3094/815 777/3120/759 715/3118/813
f 419/1169/1050 660/1173/780 610/1178/774
f 786/1782/632 712/1781/882 724/1793/1071
f 619/95/779 793/180/627 718/141/925
f 886/2642/828 815/2665/816 544/2645/850
f 721/1605/1129 718/1604/925 727/1626/1153
f 718/1604/925 741/1628/995 727/1626/1153
f 886/1310/828 544/1312/850 767/1303/793
f 673/985/927 721/1004/1129 727/1005/1153
f 787/740/475 747/745/949 753/781/755
f 779/555/765 552/540/940 989/539/563
f 775/1523/831 765/1509/854 693/1554/585
f 701/590/592 763/633/809 733/599/975
f 701/851/592 687/831/419 788/865/933
f 788/2175/933 763/2150/809 701/2174/592
f 737/2420/612 693/2421/585 765/2399/854
f 687/831/419 750/827/595 783/844/1006
f 755/658/576 655/722/268 737/693/612
f 772/2396/909 723/2367/528 739/2360/709
f 872/2415/1140 739/2360/709 678/2310/548
f 729/1453/617 752/1475/689 841/1415/967
f 800/2350/1168 714/2311/569 703/2289/282
f 710/1460/285 729/1453/617 814/1408/1212
f 688/1464/321 710/1460/285 814/1408/1212
f 771/1381/849 731/1385/527 730/1358/196
f 583/1050/777 867/1063/738 1482/1057/919
f 778/281/727 726/253/885 798/289/518
f 694/2432/1187 711/2442/1131 818/2493/396
f 751/2456/926 694/2432/1187 818/2493/396
f 918/1487/810 885/1458/769 640/1315/797
f 802/1093/589 740/1062/853 698/1041/1130
f 802/1093/589 698/1041/1130 804/1092/479
f 770/1070/686 825/1100/386 708/1054/1104
f 822/1420/781 653/1326/713 507/1237/701
f 880/1450/757 822/1420/781 507/1237/701
f 624/1891/730 650/1910/818 873/2012/782
f 538/701/670 636/739/721 884/871/827
f 892/2803/852 660/2779/780 786/2821/632
f 786/1782/632 724/1793/1071 781/1819/532
f 735/1818/1076 781/1819/532 724/1793/1071
f 741/320/995 718/306/925 793/305/627
f 784/317/465 741/320/995 793/305/627
f 736/712/1019 787/740/475 735/592/1076
f 727/150/1153 741/151/995 785/178/468
f 673/132/927 727/150/1153 785/178/468
f 673/132/927 785/178/468 769/158/682
f 713/1568/647 850/1493/875 775/1523/831
f 693/1554/585 713/1568/647 775/1523/831
f 763/633/809 761/606/829 733/599/975
f 788/865/933 687/831/419 783/844/1006
f 755/658/576 737/693/612 782/654/981
f 750/1897/595 723/1896/528 772/1914/909
f 744/1503/602 776/1488/936 752/1475/689
f 678/2310/548 714/2311/569 840/2384/1111
f 689/2273/336 800/2350/1168 703/2289/282
f 719/2285/335 731/2290/527 801/2336/1196
f 730/1421/196 759/1425/615 771/1398/849
f 803/290/510 716/249/977 774/270/741
f 810/2554/462 706/2505/1146 794/2546/504
f 728/2518/937 751/2501/926 797/2517/552
f 728/1355/937 797/1402/552 791/1399/772
f 858/1445/690 734/1377/820 842/1434/561
f 844/1416/586 680/1332/961 756/1376/767
f 844/977/586 695/1003/1062 680/978/961
f 697/976/1075 805/975/555 734/1027/820
f 821/1010/498 695/1003/1062 844/977/586
f 802/1093/589 805/1097/555 740/1062/853
f 704/2644/1128 754/2674/704 823/2713/376
f 704/2644/1128 823/2713/376 813/2703/451
f 748/2670/918 704/2644/1128 813/2703/451
f 748/155/918 813/146/451 768/145/654
f 717/1354/725 749/1382/732 986/1516/790
f 631/1884/844 614/1869/711 879/1989/841
f 826/2718/817 743/2756/748 758/2705/723
f 738/1933/794 777/1947/759 799/1963/685
f 758/2705/723 815/2665/816 826/2718/817
f 620/2641/716 766/2689/734 808/2624/796
f 787/740/475 781/585/532 735/592/1076
f 785/178/468 741/151/995 784/173/465
f 787/740/475 736/712/1019 747/745/949
f 686/136/892 769/158/682 789/179/694
f 761/606/829 790/647/600 812/644/948
f 761/606/829 763/633/809 790/647/600
f 796/2525/1165 783/2526/1006 750/2514/595
f 772/1879/909 796/1890/1165 750/1880/595
f 776/3089/936 755/3053/576 782/3088/981
f 744/3048/602 755/3053/576 776/3089/936
f 800/2350/1168 840/2384/1111 714/2311/569
f 809/2344/1230 689/2273/336 719/2285/335
f 725/1448/403 807/1404/1222 759/1425/615
f 809/2344/1230 719/2285/335 801/2336/1196
f 759/1425/615 807/1404/1222 817/1390/1283
f 837/301/522 778/281/727 798/289/518
f 722/2511/950 702/2506/1112 810/2554/462
f 818/2493/396 711/2442/1131 816/2492/414
f 797/2517/552 751/2501/926 818/2500/396
f 885/1458/769 764/1389/821 658/1331/807
f 918/1487/810 640/1315/797 858/1445/690
f 844/1416/586 756/1376/767 975/1500/787
f 754/2674/704 821/2708/498 828/2717/369
f 825/1100/386 804/1092/479 708/1054/1104
f 762/2813/679 833/2814/467 770/2766/686
f 970/2045/671 631/1884/844 878/1991/826
f 459/1812/652 970/2045/671 985/2061/891
f 786/1782/632 781/1819/532 819/1790/573
f 738/1933/794 799/1963/685 865/1986/683
f 781/936/532 792/956/413 819/963/573
f 781/936/532 787/935/475 792/956/413
f 795/2891/562 769/2952/682 785/2965/468
f 838/1253/599 787/1275/475 753/1261/755
f 788/2101/933 790/2084/600 763/2100/809
f 737/2431/612 765/2406/854 829/2405/952
f 846/2758/955 796/2728/1165 772/2757/909
f 840/2384/1111 872/2415/1140 678/2310/548
f 729/1453/617 856/1407/1251 814/1408/1212
f 809/2344/1230 800/2350/1168 689/2273/336
f 807/1404/1222 688/1464/321 814/1408/1212
f 771/1398/849 759/1425/615 817/1390/1283
f 801/2336/1196 731/2290/527 771/2277/849
f 771/2208/849 817/2302/1283 801/2211/1196
f 1371/454/845 47/56/650 583/202/777
f 778/281/727 951/347/702 484/157/761
f 847/303/506 803/290/510 774/270/741
f 810/2554/462 798/2552/518 722/2511/950
f 854/2301/481 794/2237/504 764/2303/821
f 842/1013/561 734/1027/820 805/975/555
f 754/2674/704 828/2717/369 823/2713/376
f 833/2814/467 825/2761/386 770/2766/686
f 768/1387/654 866/1444/676 757/1383/770
f 749/1382/732 757/1383/770 991/1524/822
f 631/1884/844 879/1989/841 878/1991/826
f 884/871/827 636/739/721 824/839/795
f 974/938/749 487/665/812 1085/1001/693
f 720/3030/745 1085/3065/693 487/3066/812
f 784/2955/465 793/2892/627 795/2891/562
f 785/2965/468 784/2955/465 795/2891/562
f 792/2480/413 787/2495/475 838/2496/599
f 769/1787/682 795/1764/562 859/1786/705
f 789/179/694 769/158/682 859/198/705
f 955/833/639 545/825/884 621/848/763
f 849/652/903 761/606/829 812/644/948
f 765/1509/854 775/1523/831 829/1469/952
f 790/882/600 788/865/933 860/906/1246
f 881/1432/915 776/1488/936 869/1452/1072
f 776/1488/936 881/1432/915 752/1475/689
f 898/2457/1169 739/2360/709 872/2415/1140
f 856/1407/1251 729/1453/617 841/1415/967
f 1482/515/919 1371/454/845 583/202/777
f 47/2521/650 1371/2522/845 780/2512/720
f 780/2512/720 960/2509/778 774/2504/741
f 848/1872/445 816/1845/414 803/1842/510
f 853/2293/437 845/2304/447 810/2247/462
f 832/1870/373 818/1843/396 816/1845/414
f 810/2247/462 794/2237/504 854/2301/481
f 855/1867/489 797/1868/552 818/1843/396
f 842/2801/561 805/2762/555 827/2775/236
f 805/1097/555 830/1104/235 827/1105/236
f 830/1104/235 805/1097/555 802/1093/589
f 830/1104/235 802/1093/589 804/1092/479
f 835/1136/392 813/1116/451 823/1120/376
f 857/1135/515 836/1137/540 813/1116/451
f 836/1427/540 768/1387/654 813/1411/451
f 833/1430/467 762/1388/679 871/1449/692
f 768/1387/654 836/1427/540 866/1444/676
f 822/1420/781 988/1522/836 653/1326/713
f 749/1382/732 991/1524/822 986/1516/790
f 884/871/827 1016/973/856 538/701/670
f 811/1197/771 610/1178/774 1067/1179/684
f 896/883/726 720/782/745 773/807/736
f 786/2821/632 819/2855/573 892/2803/852
f 773/807/736 760/798/788 896/883/726
f 795/186/562 793/180/627 862/196/656
f 838/732/599 819/581/573 792/728/413
f 968/809/697 956/770/666 753/781/755
f 775/1523/831 850/1493/875 829/1469/952
f 863/655/1252 737/693/612 829/682/952
f 782/654/981 737/693/612 863/655/1252
f 788/865/933 783/844/1006 860/906/1246
f 869/2710/1072 776/2716/936 863/2673/1252
f 776/2716/936 782/2634/981 863/2673/1252
f 841/1415/967 752/1475/689 882/1406/1173
f 840/2245/1111 814/2333/1212 868/2274/1375
f 800/2244/1168 814/2333/1212 840/2245/1111
f 817/2302/1283 807/2320/1222 809/2235/1230
f 801/2211/1196 817/2302/1283 809/2235/1230
f 848/1872/445 803/1842/510 847/1866/506
f 810/2247/462 837/2294/522 798/2238/518
f 837/2294/522 810/2247/462 845/2304/447
f 832/1870/373 816/1845/414 848/1872/445
f 853/2293/437 810/2247/462 854/2301/481
f 818/1843/396 832/1870/373 855/1867/489
f 842/2801/561 827/2775/236 834/2788/105
f 834/2788/105 861/2811/517 842/2801/561
f 821/1117/498 844/1132/586 851/1128/267
f 834/2788/105 839/2795/188 861/2811/517
f 834/2788/105 827/2775/236 839/2795/188
f 839/2795/188 827/2775/236 830/2776/235
f 839/2795/188 864/2829/513 861/2811/517
f 821/1117/498 851/1128/267 828/1119/369
f 828/1119/369 851/1128/267 843/1130/356
f 828/1119/369 843/1130/356 823/1120/376
f 804/2770/479 852/2816/431 864/2829/513
f 864/2829/513 839/2795/188 804/2770/479
f 839/2795/188 830/2776/235 804/2770/479
f 843/1130/356 835/1136/392 823/1120/376
f 852/2816/431 804/2770/479 825/2761/386
f 835/1136/392 857/1135/515 813/1116/451
f 833/2814/467 852/2816/431 825/2761/386
f 871/1449/692 762/1388/679 653/1326/713
f 613/3094/815 899/3117/871 777/3120/759
f 610/1178/774 660/1173/780 1067/1179/684
f 892/2803/852 1067/2765/684 660/2779/780
f 766/2689/734 894/2690/706 808/2624/796
f 795/186/562 862/196/656 859/198/705
f 874/596/645 819/581/573 838/732/599
f 956/770/666 838/732/599 753/781/755
f 829/35/952 850/36/875 877/6/1041
f 849/1913/903 812/1892/948 875/1912/1013
f 875/1912/1013 812/1892/948 790/1878/600
f 875/129/1013 790/130/600 860/105/1246
f 783/2319/1006 796/2374/1165 860/2335/1246
f 739/2360/709 898/2457/1169 772/2396/909
f 814/2333/1212 856/2353/1251 868/2274/1375
f 800/2244/1168 809/2235/1230 814/2333/1212
f 807/2320/1222 814/2333/1212 809/2235/1230
f 921/1489/1107 853/1438/437 854/1439/481
f 797/1402/552 855/1418/489 922/1468/990
f 791/1399/772 797/1402/552 922/1468/990
f 851/1423/267 844/1416/586 870/1442/590
f 843/1428/356 851/1423/267 870/1442/590
f 895/1462/880 843/1428/356 870/1442/590
f 835/1422/392 843/1428/356 895/1462/880
f 836/1427/540 857/1436/515 909/1474/1009
f 991/1524/822 757/1383/770 1013/1535/832
f 993/1529/814 988/1522/836 822/1420/781
f 993/1529/814 822/1420/781 880/1450/757
f 879/2016/841 614/1888/711 648/1908/753
f 1150/1024/623 998/969/628 504/681/902
f 862/196/656 793/180/627 947/235/806
f 933/908/855 896/883/726 760/798/788
f 933/1274/855 760/1273/788 808/1250/796
f 956/770/666 913/747/792 838/732/599
f 955/833/639 621/848/763 923/856/740
f 796/2374/1165 876/2371/1077 860/2335/1246
f 882/1406/1173 752/1475/689 881/1432/915
f 848/1413/445 847/1412/506 910/1463/993
f 848/1413/445 910/1463/993 925/1467/1124
f 907/1481/1029 837/1433/522 845/1435/447
f 929/1494/1094 845/1435/447 853/1438/437
f 921/1489/1107 929/1494/1094 853/1438/437
f 854/1439/481 764/1389/821 885/1458/769
f 844/1416/586 975/1500/787 911/1466/939
f 858/1445/690 842/1434/561 908/1480/1000
f 908/1480/1000 842/1434/561 861/1446/517
f 870/1442/590 844/1416/586 911/1466/939
f 904/1478/1065 861/1446/517 864/1447/513
f 835/1422/392 895/1462/880 857/1436/515
f 988/1522/836 871/1449/692 653/1326/713
f 757/1383/770 866/1444/676 1013/1535/832
f 879/2016/841 648/1908/753 1095/2126/752
f 944/937/916 873/874/782 732/799/811
f 1150/1024/623 504/681/902 538/701/670
f 1085/3065/693 720/3030/745 979/3029/681
f 766/2689/734 811/2751/771 894/2690/706
f 799/1963/685 777/1947/759 887/2015/824
f 886/2642/828 826/2718/817 815/2665/816
f 799/1963/685 887/2015/824 865/1986/683
f 862/196/656 889/211/608 859/198/705
f 888/721/980 874/596/645 838/732/599
f 888/721/980 838/732/599 913/747/792
f 893/213/896 859/198/705 890/212/978
f 850/568/875 779/555/765 982/564/581
f 982/564/581 779/555/765 989/539/563
f 863/655/1252 829/682/952 877/667/1041
f 876/2371/1077 875/2375/1013 860/2335/1246
f 846/2436/955 876/2458/1077 796/2417/1165
f 898/2457/1169 846/2436/955 772/2396/909
f 856/1407/1251 841/1415/967 882/1406/1173
f 840/2245/1111 868/2274/1375 872/2233/1140
f 484/157/761 1478/501/943 649/229/764
f 917/1486/969 837/1433/522 907/1481/1029
f 907/1481/1029 845/1435/447 929/1494/1094
f 832/1410/373 848/1413/445 901/1459/1004
f 858/1445/690 908/1480/1000 963/1507/862
f 857/1436/515 895/1462/880 924/1479/1098
f 864/1447/513 852/1437/431 914/1485/1102
f 914/1485/1102 852/1437/431 833/1430/467
f 928/1492/1066 833/1430/467 871/1449/692
f 971/1510/898 928/1492/1066 871/1449/692
f 988/1522/836 971/1510/898 871/1449/692
f 630/1306/773 1095/1574/752 648/1318/753
f 879/1989/841 1002/2063/872 878/1991/826
f 892/1172/852 1115/1168/425 1067/1179/684
f 777/1947/759 899/2022/871 887/2015/824
f 874/1508/645 891/1519/992 819/1520/573
f 862/196/656 947/235/806 889/211/608
f 886/2642/828 912/2740/700 826/2718/817
f 874/596/645 888/721/980 891/574/992
f 859/198/705 889/211/608 890/212/978
f 789/179/694 859/198/705 893/213/896
f 534/3108/908 535/3095/866 995/3107/784
f 849/1333/903 987/1347/512 746/1346/687
f 875/2463/1013 987/2545/512 849/2464/903
f 877/1451/1041 850/1493/875 982/1409/581
f 863/2673/1252 877/2715/1041 869/2710/1072
f 900/1400/1244 881/1432/915 920/1401/1175
f 882/1406/1173 881/1432/915 900/1400/1244
f 897/2309/1400 872/2233/1140 868/2274/1375
f 856/2353/1251 882/2410/1173 868/2274/1375
f 1482/1057/919 1490/1047/1064 1371/1028/845
f 951/3122/702 1478/3092/943 484/3091/761
f 917/344/969 778/281/727 837/301/522
f 855/1418/489 832/1410/373 901/1459/1004
f 922/1468/990 855/1418/489 927/1470/1174
f 902/1477/997 854/1439/481 885/1458/769
f 908/1480/1000 861/1446/517 904/1478/1065
f 928/1492/1066 914/1485/1102 833/1430/467
f 866/1444/676 836/1427/540 909/1474/1009
f 820/1978/789 624/1891/730 873/2012/782
f 1016/973/856 1150/1024/623 538/701/670
f 826/2718/817 912/2740/700 743/2756/748
f 892/2803/852 819/2855/573 891/2848/992
f 808/2624/796 894/2690/706 973/2640/659
f 535/55/866 789/179/694 995/255/784
f 972/243/604 534/54/908 995/255/784
f 923/856/740 529/858/959 967/867/674
f 872/2233/1140 897/2309/1400 898/2230/1169
f 900/2439/1244 897/2309/1400 868/2274/1375
f 868/2274/1375 882/2410/1173 900/2439/1244
f 910/339/993 847/303/506 774/270/741
f 901/1459/1004 848/1413/445 925/1467/1124
f 855/1418/489 901/1459/1004 927/1470/1174
f 921/1489/1107 854/1439/481 902/1477/997
f 870/1442/590 911/1466/939 915/1476/1190
f 870/1442/590 915/1476/1190 895/1462/880
f 909/1474/1009 857/1436/515 924/1479/1098
f 630/1306/773 717/1354/725 1450/1641/894
f 630/1306/773 1450/1641/894 1095/1574/752
f 878/1991/826 1002/2063/872 994/2062/905
f 878/1991/826 994/2062/905 970/2045/671
f 985/2061/891 970/2045/671 1139/2113/722
f 941/2038/805 699/1915/735 985/2061/891
f 884/871/827 824/839/795 974/938/749
f 896/883/726 979/943/681 720/782/745
f 1001/2901/846 743/2930/748 912/2950/700
f 931/2031/893 887/2015/824 899/2022/871
f 886/1310/828 767/1303/793 1114/1286/536
f 1114/1286/536 767/1303/793 865/1292/683
f 891/2523/992 888/2524/980 903/2508/1105
f 889/2767/608 905/2818/910 890/2768/978
f 888/2524/980 906/2507/970 903/2508/1105
f 919/2815/664 916/2812/857 890/2768/978
f 913/2516/792 906/2507/970 888/2524/980
f 890/2768/978 916/2812/857 893/2782/896
f 789/179/694 893/213/896 995/255/784
f 955/833/639 968/809/697 545/825/884
f 967/1366/674 746/1346/687 987/1347/512
f 949/1405/1138 877/1451/1041 982/1409/581
f 876/2458/1077 959/2513/1176 875/2463/1013
f 869/1452/1072 877/1451/1041 964/1394/1202
f 898/2457/1169 962/2510/1209 846/2436/955
f 869/1452/1072 920/1401/1175 881/1432/915
f 910/339/993 774/270/741 960/351/778
f 1031/1549/574 902/1477/997 885/1458/769
f 791/1399/772 922/1468/990 996/1514/658
f 914/1485/1102 904/1478/1065 864/1447/513
f 924/1479/1098 895/1462/880 915/1476/1190
f 983/1512/843 866/1444/676 909/1474/1009
f 1024/990/883 873/874/782 944/937/916
f 998/969/628 944/937/916 732/799/811
f 884/871/827 974/938/749 997/957/708
f 947/235/806 1144/295/277 889/211/608
f 892/2754/852 891/2727/992 930/2753/541
f 891/2488/992 903/2476/1105 930/2487/541
f 912/2740/700 886/2642/828 1087/2647/300
f 890/2768/978 905/2818/910 919/2815/664
f 962/2510/1209 959/2513/1176 876/2458/1077
f 964/1394/1202 877/1451/1041 949/1405/1138
f 962/2510/1209 876/2458/1077 846/2436/955
f 964/1394/1202 920/1401/1175 869/1452/1072
f 942/2409/1194 932/2364/1272 900/2439/1244
f 897/2309/1400 900/2439/1244 932/2364/1272
f 946/2827/1086 910/2882/993 936/2861/1085
f 925/2881/1124 910/2882/993 946/2827/1086
f 925/2881/1124 946/2827/1086 948/2830/1074
f 943/2785/1126 929/2720/1094 921/2725/1107
f 948/2830/1074 901/2880/1004 925/2881/1124
f 927/2871/1174 901/2880/1004 948/2830/1074
f 921/2725/1107 902/2744/997 943/2785/1126
f 927/2871/1174 934/2828/1189 922/2874/990
f 918/1487/810 858/1445/690 963/1507/862
f 908/482/1000 938/462/1049 963/494/862
f 937/3021/1046 939/3011/1114 911/3069/939
f 939/3011/1114 915/3062/1190 911/3069/939
f 954/3015/1033 908/3080/1000 904/3076/1065
f 908/3080/1000 954/3015/1033 938/3028/1049
f 953/3013/1116 958/3010/998 924/3077/1098
f 909/3067/1009 924/3077/1098 958/3010/998
f 866/1444/676 983/1512/843 1013/1535/832
f 1450/1641/894 717/1354/725 986/1516/790
f 1097/1202/434 811/1197/771 1067/1179/684
f 952/2687/587 905/2719/910 889/2682/608
f 933/1274/855 808/1250/796 973/1248/659
f 903/3037/1105 906/3034/970 930/3052/541
f 906/3034/970 935/3051/281 930/3052/541
f 935/3051/281 906/3034/970 913/3039/792
f 898/2230/1169 897/2309/1400 932/2364/1272
f 990/375/703 936/345/1085 910/339/993
f 960/351/778 990/375/703 910/339/993
f 966/2791/1008 969/2792/953 917/2747/969
f 966/2791/1008 917/2747/969 907/2737/1029
f 929/2720/1094 966/2791/1008 907/2737/1029
f 943/2785/1126 966/2791/1008 929/2720/1094
f 934/2828/1189 927/2871/1174 948/2830/1074
f 902/2744/997 957/2786/1073 943/2785/1126
f 915/3062/1190 939/3011/1114 953/3013/1116
f 904/3076/1065 914/3081/1102 954/3015/1033
f 954/3015/1033 914/3081/1102 940/3020/1157
f 924/3077/1098 915/3062/1190 953/3013/1116
f 928/3075/1066 940/3020/1157 914/3081/1102
f 983/3059/843 909/3067/1009 958/3010/998
f 1080/1572/710 971/1510/898 988/1522/836
f 1024/990/883 1131/1031/572 873/874/782
f 892/205/852 930/204/541 950/209/525
f 919/2564/664 905/2558/910 952/2533/587
f 919/2564/664 952/2533/587 965/2532/577
f 950/1502/525 935/1483/281 945/1501/354
f 935/1483/281 950/1502/525 930/1473/541
f 965/2532/577 916/2567/857 919/2564/664
f 913/747/792 956/770/666 945/708/354
f 945/1501/354 935/1483/281 913/1498/792
f 916/2252/857 965/2267/577 893/2298/896
f 959/2513/1176 987/2545/512 875/2463/1013
f 978/2327/1216 962/2215/1209 932/2364/1272
f 898/2230/1169 932/2364/1272 962/2215/1209
f 900/2439/1244 920/2465/1175 942/2409/1194
f 831/242/733 700/296/750 1462/60/819
f 1371/2522/845 960/2509/778 780/2512/720
f 917/344/969 951/347/702 778/281/727
f 936/2122/1085 1028/2167/514 946/2128/1086
f 957/2388/1073 902/2418/997 1031/2419/574
f 922/2874/990 934/2828/1189 984/2838/931
f 922/710/990 984/711/931 996/697/658
f 806/1403/754 791/1399/772 975/1500/787
f 806/1403/754 975/1500/787 756/1376/767
f 1056/1543/556 911/1466/939 975/1500/787
f 1019/2797/516 1008/2787/579 938/2724/1049
f 953/1496/1116 939/1490/1114 1009/1528/452
f 940/3020/1157 928/3075/1066 971/3068/898
f 820/1978/789 873/2012/782 1131/2134/572
f 1120/2110/616 1002/2063/872 879/1989/841
f 745/1934/747 699/1915/735 941/2038/805
f 1001/2901/846 912/2950/700 1118/2951/394
f 952/2687/587 889/2682/608 1144/2681/277
f 887/2015/824 931/2031/893 1012/2076/746
f 950/584/525 945/708/354 1027/709/838
f 1047/830/913 955/833/639 923/856/740
f 981/866/580 1047/830/913 923/856/740
f 923/1374/740 967/1366/674 981/1368/580
f 964/2494/1202 949/2503/1138 977/2451/1296
f 962/2215/1209 976/2330/1297 959/2231/1176
f 942/2409/1194 920/2465/1175 964/2494/1202
f 1484/21/982 742/285/714 980/189/766
f 1491/2653/1093 926/2628/739 649/2651/764
f 1028/390/514 936/345/1085 990/375/703
f 948/2130/1074 1007/2161/478 1003/2160/484
f 1010/1752/436 943/1722/1126 957/1729/1073
f 934/2123/1189 948/2130/1074 1003/2160/484
f 984/2147/931 934/2123/1189 1015/2165/444
f 1031/2419/574 1000/2392/568 957/2388/1073
f 975/1500/787 791/1399/772 1242/1603/964
f 963/494/862 938/462/1049 1020/478/582
f 1029/2348/500 937/2347/1046 911/2380/939
f 1029/2348/500 911/2380/939 1056/2381/556
f 1019/2797/516 938/2724/1049 954/2735/1033
f 939/1490/1114 937/1482/1046 1005/1525/575
f 1009/1528/452 939/1490/1114 1005/1525/575
f 1026/2799/461 1011/2794/404 940/2723/1157
f 953/1496/1116 1009/1528/452 1041/1544/382
f 958/1497/998 953/1496/1116 1041/1544/382
f 1026/2799/461 940/2723/1157 971/2759/898
f 944/937/916 998/969/628 1052/999/904
f 894/2690/706 811/2751/771 1097/2733/434
f 1102/288/976 952/236/587 1144/295/277
f 950/584/525 1027/709/838 1111/582/1088
f 893/213/896 965/241/577 995/255/784
f 981/1368/580 967/1366/674 987/1347/512
f 1006/1391/958 949/1405/1138 982/1409/581
f 959/2231/1176 976/2330/1297 1022/2354/1263
f 964/2494/1202 977/2451/1296 1017/2440/1235
f 978/2327/1216 976/2330/1297 962/2215/1209
f 942/2409/1194 964/2494/1202 1017/2440/1235
f 1484/21/982 992/185/756 742/285/714
f 1478/501/943 1491/530/1093 649/229/764
f 966/1731/1008 1025/1749/416 969/1726/953
f 948/2130/1074 946/2128/1086 1007/2161/478
f 1018/1753/454 966/1731/1008 943/1722/1126
f 1010/1752/436 1018/1753/454 943/1722/1126
f 1015/2165/444 934/2123/1189 1003/2160/484
f 791/1399/772 996/1514/658 1242/1603/964
f 1020/478/582 938/462/1049 1008/459/579
f 954/2735/1033 940/2723/1157 1011/2794/404
f 1412/2199/861 820/1978/789 1434/2207/938
f 1434/2207/938 820/1978/789 1131/2134/572
f 1052/999/904 1024/990/883 944/937/916
f 1012/2076/746 931/2031/893 899/2022/871
f 1128/563/242 892/560/852 950/584/525
f 912/2740/700 1087/2647/300 1118/2755/394
f 956/770/666 1027/709/838 945/708/354
f 955/833/639 1047/830/913 968/809/697
f 981/866/580 1038/929/715 1078/873/1014
f 999/944/717 981/965/580 987/947/512
f 989/1886/563 1060/1885/917 982/1903/581
f 982/1903/581 1060/1885/917 1043/1907/860
f 999/2555/717 987/2545/512 959/2513/1176
f 959/2231/1176 1022/2354/1263 999/2209/717
f 1062/244/1430 977/276/1296 1014/277/1367
f 949/2503/1138 1006/2537/958 977/2451/1296
f 1030/2363/1452 1022/2354/1263 976/2330/1297
f 1062/244/1430 1017/250/1235 977/276/1296
f 1084/67/1243 978/29/1216 932/5/1272
f 951/347/702 917/344/969 1064/400/660
f 946/2128/1086 1028/2167/514 1007/2161/478
f 1000/1750/568 1010/1752/436 957/1729/1073
f 1015/2455/444 1034/2471/422 984/2472/931
f 996/1514/658 984/1504/931 1034/1531/422
f 1126/1581/786 885/1458/769 918/1487/810
f 1005/1525/575 937/1482/1046 1029/1532/500
f 1011/2794/404 1019/2797/516 954/2735/1033
f 1026/3008/461 971/3084/898 1053/3057/347
f 983/1512/843 958/1497/998 1041/1544/382
f 1053/1558/347 971/1510/898 1080/1572/710
f 1013/1535/832 983/1512/843 1138/1576/712
f 1120/2131/616 879/2016/841 1095/2126/752
f 884/871/827 997/957/708 1016/973/856
f 1075/2105/629 941/2038/805 985/2061/891
f 745/1934/747 941/2038/805 1440/2192/1027
f 613/1874/815 745/1934/747 1440/2192/1027
f 613/3094/815 1456/3093/1163 899/3117/871
f 1083/2860/547 947/2867/806 1001/2901/846
f 933/908/855 1077/996/538 979/943/681
f 894/2690/706 1097/2733/434 973/2640/659
f 950/584/525 1111/582/1088 1128/563/242
f 933/908/855 979/943/681 896/883/726
f 1012/2076/746 1079/2106/584 887/2015/824
f 865/1986/683 887/2015/824 1114/2114/536
f 952/236/587 1102/288/976 965/241/577
f 989/252/563 972/243/604 995/255/784
f 1078/873/1014 1047/830/913 981/866/580
f 1006/416/958 982/410/581 1043/409/860
f 981/965/580 999/944/717 1038/964/715
f 999/2209/717 1022/2354/1263 1023/2246/1150
f 977/2451/1296 1006/2537/958 1014/2454/1367
f 976/2577/1297 1054/2604/1308 1030/2616/1452
f 1084/2615/1243 1054/2604/1308 976/2577/1297
f 1084/2615/1243 976/2577/1297 978/2573/1216
f 932/5/1272 942/10/1194 1096/66/1199
f 1084/67/1243 932/5/1272 1096/66/1199
f 917/344/969 969/356/953 1064/400/660
f 1028/390/514 990/375/703 1071/404/511
f 1018/1753/454 1025/1749/416 966/1731/1008
f 1048/1995/393 1007/1970/478 1028/1965/514
f 1048/1995/393 1042/2002/391 1007/1970/478
f 1007/1970/478 1042/2002/391 1061/1992/255
f 1007/1970/478 1061/1992/255 1003/1968/484
f 1057/2034/365 1018/2014/454 1010/2009/436
f 1057/2034/365 1010/2009/436 1044/2043/418
f 1003/1968/484 1061/1992/255 1035/1994/331
f 1008/459/579 1036/465/298 1046/479/432
f 1020/478/582 1008/459/579 1046/479/432
f 1051/1580/295 1037/1569/290 1029/1563/500
f 1036/2808/298 1008/2787/579 1019/2797/516
f 1005/1525/575 1029/1532/500 1037/1538/290
f 1019/2797/516 1039/2807/220 1036/2808/298
f 1019/2797/516 1011/2794/404 1039/2807/220
f 1005/1525/575 1037/1538/290 1009/1528/452
f 1032/3085/330 1066/3070/482 1039/3040/220
f 1039/3040/220 1011/3026/404 1032/3085/330
f 1033/1593/388 1041/1564/382 1009/1565/452
f 1032/3085/330 1011/3026/404 1053/3057/347
f 1053/3057/347 1011/3026/404 1026/3008/461
f 1041/1564/382 1063/1589/374 1040/1585/477
f 1040/1545/477 983/1512/843 1041/1544/382
f 983/1512/843 1040/1545/477 1138/1576/712
f 613/1874/815 1440/2192/1027 1456/2197/1163
f 1085/1001/693 979/943/681 1161/1026/646
f 1132/3114/636 1012/3121/746 899/3117/871
f 1161/1026/646 979/943/681 1077/996/538
f 1115/538/425 892/560/852 1128/563/242
f 1144/295/277 947/235/806 1083/286/547
f 973/2640/659 1097/2733/434 1098/2625/207
f 1114/2114/536 887/2015/824 1079/2106/584
f 1107/810/1151 956/770/666 968/809/697
f 1107/810/1151 968/809/697 1047/830/913
f 1060/282/917 989/252/563 1105/292/1240
f 1050/926/1080 1014/899/1367 1006/898/958
f 1050/2520/1080 1022/2354/1263 1014/2454/1367
f 1030/2363/1452 1021/2411/1467 1022/2354/1263
f 1021/2411/1467 1014/2454/1367 1022/2354/1263
f 1006/2359/958 1043/2378/860 1050/2379/1080
f 1062/2422/1430 1014/2454/1367 1021/2411/1467
f 1023/2218/1150 1038/2184/715 999/2213/717
f 1021/2411/1467 1004/2387/1355 1062/2422/1430
f 1017/2051/1235 1096/2052/1199 942/1996/1194
f 700/296/750 992/185/756 1463/61/803
f 1045/476/410 1064/461/660 969/460/953
f 1045/625/410 969/624/953 1025/639/416
f 1028/1965/514 1071/1999/511 1048/1995/393
f 1045/2028/410 1025/2010/416 1018/2014/454
f 1045/2028/410 1018/2014/454 1094/2040/537
f 1094/2040/537 1018/2014/454 1057/2034/365
f 1015/1966/444 1003/1968/484 1035/1994/331
f 1031/2035/574 1010/2009/436 1000/2013/568
f 1031/2035/574 1044/2043/418 1010/2009/436
f 1034/1993/422 1015/1966/444 1035/1994/331
f 996/1514/658 1034/1531/422 1112/1567/624
f 885/1458/769 1126/1581/786 1031/1549/574
f 1029/1563/500 1056/1584/556 1051/1580/295
f 1055/3054/333 1046/3045/432 1036/3009/298
f 1055/3054/333 1036/3009/298 1039/3040/220
f 1037/1569/290 1051/1580/295 1065/1590/485
f 1055/3054/333 1039/3040/220 1058/3058/346
f 1009/1565/452 1037/1569/290 1065/1590/485
f 1009/1565/452 1065/1590/485 1033/1593/388
f 1066/3070/482 1058/3058/346 1039/3040/220
f 1033/1593/388 1063/1589/374 1041/1564/382
f 1110/2108/635 994/2062/905 1002/2063/872
f 970/2045/671 994/2062/905 1139/2113/722
f 974/938/749 1158/1025/641 997/957/708
f 1394/1087/924 974/938/749 1085/1001/693
f 1132/3114/636 899/3117/871 1456/3093/1163
f 1079/2106/584 1012/2076/746 1132/2118/636
f 933/1274/855 973/1248/659 1098/1244/207
f 1087/1314/300 886/1310/828 1114/1286/536
f 995/255/784 1105/292/1240 989/252/563
f 1023/2085/1150 1022/2083/1263 1093/2111/1327
f 1022/2083/1263 1050/2093/1080 1090/2109/1282
f 1054/2342/1308 1021/2411/1467 1030/2363/1452
f 1004/2387/1355 1021/2411/1467 1054/2342/1308
f 867/1063/738 883/1098/751 1487/1095/1036
f 1064/3124/660 1478/3092/943 951/3122/702
f 1045/398/410 1159/412/695 1064/400/660
f 1045/1556/410 1094/1575/537 1159/1587/695
f 1035/1530/331 1061/1540/255 1103/1566/578
f 1031/1549/574 1121/1579/672 1044/1555/418
f 1046/1557/432 1172/1594/657 1020/1541/582
f 1046/1557/432 1088/1573/546 1172/1594/657
f 1046/1557/432 1055/1559/333 1088/1573/546
f 1055/1559/333 1160/1588/611 1088/1573/546
f 1058/1560/346 1066/1562/482 1169/1591/642
f 1065/1552/485 1051/1550/295 1104/1570/570
f 1169/1591/642 1066/1562/482 1032/1548/330
f 1032/1548/330 1053/1558/347 1171/1592/655
f 1063/1553/374 1154/1582/626 1040/1545/477
f 1002/2063/872 1120/2110/616 1110/2108/635
f 1150/1024/623 1052/999/904 998/969/628
f 985/2061/891 1139/2113/722 1075/2105/629
f 1086/1002/598 1016/973/856 997/957/708
f 941/2038/805 1075/2105/629 1167/2129/649
f 1440/2192/1027 941/2038/805 1167/2129/649
f 1068/2688/1281 1082/2697/1280 1072/2654/1266
f 1077/1268/538 933/1274/855 1098/1244/207
f 965/241/577 1102/288/976 1099/291/1045
f 1068/2688/1281 1072/2654/1266 1059/2677/1303
f 1107/810/1151 1027/709/838 956/770/666
f 1068/2688/1281 1059/2677/1303 1100/2696/1443
f 995/255/784 965/241/577 1099/291/1045
f 995/255/784 1099/291/1045 1105/292/1240
f 1022/2083/1263 1090/2109/1282 1093/2111/1327
f 1113/2117/1344 1023/2085/1150 1093/2111/1327
f 1038/2184/715 1023/2218/1150 1113/2185/1344
f 1113/1716/1344 1078/1672/1014 1038/1710/715
f 1089/2389/1387 1062/2390/1430 1004/2356/1355
f 1089/762/1387 1017/738/1235 1062/784/1430
f 1089/1821/1387 1004/1844/1355 1054/1822/1308
f 1483/20/946 707/294/760 831/242/733
f 1482/1057/919 867/1063/738 1487/1095/1036
f 1468/485/1003 1064/400/660 1159/412/695
f 1048/1536/393 1173/1578/653 1042/1533/391
f 1061/1992/255 1042/2002/391 1103/2004/578
f 1121/1579/672 1057/1561/365 1044/1555/418
f 1034/1531/422 1035/1530/331 1103/1566/578
f 1034/1531/422 1103/1566/578 1112/1567/624
f 1126/1581/786 1121/1579/672 1031/1549/574
f 1051/1550/295 1056/1543/556 1104/1570/570
f 1058/1560/346 1160/1588/611 1055/1559/333
f 1169/1591/642 1160/1588/611 1058/1560/346
f 1169/1591/642 1032/1548/330 1171/1592/655
f 1171/1592/655 1053/1558/347 1080/1572/710
f 1434/1651/938 1131/1650/572 1177/1660/591
f 1143/1030/643 1131/1031/572 1024/990/883
f 1143/1030/643 1024/990/883 1052/999/904
f 1139/2113/722 994/2062/905 1110/2108/635
f 1086/1002/598 1150/1024/623 1016/973/856
f 1086/1002/598 997/957/708 1158/1025/641
f 1067/1179/684 1115/1168/425 1097/1202/434
f 1083/2860/547 1001/2901/846 1118/2951/394
f 1128/563/242 1111/582/1088 1166/565/1048
f 1116/1774/1350 1070/1795/1485 1125/1792/1323
f 1072/2654/1266 1082/2697/1280 1109/2656/1242
f 1156/215/1290 1082/207/1280 1068/203/1281
f 1146/1984/1342 1091/1961/1324 1129/1971/1340
f 1087/2183/300 1114/2149/536 1137/2152/367
f 1135/785/1338 1111/582/1088 1027/709/838
f 1074/1979/1457 1070/1985/1485 1116/1980/1350
f 1074/1791/1457 1116/1774/1350 1149/1742/1436
f 1152/445/1353 1069/426/1426 1091/429/1324
f 1069/3016/1426 1129/3046/1340 1091/3017/1324
f 1092/1775/1376 1074/1791/1457 1149/1742/1436
f 1069/426/1426 1152/445/1353 1145/446/1329
f 1129/1971/1340 1069/1958/1426 1073/1962/1362
f 1059/199/1303 1072/195/1266 1155/181/1354
f 1145/446/1329 1073/431/1362 1069/426/1426
f 1100/208/1443 1156/215/1290 1068/203/1281
f 1092/523/1376 1049/507/1487 1108/522/1421
f 1142/1846/1258 1059/1882/1303 1155/1855/1354
f 1156/1893/1290 1100/1898/1443 1101/1955/1466
f 1127/401/1444 1073/408/1362 1101/402/1466
f 1059/483/1303 1142/490/1258 1108/484/1421
f 1123/2434/1451 1049/2433/1487 1092/2452/1376
f 1123/2837/1451 1108/2836/1421 1049/2872/1487
f 1100/1858/1443 1059/1873/1303 1108/1859/1421
f 1133/1746/1391 1106/1701/1363 1081/1744/1397
f 1076/1972/1449 1130/2001/1441 1081/1744/1397
f 1078/873/1014 1106/826/1363 1047/830/913
f 1106/760/1363 1107/777/1151 1047/761/913
f 1093/1741/1327 1076/1972/1449 1081/1744/1397
f 1093/1741/1327 1090/1990/1282 1076/1972/1449
f 1105/2029/1240 1124/2017/1398 1060/2041/917
f 1081/1744/1397 1106/1701/1363 1113/1716/1344
f 1113/1716/1344 1093/1741/1327 1081/1744/1397
f 1076/1972/1449 1124/2017/1398 1105/2029/1240
f 1076/1972/1449 1090/1990/1282 1124/2017/1398
f 1050/2093/1080 1124/2116/1398 1090/2109/1282
f 1050/1981/1080 1043/2020/860 1124/2017/1398
f 1084/796/1243 1089/762/1387 1054/822/1308
f 1084/796/1243 1096/736/1199 1089/762/1387
f 1096/736/1199 1017/738/1235 1089/762/1387
f 1483/20/946 1494/15/1155 707/294/760
f 883/1098/751 707/1111/760 1494/1112/1155
f 1071/1542/511 1249/1607/945 1173/1578/653
f 1048/1536/393 1071/1542/511 1173/1578/653
f 1042/1533/391 1173/1578/653 1103/1566/578
f 1094/1575/537 1057/1561/365 1121/1579/672
f 996/1514/658 1112/1567/624 1242/1603/964
f 1020/478/582 1172/493/657 963/494/862
f 1160/1588/611 1172/1594/657 1088/1573/546
f 1138/1576/712 1040/1545/477 1154/1582/626
f 1139/2113/722 1110/2108/635 1182/2133/667
f 1150/1024/623 1143/1030/643 1052/999/904
f 1083/2236/547 1118/2186/394 1144/2242/277
f 1097/2018/434 1115/2044/425 1128/2054/242
f 1079/2106/584 1132/2118/636 1162/2127/610
f 1097/2018/434 1128/2054/242 1098/2024/207
f 1165/1769/1339 1111/1680/1088 1116/1774/1350
f 1165/1769/1339 1116/1774/1350 1125/1792/1323
f 1163/2239/1380 1109/2205/1242 1082/2196/1280
f 1151/75/1348 1091/71/1324 1168/92/1316
f 1168/92/1316 1091/71/1324 1146/91/1342
f 1102/794/976 1144/793/277 1148/813/1294
f 1162/2127/610 1114/2114/536 1079/2106/584
f 1098/2024/207 1128/2054/242 1117/2059/154
f 1116/1774/1350 1111/1680/1088 1149/1742/1436
f 1170/188/1410 1155/181/1354 1109/200/1242
f 1144/2242/277 1118/2186/394 1087/2183/300
f 1128/2054/242 1153/2066/464 1117/2059/154
f 1135/1693/1338 1149/1742/1436 1111/1680/1088
f 1147/349/1405 1125/350/1323 1070/335/1485
f 1147/1805/1405 1122/1832/1474 1125/1792/1323
f 1147/750/1405 1070/763/1485 1074/749/1457
f 1119/1917/1464 1152/1942/1353 1151/1941/1348
f 1144/2242/277 1087/2183/300 1134/2241/341
f 1141/1014/424 1181/1048/640 1077/996/538
f 1077/2003/538 1098/2024/207 1141/1997/424
f 1087/2183/300 1137/2152/367 1134/2241/341
f 1098/2024/207 1117/2059/154 1141/1997/424
f 1109/200/1242 1155/181/1354 1072/195/1266
f 1140/1815/1420 1122/1832/1474 1147/1805/1405
f 1127/1987/1444 1146/1984/1342 1129/1971/1340
f 1127/1987/1444 1148/2027/1294 1146/1984/1342
f 1099/2039/1045 1102/2037/976 1136/2026/1392
f 1102/2037/976 1148/2027/1294 1136/2026/1392
f 1074/2479/1457 1140/2478/1420 1147/2499/1405
f 1074/1791/1457 1092/1775/1376 1140/1815/1420
f 1127/1987/1444 1136/2026/1392 1148/2027/1294
f 1119/1917/1464 1145/1945/1329 1152/1942/1353
f 1135/785/1338 1027/709/838 1107/810/1151
f 1123/1758/1451 1092/1775/1376 1149/1742/1436
f 1140/1815/1420 1142/1846/1258 1122/1832/1474
f 1156/1893/1290 1145/1945/1329 1119/1917/1464
f 1073/1962/1362 1127/1987/1444 1129/1971/1340
f 1108/1826/1421 1140/1815/1420 1092/1775/1376
f 1108/1826/1421 1142/1846/1258 1140/1815/1420
f 1156/1893/1290 1101/1955/1466 1145/1945/1329
f 1101/437/1466 1073/431/1362 1145/446/1329
f 1135/1693/1338 1123/1758/1451 1149/1742/1436
f 1101/1955/1466 1136/2026/1392 1127/1987/1444
f 1133/1746/1391 1123/1758/1451 1135/1693/1338
f 1130/2001/1441 1100/1898/1443 1108/1826/1421
f 1133/1746/1391 1108/1826/1421 1123/1758/1451
f 1130/2001/1441 1101/1955/1466 1100/1898/1443
f 1133/1746/1391 1130/2001/1441 1108/1826/1421
f 1130/2001/1441 1136/2026/1392 1101/1955/1466
f 1107/1674/1151 1133/1746/1391 1135/1693/1338
f 1105/2029/1240 1099/2039/1045 1136/2026/1392
f 1107/1674/1151 1106/1701/1363 1133/1746/1391
f 1081/1744/1397 1130/2001/1441 1133/1746/1391
f 1130/2001/1441 1105/2029/1240 1136/2026/1392
f 1076/1972/1449 1105/2029/1240 1130/2001/1441
f 1106/1701/1363 1078/1672/1014 1113/1716/1344
f 1043/2020/860 1060/2041/917 1124/2017/1398
f 1071/404/511 990/375/703 1459/475/987
f 960/351/778 1459/475/987 990/375/703
f 1274/1625/1201 1094/1575/537 1121/1579/672
f 1103/1566/578 1173/1578/653 1112/1567/624
f 1056/3012/556 975/3041/787 1206/3042/889
f 1104/1570/570 1056/1543/556 1206/1595/889
f 1063/1553/374 1033/1537/388 1065/1552/485
f 1063/1553/374 1065/1552/485 1154/1582/626
f 1182/2157/667 1120/2131/616 1095/2126/752
f 1177/1056/591 1131/1031/572 1143/1030/643
f 1195/1061/867 1143/1030/643 1150/1024/623
f 1175/1040/596 1150/1024/623 1086/1002/598
f 1158/1025/641 1175/1040/596 1086/1002/598
f 1394/1087/924 1085/1001/693 1161/1026/646
f 1165/1769/1339 1174/1824/1145 1178/1667/996
f 1165/1769/1339 1170/1850/1410 1174/1824/1145
f 1168/1952/1316 1164/2030/1188 1179/1940/1034
f 1181/1048/640 1161/1026/646 1077/996/538
f 1170/1850/1410 1165/1769/1339 1125/1792/1323
f 1170/2240/1410 1109/2205/1242 1163/2239/1380
f 1168/1952/1316 1163/1901/1380 1151/1941/1348
f 1111/1680/1088 1165/1769/1339 1166/1673/1048
f 1146/1984/1342 1176/2042/1023 1168/1952/1316
f 1146/1984/1342 1148/2027/1294 1176/2042/1023
f 1148/813/1294 1144/793/277 1176/812/1023
f 1122/1832/1474 1170/1850/1410 1125/1792/1323
f 1152/1942/1353 1091/1961/1324 1151/1941/1348
f 1153/1596/464 1128/1599/242 1166/1608/1048
f 1156/215/1290 1163/216/1380 1082/207/1280
f 1163/1901/1380 1119/1917/1464 1151/1941/1348
f 1176/1491/1023 1144/1472/277 1134/1471/341
f 1155/1855/1354 1170/1850/1410 1122/1832/1474
f 1119/1917/1464 1163/1901/1380 1156/1893/1290
f 1180/2206/529 1134/2241/341 1157/2202/156
f 1137/2152/367 1157/2202/156 1134/2241/341
f 1141/1997/424 1117/2059/154 1186/2060/453
f 1153/2066/464 1186/2060/453 1117/2059/154
f 1122/1832/1474 1142/1846/1258 1155/1855/1354
f 1468/485/1003 1159/412/695 1441/469/965
f 1271/1623/1061 1171/1592/655 1080/1572/710
f 1414/1637/947 988/1522/836 993/1529/814
f 986/1516/790 991/1524/822 1423/1636/1152
f 1110/2108/635 1120/2110/616 1182/2133/667
f 1075/2105/629 1139/2113/722 1167/2129/649
f 1195/1061/867 1150/1024/623 1175/1040/596
f 1163/1901/1380 1179/1940/1034 1174/1824/1145
f 1163/1901/1380 1168/1952/1316 1179/1940/1034
f 1165/1769/1339 1178/1667/996 1166/1673/1048
f 1170/1850/1410 1163/1901/1380 1174/1824/1145
f 1164/2030/1188 1168/1952/1316 1176/2042/1023
f 1232/1515/553 1237/1518/429 1176/1491/1023
f 1114/2114/536 1162/2127/610 1408/2189/1185
f 1153/1596/464 1166/1608/1048 1230/1621/474
f 1232/1515/553 1176/1491/1023 1134/1471/341
f 1134/1471/341 1397/1551/1271 1232/1515/553
f 1397/1551/1271 1134/1471/341 1180/1499/529
f 1201/2067/564 1186/2060/453 1153/2066/464
f 1157/2202/156 1203/2181/535 1180/2206/529
f 1203/2181/535 1157/2202/156 1137/2152/367
f 1141/1014/424 1186/1049/453 1225/1059/984
f 1199/1748/1293 1216/1771/1167 1210/1691/1227
f 1274/1625/1201 1121/1579/672 1126/1581/786
f 1112/1567/624 1249/1607/945 1242/1603/964
f 1272/1624/1099 1126/1581/786 918/1487/810
f 1430/1638/1228 1272/1624/1099 918/1487/810
f 1430/1638/1228 918/1487/810 963/1507/862
f 1191/1020/1322 1207/942/1208 1193/934/1255
f 1190/417/1454 1196/389/1219 1184/419/1221
f 1213/420/1274 1190/417/1454 1184/419/1221
f 1190/417/1454 1211/370/1248 1196/389/1219
f 1187/939/1262 1191/1020/1322 1193/934/1255
f 1256/1619/1015 1160/1588/611 1169/1591/642
f 1213/420/1274 1192/411/1378 1190/417/1454
f 1192/411/1378 1211/370/1248 1190/417/1454
f 1188/1011/1358 1191/1020/1322 1187/939/1262
f 1213/420/1274 1221/418/1106 1192/411/1378
f 1191/1020/1322 1188/1011/1358 1218/1037/1180
f 1200/940/1253 1188/1011/1358 1187/939/1262
f 1256/1619/1015 1169/1591/642 1171/1592/655
f 1154/1582/626 1065/1552/485 1259/1614/966
f 1189/1034/1232 1188/1011/1358 1200/940/1253
f 1189/1034/1232 1200/940/1253 1183/941/1233
f 1212/394/1171 1197/374/1254 1185/413/1260
f 1204/998/1198 1189/1034/1232 1183/941/1233
f 1451/1643/1213 1271/1623/1061 1080/1572/710
f 1451/1643/1213 1080/1572/710 988/1522/836
f 991/1524/822 1013/1535/832 1423/1636/1152
f 1195/1061/867 1177/1056/591 1143/1030/643
f 1329/1078/972 1175/1040/596 1158/1025/641
f 1329/1078/972 1158/1025/641 974/938/749
f 1233/1163/329 1178/1147/996 1226/1161/430
f 1178/1147/996 1174/1144/1145 1226/1161/430
f 1226/1161/430 1174/1144/1145 1236/1165/250
f 1236/1165/250 1174/1144/1145 1222/1159/381
f 1222/1159/381 1174/1144/1145 1179/1150/1034
f 1179/1150/1034 1164/1142/1188 1237/1164/429
f 1166/1608/1048 1178/1610/996 1230/1621/474
f 1237/1518/429 1164/1484/1188 1176/1491/1023
f 1153/1596/464 1230/1621/474 1334/1639/1067
f 1137/2121/367 1114/2114/536 1408/2189/1185
f 1153/1596/464 1334/1639/1067 1201/1600/564
f 1243/2166/1184 1137/2121/367 1408/2189/1185
f 1137/2121/367 1243/2166/1184 1203/2151/535
f 1304/1629/1039 1159/1587/695 1094/1575/537
f 1205/2339/1277 1215/2341/1156 1209/2253/1162
f 1202/2261/1304 1205/2339/1277 1209/2253/1162
f 1194/1690/1261 1199/1748/1293 1210/1691/1227
f 1198/2251/1312 1205/2339/1277 1202/2261/1304
f 1198/1809/1312 1202/1814/1304 1275/1830/1278
f 1112/1567/624 1173/1578/653 1249/1607/945
f 1208/1734/1179 1199/1748/1293 1194/1690/1261
f 1208/1734/1179 1217/1770/1204 1199/1748/1293
f 1214/2340/1218 1205/2339/1277 1198/2251/1312
f 1220/2276/1193 1214/2340/1218 1198/2251/1312
f 1272/1624/1099 1274/1625/1201 1126/1581/786
f 1260/1677/1269 1208/1734/1179 1194/1690/1261
f 975/1500/787 1242/1603/964 1432/1631/1225
f 1430/1638/1228 963/1507/862 1172/1594/657
f 1191/2343/1322 1239/2357/1028 1207/2345/1208
f 1239/1038/1028 1191/1020/1322 1219/1036/1096
f 1245/3005/1149 1223/2977/974 1184/2964/1221
f 1223/2977/974 1213/2961/1274 1184/2964/1221
f 1218/1037/1180 1219/1036/1096 1191/1020/1322
f 1256/1619/1015 1255/1618/991 1160/1588/611
f 1223/2977/974 1221/2959/1106 1213/2961/1274
f 1257/421/1224 1192/411/1378 1221/418/1106
f 1211/370/1248 1192/411/1378 1197/374/1254
f 1188/2833/1358 1366/2905/1289 1218/2856/1180
f 1188/2833/1358 1189/2832/1232 1366/2905/1289
f 1192/2135/1378 1257/2154/1224 1185/2124/1260
f 1185/413/1260 1197/374/1254 1192/411/1378
f 1154/1582/626 1259/1614/966 1354/1627/1205
f 1154/1582/626 1354/1627/1205 1138/1576/712
f 1138/1576/712 1447/1640/1223 1013/1535/832
f 1465/1656/1127 993/1529/814 880/1450/757
f 1139/2113/722 1182/2133/667 1378/2173/989
f 1372/2177/986 1139/2113/722 1378/2173/989
f 1139/2113/722 1372/2177/986 1167/2129/649
f 1440/2192/1027 1167/2129/649 1372/2177/986
f 1162/2127/610 1132/2118/636 1456/2197/1163
f 1394/1087/924 1161/1026/646 1320/1075/962
f 1229/1162/229 1222/1159/381 1179/1150/1034
f 1227/1160/221 1229/1162/229 1179/1150/1034
f 1227/1160/221 1179/1150/1034 1237/1164/429
f 1226/2618/430 1236/2639/250 1240/2660/29
f 1222/2622/381 1229/2638/229 1238/2678/11
f 1409/1086/1215 1181/1048/640 1141/1014/424
f 1247/1620/1247 1201/1600/564 1334/1639/1067
f 1252/1534/1186 1397/1551/1271 1180/1499/529
f 1180/1499/529 1231/1521/1042 1252/1534/1186
f 1186/1597/453 1201/1600/564 1234/1606/1078
f 1231/1521/1042 1180/1499/529 1203/1511/535
f 1225/1053/984 1186/1029/453 1234/1052/1078
f 1489/2566/1037 980/2563/766 961/2575/742
f 1488/2626/1054 1489/2566/1037 961/2575/742
f 1488/2626/1054 961/2575/742 926/2628/739
f 1459/475/987 1318/451/1110 1071/404/511
f 1209/423/1162 1215/427/1156 1325/453/1079
f 1209/1817/1162 1325/1836/1079 1312/1835/1264
f 1326/1950/1276 1374/1954/1166 1216/1929/1167
f 1202/1814/1304 1209/1817/1162 1312/1835/1264
f 1373/797/1267 1194/775/1261 1210/774/1227
f 1304/1629/1039 1094/1575/537 1274/1625/1201
f 1365/2793/1279 1393/2796/1284 1205/2729/1277
f 1335/795/1249 1194/775/1261 1373/797/1267
f 1267/2783/1257 1365/2793/1279 1205/2729/1277
f 1214/2745/1218 1267/2783/1257 1205/2729/1277
f 1220/1816/1193 1198/1809/1312 1375/1837/1379
f 1220/2306/1193 1292/2256/1310 1214/2305/1218
f 1217/1931/1204 1208/1928/1179 1261/1946/1326
f 1255/1618/991 1430/1638/1228 1172/1594/657
f 1314/2376/1195 1207/2345/1208 1239/2357/1028
f 1245/2875/1149 1184/2847/1221 1196/2846/1219
f 1196/2845/1219 1251/2876/1043 1352/2906/1158
f 1255/1618/991 1172/1594/657 1160/1588/611
f 1193/1392/1255 1207/1396/1208 1264/1414/1147
f 1251/2876/1043 1196/2845/1219 1211/2853/1248
f 1241/2864/983 1239/2866/1028 1219/2858/1096
f 1193/1392/1255 1264/1414/1147 1268/1419/1172
f 1241/2864/983 1219/2858/1096 1218/2856/1180
f 1221/2959/1106 1223/2977/974 1266/3004/1148
f 1221/2959/1106 1266/3004/1148 1250/2979/1025
f 1187/1395/1262 1193/1392/1255 1268/1419/1172
f 1257/2975/1224 1221/2959/1106 1250/2979/1025
f 1187/1395/1262 1268/1419/1172 1200/1397/1253
f 1277/2885/1273 1241/2864/983 1218/2856/1180
f 1065/1552/485 1104/1570/570 1259/1614/966
f 1200/1397/1253 1268/1419/1172 1359/1431/1226
f 1218/2856/1180 1366/2905/1289 1277/2885/1273
f 1257/2975/1224 1250/2979/1025 1369/3006/1234
f 1271/1623/1061 1256/1619/1015 1171/1592/655
f 1200/1397/1253 1359/1431/1226 1287/1429/1259
f 1185/2124/1260 1257/2154/1224 1322/2155/1317
f 1282/2886/1352 1358/2909/1360 1197/2844/1254
f 1183/1393/1233 1200/1397/1253 1287/1429/1259
f 1197/2844/1254 1212/2852/1171 1282/2886/1352
f 1282/1848/1352 1185/1881/1260 1322/1849/1317
f 1282/2790/1352 1212/2769/1171 1185/2789/1260
f 1451/1643/1213 988/1522/836 1414/1637/947
f 1423/1636/1152 1013/1535/832 1447/1640/1223
f 1465/1656/1127 1414/1637/947 993/1529/814
f 1394/1087/924 1329/1078/972 974/938/749
f 1240/2660/29 1233/2629/329 1226/2618/430
f 1227/2636/221 1235/2684/4 1229/2638/229
f 1233/2629/329 1240/2660/29 1230/2726/474
f 1181/1048/640 1320/1075/962 1161/1026/646
f 1222/2622/381 1238/2678/11 1236/2639/250
f 1227/2636/221 1232/2734/553 1235/2684/4
f 1227/2636/221 1237/2617/429 1232/2734/553
f 1238/2678/11 1229/2638/229 1235/2684/4
f 1178/1610/996 1233/1633/329 1230/1621/474
f 1240/2660/29 1224/2746/289 1230/2726/474
f 1236/2639/250 1238/2678/11 1224/2746/289
f 1240/2660/29 1236/2639/250 1224/2746/289
f 1238/2678/11 1235/2684/4 1228/2738/294
f 1235/2684/4 1232/2734/553 1228/2738/294
f 1238/2678/11 1228/2738/294 1224/2746/289
f 1230/2055/474 1224/2050/289 1334/2074/1067
f 1224/2050/289 1228/2049/294 1339/2069/1058
f 1409/1086/1215 1141/1014/424 1265/1067/1203
f 1225/1059/984 1265/1067/1203 1141/1014/424
f 1231/2162/1042 1203/2151/535 1243/2166/1184
f 1478/3092/943 1064/3124/660 1468/3123/1003
f 1441/469/965 1159/412/695 1304/449/1039
f 1249/1607/945 1071/1542/511 1318/1609/1110
f 1291/2781/1206 1215/2730/1156 1205/2729/1277
f 1326/1950/1276 1216/1929/1167 1199/1926/1293
f 1275/1830/1278 1202/1814/1304 1312/1835/1264
f 1198/1809/1312 1275/1830/1278 1375/1837/1379
f 1199/1926/1293 1217/1931/1204 1261/1946/1326
f 1194/775/1261 1335/795/1249 1260/789/1269
f 1214/2745/1218 1292/2784/1310 1267/2783/1257
f 1375/1837/1379 1307/1831/1347 1220/1816/1193
f 1220/2306/1193 1307/2263/1347 1292/2256/1310
f 1305/872/1356 1208/907/1179 1260/885/1269
f 1432/1631/1225 1206/1595/889 975/1500/787
f 1352/2902/1158 1245/2875/1149 1196/2846/1219
f 1207/2345/1208 1314/2376/1195 1299/2377/1307
f 1239/2866/1028 1276/2889/1286 1314/2904/1195
f 1207/1396/1208 1299/1424/1307 1264/1414/1147
f 1223/2977/974 1245/3005/1149 1266/3004/1148
f 1254/968/1056 1336/995/1404 1253/974/1488
f 1253/974/1488 1301/953/1416 1254/968/1056
f 1276/2889/1286 1239/2866/1028 1241/2864/983
f 1336/995/1404 1346/992/1385 1253/974/1488
f 1253/974/1488 1317/950/1433 1301/953/1416
f 1281/2887/1288 1251/2876/1043 1211/2853/1248
f 1370/2912/1268 1281/2887/1288 1211/2853/1248
f 1104/1570/570 1206/1595/889 1273/1611/1095
f 1104/1570/570 1273/1611/1095 1259/1614/966
f 1253/974/1488 1262/972/1476 1317/950/1433
f 1370/2912/1268 1211/2853/1248 1197/2844/1254
f 1358/2909/1360 1370/2912/1268 1197/2844/1254
f 1366/2905/1289 1189/2832/1232 1340/2896/1319
f 1340/2896/1319 1189/2832/1232 1204/2840/1198
f 1183/1393/1233 1287/1429/1259 1280/1426/1306
f 1340/2896/1319 1204/2840/1198 1286/2884/1270
f 1183/1768/1233 1280/1736/1306 1204/1761/1198
f 1286/1737/1270 1204/1761/1198 1280/1736/1306
f 1354/1627/1205 1447/1640/1223 1138/1576/712
f 1177/1056/591 1347/1090/960 1434/1108/938
f 1347/1090/960 1177/1056/591 1195/1061/867
f 1175/1040/596 1347/1090/960 1195/1061/867
f 1408/2189/1185 1162/2127/610 1392/2187/1132
f 1339/2069/1058 1228/2049/294 1355/2068/1122
f 1228/2049/294 1232/2047/553 1397/2073/1271
f 1247/1620/1247 1334/1639/1067 1429/1647/1351
f 1231/1735/1042 1243/1721/1184 1252/1745/1186
f 1225/2179/984 1234/2168/1078 1265/2193/1203
f 1234/2168/1078 1247/2153/1247 1265/2193/1203
f 1201/1600/564 1247/1620/1247 1234/1606/1078
f 1483/20/946 831/242/733 1462/60/819
f 1325/453/1079 1215/427/1156 1438/468/1007
f 1438/468/1007 1215/427/1156 1291/448/1206
f 1319/452/1295 1325/453/1079 1438/468/1007
f 1312/902/1264 1325/893/1079 1319/962/1295
f 1326/685/1276 1284/630/1291 1374/679/1166
f 1279/988/1393 1319/962/1295 1341/994/1368
f 1373/757/1267 1333/768/1191 1291/819/1206
f 1373/797/1267 1210/774/1227 1333/792/1191
f 1338/628/1459 1377/601/1302 1284/630/1291
f 1338/628/1459 1284/630/1291 1326/685/1276
f 1393/2796/1284 1291/2781/1206 1205/2729/1277
f 1291/819/1206 1393/821/1284 1373/757/1267
f 1349/588/1477 1318/516/1110 1377/601/1302
f 1403/966/1377 1312/902/1264 1319/962/1295
f 1349/588/1477 1303/517/1315 1318/516/1110
f 1249/1607/945 1318/1609/1110 1303/1612/1315
f 1403/3113/1377 1279/3100/1393 1293/3099/1491
f 1338/628/1459 1326/685/1276 1263/621/1417
f 1338/628/1459 1263/621/1417 1349/588/1477
f 1293/979/1491 1279/988/1393 1345/1007/1490
f 1275/909/1278 1403/966/1377 1293/979/1491
f 1335/746/1249 1373/757/1267 1365/818/1279
f 1361/1953/1298 1326/1950/1276 1199/1926/1293
f 1361/678/1298 1263/621/1417 1326/685/1276
f 1332/607/1468 1349/588/1477 1263/621/1417
f 1332/607/1468 1263/621/1417 1361/678/1298
f 1375/921/1379 1275/909/1278 1293/979/1491
f 1274/1080/1201 1345/1007/1490 1304/1079/1039
f 1278/961/1496 1293/979/1491 1345/1007/1490
f 1278/961/1496 1375/921/1379 1293/979/1491
f 1199/1926/1293 1261/1946/1326 1361/1953/1298
f 1365/818/1279 1267/820/1257 1310/779/1460
f 1310/779/1460 1260/743/1269 1335/746/1249
f 1261/675/1326 1258/629/1456 1361/678/1298
f 1258/629/1456 1332/607/1468 1361/678/1298
f 1350/699/1396 1258/629/1456 1261/675/1326
f 1242/1603/964 1249/1607/945 1303/1612/1315
f 1368/1035/1413 1278/961/1496 1345/1007/1490
f 1307/876/1347 1375/921/1379 1278/961/1496
f 1305/725/1356 1260/743/1269 1310/779/1460
f 1272/1077/1099 1368/1035/1413 1274/1080/1201
f 1368/1035/1413 1307/876/1347 1278/961/1496
f 1305/725/1356 1310/779/1460 1267/820/1257
f 1356/525/1328 1258/629/1456 1350/699/1396
f 1356/525/1328 1303/517/1315 1349/588/1477
f 1368/1035/1413 1345/1007/1490 1274/1080/1201
f 1367/847/1389 1307/876/1347 1368/1035/1413
f 1305/725/1356 1267/820/1257 1292/838/1310
f 1208/1828/1179 1305/1811/1356 1261/1810/1326
f 1356/525/1328 1332/607/1468 1258/629/1456
f 1356/525/1328 1349/588/1477 1332/607/1468
f 1350/699/1396 1261/675/1326 1305/725/1356
f 1367/847/1389 1292/838/1310 1307/876/1347
f 1242/1603/964 1303/1612/1315 1356/1617/1328
f 1242/2334/964 1356/2308/1328 1432/2307/1225
f 1337/1069/1337 1430/1088/1228 1255/1076/991
f 1245/2875/1149 1352/2902/1158 1295/2903/1318
f 1416/773/1345 1352/834/1158 1290/801/1372
f 1299/767/1307 1314/688/1195 1416/773/1345
f 1244/1350/1334 1331/1362/1333 1302/1363/1331
f 1273/1611/1095 1206/1595/889 1321/1616/1300
f 1301/953/1416 1295/913/1318 1351/997/1381
f 1352/863/1158 1251/852/1043 1290/862/1372
f 1290/801/1372 1299/767/1307 1416/773/1345
f 1276/676/1286 1302/641/1331 1314/688/1195
f 1351/997/1381 1337/1069/1337 1336/995/1404
f 1301/1032/1416 1351/1033/1381 1254/1021/1056
f 1313/603/1384 1331/598/1333 1244/626/1334
f 1266/894/1148 1245/889/1149 1295/913/1318
f 1283/911/1419 1295/913/1318 1301/953/1416
f 1244/626/1334 1302/641/1331 1294/640/1423
f 1298/772/1437 1264/759/1147 1299/767/1307
f 1336/995/1404 1254/968/1056 1351/997/1381
f 1298/772/1437 1299/767/1307 1290/801/1372
f 1248/620/1394 1313/603/1384 1244/626/1334
f 1315/1068/1371 1337/1069/1337 1255/1076/991
f 1283/911/1419 1266/894/1148 1295/913/1318
f 1277/666/1273 1302/641/1331 1276/676/1286
f 1281/806/1288 1290/801/1372 1251/817/1043
f 1268/751/1172 1264/759/1147 1298/772/1437
f 1277/666/1273 1294/640/1423 1302/641/1331
f 1248/620/1394 1244/626/1334 1294/640/1423
f 1277/2885/1273 1276/2889/1286 1241/2864/983
f 1315/1068/1371 1336/995/1404 1337/1069/1337
f 1309/769/1450 1298/772/1437 1290/801/1372
f 1315/1068/1371 1255/1076/991 1256/1074/1015
f 1357/558/1498 1331/598/1333 1313/603/1384
f 1315/1068/1371 1346/992/1385 1336/995/1404
f 1309/769/1450 1290/801/1372 1281/806/1288
f 1357/558/1498 1321/519/1300 1331/598/1333
f 1309/769/1450 1268/751/1172 1298/772/1437
f 1306/914/1407 1250/890/1025 1283/911/1419
f 1266/894/1148 1283/911/1419 1250/890/1025
f 1317/950/1433 1283/911/1419 1301/953/1416
f 1315/1068/1371 1376/1006/1481 1346/992/1385
f 1306/914/1407 1283/911/1419 1317/950/1433
f 1328/513/1346 1321/519/1300 1357/558/1498
f 1328/513/1346 1273/511/1095 1321/519/1300
f 1262/972/1476 1253/974/1488 1346/992/1385
f 1370/811/1268 1309/769/1450 1281/806/1288
f 1324/1071/1320 1376/1006/1481 1315/1068/1371
f 1366/668/1289 1294/640/1423 1277/666/1273
f 1259/1614/966 1273/1611/1095 1328/1622/1346
f 1309/769/1450 1370/811/1268 1359/744/1226
f 1359/744/1226 1268/751/1172 1309/769/1450
f 1366/668/1289 1344/610/1492 1294/640/1423
f 1248/1723/1394 1294/1732/1423 1344/1733/1492
f 1346/992/1385 1270/960/1453 1262/972/1476
f 1262/972/1476 1270/960/1453 1317/950/1433
f 1306/914/1407 1369/892/1234 1250/890/1025
f 1344/610/1492 1313/603/1384 1248/620/1394
f 1270/960/1453 1343/955/1424 1317/950/1433
f 1324/1071/1320 1315/1068/1371 1256/1074/1015
f 1324/1630/1320 1256/1619/1015 1271/1623/1061
f 1369/892/1234 1343/955/1424 1257/896/1224
f 1246/613/1484 1344/610/1492 1323/635/1442
f 1287/752/1259 1370/811/1268 1358/815/1360
f 1342/514/1475 1328/513/1346 1357/558/1498
f 1340/673/1319 1323/635/1442 1366/668/1289
f 1353/3086/1472 1344/3087/1492 1246/3047/1484
f 1308/980/1479 1270/960/1453 1376/1006/1481
f 1353/586/1472 1246/613/1484 1323/635/1442
f 1271/1072/1061 1364/1060/1395 1324/1071/1320
f 1308/980/1479 1343/955/1424 1270/960/1453
f 1354/1627/1205 1259/1614/966 1328/1622/1346
f 1381/949/1390 1343/955/1424 1308/980/1479
f 1269/612/1447 1353/586/1472 1323/635/1442
f 1381/949/1390 1282/843/1352 1322/887/1317
f 1340/673/1319 1269/612/1447 1323/635/1442
f 1379/783/1402 1358/815/1360 1282/843/1352
f 1358/815/1360 1379/783/1402 1280/735/1306
f 1383/580/951 1353/586/1472 1269/612/1447
f 1354/506/1205 1328/513/1346 1342/514/1475
f 1465/1656/1127 880/1450/757 1412/1634/861
f 1411/1796/1192 1362/1856/1386 1288/1804/1455
f 1391/2138/1238 1400/2139/1473 1289/2103/1482
f 1401/1794/1483 1386/1827/1439 1285/1802/1425
f 1329/1078/972 1347/1090/960 1175/1040/596
f 1392/259/1132 1162/223/610 1456/274/1163
f 1461/1109/1250 1394/1087/924 1320/1075/962
f 1389/2203/1275 1398/2201/1287 1320/2220/962
f 1311/1860/1493 1327/1840/1309 1363/1905/1314
f 1389/1084/1275 1320/1075/962 1181/1048/640
f 1380/2140/1465 1330/2082/1478 1316/2107/1341
f 1311/1860/1493 1363/1905/1314 1384/1895/1486
f 1409/1086/1215 1389/1084/1275 1181/1048/640
f 1334/2074/1067 1224/2050/289 1339/2069/1058
f 1228/2049/294 1397/2073/1271 1355/2068/1122
f 1397/1785/1271 1252/1745/1186 1425/1756/1428
f 1462/60/819 700/296/750 1463/61/803
f 883/1098/751 1494/1112/1155 1487/1095/1036
f 1441/469/965 1304/449/1039 1433/467/1117
f 1319/962/1295 1433/1000/1117 1341/994/1368
f 1457/473/1113 1438/468/1007 1291/448/1206
f 1333/455/1191 1457/473/1113 1291/448/1206
f 1210/424/1227 1216/428/1167 1333/455/1191
f 1333/455/1191 1216/428/1167 1374/457/1166
f 1304/1079/1039 1341/994/1368 1433/1000/1117
f 1341/994/1368 1304/1079/1039 1345/1007/1490
f 1279/988/1393 1341/994/1368 1345/1007/1490
f 1349/588/1477 1377/601/1302 1338/628/1459
f 1319/3106/1295 1279/3100/1393 1403/3113/1377
f 1275/909/1278 1312/902/1264 1403/966/1377
f 1365/818/1279 1373/757/1267 1393/821/1284
f 1365/818/1279 1310/779/1460 1335/746/1249
f 1292/838/1310 1367/847/1389 1305/725/1356
f 1367/847/1389 1350/699/1396 1305/725/1356
f 1437/659/1440 1356/525/1328 1350/699/1396
f 1430/1088/1228 1368/1035/1413 1272/1077/1099
f 1367/847/1389 1437/659/1440 1350/699/1396
f 1432/503/1225 1356/525/1328 1437/659/1440
f 1351/997/1381 1430/1088/1228 1337/1069/1337
f 1432/503/1225 1436/618/1382 1331/598/1333
f 1432/503/1225 1331/598/1333 1321/519/1300
f 1432/1170/1225 1321/1182/1300 1206/1171/889
f 1302/641/1331 1331/598/1333 1436/618/1382
f 1302/641/1331 1436/618/1382 1314/688/1195
f 1357/558/1498 1313/603/1384 1344/610/1492
f 1270/960/1453 1346/992/1385 1376/1006/1481
f 1343/955/1424 1306/914/1407 1317/950/1433
f 1343/955/1424 1369/892/1234 1306/914/1407
f 1353/586/1472 1357/558/1498 1344/610/1492
f 1287/752/1259 1359/744/1226 1370/811/1268
f 1323/635/1442 1344/610/1492 1366/668/1289
f 1364/1060/1395 1376/1006/1481 1324/1071/1320
f 1257/896/1224 1343/955/1424 1322/887/1317
f 1353/586/1472 1342/514/1475 1357/558/1498
f 1358/815/1360 1280/735/1306 1287/752/1259
f 1381/949/1390 1322/887/1317 1343/955/1424
f 1364/1060/1395 1308/980/1479 1376/1006/1481
f 1383/580/951 1342/514/1475 1353/586/1472
f 1364/1060/1395 1381/949/1390 1308/980/1479
f 1282/843/1352 1381/949/1390 1379/783/1402
f 1280/735/1306 1379/783/1402 1286/705/1270
f 1445/597/1438 1340/673/1319 1286/705/1270
f 1354/506/1205 1342/514/1475 1383/580/951
f 1271/1072/1061 1451/1089/1213 1364/1060/1395
f 1269/612/1447 1340/673/1319 1445/597/1438
f 1269/1740/1447 1354/1739/1205 1383/1754/951
f 986/1516/790 1423/1636/1152 1472/1659/1214
f 1450/1641/894 986/1516/790 1472/1659/1214
f 1412/2199/861 1434/2207/938 1475/2271/1231
f 1471/2264/1183 1418/2204/1154 1182/2157/667
f 1182/2157/667 1095/2126/752 1471/2264/1183
f 1450/2224/894 1471/2264/1183 1095/2126/752
f 1419/2962/1285 1434/2963/938 1347/2949/960
f 1415/323/1373 1413/322/1361 1444/327/1002
f 1411/1796/1192 1413/1887/1361 1362/1856/1386
f 1182/930/667 1418/931/1154 1378/920/989
f 1289/2103/1482 1415/2025/1373 1391/2138/1238
f 1289/2103/1482 1407/2088/1411 1415/2025/1373
f 1415/2025/1373 1390/1841/1445 1413/1887/1361
f 1415/2025/1373 1407/2088/1411 1387/2007/1471
f 1387/2007/1471 1390/1841/1445 1415/2025/1373
f 1390/1841/1445 1362/1856/1386 1413/1887/1361
f 1288/1804/1455 1362/1856/1386 1390/1841/1445
f 1431/2159/1332 1400/2139/1473 1391/2138/1238
f 1406/1834/1495 1390/1841/1445 1387/2007/1471
f 1401/1794/1483 1288/1804/1455 1390/1841/1445
f 1405/2120/1458 1387/2007/1471 1407/2088/1411
f 1407/2088/1411 1289/2103/1482 1400/2139/1473
f 1410/1091/1325 1419/1101/1285 1347/1090/960
f 1420/1751/1480 1411/1796/1192 1288/1804/1455
f 1405/2120/1458 1407/2088/1411 1400/2139/1473
f 1406/1834/1495 1401/1794/1483 1390/1841/1445
f 1402/2008/1499 1387/2007/1471 1405/2120/1458
f 1401/1794/1483 1420/1751/1480 1288/1804/1455
f 1402/2008/1499 1406/1834/1495 1387/2007/1471
f 1417/1698/1321 1372/1682/986 1378/1692/989
f 1426/2144/1401 1297/2125/1412 1400/2139/1473
f 1385/2112/1429 1400/2139/1473 1297/2125/1412
f 1385/2112/1429 1405/2120/1458 1400/2139/1473
f 1386/1827/1439 1401/1794/1483 1406/1834/1495
f 1385/2112/1429 1382/2070/1469 1405/2120/1458
f 1396/1865/1406 1406/1834/1495 1402/2008/1499
f 1382/2070/1469 1402/2008/1499 1405/2120/1458
f 1386/1827/1439 1406/1834/1495 1396/1865/1406
f 1410/1091/1325 1347/1090/960 1329/1078/972
f 1428/1773/935 1401/1794/1483 1285/1802/1425
f 1297/2125/1412 1382/2070/1469 1385/2112/1429
f 1399/2019/808 1402/2008/1499 1382/2070/1469
f 1399/3105/808 1404/3074/1399 1402/3073/1499
f 1404/2036/1399 1396/1865/1406 1402/2008/1499
f 1424/1094/1313 1410/1091/1325 1329/1078/972
f 1404/2036/1399 1382/2070/1469 1297/2125/1412
f 1404/2036/1399 1399/2019/808 1382/2070/1469
f 1396/1865/1406 1285/1802/1425 1386/1827/1439
f 1426/2144/1401 1404/2036/1399 1297/2125/1412
f 1372/2065/986 1417/2056/1321 1440/2064/1027
f 1424/1094/1313 1329/1078/972 1394/1087/924
f 1360/2023/1305 1296/1977/1494 1348/1957/1256
f 1380/2140/1465 1422/2156/1330 1398/2201/1287
f 1380/2140/1465 1316/2107/1341 1422/2156/1330
f 1389/2203/1275 1380/2140/1465 1398/2201/1287
f 1316/2107/1341 1330/2082/1478 1360/2023/1305
f 1296/1977/1494 1360/2023/1305 1330/2082/1478
f 1384/1895/1486 1363/1905/1314 1300/1937/1383
f 1327/1840/1309 1397/1785/1271 1388/1757/1359
f 1408/1684/1185 1392/1699/1132 1388/1757/1359
f 1296/1977/1494 1395/2006/1461 1300/1937/1383
f 1348/1957/1256 1296/1977/1494 1300/1937/1383
f 1395/2006/1461 1296/1977/1494 1330/2082/1478
f 1397/1785/1271 1327/1840/1309 1311/1860/1493
f 1395/2006/1461 1330/2082/1478 1380/2140/1465
f 1384/1895/1486 1397/1785/1271 1311/1860/1493
f 1425/1756/1428 1388/1757/1359 1397/1785/1271
f 1425/1756/1428 1408/1684/1185 1388/1757/1359
f 1409/2222/1215 1380/2140/1465 1389/2203/1275
f 1395/2006/1461 1384/1895/1486 1300/1937/1383
f 1334/2132/1067 1395/2006/1461 1380/2140/1465
f 1334/2132/1067 1339/1983/1058 1395/2006/1461
f 1339/1983/1058 1355/1899/1122 1395/2006/1461
f 1355/1899/1122 1384/1895/1486 1395/2006/1461
f 1355/1899/1122 1397/1785/1271 1384/1895/1486
f 1409/2222/1215 1265/2193/1203 1429/2143/1351
f 1265/2193/1203 1247/2153/1247 1429/2143/1351
f 1243/1721/1184 1425/1756/1428 1252/1745/1186
f 1243/1721/1184 1408/1684/1185 1425/1756/1428
f 1459/2502/987 960/2509/778 1371/2522/845
f 1433/467/1117 1319/452/1295 1438/468/1007
f 1377/458/1302 1318/451/1110 1459/475/987
f 1368/1035/1413 1430/1088/1228 1427/878/1374
f 1367/847/1389 1368/1035/1413 1427/878/1374
f 1367/847/1389 1427/878/1374 1437/659/1440
f 1439/915/1409 1437/659/1440 1427/878/1374
f 1439/915/1409 1427/878/1374 1430/1088/1228
f 1416/773/1345 1437/659/1440 1439/915/1409
f 1416/773/1345 1436/618/1382 1437/659/1440
f 1436/618/1382 1432/503/1225 1437/659/1440
f 1351/997/1381 1439/915/1409 1430/1088/1228
f 1352/3101/1158 1416/3111/1345 1439/3112/1409
f 1314/688/1195 1436/618/1382 1416/773/1345
f 1351/997/1381 1295/913/1318 1439/915/1409
f 1295/913/1318 1352/834/1158 1439/915/1409
f 1381/949/1390 1364/1060/1395 1448/886/1415
f 1379/783/1402 1381/949/1390 1448/886/1415
f 1286/705/1270 1379/783/1402 1454/706/1432
f 1454/706/1432 1445/597/1438 1286/705/1270
f 1269/612/1447 1445/597/1438 1354/506/1205
f 1445/597/1438 1447/489/1223 1354/506/1205
f 1414/1637/947 1443/1642/1336 1451/1643/1213
f 1444/1960/1002 1391/2138/1238 1415/2025/1373
f 1444/1960/1002 1413/1887/1361 1411/1796/1192
f 1420/1751/1480 1435/1755/1241 1411/1796/1192
f 1420/1751/1480 1418/1707/1154 1435/1755/1241
f 1419/2225/1285 1421/2169/1501 1431/2159/1332
f 1417/1698/1321 1418/1707/1154 1420/1751/1480
f 1378/1692/989 1418/1707/1154 1417/1698/1321
f 1410/2221/1325 1421/2169/1501 1419/2225/1285
f 1400/2139/1473 1431/2159/1332 1421/2169/1501
f 1400/2139/1473 1421/2169/1501 1426/2144/1401
f 1401/1794/1483 1428/1773/935 1420/1751/1480
f 1424/2214/1313 1421/2169/1501 1410/2221/1325
f 1428/1773/935 1417/1698/1321 1420/1751/1480
f 1424/2214/1313 1426/2144/1401 1421/2169/1501
f 1285/1802/1425 1396/1865/1406 1464/1697/1435
f 1285/2324/1425 1464/2323/1435 1428/2338/935
f 1426/2144/1401 1460/2115/1470 1404/2036/1399
f 1464/1697/1435 1417/1698/1321 1428/1773/935
f 1424/1094/1313 1394/1087/924 1461/1109/1250
f 1461/2954/1250 1320/2920/962 1398/2953/1287
f 1316/3002/1341 1360/3007/1305 1422/3031/1330
f 1422/3031/1330 1360/3007/1305 1442/3043/1245
f 1360/3007/1305 1348/3003/1256 1442/3043/1245
f 1348/3003/1256 1300/3001/1383 1442/3043/1245
f 1300/1937/1383 1363/1905/1314 1442/1956/1245
f 1442/3025/1245 1363/2978/1314 1452/3024/1265
f 1363/2978/1314 1327/2971/1309 1452/3024/1265
f 1327/2971/1309 1388/2982/1359 1452/3024/1265
f 1456/274/1163 1388/275/1359 1392/259/1132
f 1380/2140/1465 1409/2222/1215 1429/2143/1351
f 1334/1639/1067 1380/1644/1465 1429/1647/1351
f 1473/487/1137 1441/469/965 1433/467/1117
f 1470/486/1121 1457/473/1113 1333/455/1191
f 1333/455/1191 1374/457/1166 1470/486/1121
f 1374/457/1166 1284/447/1291 1470/486/1121
f 1284/447/1291 1377/458/1302 1470/486/1121
f 1364/1060/1395 1451/1089/1213 1448/886/1415
f 1379/783/1402 1448/886/1415 1454/706/1432
f 1451/1089/1213 1449/912/1418 1448/886/1415
f 1455/764/1434 1454/706/1432 1448/886/1415
f 1453/674/1408 1445/597/1438 1454/706/1432
f 1443/1081/1336 1449/912/1418 1451/1089/1213
f 1453/674/1408 1446/591/1422 1445/597/1438
f 1446/591/1422 1447/489/1223 1445/597/1438
f 1449/912/1418 1455/764/1434 1448/886/1415
f 1446/591/1422 1423/495/1152 1447/489/1223
f 1453/674/1408 1454/706/1432 1455/764/1434
f 1476/609/1502 1423/495/1152 1446/591/1422
f 1466/2148/1038 1434/2254/938 1419/2225/1285
f 1466/2248/1038 1391/2195/1238 1444/2223/1002
f 1411/2200/1192 1435/2212/1241 1467/2249/1091
f 1431/2159/1332 1466/2148/1038 1419/2225/1285
f 1431/2210/1332 1391/2195/1238 1466/2248/1038
f 1411/2200/1192 1467/2249/1091 1444/2223/1002
f 1424/2214/1313 1461/2243/1250 1426/2144/1401
f 1404/2036/1399 1460/2115/1470 1458/1932/1497
f 1396/1865/1406 1404/2036/1399 1458/1932/1497
f 1440/1664/1027 1417/1698/1321 1464/1697/1435
f 1460/2115/1470 1426/2144/1401 1461/2243/1250
f 1458/1932/1497 1464/1697/1435 1396/1865/1406
f 1452/1808/1265 1464/1697/1435 1458/1932/1497
f 1456/1671/1163 1440/1664/1027 1464/1697/1435
f 1422/2156/1330 1442/1956/1245 1460/2115/1470
f 1442/1956/1245 1458/1932/1497 1460/2115/1470
f 1442/1956/1245 1452/1808/1265 1458/1932/1497
f 1452/1808/1265 1456/1671/1163 1464/1697/1435
f 1398/2201/1287 1422/2156/1330 1461/2243/1250
f 1422/2156/1330 1460/2115/1470 1461/2243/1250
f 1388/1757/1359 1456/1671/1163 1452/1808/1265
f 1477/1073/1053 1371/1045/845 1490/1044/1064
f 1441/469/965 1473/487/1137 1468/485/1003
f 1433/467/1117 1438/468/1007 1473/487/1137
f 1438/468/1007 1457/473/1113 1473/487/1137
f 1470/486/1121 1377/458/1302 1477/496/1053
f 1377/458/1302 1459/475/987 1477/496/1053
f 1443/1081/1336 1469/884/1388 1449/912/1418
f 1469/884/1388 1455/764/1434 1449/912/1418
f 1476/609/1502 1472/477/1214 1423/495/1152
f 1476/609/1502 1446/591/1422 1453/674/1408
f 1465/1656/1127 1443/1642/1336 1414/1637/947
f 1465/1656/1127 1412/1634/861 1475/1663/1231
f 1450/1641/894 1472/1659/1214 1471/1662/1183
f 1475/2271/1231 1434/2207/938 1466/2248/1038
f 1466/2248/1038 1444/2223/1002 1467/2249/1091
f 1467/2249/1091 1435/2212/1241 1471/2264/1183
f 1435/2212/1241 1418/2204/1154 1471/2264/1183
f 1484/21/982 980/189/766 1489/17/1037
f 1459/2502/987 1371/2522/845 1477/2515/1053
f 1453/674/1408 1455/764/1434 1469/884/1388
f 1476/609/1502 1453/674/1408 1469/884/1388
f 1475/1103/1231 1443/1081/1336 1465/1110/1127
f 1475/1103/1231 1469/884/1388 1443/1081/1336
f 1466/2248/1038 1467/2249/1091 1474/2266/1365
f 1488/2626/1054 926/2628/739 1491/2653/1093
f 1479/508/1081 1473/487/1137 1457/473/1113
f 1479/508/1081 1457/473/1113 1470/486/1121
f 1475/1103/1231 1474/869/1365 1469/884/1388
f 1474/869/1365 1476/609/1502 1469/884/1388
f 1476/609/1502 1471/481/1183 1472/477/1214
f 1466/2248/1038 1474/2266/1365 1475/2271/1231
f 1467/637/1091 1476/609/1502 1474/869/1365
f 1467/637/1091 1471/481/1183 1476/609/1502
f 1485/19/999 992/185/756 1484/21/982
f 1486/18/1021 1462/60/819 1463/61/803
f 1468/485/1003 1473/487/1137 1481/512/1092
f 1485/19/999 1463/61/803 992/185/756
f 1486/18/1021 1463/61/803 1485/19/999
f 1478/2096/943 1468/2058/1003 1481/2057/1092
f 1481/512/1092 1473/487/1137 1479/508/1081
f 1480/1708/1109 1479/1713/1081 1470/1668/1121
f 1480/1708/1109 1470/1668/1121 1477/1675/1053
f 1483/20/946 1462/60/819 1486/18/1021
f 1491/530/1093 1478/501/943 1481/512/1092
f 1493/531/1207 1491/530/1093 1481/512/1092
f 1493/531/1207 1481/512/1092 1479/508/1081
f 1480/1708/1109 1477/1675/1053 1490/1712/1064
f 1482/1057/919 1487/1095/1036 1496/1058/1311
f 1493/531/1207 1479/508/1081 1492/528/1197
f 1479/508/1081 1480/509/1109 1492/528/1197
f 1492/528/1197 1480/509/1109 1490/527/1064
f 1482/1057/919 1496/1058/1311 1490/1047/1064
f 1484/21/982 1489/17/1037 1498/11/1349
f 1485/19/999 1484/21/982 1498/11/1349
f 1485/19/999 1498/11/1349 1502/2/1364
f 1485/19/999 1502/2/1364 1501/7/1370
f 1486/18/1021 1485/19/999 1501/7/1370
f 1486/2607/1021 1501/2598/1370 1494/2600/1155
f 1483/20/946 1486/18/1021 1494/15/1155
f 1501/2598/1370 1500/2584/1448 1494/2600/1155
f 1500/2584/1448 1487/2585/1036 1494/2600/1155
f 1497/2551/1414 1502/2602/1364 1498/2605/1349
f 1497/2551/1414 1501/2598/1370 1502/2602/1364
f 1497/2551/1414 1495/2550/1431 1501/2598/1370
f 1499/2557/1403 1498/2605/1349 1489/2608/1037
f 1499/2557/1403 1497/2551/1414 1498/2605/1349
f 1495/2550/1431 1500/2584/1448 1501/2598/1370
f 1496/2548/1311 1487/2585/1036 1500/2584/1448
f 1488/2556/1054 1499/2557/1403 1489/2608/1037
f 1495/2550/1431 1496/2548/1311 1500/2584/1448
f 1488/2556/1054 1491/2541/1093 1499/2557/1403
f 1491/2541/1093 1493/2540/1207 1499/2557/1403
f 1493/2540/1207 1497/2551/1414 1499/2557/1403
f 1493/2540/1207 1492/2529/1197 1497/2551/1414
f 1492/2529/1197 1495/2550/1431 1497/2551/1414
f 1492/2529/1197 1496/2548/1311 1495/2550/1431
f 1492/2529/1197 1490/2536/1064 1496/2548/1311