mtllib mesh.mtl
o material_0
usemtl material_0
v -0.23314525187015533 -0.48767200112342834 -0.13147912919521332
v -0.23102982342243195 -0.49747759103775024 -0.12621840834617615
v -0.229823499917984 -0.4871331453323364 0.1360723078250885
v -0.2297331690788269 -0.49578386545181274 0.1336328685283661
v -0.2235875427722931 -0.48761051893234253 0.10836554318666458
v -0.22017495334148407 -0.49782896041870117 -0.10382381081581116
v -0.21600452065467834 -0.4938948452472687 -0.11596222966909409
v -0.21337494254112244 -0.49621033668518066 0.11297398060560226
v -0.2121497094631195 -0.4866442084312439 0.07587546855211258
v -0.2119716852903366 -0.48560595512390137 -0.0026432140730321407
v -0.21086879074573517 -0.4860791265964508 -0.08426780253648758
v -0.20783694088459015 -0.49677804112434387 -0.014516940340399742
v -0.20769567787647247 -0.49960458278656006 0.08556026220321655
v -0.20766155421733856 -0.4935760498046875 -0.13318435847759247
v -0.207541823387146 -0.4874183237552643 -0.06136167794466019
v -0.2065439671278 -0.484382301568985 0.02291189692914486
v -0.20597046613693237 -0.4969398081302643 0.021377330645918846
v -0.20313504338264465 -0.48366910219192505 -0.07448900490999222
v -0.1999671757221222 -0.49775856733322144 -0.08423628658056259
v -0.199292853474617 -0.49355873465538025 0.08635485917329788
v -0.1979174017906189 -0.4810883700847626 0.08460496366024017
v -0.19748413562774658 -0.49822649359703064 0.029447199776768684
v -0.19420862197875977 -0.4975064694881439 -0.022521164268255234
v -0.19401273131370544 -0.4826376736164093 -0.14598448574543
v -0.19119460880756378 -0.497347891330719 0.15259909629821777
v -0.19107384979724884 -0.4809187650680542 0.14003530144691467
v -0.1899930238723755 -0.4810773432254791 0.021381007507443428
v -0.18928086757659912 -0.4988267719745636 -0.15100467205047607
v -0.18879717588424683 -0.4796389043331146 -0.08742515742778778
v -0.1886328011751175 -0.47847825288772583 -0.07135842740535736
v -0.18839018046855927 -0.48079636693000793 0.09466998279094696
v -0.185634583234787 -0.47265559434890747 0.05106033384799957
v -0.18485626578330994 -0.47195395827293396 -0.12382727861404419
v -0.18373341858386993 -0.47197607159614563 -0.0666276291012764
v -0.18345770239830017 -0.4715254306793213 0.1400846540927887
v -0.18101932108402252 -0.4988204538822174 -0.14674337208271027
v -0.1792258471250534 -0.4831807315349579 -0.07966672629117966
v -0.17881569266319275 -0.48389387130737305 0.07811745256185532
v -0.17857934534549713 -0.47964730858802795 0.06968259066343307
v -0.1775631308555603 -0.48360079526901245 -0.007141880225390196
v -0.17717763781547546 -0.4818866550922394 0.07605350762605667
v -0.1771198809146881 -0.4823892414569855 -0.006209691055119038
v -0.176592618227005 -0.4856301248073578 0.16416718065738678
v -0.17633527517318726 -0.4803657531738281 0.12006491422653198
v -0.17553278803825378 -0.4813404679298401 -0.1057039424777031
v -0.17531432211399078 -0.4830877482891083 0.01960328221321106
v -0.1748054325580597 -0.48436182737350464 -0.07431306689977646
v -0.17438581585884094 -0.49903473258018494 -0.0774410292506218
v -0.17229139804840088 -0.49832943081855774 0.15878568589687347
v -0.17222312092781067 -0.4865213632583618 -0.16665124893188477
v -0.17196159064769745 -0.48307251930236816 -0.07099079340696335
v -0.17097899317741394 -0.4995919466018677 0.1074102520942688
v -0.16816510260105133 -0.4735867381095886 -0.14738883078098297
v -0.16566208004951477 -0.470442533493042 -0.0852467343211174
v -0.16518627107143402 -0.47236886620521545 0.04539944976568222
v -0.16467265784740448 -0.47258785367012024 -0.038789570331573486
v -0.16445156931877136 -0.47783491015434265 -0.15933029353618622
v -0.16381505131721497 -0.49860092997550964 -0.17515386641025543
v -0.16379930078983307 -0.469913125038147 0.14221057295799255
v -0.16185979545116425 -0.46484994888305664 0.08972963690757751
v -0.16177472472190857 -0.46541133522987366 -0.03033159300684929
v -0.15848974883556366 -0.48250582814216614 -0.18958573043346405
v -0.1584073007106781 -0.4969728887081146 0.16428691148757935
v -0.15750505030155182 -0.461345374584198 -0.11680985987186432
v -0.1574404388666153 -0.463603138923645 0.1407458782196045
v -0.15674877166748047 -0.46224871277809143 -0.0025765167083591223
v -0.15654921531677246 -0.47302326560020447 0.1657269448041916
v -0.15636120736598969 -0.4855733811855316 0.15050837397575378
v -0.15526200830936432 -0.4830304682254791 -0.08938039094209671
v -0.1551842838525772 -0.4816340506076813 -0.046313781291246414
v -0.15511810779571533 -0.47900134325027466 -0.14467523992061615
v -0.15467645227909088 -0.4778674840927124 0.09760309010744095
v -0.15433350205421448 -0.47794097661972046 -0.0195770226418972
v -0.15396744012832642 -0.4800080955028534 0.1892533004283905
v -0.1536245197057724 -0.4788537621498108 0.14441683888435364
v -0.152919203042984 -0.4742054045200348 -0.15306703746318817
v -0.15268811583518982 -0.4638846218585968 -0.15505272150039673
v -0.15202796459197998 -0.47445693612098694 -0.0937950387597084
v -0.1518399715423584 -0.4705018699169159 0.09029000252485275
v -0.15179689228534698 -0.47004440426826477 -0.0742931142449379
v -0.15138515830039978 -0.46987637877464294 -0.1258576214313507
v -0.1504613757133484 -0.4960973858833313 -0.19778427481651306
v -0.1503957062959671 -0.4735652506351471 -0.184764102101326
v -0.1494472622871399 -0.4827100932598114 0.17195817828178406
v -0.149306520819664 -0.4735752046108246 -0.16717170178890228
v -0.1490292102098465 -0.49751123785972595 -0.009175365790724754
v -0.1470230221748352 -0.4779336452484131 -0.1357666701078415
v -0.1469358503818512 -0.4717969596385956 0.15510840713977814
v -0.14681032299995422 -0.46310004591941833 0.16120728850364685
v -0.14605723321437836 -0.4982874095439911 0.20681734383106232
v -0.1436787098646164 -0.49512580037117004 0.19413849711418152
v -0.14242824912071228 -0.47053131461143494 0.13172437250614166
v -0.14237838983535767 -0.47991931438446045 -0.19173580408096313
v -0.14224497973918915 -0.4858297109603882 0.21859809756278992
v -0.1411636471748352 -0.4701747000217438 0.010978826321661472
v -0.14111320674419403 -0.4609493911266327 0.08755330741405487
v -0.14009858667850494 -0.4617781639099121 -0.07356206327676773
v -0.1391143947839737 -0.47545325756073 0.1298142969608307
v -0.1382499635219574 -0.4616931080818176 0.13886259496212006
v -0.13754411041736603 -0.4792282283306122 -0.05297354981303215
v -0.13736921548843384 -0.4729885756969452 -0.05073262006044388
v -0.13690446317195892 -0.45897212624549866 -0.13514745235443115
v -0.136402890086174 -0.4976997375488281 0.15851417183876038
v -0.13617604970932007 -0.4737275242805481 0.07231267541646957
v -0.13582941889762878 -0.4840136170387268 -0.12336616963148117
v -0.1350490152835846 -0.4795301556587219 -0.13237504661083221
v -0.1343284398317337 -0.49076688289642334 -0.22819571197032928
v -0.13406378030776978 -0.4834485352039337 0.14380082488059998
v -0.13349081575870514 -0.4833518862724304 0.15941327810287476
v -0.13344144821166992 -0.47582295536994934 0.14113816618919373
v -0.1320539116859436 -0.48046812415122986 -0.1342840939760208
v -0.13194362819194794 -0.45090439915657043 0.05061078444123268
v -0.13151982426643372 -0.45041701197624207 -0.006848306395113468
v -0.13136699795722961 -0.4733084440231323 0.06807606667280197
v -0.1298670768737793 -0.4720653295516968 0.13864043354988098
v -0.12974366545677185 -0.47558873891830444 -0.10688874870538712
v -0.12964020669460297 -0.4819449484348297 -0.11866531521081924
v -0.12921114265918732 -0.4492710530757904 -0.11476272344589233
v -0.12917174398899078 -0.49337753653526306 0.23034998774528503
v -0.12902837991714478 -0.469575434923172 -0.1343218982219696
v -0.1289243847131729 -0.47536134719848633 0.06999611854553223
v -0.12831149995326996 -0.4965517222881317 0.056407686322927475
v -0.12782570719718933 -0.4706026613712311 -0.04247578606009483
v -0.12775009870529175 -0.46614131331443787 -0.11388147622346878
v -0.12770125269889832 -0.47992777824401855 -0.07075709104537964
v -0.1272243857383728 -0.46798262000083923 0.03316860646009445
v -0.12709204852581024 -0.46696797013282776 -0.05076833441853523
v -0.12661203742027283 -0.465256929397583 -0.16218988597393036
v -0.1262853741645813 -0.4477764070034027 0.11308163404464722
v -0.12616562843322754 -0.46242833137512207 0.13023024797439575
v -0.1260201632976532 -0.45918065309524536 -0.11436201632022858
v -0.12581638991832733 -0.4600476920604706 0.002759806578978896
v -0.12563520669937134 -0.4573887586593628 0.10097578167915344
v -0.1255333125591278 -0.47543010115623474 0.13067086040973663
v -0.12549971044063568 -0.47684597969055176 -0.06527687609195709
v -0.12530171871185303 -0.46487879753112793 -0.10972050577402115
v -0.1246504932641983 -0.48191919922828674 0.062207214534282684
v -0.12425503879785538 -0.46948614716529846 -0.10482112318277359
v -0.12351138889789581 -0.4864194393157959 -0.23034998774528503
v -0.12341895699501038 -0.4570048451423645 0.052870094776153564
v -0.1231001764535904 -0.4609777629375458 -0.04350723698735237
v -0.12279925495386124 -0.4987291097640991 -0.22444017231464386
v -0.12242794781923294 -0.2045469880104065 -0.02864525280892849
v -0.12141960859298706 -0.46280014514923096 -0.1292397528886795
v -0.12133242189884186 -0.48262664675712585 -0.1591779738664627
v -0.1212405189871788 -0.48250532150268555 0.14382655918598175
v -0.1210441067814827 -0.48248690366744995 0.10798269510269165
v -0.12054518610239029 -0.46573275327682495 -0.12571844458580017
v -0.12015917897224426 -0.4919374883174896 -0.21472124755382538
v -0.1201266273856163 -0.47439923882484436 -0.11308582872152328
v -0.11960039287805557 -0.4925682246685028 0.21437516808509827
v -0.11945649981498718 -0.45630159974098206 -0.06648004800081253
v -0.11939925700426102 -0.4622030258178711 -0.01641230471432209
v -0.1192438006401062 -0.4670267403125763 -0.030413521453738213
v -0.11921386420726776 0.0620974525809288 -0.07884376496076584
v -0.1192096620798111 0.08197907358407974 0.0814313217997551
v -0.1182328313589096 0.021630464121699333 -0.08360135555267334
v -0.11805427074432373 -0.4966556429862976 -0.14692455530166626
v -0.11789093911647797 -0.47474268078804016 0.14066654443740845
v -0.11780638992786407 -0.446706086397171 0.05374031141400337
v -0.11778642982244492 -0.4705086946487427 0.09460853785276413
v -0.1176619678735733 -0.4664669334888458 0.05550333112478256
v -0.11743928492069244 -0.44731637835502625 -0.05220364034175873
v -0.11738992482423782 -0.1998140960931778 0.04003897309303284
v -0.11730537563562393 -0.3692750334739685 -0.046018633991479874
v -0.11700023710727692 -0.21651260554790497 0.0394318662583828
v -0.11663524806499481 -0.2920551300048828 0.05539882183074951
v -0.11662264168262482 -0.2440156191587448 -0.044285550713539124
v -0.11628127098083496 -0.32646632194519043 0.04802008718252182
v -0.11627129465341568 -0.3068031668663025 -0.043154843151569366
v -0.11597246676683426 -0.4482842683792114 -0.04196846857666969
v -0.11594673991203308 -0.4609793722629547 0.11790014058351517
v -0.11579601466655731 -0.4796241819858551 -0.021122615784406662
v -0.1157902404665947 -0.4589821398258209 0.030112599954009056
v -0.11569412797689438 0.021813752129673958 0.07876184582710266
v -0.11563477665185928 0.059185344725847244 0.0738062784075737
v -0.11558804661035538 -0.4774835705757141 -0.033936936408281326
v -0.11551032215356827 -0.45953983068466187 -0.019687307998538017
v -0.11539110541343689 -0.2801535427570343 -0.045100096613168716
v -0.11532913148403168 -0.3707696795463562 0.059076111763715744
v -0.11523301899433136 -0.4770570993423462 0.073709636926651
v -0.11519311368465424 -0.21398651599884033 -0.035521917045116425
v -0.11514899879693985 -0.46134594082832336 -0.1435382217168808
v -0.11506548523902893 0.07125916332006454 0.1017351895570755
v -0.11483126133680344 -0.2944740951061249 0.04345262050628662
v -0.11480710655450821 -0.207108274102211 0.06490819901227951
v -0.11470154672861099 -0.4779142439365387 0.001166419591754675
v -0.11467055976390839 -0.44843602180480957 -0.11736024916172028
v -0.11455239355564117 -0.2662636637687683 0.06931810826063156
v -0.11454609036445618 -0.260046124458313 -0.02442965656518936
v -0.11453086137771606 -0.19904522597789764 -0.06241045892238617
v -0.11445050686597824 -0.44261443614959717 0.043292444199323654
v -0.11439746618270874 -0.3171822130680084 -0.06649422645568848
v -0.11426932364702225 -0.45780783891677856 0.10360219329595566
v -0.11422467976808548 -0.37751346826553345 0.0646214559674263
v -0.11375832557678223 0.10479643940925598 -0.09361174702644348
v -0.11356820911169052 -0.24760572612285614 0.017569271847605705
v -0.11307559907436371 0.10729418694972992 0.07975390553474426
v -0.1130414605140686 -0.45990800857543945 -0.1128731369972229
v -0.11263655126094818 -0.4445602297782898 -0.11525376886129379
v -0.11206725984811783 -0.45262956619262695 0.13645674288272858
v -0.11191757768392563 0.020932503044605255 0.10108659416437149
v -0.1118624359369278 -0.22086790204048157 -0.0020592170767486095
v -0.11183985322713852 -0.23598513007164001 0.0003345394507050514
v -0.11145699769258499 -0.4682709276676178 -0.13059313595294952
v -0.1110478937625885 -0.47288408875465393 0.1465023308992386
v -0.11055947095155716 -0.4407353699207306 0.06963427364826202
v -0.10994238406419754 -0.43632227182388306 -0.0640164464712143
v -0.1096220314502716 -0.45075151324272156 -0.13765832781791687
v -0.10933580994606018 -0.3789556622505188 -0.07489024102687836
v -0.10918666422367096 0.06980810314416885 -0.10492195934057236
v -0.10916303098201752 0.050536733120679855 -0.10334695875644684
v -0.10910630971193314 -0.44108933210372925 -0.07848192006349564
v -0.10898236185312271 0.3274909257888794 -0.072031170129776
v -0.10871715098619461 0.31060439348220825 0.06623584777116776
v -0.108705073595047 -0.19585320353507996 -0.033566687256097794
v -0.10868459194898605 -0.48289868235588074 0.14103417098522186
v -0.10861054062843323 -0.23569102585315704 0.026137011125683784
v -0.10851023346185684 -0.48157626390457153 -0.01724681258201599
v -0.10822243243455887 0.3134387731552124 -0.06953080743551254
v -0.10762530565261841 -0.45709043741226196 0.09080888330936432
v -0.10728289186954498 0.11262525618076324 0.09724124521017075
v -0.10691054165363312 -0.4611022174358368 -0.09686259180307388
v -0.10690318793058395 -0.2294619083404541 -0.01889324188232422
v -0.10681916028261185 -0.3617566227912903 0.08204105496406555
v -0.10664375871419907 -0.439480185508728 -0.03628290072083473
v -0.10608548671007156 -0.43954792618751526 0.03967869654297829
v -0.10604558140039444 0.2755167484283447 0.06233220919966698
v -0.10603192448616028 -0.46027350425720215 -0.1307716965675354
v -0.10590482503175735 -0.45577481389045715 0.026343930512666702
v -0.10554981231689453 -0.4822852611541748 0.14605066180229187
v -0.10546263307332993 -0.4213983118534088 -0.05768229067325592
v -0.10544529557228088 0.31979289650917053 0.07958059012889862
v -0.10510078072547913 -0.3181527256965637 0.03668098896741867
v -0.10492274910211563 0.27576255798339844 -0.07362876087427139
v -0.10465700924396515 -0.45077306032180786 -0.07856332510709763
v -0.10454514622688293 -0.4269237518310547 -0.03612009435892105
v -0.10425209999084473 -0.4831034541130066 -0.03003854677081108
v -0.1041003167629242 -0.45165956020355225 -0.025108184665441513
v -0.10404465347528458 -0.47040995955467224 0.07032487541437149
v -0.10401104390621185 -0.48358190059661865 -0.1173812597990036
v -0.10401104390621185 -0.45188379287719727 0.04537529498338699
v -0.10399895906448364 0.09818340837955475 -0.07211100310087204
v -0.1039222925901413 -0.3047539293766022 -0.03177478164434433
v -0.10385506600141525 -0.42243295907974243 0.027640067040920258
v -0.10377839207649231 -0.3912610709667206 0.061497703194618225
v -0.10362083464860916 -0.46414512395858765 -0.04826954007148743
v -0.10339290648698807 -0.45605897903442383 -0.024367686361074448
v -0.10320857167243958 -0.4720170199871063 -0.15289898216724396
v -0.10316025465726852 0.06808710098266602 0.1069922149181366
v -0.10310668498277664 0.12270969897508621 0.08108837902545929
v -0.10306046903133392 0.31273186206817627 -0.056553155183792114
v -0.1028740331530571 -0.30588096380233765 -0.08515796810388565
v -0.10284777730703354 -0.27495062351226807 -0.017370227724313736
v -0.10277371853590012 -0.4822259247303009 0.11630728095769882
v -0.1027616485953331 -0.4507967233657837 0.077896349132061
v -0.1026839166879654 -0.28399473428726196 0.02490914613008499
v -0.1026214212179184 -0.4582410752773285 0.08465853333473206
v -0.10237196087837219 -0.4588576555252075 0.008527826517820358
v -0.1019597053527832 -0.45958182215690613 0.1340572088956833
v -0.1019287109375 0.08284194022417068 0.06969098746776581
v -0.1018536165356636 -0.4531668424606323 -0.11132334172725677
v -0.10184783488512039 -0.19829685986042023 -0.084735207259655
v -0.10167137533426285 -0.46442297101020813 0.08325526118278503
v -0.10162988305091858 -0.4981618821620941 0.21093052625656128
v -0.10162358731031418 -0.25281599164009094 0.003321220865473151
v -0.10157579183578491 -0.4345613420009613 -0.08343539386987686
v -0.10157421976327896 -0.3583739399909973 0.07109373807907104
v -0.10136204957962036 -0.47636649012565613 -0.08185093849897385
v -0.1013483926653862 -0.45162755250930786 -0.027302375063300133
v -0.10112099349498749 0.2754553258419037 -0.05813604220747948
v -0.1009208932518959 -0.430471807718277 0.07194137573242188
v -0.10082584619522095 -0.45744597911834717 -0.09376982599496841
v -0.1007680743932724 0.35257652401924133 0.06248871237039566
v -0.10074023902416229 0.15999464690685272 -0.08670514822006226
v -0.10054592788219452 -0.43912941217422485 0.08931370079517365
v -0.10038994252681732 -0.19863349199295044 0.08904953300952911
v -0.10024552047252655 -0.19434595108032227 0.04309865087270737
v -0.10003650188446045 0.16059492528438568 0.08860576152801514
v -0.09964524209499359 -0.45564353466033936 -0.010838600806891918
v -0.0995701402425766 -0.19128994643688202 -0.034654852002859116
v -0.09946352988481522 -0.05508003756403923 -0.05705050006508827
v -0.0994047150015831 -0.3445402681827545 -0.05920109897851944
v -0.09888951480388641 -0.18346849083900452 -0.04514998942613602
v -0.09884487092494965 -0.4854357838630676 0.0817774161696434
v -0.09859436750411987 -0.14510796964168549 0.046340569853782654
v -0.09833072125911713 -0.05313268303871155 0.05141010135412216
v -0.0983097180724144 -0.4495236873626709 0.08251528441905975
v -0.0982598289847374 0.27572473883628845 0.08504821360111237
v -0.09812590479850769 -0.08430875837802887 0.04581696540117264
v -0.0979258194565773 -0.3325415253639221 0.05637722462415695
v -0.09780765324831009 -0.08742411434650421 -0.04605644568800926
v -0.09775040298700333 0.08145022392272949 0.0234612338244915
v -0.09752615541219711 -0.05671176314353943 0.005155663937330246
v -0.09740536659955978 -0.05670545995235443 -0.019510848447680473
v -0.0973391905426979 0.37570059299468994 -0.07057748734951019
v -0.0972425639629364 -0.46153920888900757 0.14578703045845032
v -0.09723047912120819 0.0636388435959816 -0.06474486738443375
v -0.09716378897428513 0.10122156143188477 0.008201166056096554
v -0.0971270203590393 -0.2826833128929138 0.09349095821380615
v -0.096955806016922 -0.45317894220352173 0.11061907559633255
v -0.09693480283021927 -0.4675152003765106 -0.07216194272041321
v -0.0968901664018631 -0.4836523234844208 0.20918850600719452
v -0.09674574434757233 -0.0798027440905571 -0.06853979080915451
v -0.09663860499858856 0.10352656245231628 0.04191962629556656
v -0.0964689776301384 0.3121158480644226 -0.08535175770521164
v -0.09646739810705185 0.18352572619915009 -0.03982994705438614
v -0.09645426273345947 0.07385144382715225 -0.04575183987617493
v -0.09624997526407242 -0.49943703413009644 -0.18827438354492188
v -0.09608927369117737 0.10233073681592941 -0.04118962958455086
v -0.09605618566274643 -0.47724196314811707 0.13732589781284332
v -0.0960010439157486 0.1805054247379303 0.04126525670289993
v -0.095888651907444 0.10140643268823624 0.059413276612758636
v -0.09587394446134567 0.02503308653831482 0.06594647467136383
v -0.09586711972951889 -0.4749627411365509 0.10553957521915436
v -0.09585556387901306 -0.42003920674324036 -0.026629097759723663
v -0.0957668125629425 -0.08731015026569366 0.020407330244779587
v -0.09575788676738739 -0.04667825624346733 0.05183917284011841
v -0.0956859365105629 0.02096138894557953 -0.10495766997337341
v -0.0956764817237854 -0.42914626002311707 0.0515429712831974
v -0.09555148333311081 -0.47817525267601013 -0.14647343754768372
v -0.09543805569410324 -0.08236876130104065 0.07219818234443665
v -0.09539499133825302 0.07400689274072647 -0.010188432410359383
v -0.09533406794071198 0.20397664606571198 -0.04855996370315552
v -0.09527944773435593 -0.4287886321544647 0.03699977323412895
v -0.0951334536075592 -0.04506281018257141 -0.047751717269420624
v -0.09486717730760574 -0.47988149523735046 -0.04713936150074005
v -0.09479418396949768 -0.11962271481752396 -0.006799990311264992
v -0.09469649940729141 -0.4793474078178406 0.15893325209617615
v -0.09469020366668701 0.06388463079929352 0.0537019744515419
v -0.09464450925588608 -0.28753021359443665 -0.020071212202310562
v -0.09463611245155334 0.04232296347618103 -0.04078734293580055
v -0.0946282297372818 -0.45287954807281494 -0.07027865946292877
v -0.09452109783887863 -0.4288737177848816 -0.045673590153455734
v -0.0945126861333847 -0.44294899702072144 0.11482260376214981
v -0.09449798613786697 -0.33053481578826904 -0.03189714998006821
v -0.09446174651384354 -0.3310747444629669 0.034208983182907104
v -0.09427899122238159 0.3679027557373047 0.07936475425958633
v -0.09420809149742126 0.015595130622386932 0.045319098979234695
v -0.09416607022285461 0.10494716465473175 -0.03741728514432907
v -0.09415504336357117 0.0072500682435929775 0.08521784842014313
v -0.09391555935144424 -0.25424396991729736 0.001853876281529665
v -0.0939108356833458 -0.48321327567100525 0.13614004850387573
v -0.09384886175394058 0.031077872961759567 0.10359273850917816
v -0.09368553757667542 -0.45208388566970825 0.04561319947242737
v -0.09367923438549042 -0.4631756544113159 0.09434226900339127
v -0.09365087002515793 0.37384358048439026 -0.05883610248565674
v -0.09344238042831421 0.1104893609881401 -0.058330878615379333
v -0.09344027936458588 -0.4651545286178589 -0.10958921164274216
v -0.09340403974056244 0.10768228769302368 -0.09744343906641006
v -0.09325908869504929 0.0249900221824646 -0.060381170362234116
v -0.09316718578338623 -0.3829396665096283 -0.07842835038900375
v -0.09288464486598969 -0.27961212396621704 -0.09255824238061905
v -0.09254537522792816 -0.15999412536621094 -0.06599951535463333
v -0.09245924651622772 -0.32436031103134155 -0.03949225693941116
v -0.09244927018880844 0.03771926462650299 0.0694352239370346
v -0.09241723269224167 0.19104625284671783 -0.020983969792723656
v -0.09218353033065796 -0.04578125476837158 0.003874232294037938
v -0.09205906093120575 -0.19327090680599213 -0.06764962524175644
v -0.09198028594255447 0.20631788671016693 0.0481456033885479
v -0.09196767956018448 0.00897159893065691 -0.08602399379014969
v -0.09195297211408615 0.2741439938545227 -0.08607126027345657
v -0.09184058755636215 0.040807828307151794 -0.06679568439722061
v -0.09181065112352371 -0.42924028635025024 -0.08247064054012299
v -0.0917423814535141 -0.3114210367202759 0.037277065217494965
v -0.09172872453927994 -0.44211921095848083 -0.05834506079554558
v -0.09163471311330795 -0.484843909740448 0.18018613755702972
v -0.09154544025659561 -0.013706594705581665 -0.021261263638734818
v -0.09121405333280563 -0.35620495676994324 0.09546825289726257
v -0.09120354801416397 0.11975137889385223 0.08932367712259293
v -0.09102655947208405 -0.017220554873347282 0.06748735159635544
v -0.09044677019119263 -0.4810164272785187 -0.19052791595458984
v -0.09041998535394669 -0.5 -0.19880259037017822
v -0.09028186649084091 -0.3841627836227417 -0.09359704703092575
v -0.09018838405609131 0.20171523094177246 0.026554526761174202
v -0.09010382741689682 0.33339759707450867 0.04831365868449211
v -0.09004605561494827 0.3280397355556488 -0.04912767931818962
v -0.08969471603631973 -0.055611513555049896 0.07729292660951614
v -0.08960280567407608 0.047669265419244766 0.002238831017166376
v -0.08958180248737335 -0.16055133938789368 0.07319444417953491
v -0.08946049213409424 -0.33448946475982666 -0.07132270932197571
v -0.08922625333070755 -0.19308499991893768 0.07194819301366806
v -0.0891432836651802 0.06186690181493759 0.10510892421007156
v -0.08898939937353134 0.20370669662952423 0.07020145654678345
v -0.0889783725142479 0.3088555634021759 0.08983887732028961
v -0.08888541907072067 0.05175619199872017 -0.020059658214449883
v -0.08874677121639252 -0.015568346716463566 -0.07070930302143097
v -0.0885540321469307 0.25992321968078613 0.06308373808860779
v -0.08855140209197998 -0.455136239528656 -0.07824192196130753
v -0.08850151300430298 0.307379812002182 -0.04635107144713402
v -0.08840803802013397 -0.42762428522109985 0.08744984865188599
v -0.08837021887302399 0.41258955001831055 0.0697723850607872
v -0.08820005506277084 -0.4733630418777466 -0.12380732595920563
v -0.08819323778152466 0.33467376232147217 -0.022577883675694466
v -0.08816855400800705 0.3108275830745697 0.04780108854174614
v -0.08815279603004456 0.20512467622756958 -0.06720637530088425
v -0.08799104392528534 -0.09171953797340393 0.07435823976993561
v -0.08787235617637634 0.0580667182803154 -0.10050627589225769
v -0.08777729421854019 0.08809633553028107 0.09993225336074829
v -0.08774105459451675 -0.32357358932495117 0.06971147656440735
v -0.08764442056417465 0.0505509115755558 0.022266454994678497
v -0.08757142722606659 -0.48242706060409546 -0.04433649033308029
v -0.08753728866577148 -0.45648014545440674 0.008151273243129253
v -0.08741649985313416 -0.47579827904701233 -0.1159212663769722
v -0.08739443868398666 -0.44311702251434326 -0.019575972110033035
v -0.08735242486000061 0.34860771894454956 -0.08343802392482758
v -0.0872967541217804 0.41036540269851685 -0.06748366355895996
v -0.08721010386943817 0.16901876032352448 0.032731130719184875
v -0.08704309910535812 -0.4493992328643799 0.12236151844263077
v -0.08679679036140442 0.1646251380443573 -0.006190785206854343
v -0.08656466007232666 -0.09269163757562637 -0.07308782637119293
v -0.08647012710571289 -0.46226444840431213 -0.09323204308748245
v -0.08646435290575027 0.3362451195716858 0.08792092651128769
v -0.08643966913223267 -0.4664858281612396 0.1644192636013031
v -0.08623012155294418 -0.4649790823459625 -0.048078376799821854
v -0.08595072478055954 -0.4421979784965515 0.09819497168064117
v -0.08592131733894348 0.31614184379577637 -0.02582400105893612
v -0.0859113410115242 -0.4869877099990845 -0.20558631420135498
v -0.0858772024512291 -0.4727937579154968 0.17673569917678833
v -0.08582521229982376 0.10950885713100433 0.029027059674263
v -0.08567028492689133 0.11086591333150864 0.009176419116556644
v -0.08536620438098907 0.10951463133096695 -0.030220257118344307
v -0.08531579375267029 0.08014306426048279 0.07509347796440125
v -0.08525014668703079 -0.4573824107646942 0.06788070499897003
v -0.0852123275399208 -0.48084574937820435 0.19194012880325317
v -0.08521127700805664 0.1677325963973999 -0.026085015386343002
v -0.0850379690527916 0.30888286232948303 0.020409954711794853
v -0.08498283475637436 -0.048246435821056366 -0.07224281877279282
v -0.08478273451328278 0.0887564867734909 -0.07456252723932266
v -0.08478116244077682 -0.4633452594280243 -0.11213579028844833
v -0.08460049331188202 -0.4296809136867523 -0.09529546648263931
v -0.0845353752374649 0.21506260335445404 -0.053621094673871994
v -0.08445870131254196 0.02227170579135418 0.09720606356859207
v -0.08442718535661697 -0.4840356707572937 0.196263387799263
v -0.08442404121160507 -0.4983651041984558 -0.08698086440563202
v -0.08436574786901474 0.1560458391904831 0.01801619865000248
v -0.08403173089027405 0.3689073920249939 0.05959656089544296
v -0.08387260138988495 -0.2056388258934021 -0.0967932716012001
v -0.08381063491106033 -0.2992437183856964 0.057714853435754776
v -0.0834997296333313 -0.4993661046028137 0.19534799456596375
v -0.08347871899604797 0.2829616665840149 -0.04322521761059761
v -0.0834125503897667 0.2155846357345581 0.05817018076777458
v -0.08330541104078293 -0.4699840545654297 0.07714902609586716
v -0.08323924243450165 0.08168603479862213 -0.09592252969741821
v -0.08317569643259048 -0.30058085918426514 -0.05918481945991516
v -0.08290942758321762 0.22939258813858032 0.041493188589811325
v -0.0828821212053299 -0.48176324367523193 0.0625312551856041
v -0.08283012360334396 0.3462386727333069 -0.050509944558143616
v -0.08278496563434601 0.09705060720443726 0.07940256595611572
v -0.0824982225894928 0.11825410276651382 -0.0027109619695693254
v -0.08246617764234543 0.2651996612548828 -0.07345020025968552
v -0.082248754799366 0.28315913677215576 -0.021153075620532036
v -0.082236148416996 -0.4827432334423065 0.13724294304847717
v -0.08212481439113617 0.10683150589466095 -0.07379104197025299
v -0.082123763859272 -0.4732537865638733 0.03362656384706497
v -0.08206704258918762 0.3109551966190338 -0.08603765070438385
v -0.08202449977397919 0.24480286240577698 -0.05831354856491089
v -0.08182651549577713 0.2155131995677948 -0.030409323051571846
v -0.08147674798965454 0.26659509539604187 0.04355502873659134
v -0.08140059560537338 -0.47774720191955566 -0.1448359191417694
v -0.0812472403049469 -0.4821355640888214 0.17653247714042664
v -0.0811443105340004 -0.4791305363178253 -0.13769878447055817
v -0.08111332356929779 -0.46606042981147766 -0.017031488940119743
v -0.0810350701212883 -0.16051720082759857 -0.07588492333889008
v -0.08102299273014069 -0.46629050374031067 0.011427853256464005
v -0.08097729831933975 -0.4613396227359772 -0.12778396904468536
v -0.08089274913072586 0.2153850644826889 0.02620580978691578
v -0.08083078265190125 -0.26393190026283264 -0.023129845038056374
v -0.080576591193676 0.27649152278900146 0.08539062738418579
v -0.08031295984983444 0.04415425285696983 0.07974497973918915
v -0.07985394448041916 -0.25035396218299866 -0.026216832920908928
v -0.07952991127967834 0.06144570931792259 -0.08074071258306503
v -0.07952045649290085 -0.2726062536239624 0.04340168088674545
v -0.07948055118322372 -0.4706604480743408 -0.16518865525722504
v -0.07947266846895218 -0.4776831567287445 -0.15711824595928192
v -0.07946741580963135 -0.37516963481903076 0.09011249989271164
v -0.07938653975725174 -0.47804757952690125 -0.20200616121292114
v -0.07923424243927002 -0.473157674074173 -0.11562611907720566
v -0.07905988395214081 0.3535985052585602 0.05811818689107895
v -0.07883142679929733 -0.4715658724308014 -0.18425098061561584
v -0.07874004542827606 -0.47062477469444275 0.11477375775575638
v -0.07810511440038681 -0.25226402282714844 0.025652272626757622
v -0.07807938009500504 -0.46277910470962524 -0.09887821972370148
v -0.07790553569793701 -0.4734302759170532 0.07137208431959152
v -0.07789450883865356 0.3133206367492676 0.08490221947431564
v -0.07766028493642807 -0.48402151465415955 -0.11448962986469269
v -0.07762877643108368 -0.2653126120567322 -0.037013422697782516
v -0.0775190070271492 0.35961228609085083 -0.0748140886425972
v -0.0771508663892746 0.057618215680122375 0.08717832714319229
v -0.07701852172613144 -0.4756028950214386 0.13841670751571655
v -0.0766860842704773 0.35341155529022217 -0.05693233758211136
v -0.07651855051517487 0.24759364128112793 0.0682372972369194
v -0.07650069147348404 0.16378432512283325 0.0016800427110865712
v -0.07649334520101547 -0.4494737982749939 -0.06803667545318604
v -0.07641088962554932 0.3667163848876953 0.07155116647481918
v -0.0758778303861618 -0.48488014936447144 0.2049802541732788
v -0.07571660727262497 -0.014963868074119091 0.07849977910518646
v -0.07541672885417938 -0.47717949748039246 -0.03445843607187271
v -0.07506959140300751 -0.4966683089733124 -0.19743764400482178
v -0.07490100711584091 -0.280112087726593 -0.04900636523962021
v -0.07472822070121765 -0.4996103346347809 -0.21863538026809692
v -0.07462896406650543 -0.4777304232120514 -0.1171785444021225
v -0.07461583614349365 -0.06486093252897263 -0.08419165015220642
v -0.0745081678032875 0.027568114921450615 -0.08132575452327728
v -0.07410483807325363 -0.23685956001281738 0.013273850083351135
v -0.07409275323152542 -0.49704745411872864 0.2046625316143036
v -0.07327768206596375 -0.30233439803123474 0.1006244421005249
v -0.07280082255601883 0.025939542800188065 0.080373615026474
v -0.07268370687961578 -0.4520387649536133 -0.1026085615158081
v -0.07221682369709015 -0.48504820466041565 -0.22695733606815338
v -0.07219687104225159 -0.42609602212905884 0.09820074588060379
v -0.07213332504034042 -0.23621515929698944 -0.008174903690814972
v -0.07184972614049911 -0.32220974564552307 0.08525250852108002
v -0.07184499502182007 -0.3137270510196686 -0.09791819751262665
v -0.07154302299022675 -0.452378511428833 0.09544724225997925
v -0.07140753418207169 0.21587662398815155 -0.06570069491863251
v -0.07133610546588898 -0.44284024834632874 -0.052685752511024475
v -0.07125259935855865 -0.38026124238967896 -0.09745026379823685
v -0.0712263435125351 -0.42065098881721497 -0.0894990861415863
v -0.07110555469989777 0.20404858887195587 0.07921139895915985
v -0.0710420086979866 -0.04683738574385643 0.08204157650470734
v -0.07094432413578033 0.3734276294708252 0.04969697445631027
v -0.07052575796842575 -0.48301419615745544 -0.15241214632987976
v -0.07028679549694061 -0.3261800706386566 -0.08592210710048676
v -0.0701029896736145 -0.2966751456260681 -0.10328707844018936
v -0.06973221153020859 -0.4421733021736145 -0.10184337198734283
v -0.06943023949861526 -0.4769825339317322 -0.1356353461742401
v -0.0692700520157814 -0.45073628425598145 0.13418219983577728
v -0.06908939778804779 0.10996628552675247 0.08284509181976318
v -0.06900431215763092 -0.48196014761924744 0.024304142221808434
v -0.06891871988773346 -0.29737618565559387 0.1054602712392807
v -0.06879004836082458 -0.4714151620864868 -0.12960003316402435
v -0.06877796351909637 -0.45276299118995667 -0.05497552454471588
v -0.0687490776181221 -0.26864275336265564 0.10239586234092712
v -0.068477563560009 0.3674558103084564 -0.05015387386083603
v -0.0680033341050148 -0.20629844069480896 0.10307858884334564
v -0.06795448809862137 -0.21950559318065643 -0.10217895358800888
v -0.06760682165622711 0.30480119585990906 -0.06812648475170135
v -0.06749916076660156 0.33273637294769287 0.07197078317403793
v -0.06733425706624985 0.24654696881771088 -0.06554365903139114
v -0.06733004748821259 0.3078266978263855 0.07152648270130157
v -0.0672108381986618 0.33408501744270325 -0.07051131129264832
v -0.06693774461746216 -0.4733562171459198 0.1237332746386528
v -0.06660478562116623 -0.2991061210632324 -0.07371226698160172
v -0.06651340425014496 -0.4709766209125519 -0.11082495003938675
v -0.06631331145763397 -0.49256035685539246 -0.21534252166748047
v -0.06623505800962448 0.1889597326517105 -0.07968195527791977
v -0.06608591228723526 -0.48364707827568054 0.16973772644996643
v -0.0660722479224205 0.2765366733074188 -0.06992416083812714
v -0.06593307852745056 0.38638216257095337 -0.04063556715846062
v -0.06588476151227951 -0.08452513813972473 0.08640842139720917
v -0.06586270779371262 0.06706562638282776 0.08632124215364456
v -0.06583382189273834 -0.2615192234516144 0.05052780359983444
v -0.0652267187833786 -0.4386540949344635 0.01703096553683281
v -0.06458547711372375 -0.48263290524482727 -0.19188234210014343
v -0.06442897766828537 0.2151886522769928 0.06941159814596176
v -0.06441900134086609 -0.46545490622520447 0.11243776977062225
v -0.06441006809473038 0.10265792161226273 0.0853559672832489
v -0.06439483910799026 0.1065489649772644 -0.08087515085935593
v -0.0639662966132164 -0.47031649947166443 0.13484078645706177
v -0.06393057852983475 0.2758035659790039 0.07016207277774811
v -0.06389644742012024 -0.4438706636428833 0.10988961160182953
v -0.0637199878692627 -0.28038567304611206 0.06244879588484764
v -0.06364016234874725 -0.2251008301973343 0.10472186654806137
v -0.06357923895120621 -0.4768664538860321 -0.11398546397686005
v -0.06351674348115921 -0.4418639540672302 -0.10535207390785217
v -0.06282351166009903 -0.4745578169822693 -0.10219786316156387
v -0.06272057443857193 -0.0519111193716526 -0.08337604999542236
v -0.06260503828525543 -0.4288952648639679 -0.08284088969230652
v -0.06217071786522865 -0.4825095236301422 0.12910005450248718
v -0.06204099580645561 -0.31236952543258667 -0.10662615299224854
v -0.061817269772291183 -0.36311423778533936 0.10826366394758224
v -0.06170383095741272 -0.1666843593120575 -0.08408398926258087
v -0.061499010771512985 0.18804802000522614 0.0827479362487793
v -0.060829415917396545 0.20415309071540833 -0.07695366442203522
v -0.060807354748249054 0.0035601749550551176 0.08217234909534454
v -0.060655053704977036 -0.33305251598358154 0.08513382077217102
v -0.060540564358234406 -0.48524200916290283 0.11837805062532425
v -0.06052743270993233 0.42967933416366577 0.0321250781416893
v -0.0604596883058548 -0.19698338210582733 -0.10818330943584442
v -0.06022808328270912 -0.19777168333530426 0.1123799979686737
v -0.06016663834452629 0.035177405923604965 -0.07993824034929276
v -0.06005110219120979 -0.19445466995239258 0.08786211162805557
v -0.05994133651256561 -0.21516869962215424 -0.10893220454454422
v -0.05993608385324478 -0.2144119143486023 0.11267304420471191
v -0.05960102379322052 -0.1597987562417984 0.0875806212425232
v -0.0592927411198616 -0.08946599811315536 -0.08438386768102646
v -0.05920609086751938 -0.4432588219642639 -0.07746780663728714
v -0.05865255370736122 -0.44879212975502014 -0.11943627893924713
v -0.05862262099981308 0.42980748414993286 -0.030898259952664375
v -0.058132100850343704 0.08382507413625717 -0.08576560020446777
v -0.05811266973614693 -0.19479182362556458 -0.08585277944803238
v -0.057903654873371124 -0.44110143184661865 -0.07777398824691772
v -0.05786268785595894 -0.42870357632637024 0.08521311730146408
v -0.05778338760137558 -0.23290182650089264 0.010146945714950562
v -0.057779185473918915 -0.05435686931014061 0.08681333810091019
v -0.057404208928346634 -0.32634392380714417 -0.0822080597281456
v -0.05731702595949173 0.420830100774765 0.006976453121751547
v -0.05723457410931587 -0.46071675419807434 -0.12784960865974426
v -0.05718836188316345 -0.2626257836818695 -0.048196543008089066
v -0.05715107545256615 0.3177509903907776 -0.06693381071090698
v -0.05685067176818848 -0.4829212725162506 0.15543295443058014
v -0.0567750483751297 0.4093460440635681 -0.03152059391140938
v -0.056710973381996155 0.4210737645626068 -0.034820280969142914
v -0.056372761726379395 0.40836501121520996 0.03493267670273781
v -0.05602036789059639 -0.4451872706413269 -0.11384733766317368
v -0.05578351393342018 0.17939415574073792 -0.0748639777302742
v -0.055652741342782974 -0.4487374722957611 -0.07991460710763931
v -0.054569825530052185 -0.4843901991844177 0.018025124445557594
v -0.0544663704931736 -0.4782335162162781 0.0407889261841774
v -0.054450612515211105 -0.44247162342071533 -0.1036510318517685
v -0.05431564152240753 -0.4440986216068268 0.10556792467832565
v -0.05373531952500343 0.18664054572582245 0.07927021384239197
v -0.05343334376811981 0.31595170497894287 0.06592126935720444
v -0.05249642953276634 -0.45391204953193665 -0.07993141561746597
v -0.05237511545419693 -0.4558252990245819 -0.09665724635124207
v -0.051846787333488464 -0.4239160120487213 -0.08674348145723343
v -0.05171338841319084 -0.253319650888443 -0.0560794472694397
v -0.051478635519742966 -0.4286983013153076 0.08817721158266068
v -0.05055222287774086 -0.4386425018310547 -0.009607060812413692
v -0.05053962022066116 -0.31061962246894836 0.08822395652532578
v -0.050475023686885834 -0.44906729459762573 0.08131052553653717
v -0.050281234085559845 -0.26312679052352905 -0.06743429601192474
v -0.050153087824583054 -0.24361543357372284 -0.09948059916496277
v -0.05014468729496002 -0.28262823820114136 0.10623279958963394
v -0.05012788251042366 0.11104027926921844 0.06977974623441696
v -0.0499020554125309 -0.42781755328178406 0.09268008917570114
v -0.049838509410619736 -0.30909132957458496 -0.10073156654834747
v -0.0496930368244648 0.11243514716625214 -0.06610822677612305
v -0.049299150705337524 -0.2732385993003845 -0.1051173284649849
v -0.04925976321101189 -0.32046929001808167 0.0986030325293541
v -0.04912741854786873 -0.23617735505104065 0.03521626815199852
v -0.04905179515480995 -0.42809852957725525 -0.09143541008234024
v -0.049015555530786514 0.060527171939611435 0.07709597796201706
v -0.04897459223866463 0.057601410895586014 -0.07670892775058746
v -0.048797607421875 0.42926445603370667 0.028109049424529076
v -0.04878132790327072 -0.32034432888031006 -0.09167489409446716
v -0.04862009733915329 0.15874996781349182 0.06724418699741364
v -0.04830498993396759 -0.44134771823883057 0.005712877027690411
v -0.04758129641413689 -0.4661213457584381 0.023955950513482094
v -0.04735599830746651 -0.482766330242157 -0.1759941577911377
v -0.046722106635570526 -0.46274450421333313 0.16101139783859253
v -0.04593854397535324 0.4312327802181244 -0.02480935864150524
v -0.045335639268159866 -0.29401564598083496 -0.08459078520536423
v -0.04529362916946411 -0.2526794672012329 0.06595435738563538
v -0.0450289361178875 0.0017903281841427088 0.08082421123981476
v -0.04502788931131363 -0.49847492575645447 -0.2187236249446869
v -0.04496801644563675 -0.44215965270996094 -0.09097746014595032
v -0.044612471014261246 -0.4632790982723236 -0.1230999082326889
v -0.04428686201572418 0.31285685300827026 -0.06862802803516388
v -0.04421858862042427 0.2791825234889984 0.0678381621837616
v -0.044071540236473083 0.28660377860069275 -0.06610769778490067
v -0.04367293044924736 -0.04558851197361946 -0.07990935444831848
v -0.042932432144880295 -0.49857571721076965 0.11910174041986465
v -0.0425952672958374 -0.46527740359306335 0.007794153410941362
v -0.04246870055794716 -0.47955960035324097 -0.05301976948976517
v -0.041818007826805115 -0.23324422538280487 -0.03156261146068573
v -0.04168408364057541 0.07617009431123734 0.08666050434112549
v -0.041183069348335266 0.4416959285736084 0.01863958314061165
v -0.04056703299283981 -0.4559576213359833 -0.10962596535682678
v -0.03988797962665558 -0.4594705104827881 0.12266191840171814
v -0.039719924330711365 0.07615013420581818 -0.08306041359901428
v -0.03964902460575104 -0.22439290583133698 0.10028517246246338
v -0.039350725710392 -0.4979276657104492 0.19407495856285095
v -0.03928402438759804 -0.48565635085105896 -0.07073450833559036
v -0.038204263895750046 -0.4761606454849243 -0.03057737648487091
v -0.03800732269883156 0.305446594953537 0.07200754433870316
v -0.036907076835632324 -0.43885311484336853 0.043897442519664764
v -0.03600744903087616 -0.47556614875793457 0.0052848574705421925
v -0.035490673035383224 -0.2707376778125763 0.0832468569278717
v -0.034704484045505524 -0.4626730680465698 0.12291452288627625
v -0.03445292264223099 -0.24421517550945282 0.10465884953737259
v -0.033842142671346664 0.3204304575920105 0.0704619437456131
v -0.033337973058223724 -0.10198727250099182 0.08649349957704544
v -0.033175691962242126 -0.4869966208934784 0.04412222281098366
v -0.03297455236315727 0.10827784240245819 0.07387402653694153
v -0.0327865369617939 -0.4666460454463959 -0.03658487647771835
v -0.03251396864652634 -0.48180314898490906 -0.027750875800848007
v -0.03219256177544594 0.4637386202812195 -0.011209376156330109
v -0.032100655138492584 -0.454961895942688 0.09706268459558487
v -0.03206021711230278 -0.4974324107170105 0.16037382185459137
v -0.03181811049580574 -0.4621962010860443 -0.16010336577892303
v -0.03169521689414978 -0.4595114588737488 0.1304628998041153
v -0.0311080701649189 -0.4520066976547241 -0.13636693358421326
v -0.030879095196723938 -0.4794907867908478 0.12120507657527924
v -0.030445821583271027 -0.22384251654148102 -0.09851584583520889
v -0.030229974538087845 -0.4294561445713043 0.07750509679317474
v -0.030183760449290276 -0.4869582951068878 -0.07062055170536041
v -0.029436958953738213 0.33624932169914246 -0.06935067474842072
v -0.02917121723294258 -0.10526280105113983 -0.08375417441129684
v -0.02901524119079113 -0.4635600745677948 0.14643456041812897
v -0.028831953182816505 -0.49754059314727783 -0.1868164837360382
v -0.027961736544966698 -0.14612051844596863 -0.08246434479951859
v -0.027541594579815865 0.16930393874645233 -0.07239092141389847
v -0.026963375508785248 -0.4452676773071289 0.05081140249967575
v -0.026745425537228584 -0.46015116572380066 -0.09114814549684525
v -0.0267013106495142 0.1562422662973404 0.07359988242387772
v -0.02647128328680992 0.10301713645458221 -0.08259038627147675
v -0.026326859369874 0.10930298268795013 -0.07245289534330368
v -0.026323184370994568 0.05645284801721573 0.07838844507932663
v -0.025910919532179832 -0.4826633930206299 -0.09872434288263321
v -0.02527020312845707 -0.43936729431152344 0.0219466220587492
v -0.025201406329870224 -0.48126378655433655 0.017348172143101692
v -0.025095319375395775 -0.44962555170059204 0.046644121408462524
v -0.024879472330212593 0.3096165359020233 -0.06929972767829895
v -0.024277620017528534 0.054709263145923615 -0.07283784449100494
v -0.023730911314487457 0.38157734274864197 0.04712255671620369
v -0.023087043315172195 -0.46358686685562134 -0.13061308860778809
v -0.023009316995739937 -0.47685757279396057 -0.07932010293006897
v -0.022589175030589104 -0.23608386516571045 0.0647900402545929
v -0.022099709138274193 -0.22994138300418854 -0.10155977308750153
v -0.021869158372282982 0.03661586344242096 -0.07805705070495605
v -0.021705826744437218 -0.2502079904079437 -0.07707654684782028
v -0.021684296429157257 -0.4652978777885437 0.045459847897291183
v -0.021522540599107742 -0.14996954798698425 0.08543631434440613
v -0.020824581384658813 -0.4933828115463257 -0.20815494656562805
v -0.020120318979024887 -0.4624052345752716 0.09979098290205002
v -0.019921800121665 -0.47592324018478394 0.07023874670267105
v -0.019872959703207016 0.5 0.0027787128929048777
v -0.019453343003988266 -0.22374272346496582 0.10390311479568481
v -0.01925167627632618 -0.42906224727630615 -0.02461819536983967
v -0.01812727004289627 -0.4793332517147064 -0.14391373097896576
v -0.0171357374638319 -0.47244924306869507 -0.11288731545209885
v -0.016494495794177055 -0.4759180545806885 0.1072043851017952
v -0.016492394730448723 -0.4944846034049988 0.20720596611499786
v -0.01616520993411541 -0.48792511224746704 -0.21928291022777557
v -0.016128448769450188 -0.4825257956981659 -0.14963920414447784
v -0.015686247497797012 -0.24983930587768555 0.07984843850135803
v -0.01521411444991827 -0.2375233769416809 -0.06811597943305969
v -0.015094899572432041 -0.4833960235118866 0.18100383877754211
v -0.014883778057992458 0.31516554951667786 0.0698317363858223
v -0.014589154161512852 0.1691427081823349 0.07230006903409958
v -0.014160084538161755 -0.4749538004398346 0.1564008742570877
v -0.013674820773303509 -0.4534015655517578 0.10884135961532593
v -0.013386499136686325 -0.4843014180660248 -0.17071980237960815
v -0.012519431300461292 -0.05640190839767456 -0.08506029099225998
v -0.011406580917537212 -0.04796703904867172 0.08264920860528946
v -0.010687613859772682 -0.46318405866622925 -0.09393998235464096
v -0.010625642724335194 -0.47767946124076843 -0.10782933980226517
v -0.010573125444352627 0.1614740639925003 -0.064219169318676
v -0.00985048245638609 -0.45100730657577515 -0.11928344517946243
v -0.009758051484823227 -0.4534420073032379 0.14054575562477112
v -0.009432441554963589 -0.4558982849121094 0.004630487412214279
v -0.009304298087954521 -0.22657185792922974 -0.10299718379974365
v -0.008937198668718338 0.16209115087985992 0.06847415119409561
v -0.008770192973315716 0.33511388301849365 0.07162101566791534
v -0.008742358535528183 0.1133442223072052 0.06925877183675766
v -0.008406245149672031 -0.24428239464759827 -0.09847751259803772
v -0.008287555538117886 0.06269615888595581 0.0822516456246376
v -0.007141618989408016 0.09293374419212341 0.08788417279720306
v -0.00703815883025527 0.4616258442401886 0.014115183614194393
v -0.006998245604336262 0.05278606340289116 -0.07777976244688034
v -0.006893735378980637 0.0395783856511116 0.0800742655992508
v -0.006179494317620993 -0.21025460958480835 -0.11337468028068542
v -0.006084437482059002 -0.48170071840286255 0.1907075047492981
v -0.00585230952128768 -0.43861520290374756 0.01436831895262003
v -0.005271988455206156 -0.4730222225189209 0.16832026839256287
v -0.005227874033153057 0.3009280264377594 0.06974770873785019
v -0.005059817340224981 -0.45941537618637085 0.12188780307769775
v -0.004668560344725847 -0.4391257166862488 0.010566038079559803
v -0.0045892586931586266 -0.4984182119369507 -0.20479698479175568
v -0.004563000053167343 -0.4801236093044281 -0.06305747479200363
v -0.004456914030015469 -0.4803200662136078 0.1597956120967865
v -0.004282555542886257 -0.4392281174659729 0.01844579353928566
v -0.00399318290874362 -0.43862679600715637 0.05450602248311043
v -0.003935938701033592 0.10969897359609604 -0.0702245682477951
v -0.0038755431305617094 -0.48425623774528503 -0.20609886944293976
v -0.0036155807320028543 -0.05528958514332771 0.0868411734700203
v -0.0032904960680752993 -0.46398070454597473 0.12514548003673553
v -0.0032101438846439123 0.37284624576568604 -0.04942493140697479
v -0.0031308422330766916 0.20509475469589233 -0.07511711865663528
v -0.0028918867465108633 -0.242892786860466 0.06631620228290558
v -0.0027469380293041468 -0.48083260655403137 -0.19004316627979279
v -0.0025300397537648678 0.4508276879787445 -0.013707119040191174
v -0.002513234270736575 -0.4793737232685089 -0.15778522193431854
v -0.0024738458450883627 -0.20887969434261322 0.11392664909362793
v -0.0015390306944027543 -0.26638391613960266 -0.07630926370620728
v -0.0013053270522505045 -0.1968405395746231 -0.10453122854232788
v -0.0006997979362495244 -0.48423367738723755 0.1378626525402069
v -0.0005937121459282935 -0.44209766387939453 0.012753400020301342
v 7.6154301495989785e-06 0.1755666732788086 -0.07491019368171692
v 0.0004671453789342195 -0.48453882336616516 0.19819602370262146
v 0.0008405460976064205 0.08345115184783936 -0.08492689579725266
v 0.001531153917312622 -0.1969497799873352 0.1021658331155777
v 0.0020647337660193443 -0.47994086146354675 -0.134746253490448
v 0.002122503239661455 -0.49899059534072876 0.19561424851417542
v 0.0023929693270474672 0.30783721804618835 -0.06808499246835709
v 0.00253319158218801 0.4232049286365509 0.0351606048643589
v 0.0026881187222898006 -0.4796898066997528 -0.1577552855014801
v 0.0038119975943118334 0.2022288590669632 0.0794219970703125
v 0.0038650406058877707 -0.23349474370479584 0.032505832612514496
v 0.004079312551766634 -0.27512291073799133 0.07788112014532089
v 0.004162291064858437 -0.20235857367515564 -0.10130401700735092
v 0.00459030969068408 0.4316403567790985 0.025751005858182907
v 0.004931674804538488 -0.45986807346343994 -0.12322963029146194
v 0.005067170597612858 -0.43958309292793274 0.018842825666069984
v 0.005284593906253576 -0.2675929069519043 0.1027177944779396
v 0.005595498718321323 -0.4585866332054138 0.12851344048976898
v 0.005836555268615484 -0.4292050898075104 -0.08454351872205734
v 0.006494601722806692 -0.4607251286506653 0.13253472745418549
v 0.006539241876453161 0.4078115224838257 -0.03308510035276413
v 0.00679237674921751 0.3170173168182373 0.06961850821971893
v 0.007619005627930164 -0.44100531935691833 0.09156513959169388
v 0.007689379621297121 -0.23443323373794556 -0.03386971354484558
v 0.007744522765278816 -0.28276896476745605 -0.09967806935310364
v 0.008104794658720493 -0.47266191244125366 0.1860176920890808
v 0.008326943963766098 0.42832228541374207 -0.02928229235112667
v 0.008404670283198357 -0.45951047539711 0.1256674975156784
v 0.008942977525293827 -0.44768136739730835 0.0805421993136406
v 0.009171429090201855 -0.040511101484298706 0.08283039182424545
v 0.009233924560248852 -0.4692745506763458 -0.133304625749588
v 0.010106769390404224 0.05827101320028305 0.0858333557844162
v 0.010378285311162472 -0.470292329788208 0.1358254849910736
v 0.010386163368821144 -0.23791620135307312 -0.09928680956363678
v 0.010544766671955585 -0.4635128080844879 -0.11025197803974152
v 0.010686038993299007 -0.044511377811431885 -0.08044661581516266
v 0.010700219310820103 -0.4427525997161865 -0.09156513214111328
v 0.010804204270243645 -0.2697324752807617 -0.10429646819829941
v 0.011017425917088985 -0.44442522525787354 -0.013624664396047592
v 0.01119808666408062 0.3256092369556427 -0.06989895552396774
v 0.011718537658452988 -0.42832911014556885 0.08742096275091171
v 0.011947514489293098 -0.4844852387905121 0.09765246510505676
v 0.012003183364868164 -0.478429913520813 -0.1308525651693344
v 0.012032067403197289 0.03538170084357262 0.0844946801662445
v 0.012409145012497902 0.19988183677196503 0.083119235932827
v 0.01259033102542162 0.1956772655248642 -0.08032003790140152
v 0.012790949083864689 0.10374818742275238 -0.08238503336906433
v 0.01298263855278492 0.10568241775035858 0.08306987583637238
v 0.013243651948869228 -0.31332480907440186 0.09332290291786194
v 0.013249953277409077 0.4089542627334595 0.034837618470191956
v 0.013383348472416401 0.01113007590174675 -0.08124855905771255
v 0.013409081846475601 0.4079884886741638 -0.02701825462281704
v 0.013521994464099407 -0.45039597153663635 0.13436494767665863
v 0.01388909388333559 -0.47976601123809814 -0.1429389864206314
v 0.013915877789258957 -0.4882528781890869 -0.20346826314926147
v 0.014237810857594013 -0.4543531835079193 -0.09453237801790237
v 0.014288228005170822 -0.19420309364795685 0.08819402754306793
v 0.014327616430819035 -0.43130478262901306 0.10042013972997665
v 0.014625917188823223 -0.4726976454257965 -0.16661396622657776
v 0.014704168774187565 -0.3328608274459839 -0.08931370079517365
v 0.014903736300766468 -0.4588518440723419 -0.13002541661262512
v 0.014972008764743805 -0.3045191764831543 -0.08173224329948425
v 0.015140065923333168 -0.41078028082847595 0.09153782576322556
v 0.015141640789806843 0.4321902096271515 0.03389124944806099
v 0.01564265787601471 0.4306981861591339 -0.03562222793698311
v 0.015798110514879227 -0.4169653058052063 -0.08804119378328323
v 0.015803365036845207 -0.08309035748243332 0.08643415570259094
v 0.016389986500144005 -0.3188428580760956 -0.10175934433937073
v 0.016536511480808258 0.27522844076156616 0.06874252110719681
v 0.016680410131812096 -0.47037792205810547 -0.13158415257930756
v 0.016682511195540428 -0.4433555006980896 -0.10366205871105194
v 0.016811704263091087 0.4197162389755249 -0.02588072046637535
v 0.016964005306363106 -0.3086302578449249 0.10636724531650543
v 0.01765986531972885 -0.08330725133419037 -0.08471734821796417
v 0.017816368490457535 -0.25404492020606995 0.10169737786054611
v 0.018176639452576637 -0.49768659472465515 -0.1514846682548523
v 0.018437126651406288 0.27247071266174316 -0.06574953347444534
v 0.018673980608582497 -0.48502928018569946 0.2053079754114151
v 0.01877428963780403 -0.4861505627632141 -0.07978226244449615
v 0.01882050558924675 -0.47094619274139404 -0.12274541705846786
v 0.019073115661740303 -0.45202404260635376 0.09929101169109344
v 0.019209137186408043 -0.4415908753871918 -0.08022656291723251
v 0.01933938078582287 -0.4868485629558563 0.05835241824388504
v 0.01938086934387684 0.33074280619621277 0.07169663906097412
v 0.019596192985773087 0.029002899304032326 0.08068189769983292
v 0.01963978260755539 -0.4524615406990051 -0.06786127388477325
v 0.019720133394002914 -0.45913439989089966 -0.11716120690107346
v 0.019755322486162186 -0.31904661655426025 0.08578293770551682
v 0.019816240295767784 0.3883253335952759 0.0437777079641819
v 0.019953837618231773 0.2224676012992859 0.06877981126308441
v 0.020330915227532387 -0.4582468867301941 0.13107052445411682
v 0.02043594978749752 -0.4400237202644348 0.01138636376708746
v 0.020568296313285828 -0.43863150477409363 0.00812081340700388
v 0.02059350349009037 -0.47857171297073364 0.11625896394252777
v 0.02069486305117607 0.3331444263458252 -0.0696631520986557
v 0.020730573683977127 -0.19445623457431793 -0.0850629210472107
v 0.020766811445355415 0.028221961110830307 -0.07917831093072891
v 0.020890753716230392 -0.26955702900886536 0.06435781717300415
v 0.02106143720448017 -0.15084710717201233 -0.08294329792261124
v 0.021364988759160042 0.058077748864889145 -0.08135516941547394
v 0.021440086886286736 -0.26485833525657654 0.03550774231553078
v 0.021544598042964935 -0.43839046359062195 0.044491421431303024
v 0.02163020148873329 0.38585540652275085 -0.04225678741931915
v 0.02177252620458603 -0.4452130198478699 0.10858664661645889
v 0.02193165384232998 -0.46531522274017334 -0.12970611453056335
v 0.022046666592359543 0.31028085947036743 0.07101863622665405
v 0.0221228189766407 0.3095088601112366 -0.06840535253286362
v 0.022641167044639587 -0.4778580069541931 0.1398998200893402
v 0.02295837365090847 0.21433314681053162 -0.06707192957401276
v 0.023103849962353706 -0.05308856442570686 -0.08487122505903244
v 0.023239344358444214 -0.45161861181259155 -0.08153477311134338
v 0.023429984226822853 -0.32336512207984924 0.10841019451618195
v 0.023571781814098358 -0.014498560689389706 0.07917096465826035
v 0.02422877959907055 0.0392664335668087 0.07889524102210999
v 0.024631062522530556 -0.26863330602645874 -0.05687719210982323
v 0.025065384805202484 -0.4239181578159332 0.08464592695236206
v 0.025337427854537964 -0.39064714312553406 -0.08302680402994156
v 0.02539467066526413 0.07173970341682434 -0.07811377197504044
v 0.025468194857239723 0.08931002020835876 -0.08923491835594177
v 0.025500232353806496 -0.43970075249671936 -0.05853412672877312
v 0.025715555995702744 -0.45074838399887085 0.1207754835486412
v 0.025880984961986542 -0.4525759816169739 -0.10456378757953644
v 0.026017531752586365 -0.25933870673179626 0.04824223741889
v 0.026141997426748276 0.0873027965426445 0.09220585227012634
v 0.026291148737072945 -0.2647968530654907 -0.0360654778778553
v 0.026477061212062836 0.3729812502861023 -0.04527130350470543
v 0.026762232184410095 0.07878915220499039 0.07793784141540527
v 0.026810547336935997 0.24223998188972473 -0.06542550027370453
v 0.027110951021313667 -0.4291583299636841 -0.08123753219842911
v 0.027424480766057968 -0.2587079703807831 -0.043194230645895004
v 0.02824218198657036 -0.19750647246837616 -0.0996292233467102
v 0.028868716210126877 -0.46151816844940186 -0.1424894481897354
v 0.029170168563723564 0.07343234866857529 -0.09828581660985947
v 0.02920745685696602 0.14902159571647644 -0.07244763523340225
v 0.029349779710173607 -0.25288060307502747 0.10330599546432495
v 0.029624447226524353 0.15090960264205933 0.002605404704809189
v 0.02967538870871067 -0.44386541843414307 0.11581255495548248
v 0.029737358912825584 -0.32714220881462097 0.08529609441757202
v 0.029766244813799858 -0.46945518255233765 -0.13500355184078217
v 0.029858676716685295 -0.3144844174385071 -0.08084889501333237
v 0.030191637575626373 -0.48105111718177795 -0.046455055475234985
v 0.030334485694766045 0.056666597723960876 0.1015603095293045
v 0.030379125848412514 -0.2570168972015381 -0.10137543827295303
v 0.03048153594136238 0.3548305630683899 0.05824108049273491
v 0.03050096705555916 -0.29659005999565125 -0.10449499636888504
v 0.030578168109059334 -0.466092973947525 -0.13182151317596436
v 0.030813973397016525 -0.47605979442596436 -0.11615077406167984
v 0.030890123918652534 0.3688097298145294 -0.07185681164264679
v 0.030942115932703018 -0.4407668709754944 -0.10545764118432999
v 0.031131703406572342 -0.08434552699327469 0.0836213082075119
v 0.03120943158864975 -0.49852532148361206 -0.031283214688301086
v 0.031253546476364136 -0.42833536863327026 0.08546415716409683
v 0.0314762219786644 -0.24102631211280823 0.025071950629353523
v 0.03201505169272423 -0.4117524325847626 0.1059219017624855
v 0.03215527534484863 0.35489726066589355 -0.056769005954265594
v 0.03232385590672493 -0.2958432137966156 0.10469876229763031
v 0.032436247915029526 -0.25445663928985596 -0.034930046647787094
v 0.03263738751411438 0.20175093412399292 0.07358412444591522
v 0.03293778747320175 -0.4818178415298462 -0.17187416553497314
v 0.03305385261774063 -0.14986030757427216 0.07723567634820938
v 0.03335530683398247 0.023932840675115585 -0.1018911674618721
v 0.03355329856276512 0.3679395318031311 0.07685808092355728
v 0.033754438161849976 0.11792849004268646 -0.08272062987089157
v 0.034034356474876404 0.021738652139902115 0.10380018502473831
v 0.03434053435921669 -0.26384732127189636 0.028862154111266136
v 0.03437047079205513 -0.2707135081291199 -0.044622186571359634
v 0.03472181409597397 -0.25663822889328003 0.0367891751229763
v 0.034739669412374496 -0.46230125427246094 -0.16151030361652374
v 0.03475857526063919 -0.05341627448797226 0.08123280107975006
v 0.0348236970603466 -0.47052496671676636 0.1276983618736267
v 0.03489617258310318 -0.42096665501594543 -0.08682016283273697
v 0.035049524158239365 -0.31600579619407654 -0.09840923547744751
v 0.035147204995155334 0.2148824781179428 0.02371174283325672
v 0.03518974781036377 -0.3146308958530426 0.08095288276672363
v 0.03527325019240379 0.007892359979450703 -0.08673770725727081
v 0.03529058024287224 0.09262388944625854 0.07336670160293579
v 0.03530056029558182 0.38338810205459595 0.06552686542272568
v 0.03540664538741112 0.2175845056772232 0.059971537441015244
v 0.03560148552060127 -0.23838676512241364 -0.013333192095160484
v 0.035605162382125854 -0.3922000825405121 0.09003844112157822
v 0.03573383390903473 0.30952727794647217 0.08785160630941391
v 0.03574381023645401 -0.44187185168266296 0.09900479018688202
v 0.0358782559633255 0.08669569343328476 -0.07070878148078918
v 0.035951778292655945 -0.4980852007865906 0.2113296389579773
v 0.036117736250162125 0.15204977989196777 -0.02844463475048542
v 0.03612719103693962 -0.4705790579319 -0.0229449812322855
v 0.03636614605784416 -0.2767997980117798 0.048762157559394836
v 0.03644859790802002 -0.4270838797092438 0.09790297597646713
v 0.036535777151584625 -0.33981314301490784 -0.08790517598390579
v 0.03662978112697601 0.04892706498503685 -0.10361164063215256
v 0.03673534467816353 0.2128332257270813 -0.05462995916604996
v 0.03673692047595978 -0.26445603370666504 -0.02954593114554882
v 0.036774732172489166 0.011249291710555553 0.08961042761802673
v 0.0368204228579998 -0.31085965037345886 0.09902527183294296
v 0.036830924451351166 -0.41124826669692993 -0.0952770859003067
v 0.03683670237660408 0.248221755027771 0.05974676087498665
v 0.03683722764253616 0.22713641822338104 0.014736467972397804
v 0.03697534650564194 0.34705743193626404 -0.009380185045301914
v 0.037014737725257874 0.28695040941238403 -0.016799360513687134
v 0.037129227072000504 -0.018780330196022987 0.07219923287630081
v 0.037527307868003845 -0.2601023018360138 -0.03445475921034813
v 0.03756669908761978 -0.01679253578186035 -0.06876824796199799
v 0.03763497248291969 0.25741392374038696 -0.05768018960952759
v 0.038069818168878555 -0.3354032635688782 0.09062086790800095
v 0.03808189556002617 0.2656581401824951 0.07454834878444672
v 0.038112882524728775 -0.48257356882095337 0.04511060193181038
v 0.038202688097953796 -0.3665415346622467 0.09867655485868454
v 0.03839700296521187 -0.49725541472435 -0.20002102851867676
v 0.038487859070301056 -0.4385973811149597 0.036872152239084244
v 0.038710009306669235 -0.4575347304344177 -0.010960442014038563
v 0.03884130343794823 0.3431716561317444 0.08596990257501602
v 0.038996752351522446 0.28282198309898376 0.04490210860967636
v 0.03905189782381058 0.28033527731895447 -0.04318425431847572
v 0.03931816667318344 -0.04527025669813156 -0.0696321651339531
v 0.03968999162316322 0.11072516441345215 0.010018803179264069
v 0.039741456508636475 -0.30281388759613037 -0.06672478467226028
v 0.039828110486269 0.10918114334344864 -0.007494799327105284
v 0.039973583072423935 0.16872099041938782 0.00809928122907877
v 0.04000246897339821 0.10959078371524811 -0.03130002319812775
v 0.04014899209141731 0.16353224217891693 -0.008360816165804863
v 0.04020728915929794 0.17753292620182037 0.03269857168197632
v 0.04022514447569847 0.2672399878501892 -0.07289823889732361
v 0.04032597690820694 -0.49513164162635803 0.20409585535526276
v 0.04033753275871277 -0.16816219687461853 0.07197970896959305
v 0.04042576253414154 0.20569397509098053 -0.06443921476602554
v 0.04046357795596123 0.30791497230529785 -0.08681963384151459
v 0.04063162952661514 0.17824402451515198 -0.030569501221179962
v 0.040666818618774414 0.10474549978971481 0.06613921374082565
v 0.040861133486032486 -0.42873135209083557 0.08659380674362183
v 0.040872685611248016 0.341511607170105 0.05131031945347786
v 0.04099820554256439 -0.4840729832649231 0.18076802790164948
v 0.04118044301867485 0.10662563145160675 -0.062175702303647995
v 0.04152705520391464 -0.4554418921470642 -0.05364367738366127
v 0.04154018685221672 0.40790441632270813 -0.06763859838247299
v 0.04163419455289841 0.32853180170059204 -0.08847236633300781
v 0.04170404374599457 -0.19420677423477173 0.07307155430316925
v 0.041759710758924484 0.029774384573101997 -0.06298552453517914
v 0.04193827137351036 0.07383463531732559 0.1083492711186409
v 0.04216514900326729 0.05479801818728447 0.0663062259554863
v 0.04217512533068657 0.027083903551101685 0.06543022394180298
v 0.04220558702945709 0.3058489263057709 0.014005946926772594
v 0.042283836752176285 -0.09048957377672195 -0.07224544882774353
v 0.042382046580314636 0.41749313473701477 0.06986481696367264
v 0.04240252822637558 0.11110329627990723 0.10135811567306519
v 0.04252489283680916 0.05554797127842903 0.025158604606986046
v 0.042592115700244904 -0.0814250186085701 -0.07759752869606018
v 0.042866259813308716 0.050221625715494156 0.0028343817684799433
v 0.042907748371362686 0.27498528361320496 -0.08761317282915115
v 0.0429166778922081 0.20565353333950043 0.032895512878894806
v 0.043053220957517624 0.05892223119735718 -0.06394082307815552
v 0.04311782121658325 -0.4291074275970459 -0.08272115141153336
v 0.043263815343379974 0.1518869698047638 0.09023801237344742
v 0.043289028108119965 0.05888441950082779 -0.012487657368183136
v 0.043418217450380325 0.3213080167770386 -0.04607219994068146
v 0.04348281770944595 0.20545029640197754 -0.033205363899469376
v 0.043625663965940475 -0.4531363546848297 0.03686532750725746
v 0.04375800862908363 0.1094411090016365 -0.09923219680786133
v 0.04383048415184021 0.3113265037536621 -0.008851331658661366
v 0.04395180195569992 -0.4826691746711731 0.04692666605114937
v 0.043995391577482224 -0.2728210687637329 -0.09534535557031631
v 0.043998539447784424 -0.42876917123794556 -0.03309875354170799
v 0.04413403570652008 0.16156651079654694 -0.0867755189538002
v 0.04425377771258354 0.3319060802459717 -0.02181427553296089
v 0.044254302978515625 -0.47809386253356934 -0.08796661347150803
v 0.04428108409047127 -0.3368679881095886 -0.08051173388957977
v 0.04440712556242943 0.31490400433540344 0.025631790980696678
v 0.044529493898153305 -0.0435313954949379 0.002245133277028799
v 0.044539473950862885 -0.44189703464508057 -0.006965420674532652
v 0.04456362873315811 0.331989049911499 0.0014442383544519544
v 0.04456730931997299 -0.4599568545818329 0.086638443171978
v 0.044833049178123474 -0.45288586616516113 -0.07794519513845444
v 0.044896069914102554 -0.0442020446062088 0.0479707196354866
v 0.04491392523050308 0.03337867185473442 0.04636472463607788
v 0.04494648426771164 -0.15977774560451508 0.07587600499391556
v 0.04494806379079819 -0.4556236267089844 0.05879829078912735
v 0.04498167335987091 0.11449068784713745 -0.07709807902574539
v 0.04499270021915436 0.3344237804412842 -0.04935193061828613
v 0.04507305473089218 0.3138342499732971 0.04858255013823509
v 0.04509721323847771 -0.2794072926044464 0.09619562327861786
v 0.04517703875899315 0.20304971933364868 0.05575909465551376
v 0.04520329460501671 0.030248092487454414 -0.043123334646224976
v 0.045355599373579025 -0.19162553548812866 -0.06489822268486023
v 0.045361898839473724 -0.1597929745912552 -0.07128594815731049
v 0.04541127011179924 -0.38064828515052795 -0.08371846377849579
v 0.045507900416851044 -0.04504968225955963 -0.045691974461078644
v 0.04577153921127319 0.1036599650979042 0.04021332785487175
v 0.045819856226444244 -0.1530533730983734 -0.06306587904691696
v 0.0459585040807724 -0.47226962447166443 0.0611053928732872
v 0.04634345695376396 0.3060857653617859 -0.048486437648534775
v 0.046423282474279404 0.009874903596937656 -0.07542801648378372
v 0.04645111784338951 -0.47119560837745667 -0.15357540547847748
v 0.046464771032333374 0.37415340542793274 -0.05940802022814751
v 0.046632830053567886 0.008485809899866581 0.07811640202999115
v 0.04676307365298271 -0.24270792305469513 0.0012415200471878052
v 0.04682609438896179 -0.4515324532985687 -0.13745930790901184
v 0.04690854623913765 -0.4275350272655487 0.08063620328903198
v 0.04698784649372101 -0.4438460171222687 -0.11374020576477051
v 0.047041941434144974 -0.39322519302368164 0.08484654873609543
v 0.047111790627241135 0.1868606060743332 -0.03774499520659447
v 0.04717743769288063 0.10125833004713058 0.0006291636382229626
v 0.04722260311245918 -0.4431065022945404 -0.05428806692361832
v 0.047398537397384644 0.10282965749502182 -0.04040449112653732
v 0.047442127019166946 -0.47227850556373596 0.013916666619479656
v 0.0476527214050293 -0.44249051809310913 -0.09180408716201782
v 0.04773465171456337 -0.2806209623813629 0.0251397006213665
v 0.0478023961186409 -0.29662418365478516 -0.027943091467022896
v 0.0478522926568985 -0.11411361396312714 0.019110141322016716
v 0.04798778519034386 0.08197855204343796 -0.10469140112400055
v 0.048055533319711685 0.10671649128198624 0.07711699604988098
v 0.048087045550346375 -0.48335137963294983 -0.17787428200244904
v 0.048128530383110046 -0.08690471202135086 0.06613081693649292
v 0.04852241650223732 -0.4228494167327881 -0.029199840500950813
v 0.048524513840675354 -0.4257168769836426 0.03961147740483284
v 0.048634279519319534 0.08054061979055405 -0.037781231105327606
v 0.048687320202589035 -0.44478341937065125 0.09687362611293793
v 0.04878972843289375 -0.32453209161758423 0.035646915435791016
v 0.04891734942793846 -0.13418430089950562 -0.027759278193116188
v 0.049027636647224426 -0.09688728302717209 -0.004567462485283613
v 0.04916365444660187 -0.19969750940799713 0.09539998322725296
v 0.049173638224601746 -0.4450817108154297 -0.06726571917533875
v 0.04926921799778938 0.07985158264636993 -0.004393629264086485
v 0.04954283684492111 -0.08548463135957718 0.04129309579730034
v 0.04959482699632645 -0.054430920630693436 0.019122745841741562
v 0.04976603388786316 -0.054339539259672165 -0.03523412346839905
v 0.04977811500430107 -0.19455024600028992 -0.018211035057902336
v 0.049913082271814346 0.3657306432723999 -0.07688380777835846
v 0.049914661794900894 -0.335445761680603 0.09473562985658646
v 0.04997505620121956 -0.3382575809955597 -0.0938044935464859
v 0.05007798969745636 -0.3520382344722748 -0.04355345293879509
v 0.0501515157520771 -0.4680923521518707 0.005439260043203831
v 0.050372615456581116 -0.42346176505088806 -0.04583587124943733
v 0.050413578748703 -0.05453385412693024 0.06799677014350891
v 0.050609469413757324 -0.08529400080442429 -0.05377287045121193
v 0.05062679946422577 0.09313436597585678 0.03398893401026726
v 0.050647810101509094 -0.1941605508327484 0.03490431606769562
v 0.05085420235991478 -0.479121595621109 0.1331208050251007
v 0.05086733400821686 -0.05455433577299118 -0.06182278320193291
v 0.05115250125527382 -0.15253189206123352 0.05112965777516365
v 0.05129009857773781 -0.4570862352848053 -0.08767146617174149
v 0.05171759054064751 -0.1641981601715088 -0.04259920492768288
v 0.05175803229212761 -0.1925572007894516 0.04890185594558716
v 0.05180949717760086 -0.48370271921157837 -0.11477165669202805
v 0.051939740777015686 0.372047483921051 0.06995357573032379
v 0.05205002799630165 -0.4847473204135895 -0.21509359776973724
v 0.052183423191308975 -0.478959321975708 -0.14868126809597015
v 0.05219602957367897 -0.473836213350296 0.03318120539188385
v 0.05228530988097191 -0.3533075749874115 0.07287303358316422
v 0.05239664763212204 -0.32928651571273804 0.05399397388100624
v 0.05255787819623947 -0.3611668646335602 0.05566508695483208
v 0.05263034999370575 -0.49919331073760986 -0.2131829857826233
v 0.052793677896261215 -0.3315909802913666 -0.0557112991809845
v 0.053148701786994934 -0.4714598059654236 0.1552591323852539
v 0.053379252552986145 -0.43697085976600647 0.08770035952329636
v 0.05360613018274307 0.27431467175483704 0.0840582549571991
v 0.0536145344376564 -0.47259992361068726 -0.03924804925918579
v 0.05405305325984955 0.07083429396152496 -0.06869577616453171
v 0.0541607141494751 -0.4660131633281708 -0.09928996115922928
v 0.05478357523679733 0.11101926118135452 0.08749133348464966
v 0.05486550182104111 0.11486566811800003 -0.08673927932977676
v 0.05498209595680237 -0.44976890087127686 -0.07176385819911957
v 0.05504563823342323 0.31333059072494507 0.08443060517311096
v 0.05532923713326454 -0.4250924587249756 -0.06264940649271011
v 0.05566587299108505 -0.41333267092704773 0.08732327818870544
v 0.056016165763139725 -0.4576113820075989 -0.10903672128915787
v 0.056102294474840164 -0.36831191182136536 0.07137523591518402
v 0.0561385340988636 -0.4483283460140228 -0.0757688581943512
v 0.05639849603176117 -0.45318520069122314 -0.023877697065472603
v 0.05682598799467087 -0.41979867219924927 0.06181123107671738
v 0.056878507137298584 -0.42779240012168884 -0.031105181202292442
v 0.05709225311875343 -0.4588030278682709 -0.08025965094566345
v 0.057115886360406876 -0.27065151929855347 -0.016907546669244766
v 0.05717470869421959 -0.4551125764846802 0.09464740008115768
v 0.057303376495838165 -0.4352283477783203 -0.08073808252811432
v 0.05732070654630661 -0.33334770798683167 0.02506827376782894
v 0.05741996318101883 -0.4245903491973877 0.028945131227374077
v 0.05785901099443436 0.052827026695013046 0.09954729676246643
v 0.057971399277448654 0.3179994225502014 -0.05850524082779884
v 0.05800395831465721 -0.30465832352638245 -0.02590855583548546
v 0.05804860219359398 -0.26735976338386536 0.01706247590482235
v 0.058131054043769836 0.022421905770897865 -0.09890710562467575
v 0.05842147395014763 -0.4582368731498718 -0.004922482650727034
v 0.05842883139848709 -0.3849678337574005 -0.0642753541469574
v 0.05848187580704689 -0.4531594514846802 0.08431033790111542
v 0.05854489654302597 -0.4587520658969879 0.05921686068177223
v 0.0585564449429512 -0.47406095266342163 0.10526857525110245
v 0.05886735022068024 0.07235521078109741 0.0735442116856575
v 0.05888468399643898 -0.4540979862213135 -0.09466525167226791
v 0.0598168708384037 -0.30214589834213257 0.03301577642560005
v 0.0599791519343853 -0.4294199049472809 0.04077106714248657
v 0.06000961363315582 0.02214566245675087 -0.07406623661518097
v 0.06001434102654457 0.27587756514549255 0.06110749393701553
v 0.060123052448034286 -0.4544839560985565 -0.022105747833848
v 0.060177143663167953 -0.4867466390132904 0.045386847108602524
v 0.06026064604520798 -0.4698407053947449 -0.12767472863197327
v 0.06057680398225784 0.02182215452194214 0.09682215005159378
v 0.060621969401836395 0.02803867496550083 0.07869304716587067
v 0.06092971935868263 -0.2043248414993286 -0.08265655487775803
v 0.061445970088243484 0.08121442049741745 0.09294635057449341
v 0.06152159720659256 -0.28558287024497986 -0.08439173549413681
v 0.0616513155400753 0.05347037315368652 -0.09281662851572037
v 0.061873991042375565 -0.463354229927063 -0.11341354250907898
v 0.06189604848623276 0.27691686153411865 -0.06241150572896004
v 0.06207408383488655 -0.3456073999404907 -0.08215658366680145
v 0.06216493621468544 -0.4757457673549652 -0.018329201266169548
v 0.06229255348443985 0.31669852137565613 0.0622723363339901
v 0.0625 0.3113900423049927 -0.0718594416975975
v 0.06273580342531204 -0.3542124629020691 -0.03930792212486267
v 0.06390957534313202 -0.4636761248111725 0.11112220585346222
v 0.0641443282365799 -0.48336872458457947 -0.15815234184265137
v 0.06425304710865021 -0.44075635075569153 0.03464224934577942
v 0.06441374868154526 -0.34964919090270996 0.04132670536637306
v 0.06459073722362518 0.07014579325914383 -0.08373421430587769
v 0.0650801956653595 -0.22777871787548065 -0.02144402638077736
v 0.06525770574808121 -0.4816896915435791 0.11571592837572098
v 0.06560064852237701 -0.22818414866924286 0.023312609642744064
v 0.0660066083073616 -0.45022687315940857 -0.11894839257001877
v 0.06616678833961487 -0.4285081624984741 0.06216678023338318
v 0.06662999093532562 -0.44225946068763733 -0.05908293277025223
v 0.06708059459924698 -0.4731104075908661 0.1299198567867279
v 0.06712418794631958 -0.2891503870487213 0.07663067430257797
v 0.06719298660755157 -0.19821231067180634 -0.0677693635225296
v 0.06738624721765518 -0.45469406247138977 0.09358811378479004
v 0.06764830648899078 -0.37225332856178284 -0.06126609444618225
v 0.06800596415996552 -0.4751785397529602 0.1192845031619072
v 0.06810678541660309 -0.19857677817344666 0.0732632428407669
v 0.06823702901601791 -0.46672847867012024 -0.09616830945014954
v 0.06857787072658539 -0.4555674195289612 0.026817113161087036
v 0.06879949569702148 -0.4523822069168091 -0.10149622708559036
v 0.06921859085559845 -0.19666460156440735 0.03452093526721001
v 0.06927216053009033 -0.4455423057079315 0.10082032531499863
v 0.06932362914085388 -0.459547221660614 0.08170755952596664
v 0.0694008320569992 -0.45460060238838196 -0.025463730096817017
v 0.0697631984949112 -0.31287944316864014 0.04320210963487625
v 0.06985194981098175 -0.46092158555984497 -0.04733787849545479
v 0.06986193358898163 -0.45897629857063293 -0.12664590775966644
v 0.06994649022817612 -0.2325882911682129 -0.001599687384441495
v 0.06998009979724884 -0.4762178659439087 -0.1566014587879181
v 0.07008145749568939 -0.4661024212837219 0.10048054158687592
v 0.07012714445590973 -0.45944371819496155 -0.0007415481959469616
v 0.07021432369947433 -0.19729113578796387 -0.03240657225251198
v 0.0702495127916336 -0.26829245686531067 0.031708087772130966
v 0.07030308246612549 -0.46461936831474304 0.1644691526889801
v 0.07052838057279587 -0.4430592358112335 0.05933082103729248
v 0.07066807895898819 -0.44397202134132385 -0.041102975606918335
v 0.07076366245746613 -0.3502316176891327 0.056833602488040924
v 0.07097163051366806 -0.47248440980911255 -0.1257735788822174
v 0.07108139246702194 -0.22797775268554688 0.0032550485339015722
v 0.07127360999584198 -0.2843528985977173 -0.06494443118572235
v 0.07134135812520981 -0.4607052206993103 -0.12925341725349426
v 0.07168429344892502 -0.2836717367172241 -0.04124477505683899
v 0.07168954610824585 -0.3704545795917511 -0.0461084358394146
v 0.07169007509946823 -0.4592441916465759 0.12504622340202332
v 0.07179038226604462 -0.2839295566082001 0.04564103111624718
v 0.07200675457715988 -0.19938553869724274 0.05510524660348892
v 0.07210075855255127 -0.45363369584083557 0.10826156288385391
v 0.07219739258289337 -0.44175946712493896 -0.05251139774918556
v 0.07231450825929642 -0.48697876930236816 0.008831903338432312
v 0.07242269814014435 -0.48041772842407227 0.13197435438632965
v 0.07251985371112823 -0.3202193081378937 0.05660253018140793
v 0.07256291806697845 -0.4447792172431946 0.1167851909995079
v 0.07263170927762985 -0.43693986535072327 0.053520265966653824
v 0.07265167683362961 -0.4534766972064972 0.03263607621192932
v 0.07276983559131622 -0.2177404910326004 -0.04095014929771423
v 0.07282603532075882 -0.3149491846561432 -0.04475243017077446
v 0.07296467572450638 -0.21603207290172577 0.038408298045396805
v 0.07345151156187057 -0.48271799087524414 0.053109049797058105
v 0.07377345114946365 -0.48355984687805176 0.028669413179159164
v 0.07432594150304794 -0.4825100302696228 0.167404904961586
v 0.07531747221946716 -0.47793257236480713 0.03422946482896805
v 0.0753505602478981 -0.48671093583106995 -0.035968318581581116
v 0.07540149986743927 -0.4764983355998993 0.09543411433696747
v 0.07573235780000687 -0.45988911390304565 0.13117502629756927
v 0.07634629309177399 -0.49529704451560974 -0.21326912939548492
v 0.07764558494091034 -0.4683806598186493 0.1225600317120552
v 0.07766973972320557 -0.47384098172187805 0.11574428528547287
v 0.07780943810939789 -0.464464396238327 0.1339322179555893
v 0.07800690829753876 -0.46545228362083435 -0.023126693442463875
v 0.07819491624832153 -0.4831218719482422 0.15537047386169434
v 0.07899738848209381 -0.20746329426765442 -0.027381151914596558
v 0.07940229773521423 -0.20991218090057373 0.028727708384394646
v 0.0799742117524147 -0.4722927212715149 -0.058354515582323074
v 0.08005771785974503 -0.48322373628616333 -0.029025480151176453
v 0.08020792156457901 -0.4681464433670044 0.11332479119300842
v 0.08021054416894913 -0.4715496003627777 -0.13386131823062897
v 0.08046472817659378 -0.45854833722114563 0.13037046790122986
v 0.08202923089265823 -0.4540165364742279 -0.04021279886364937
v 0.0821673572063446 -0.46056655049324036 0.03413178026676178
v 0.08421396464109421 -0.4806945025920868 0.1592531055212021
v 0.08424916118383408 -0.47903600335121155 -0.12007120996713638
v 0.08452224731445312 -0.45512309670448303 0.026852302253246307
v 0.084588423371315 -0.46116894483566284 0.023425521329045296
v 0.0853840634226799 -0.4624582529067993 0.07021459192037582
v 0.08551745861768723 -0.456347793340683 -0.030023843050003052
v 0.08583991229534149 -0.46404850482940674 0.12139413505792618
v 0.08591554313898087 -0.45081982016563416 0.13884525001049042
v 0.08598171919584274 -0.47857436537742615 0.14872804284095764
v 0.08600901812314987 -0.4627838730812073 0.15623436868190765
v 0.08617182821035385 -0.46242251992225647 0.024440163746476173
v 0.08682829886674881 -0.4944436550140381 0.21921414136886597
v 0.0869223102927208 -0.466511070728302 0.058013156056404114
v 0.08703049272298813 -0.45468616485595703 0.11258797347545624
v 0.08719750493764877 -0.45484793186187744 -0.10883400589227676
v 0.08723793923854828 -0.4690738916397095 -0.03847971931099892
v 0.08737815916538239 -0.47588911652565 0.12604930996894836
v 0.08750472217798233 -0.4966771900653839 -0.22741267085075378
v 0.08787707984447479 -0.4433985650539398 -0.07243135571479797
v 0.08788967877626419 -0.48379355669021606 -0.1678481549024582
v 0.08818116039037704 -0.48514223098754883 0.22966358065605164
v 0.08825783431529999 -0.4615759551525116 0.14477713406085968
v 0.08922993391752243 -0.46452796459198 -0.03496943414211273
v 0.08928875625133514 -0.4597352147102356 -0.12875239551067352
v 0.08968158811330795 -0.44693824648857117 -0.11624792963266373
v 0.08981708437204361 -0.4457235038280487 0.020129509270191193
v 0.09016264975070953 -0.4976314902305603 0.2277335524559021
v 0.09030181914567947 -0.4844715893268585 0.1311582326889038
v 0.09032388031482697 -0.4760529696941376 -0.11761706322431564
v 0.09037219732999802 -0.46486303210258484 0.11213579773902893
v 0.0913180410861969 -0.4690040349960327 -0.12149444222450256
v 0.09143200516700745 -0.47164568305015564 0.13632018864154816
v 0.09159480780363083 -0.4452686607837677 0.10914386063814163
v 0.0942879170179367 -0.483028382062912 -0.08249007165431976
v 0.09593382477760315 -0.49753013253211975 0.13994444906711578
v 0.09598371386528015 -0.47135475277900696 -0.14426927268505096
v 0.09650994092226028 -0.47734227776527405 0.0202618557959795
v 0.09665174037218094 -0.467859148979187 0.12287093698978424
v 0.09670792520046234 -0.4738687574863434 -0.07075027376413345
v 0.09690696746110916 -0.4507615268230438 -0.019122743979096413
v 0.09715485572814941 -0.45066171884536743 0.11579994857311249
v 0.09727879613637924 -0.4485563039779663 -0.10006091743707657
v 0.09818945080041885 -0.4607861340045929 -0.08420635014772415
v 0.09843838959932327 -0.4639628827571869 0.13685378432273865
v 0.09916996210813522 -0.4640537202358246 0.11588923633098602
v 0.10027545690536499 -0.4814576208591461 -0.17264878749847412
v 0.1005653589963913 -0.4596910774707794 -0.11422966420650482
v 0.10058058798313141 -0.4821875989437103 0.05717496946454048
v 0.10137412697076797 -0.47970452904701233 -0.04053525999188423
v 0.10227060317993164 -0.4837421178817749 0.010042435489594936
v 0.1027180552482605 -0.45453599095344543 0.1333613395690918
v 0.10333934426307678 -0.472320020198822 -0.184370756149292
v 0.10423319041728973 -0.4833120107650757 -0.17921455204486847
v 0.10427835583686829 -0.4750598967075348 -0.15432482957839966
v 0.10509185492992401 -0.4694562256336212 -0.1368332803249359
v 0.10519426316022873 -0.4754805564880371 0.07124131172895432
v 0.10567532479763031 -0.479770690202713 0.10379493236541748
v 0.10590902715921402 -0.4788327217102051 0.14279036223888397
v 0.10653819143772125 -0.48189717531204224 -0.1499060094356537
v 0.10658545792102814 -0.46421128511428833 0.07734859734773636
v 0.10665373504161835 -0.4637008011341095 -0.1613685041666031
v 0.10668996721506119 -0.482328325510025 -0.01572904922068119
v 0.10704603791236877 -0.482453852891922 -0.19238334894180298
v 0.1071731299161911 -0.45768699049949646 -0.1407610923051834
v 0.10736272484064102 -0.47040995955467224 0.151980459690094
v 0.10755178332328796 -0.46213051676750183 -0.03908104449510574
v 0.10833167284727097 -0.4611615538597107 0.11193884909152985
v 0.10838209092617035 -0.46320977807044983 -0.1209661141037941
v 0.10875234007835388 -0.4841911196708679 -0.20910026133060455
v 0.10890883952379227 -0.4787876009941101 0.007719578221440315
v 0.10901019722223282 -0.47193825244903564 -0.1525423675775528
v 0.1099465861916542 -0.450237900018692 0.11483047157526016
v 0.11001487076282501 -0.4828929305076599 0.12880754470825195
v 0.11015823483467102 -0.4976702928543091 -0.17208579182624817
v 0.1102490946650505 -0.46579891443252563 -0.13073861598968506
v 0.11054424196481705 -0.48254626989364624 0.1806482970714569
v 0.11124272644519806 -0.49750176072120667 -0.00942272413522005
v 0.11152947694063187 -0.4842047691345215 -0.13151533901691437
v 0.11180204153060913 -0.4499233663082123 -0.11718589067459106
v 0.11199057847261429 -0.4509185552597046 -0.04722076281905174
v 0.11244328320026398 -0.47239094972610474 0.09909301996231079
v 0.11244643479585648 -0.4802423119544983 -0.15695703029632568
v 0.11256880313158035 -0.48430824279785156 0.1705591231584549
v 0.11264284700155258 -0.4972984790802002 0.188064843416214
v 0.11266490817070007 -0.46600058674812317 0.13057632744312286
v 0.1130010262131691 -0.4728641211986542 -0.04028947651386261
v 0.11309607326984406 -0.4505194425582886 0.06170147284865379
v 0.11366695165634155 -0.48073863983154297 -0.05270203575491905
v 0.11384917795658112 -0.47192880511283875 0.16709241271018982
v 0.11411282420158386 -0.4784913957118988 -0.13163350522518158
v 0.11415746062994003 -0.47355154156684875 -0.08616998791694641
v 0.1146668866276741 -0.49638837575912476 0.20362424850463867
v 0.1147666722536087 -0.47241875529289246 -0.12402842938899994
v 0.11483179032802582 -0.482965350151062 -0.07044408470392227
v 0.11484544724225998 -0.48333823680877686 -0.03761107102036476
v 0.11494523286819458 -0.4778989553451538 0.13848547637462616
v 0.11539214849472046 -0.47452107071876526 0.18741361796855927
v 0.11600398272275925 -0.4831591844558716 -0.12937891483306885
v 0.11768139898777008 -0.48277997970581055 0.11804981529712677
v 0.1187632605433464 -0.4830929934978485 0.15965694189071655
v 0.11895390599966049 -0.47191351652145386 -0.16326439380645752
v 0.11976424604654312 -0.48313552141189575 0.014162974432110786
v 0.12203091382980347 -0.46682822704315186 0.14765720069408417
v 0.12224623560905457 -0.49772965908050537 -0.18353360891342163
v 0.12233866751194 -0.4610061049461365 -0.13286346197128296
v 0.12241534143686295 -0.4608422815799713 -0.06271190196275711
v 0.12280502915382385 -0.4608890414237976 0.10916644334793091
v 0.12286016345024109 -0.4827306568622589 0.1908251792192459
v 0.12357546389102936 -0.4715396463871002 0.13419480621814728
v 0.12359961867332458 -0.48450571298599243 -0.15780781209468842
v 0.12383385002613068 -0.4730778634548187 0.03586433827877045
v 0.12389949709177017 -0.483607679605484 0.08564534038305283
v 0.12410378456115723 -0.47309571504592896 -0.12044146656990051
v 0.1241200640797615 -0.48364442586898804 0.13533443212509155
v 0.12418466806411743 -0.4693322777748108 0.12183791399002075
v 0.1250627636909485 -0.4750725030899048 0.12968038022518158
v 0.12512421607971191 -0.4696437418460846 0.03230101242661476
v 0.12547187507152557 -0.4759169816970825 -0.05101832002401352
v 0.1261976659297943 -0.4761170744895935 -0.0006895558908581734
v 0.12876158952713013 -0.48324739933013916 0.022022249177098274
v 0.12898267805576324 -0.4685240387916565 -0.0691642314195633
v 0.12919695675373077 -0.48472002148628235 -0.18267861008644104
v 0.12936659157276154 -0.477118581533432 0.1681821644306183
v 0.13097047805786133 -0.4719676077365875 -0.1368086189031601
v 0.13150091469287872 -0.4836302399635315 0.15737664699554443
v 0.13314944505691528 -0.47181323170661926 0.1376572996377945
v 0.13472339510917664 -0.4696899354457855 -0.12146555632352829
v 0.13582153618335724 -0.4606652855873108 0.1371200531721115
v 0.13656097650527954 -0.4705081284046173 0.003981368150562048
v 0.13681568205356598 -0.47103703022003174 0.10601905733346939
v 0.13686664402484894 -0.4781137704849243 0.08681333810091019
v 0.13764023780822754 -0.4599936008453369 -0.12264563143253326
v 0.13767382502555847 -0.4758266508579254 -0.0882701724767685
v 0.1389579027891159 -0.47425422072410583 -0.12758123874664307
v 0.1392703801393509 -0.48492059111595154 -0.11765172332525253
v 0.13939537107944489 -0.4720264673233032 -0.1342284083366394
v 0.13957078754901886 -0.46057337522506714 0.00036972618545405567
v 0.13967527449131012 -0.498209148645401 0.16831816732883453
v 0.1399378776550293 -0.4802360534667969 -0.14586631953716278
v 0.14000508189201355 -0.4828560948371887 -0.09305138140916824
v 0.14069096744060516 -0.46099090576171875 0.04660840705037117
v 0.14185528457164764 -0.4780859649181366 0.13343381881713867
v 0.14196506142616272 -0.47752559185028076 0.05746644362807274
v 0.14201126992702484 -0.47844570875167847 -0.08166344463825226
v 0.14547115564346313 -0.47702091932296753 -0.08628448098897934
v 0.14557461440563202 -0.4832867681980133 -0.14480023086071014
v 0.1457909792661667 -0.46454161405563354 -0.11379324644804001
v 0.14603570103645325 -0.4987553358078003 -0.16098566353321075
v 0.1462457776069641 -0.48447364568710327 -0.126484677195549
v 0.14813116192817688 -0.49882256984710693 0.030263850465416908
v 0.15128692984580994 -0.46965426206588745 -0.1406744420528412
v 0.1530883014202118 -0.47272858023643494 0.09577442705631256
v 0.15361136198043823 -0.47359779477119446 0.023632440716028214
v 0.15387344360351562 -0.4725070297718048 -0.08202056586742401
v 0.1541234254837036 -0.47326743602752686 0.1488981693983078
v 0.15489910542964935 -0.47450584173202515 -0.031757451593875885
v 0.15647728741168976 -0.4831554889678955 0.12759804725646973
v 0.15828387439250946 -0.48256516456604004 0.03549041226506233
v 0.15971235930919647 -0.49851635098457336 -0.04575866833329201
v 0.1615084558725357 -0.4838481545448303 0.15602852404117584
v 0.16258299350738525 -0.4835236072540283 -0.15340420603752136
v 0.16493839025497437 -0.4984964430332184 -0.12868884205818176
v 0.16541944444179535 -0.48445531725883484 0.03417694568634033
v 0.1658763736486435 -0.48225221037864685 0.09854947030544281
v 0.1658852994441986 -0.483907014131546 0.11185166984796524
v 0.1697952300310135 -0.4767540991306305 0.02181427739560604
v 0.172456294298172 -0.47907063364982605 -0.13853800296783447
v 0.17286543548107147 -0.47958481311798096 -0.03769772872328758
v 0.17353133857250214 -0.4730253517627716 0.09897958487272263
v 0.17378291487693787 -0.4986676275730133 0.024637628346681595
v 0.17477653920650482 -0.4783264994621277 -0.017183788120746613
v 0.17555275559425354 -0.498409241437912 -0.0182682815939188
v 0.17689615488052368 -0.49771755933761597 0.15183129906654358
v 0.1773136854171753 -0.4966982305049896 0.09170115739107132
v 0.177547886967659 -0.4798946678638458 0.051190055906772614
v 0.17847903072834015 -0.4825321137905121 0.1423277109861374
v 0.17863135039806366 -0.48484185338020325 0.019779741764068604
v 0.18159019947052002 -0.4918450713157654 0.047017522156238556
v 0.18783505260944366 -0.49657320976257324 -0.03075331076979637
v 0.19237837195396423 -0.49703535437583923 0.041465874761343
v 0.19395916163921356 -0.48513326048851013 -0.03554975613951683
v 0.1948876827955246 -0.4869273006916046 -0.143713116645813
v 0.19584035873413086 -0.4946211576461792 -0.07699619233608246
v 0.19722995162010193 -0.4988168179988861 0.07306787371635437
v 0.19741849601268768 -0.4963679015636444 -0.13682226836681366
v 0.204647034406662 -0.4991476237773895 -0.07410667091608047
v 0.20564855635166168 -0.48397162556648254 0.140468031167984
v 0.20627297461032867 -0.4841328263282776 0.07998865842819214
v 0.20769517123699188 -0.49590256810188293 0.10305338352918625
v 0.20935523509979248 -0.49546876549720764 -0.09995010495185852
v 0.21462540328502655 -0.49943703413009644 0.10014810413122177
v 0.2253405749797821 -0.4961026608943939 0.13239765167236328
v 0.22581849992275238 -0.48429930210113525 -0.11255435645580292
v 0.22916126251220703 -0.4881357252597809 0.1216336190700531
v 0.23314525187015533 -0.4951142966747284 -0.1238362118601799
vt 0.0012229999992996454 0.09764999896287918
vt 0.0012229999992996454 0.24415899813175201
vt 0.0012229999992996454 0.49980100989341736
vt 0.0012229999992996454 0.5466340184211731
vt 0.0012229999992996454 0.7430959939956665
vt 0.0012229999992996454 0.8759739995002747
vt 0.0012229999992996454 0.8794329762458801
vt 0.0012229999992996454 0.9152179956436157
vt 0.0012229999992996454 0.954912006855011
vt 0.0012229999992996454 0.9798200130462646
vt 0.0014479999663308263 0.9877550005912781
vt 0.001630999962799251 0.4732620120048523
vt 0.0017180000431835651 0.5118970274925232
vt 0.0018980000168085098 0.7039539813995361
vt 0.00203699991106987 0.6910730004310608
vt 0.002234000014141202 0.7251269817352295
vt 0.002247000113129616 0.5823789834976196
vt 0.0033489998895674944 0.9299960136413574
vt 0.0036879999097436666 0.23652799427509308
vt 0.003742000088095665 0.8453710079193115
vt 0.0039019999094307423 0.47019800543785095
vt 0.004782999865710735 0.9822660088539124
vt 0.004782999865710735 0.996275007724762
vt 0.005253999959677458 0.47770699858665466
vt 0.005590000189840794 0.5395799875259399
vt 0.005805000197142363 0.4939480125904083
vt 0.006920000072568655 0.9667440056800842
vt 0.007228999864310026 0.9822660088539124
vt 0.007228999864310026 0.9950119853019714
vt 0.007271999958902597 0.4136340022087097
vt 0.007278000004589558 0.1851540058851242
vt 0.007408000063151121 0.20476700365543365
vt 0.008042000234127045 0.9441239833831787
vt 0.008484999649226665 0.813476026058197
vt 0.008520999923348427 0.5550289750099182
vt 0.009177999570965767 0.9573580026626587
vt 0.009181000292301178 0.6347730159759521
vt 0.009553000330924988 0.19920900464057922
vt 0.010089999996125698 0.23476800322532654
vt 0.01017799973487854 0.312296986579895
vt 0.01058799959719181 0.1049870029091835
vt 0.010707000270485878 0.12064500153064728
vt 0.011625999584794044 0.6755340099334717
vt 0.012533999979496002 0.7674440145492554
vt 0.012594999745488167 0.5942749977111816
vt 0.012768999673426151 0.9902750253677368
vt 0.013174000196158886 0.9798200130462646
vt 0.013174000196158886 0.9883970022201538
vt 0.01419300027191639 0.1691499948501587
vt 0.014518000185489655 0.5488269925117493
vt 0.015112999826669693 0.32683300971984863
vt 0.01561999972909689 0.9573580026626587
vt 0.01561999972909689 0.9872140288352966
vt 0.015828000381588936 0.8969259858131409
vt 0.016033999621868134 0.2121340036392212
vt 0.016081999987363815 0.8197929859161377
vt 0.01626499928534031 0.520425021648407
vt 0.01637900061905384 0.15841500461101532
vt 0.016680000349879265 0.7912290096282959
vt 0.016839999705553055 0.5504800081253052
vt 0.016979999840259552 0.8703359961509705
vt 0.016983000561594963 0.7307479977607727
vt 0.017167000100016594 0.922357976436615
vt 0.017198000103235245 0.1462000012397766
vt 0.018583999946713448 0.31075701117515564
vt 0.018900999799370766 0.7175660133361816
vt 0.019182000309228897 0.5560349822044373
vt 0.019209999591112137 0.6402180194854736
vt 0.019430000334978104 0.1300159990787506
vt 0.01943499967455864 0.7145040035247803
vt 0.019443999975919724 0.5753530263900757
vt 0.019478999078273773 0.6851580142974854
vt 0.019940000027418137 0.7608919739723206
vt 0.020268000662326813 0.6009690165519714
vt 0.02030099928379059 0.9324420094490051
vt 0.02054399996995926 0.21508300304412842
vt 0.0208359993994236 0.607125997543335
vt 0.020945999771356583 0.6707770228385925
vt 0.02120400033891201 0.5016310214996338
vt 0.02135300077497959 0.2547360062599182
vt 0.021403999999165535 0.20494499802589417
vt 0.021733000874519348 0.954912006855011
vt 0.02181600034236908 0.4627070128917694
vt 0.02195099927484989 0.727400004863739
vt 0.022561000660061836 0.7250769734382629
vt 0.022640999406576157 0.5470719933509827
vt 0.02271999977529049 0.570743978023529
vt 0.022935999557375908 0.7167379856109619
vt 0.02327599935233593 0.6859520077705383
vt 0.02342900075018406 0.9808580279350281
vt 0.02369300089776516 0.7779120206832886
vt 0.024164000526070595 0.5030279755592346
vt 0.02417900040745735 0.9495019912719727
vt 0.02444699965417385 0.3311060070991516
vt 0.024776000529527664 0.5491600036621094
vt 0.025364000350236893 0.8755239844322205
vt 0.02585900016129017 0.6221669912338257
vt 0.025899000465869904 0.5641909837722778
vt 0.025975000113248825 0.656013011932373
vt 0.025978999212384224 0.6550559997558594
vt 0.026074999943375587 0.6644750237464905
vt 0.02626200020313263 0.9324420094490051
vt 0.02626200020313263 0.9505969882011414
vt 0.026458000764250755 0.5933840274810791
vt 0.02671400085091591 0.641294002532959
vt 0.02680099941790104 0.8784199953079224
vt 0.02695699967443943 0.5736349821090698
vt 0.02738500013947487 0.3476170003414154
vt 0.027480000630021095 0.7166010141372681
vt 0.02751000039279461 0.21890799701213837
vt 0.028310000896453857 0.1743829995393753
vt 0.028579000383615494 0.7283099889755249
vt 0.02911500073969364 0.5345100164413452
vt 0.029247000813484192 0.9416829943656921
vt 0.029247000813484192 0.9659709930419922
vt 0.029247000813484192 0.9684169888496399
vt 0.029247000813484192 0.9843549728393555
vt 0.029247000813484192 0.9888489842414856
vt 0.02928600087761879 0.5453150272369385
vt 0.02932099997997284 0.8065950274467468
vt 0.030121000483632088 0.07460100203752518
vt 0.030810000374913216 0.6534649729728699
vt 0.030875999480485916 0.378387987613678
vt 0.030931999906897545 0.5489339828491211
vt 0.0313199982047081 0.5820930004119873
vt 0.03145600110292435 0.7680280208587646
vt 0.03156299889087677 0.7060369849205017
vt 0.03208699822425842 0.7284319996833801
vt 0.0334319993853569 0.6586490273475647
vt 0.03353700041770935 0.9203929901123047
vt 0.03359299898147583 0.6121010184288025
vt 0.03361799940466881 0.6619189977645874
vt 0.034028999507427216 0.743054986000061
vt 0.03416600078344345 0.9872369766235352
vt 0.03416600078344345 0.9953740239143372
vt 0.034255001693964005 0.8105850219726562
vt 0.03445399925112724 0.590624988079071
vt 0.034793999046087265 0.5652719736099243
vt 0.0348070003092289 0.7155910134315491
vt 0.035144999623298645 0.5535399913787842
vt 0.03539000079035759 0.6961380243301392
vt 0.03541700169444084 0.4706049859523773
vt 0.036334000527858734 0.263498991727829
vt 0.036612000316381454 0.9872369766235352
vt 0.036612000316381454 0.9957820177078247
vt 0.03738899901509285 0.5875800251960754
vt 0.03745799884200096 0.32949700951576233
vt 0.03770900145173073 0.08255700021982193
vt 0.0378430001437664 0.8695880174636841
vt 0.038357000797986984 0.5690230131149292
vt 0.038451001048088074 0.7580580115318298
vt 0.03875400125980377 0.9729580283164978
vt 0.03915200009942055 0.7388250231742859
vt 0.039181001484394073 0.9923049807548523
vt 0.03921400010585785 0.551397979259491
vt 0.03968000039458275 0.9847909808158875
vt 0.039760999381542206 0.6732249855995178
vt 0.03987700119614601 0.5269579887390137
vt 0.040160998702049255 0.5371310114860535
vt 0.040414001792669296 0.6119580268859863
vt 0.04041900113224983 0.9441289901733398
vt 0.040470998734235764 0.7669789791107178
vt 0.04068399965763092 0.5521870255470276
vt 0.04140400141477585 0.310930997133255
vt 0.041450001299381256 0.9170129895210266
vt 0.04196000099182129 0.7821620106697083
vt 0.04212699830532074 0.9684169888496399
vt 0.04212699830532074 0.99447101354599
vt 0.04382999986410141 0.8866230249404907
vt 0.04384100064635277 0.9231950044631958
vt 0.0439939983189106 0.7238640189170837
vt 0.04446199908852577 0.636709988117218
vt 0.044544998556375504 0.7186579704284668
vt 0.044606998562812805 0.6713849902153015
vt 0.04466700181365013 0.4352569878101349
vt 0.04495599865913391 0.05883599817752838
vt 0.045166000723838806 0.8885250091552734
vt 0.04538799822330475 0.31347501277923584
vt 0.045931000262498856 0.9779509902000427
vt 0.04600900039076805 0.9659709930419922
vt 0.04606499895453453 0.5972669720649719
vt 0.047791000455617905 0.4398239850997925
vt 0.04784899950027466 0.6008139848709106
vt 0.04849499836564064 0.737762987613678
vt 0.0485990010201931 0.9716749787330627
vt 0.048657000064849854 0.39713698625564575
vt 0.04868699982762337 0.7330510020256042
vt 0.04880300164222717 0.3809970021247864
vt 0.04933999851346016 0.8784199953079224
vt 0.04933999851346016 0.9415760040283203
vt 0.049672000110149384 0.41022899746894836
vt 0.04975000023841858 0.7458770275115967
vt 0.049924999475479126 0.7184739708900452
vt 0.050553999841213226 0.5663130283355713
vt 0.050634998828172684 0.7488729953765869
vt 0.05106699839234352 0.7177299857139587
vt 0.05153299868106842 0.14325399696826935
vt 0.051771000027656555 0.5507040023803711
vt 0.05178700014948845 0.9186090230941772
vt 0.05178700014948845 0.9590499997138977
vt 0.05234299972653389 0.28025999665260315
vt 0.052597999572753906 0.6648759841918945
vt 0.05300600081682205 0.7195069789886475
vt 0.054042998701334 0.33963000774383545
vt 0.0548660010099411 0.23321300745010376
vt 0.05510900169610977 0.5790780186653137
vt 0.05513700097799301 0.2747940123081207
vt 0.055532000958919525 0.5204899907112122
vt 0.05607999861240387 0.9614959955215454
vt 0.05607999861240387 0.9872699975967407
vt 0.056377001106739044 0.7601379752159119
vt 0.05640599876642227 0.7317039966583252
vt 0.05678499862551689 0.7277160286903381
vt 0.056960999965667725 0.6260799765586853
vt 0.05758700147271156 0.38605499267578125
vt 0.05831100046634674 0.7153199911117554
vt 0.058386001735925674 0.5604140162467957
vt 0.05852599814534187 0.9740639925003052
vt 0.06029900163412094 0.7174140214920044
vt 0.06031699851155281 0.9462019801139832
vt 0.060336001217365265 0.5530809760093689
vt 0.06078900024294853 0.02484700083732605
vt 0.06079300120472908 0.7096289992332458
vt 0.06162700057029724 0.5568810105323792
vt 0.06355799734592438 0.4918060004711151
vt 0.06414800137281418 0.29236099123954773
vt 0.06446199864149094 0.8784199953079224
vt 0.06469199806451797 0.7491660118103027
vt 0.06619100272655487 0.5334699749946594
vt 0.06624100357294083 0.04627599939703941
vt 0.06654900312423706 0.6152120232582092
vt 0.06702599674463272 0.9302889704704285
vt 0.06702599674463272 0.9614959955215454
vt 0.06702599674463272 0.9855300188064575
vt 0.06830199807882309 0.38499900698661804
vt 0.06880900263786316 0.30777400732040405
vt 0.06927900016307831 0.0012229999992996454
vt 0.06947200000286102 0.896045982837677
vt 0.06947200000286102 0.972478985786438
vt 0.07203400135040283 0.9354389905929565
vt 0.07271400094032288 0.7591760158538818
vt 0.0743509978055954 0.6771820187568665
vt 0.07456500083208084 0.8784199953079224
vt 0.07554099708795547 0.2978299856185913
vt 0.0764859989285469 0.6888880133628845
vt 0.07716699689626694 0.6623650193214417
vt 0.07730799913406372 0.9595580101013184
vt 0.07730799913406372 0.9879379868507385
vt 0.07782900333404541 0.8107010126113892
vt 0.07866399735212326 0.6386839747428894
vt 0.07975699752569199 0.9595580101013184
vt 0.07975699752569199 0.9885550141334534
vt 0.07982300221920013 0.8751450181007385
vt 0.07992599904537201 0.7977960109710693
vt 0.08018799871206284 0.74931800365448
vt 0.0803619995713234 0.947763979434967
vt 0.08064399659633636 0.8846629858016968
vt 0.08098199963569641 0.6605089902877808
vt 0.08118200302124023 0.5780689716339111
vt 0.08181799948215485 0.9349259734153748
vt 0.08225099742412567 0.562138020992279
vt 0.08250699937343597 0.6888269782066345
vt 0.08307400345802307 0.9566289782524109
vt 0.08355800062417984 0.9571120142936707
vt 0.08357399702072144 0.30055201053619385
vt 0.08383999764919281 0.880515992641449
vt 0.08383999764919281 0.9231070280075073
vt 0.08383999764919281 0.9611330032348633
vt 0.08439400047063828 0.7724959850311279
vt 0.08452100306749344 0.37737900018692017
vt 0.08511000126600266 0.01687699928879738
vt 0.08527600020170212 0.4686039984226227
vt 0.08586999773979187 0.6307349801063538
vt 0.08628600090742111 0.8784199953079224
vt 0.08628600090742111 0.9347149729728699
vt 0.08628600090742111 0.9371610283851624
vt 0.08628600090742111 0.959210991859436
vt 0.08628600090742111 0.9633299708366394
vt 0.08713900297880173 0.6945779919624329
vt 0.08868300169706345 0.5103089809417725
vt 0.08929599821567535 0.3514080047607422
vt 0.08938100188970566 0.5958099961280823
vt 0.0893929973244667 0.8753169775009155
vt 0.08963699638843536 0.7655280232429504
vt 0.0902940034866333 0.7372440099716187
vt 0.09092900156974792 0.7167519927024841
vt 0.09169699996709824 0.5714030265808105
vt 0.09229899942874908 0.811493992805481
vt 0.09258899837732315 0.9616580009460449
vt 0.09258899837732315 0.9899110198020935
vt 0.09288199990987778 0.9549869894981384
vt 0.093299001455307 0.5389149785041809
vt 0.09335099905729294 0.5703150033950806
vt 0.09370200335979462 0.7899029850959778
vt 0.09430699795484543 0.8921489715576172
vt 0.09437599778175354 0.2108599990606308
vt 0.09503500163555145 0.9694430232048035
vt 0.09503500163555145 0.9874609708786011
vt 0.09503500163555145 0.9947289824485779
vt 0.09528300166130066 0.7134230136871338
vt 0.09554500132799149 0.8500609993934631
vt 0.09563300013542175 0.940438985824585
vt 0.0958930030465126 0.9002130031585693
vt 0.09612099826335907 0.5200629830360413
vt 0.09646099805831909 0.2871600091457367
vt 0.09646899998188019 0.5048660039901733
vt 0.09753800183534622 0.3248179852962494
vt 0.0976179987192154 0.777990996837616
vt 0.09783300012350082 0.9913750290870667
vt 0.099372997879982 0.6838650107383728
vt 0.09955599904060364 0.5200690031051636
vt 0.09996200352907181 0.31032800674438477
vt 0.10027900338172913 0.9874609708786011
vt 0.10027900338172913 0.9950339794158936
vt 0.10029999911785126 0.025748999789357185
vt 0.1004830002784729 0.8848890066146851
vt 0.10058499872684479 0.7464269995689392
vt 0.10064800083637238 0.45750299096107483
vt 0.10089000314474106 0.2702479958534241
vt 0.1014930009841919 0.8058059811592102
vt 0.10189799964427948 0.8283860087394714
vt 0.10219399631023407 0.01992199942469597
vt 0.10248900204896927 0.9016749858856201
vt 0.10262300074100494 0.8759739995002747
vt 0.1027899980545044 0.9884369969367981
vt 0.10283300280570984 0.9616580009460449
vt 0.10283300280570984 0.9850149750709534
vt 0.10364600270986557 0.7312189936637878
vt 0.10402300208806992 0.7464150190353394
vt 0.10481300204992294 0.9441879987716675
vt 0.10601499676704407 0.9118880033493042
vt 0.10609299689531326 0.8964710235595703
vt 0.10676799714565277 0.5285739898681641
vt 0.10828299820423126 0.7302719950675964
vt 0.10852299630641937 0.5146470069885254
vt 0.10853900015354156 0.9065849781036377
vt 0.10853900015354156 0.9770640134811401
vt 0.10853900015354156 0.9937120079994202
vt 0.10871099680662155 0.9746180176734924
vt 0.10943099856376648 0.5525360107421875
vt 0.10982999950647354 0.5108649730682373
vt 0.11020100116729736 0.7286610007286072
vt 0.11097600311040878 0.8784199953079224
vt 0.1114410012960434 0.7366459965705872
vt 0.11193399876356125 0.7281100153923035
vt 0.11239200085401535 0.8052830100059509
vt 0.11287800222635269 0.4681969881057739
vt 0.11308799684047699 0.8940849900245667
vt 0.11308799684047699 0.9441859722137451
vt 0.11335799843072891 0.8743799924850464
vt 0.11442899703979492 0.9852150082588196
vt 0.11464399844408035 0.7233129739761353
vt 0.11481700092554092 0.6949459910392761
vt 0.1148419976234436 0.4809949994087219
vt 0.11495000123977661 0.5766680240631104
vt 0.11513599753379822 0.7196210026741028
vt 0.11580400168895721 0.7715970277786255
vt 0.11580400168895721 0.8225489854812622
vt 0.11580400168895721 0.8429539799690247
vt 0.11580400168895721 0.8914610147476196
vt 0.11580400168895721 0.8991079926490784
vt 0.11580400168895721 0.9606109857559204
vt 0.11622600257396698 0.5654760003089905
vt 0.11680100113153458 0.8646069765090942
vt 0.11705300211906433 0.9378029704093933
vt 0.11758299916982651 0.46241700649261475
vt 0.11760500073432922 0.5498660206794739
vt 0.11924199759960175 0.3866310119628906
vt 0.11929900199174881 0.9755949974060059
vt 0.1193469986319542 0.8939070105552673
vt 0.12064000219106674 0.9538789987564087
vt 0.12102100253105164 0.0495310015976429
vt 0.12234999984502792 0.7293210029602051
vt 0.12235599756240845 0.672950029373169
vt 0.12262099981307983 0.7189769744873047
vt 0.1227789968252182 0.43596601486206055
vt 0.12347999960184097 0.9309710264205933
vt 0.1235940009355545 0.4624690115451813
vt 0.12556399405002594 0.5579379796981812
vt 0.12565399706363678 0.45076999068260193
vt 0.12582199275493622 0.9426100254058838
vt 0.12582199275493622 0.9630569815635681
vt 0.12582199275493622 0.988976001739502
vt 0.1262110024690628 0.6574270129203796
vt 0.12773099541664124 0.6124910116195679
vt 0.127919003367424 0.7488740086555481
vt 0.12826800346374512 0.915058970451355
vt 0.12826800346374512 0.9582110047340393
vt 0.12826800346374512 0.960657000541687
vt 0.12826800346374512 0.9800649881362915
vt 0.12826800346374512 0.9982100129127502
vt 0.1292179971933365 0.5319650173187256
vt 0.13025499880313873 0.8262280225753784
vt 0.13086099922657013 0.030925000086426735
vt 0.13088500499725342 0.13436199724674225
vt 0.13155600428581238 0.7003840208053589
vt 0.132082000374794 0.7622209787368774
vt 0.13256999850273132 0.9754059910774231
vt 0.13263200223445892 0.9865270256996155
vt 0.13283799588680267 0.601934015750885
vt 0.13344499468803406 0.4038110077381134
vt 0.13351300358772278 0.840507984161377
vt 0.1337510049343109 0.6330999732017517
vt 0.13457399606704712 0.313060998916626
vt 0.13537999987602234 0.9435309767723083
vt 0.13548900187015533 0.6387010216712952
vt 0.1362369954586029 0.5543839931488037
vt 0.1363469958305359 0.8637710213661194
vt 0.13650399446487427 0.9800649881362915
vt 0.13650399446487427 0.995851993560791
vt 0.13671299815177917 0.7404919862747192
vt 0.13693200051784515 0.6203849911689758
vt 0.13711099326610565 0.33751899003982544
vt 0.13720500469207764 0.28321099281311035
vt 0.1377120018005371 0.5397629737854004
vt 0.13775399327278137 0.6682199835777283
vt 0.13816000521183014 0.3304379880428314
vt 0.13913799822330475 0.03900500014424324
vt 0.13976700603961945 0.4909780025482178
vt 0.14013299345970154 0.5797899961471558
vt 0.14123700559139252 0.5727859735488892
vt 0.14159099757671356 0.961417019367218
vt 0.14159099757671356 0.9776179790496826
vt 0.14159099757671356 0.9850789904594421
vt 0.1423950046300888 0.9509469866752625
vt 0.14252200722694397 0.2921929955482483
vt 0.1430169939994812 0.7172080278396606
vt 0.1434600055217743 0.6544179916381836
vt 0.14369100332260132 0.5052599906921387
vt 0.14403699338436127 0.9710140228271484
vt 0.14445500075817108 0.5163270235061646
vt 0.14513100683689117 0.08145599812269211
vt 0.1455720067024231 0.8939070105552673
vt 0.1455720067024231 0.9341679811477661
vt 0.14591099321842194 0.25334200263023376
vt 0.14687000215053558 0.5805040001869202
vt 0.1468919962644577 0.556518018245697
vt 0.14707200229167938 0.49305498600006104
vt 0.14729200303554535 0.9366139769554138
vt 0.1475050002336502 0.7093420028686523
vt 0.14750699698925018 0.563543975353241
vt 0.14756999909877777 0.6246029734611511
vt 0.14802999794483185 0.6591299772262573
vt 0.14823199808597565 0.7259550094604492
vt 0.14831200242042542 0.9135169982910156
vt 0.14835600554943085 0.6735799908638
vt 0.1484290063381195 0.7457470297813416
vt 0.14906099438667297 0.4912619888782501
vt 0.14910399913787842 0.9582110047340393
vt 0.14999499917030334 0.5708199739456177
vt 0.150178000330925 0.8463000059127808
vt 0.15024900436401367 0.6207640171051025
vt 0.1504400074481964 0.9276220202445984
vt 0.15049000084400177 0.5551720261573792
vt 0.1506039947271347 0.960657000541687
vt 0.1506039947271347 0.9889019727706909
vt 0.15065599977970123 0.8527320027351379
vt 0.15065599977970123 0.8939070105552673
vt 0.15065599977970123 0.9140669703483582
vt 0.1512649953365326 0.623399019241333
vt 0.1513890027999878 0.3250040113925934
vt 0.15142999589443207 0.506587028503418
vt 0.15223999321460724 0.6197270154953003
vt 0.15236899256706238 0.5793060064315796
vt 0.15310199558734894 0.8806250095367432
vt 0.15310199558734894 0.9167910218238831
vt 0.15310199558734894 0.9512379765510559
vt 0.15310199558734894 0.9864550232887268
vt 0.15360000729560852 0.7509300112724304
vt 0.15381400287151337 0.5613909959793091
vt 0.15387099981307983 0.5658950209617615
vt 0.15390199422836304 0.5538790225982666
vt 0.1540980041027069 0.9360849857330322
vt 0.15533000230789185 0.6615110039710999
vt 0.15549099445343018 0.5674939751625061
vt 0.1560799926519394 0.8956149816513062
vt 0.1563429981470108 0.6688889861106873
vt 0.15792900323867798 0.7216429710388184
vt 0.15809500217437744 0.6246020197868347
vt 0.15868300199508667 0.6621659994125366
vt 0.1591009944677353 0.3257000148296356
vt 0.15918299555778503 0.5621709823608398
vt 0.15921799838542938 0.9843779802322388
vt 0.15921799838542938 0.9955649971961975
vt 0.15945099294185638 0.5441259741783142
vt 0.15956099331378937 0.3106499910354614
vt 0.1596670001745224 0.7142149806022644
vt 0.1598690003156662 0.5679839849472046
vt 0.1602420061826706 0.4467419981956482
vt 0.16031600534915924 0.5591040253639221
vt 0.16089899837970734 0.9248459935188293
vt 0.16095499694347382 0.7749950289726257
vt 0.16097000241279602 0.5123429894447327
vt 0.1610649973154068 0.7273749709129333
vt 0.16132499277591705 0.9385309815406799
vt 0.16132499277591705 0.9819319844245911
vt 0.1615609973669052 0.8751779794692993
vt 0.16191600263118744 0.7200289964675903
vt 0.16250799596309662 0.36158400774002075
vt 0.164123997092247 0.891746997833252
vt 0.16426299512386322 0.9670100212097168
vt 0.16426299512386322 0.990149974822998
vt 0.16464899480342865 0.6968399882316589
vt 0.16469399631023407 0.8377329707145691
vt 0.16620899736881256 0.6289809942245483
vt 0.16622300446033478 0.29087498784065247
vt 0.16633200645446777 0.942762017250061
vt 0.16633200645446777 0.9645630121231079
vt 0.16639000177383423 0.4354169964790344
vt 0.16647100448608398 0.49309900403022766
vt 0.16676199436187744 0.3191240131855011
vt 0.1674789935350418 0.040072001516819
vt 0.16752800345420837 0.9212250113487244
vt 0.16796299815177917 0.9103509783744812
vt 0.16796299815177917 0.9271730184555054
vt 0.16884499788284302 0.32242700457572937
vt 0.16916799545288086 0.4269599914550781
vt 0.1702519953250885 0.9860000014305115
vt 0.17041000723838806 0.8956149816513062
vt 0.17041000723838806 0.9403160214424133
vt 0.1711139976978302 0.7761819958686829
vt 0.17125500738620758 0.056999001652002335
vt 0.17153400182724 0.2852500081062317
vt 0.171998992562294 0.5953249931335449
vt 0.1724029928445816 0.5738289952278137
vt 0.17260399460792542 0.5480750203132629
vt 0.17263199388980865 0.7413790225982666
vt 0.1726980060338974 0.9829019904136658
vt 0.1726980060338974 0.9888380169868469
vt 0.17292700707912445 0.65276700258255
vt 0.1734980046749115 0.5420039892196655
vt 0.17399199306964874 0.429502010345459
vt 0.1741500049829483 0.8215640187263489
vt 0.17439299821853638 0.6372830271720886
vt 0.17523400485515594 0.80485999584198
vt 0.17533299326896667 0.5573170185089111
vt 0.17566199600696564 0.9074500203132629
vt 0.17619000375270844 0.9724460244178772
vt 0.1763020008802414 0.8214210271835327
vt 0.17650799453258514 0.7460439801216125
vt 0.17676299810409546 0.807532012462616
vt 0.17709900438785553 0.34422099590301514
vt 0.17712999880313873 0.32054901123046875
vt 0.17762799561023712 0.7293210029602051
vt 0.17771899700164795 0.8039950132369995
vt 0.17802700400352478 0.5206559896469116
vt 0.17829099297523499 0.6672300100326538
vt 0.1785459965467453 0.02775299921631813
vt 0.17855599522590637 0.5509309768676758
vt 0.17899399995803833 0.9853479862213135
vt 0.17899399995803833 0.9957190155982971
vt 0.17960800230503082 0.374442994594574
vt 0.18012000620365143 0.9670090079307556
vt 0.18044300377368927 0.804951012134552
vt 0.1811559945344925 0.5369570255279541
vt 0.18161100149154663 0.6330450177192688
vt 0.18199099600315094 0.4622479975223541
vt 0.18222999572753906 0.0348690003156662
vt 0.18340200185775757 0.4938789904117584
vt 0.1837099939584732 0.901190996170044
vt 0.1837099939584732 0.9634299874305725
vt 0.1837099939584732 0.9829019904136658
vt 0.18406200408935547 0.7714470028877258
vt 0.18406200408935547 0.8143540024757385
vt 0.18466399610042572 0.5530279874801636
vt 0.18470999598503113 0.8692049980163574
vt 0.18504099547863007 0.5041890144348145
vt 0.1851470023393631 0.8429539799690247
vt 0.1851470023393631 0.8931689858436584
vt 0.18517599999904633 0.31022000312805176
vt 0.1855980008840561 0.3205290138721466
vt 0.1861560046672821 0.8956149816513062
vt 0.1861560046672821 0.9477490186691284
vt 0.1861560046672821 0.9813399910926819
vt 0.18659700453281403 0.8374760150909424
vt 0.18667800724506378 0.9614689946174622
vt 0.18701399862766266 0.502921998500824
vt 0.18744799494743347 0.787326991558075
vt 0.1875009983778 0.4969629943370819
vt 0.1879650056362152 0.7488729953765869
vt 0.1884170025587082 0.8486800193786621
vt 0.18844300508499146 0.4504770040512085
vt 0.18899600207805634 0.9639149904251099
vt 0.18899600207805634 0.992027997970581
vt 0.18917299807071686 0.23950600624084473
vt 0.18948699533939362 0.9455369710922241
vt 0.18956899642944336 0.5384809970855713
vt 0.18956899642944336 0.7980679869651794
vt 0.18956899642944336 0.8399220108985901
vt 0.18956899642944336 0.8911409974098206
vt 0.19201500713825226 0.5518569946289062
vt 0.19201500713825226 0.6375150084495544
vt 0.19201500713825226 0.8069049715995789
vt 0.19201500713825226 0.8592659831047058
vt 0.19201500713825226 0.9227920174598694
vt 0.19201500713825226 0.9465780258178711
vt 0.19201500713825226 0.9842090010643005
vt 0.1949329972267151 0.5051299929618835
vt 0.1959490031003952 0.5651950240135193
vt 0.19630099833011627 0.9725239872932434
vt 0.19655300676822662 0.574783980846405
vt 0.19787999987602234 0.9203460216522217
vt 0.19872500002384186 0.8274999856948853
vt 0.19887800514698029 0.5165449976921082
vt 0.19901999831199646 0.6293299794197083
vt 0.19940699636936188 0.02447200007736683
vt 0.1994750052690506 0.9749699831008911
vt 0.1994750052690506 0.9920719861984253
vt 0.19987699389457703 0.5413240194320679
vt 0.2000720053911209 0.446027010679245
vt 0.20024099946022034 0.4744659960269928
vt 0.20030300319194794 0.3160350024700165
vt 0.20030300319194794 0.5109900236129761
vt 0.20072300732135773 0.8893629908561707
vt 0.20151999592781067 0.8595089912414551
vt 0.2016260027885437 0.9502099752426147
vt 0.20168699324131012 0.6535509824752808
vt 0.20179300010204315 0.9371569752693176
vt 0.20274899899959564 0.40784600377082825
vt 0.20274899899959564 0.4970400035381317
vt 0.20274899899959564 0.5327759981155396
vt 0.20442700386047363 0.9434109926223755
vt 0.20442700386047363 0.9785770177841187
vt 0.20442700386047363 0.9942619800567627
vt 0.20552200078964233 0.8247330188751221
vt 0.20672500133514404 0.971409022808075
vt 0.20683200657367706 0.928879976272583
vt 0.20788900554180145 0.4037649929523468
vt 0.20861800014972687 0.29186001420021057
vt 0.20871299505233765 0.7781519889831543
vt 0.2087559998035431 0.8492820262908936
vt 0.20892399549484253 0.9689630270004272
vt 0.20911400020122528 0.286314994096756
vt 0.2097180038690567 0.8870099782943726
vt 0.2102929949760437 0.9810529947280884
vt 0.21175700426101685 0.03758300095796585
vt 0.21434099972248077 0.39921799302101135
vt 0.21464599668979645 0.39300599694252014
vt 0.21473899483680725 0.9227920174598694
vt 0.21506300568580627 0.8294389843940735
vt 0.21506300568580627 0.8692309856414795
vt 0.21506300568580627 0.9395580291748047
vt 0.21506300568580627 0.9671229720115662
vt 0.21544399857521057 0.9800639748573303
vt 0.2163040041923523 0.7510120272636414
vt 0.21678300201892853 0.6703389883041382
vt 0.21680599451065063 0.78718101978302
vt 0.2172510027885437 0.01291900034993887
vt 0.21750900149345398 0.8519009947776794
vt 0.21750900149345398 0.9431480169296265
vt 0.21783800423145294 0.9684129953384399
vt 0.21884900331497192 0.9340819716453552
vt 0.21905000507831573 0.8746839761734009
vt 0.21918100118637085 0.017493000254034996
vt 0.22009800374507904 0.5420740246772766
vt 0.22013600170612335 0.943871021270752
vt 0.22041000425815582 0.7412499785423279
vt 0.22074200212955475 0.6608970165252686
vt 0.22094400227069855 0.8944219946861267
vt 0.22096599638462067 0.6531010270118713
vt 0.22176699340343475 0.3971570134162903
vt 0.22209100425243378 0.9420859813690186
vt 0.222121000289917 0.949774980545044
vt 0.22276300191879272 0.9740309715270996
vt 0.22296099364757538 0.2675600051879883
vt 0.22369900345802307 0.3023129999637604
vt 0.22406500577926636 0.7879409790039062
vt 0.22421899437904358 0.9003499746322632
vt 0.22421899437904358 0.9510729908943176
vt 0.22421899437904358 0.9764770269393921
vt 0.22421899437904358 0.9889699816703796
vt 0.2242410033941269 0.5399659872055054
vt 0.22493599355220795 0.42809000611305237
vt 0.22516599297523499 0.5369570255279541
vt 0.22631999850273132 0.7595760226249695
vt 0.22666500508785248 0.960748016834259
vt 0.22666500508785248 0.9857749938964844
vt 0.22666600346565247 0.9000710248947144
vt 0.22673100233078003 0.2955490052700043
vt 0.22732500731945038 0.683106005191803
vt 0.22800500690937042 0.8371409773826599
vt 0.22829200327396393 0.5067510008811951
vt 0.23010699450969696 0.6584510207176208
vt 0.23012599349021912 0.749908983707428
vt 0.23037700355052948 0.18297000229358673
vt 0.23073899745941162 0.5244619846343994
vt 0.23096700012683868 0.6635249853134155
vt 0.23138900101184845 0.6733189821243286
vt 0.2317190021276474 0.7132160067558289
vt 0.2326039969921112 0.933364987373352
vt 0.23391899466514587 0.38644400238990784
vt 0.23464299738407135 0.9081299901008606
vt 0.23487000167369843 0.981440007686615
vt 0.23544499278068542 0.8944219946861267
vt 0.23544499278068542 0.9583010077476501
vt 0.23547899723052979 0.7707909941673279
vt 0.2355940043926239 0.8274989724159241
vt 0.23728099465370178 0.8233950138092041
vt 0.23789100348949432 0.9382860064506531
vt 0.23789100348949432 0.9736790060997009
vt 0.23789100348949432 0.9888659715652466
vt 0.23817099630832672 0.9000120162963867
vt 0.23851799964904785 0.005770000163465738
vt 0.23852400481700897 0.546504020690918
vt 0.23944200575351715 0.7339199781417847
vt 0.23965899646282196 0.6617439985275269
vt 0.2403849959373474 0.9225770235061646
vt 0.24041299521923065 0.306304007768631
vt 0.2413640022277832 0.8944219946861267
vt 0.24202199280261993 0.969245970249176
vt 0.24258899688720703 0.42911800742149353
vt 0.2437649965286255 0.6672620177268982
vt 0.2438109964132309 0.09121199697256088
vt 0.24501800537109375 0.6828719973564148
vt 0.24538500607013702 0.9261400103569031
vt 0.24538500607013702 0.9667999744415283
vt 0.24541500210762024 0.9768210053443909
vt 0.24653400480747223 0.35480499267578125
vt 0.24819299578666687 0.6136429905891418
vt 0.24865199625492096 0.9382539987564087
vt 0.24865199625492096 0.9813269972801208
vt 0.24949200451374054 0.9947500228881836
vt 0.2511560022830963 0.8435739874839783
vt 0.2511560022830963 0.891975998878479
vt 0.2511560022830963 0.8944219946861267
vt 0.2511560022830963 0.9788810014724731
vt 0.25146999955177307 0.03771499916911125
vt 0.25181400775909424 0.4346669912338257
vt 0.2523370087146759 0.7652040123939514
vt 0.2523370087146759 0.8250529766082764
vt 0.2528490126132965 0.2808060050010681
vt 0.2535260021686554 0.9821040034294128
vt 0.2535260021686554 0.9968529939651489
vt 0.25376999378204346 0.3663389980792999
vt 0.2547830045223236 0.6821159720420837
vt 0.2547830045223236 0.8167420029640198
vt 0.2547830045223236 0.8458880186080933
vt 0.2547830045223236 0.9219620227813721
vt 0.2549090087413788 0.6902310252189636
vt 0.25496000051498413 0.9605309963226318
vt 0.2559390068054199 0.5277100205421448
vt 0.2565009891986847 0.9629769921302795
vt 0.2565009891986847 0.9826809763908386
vt 0.2565009891986847 0.9931650161743164
vt 0.2566260099411011 0.24460600316524506
vt 0.25685998797416687 0.9851840138435364
vt 0.25689101219177246 0.2683059871196747
vt 0.25760701298713684 0.17569300532341003
vt 0.25803399085998535 0.820904016494751
vt 0.25853198766708374 0.7121170163154602
vt 0.2587890028953552 0.4970400035381317
vt 0.2587890028953552 0.5287520289421082
vt 0.2596629858016968 0.7126349806785583
vt 0.26024898886680603 0.7054100036621094
vt 0.2604900002479553 0.2591260075569153
vt 0.26049700379371643 0.7753199934959412
vt 0.26123499870300293 0.4970400035381317
vt 0.26123499870300293 0.5330399870872498
vt 0.26196399331092834 0.6608970165252686
vt 0.2624469995498657 0.06225699931383133
vt 0.2633340060710907 0.9851269721984863
vt 0.2633340060710907 0.9952340126037598
vt 0.26368799805641174 0.7533450126647949
vt 0.26376399397850037 0.8544679880142212
vt 0.2640739977359772 0.8450530171394348
vt 0.26421600580215454 0.6731089949607849
vt 0.26563000679016113 0.9661920070648193
vt 0.2656309902667999 0.9107589721679688
vt 0.2656309902667999 0.9281859993934631
vt 0.2659609913825989 0.5389620065689087
vt 0.2661759853363037 0.6525970101356506
vt 0.26807698607444763 0.9431310296058655
vt 0.26807698607444763 0.978626012802124
vt 0.26807698607444763 0.9866809844970703
vt 0.26807698607444763 0.9974660277366638
vt 0.2682969868183136 0.7424520254135132
vt 0.26837000250816345 0.8191879987716675
vt 0.2690339982509613 0.8053650259971619
vt 0.27015000581741333 0.9546629786491394
vt 0.2702850103378296 0.765658974647522
vt 0.2704870104789734 0.8859009742736816
vt 0.2713710069656372 0.7270900011062622
vt 0.2714169919490814 0.47322800755500793
vt 0.2716740071773529 0.9928479790687561
vt 0.27286800742149353 0.8433409929275513
vt 0.2741140127182007 0.4607039988040924
vt 0.2741200029850006 0.9913179874420166
vt 0.27418598532676697 0.32271599769592285
vt 0.27470800280570984 0.9618059992790222
vt 0.27474498748779297 0.9453030228614807
vt 0.2755509912967682 0.08006399869918823
vt 0.2758899927139282 0.7575280070304871
vt 0.27595099806785583 0.9542059898376465
vt 0.27679699659347534 0.908312976360321
vt 0.27691900730133057 0.9643800258636475
vt 0.27691900730133057 0.9842349886894226
vt 0.27708300948143005 0.49095600843429565
vt 0.2771590054035187 0.4726859927177429
vt 0.2771640121936798 0.8150489926338196
vt 0.2773669958114624 0.9866809844970703
vt 0.2773669958114624 0.9974979758262634
vt 0.27823400497436523 0.8835480213165283
vt 0.2785220146179199 0.9107589721679688
vt 0.2785220146179199 0.961933970451355
vt 0.27889901399612427 0.5397890210151672
vt 0.27988100051879883 0.18042799830436707
vt 0.27993500232696533 0.9708899855613708
vt 0.27993500232696533 0.994828999042511
vt 0.28013598918914795 0.6499090194702148
vt 0.28016600012779236 0.24932900071144104
vt 0.2803550064563751 0.8227620124816895
vt 0.2803550064563751 0.8527129888534546
vt 0.2807449996471405 0.4615100026130676
vt 0.28079500794410706 0.3288060128688812
vt 0.280800998210907 0.15303300321102142
vt 0.2808290123939514 0.20958000421524048
vt 0.28109800815582275 0.525767982006073
vt 0.28148698806762695 0.7892959713935852
vt 0.28235700726509094 0.9817820191383362
vt 0.28245100378990173 0.808899998664856
vt 0.2826420068740845 0.494594007730484
vt 0.2828010022640228 0.8191879987716675
vt 0.2828010022640228 0.9244740009307861
vt 0.2828010022640228 0.9516860246658325
vt 0.2845509946346283 0.3793559968471527
vt 0.28480300307273865 0.9832329750061035
vt 0.28505799174308777 0.31022000312805176
vt 0.28521600365638733 0.5388150215148926
vt 0.28528299927711487 0.5131109952926636
vt 0.28528299927711487 0.5297679901123047
vt 0.28582000732421875 0.07869099825620651
vt 0.28610700368881226 0.9367629885673523
vt 0.2863059937953949 0.12778699398040771
vt 0.28695398569107056 0.20334699749946594
vt 0.2884939908981323 0.1653040051460266
vt 0.2885499894618988 0.25086700916290283
vt 0.28908801078796387 0.8400539755821228
vt 0.28933700919151306 0.5426030158996582
vt 0.28938400745391846 0.47215700149536133
vt 0.29013198614120483 0.6177359819412231
vt 0.29016798734664917 0.5025830268859863
vt 0.2907339930534363 0.6505079865455627
vt 0.2909820079803467 0.7900270223617554
vt 0.2910979986190796 0.13065600395202637
vt 0.2911610007286072 0.22151699662208557
vt 0.2912079989910126 0.8872929811477661
vt 0.2913619875907898 0.5696399807929993
vt 0.2917099893093109 0.9316340088844299
vt 0.29183098673820496 0.9684439897537231
vt 0.2924099862575531 0.5180389881134033
vt 0.2930150032043457 0.31505799293518066
vt 0.2930150032043457 0.4865190088748932
vt 0.2930870056152344 0.9340800046920776
vt 0.2934289872646332 0.6608970165252686
vt 0.2934289872646332 0.697970986366272
vt 0.2934289872646332 0.7231280207633972
vt 0.2934289872646332 0.780538022518158
vt 0.29346999526023865 0.23338200151920319
vt 0.2941339910030365 0.941756010055542
vt 0.2941339910030365 0.9564279913902283
vt 0.2941339910030365 0.9708899855613708
vt 0.2941339910030365 0.9878140091896057
vt 0.2954620122909546 0.3737030029296875
vt 0.2954620122909546 0.5001369714736938
vt 0.2957099974155426 0.428754985332489
vt 0.29579898715019226 0.7727190256118774
vt 0.29617899656295776 0.09704100340604782
vt 0.29625698924064636 0.5547909736633301
vt 0.2965869903564453 0.8815209865570068
vt 0.29667600989341736 0.31022000312805176
vt 0.29691898822784424 0.9675149917602539
vt 0.297105997800827 0.7016509771347046
vt 0.297105997800827 0.770272970199585
vt 0.29731300473213196 0.4592429995536804
vt 0.29778000712394714 0.7772970199584961
vt 0.29778000712394714 0.8148850202560425
vt 0.29827800393104553 0.6369699835777283
vt 0.29833200573921204 0.9911559820175171
vt 0.30025801062583923 0.821274995803833
vt 0.30025801062583923 0.8761799931526184
vt 0.3003000020980835 0.3443860113620758
vt 0.30047398805618286 0.42295199632644653
vt 0.30072399973869324 0.6194769740104675
vt 0.30072399973869324 0.6584510207176208
vt 0.3008660078048706 0.5655159950256348
vt 0.3009920120239258 0.3106060028076172
vt 0.3011089861392975 0.8018640279769897
vt 0.3011690080165863 0.6796410083770752
vt 0.30130699276924133 0.5322139859199524
vt 0.30156999826431274 0.5051119923591614
vt 0.30180200934410095 0.09481599926948547
vt 0.30237001180648804 0.5612580180168152
vt 0.30275198817253113 0.6992049813270569
vt 0.3030489981174469 0.9422140121459961
vt 0.30316901206970215 0.8557800054550171
vt 0.3033379912376404 0.895018994808197
vt 0.3036459982395172 0.4791620075702667
vt 0.3036459982395172 0.5208340287208557
vt 0.3036459982395172 0.5599650144577026
vt 0.3036459982395172 0.6161100268363953
vt 0.3039909899234772 0.6208009719848633
vt 0.3040199875831604 0.9446600079536438
vt 0.3040199875831604 0.9842299818992615
vt 0.3040199875831604 0.9866759777069092
vt 0.3040199875831604 0.9949020147323608
vt 0.3040440082550049 0.23966500163078308
vt 0.3060140013694763 0.9150559902191162
vt 0.3064660131931305 0.9683470129966736
vt 0.3064660131931305 0.9780640006065369
vt 0.3064669966697693 0.9855129718780518
vt 0.3064900040626526 0.025709999725222588
vt 0.3064900040626526 0.4963349997997284
vt 0.3064900040626526 0.5998719930648804
vt 0.30936399102211 0.5789510011672974
vt 0.3098669946193695 0.030851999297738075
vt 0.3098970055580139 0.5051869750022888
vt 0.31078898906707764 0.834559977054596
vt 0.3112089931964874 0.6061090230941772
vt 0.31192299723625183 0.07804799824953079
vt 0.3126170039176941 0.9811050295829773
vt 0.3126170039176941 0.9944959878921509
vt 0.3128179907798767 0.6299039721488953
vt 0.3128660023212433 0.5164110064506531
vt 0.31311899423599243 0.9446600079536438
vt 0.3132779896259308 0.9128140211105347
vt 0.3134140074253082 0.675370991230011
vt 0.3140529990196228 0.6968370079994202
vt 0.31485098600387573 0.8605570197105408
vt 0.3149319887161255 0.6239100098609924
vt 0.3153989911079407 0.822422981262207
vt 0.31602299213409424 0.9649379849433899
vt 0.316213995218277 0.19827499985694885
vt 0.31655800342559814 0.848118007183075
vt 0.31655800342559814 0.8899940252304077
vt 0.31655800342559814 0.9786589741706848
vt 0.3169429898262024 0.4349519908428192
vt 0.3170109987258911 0.5445860028266907
vt 0.3173210024833679 0.40569600462913513
vt 0.3179149925708771 0.5808150172233582
vt 0.3179500102996826 0.21541400253772736
vt 0.31797799468040466 0.7017070055007935
vt 0.31900399923324585 0.8978840112686157
vt 0.31900399923324585 0.9158409833908081
vt 0.31900399923324585 0.9409430027008057
vt 0.31900399923324585 0.9692760109901428
vt 0.31900399923324585 0.9863359928131104
vt 0.3191309869289398 0.9133949875831604
vt 0.3203119933605194 0.9668300151824951
vt 0.3205460011959076 0.7176929712295532
vt 0.3212969899177551 0.016133999451994896
vt 0.32150399684906006 0.0311489999294281
vt 0.3241580128669739 0.5026469826698303
vt 0.32437700033187866 0.42699700593948364
vt 0.3244880139827728 0.0771540030837059
vt 0.3246400058269501 0.3358060121536255
vt 0.3253369927406311 0.045928001403808594
vt 0.32537999749183655 0.8820130228996277
vt 0.32569700479507446 0.9406769871711731
vt 0.32580500841140747 0.13930900394916534
vt 0.3263159990310669 0.02100599929690361
vt 0.3276219964027405 0.5273900032043457
vt 0.32783499360084534 0.9553769826889038
vt 0.3284440040588379 0.6003890037536621
vt 0.32848799228668213 0.9697099924087524
vt 0.32892298698425293 0.6047099828720093
vt 0.3289889991283417 0.10840599983930588
vt 0.32918500900268555 0.9250440001487732
vt 0.3294219970703125 0.028535999357700348
vt 0.3295220136642456 0.32253900170326233
vt 0.3296569883823395 0.15236300230026245
vt 0.33027899265289307 0.8994179964065552
vt 0.3305180072784424 0.20806899666786194
vt 0.33147600293159485 0.19982999563217163
vt 0.33163100481033325 0.9158409833908081
vt 0.33163100481033325 0.9385150074958801
vt 0.33163100481033325 0.9715909957885742
vt 0.33163100481033325 0.9925839900970459
vt 0.33165401220321655 0.4333280026912689
vt 0.33185499906539917 0.6654260158538818
vt 0.33194398880004883 0.3494119942188263
vt 0.3320080041885376 0.36426299810409546
vt 0.3324269950389862 0.6252890229225159
vt 0.3324269950389862 0.9691439867019653
vt 0.33285099267959595 0.5592610239982605
vt 0.3333579897880554 0.8728439807891846
vt 0.3339030146598816 0.6979659795761108
vt 0.3339970111846924 0.3933039903640747
vt 0.33410799503326416 0.018230000510811806
vt 0.334414005279541 0.0012229999992996454
vt 0.3353079855442047 0.41789400577545166
vt 0.3356820046901703 0.5012879967689514
vt 0.3363969922065735 0.4504680037498474
vt 0.33764201402664185 0.9768649935722351
vt 0.33792200684547424 0.053008999675512314
vt 0.3380509912967682 0.2991560101509094
vt 0.33807098865509033 0.23673300445079803
vt 0.33899301290512085 0.848118007183075
vt 0.3394080102443695 0.8308629989624023
vt 0.33977600932121277 0.9403820037841797
vt 0.34015899896621704 0.8456720113754272
vt 0.3403509855270386 0.28518998622894287
vt 0.3408359885215759 0.9301679730415344
vt 0.3409309983253479 0.8755710124969482
vt 0.3409309983253479 0.9025329947471619
vt 0.341154009103775 0.4578529894351959
vt 0.34193700551986694 0.05641600117087364
vt 0.34206900000572205 0.1480250060558319
vt 0.34293898940086365 0.03842899948358536
vt 0.3431900143623352 0.4971019923686981
vt 0.3433769941329956 0.8871020078659058
vt 0.3433769941329956 0.9308609962463379
vt 0.3433769941329956 0.9489240050315857
vt 0.3433769941329956 0.9627010226249695
vt 0.3433769941329956 0.9840049743652344
vt 0.3433769941329956 0.9965370297431946
vt 0.3445949852466583 0.9815589785575867
vt 0.3446730077266693 0.1082099974155426
vt 0.3450720012187958 0.4271109998226166
vt 0.34508898854255676 0.1996220052242279
vt 0.3451269865036011 0.9428529739379883
vt 0.3452419936656952 0.2578499913215637
vt 0.3452650010585785 0.9126549959182739
vt 0.3456049859523773 0.436352014541626
vt 0.34582099318504333 0.15966099500656128
vt 0.34620401263237 0.22884300351142883
vt 0.34751299023628235 0.5360659956932068
vt 0.3477630019187927 0.5159090161323547
vt 0.3481200039386749 0.24285000562667847
vt 0.34883400797843933 0.6272469758987427
vt 0.3489139974117279 0.988864004611969
vt 0.3492580056190491 0.006634000223129988
vt 0.34964799880981445 0.3655090034008026
vt 0.3504739999771118 0.4663679897785187
vt 0.35066500306129456 0.20947200059890747
vt 0.3513599932193756 0.9840049743652344
vt 0.3513599932193756 0.9975299835205078
vt 0.3517549932003021 0.9452990293502808
vt 0.3527269959449768 0.959388017654419
vt 0.35274800658226013 0.8785859942436218
vt 0.3527719974517822 0.848118007183075
vt 0.35454699397087097 0.0244159996509552
vt 0.3551729917526245 0.9488310217857361
vt 0.35518598556518555 0.08959700167179108
vt 0.35521200299263 0.05257600173354149
vt 0.35565200448036194 0.9309679865837097
vt 0.35611000657081604 0.9938790202140808
vt 0.3561739921569824 0.49622800946235657
vt 0.356456995010376 0.12181899696588516
vt 0.3564859926700592 0.2909879982471466
vt 0.35657799243927 0.04292599856853485
vt 0.35665199160575867 0.05383199825882912
vt 0.3574720025062561 0.9452990293502808
vt 0.3574720025062561 0.959909975528717
vt 0.35748299956321716 0.901997983455658
vt 0.3577759861946106 0.21931500732898712
vt 0.35778599977493286 0.5028660297393799
vt 0.3584980070590973 0.17186300456523895
vt 0.3585920035839081 0.9624509811401367
vt 0.3585920035839081 0.9855669736862183
vt 0.3589380085468292 0.09116599708795547
vt 0.35910698771476746 0.6071140170097351
vt 0.35927700996398926 0.28269699215888977
vt 0.3593049943447113 0.7021179795265198
vt 0.3595220148563385 0.599776029586792
vt 0.35992899537086487 0.949416995048523
vt 0.35993000864982605 0.8594710230827332
vt 0.35993000864982605 0.9033859968185425
vt 0.3600580096244812 0.9134309887886047
vt 0.36050400137901306 0.46109598875045776
vt 0.36076000332832336 0.20203900337219238
vt 0.3607800006866455 0.5380399823188782
vt 0.360848993062973 0.187390998005867
vt 0.3610549867153168 0.8705139756202698
vt 0.36137598752975464 0.9260879755020142
vt 0.3614799976348877 0.15912799537181854
vt 0.3616020083427429 0.9158769845962524
vt 0.3632749915122986 0.9770020246505737
vt 0.36370599269866943 0.4912930130958557
vt 0.36381301283836365 0.22452400624752045
vt 0.364003986120224 0.887349009513855
vt 0.36436501145362854 0.0859839990735054
vt 0.3644829988479614 0.9343969821929932
vt 0.3656750023365021 0.9794489741325378
vt 0.3656750023365021 0.9918019771575928
vt 0.3657050132751465 0.09193199872970581
vt 0.3664099872112274 0.6485859751701355
vt 0.36653199791908264 0.08180099725723267
vt 0.36654898524284363 0.2774899899959564
vt 0.36656999588012695 0.46079400181770325
vt 0.3681209981441498 0.9794480204582214
vt 0.3681209981441498 0.9938390254974365
vt 0.3690190017223358 0.7099469900131226
vt 0.3695429861545563 0.5208100080490112
vt 0.3707149922847748 0.9720590114593506
vt 0.3714430034160614 0.9832649827003479
vt 0.3717139959335327 0.19203099608421326
vt 0.37181800603866577 0.9221450090408325
vt 0.37181800603866577 0.960004985332489
vt 0.37181800603866577 0.9624509811401367
vt 0.3734099864959717 0.848118007183075
vt 0.37401100993156433 0.8666419982910156
vt 0.3741829991340637 0.9883720278739929
vt 0.37429699301719666 0.09788300096988678
vt 0.37483298778533936 0.9158779978752136
vt 0.37483298778533936 0.976718008518219
vt 0.3751809895038605 0.01836100034415722
vt 0.3752399981021881 0.607138991355896
vt 0.37524500489234924 0.13463899493217468
vt 0.375328004360199 0.5353549718856812
vt 0.37605801224708557 0.5786240100860596
vt 0.37608298659324646 0.9061869978904724
vt 0.37648800015449524 0.38247498869895935
vt 0.37686601281166077 0.44350799918174744
vt 0.3781749904155731 0.34861698746681213
vt 0.378387987613678 0.8372970223426819
vt 0.37946298718452454 0.458732008934021
vt 0.3795450031757355 0.9776790142059326
vt 0.3800159990787506 0.36079901456832886
vt 0.38065600395202637 0.9351789951324463
vt 0.3808479905128479 0.8858950138092041
vt 0.3808479905128479 0.9263960123062134
vt 0.3808479905128479 0.9801250100135803
vt 0.3808479905128479 0.9928979873657227
vt 0.3810049891471863 0.055247001349925995
vt 0.381428986787796 0.2851429879665375
vt 0.38158100843429565 0.2986049950122833
vt 0.38192400336265564 0.4971649944782257
vt 0.3822070062160492 0.4271230101585388
vt 0.3832949995994568 0.8749169707298279
vt 0.3832949995994568 0.9270200133323669
vt 0.3832949995994568 0.9689819812774658
vt 0.3832949995994568 0.98403000831604
vt 0.38350701332092285 0.034869998693466187
vt 0.38378700613975525 0.29086700081825256
vt 0.38380199670791626 0.8653259873390198
vt 0.38383299112319946 0.9679949879646301
vt 0.38474300503730774 0.6960350275039673
vt 0.3848179876804352 0.6992610096931458
vt 0.38497599959373474 0.22916999459266663
vt 0.386370986700058 0.950829029083252
vt 0.387035995721817 0.006004000082612038
vt 0.3873920142650604 0.5003960132598877
vt 0.38825398683547974 0.3139890134334564
vt 0.38844001293182373 0.7170400023460388
vt 0.3892810046672821 0.9714279770851135
vt 0.3892810046672821 0.9926660060882568
vt 0.3893600106239319 0.5417429804801941
vt 0.38952499628067017 0.44859200716018677
vt 0.3897239863872528 0.1851159930229187
vt 0.3900189995765686 0.5021730065345764
vt 0.3905070126056671 0.94896399974823
vt 0.39055201411247253 0.9686939716339111
vt 0.3907729983329773 0.822363018989563
vt 0.39104101061820984 0.3826630115509033
vt 0.3910979926586151 0.7017070055007935
vt 0.3915860056877136 0.690871000289917
vt 0.3917190134525299 0.9138330221176147
vt 0.3925110101699829 0.6274570226669312
vt 0.39270099997520447 0.9551900029182434
vt 0.39291098713874817 0.5209839940071106
vt 0.39311298727989197 0.9851440191268921
vt 0.39357298612594604 0.5994380116462708
vt 0.39364001154899597 0.3666689991950989
vt 0.39393800497055054 0.8691139817237854
vt 0.3951469957828522 0.9460279941558838
vt 0.3952290117740631 0.43507900834083557
vt 0.39568498730659485 0.35307401418685913
vt 0.39569100737571716 0.9716020226478577
vt 0.39603298902511597 0.34089401364326477
vt 0.3966760039329529 0.848118007183075
vt 0.39696601033210754 0.2078379988670349
vt 0.3971790075302124 0.8311049938201904
vt 0.3974339962005615 0.7317960262298584
vt 0.39763501286506653 0.427513986825943
vt 0.3977630138397217 0.9180769920349121
vt 0.3980239927768707 0.1707639992237091
vt 0.398142009973526 0.7410420179367065
vt 0.3981480002403259 0.04917600005865097
vt 0.39972400665283203 0.3360239863395691
vt 0.3999969959259033 0.6061639785766602
vt 0.40061700344085693 0.4078330099582672
vt 0.4010399878025055 0.4967480003833771
vt 0.4019530117511749 0.911387026309967
vt 0.4019849896430969 0.5531759858131409
vt 0.4029580056667328 0.7757930159568787
vt 0.403670996427536 0.9138330221176147
vt 0.403670996427536 0.96915602684021
vt 0.403670996427536 0.9851440191268921
vt 0.4041529893875122 0.8585129976272583
vt 0.4041529893875122 0.8835570216178894
vt 0.4047729969024658 0.8067119717597961
vt 0.404774010181427 0.6752550005912781
vt 0.4049380123615265 0.04990699887275696
vt 0.4053640067577362 0.52776700258255
vt 0.40566301345825195 0.6972090005874634
vt 0.405690997838974 0.7142360210418701
vt 0.40586501359939575 0.017920000478625298
vt 0.406127005815506 0.5427110195159912
vt 0.4065989851951599 0.8732939958572388
vt 0.4065989851951599 0.9508699774742126
vt 0.4065989851951599 0.9533159732818604
vt 0.40667998790740967 0.9715970158576965
vt 0.4068019986152649 0.4341770112514496
vt 0.4069400131702423 0.20049400627613068
vt 0.407164990901947 0.6224319934844971
vt 0.40773600339889526 0.9331390261650085
vt 0.40816399455070496 0.579850971698761
vt 0.4085080027580261 0.848118007183075
vt 0.4086889922618866 0.6013320088386536
vt 0.4089150130748749 0.055844999849796295
vt 0.4090479910373688 0.9070670008659363
vt 0.4091840088367462 0.6307039856910706
vt 0.4094969928264618 0.9952589869499207
vt 0.4099870026111603 0.17301400005817413
vt 0.41008201241493225 0.7256900072097778
vt 0.4101400077342987 0.49891600012779236
vt 0.41032201051712036 0.7394090294837952
vt 0.4108000099658966 0.5109090209007263
vt 0.41151800751686096 0.01956300064921379
vt 0.4127109944820404 0.9865769743919373
vt 0.4137440025806427 0.8990870118141174
vt 0.4146830141544342 0.24070599675178528
vt 0.415026992559433 0.9537320137023926
vt 0.415026992559433 0.9841309785842896
vt 0.415026992559433 0.9952589869499207
vt 0.4150800108909607 0.9476690292358398
vt 0.41660600900650024 0.254626989364624
vt 0.41685301065444946 0.8167110085487366
vt 0.41758498549461365 0.8854740262031555
vt 0.41758498549461365 0.9090859889984131
vt 0.41758498549461365 0.9141499996185303
vt 0.417697012424469 0.848118007183075
vt 0.417697012424469 0.883027970790863
vt 0.41775599122047424 0.7829849720001221
vt 0.4181729853153229 0.2286600023508072
vt 0.4185810089111328 0.5637509822845459
vt 0.4188779890537262 0.9780009984970093
vt 0.4188779890537262 0.9818940162658691
vt 0.4190079867839813 0.9428319931030273
vt 0.4190079867839813 0.9622020125389099
vt 0.41937199234962463 0.9115319848060608
vt 0.41937199234962463 0.9208199977874756
vt 0.4193750023841858 0.556011974811554
vt 0.4193750023841858 0.8063669800758362
vt 0.4193750023841858 0.8538370132446289
vt 0.4193750023841858 0.8953329920768738
vt 0.421627014875412 0.9242870211601257
vt 0.4218209981918335 0.37757501006126404
vt 0.4218209981918335 0.5460699796676636
vt 0.4218209981918335 0.7609739899635315
vt 0.4218209981918335 0.8668360114097595
vt 0.4218209981918335 0.9213290214538574
vt 0.42214998602867126 0.41811901330947876
vt 0.4232589900493622 0.9933540225028992
vt 0.4240489900112152 0.4740239977836609
vt 0.425123006105423 0.18986499309539795
vt 0.4251590073108673 0.734188973903656
vt 0.42538198828697205 0.7021470069885254
vt 0.4258260130882263 0.9818940162658691
vt 0.42596501111984253 0.7774869799613953
vt 0.4260669946670532 0.890163004398346
vt 0.42646101117134094 0.31408900022506714
vt 0.42676499485969543 0.9027829766273499
vt 0.42698100209236145 0.40051698684692383
vt 0.42707398533821106 0.30723199248313904
vt 0.42736199498176575 0.7630329728126526
vt 0.4277440011501312 0.03882500156760216
vt 0.4282679855823517 0.24146300554275513
vt 0.428272008895874 0.9818940162658691
vt 0.428272008895874 0.998511016368866
vt 0.4283500015735626 0.481997013092041
vt 0.42845800518989563 0.8297629952430725
vt 0.428943008184433 0.6473749876022339
vt 0.4291819930076599 0.4490090012550354
vt 0.4298349916934967 0.576852023601532
vt 0.4299300014972687 0.3766320049762726
vt 0.42995700240135193 0.02218399941921234
vt 0.4303149878978729 0.4307459890842438
vt 0.43035998940467834 0.5566830039024353
vt 0.4310159981250763 0.9482399821281433
vt 0.4310159981250763 0.9646480083465576
vt 0.4310159981250763 0.9794480204582214
vt 0.4319019913673401 0.3553819954395294
vt 0.4325230121612549 0.99269700050354
vt 0.43303200602531433 0.5468940138816833
vt 0.43335598707199097 0.6384199857711792
vt 0.433461993932724 0.9580240249633789
vt 0.433461993932724 0.9664160013198853
vt 0.435139000415802 0.8643730282783508
vt 0.43553900718688965 0.6200950145721436
vt 0.4357590079307556 0.9624329805374146
vt 0.43613898754119873 0.7853010296821594
vt 0.4365200102329254 0.9871969819068909
vt 0.4366990029811859 0.9218400120735168
vt 0.4382320046424866 0.6700369715690613
vt 0.43883299827575684 0.5998830199241638
vt 0.43900999426841736 0.21764400601387024
vt 0.43901801109313965 0.7314779758453369
vt 0.43936800956726074 0.9242870211601257
vt 0.43957099318504333 0.9745259881019592
vt 0.4396199882030487 0.7049149870872498
vt 0.4405420124530792 0.8969600200653076
vt 0.44140100479125977 0.8074460029602051
vt 0.4418869912624359 0.9372950196266174
vt 0.4426400065422058 0.4351690113544464
vt 0.442764014005661 0.8810639977455139
vt 0.442764014005661 0.9628300070762634
vt 0.442764014005661 0.9769719839096069
vt 0.442764014005661 0.9930530190467834
vt 0.4429819881916046 0.31228700280189514
vt 0.44314101338386536 0.3839719891548157
vt 0.44397398829460144 0.6839950084686279
vt 0.4440540075302124 0.6992830038070679
vt 0.4443710148334503 0.766514003276825
vt 0.4452100098133087 0.8974819779396057
vt 0.4452100098133087 0.9732120037078857
vt 0.4452100098133087 0.9798830151557922
vt 0.44524699449539185 0.4816100001335144
vt 0.4462130069732666 0.9632769823074341
vt 0.4476209878921509 0.9207109808921814
vt 0.44813498854637146 0.5490949749946594
vt 0.44818198680877686 0.3567340075969696
vt 0.4489389955997467 0.5306299924850464
vt 0.44936200976371765 0.4746429920196533
vt 0.4496690034866333 0.8698310256004333
vt 0.4500249922275543 0.9578719735145569
vt 0.450190007686615 0.7057499885559082
vt 0.4502759873867035 0.8061959743499756
vt 0.45065000653266907 0.8139529824256897
vt 0.45066601037979126 0.6212409734725952
vt 0.450859010219574 0.18419800698757172
vt 0.45176300406455994 0.9756579995155334
vt 0.45176300406455994 0.994255006313324
vt 0.4519909918308258 0.7528650164604187
vt 0.45275500416755676 0.2431820034980774
vt 0.45337799191474915 0.9293429851531982
vt 0.4538860023021698 0.2372259944677353
vt 0.4543150067329407 0.5555729866027832
vt 0.4545289874076843 0.2851429879665375
vt 0.45469900965690613 0.22647300362586975
vt 0.4547030031681061 0.9732120037078857
vt 0.45518600940704346 0.8098539710044861
vt 0.45626300573349 0.45024800300598145
vt 0.45652300119400024 0.816806972026825
vt 0.45674899220466614 0.8297629952430725
vt 0.45704200863838196 0.8828459978103638
vt 0.4571489989757538 0.9590780138969421
vt 0.4571489989757538 0.9858700037002563
vt 0.4571489989757538 0.9983599781990051
vt 0.45726001262664795 0.8131909966468811
vt 0.45793500542640686 0.7020059823989868
vt 0.45850199460983276 0.9789199829101562
vt 0.45859700441360474 0.6155449748039246
vt 0.4587390124797821 0.8977029919624329
vt 0.45982399582862854 0.16693300008773804
vt 0.4599139988422394 0.5637710094451904
vt 0.46038100123405457 0.8102620244026184
vt 0.4604089856147766 0.8588780164718628
vt 0.46091601252555847 0.7059839963912964
vt 0.46141698956489563 0.015560000203549862
vt 0.46195900440216064 0.9906700253486633
vt 0.4621630012989044 0.37762001156806946
vt 0.46226298809051514 0.7892659902572632
vt 0.46344101428985596 0.3383069932460785
vt 0.46365100145339966 0.9293419718742371
vt 0.46365100145339966 0.9834240078926086
vt 0.4639739990234375 0.8689330220222473
vt 0.4639739990234375 0.9268959760665894
vt 0.46466198563575745 0.0019320000428706408
vt 0.46524500846862793 0.4869979918003082
vt 0.4653339982032776 0.5252760052680969
vt 0.46565499901771545 0.03717200085520744
vt 0.46625301241874695 0.6329479813575745
vt 0.4664199948310852 0.8528349995613098
vt 0.4664199948310852 0.9186239838600159
vt 0.4664199948310852 0.9517809748649597
vt 0.4664199948310852 0.972121000289917
vt 0.4664199948310852 0.9842399954795837
vt 0.4680599868297577 0.046386998146772385
vt 0.4691540002822876 0.8297629952430725
vt 0.46955299377441406 0.21727800369262695
vt 0.4697299897670746 0.5139260292053223
vt 0.4710119962692261 0.8273169994354248
vt 0.4710650146007538 0.44713398814201355
vt 0.4713189899921417 0.48071199655532837
vt 0.47278299927711487 0.8640120029449463
vt 0.47321000695228577 0.9542269706726074
vt 0.473268985748291 0.38526400923728943
vt 0.4733029901981354 0.8888540267944336
vt 0.47339001297950745 0.6433029770851135
vt 0.47345900535583496 0.2416670024394989
vt 0.4734809994697571 0.6195300221443176
vt 0.47372201085090637 0.9745669960975647
vt 0.47372201085090637 0.9920240044593811
vt 0.47453799843788147 0.9161779880523682
vt 0.47497299313545227 0.46662598848342896
vt 0.4761680066585541 0.9745669960975647
vt 0.4761680066585541 0.9947850108146667
vt 0.476269006729126 0.17050400376319885
vt 0.4762760102748871 0.522150993347168
vt 0.4768100082874298 0.48629701137542725
vt 0.47864699363708496 0.35006898641586304
vt 0.47872498631477356 0.050732001662254333
vt 0.4788529872894287 0.19860799610614777
vt 0.4794839918613434 0.6037949919700623
vt 0.48096901178359985 0.4531170129776001
vt 0.48151999711990356 0.8246020078659058
vt 0.48159199953079224 0.6333289742469788
vt 0.4817900061607361 0.972121000289917
vt 0.48183000087738037 0.9880719780921936
vt 0.4819810092449188 0.9495120048522949
vt 0.48307299613952637 0.8894659876823425
vt 0.48361900448799133 0.6921049952507019
vt 0.48442700505256653 0.9462530016899109
vt 0.48455899953842163 0.9842450022697449
vt 0.4845600128173828 0.9896910190582275
vt 0.4845789968967438 0.8506709933280945
vt 0.4847419857978821 0.6844879984855652
vt 0.48716500401496887 0.9186239838600159
vt 0.48716500401496887 0.9518010020256042
vt 0.48716500401496887 0.9866909980773926
vt 0.48716500401496887 0.9983360171318054
vt 0.4872319996356964 0.8303670287132263
vt 0.4872319996356964 0.8696770071983337
vt 0.48956799507141113 0.2858850061893463
vt 0.4896779954433441 0.8981549739837646
vt 0.4896779954433441 0.9231280088424683
vt 0.4896779954433441 0.9711629748344421
vt 0.4896779954433441 0.9863010048866272
vt 0.48981600999832153 0.030327999964356422
vt 0.4898639917373657 0.6995599865913391
vt 0.48990198969841003 0.5150610208511353
vt 0.49059298634529114 0.532247006893158
vt 0.49075400829315186 0.016620999202132225
vt 0.4916679859161377 0.5501570105552673
vt 0.4919529855251312 0.056853000074625015
vt 0.4923810064792633 0.08916299790143967
vt 0.49247899651527405 0.4869990050792694
vt 0.49315500259399414 0.2599720060825348
vt 0.4933890104293823 0.9202619791030884
vt 0.494581013917923 0.1584489941596985
vt 0.4946810007095337 0.32589900493621826
vt 0.49488499760627747 0.5378760099411011
vt 0.49489399790763855 0.6699339747428894
vt 0.4957660138607025 0.825186014175415
vt 0.4960330128669739 0.12819600105285645
vt 0.49652400612831116 0.9736089706420898
vt 0.49652400612831116 0.9924579858779907
vt 0.4969179928302765 0.599856972694397
vt 0.49694201350212097 0.6613600254058838
vt 0.49698299169540405 0.4677099883556366
vt 0.49706900119781494 0.7994170188903809
vt 0.4974370002746582 0.8593559861183167
vt 0.49782100319862366 0.6268079876899719
vt 0.4979270100593567 0.8913739919662476
vt 0.49796798825263977 0.3786729872226715
vt 0.49816399812698364 0.06629999727010727
vt 0.4983139932155609 0.4824950098991394
vt 0.4983940124511719 0.8101590275764465
vt 0.49959900975227356 0.6167290210723877
vt 0.49965399503707886 0.6354740262031555
vt 0.49966201186180115 0.9667410254478455
vt 0.49980399012565613 0.9890769720077515
vt 0.5005220174789429 0.15520599484443665
vt 0.5016180276870728 0.14658600091934204
vt 0.5016520023345947 0.4347369968891144
vt 0.5021079778671265 0.9694820046424866
vt 0.5022979974746704 0.2243890017271042
vt 0.5030689835548401 0.9665679931640625
vt 0.5035219788551331 0.8297629952430725
vt 0.5036200284957886 0.16870300471782684
vt 0.5036489963531494 0.8148639798164368
vt 0.5037890076637268 0.08701799809932709
vt 0.5038340091705322 0.770376980304718
vt 0.5042330026626587 0.9790369868278503
vt 0.5046499967575073 0.6494809985160828
vt 0.5048440098762512 0.385113000869751
vt 0.5049039721488953 0.23780600726604462
vt 0.5049480199813843 0.3062950074672699
vt 0.5059090256690979 0.5556129813194275
vt 0.5059329867362976 0.7035599946975708
vt 0.5064110159873962 0.08058899641036987
vt 0.5067369937896729 0.9231280088424683
vt 0.5067369937896729 0.9697759747505188
vt 0.5067369937896729 0.981482982635498
vt 0.5067369937896729 0.9935460090637207
vt 0.5068820118904114 0.8975729942321777
vt 0.5069869756698608 0.5850459933280945
vt 0.5070210099220276 0.03937799856066704
vt 0.5076069831848145 0.1371680051088333
vt 0.5089330077171326 0.06025800108909607
vt 0.5089420080184937 0.8696979880332947
vt 0.5089420080184937 0.9206820130348206
vt 0.5092160105705261 0.9240990281105042
vt 0.5092160105705261 0.9463620185852051
vt 0.5092160105705261 0.9510120153427124
vt 0.5092160105705261 0.9740210175514221
vt 0.5092160105705261 0.9887890219688416
vt 0.5096489787101746 0.18323199450969696
vt 0.510358989238739 0.8127989768981934
vt 0.5104110240936279 0.20397299528121948
vt 0.5107700228691101 0.35857298970222473
vt 0.5113880038261414 0.8556789755821228
vt 0.5115360021591187 0.801501989364624
vt 0.512365996837616 0.5509790182113647
vt 0.512565016746521 0.14219699800014496
vt 0.5128340125083923 0.48557600378990173
vt 0.5130379796028137 0.9216520190238953
vt 0.5136579871177673 0.9625909924507141
vt 0.513841986656189 0.19525200128555298
vt 0.5140870213508606 0.06506700068712234
vt 0.5141749978065491 0.18679200112819672
vt 0.5142359733581543 0.1704840064048767
vt 0.5148789882659912 0.45409199595451355
vt 0.5148879885673523 0.43488800525665283
vt 0.5154460072517395 0.37898701429367065
vt 0.5157449841499329 0.1395290046930313
vt 0.5161389708518982 0.767179012298584
vt 0.5162280201911926 0.8803319931030273
vt 0.5170980095863342 0.7461280226707458
vt 0.5171689987182617 0.8297629952430725
vt 0.517425000667572 0.9547320008277893
vt 0.518447995185852 0.31419000029563904
vt 0.5189470052719116 0.976468026638031
vt 0.5189470052719116 0.989067018032074
vt 0.5190709829330444 0.4727399945259094
vt 0.5192350149154663 0.5140699744224548
vt 0.5196959972381592 0.8228669762611389
vt 0.519802987575531 0.4044010043144226
vt 0.5204020142555237 0.8058149814605713
vt 0.5204489827156067 0.2887980043888092
vt 0.5208730101585388 0.3855850100517273
vt 0.5211889743804932 0.2741149961948395
vt 0.5212259888648987 0.7074790000915527
vt 0.5223140120506287 0.0765250027179718
vt 0.5223450064659119 0.9645479917526245
vt 0.5227890014648438 0.04824500158429146
vt 0.522894024848938 0.9357209801673889
vt 0.5232959985733032 0.421858012676239
vt 0.5233830213546753 0.3557240068912506
vt 0.5234689712524414 0.0012229999992996454
vt 0.5236009955406189 0.8581830263137817
vt 0.523747980594635 0.030993999913334846
vt 0.5240179896354675 0.30990898609161377
vt 0.524420976638794 0.13115300238132477
vt 0.5245299935340881 0.01830199919641018
vt 0.5247910022735596 0.9570969939231873
vt 0.5250080227851868 0.9510120153427124
vt 0.5253440141677856 0.01413000002503395
vt 0.5258989930152893 0.190078005194664
vt 0.5267149806022644 0.3617910146713257
vt 0.5276600122451782 0.7413700222969055
vt 0.5279420018196106 0.11567100137472153
vt 0.5283709764480591 0.7511759996414185
vt 0.5291150212287903 0.17882299423217773
vt 0.5291730165481567 0.21188999712467194
vt 0.5293009877204895 0.05788800120353699
vt 0.5293030142784119 0.9549829959869385
vt 0.5293030142784119 0.9954580068588257
vt 0.5298810005187988 0.8440319895744324
vt 0.5298810005187988 0.8763579726219177
vt 0.5298810005187988 0.9485660195350647
vt 0.5312389731407166 0.42107701301574707
vt 0.5313649773597717 0.10291600227355957
vt 0.5323209762573242 0.7762579917907715
vt 0.5323269963264465 0.891169011592865
vt 0.5323269963264465 0.9693459868431091
vt 0.5326279997825623 0.7020059823989868
vt 0.5330550074577332 0.258107990026474
vt 0.5330849885940552 0.18032699823379517
vt 0.5336310267448425 0.24011999368667603
vt 0.533685028553009 0.49273601174354553
vt 0.533685028553009 0.6350100040435791
vt 0.533685028553009 0.6478300094604492
vt 0.533685028553009 0.6991239786148071
vt 0.5336859822273254 0.30539000034332275
vt 0.5341820120811462 0.8297629952430725
vt 0.5343999862670898 0.6895740032196045
vt 0.5347740054130554 0.6396170258522034
vt 0.5355380177497864 0.61776202917099
vt 0.5355550050735474 0.7246209979057312
vt 0.5357959866523743 0.20259499549865723
vt 0.5372899770736694 0.68190997838974
vt 0.5373839735984802 0.22380299866199493
vt 0.5375120043754578 0.6920199990272522
vt 0.5378519892692566 0.881085991859436
vt 0.5378519892692566 0.9603390097618103
vt 0.5382890105247498 0.024822000414133072
vt 0.5386949777603149 0.3234660029411316
vt 0.5388069748878479 0.7625380158424377
vt 0.5388590097427368 0.962785005569458
vt 0.5388590097427368 0.9895560145378113
vt 0.5395259857177734 0.0053079999051988125
vt 0.5399320125579834 0.6467419862747192
vt 0.5401189923286438 0.4819830060005188
vt 0.5404859781265259 0.6991239786148071
vt 0.5405610203742981 0.09087300300598145
vt 0.5405920147895813 0.17858000099658966
vt 0.5407519936561584 0.6371709704399109
vt 0.5409349799156189 0.5176389813423157
vt 0.5410370230674744 0.018378999084234238
vt 0.5412529706954956 0.7907789945602417
vt 0.5412529706954956 0.8609060049057007
vt 0.5418570041656494 0.06461600214242935
vt 0.5422660112380981 0.2286050021648407
vt 0.5429319739341736 0.6994420289993286
vt 0.543097972869873 0.9306430220603943
vt 0.543097972869873 0.9847229719161987
vt 0.543097972869873 0.9894829988479614
vt 0.5445989966392517 0.8362380266189575
vt 0.5452330112457275 0.8927159905433655
vt 0.5456500053405762 0.16803500056266785
vt 0.545861005783081 0.8758640289306641
vt 0.5463780164718628 0.11814799904823303
vt 0.5469440221786499 0.9031230211257935
vt 0.5472769737243652 0.34452900290489197
vt 0.5477070212364197 0.6920199990272522
vt 0.5477070212364197 0.6995120048522949
vt 0.5482180118560791 0.980226993560791
vt 0.5484259724617004 0.19677700102329254
vt 0.548429012298584 0.9871690273284912
vt 0.548429012298584 0.9949120283126831
vt 0.5495169758796692 0.2070389986038208
vt 0.5495839715003967 0.9603819847106934
vt 0.5499150156974792 0.3963159918785095
vt 0.5499989986419678 0.06475099921226501
vt 0.5501530170440674 0.6920199990272522
vt 0.551056981086731 0.5644800066947937
vt 0.5510720014572144 0.6878849864006042
vt 0.5511729717254639 0.5451380014419556
vt 0.5520259737968445 0.9281970262527466
vt 0.5520300269126892 0.952908992767334
vt 0.5525280237197876 0.9306430220603943
vt 0.5526599884033203 0.37928399443626404
vt 0.5529659986495972 0.6993420124053955
vt 0.553276002407074 0.45012301206588745
vt 0.553741991519928 0.9830489754676819
vt 0.5541639924049377 0.9921650290489197
vt 0.5547450184822083 0.434906005859375
vt 0.5550040006637573 0.6920199990272522
vt 0.5556889772415161 0.5206909775733948
vt 0.5559390187263489 0.7630839943885803
vt 0.5560920238494873 0.7359169721603394
vt 0.5563309788703918 0.3383120000362396
vt 0.5566160082817078 0.5015490055084229
vt 0.55662602186203 0.01958400011062622
vt 0.5571749806404114 0.8963660001754761
vt 0.557449996471405 0.6993560194969177
vt 0.5575960278511047 0.798117995262146
vt 0.5580400228500366 0.44342300295829773
vt 0.558368980884552 0.8332930207252502
vt 0.5583789944648743 0.12654699385166168
vt 0.5590580105781555 0.3015280067920685
vt 0.5594339966773987 0.6920199990272522
vt 0.559535026550293 0.9523190259933472
vt 0.5595470070838928 0.835739016532898
vt 0.5595470070838928 0.8688809871673584
vt 0.5595470070838928 0.9392099976539612
vt 0.5595470070838928 0.9783390164375305
vt 0.5595470070838928 0.9854959845542908
vt 0.5595470070838928 0.9969339966773987
vt 0.56004798412323 0.0649000033736229
vt 0.5611330270767212 0.1171559989452362
vt 0.5612289905548096 0.5575870275497437
vt 0.5616520047187805 0.6993560194969177
vt 0.5618739724159241 0.1973319947719574
vt 0.5619930028915405 0.835739016532898
vt 0.5619930028915405 0.8889300227165222
vt 0.5619930028915405 0.9555119872093201
vt 0.5619930028915405 0.9579579830169678
vt 0.5619930028915405 0.976082980632782
vt 0.5619930028915405 0.9836900234222412
vt 0.5620089769363403 0.9441869854927063
vt 0.5622879862785339 0.33136600255966187
vt 0.5629199743270874 0.06534399837255478
vt 0.5635949969291687 0.3797610104084015
vt 0.5640980005264282 0.6979020237922668
vt 0.564303994178772 0.2022549957036972
vt 0.56455397605896 0.7687060236930847
vt 0.5645599961280823 0.7155399918556213
vt 0.5648450255393982 0.6920199990272522
vt 0.5662320256233215 0.12132599949836731
vt 0.5663229823112488 0.9785289764404297
vt 0.5663229823112488 0.9977980256080627
vt 0.566349983215332 0.49028998613357544
vt 0.5664240121841431 0.8586530089378357
vt 0.5668740272521973 0.5346599817276001
vt 0.567454993724823 0.44089099764823914
vt 0.5678750276565552 0.2851429879665375
vt 0.5678750276565552 0.4514949917793274
vt 0.5680549740791321 0.8719969987869263
vt 0.5682939887046814 0.7527980208396912
vt 0.5687689781188965 0.9785289764404297
vt 0.5687689781188965 0.9940119981765747
vt 0.5688779950141907 0.07078500092029572
vt 0.5691649913787842 0.9072089791297913
vt 0.5692899823188782 0.6979020237922668
vt 0.5703219771385193 0.3380959928035736
vt 0.5703219771385193 0.42997801303863525
vt 0.5703219771385193 0.4748220145702362
vt 0.5703219771385193 0.4892979860305786
vt 0.5703759789466858 0.28792500495910645
vt 0.5705779790878296 0.9620969891548157
vt 0.5711519718170166 0.05680600181221962
vt 0.5713629722595215 0.13317500054836273
vt 0.5717039704322815 0.4723759889602661
vt 0.5717359781265259 0.6920199990272522
vt 0.5717359781265259 0.6995310187339783
vt 0.5723530054092407 0.4603089988231659
vt 0.5730909705162048 0.7253040075302124
vt 0.5731899738311768 0.43434399366378784
vt 0.5736809968948364 0.3187130093574524
vt 0.5740770101547241 0.4763660132884979
vt 0.5740919709205627 0.5106880068778992
vt 0.5742719769477844 0.6396170258522034
vt 0.5745220184326172 0.9877880215644836
vt 0.5750139951705933 0.929373025894165
vt 0.5752969980239868 0.8962259888648987
vt 0.5754920244216919 0.9545810222625732
vt 0.575564980506897 0.6943749785423279
vt 0.5761309862136841 0.2851429879665375
vt 0.576259970664978 0.9703249931335449
vt 0.5762739777565002 0.026669999584555626
vt 0.5767189860343933 0.4996950030326843
vt 0.5767189860343933 0.6119229793548584
vt 0.5770890116691589 0.5679730176925659
vt 0.5772150158882141 0.7020059823989868
vt 0.5776320099830627 0.466403990983963
vt 0.5782690048217773 0.520484983921051
vt 0.5783219933509827 0.8302609920501709
vt 0.5784729719161987 0.6745420098304749
vt 0.5785599946975708 0.8571230173110962
vt 0.5787060260772705 0.9790170192718506
vt 0.5787060260772705 0.9875029921531677
vt 0.5787060260772705 0.9936699867248535
vt 0.579571008682251 0.6920199990272522
vt 0.5799700021743774 0.8793820142745972
vt 0.580748975276947 0.37650200724601746
vt 0.5811669826507568 0.9890140295028687
vt 0.5812399983406067 0.40974000096321106
vt 0.5814530253410339 0.9318190217018127
vt 0.5814530253410339 0.9510499835014343
vt 0.5814700126647949 0.29040399193763733
vt 0.5816429853439331 0.6983540058135986
vt 0.5821620225906372 0.45559200644493103
vt 0.5823050141334534 0.35236498713493347
vt 0.5823289752006531 0.6434450149536133
vt 0.5824159979820251 0.8448969721794128
vt 0.582660973072052 0.9010699987411499
vt 0.582660973072052 0.9269809722900391
vt 0.5831109881401062 0.8839589953422546
vt 0.5833370089530945 0.7094389796257019
vt 0.5833370089530945 0.8283910155296326
vt 0.583624005317688 0.9579579830169678
vt 0.583624005317688 0.98505699634552
vt 0.5838050246238708 0.5123969912528992
vt 0.583981990814209 0.835739016532898
vt 0.583981990814209 0.8807880282402039
vt 0.583981990814209 0.8864049911499023
vt 0.583981990814209 0.9094600081443787
vt 0.5840740203857422 0.5813080072402954
vt 0.5840740203857422 0.6895740032196045
vt 0.5840740203857422 0.6920199990272522
vt 0.5841000080108643 0.9119060039520264
vt 0.5841000080108643 0.9272119998931885
vt 0.5842450261116028 0.47892600297927856
vt 0.5842450261116028 0.5099499821662903
vt 0.5843430161476135 0.035085998475551605
vt 0.5865650177001953 0.9763500094413757
vt 0.5865650177001953 0.9967899918556213
vt 0.5867890119552612 0.116116002202034
vt 0.5867890119552612 0.38457798957824707
vt 0.5867890119552612 0.4962550103664398
vt 0.5867890119552612 0.6504489779472351
vt 0.5867890119552612 0.8510730266571045
vt 0.5867890119552612 0.8898550271987915
vt 0.5867890119552612 0.9499539732933044
vt 0.5867890119552612 0.9524000287055969
vt 0.5868179798126221 0.6349149942398071
vt 0.5876320004463196 0.45939698815345764
vt 0.5879790186882019 0.43739500641822815
vt 0.5884339809417725 0.15034499764442444
vt 0.5891910195350647 0.9679419994354248
vt 0.5894250273704529 0.9942730069160461
vt 0.5906659960746765 0.4891180098056793
vt 0.59163498878479 0.32688799500465393
vt 0.5918710231781006 0.9899500012397766
vt 0.5924010276794434 0.7321299910545349
vt 0.5927659869194031 0.9767590165138245
vt 0.5932350158691406 0.3934580087661743
vt 0.5933359861373901 0.34250301122665405
vt 0.5938770174980164 0.7918829917907715
vt 0.5945550203323364 0.8295959830284119
vt 0.5946890115737915 0.12703600525856018
vt 0.5951650142669678 0.3641720116138458
vt 0.595429003238678 0.49987998604774475
vt 0.5954380035400391 0.08452700078487396
vt 0.5955259799957275 0.4383699893951416
vt 0.5969120264053345 0.1521739959716797
vt 0.5974389910697937 0.8795210123062134
vt 0.5980100035667419 0.27400100231170654
vt 0.598127007484436 0.19696399569511414
vt 0.5996580123901367 0.9053300023078918
vt 0.6001269817352295 0.2621139883995056
vt 0.6005240082740784 0.9583160281181335
vt 0.6005240082740784 0.9739030003547668
vt 0.6005240082740784 0.9763489961624146
vt 0.6005240082740784 0.9909219741821289
vt 0.6007680296897888 0.18994000554084778
vt 0.6009089946746826 0.29234999418258667
vt 0.6014389991760254 0.10309799760580063
vt 0.6016290187835693 0.3758090138435364
vt 0.6021040081977844 0.9177610278129578
vt 0.6027690172195435 0.06176400184631348
vt 0.6029970049858093 0.1705850064754486
vt 0.6030489802360535 0.1577489972114563
vt 0.603056013584137 0.6402950286865234
vt 0.6033210158348083 0.9776020050048828
vt 0.6033210158348083 0.9967430233955383
vt 0.603547990322113 0.31479600071907043
vt 0.6041640043258667 0.9473369717597961
vt 0.6041640043258667 0.9751560091972351
vt 0.604170024394989 0.12811699509620667
vt 0.6048589944839478 0.63059002161026
vt 0.6056219935417175 0.7116010189056396
vt 0.6056910157203674 0.7913500070571899
vt 0.605774998664856 0.6918460130691528
vt 0.607778012752533 0.9897149801254272
vt 0.6081299781799316 0.4431529939174652
vt 0.6081849932670593 0.09569600224494934
vt 0.6084520220756531 0.8898550271987915
vt 0.608555018901825 0.6346039772033691
vt 0.6086850166320801 0.0990770012140274
vt 0.6087030172348022 0.9448909759521484
vt 0.6087719798088074 0.8377869725227356
vt 0.6094009876251221 0.1901549994945526
vt 0.6097419857978821 0.367482990026474
vt 0.6099349856376648 0.4618160128593445
vt 0.6101149916648865 0.8578829765319824
vt 0.6102240085601807 0.9881749749183655
vt 0.6105949878692627 0.8517209887504578
vt 0.6112549901008606 0.39233601093292236
vt 0.6117950081825256 0.26294198632240295
vt 0.6122230291366577 0.20855900645256042
vt 0.6125940084457397 0.735630989074707
vt 0.6126999855041504 0.17002299427986145
vt 0.6129459738731384 0.8115289807319641
vt 0.6131719946861267 0.3100149929523468
vt 0.6136659979820251 0.13173900544643402
vt 0.6141110062599182 0.15046599507331848
vt 0.6142609715461731 0.8542900085449219
vt 0.6144099831581116 0.08971399813890457
vt 0.6144999861717224 0.11254899948835373
vt 0.6145099997520447 0.7166020274162292
vt 0.6146780252456665 0.8682000041007996
vt 0.6154580116271973 0.2782379984855652
vt 0.616104006767273 0.19854600727558136
vt 0.6162509918212891 0.6925010085105896
vt 0.6163039803504944 0.9007470011711121
vt 0.6163039803504944 0.9417290091514587
vt 0.6163039803504944 0.9627540111541748
vt 0.6163039803504944 0.9776020050048828
vt 0.6163039803504944 0.993457019329071
vt 0.6165050268173218 0.07691100239753723
vt 0.616786003112793 0.7804409861564636
vt 0.6168320178985596 0.8683620095252991
vt 0.6174190044403076 0.6399959921836853
vt 0.6187499761581421 0.8898550271987915
vt 0.6187499761581421 0.9641299843788147
vt 0.6187499761581421 0.9880809783935547
vt 0.6189519762992859 0.21487699449062347
vt 0.6193519830703735 0.7933470010757446
vt 0.6200190186500549 0.8229629993438721
vt 0.6208299994468689 0.123369000852108
vt 0.6210190057754517 0.29533401131629944
vt 0.6213709712028503 0.6324329972267151
vt 0.6215490102767944 0.7240229845046997
vt 0.6216779947280884 0.25876298546791077
vt 0.6217190027236938 0.7460759878158569
vt 0.621845006942749 0.9574329853057861
vt 0.6222339868545532 0.04805300012230873
vt 0.6224550008773804 0.3635599911212921
vt 0.622855007648468 0.784358024597168
vt 0.6230440139770508 0.06159700080752373
vt 0.6233059763908386 0.0540039986371994
vt 0.6252809762954712 0.6433249711990356
vt 0.6259229779243469 0.9809060096740723
vt 0.6262080073356628 0.8932240009307861
vt 0.6262270212173462 0.8845369815826416
vt 0.627131998538971 0.7035530209541321
vt 0.627131998538971 0.7727199792861938
vt 0.6274700164794922 0.2835550010204315
vt 0.6286219954490662 0.8906189799308777
vt 0.6286219954490662 0.9616829752922058
vt 0.6288490295410156 0.144119992852211
vt 0.6292179822921753 0.12691999971866608
vt 0.6301860213279724 0.8218340277671814
vt 0.6306599974632263 0.04712300002574921
vt 0.6308190226554871 0.4302160143852234
vt 0.630827009677887 0.4033240079879761
vt 0.6310679912567139 0.9360010027885437
vt 0.6310679912567139 0.9658240079879761
vt 0.6310679912567139 0.9876480102539062
vt 0.6313980221748352 0.8625689744949341
vt 0.6315410137176514 0.9582160115242004
vt 0.6318659782409668 0.7471200227737427
vt 0.6343590021133423 0.9148120284080505
vt 0.6367520093917847 0.2660999894142151
vt 0.6370139718055725 0.26155200600624084
vt 0.6372799873352051 0.2975800037384033
vt 0.6374040246009827 0.22199200093746185
vt 0.637615978717804 0.7977539896965027
vt 0.6384890079498291 0.3097600042819977
vt 0.6388400197029114 0.9830269813537598
vt 0.6394820213317871 0.11183500289916992
vt 0.6398220062255859 0.9633780121803284
vt 0.6401249766349792 0.7728239893913269
vt 0.6404029726982117 0.9135239720344543
vt 0.6404359936714172 0.025431999936699867
vt 0.6406520009040833 0.8898550271987915
vt 0.6406520009040833 0.9476220011711121
vt 0.6419619917869568 0.12947200238704681
vt 0.6427839994430542 0.37151798605918884
vt 0.6428059935569763 0.9927399754524231
vt 0.643097996711731 0.899025022983551
vt 0.643097996711731 0.9528629779815674
vt 0.643097996711731 0.9777740240097046
vt 0.6434080004692078 0.7698429822921753
vt 0.6456959843635559 0.984978973865509
vt 0.6457599997520447 0.9874250292778015
vt 0.6457599997520447 0.9947810173034668
vt 0.6463519930839539 0.49502798914909363
vt 0.6482059955596924 0.9898920059204102
vt 0.6484829783439636 0.22716200351715088
vt 0.6486279964447021 0.2993929982185364
vt 0.6493290066719055 0.9458330273628235
vt 0.6493459939956665 0.0012229999992996454
vt 0.6509829759597778 0.9774839878082275
vt 0.6513239741325378 0.9560279846191406
vt 0.6513239741325378 0.9874250292778015
vt 0.6513239741325378 0.9957730174064636
vt 0.6518110036849976 0.26165100932121277
vt 0.6525009870529175 0.9059619903564453
vt 0.6537700295448303 0.956125020980835
vt 0.6542180180549622 0.19901099801063538
vt 0.6543189883232117 0.7451789975166321
vt 0.6543819904327393 0.2796350121498108
vt 0.6557040214538574 0.21852099895477295
vt 0.6565160155296326 0.9458330273628235
vt 0.6565160155296326 0.9928029775619507
vt 0.6566269993782043 0.8898550271987915
vt 0.6566269993782043 0.943386971950531
vt 0.6566500067710876 0.7732719779014587
vt 0.6573960185050964 0.887408971786499
vt 0.6576039791107178 0.0874439999461174
vt 0.6583570241928101 0.3639630079269409
vt 0.659072995185852 0.8898550271987915
vt 0.659072995185852 0.940388023853302
vt 0.659072995185852 0.9810870289802551
vt 0.6590949892997742 0.8091220259666443
vt 0.6597489714622498 0.0346359983086586
vt 0.6598330140113831 0.7863230109214783
vt 0.6599339842796326 0.1311430037021637
vt 0.6604790091514587 0.7227709889411926
vt 0.6612399816513062 0.3273890018463135
vt 0.6615579724311829 0.9335799813270569
vt 0.6619899868965149 0.46314600110054016
vt 0.6621720194816589 0.38983699679374695
vt 0.6626840233802795 0.26639899611473083
vt 0.663083016872406 0.43433400988578796
vt 0.6633059978485107 0.7957940101623535
vt 0.6634269952774048 0.7933099865913391
vt 0.664097011089325 0.9786409735679626
vt 0.6643869876861572 0.2057420015335083
vt 0.6644160151481628 0.993503987789154
vt 0.6648010015487671 0.06394200026988983
vt 0.6649069786071777 0.6415899991989136
vt 0.6657940149307251 0.9810870289802551
vt 0.6660919785499573 0.11968400329351425
vt 0.6661530137062073 0.9236029982566833
vt 0.6663659811019897 0.37004199624061584
vt 0.6664050221443176 0.050310999155044556
vt 0.6664620041847229 0.31619200110435486
vt 0.6674410104751587 0.2966200113296509
vt 0.6687260270118713 0.9687619805335999
vt 0.6687260270118713 0.9900429844856262
vt 0.6691120266914368 0.7797979712486267
vt 0.6693029999732971 0.892611026763916
vt 0.6693029999732971 0.9663159847259521
vt 0.6693649888038635 0.0637189969420433
vt 0.6694009900093079 0.9628869891166687
vt 0.669501006603241 0.6900240182876587
vt 0.6698319911956787 0.1546729952096939
vt 0.6698629856109619 0.7363290190696716
vt 0.670386016368866 0.28756898641586304
vt 0.670432984828949 0.9421129822731018
vt 0.6706060171127319 0.9343879818916321
vt 0.6710559725761414 0.63059002161026
vt 0.6712549924850464 0.04914800077676773
vt 0.6716560125350952 0.193122997879982
vt 0.672370970249176 0.7156810164451599
vt 0.6725119948387146 0.11490000039339066
vt 0.6729900240898132 0.1304509937763214
vt 0.6732929944992065 0.8898550271987915
vt 0.6737419962882996 0.6790980100631714
vt 0.6742889881134033 0.07908199727535248
vt 0.6743379831314087 0.9607970118522644
vt 0.6744610071182251 0.23649699985980988
vt 0.6747599840164185 0.17474600672721863
vt 0.6751689910888672 0.8177040219306946
vt 0.6751689910888672 0.869521975517273
vt 0.6751689910888672 0.9355509877204895
vt 0.6751689910888672 0.974416971206665
vt 0.6753559708595276 0.48584601283073425
vt 0.6756029725074768 0.3301829993724823
vt 0.6766999959945679 0.345768004655838
vt 0.676800012588501 0.47832998633384705
vt 0.6772199869155884 0.08778399974107742
vt 0.6772869825363159 0.3646009862422943
vt 0.6776149868965149 0.8449339866638184
vt 0.6776149868965149 0.8979679942131042
vt 0.6776149868965149 0.9285600185394287
vt 0.6776149868965149 0.9834660291671753
vt 0.6776149868965149 0.9932069778442383
vt 0.6776340007781982 0.27762600779533386
vt 0.6783350110054016 0.3945600092411041
vt 0.678384006023407 0.4609619975090027
vt 0.6784949898719788 0.6320760250091553
vt 0.6786969900131226 0.38881000876426697
vt 0.6789939999580383 0.44024598598480225
vt 0.6792719960212708 0.8107179999351501
vt 0.6794639825820923 0.43548300862312317
vt 0.6795520186424255 0.9715960025787354
vt 0.6799409985542297 0.09169399738311768
vt 0.6805620193481445 0.10027699917554855
vt 0.6807720065116882 0.19388499855995178
vt 0.6820279955863953 0.985912024974823
vt 0.6820279955863953 0.9985619783401489
vt 0.6822389960289001 0.1646530032157898
vt 0.6828979849815369 0.9097849726676941
vt 0.6830589771270752 0.631941020488739
vt 0.6837069988250732 0.9527009725570679
vt 0.6839119791984558 0.6781160235404968
vt 0.6840810179710388 0.15884600579738617
vt 0.684473991394043 0.9904549717903137
vt 0.6845300197601318 0.9551470279693604
vt 0.6847580075263977 0.3706350028514862
vt 0.6847620010375977 0.48402801156044006
vt 0.6849889755249023 0.13261300325393677
vt 0.6850200295448303 0.5126910209655762
vt 0.6855059862136841 0.7360339760780334
vt 0.6859449744224548 0.15439000725746155
vt 0.6861649751663208 0.11911900341510773
vt 0.6868659853935242 0.7929999828338623
vt 0.686909019947052 0.9834660291671753
vt 0.6872259974479675 0.8893880248069763
vt 0.6877650022506714 0.0659789964556694
vt 0.6878610253334045 0.839821994304657
vt 0.6878690123558044 0.9145219922065735
vt 0.6885110139846802 0.5375300049781799
vt 0.6894729733467102 0.8194940090179443
vt 0.6896870136260986 0.985912024974823
vt 0.6896870136260986 0.9966679811477661
vt 0.6903150081634521 0.9100289940834045
vt 0.6903150081634521 0.9366790056228638
vt 0.6903150081634521 0.9681509733200073
vt 0.6923940181732178 0.8979679942131042
vt 0.6924160122871399 0.09430799633264542
vt 0.6937540173530579 0.9892169833183289
vt 0.6950129866600037 0.49724701046943665
vt 0.6957640051841736 0.4688059985637665
vt 0.6962370276451111 0.4897969961166382
vt 0.6967570185661316 0.8899760246276855
vt 0.6969820261001587 0.7892320156097412
vt 0.6972579956054688 0.7957929968833923
vt 0.6976600289344788 0.6369709968566895
vt 0.6977030038833618 0.6959789991378784
vt 0.6979129910469055 0.958404004573822
vt 0.6986219882965088 0.15248200297355652
vt 0.6987329721450806 0.7356119751930237
vt 0.6992560029029846 0.9336090087890625
vt 0.6996660232543945 0.13016200065612793
vt 0.6997529864311218 0.9608500003814697
vt 0.6997529864311218 0.9831709861755371
vt 0.6997529864311218 0.985617995262146
vt 0.6997529864311218 0.9960119724273682
vt 0.7017019987106323 0.9046239852905273
vt 0.7021120190620422 0.3416459858417511
vt 0.7021120190620422 0.41861000657081604
vt 0.7021120190620422 0.4578529894351959
vt 0.7022989988327026 0.5128980278968811
vt 0.7026730179786682 0.9319080114364624
vt 0.7026730179786682 0.9690250158309937
vt 0.7026730179786682 0.9917629957199097
vt 0.702705979347229 0.8889790177345276
vt 0.7050169706344604 0.8039860129356384
vt 0.7050169706344604 0.8955209851264954
vt 0.7059429883956909 0.31232601404190063
vt 0.7060459852218628 0.8979679942131042
vt 0.7060459852218628 0.9267609715461731
vt 0.7076730132102966 0.9615359902381897
vt 0.7077779769897461 0.13523900508880615
vt 0.7080510258674622 0.9781079888343811
vt 0.7080510258674622 0.9949079751968384
vt 0.7083290219306946 0.07660699635744095
vt 0.7085379958152771 0.7957940101623535
vt 0.7085379958152771 0.9288809895515442
vt 0.708745002746582 0.8421109914779663
vt 0.7095209956169128 0.3732689917087555
vt 0.7101190090179443 0.4661960005760193
vt 0.7109159827232361 0.49660998582839966
vt 0.7112900018692017 0.9873589873313904
vt 0.7114499807357788 0.33391499519348145
vt 0.7114859819412231 0.09401699900627136
vt 0.7115690112113953 0.5224329829216003
vt 0.7117639780044556 0.02495799958705902
vt 0.711982011795044 0.11968699842691422
vt 0.7120559811592102 0.0035439999774098396
vt 0.7122660279273987 0.9140949845314026
vt 0.712585985660553 0.1446329951286316
vt 0.7128540277481079 0.07029200345277786
vt 0.7128720283508301 0.8645169734954834
vt 0.7134050130844116 0.35201799869537354
vt 0.7136200070381165 0.2652589976787567
vt 0.7142199873924255 0.5791209936141968
vt 0.7147009968757629 0.4030120074748993
vt 0.714805006980896 0.9194120168685913
vt 0.7150099873542786 0.18357199430465698
vt 0.7151029706001282 0.8008509874343872
vt 0.7153499722480774 0.47265100479125977
vt 0.7161539793014526 0.19454599916934967
vt 0.7173629999160767 0.31264498829841614
vt 0.717553973197937 0.1596280038356781
vt 0.71772700548172 0.9585620164871216
vt 0.71772700548172 0.9756609797477722
vt 0.71772700548172 0.9781079888343811
vt 0.71772700548172 0.992501974105835
vt 0.7180650234222412 0.4673140048980713
vt 0.7182980179786682 0.5369960069656372
vt 0.718595027923584 0.8841930031776428
vt 0.7186999917030334 0.1682180017232895
vt 0.7187240123748779 0.5126420259475708
vt 0.7187960147857666 0.2734549939632416
vt 0.718878984451294 0.8198840022087097
vt 0.7189180254936218 0.6281440258026123
vt 0.7189549803733826 0.946832001209259
vt 0.7192739844322205 0.3369219899177551
vt 0.719901978969574 0.631771981716156
vt 0.719901978969574 0.851157009601593
vt 0.719901978969574 0.9313269853591919
vt 0.719901978969574 0.9561150074005127
vt 0.7201079726219177 0.5869179964065552
vt 0.7203750014305115 0.46559199690818787
vt 0.7203750014305115 0.5138670206069946
vt 0.7205139994621277 0.12064199894666672
vt 0.7220379710197449 0.3644239902496338
vt 0.7220829725265503 0.29414498805999756
vt 0.7220889925956726 0.37258198857307434
vt 0.7222880125045776 0.1475210040807724
vt 0.7223479747772217 0.6406970024108887
vt 0.7223479747772217 0.7256119847297668
vt 0.7223479747772217 0.8278229832649231
vt 0.7223479747772217 0.8661990165710449
vt 0.7223479747772217 0.88782799243927
vt 0.7223479747772217 0.9352369904518127
vt 0.7223479747772217 0.9749090075492859
vt 0.7223479747772217 0.9905400276184082
vt 0.7228209972381592 0.5858290195465088
vt 0.7229980230331421 0.09945499897003174
vt 0.7237550020217896 0.7966279983520508
vt 0.7237799763679504 0.6269209980964661
vt 0.7240679860115051 0.2649950087070465
vt 0.7246320247650146 0.20280900597572327
vt 0.7247859835624695 0.4356679916381836
vt 0.7248560190200806 0.6361629962921143
vt 0.7253749966621399 0.46706900000572205
vt 0.7256739735603333 0.07440000027418137
vt 0.7261080145835876 0.5380020141601562
vt 0.7261530160903931 0.17436599731445312
vt 0.7272319793701172 0.41861000657081604
vt 0.7272319793701172 0.4596039950847626
vt 0.727295994758606 0.9872900247573853
vt 0.727295994758606 0.9950900077819824
vt 0.7273240089416504 0.19785599410533905
vt 0.7277100086212158 0.3500719964504242
vt 0.7277860045433044 0.6771169900894165
vt 0.7278010249137878 0.3336600065231323
vt 0.7284259796142578 0.37771299481391907
vt 0.728655993938446 0.6227220296859741
vt 0.728941023349762 0.001800999976694584
vt 0.7293720245361328 0.02465900033712387
vt 0.7296720147132874 0.2726159989833832
vt 0.7297660112380981 0.13258300721645355
vt 0.7297970056533813 0.25422701239585876
vt 0.7298370003700256 0.42755600810050964
vt 0.7299280166625977 0.9386019706726074
vt 0.7299280166625977 0.9848440289497375
vt 0.7300810217857361 0.31255701184272766
vt 0.7309659719467163 0.094200000166893
vt 0.7322540283203125 0.8408640027046204
vt 0.7323439717292786 0.520861029624939
vt 0.7323740124702454 0.9584029912948608
vt 0.7328439950942993 0.8179799914360046
vt 0.7333570122718811 0.9110320210456848
vt 0.7334259748458862 0.7176669836044312
vt 0.7341179847717285 0.9653189778327942
vt 0.7342929840087891 0.6391069889068604
vt 0.7352659702301025 0.25334298610687256
vt 0.7354310154914856 0.5897719860076904
vt 0.7356600165367126 0.4350920021533966
vt 0.7365289926528931 0.8064219951629639
vt 0.7372270226478577 0.7955759763717651
vt 0.7373149991035461 0.47216400504112244
vt 0.737542986869812 0.3390749990940094
vt 0.7375749945640564 0.41531500220298767
vt 0.7382230162620544 0.17020900547504425
vt 0.7385820150375366 0.2037840038537979
vt 0.7391549944877625 0.962162971496582
vt 0.7392590045928955 0.9386019706726074
vt 0.7392590045928955 0.9871770143508911
vt 0.7395840287208557 0.44035300612449646
vt 0.7397760152816772 0.6197659969329834
vt 0.7398480176925659 0.40112099051475525
vt 0.7400239706039429 0.23531900346279144
vt 0.7401580214500427 0.13130700588226318
vt 0.7412490248680115 0.631538987159729
vt 0.7418079972267151 0.18012000620365143
vt 0.7421349883079529 0.4228450059890747
vt 0.7424110174179077 0.9361559748649597
vt 0.742563009262085 0.9004189968109131
vt 0.7426620125770569 0.8814060091972351
vt 0.7431619763374329 0.31467100977897644
vt 0.7450090050697327 0.941224992275238
vt 0.7450090050697327 0.9810550212860107
vt 0.7460619807243347 0.6829659938812256
vt 0.7466719746589661 0.543287992477417
vt 0.7467039823532104 0.06256099790334702
vt 0.746737003326416 0.3317849934101105
vt 0.7475870251655579 0.5322449803352356
vt 0.7476940155029297 0.7418109774589539
vt 0.7479360103607178 0.5871109962463379
vt 0.7479959726333618 0.4813140034675598
vt 0.7480670213699341 0.6308019757270813
vt 0.7482330203056335 0.43112799525260925
vt 0.7484660148620605 0.7656229734420776
vt 0.7486310005187988 0.7241799831390381
vt 0.7491390109062195 0.9077749848365784
vt 0.7491710186004639 0.20165100693702698
vt 0.7496780157089233 0.3416779935359955
vt 0.7497429847717285 0.6280720233917236
vt 0.7506790161132812 0.41861000657081604
vt 0.7506790161132812 0.4599359929561615
vt 0.7521960139274597 0.8668190240859985
vt 0.7525870203971863 0.8878740072250366
vt 0.7526370286941528 0.46661698818206787
vt 0.752701997756958 0.6367430090904236
vt 0.7527539730072021 0.1672540009021759
vt 0.7531089782714844 0.5426200032234192
vt 0.753117024898529 0.6450719833374023
vt 0.753216028213501 0.478626012802124
vt 0.7534160017967224 0.23322799801826477
vt 0.753832995891571 0.9499689936637878
vt 0.753832995891571 0.9859730005264282
vt 0.7538359761238098 0.6279299855232239
vt 0.7543519735336304 0.030841000378131866
vt 0.7546179890632629 0.7853599786758423
vt 0.7552120089530945 0.8057090044021606
vt 0.7566499710083008 0.7974429726600647
vt 0.7570419907569885 0.9499689936637878
vt 0.7570419907569885 0.993573009967804
vt 0.7571960091590881 0.7256559729576111
vt 0.7573829889297485 0.9475229978561401
vt 0.7585650086402893 0.79134601354599
vt 0.7588859796524048 0.45575499534606934
vt 0.7593759894371033 0.3827109932899475
vt 0.7598329782485962 0.6281440258026123
vt 0.7600719928741455 0.49686399102211
vt 0.7602030038833618 0.88782799243927
vt 0.7604979872703552 0.9181370139122009
vt 0.7604979872703552 0.9431419968605042
vt 0.7604979872703552 0.9836390018463135
vt 0.7610129714012146 0.5166040062904358
vt 0.761135995388031 0.5400620102882385
vt 0.7614690065383911 0.24166099727153778
vt 0.7614889740943909 0.7548369765281677
vt 0.761568009853363 0.09810099750757217
vt 0.7616659998893738 0.4186359941959381
vt 0.7620289921760559 0.3380410075187683
vt 0.7629439830780029 0.9141780138015747
vt 0.7629439830780029 0.9532579779624939
vt 0.7635970115661621 0.889752984046936
vt 0.7639709711074829 0.1710589975118637
vt 0.7640900015830994 0.1907919943332672
vt 0.7650820016860962 0.15587599575519562
vt 0.7654770016670227 0.20491400361061096
vt 0.7655959725379944 0.23708799481391907
vt 0.765824019908905 0.3510740101337433
vt 0.7660629749298096 0.09305000305175781
vt 0.7660859823226929 0.7751160264015198
vt 0.7670040130615234 0.7451649904251099
vt 0.76739102602005 0.9785500168800354
vt 0.7681030035018921 0.4459129869937897
vt 0.7682549953460693 0.328561007976532
vt 0.769465982913971 0.8853819966316223
vt 0.769661009311676 0.8178750276565552
vt 0.7698400020599365 0.7998890280723572
vt 0.770550012588501 0.41861000657081604
vt 0.770550012588501 0.4620929956436157
vt 0.7723109722137451 0.9921090006828308
vt 0.7725909948348999 0.26304998993873596
vt 0.7728270292282104 0.4835380017757416
vt 0.7737849950790405 0.9432250261306763
vt 0.7737849950790405 0.9761040210723877
vt 0.7737849950790405 0.9785500168800354
vt 0.7749040126800537 0.10280899703502655
vt 0.7754250168800354 0.16783499717712402
vt 0.7760329842567444 0.9129149913787842
vt 0.7761099934577942 0.33905598521232605
vt 0.7762309908866882 0.9474650025367737
vt 0.7763170003890991 0.8744099736213684
vt 0.7767429947853088 0.7804669737815857
vt 0.776773989200592 0.15276899933815002
vt 0.7770349979400635 0.9865469932556152
vt 0.7770349979400635 0.9968389868736267
vt 0.7770789861679077 0.0012229999992996454
vt 0.7771080136299133 0.9560160040855408
vt 0.7771080136299133 0.9841009974479675
vt 0.7772290110588074 0.4264410138130188
vt 0.7774249911308289 0.88782799243927
vt 0.7776859998703003 0.26128900051116943
vt 0.7777820229530334 0.19916699826717377
vt 0.7780399918556213 0.4103190004825592
vt 0.7781659960746765 0.7704600095748901
vt 0.7784090042114258 0.9432250261306763
vt 0.7784090042114258 0.9501450061798096
vt 0.7784119844436646 0.4875729978084564
vt 0.7785230278968811 0.9044730067253113
vt 0.7785230278968811 0.9407789707183838
vt 0.7786170244216919 0.07453999668359756
vt 0.7801259756088257 0.4610230028629303
vt 0.7808240056037903 0.8597210049629211
vt 0.7808660268783569 0.7595360279083252
vt 0.7809690237045288 0.9434670209884644
vt 0.7818639874458313 0.9635519981384277
vt 0.7818639874458313 0.989080011844635
vt 0.7821409702301025 0.14862099289894104
vt 0.7824109792709351 0.3114340007305145
vt 0.7840459942817688 0.34791100025177
vt 0.784309983253479 0.9601240158081055
vt 0.7844629883766174 0.2766070067882538
vt 0.7845690250396729 0.9220839738845825
vt 0.7847790122032166 0.11994799971580505
vt 0.7849839925765991 0.40082699060440063
vt 0.7854009866714478 0.15540499985218048
vt 0.7857980132102966 0.3344149887561798
vt 0.7864000201225281 0.41616401076316833
vt 0.7868130207061768 0.4852440059185028
vt 0.7868559956550598 0.4248790144920349
vt 0.7870579957962036 0.88782799243927
vt 0.7872830033302307 0.18147599697113037
vt 0.7876480221748352 0.496722012758255
vt 0.7880439758300781 0.38684800267219543
vt 0.7886409759521484 0.4748710095882416
vt 0.7886829972267151 0.8673779964447021
vt 0.7889050245285034 0.0736590027809143
vt 0.7891770005226135 0.7625349760055542
vt 0.7893019914627075 0.41861000657081604
vt 0.7893019914627075 0.46056801080703735
vt 0.7899870276451111 0.8823959827423096
vt 0.7905380129814148 0.8087549805641174
vt 0.7907639741897583 0.030659999698400497
vt 0.7911409735679626 0.8455610275268555
vt 0.7916510105133057 0.09410200268030167
vt 0.7917019724845886 0.46560901403427124
vt 0.7920119762420654 0.26265400648117065
vt 0.7920889854431152 0.13643400371074677
vt 0.7925310134887695 0.33319899439811707
vt 0.7926880121231079 0.37212100625038147
vt 0.7930200099945068 0.36415401101112366
vt 0.7930229902267456 0.925475001335144
vt 0.7930229902267456 0.9535700082778931
vt 0.7930229902267456 0.9560160040855408
vt 0.7930229902267456 0.9858769774436951
vt 0.7934319972991943 0.19067400693893433
vt 0.7944380044937134 0.11723300069570541
vt 0.7945960164070129 0.7386630177497864
vt 0.794884979724884 0.35541999340057373
vt 0.7949420213699341 0.64724200963974
vt 0.7953389883041382 0.7703970074653625
vt 0.7953910231590271 0.4690439999103546
vt 0.7955809831619263 0.27354100346565247
vt 0.7956089973449707 0.30470898747444153
vt 0.7956560254096985 0.9691569805145264
vt 0.7956560254096985 0.9831429719924927
vt 0.7956560254096985 0.9931679964065552
vt 0.7961099743843079 0.9300500154495239
vt 0.7966279983520508 0.29373699426651
vt 0.7969110012054443 0.8648470044136047
vt 0.7971439957618713 0.820015013217926
vt 0.7978699803352356 0.19886499643325806
vt 0.7979360222816467 0.9442579746246338
vt 0.7982890009880066 0.9543420076370239
vt 0.7986149787902832 0.024049999192357063
vt 0.7988139986991882 0.5219249725341797
vt 0.799140989780426 0.9313129782676697
vt 0.7994459867477417 0.4049539864063263
vt 0.7999280095100403 0.13491399586200714
vt 0.7999709844589233 0.49231499433517456
vt 0.8006539940834045 0.5134810209274292
vt 0.8015599846839905 0.9612630009651184
vt 0.8017539978027344 0.715919017791748
vt 0.8021320104598999 0.07241199910640717
vt 0.8024560213088989 0.6357460021972656
vt 0.8027060031890869 0.8105670213699341
vt 0.8028460144996643 0.9892619848251343
vt 0.803301990032196 0.94023197889328
vt 0.8034729957580566 0.09367100149393082
vt 0.8034769892692566 0.7827029824256897
vt 0.804000973701477 0.793707013130188
vt 0.8040459752082825 0.6334949731826782
vt 0.8044899702072144 0.30993399024009705
vt 0.8049910068511963 0.5456719994544983
vt 0.8054029941558838 0.43927299976348877
vt 0.8054929971694946 0.3356350064277649
vt 0.8054929971694946 0.37488898634910583
vt 0.8055480122566223 0.7312489748001099
vt 0.805761992931366 0.8487899899482727
vt 0.8063589930534363 0.831849992275238
vt 0.8063589930534363 0.88782799243927
vt 0.8063589930534363 0.9555169939994812
vt 0.8063589930534363 0.9637089967727661
vt 0.8063589930534363 0.9806960225105286
vt 0.8068130016326904 0.6278049945831299
vt 0.8079389929771423 0.10882599651813507
vt 0.8079389929771423 0.16445200145244598
vt 0.8079389929771423 0.22049300372600555
vt 0.8079389929771423 0.36059701442718506
vt 0.8079389929771423 0.4245389997959137
vt 0.8080989718437195 0.7100470066070557
vt 0.808804988861084 0.8332030177116394
vt 0.808804988861084 0.8878870010375977
vt 0.808804988861084 0.9468969702720642
vt 0.808804988861084 0.9529970288276672
vt 0.808804988861084 0.9803580045700073
vt 0.8092309832572937 0.982804000377655
vt 0.8092309832572937 0.997078001499176
vt 0.8094990253448486 0.8816409707069397
vt 0.8101590275764465 0.33867400884628296
vt 0.8101639747619629 0.06015099957585335
vt 0.810545027256012 0.63059002161026
vt 0.8112310171127319 0.4654659926891327
vt 0.8116419911384583 0.0032480000518262386
vt 0.8132280111312866 0.7326549887657166
vt 0.8134179711341858 0.5047289729118347
vt 0.8139560222625732 0.9678270220756531
vt 0.8139560222625732 0.985571026802063
vt 0.8140109777450562 0.5309339761734009
vt 0.8149899840354919 0.6806889772415161
vt 0.8154879808425903 0.30741700530052185
vt 0.8161910176277161 0.6259869933128357
vt 0.8167679905891418 0.9649909734725952
vt 0.8172810077667236 0.5434250235557556
vt 0.8173990249633789 0.9505509734153748
vt 0.8180810213088989 0.8840870261192322
vt 0.818651020526886 0.6761929988861084
vt 0.8197129964828491 0.6060439944267273
vt 0.8197780251502991 0.8675990104675293
vt 0.8199329972267151 0.36463600397109985
vt 0.8203830122947693 0.42482298612594604
vt 0.8204330205917358 0.7886340022087097
vt 0.8208460211753845 0.013519000262022018
vt 0.8215309977531433 0.40472498536109924
vt 0.8216469883918762 0.6344860196113586
vt 0.8221139907836914 0.09504999965429306
vt 0.8226280212402344 0.5147240161895752
vt 0.8227699995040894 0.7495440244674683
vt 0.822845995426178 0.347463995218277
vt 0.823369026184082 0.27802398800849915
vt 0.8235610127449036 0.9009050130844116
vt 0.8235610127449036 0.9529970288276672
vt 0.8235610127449036 0.9911490082740784
vt 0.8244029879570007 0.0012229999992996454
vt 0.8244109749794006 0.09805600345134735
vt 0.8244709968566895 0.3895820081233978
vt 0.8244820237159729 0.43145298957824707
vt 0.8252249956130981 0.4286639988422394
vt 0.8253809809684753 0.8776260018348694
vt 0.8254410028457642 0.11708900332450867
vt 0.8260070085525513 0.9210360050201416
vt 0.8260070085525513 0.947924017906189
vt 0.8260070085525513 0.9507099986076355
vt 0.8260070085525513 0.9879869818687439
vt 0.8261640071868896 0.9833369851112366
vt 0.8268089890480042 0.6281440258026123
vt 0.8269839882850647 0.1581449955701828
vt 0.8272759914398193 0.6263530254364014
vt 0.8274379968643188 0.5577099919319153
vt 0.82744300365448 0.05445599928498268
vt 0.8277400135993958 0.9516649842262268
vt 0.8292539715766907 0.14559000730514526
vt 0.829459011554718 0.8840870261192322
vt 0.8306120038032532 0.34883400797843933
vt 0.8308349847793579 0.1522900015115738
vt 0.8308600187301636 0.6865310072898865
vt 0.8329390287399292 0.46884799003601074
vt 0.8339729905128479 0.37139999866485596
vt 0.8343909978866577 0.5224630236625671
vt 0.8344590067863464 0.9846900105476379
vt 0.8354300260543823 0.6355130076408386
vt 0.8355479836463928 0.5619249939918518
vt 0.8358839750289917 0.8544660210609436
vt 0.836031973361969 0.28671398758888245
vt 0.8367440104484558 0.10728400200605392
vt 0.8369050025939941 0.9507099986076355
vt 0.8369050025939941 0.9673780202865601
vt 0.8374509811401367 0.8242440223693848
vt 0.8375939726829529 0.7942330241203308
vt 0.8379939794540405 0.47943300008773804
vt 0.8379939794540405 0.5899739861488342
vt 0.8379939794540405 0.6135720014572144
vt 0.8390039801597595 0.9530439972877502
vt 0.8390640020370483 0.40928301215171814
vt 0.8390640020370483 0.4616110026836395
vt 0.8392699956893921 0.9824309945106506
vt 0.8392699956893921 0.9950900077819824
vt 0.8399779796600342 0.7387790083885193
vt 0.8403689861297607 0.92256098985672
vt 0.8405849933624268 0.5674070119857788
vt 0.8408880233764648 0.9482629895210266
vt 0.8409820199012756 0.2594980001449585
vt 0.8410879969596863 0.6903619766235352
vt 0.8414580225944519 0.9766029715538025
vt 0.8418949842453003 0.2821339964866638
vt 0.8418949842453003 0.40227898955345154
vt 0.8425099849700928 0.6336910128593445
vt 0.8428900241851807 0.27557799220085144
vt 0.8432779908180237 0.19975200295448303
vt 0.8433340191841125 0.8840870261192322
vt 0.8433340191841125 0.9135469794273376
vt 0.84340500831604 0.9441289901733398
vt 0.844340980052948 0.27802398800849915
vt 0.844340980052948 0.32318899035453796
vt 0.844340980052948 0.370745986700058
vt 0.844340980052948 0.46178901195526123
vt 0.8443999886512756 0.18528400361537933
vt 0.8444759845733643 0.16689899563789368
vt 0.8449370265007019 0.9902880191802979
vt 0.8449559807777405 0.6918990015983582
vt 0.8449559807777405 0.7391390204429626
vt 0.8449559807777405 0.7468690276145935
vt 0.8449559807777405 0.7927979826927185
vt 0.8453720211982727 0.14559799432754517
vt 0.845782995223999 0.9617379903793335
vt 0.8461490273475647 0.5158489942550659
vt 0.847383975982666 0.9824309945106506
vt 0.847383975982666 0.9958009719848633
vt 0.8478149771690369 0.13226300477981567
vt 0.8481060266494751 0.744422972202301
vt 0.8481540083885193 0.299917995929718
vt 0.8483489751815796 0.821789026260376
vt 0.849049985408783 0.6995099782943726
vt 0.8491470217704773 0.6415979862213135
vt 0.8493880033493042 0.11548600345849991
vt 0.8494210243225098 0.5381349921226501
vt 0.8496009707450867 0.7338190078735352
vt 0.8496260046958923 0.2715989947319031
vt 0.850068986415863 0.6824250221252441
vt 0.8503350019454956 0.2742539942264557
vt 0.8507300019264221 0.3672569990158081
vt 0.8507450222969055 0.3748190104961395
vt 0.8507909774780273 0.4401620030403137
vt 0.8510860204696655 0.23999400436878204
vt 0.8513609766960144 0.9578549861907959
vt 0.8515819907188416 0.4654659926891327
vt 0.8516139984130859 0.7941480278968811
vt 0.8521159887313843 0.45410799980163574
vt 0.8521590232849121 0.7998890280723572
vt 0.8521590232849121 0.8450629711151123
vt 0.8525189757347107 0.9239829778671265
vt 0.8529670238494873 0.8977649807929993
vt 0.8529670238494873 0.9641839861869812
vt 0.8529670238494873 0.9799839854240417
vt 0.8529670238494873 0.9842230081558228
vt 0.8535760045051575 0.1685750037431717
vt 0.8535760045051575 0.238863006234169
vt 0.8537449836730957 0.7688940167427063
vt 0.853833019733429 0.4849120080471039
vt 0.8558980226516724 0.5295259952545166
vt 0.8560220003128052 0.16689899563789368
vt 0.8560220003128052 0.2026969939470291
vt 0.8560220003128052 0.2061379998922348
vt 0.8560220003128052 0.27557799220085144
vt 0.8562380075454712 0.960241973400116
vt 0.8562380075454712 0.9798129796981812
vt 0.8562380075454712 0.98225998878479
vt 0.8562380075454712 0.9935640096664429
vt 0.8563389778137207 0.4779210090637207
vt 0.8564810156822205 0.5024229884147644
vt 0.85658198595047 0.7748680114746094
vt 0.85658198595047 0.9191399812698364
vt 0.8566820025444031 0.6922889947891235
vt 0.8576989769935608 0.3967120051383972
vt 0.8578659892082214 0.3718029856681824
vt 0.8580030202865601 0.14540700614452362
vt 0.8580960035324097 0.63059002161026
vt 0.8581860065460205 0.7468690276145935
vt 0.8590199947357178 0.6965309977531433
vt 0.8590459823608398 0.3023810088634491
vt 0.8596619963645935 0.8885390162467957
vt 0.859745979309082 0.6423879861831665
vt 0.8597909808158875 0.5924199819564819
vt 0.8597909808158875 0.6231679916381836
vt 0.8606129884719849 0.3325960040092468
vt 0.8606719970703125 0.43411800265312195
vt 0.8610230088233948 0.7982590198516846
vt 0.8613139986991882 0.18111099302768707
vt 0.8616989850997925 0.49539700150489807
vt 0.8622369766235352 0.6171730160713196
vt 0.8630340099334717 0.1288740038871765
vt 0.8631579875946045 0.9933570027351379
vt 0.8633400201797485 0.3677760064601898
vt 0.864782989025116 0.886093020439148
vt 0.8654800057411194 0.0012229999992996454
vt 0.8654800057411194 0.13866199553012848
vt 0.8654800057411194 0.19214600324630737
vt 0.8656039834022522 0.9856169819831848
vt 0.8656499981880188 0.3904249966144562
vt 0.866553008556366 0.5924199819564819
vt 0.866553008556366 0.626675009727478
vt 0.8665779829025269 0.49401000142097473
vt 0.8674250245094299 0.0716330036520958
vt 0.8675199747085571 0.805279016494751
vt 0.8678349852561951 0.8976899981498718
vt 0.8678349852561951 0.9577959775924683
vt 0.8678349852561951 0.9659420251846313
vt 0.8681430220603943 0.9822589755058289
vt 0.8681430220603943 0.9950889945030212
vt 0.8683969974517822 0.6505320072174072
vt 0.8690009713172913 0.36221200227737427
vt 0.8690239787101746 0.46816399693489075
vt 0.8690239787101746 0.5869089961051941
vt 0.8690239787101746 0.6166819930076599
vt 0.869422972202301 0.1896989941596985
vt 0.8702809810638428 0.8885390162467957
vt 0.8702809810638428 0.9239019751548767
vt 0.8704310059547424 0.15164299309253693
vt 0.8707540035247803 0.01259199995547533
vt 0.8708289861679077 0.9619960188865662
vt 0.8708289861679077 0.9902870059013367
vt 0.8709179759025574 0.004424000158905983
vt 0.871101975440979 0.35576900839805603
vt 0.8711659908294678 0.7877060174942017
vt 0.8723120093345642 0.37139299511909485
vt 0.8724139928817749 0.8762040138244629
vt 0.8724610209465027 0.20356400310993195
vt 0.8729619979858398 0.9595500230789185
vt 0.8730599880218506 0.575659990310669
vt 0.8731970191001892 0.687608003616333
vt 0.873511016368866 0.8855410218238831
vt 0.8736370205879211 0.8085839748382568
vt 0.8737189769744873 0.0907989963889122
vt 0.8737229704856873 0.7285749912261963
vt 0.874472975730896 0.1772110015153885
vt 0.8747580051422119 0.36221200227737427
vt 0.8747580051422119 0.4495129883289337
vt 0.8747580051422119 0.4598599970340729
vt 0.8748149871826172 0.19214600324630737
vt 0.8748160004615784 0.9011049866676331
vt 0.8751670122146606 0.9103479981422424
vt 0.8751670122146606 0.9685620069503784
vt 0.8751950263977051 0.7214829921722412
vt 0.8751950263977051 0.7591019868850708
vt 0.8751950263977051 0.8731669783592224
vt 0.8756679892539978 0.15067900717258453
vt 0.8767110109329224 0.3457390069961548
vt 0.8772609829902649 0.19749200344085693
vt 0.8773819804191589 0.0025659999810159206
vt 0.8776410222053528 0.6425510048866272
vt 0.8776410222053528 0.7437599897384644
vt 0.8776410222053528 0.7878270149230957
vt 0.8776410222053528 0.8210809826850891
vt 0.8776410222053528 0.8966919779777527
vt 0.8776410222053528 0.9780319929122925
vt 0.8779510259628296 0.4654659926891327
vt 0.8781539797782898 0.5854930281639099
vt 0.8782749772071838 0.2493859976530075
vt 0.8782870173454285 0.7599809765815735
vt 0.8783940076828003 0.023574000224471092
vt 0.8793630003929138 0.48670899868011475
vt 0.8794050216674805 0.6339370012283325
vt 0.8803409934043884 0.37719398736953735
vt 0.8807209730148315 0.25703999400138855
vt 0.8807209730148315 0.26037201285362244
vt 0.8807209730148315 0.27131199836730957
vt 0.8814280033111572 0.653967022895813
vt 0.881754994392395 0.588962972164154
vt 0.8821139931678772 0.2061379998922348
vt 0.8821139931678772 0.25792598724365234
vt 0.8822270035743713 0.7147240042686462
vt 0.882764995098114 0.19214600324630737
vt 0.882764995098114 0.2035679966211319
vt 0.882955014705658 0.2627680003643036
vt 0.8829889893531799 0.0057390001602470875
vt 0.8834189772605896 0.8819490075111389
vt 0.8834890127182007 0.4519590139389038
vt 0.8834890127182007 0.46296200156211853
vt 0.884099006652832 0.9484249949455261
vt 0.8845260143280029 0.8182759881019592
vt 0.8848230242729187 0.5926589965820312
vt 0.8848230242729187 0.6275380253791809
vt 0.8849909901618958 0.8480499982833862
vt 0.885246992111206 0.5165929794311523
vt 0.8854359984397888 0.0012229999992996454
vt 0.8854359984397888 0.08347199857234955
vt 0.8854359984397888 0.1145310029387474
vt 0.8854359984397888 0.260468989610672
vt 0.8856120109558105 0.17114600539207458
vt 0.8857750296592712 0.9508709907531738
vt 0.8857750296592712 0.9867420196533203
vt 0.8859350085258484 0.4519590139389038
vt 0.8862259984016418 0.6400129795074463
vt 0.8864189982414246 0.20859600603580475
vt 0.8868209719657898 0.7180209755897522
vt 0.8870019912719727 0.10634999722242355
vt 0.8870019912719727 0.3597649931907654
vt 0.8872690200805664 0.6235160231590271
vt 0.8874670267105103 0.06514699757099152
vt 0.8875759840011597 0.4598410129547119
vt 0.8876979947090149 0.3113369941711426
vt 0.8879960179328918 0.590146005153656
vt 0.8882219791412354 0.9619979858398438
vt 0.8882719874382019 0.565680980682373
vt 0.8887079954147339 0.2735219895839691
vt 0.8891419768333435 0.16645699739456177
vt 0.8894249796867371 0.7935640215873718
vt 0.8895800113677979 0.5926589965820312
vt 0.8896009922027588 0.17341500520706177
vt 0.8898360133171082 0.950872004032135
vt 0.8901439905166626 0.330949991941452
vt 0.8905889987945557 0.7783960103988647
vt 0.8907729983329773 0.4853149950504303
vt 0.8908950090408325 0.959883987903595
vt 0.8908950090408325 0.995822012424469
vt 0.8909429907798767 0.5228930115699768
vt 0.8913009762763977 0.27764299511909485
vt 0.8914290070533752 0.3766680061817169
vt 0.8915849924087524 0.10879600048065186
vt 0.8915989995002747 0.63059002161026
vt 0.8917700052261353 0.009797999635338783
vt 0.8919159770011902 0.21172000467777252
vt 0.8920090198516846 0.5902130007743835
vt 0.8922430276870728 0.11471399664878845
vt 0.8926929831504822 0.8857769966125488
vt 0.8926929831504822 0.9447780251502991
vt 0.8928049802780151 0.8795030117034912
vt 0.8932080268859863 0.15053300559520721
vt 0.8932949900627136 0.41426900029182434
vt 0.8935670256614685 0.8135579824447632
vt 0.8942999839782715 0.7475500106811523
vt 0.8946859836578369 0.45221900939941406
vt 0.8946859836578369 0.46191999316215515
vt 0.8948270082473755 0.775950014591217
vt 0.8948590159416199 0.21412600576877594
vt 0.8948839902877808 0.2686749994754791
vt 0.8951389789581299 0.8819490075111389
vt 0.8951389789581299 0.9304580092430115
vt 0.8951389789581299 0.9809659719467163
vt 0.8951460123062134 0.5935119986534119
vt 0.8951519727706909 0.6161720156669617
vt 0.8951519727706909 0.6276829838752747
vt 0.8954039812088013 0.07742699980735779
vt 0.8955860137939453 0.5677090287208557
vt 0.8955990076065063 0.528905987739563
vt 0.8957210183143616 0.5154650211334229
vt 0.8958809971809387 0.720550000667572
vt 0.8959460258483887 0.7874879837036133
vt 0.8961470127105713 0.02724600024521351
vt 0.8962200284004211 0.8308929800987244
vt 0.8966990113258362 0.9613059759140015
vt 0.8967030048370361 0.8521789908409119
vt 0.8971319794654846 0.4519590139389038
vt 0.8971319794654846 0.7108590006828308
vt 0.898052990436554 0.27792298793792725
vt 0.898052990436554 0.3597649931907654
vt 0.8981670141220093 0.5066930055618286
vt 0.8981670141220093 0.5770329833030701
vt 0.8981670141220093 0.5978999733924866
vt 0.8981670141220093 0.6261450052261353
vt 0.8982679843902588 0.23501600325107574
vt 0.8986160159111023 0.579479992389679
vt 0.8987910151481628 0.0018949999939650297
vt 0.8995270133018494 0.08485200256109238
vt 0.8995779752731323 0.6340609788894653
vt 0.8995779752731323 0.7616509795188904
vt 0.8995779752731323 0.7754560112953186
vt 0.8997460007667542 0.9705830216407776
vt 0.9002770185470581 0.9138889908790588
vt 0.9004989862442017 0.3210900127887726
vt 0.9007139801979065 0.10879600048065186
vt 0.9007139801979065 0.31333300471305847
vt 0.9008749723434448 0.5549489855766296
vt 0.9015899896621704 0.3204770088195801
vt 0.9015899896621704 0.3597649931907654
vt 0.9017170071601868 0.7592049837112427
vt 0.901731014251709 0.06131799891591072
vt 0.9019709825515747 0.6324599981307983
vt 0.9025070071220398 0.4878009855747223
vt 0.902679979801178 0.20346100628376007
vt 0.9027339816093445 0.39123499393463135
vt 0.9027569890022278 0.6779450178146362
vt 0.9030449986457825 0.9730290174484253
vt 0.9030449986457825 0.9897270202636719
vt 0.90311199426651 0.27457401156425476
vt 0.9032710194587708 0.15535899996757507
vt 0.9033300280570984 0.88816899061203
vt 0.9033529758453369 0.12590700387954712
vt 0.9034479856491089 0.8106690049171448
vt 0.9035059809684753 0.4627169966697693
vt 0.9038500189781189 0.591346025466919
vt 0.903963029384613 0.26405400037765503
vt 0.9041560292243958 0.007817000150680542
vt 0.9044560194015503 0.5161479711532593
vt 0.9048050045967102 0.4519590139389038
vt 0.9051799774169922 0.37180399894714355
vt 0.9051799774169922 0.4495129883289337
vt 0.9051910042762756 0.42459601163864136
vt 0.9055489897727966 0.640021026134491
vt 0.9058240056037903 0.9428949952125549
vt 0.9058240056037903 0.9901769757270813
vt 0.9058939814567566 0.8270130157470703
vt 0.9058939814567566 0.9183040261268616
vt 0.9058939814567566 0.940447986125946
vt 0.906121015548706 0.5346360206604004
vt 0.9072510004043579 0.45242801308631897
vt 0.9075049757957458 0.31818699836730957
vt 0.9080960154533386 0.2981109917163849
vt 0.9082790017127991 0.9008830189704895
vt 0.908394992351532 0.260578989982605
vt 0.9084910154342651 0.18372200429439545
vt 0.9085410237312317 0.4654659926891327
vt 0.9087769985198975 0.034596998244524
vt 0.9093310236930847 0.0025859999004751444
vt 0.9093679785728455 0.8663780093193054
vt 0.9097359776496887 0.12527799606323242
vt 0.9105830192565918 0.3996730148792267
vt 0.9107710123062134 0.8375660181045532
vt 0.9117770195007324 0.03996500000357628
vt 0.9117770195007324 0.09153500199317932
vt 0.9117770195007324 0.09398099780082703
vt 0.9117770195007324 0.10532400012016296
vt 0.9118800163269043 0.8797079920768738
vt 0.9119769930839539 0.7710509896278381
vt 0.9120870232582092 0.9507629871368408
vt 0.9121289849281311 0.5877659916877747
vt 0.9121819734573364 0.261927992105484
vt 0.9121829867362976 0.3058919906616211
vt 0.9121829867362976 0.31539401412010193
vt 0.9122300148010254 0.6010630130767822
vt 0.9124490022659302 0.8468459844589233
vt 0.9130529761314392 0.495743989944458
vt 0.9131900072097778 0.23374399542808533
vt 0.9133359789848328 0.0647369995713234
vt 0.9133579730987549 0.6061850190162659
vt 0.9133769869804382 0.7388790249824524
vt 0.9135379791259766 0.756538987159729
vt 0.9144570231437683 0.4519590139389038
vt 0.9144570231437683 0.462242990732193
vt 0.9145330190658569 0.9428949952125549
vt 0.9145330190658569 0.983951985836029
vt 0.9145330190658569 0.9863979816436768
vt 0.9145330190658569 0.9962080121040344
vt 0.9145429730415344 0.5597000122070312
vt 0.9147369861602783 0.2981239855289459
vt 0.9153429865837097 0.63059002161026
vt 0.9153429865837097 0.661516010761261
vt 0.9154360294342041 0.10879600048065186
vt 0.9156460165977478 0.328918993473053
vt 0.9157000184059143 0.21618899703025818
vt 0.9157040119171143 0.8071879744529724
vt 0.9158049821853638 0.6020879745483398
vt 0.9158049821853638 0.620182991027832
vt 0.9158049821853638 0.627360999584198
vt 0.915913999080658 0.8821539878845215
vt 0.9159700274467468 0.1395310014486313
vt 0.9168660044670105 0.579479992389679
vt 0.9168660044670105 0.6177369952201843
vt 0.9169039726257324 0.4519590139389038
vt 0.9169039726257324 0.4629809856414795
vt 0.9173709750175476 0.4062980115413666
vt 0.9175209999084473 0.6233279705047607
vt 0.9176579713821411 0.5328829884529114
vt 0.9177889823913574 0.7696580290794373
vt 0.9177899956703186 0.6847969889640808
vt 0.9177899956703186 0.7404710054397583
vt 0.9178360104560852 0.63059002161026
vt 0.9179090261459351 0.2645750045776367
vt 0.9179379940032959 0.3034459948539734
vt 0.9186199903488159 0.7496110200881958
vt 0.9186879992485046 0.32842200994491577
vt 0.9190260171890259 0.8266090154647827
vt 0.9192349910736084 0.45412999391555786
vt 0.9194480180740356 0.0963279977440834
vt 0.9196149706840515 0.43223199248313904
vt 0.9196659922599792 0.3107590079307556
vt 0.9199560284614563 0.7783960103988647
vt 0.9200159907341003 0.988851010799408
vt 0.9200170040130615 0.9015359878540039
vt 0.9201040267944336 0.4788999855518341
vt 0.9201040267944336 0.6195740103721619
vt 0.9202209711074829 0.6039559841156006
vt 0.9208289980888367 0.589352011680603
vt 0.920864999294281 0.25181400775909424
vt 0.9208840131759644 0.14410400390625
vt 0.9208840131759644 0.28552499413490295
vt 0.9210349917411804 0.1041100025177002
vt 0.9215660095214844 0.5444269776344299
vt 0.9216480255126953 0.5207710266113281
vt 0.922061026096344 0.3533860146999359
vt 0.922061026096344 0.41078099608421326
vt 0.922061026096344 0.4303100109100342
vt 0.9228500127792358 0.8700349926948547
vt 0.923022985458374 0.918474018573761
vt 0.923022985458374 0.9808040261268616
vt 0.9231699705123901 0.38631099462509155
vt 0.9233300089836121 0.10879600048065186
vt 0.9233300089836121 0.27636900544166565
vt 0.9233300089836121 0.2812660038471222
vt 0.9233949780464172 0.23076799511909485
vt 0.9234809875488281 0.09485600143671036
vt 0.9234809875488281 0.10532400012016296
vt 0.9236990213394165 0.8374230265617371
vt 0.9242219924926758 0.7520570158958435
vt 0.9242219924926758 0.7748259902000427
vt 0.9243469834327698 0.29411399364471436
vt 0.9245290160179138 0.7348859906196594
vt 0.924651026725769 0.1977889984846115
vt 0.9250109791755676 0.37062299251556396
vt 0.9251229763031006 0.8133509755134583
vt 0.9251229763031006 0.8535929918289185
vt 0.9257540106773376 0.31818699836730957
vt 0.9259480237960815 0.6515560150146484
vt 0.9263290166854858 0.8945500254631042
vt 0.9263290166854858 0.9208509922027588
vt 0.9263290166854858 0.9771940112113953
vt 0.9263290166854858 0.9957540035247803
vt 0.9265040159225464 0.623274028301239
vt 0.9265649914741516 0.9747480154037476
vt 0.9266240000724792 0.45254600048065186
vt 0.9270129799842834 0.07453300058841705
vt 0.9272109866142273 0.03836200013756752
vt 0.9275339841842651 0.7452110052108765
vt 0.9275640249252319 0.575124979019165
vt 0.9275689721107483 0.7755029797554016
vt 0.9275699853897095 0.7889689803123474
vt 0.9275699853897095 0.8921040296554565
vt 0.9275850057601929 0.17418600618839264
vt 0.9277300238609314 0.4654659926891327
vt 0.9278709888458252 0.0012229999992996454
vt 0.9278709888458252 0.2425519973039627
vt 0.928276002407074 0.5904200077056885
vt 0.9285119771957397 0.4857249855995178
vt 0.9288529753684998 0.11267299950122833
vt 0.9288880228996277 0.5371019840240479
vt 0.9289060235023499 0.9429150223731995
vt 0.9289330244064331 0.8699659705162048
vt 0.9290050268173218 0.9130280017852783
vt 0.9294549822807312 0.9782739877700806
vt 0.9294649958610535 0.6420220136642456
vt 0.9297869801521301 0.17650799453258514
vt 0.9299129843711853 0.4338339865207672
vt 0.9299280047416687 0.5199069976806641
vt 0.9301480054855347 0.09892799705266953
vt 0.93019700050354 0.062171000987291336
vt 0.9312649965286255 0.10995899885892868
vt 0.9313820004463196 0.7433090209960938
vt 0.9314510226249695 0.8973900079727173
vt 0.9314510226249695 0.9468290209770203
vt 0.9322509765625 0.9778559803962708
vt 0.9323740005493164 0.5162190198898315
vt 0.9323740005493164 0.5852680206298828
vt 0.9323740005493164 0.6190299987792969
vt 0.9323740005493164 0.6238610148429871
vt 0.9324010014533997 0.11805299669504166
vt 0.9324089884757996 0.7366099953651428
vt 0.9326440095901489 0.10243500024080276
vt 0.9331099987030029 0.5372419953346252
vt 0.9331830143928528 0.8376569747924805
vt 0.9338060021400452 0.31503599882125854
vt 0.9338089823722839 0.03693699836730957
vt 0.9341449737548828 0.47830501198768616
vt 0.934207022190094 0.27881500124931335
vt 0.934207022190094 0.29945600032806396
vt 0.9347900152206421 0.4200659990310669
vt 0.9347900152206421 0.46248599886894226
vt 0.9348469972610474 0.10879600048065186
vt 0.9348469972610474 0.23940199613571167
vt 0.9348469972610474 0.24314400553703308
vt 0.9348469972610474 0.2683529853820801
vt 0.9348469972610474 0.27636799216270447
vt 0.9348559975624084 0.7359409928321838
vt 0.9351199865341187 0.15913799405097961
vt 0.9353470206260681 0.4176200032234192
vt 0.9355440139770508 0.008414000272750854
vt 0.9356439709663391 0.4975169897079468
vt 0.9356880187988281 0.5683209896087646
vt 0.9357190132141113 0.0777209997177124
vt 0.9358649849891663 0.1700340062379837
vt 0.9359040260314941 0.6214759945869446
vt 0.9359040260314941 0.6279309988021851
vt 0.9363129734992981 0.383107990026474
vt 0.9366530179977417 0.28834599256515503
vt 0.9366530179977417 0.29444798827171326
vt 0.9366530179977417 0.30258798599243164
vt 0.9366530179977417 0.30503401160240173
vt 0.9366530179977417 0.3108460009098053
vt 0.9372360110282898 0.4200659990310669
vt 0.9372360110282898 0.4580110013484955
vt 0.9374549984931946 0.21199199557304382
vt 0.9376069903373718 0.7783960103988647
vt 0.9376779794692993 0.2993899881839752
vt 0.9379969835281372 0.27881500124931335
vt 0.9379969835281372 0.29200199246406555
vt 0.9381139874458313 0.40553000569343567
vt 0.9381840229034424 0.7484530210494995
vt 0.9383469820022583 0.27247199416160583
vt 0.9383500218391418 0.626462996006012
vt 0.9383869767189026 0.4654659926891327
vt 0.9385349750518799 0.3088429868221283
vt 0.9385539889335632 0.3646639883518219
vt 0.9387410283088684 0.9540299773216248
vt 0.9388499855995178 0.8945500254631042
vt 0.9394339919090271 0.6214759945869446
vt 0.9395999908447266 0.5345159769058228
vt 0.9396790266036987 0.8270189762115479
vt 0.9398760199546814 0.9729459881782532
vt 0.940313994884491 0.0012229999992996454
vt 0.9405310153961182 0.5771030187606812
vt 0.9405940175056458 0.615772008895874
vt 0.9406059980392456 0.7006369829177856
vt 0.9408270120620728 0.8635519742965698
vt 0.9408270120620728 0.922448992729187
vt 0.9408270120620728 0.9564759731292725
vt 0.9408270120620728 0.9866610169410706
vt 0.9410009980201721 0.3775709867477417
vt 0.9411569833755493 0.5658749938011169
vt 0.9416559934616089 0.7391859889030457
vt 0.9418290257453918 0.14697599411010742
vt 0.9424899816513062 0.626462996006012
vt 0.9425039887428284 0.4176200032234192
vt 0.9426379799842834 0.2722330093383789
vt 0.9428120255470276 0.63059002161026
vt 0.9428769946098328 0.10995999723672867
vt 0.9432730078697205 0.9100509881973267
vt 0.9432730078697205 0.9232850074768066
vt 0.9433310031890869 0.06244799867272377
vt 0.9433879852294922 0.02279300056397915
vt 0.9435030221939087 0.041381001472473145
vt 0.9435349702835083 0.689507007598877
vt 0.9435960054397583 0.5052440166473389
vt 0.9442200064659119 0.23242999613285065
vt 0.9444839954376221 0.5972920060157776
vt 0.9445350170135498 0.07426200062036514
vt 0.9445760250091553 0.1604979932308197
vt 0.9447270035743713 0.8745239973068237
vt 0.94480299949646 0.7562620043754578
vt 0.94480299949646 0.775950014591217
vt 0.9448500275611877 0.1804320067167282
vt 0.945222020149231 0.9781950116157532
vt 0.9452360272407532 0.24184800684452057
vt 0.9452360272407532 0.26566898822784424
vt 0.9456430077552795 0.21348699927330017
vt 0.945717990398407 0.4376569986343384
vt 0.9457629919052124 0.647284984588623
vt 0.9457629919052124 0.7520580291748047
vt 0.9459360241889954 0.10243500024080276
vt 0.9472399950027466 0.4731709957122803
vt 0.9472399950027466 0.5348209738731384
vt 0.9478620290756226 0.8308249711990356
vt 0.947920024394989 0.4491179883480072
vt 0.9480890035629272 0.1268959939479828
vt 0.9480890035629272 0.17236000299453735
vt 0.9480890035629272 0.1978060007095337
vt 0.9480890035629272 0.2412710040807724
vt 0.9482089877128601 0.6151649951934814
vt 0.9482089877128601 0.6477370262145996
vt 0.9483820199966431 0.09803599864244461
vt 0.9486500024795532 0.7680450081825256
vt 0.9487119913101196 0.04291599988937378
vt 0.9491509795188904 0.07311099767684937
vt 0.9491680264472961 0.33327001333236694
vt 0.9492340087890625 0.2957009971141815
vt 0.9492340087890625 0.40369901061058044
vt 0.9496859908103943 0.6086360216140747
vt 0.9501039981842041 0.195360004901886
vt 0.9501150250434875 0.5053150057792664
vt 0.9504219889640808 0.5567799806594849
vt 0.9506059885025024 0.8943290114402771
vt 0.9509140253067017 0.9191610217094421
vt 0.9509140253067017 0.9741330146789551
vt 0.9509140253067017 0.9765790104866028
vt 0.9509140253067017 0.9941589832305908
vt 0.9514179825782776 0.8367890119552612
vt 0.9516800045967102 0.391865998506546
vt 0.9516800045967102 0.40588000416755676
vt 0.9516800045967102 0.45781201124191284
vt 0.9517989754676819 0.7783960103988647
vt 0.9517989754676819 0.9167150259017944
vt 0.9520130157470703 0.6281440258026123
vt 0.9523540139198303 0.32963401079177856
vt 0.9529439806938171 0.13529400527477264
vt 0.9533860087394714 0.269432008266449
vt 0.9539139866828918 0.0510919988155365
vt 0.9541379809379578 0.40343400835990906
vt 0.9542449712753296 0.7901099920272827
vt 0.9542449712753296 0.9008880257606506
vt 0.9542760252952576 0.4654659926891327
vt 0.9544749855995178 0.9750970005989075
vt 0.9545990228652954 0.7177640199661255
vt 0.9551939964294434 0.6452550292015076
vt 0.9553970098495483 0.06274399906396866
vt 0.9556769728660583 0.041103001683950424
vt 0.9560620188713074 0.0012229999992996454
vt 0.9560620188713074 0.10313700139522552
vt 0.9561799764633179 0.63059002161026
vt 0.9561799764633179 0.7585970163345337
vt 0.9568549990653992 0.2722330093383789
vt 0.9569100141525269 0.5171809792518616
vt 0.9569100141525269 0.6122959852218628
vt 0.9570810198783875 0.8717259764671326
vt 0.9583650231361389 0.6151649951934814
vt 0.9585080146789551 0.0012229999992996454
vt 0.9585080146789551 0.09566900134086609
vt 0.9585080146789551 0.0981149971485138
vt 0.9586259722709656 0.6567230224609375
vt 0.9586259722709656 0.7518740296363831
vt 0.9586259722709656 0.7601069808006287
vt 0.9589549899101257 0.0341080017387867
vt 0.9590039849281311 0.31635698676109314
vt 0.9590039849281311 0.39257898926734924
vt 0.9590100049972534 0.8940330147743225
vt 0.9590520262718201 0.20446400344371796
vt 0.9593560099601746 0.5509870052337646
vt 0.9595109820365906 0.9858959913253784
vt 0.9596329927444458 0.10879600048065186
vt 0.9598270058631897 0.4837230145931244
vt 0.960220992565155 0.16854900121688843
vt 0.9605079889297485 0.63059002161026
vt 0.9606879949569702 0.8750249743461609
vt 0.9608110189437866 0.623760998249054
vt 0.9614250063896179 0.7543200254440308
vt 0.9614499807357788 0.3039039969444275
vt 0.9614790081977844 0.03189300000667572
vt 0.9614980220794678 0.24416500329971313
vt 0.9620180130004883 0.8964790105819702
vt 0.9620180130004883 0.9652000069618225
vt 0.9620180130004883 0.9676460027694702
vt 0.9620180130004883 0.9894279837608337
vt 0.9620329737663269 0.45201998949050903
vt 0.9621639847755432 0.132205992937088
vt 0.9624379873275757 0.7783960103988647
vt 0.9624379873275757 0.8317570090293884
vt 0.9625710248947144 0.10619500279426575
vt 0.9629089832305908 0.669622004032135
vt 0.9631620049476624 0.6218010187149048
vt 0.9636240005493164 0.269432008266449
vt 0.9641960263252258 0.5155310034751892
vt 0.9642680287361145 0.04973800107836723
vt 0.9643419981002808 0.6114950180053711
vt 0.9643419981002808 0.6281440258026123
vt 0.9644790291786194 0.41602998971939087
vt 0.9646099805831909 0.13095200061798096
vt 0.9646480083465576 0.4654659926891327
vt 0.9646480083465576 0.6072360277175903
vt 0.9648020267486572 0.45781201124191284
vt 0.9648839831352234 0.8799819946289062
vt 0.9648839831352234 0.910323977470398
vt 0.9648839831352234 0.973904013633728
vt 0.9649350047111511 0.0981149971485138
vt 0.9651070237159729 0.7783960103988647
vt 0.9654539823532104 0.7324950098991394
vt 0.9654750227928162 0.019154999405145645
vt 0.9656350016593933 0.9763500094413757
vt 0.9656350016593933 0.9926429986953735
vt 0.9665589928627014 0.09342499822378159
vt 0.966812014579773 0.7578409910202026
vt 0.9670940041542053 0.5319510102272034
vt 0.9670940041542053 0.5720610022544861
vt 0.9670940041542053 0.6242740154266357
vt 0.967208981513977 0.16197100281715393
vt 0.9673810005187988 0.10060100257396698
vt 0.9679009914398193 0.6515009999275208
vt 0.9679009914398193 0.7395809888839722
vt 0.9679009914398193 0.7420269846916199
vt 0.9679009914398193 0.7484610080718994
vt 0.9682360291481018 0.5672270059585571
vt 0.9683279991149902 0.3947179913520813
vt 0.9683279991149902 0.42569500207901
vt 0.9685260057449341 0.5647810101509094
vt 0.9685479998588562 0.2722330093383789
vt 0.9685479998588562 0.3855380117893219
vt 0.9686769843101501 0.63059002161026
vt 0.9690049886703491 0.0012229999992996454
vt 0.9690049886703491 0.0980599969625473
vt 0.9692869782447815 0.755370020866394
vt 0.9692869782447815 0.7732080221176147
vt 0.9695550203323364 0.9842129945755005
vt 0.9697120189666748 0.7282419800758362
vt 0.9697510004043579 0.10619500279426575
vt 0.9700760245323181 0.7449399828910828
vt 0.9700760245323181 0.8305140137672424
vt 0.9700760245323181 0.9078779816627502
vt 0.9702849984169006 0.22215600311756134
vt 0.9702849984169006 0.26806700229644775
vt 0.9706709980964661 0.10060100257396698
vt 0.9709950089454651 0.2918980121612549
vt 0.9709950089454651 0.33586299419403076
vt 0.9709950089454651 0.4072589874267578
vt 0.9710080027580261 0.5162889957427979
vt 0.9710620045661926 0.06759899854660034
vt 0.9711080193519592 0.13771399855613708
vt 0.9718250036239624 0.10879600048065186
vt 0.9718250036239624 0.21909399330615997
vt 0.9721779823303223 0.4654659926891327
vt 0.9725229740142822 0.7421119809150696
vt 0.9725229740142822 0.775950014591217
vt 0.9725229740142822 0.7783960103988647
vt 0.9725229740142822 0.8826000094413757
vt 0.9725490212440491 0.9153019785881042
vt 0.9725490212440491 0.981082022190094
vt 0.9726020097732544 0.7306879758834839
vt 0.9727309942245483 0.2526620030403137
vt 0.9728739857673645 0.01374099962413311
vt 0.9730460047721863 0.4622949957847595
vt 0.9731829762458801 0.5708199739456177
vt 0.9736660122871399 0.08395899832248688
vt 0.9736790060997009 0.577476978302002
vt 0.9737669825553894 0.7395809888839722
vt 0.9737769961357117 0.8340839743614197
vt 0.9742130041122437 0.04981200024485588
vt 0.9742709994316101 0.18525800108909607
vt 0.9743350148200989 0.5103669762611389
vt 0.9743350148200989 0.543940007686615
vt 0.9749299883842468 0.8170340061187744
vt 0.9749900102615356 0.8997880220413208
vt 0.9749950170516968 0.9177460074424744
vt 0.9749950170516968 0.9958000183105469
vt 0.9750509858131409 0.21293699741363525
vt 0.9751129746437073 0.3710609972476959
vt 0.9752110242843628 0.6464220285415649
vt 0.9752110242843628 0.7263240218162537
vt 0.9755910038948059 0.2722330093383789
vt 0.9762979745864868 0.006268000230193138
vt 0.9767810106277466 0.5188440084457397
vt 0.9767820239067078 0.5785139799118042
vt 0.9767820239067078 0.6279249787330627
vt 0.9773030281066895 0.8768569827079773
vt 0.9776570200920105 0.6873949766159058
vt 0.9777699708938599 0.10879600048065186
vt 0.9778100252151489 0.4654659926891327
vt 0.9778609871864319 0.3024370074272156
vt 0.9780759811401367 0.37350699305534363
vt 0.9780759811401367 0.4240570068359375
vt 0.9781699776649475 0.7249469757080078
vt 0.9786109924316406 0.5404710173606873
vt 0.9787300229072571 0.5075060129165649
vt 0.9787439703941345 0.0662970021367073
vt 0.9787439703941345 0.07304500043392181
vt 0.9787439703941345 0.10616999864578247
vt 0.9789760112762451 0.18208900094032288
vt 0.9789760112762451 0.22902299463748932
vt 0.9790819883346558 0.639352023601532
vt 0.9793210029602051 0.9848170280456543
vt 0.9793210029602051 0.9987769722938538
vt 0.9794489741325378 0.7386569976806641
vt 0.9797490239143372 0.871275007724762
vt 0.9797490239143372 0.8966580033302307
vt 0.9797490239143372 0.9077079892158508
vt 0.9803069829940796 0.2827500104904175
vt 0.9803069829940796 0.35722899436950684
vt 0.9805219769477844 0.39839300513267517
vt 0.9805219769477844 0.439536988735199
vt 0.9805219769477844 0.46247199177742004
vt 0.9809340238571167 0.9823709726333618
vt 0.981024980545044 0.910323977470398
vt 0.981024980545044 0.9560949802398682
vt 0.9812089800834656 0.2338089942932129
vt 0.9812089800834656 0.269432008266449
vt 0.9813389778137207 0.49489501118659973
vt 0.9814220070838928 0.10879600048065186
vt 0.9814220070838928 0.1766050010919571
vt 0.9814220070838928 0.1790509968996048
vt 0.9814220070838928 0.23130600154399872
vt 0.9814980030059814 0.5410320162773132
vt 0.9816169738769531 0.8734750151634216
vt 0.9816190004348755 0.33403199911117554
vt 0.9817879796028137 0.7580869793891907
vt 0.9820110201835632 0.894212007522583
vt 0.9820799827575684 0.4735040068626404
vt 0.9820799827575684 0.5760669708251953
vt 0.9822210073471069 0.8114550113677979
vt 0.9825680255889893 0.6950330138206482
vt 0.9825760126113892 0.7141950130462646
vt 0.9828069806098938 0.103923000395298
vt 0.9829639792442322 0.63059002161026
vt 0.9829639792442322 0.7283470034599304
vt 0.9834709763526917 0.9392600059509277
vt 0.9834709763526917 0.9729009866714478
vt 0.9834709763526917 0.9952120184898376
vt 0.9836289882659912 0.8291239738464355
vt 0.9836549758911133 0.2338089942932129
vt 0.9836549758911133 0.26478201150894165
vt 0.9838219881057739 0.5851420164108276
vt 0.9842050075531006 0.9017220139503479
vt 0.9842339754104614 0.7592869997024536
vt 0.9844120144844055 0.0012229999992996454
vt 0.9844120144844055 0.07059799879789352
vt 0.9845219850540161 0.7783960103988647
vt 0.9845219850540161 0.8770250082015991
vt 0.9845259785652161 0.49327000975608826
vt 0.9845259785652161 0.5266450047492981
vt 0.9845259785652161 0.5539270043373108
vt 0.9851210117340088 0.5241990089416504
vt 0.9851610064506531 0.33647799491882324
vt 0.9851610064506531 0.3640489876270294
vt 0.9854099750518799 0.63059002161026
vt 0.9854099750518799 0.6813079714775085
vt 0.9854099750518799 0.683754026889801
vt 0.9854099750518799 0.7383959889411926
vt 0.9862269759178162 0.37350699305534363
vt 0.9862269759178162 0.4370900094509125
vt 0.9862679839134216 0.6048229932785034
vt 0.9863160252571106 0.2722330093383789
vt 0.9863160252571106 0.33307498693466187
vt 0.986611008644104 0.17140699923038483
vt 0.9867849946022034 0.1845560073852539
vt 0.9868580102920532 0.03947699815034866
vt 0.9868580102920532 0.08414900302886963
vt 0.9869679808616638 0.8024060130119324
vt 0.9869679808616638 0.8351219892501831
vt 0.9869679808616638 0.8375679850578308
vt 0.9869679808616638 0.8903700113296509
vt 0.9869679808616638 0.9042209982872009
vt 0.987030029296875 0.7246710062026978
vt 0.9871969819068909 0.5766649842262268
vt 0.9879130125045776 0.450888991355896
vt 0.9881790280342102 0.19280600547790527
vt 0.988440990447998 0.974822998046875
vt 0.9886260032653809 0.016896000131964684
vt 0.9886289834976196 0.0012229999992996454
vt 0.9886729717254639 0.3783099949359894
vt 0.9887049794197083 0.10335499793291092
vt 0.9887620210647583 0.2722330093383789
vt 0.9887620210647583 0.31213900446891785
vt 0.9887620210647583 0.3243100047111511
vt 0.9887620210647583 0.36831098794937134
vt 0.9889749884605408 0.5690469741821289
vt 0.9890329837799072 0.910323977470398
vt 0.9890329837799072 0.9704549908638
vt 0.9896010160446167 0.3218640089035034
vt 0.9897689819335938 0.2497349977493286
vt 0.9898399710655212 0.4654659926891327
vt 0.9898399710655212 0.496396005153656
vt 0.9901310205459595 0.7783960103988647
vt 0.9903590083122253 0.4395360052585602
vt 0.9903590083122253 0.4625850021839142
vt 0.990401029586792 0.7421129941940308
vt 0.990401029586792 0.7678170204162598
vt 0.9904109835624695 0.6984440088272095
vt 0.9906259775161743 0.1100659966468811
vt 0.9906259775161743 0.12800399959087372
vt 0.9906259775161743 0.18369300663471222
vt 0.9906719923019409 0.7297629714012146
vt 0.9906730055809021 0.23130600154399872
vt 0.9910069704055786 0.5367910265922546
vt 0.9912070035934448 0.060378000140190125
vt 0.9912559986114502 0.6384609937667847
vt 0.9914379715919495 0.1830500066280365
vt 0.9914789795875549 0.910323977470398
vt 0.9914789795875549 0.9410309791564941
vt 0.9914789795875549 0.9804059863090515
vt 0.9917830228805542 0.0252470001578331
vt 0.9917830228805542 0.05793200060725212
vt 0.991890013217926 0.8166360259056091
vt 0.9919620156288147 0.5966539978981018
vt 0.9919620156288147 0.6279249787330627
vt 0.9921280145645142 0.37350699305534363
vt 0.9921280145645142 0.4369550049304962
vt 0.9922059774398804 0.8404759764671326
vt 0.9922159910202026 0.2338089942932129
vt 0.9922159910202026 0.26387500762939453
vt 0.9922860264778137 0.4654659926891327
vt 0.9922860264778137 0.49808698892593384
vt 0.9922860264778137 0.5209029912948608
vt 0.9924119710922241 0.09425900131464005
vt 0.99270099401474 0.08103299885988235
vt 0.99270099401474 0.10197500139474869
vt 0.9928380250930786 0.24088500440120697
vt 0.9928470253944397 0.7622380256652832
vt 0.9928860068321228 0.8928160071372986
vt 0.9928860068321228 0.9075829982757568
vt 0.9930440187454224 0.9574689865112305
vt 0.9931179881095886 0.7160840034484863
vt 0.9934539794921875 0.5622770190238953
vt 0.9935380220413208 0.683754026889801
vt 0.9937019944190979 0.6681939959526062
vt 0.9937139749526978 0.3018139898777008
vt 0.9938070178031921 0.9938120245933533
vt 0.9938840270042419 0.15795700252056122
vt 0.9938840270042419 0.17529000341892242
vt 0.9938840270042419 0.19819200038909912
vt 0.9938840270042419 0.20966699719429016
vt 0.9940469861030579 0.3652909994125366
vt 0.9942299723625183 0.015479999594390392
vt 0.9942299723625183 0.02812499925494194
vt 0.9942299723625183 0.04910799860954285
vt 0.9943360090255737 0.7783960103988647
vt 0.9943360090255737 0.8071720004081726
vt 0.9943360090255737 0.8257480263710022
vt 0.9944080114364624 0.5766649842262268
vt 0.9944080114364624 0.5964499711990356
vt 0.9944080114364624 0.6095569729804993
vt 0.9944090247154236 0.26050901412963867
vt 0.994500994682312 0.9599149823188782
vt 0.994500994682312 0.9888110160827637
vt 0.9945740103721619 0.3845210075378418
vt 0.9945740103721619 0.3919509947299957
vt 0.9945740103721619 0.40534698963165283
vt 0.9945740103721619 0.4219430088996887
vt 0.9946519732475281 0.846983015537262
vt 0.9946519732475281 0.8638389706611633
vt 0.9946519732475281 0.8770959973335266
vt 0.9947260022163391 0.4435200095176697
vt 0.9951459765434265 0.1059499979019165
vt 0.9951459765434265 0.125558003783226
vt 0.9951469898223877 0.060378000140190125
vt 0.9951469898223877 0.07359199970960617
vt 0.9951469898223877 0.08547099679708481
vt 0.9953320026397705 0.8999490141868591
vt 0.9953680038452148 0.9347450137138367
vt 0.9957460165023804 0.23978500068187714
vt 0.9959189891815186 0.5146750211715698
vt 0.9959189891815186 0.5241990089416504
vt 0.9960899949073792 0.5636330246925354
vt 0.9961159825325012 0.5117890238761902
vt 0.9961900115013123 0.12800399959087372
vt 0.9961900115013123 0.17284399271011353
vt 0.9962319731712341 0.49602898955345154
vt 0.9962360262870789 0.63059002161026
vt 0.9962360262870789 0.6742500066757202
vt 0.9965090155601501 0.5266450047492981
vt 0.9965090155601501 0.5732300281524658
vt 0.9966220259666443 0.8035179972648621
vt 0.996649980545044 0.20063799619674683
vt 0.996649980545044 0.22838899493217468
vt 0.9967640042304993 0.7136099934577942
vt 0.9967640042304993 0.7307620048522949
vt 0.9971410036087036 0.7421129941940308
vt 0.9971410036087036 0.7664279937744141
vt 0.997169017791748 0.07603900134563446
vt 0.997169017791748 0.09136000275611877
vt 0.9972079992294312 0.5988960266113281
vt 0.9972079992294312 0.6202679872512817
vt 0.9973139762878418 0.40779298543930054
vt 0.9973139762878418 0.4238460063934326
vt 0.9974759817123413 0.0012229999992996454
vt 0.9974759817123413 0.025678999722003937
vt 0.9976999759674072 0.8687959909439087
vt 0.9976999759674072 0.8823630213737488
vt 0.9979060292243958 0.8375679850578308
vt 0.9979060292243958 0.8517429828643799
vt 0.9979680180549622 0.8928160071372986
vt 0.9979680180549622 0.9049890041351318
vt 0.9979749917984009 0.8096179962158203
vt 0.9979749917984009 0.8295170068740845
vt 0.9979789853096008 0.5794090032577515
vt 0.9981359839439392 0.1938520073890686
vt 0.9982590079307556 0.06834100186824799
vt 0.9982929825782776 0.4037739932537079
vt 0.9983170032501221 0.03170999884605408
vt 0.9983890056610107 0.8541889786720276
vt 0.9983890056610107 0.8663489818572998
vt 0.9984999895095825 0.37350699305534363
vt 0.9984999895095825 0.38950398564338684
vn -0.9998999834060669 -0.007899999618530273 -0.010900000110268593
vn -0.9998000264167786 0.01209999993443489 0.016599999740719795
vn -0.9998000264167786 0.017799999564886093 -0.001500000013038516
vn -0.9997000098228455 0.016699999570846558 0.018400000408291817
vn -0.9994000196456909 0.02160000056028366 -0.02539999969303608
vn -0.9993000030517578 0.014600000344216824 -0.03539999946951866
vn -0.9991999864578247 0.014800000004470348 0.03700000047683716
vn -0.9980999827384949 -0.03929999843239784 -0.0478999987244606
vn -0.9980999827384949 0.012600000016391277 -0.060600001364946365
vn -0.9980000257492065 0.012400000356137753 -0.06199999898672104
vn -0.9979000091552734 -0.06499999761581421 -0.007699999958276749
vn -0.9976000189781189 -0.05889999866485596 0.03629999980330467
vn -0.9976000189781189 0.06419999897480011 -0.025299999862909317
vn -0.9975000023841858 -0.052400000393390656 -0.04800000041723251
vn -0.9972000122070312 0.07509999722242355 0.007000000216066837
vn -0.9970999956130981 -0.07609999924898148 -0.004399999976158142
vn -0.996999979019165 -0.0714000016450882 0.02930000051856041
vn -0.9968000054359436 -0.06400000303983688 -0.04830000177025795
vn -0.9966999888420105 0.026000000536441803 0.07639999687671661
vn -0.9965000152587891 0.04960000142455101 -0.06689999997615814
vn -0.996399998664856 -0.05139999836683273 0.06719999760389328
vn -0.9957000017166138 -0.0869000032544136 0.03220000118017197
vn -0.9952999949455261 0.05979999899864197 0.07670000195503235
vn -0.9944000244140625 -0.10509999841451645 -0.004800000227987766
vn -0.9940999746322632 -0.05869999900460243 -0.09160000085830688
vn -0.9940999746322632 0.03660000115633011 -0.10189999639987946
vn -0.9939000010490417 -0.10980000346899033 0.0007999999797903001
vn -0.9939000010490417 -0.0215000007301569 0.10819999873638153
vn -0.9934999942779541 -0.0737999975681305 -0.08709999918937683
vn -0.9926999807357788 0.006500000134110451 0.12070000171661377
vn -0.9919000267982483 -0.048500001430511475 -0.11710000038146973
vn -0.9916999936103821 -0.10040000081062317 0.07989999651908875
vn -0.9915000200271606 -0.10639999806880951 0.0754999965429306
vn -0.991100013256073 -0.1264999955892563 -0.04129999876022339
vn -0.9908000230789185 -0.03920000046491623 -0.12919999659061432
vn -0.9907000064849854 -0.03799999877810478 0.13089999556541443
vn -0.9904999732971191 -0.018200000748038292 0.13660000264644623
vn -0.989799976348877 0.0215000007301569 0.14059999585151672
vn -0.9896000027656555 0.09440000355243683 -0.10819999873638153
vn -0.9891999959945679 -0.017500000074505806 -0.14569999277591705
vn -0.9889000058174133 0.14869999885559082 0.006099999882280827
vn -0.9887999892234802 -0.11349999904632568 0.09719999879598618
vn -0.9886000156402588 -0.14970000088214874 -0.018400000408291817
vn -0.9886000156402588 -0.03099999949336052 0.14730000495910645
vn -0.9879999756813049 0.14869999885559082 0.04179999977350235
vn -0.9872000217437744 0.1590999960899353 0.010200000368058681
vn -0.9866999983787537 -0.042500000447034836 0.15719999372959137
vn -0.9858999848365784 0.1289999932050705 -0.10689999908208847
vn -0.9855999946594238 -0.13740000128746033 0.0982000008225441
vn -0.9855999946594238 -0.015599999576807022 -0.1680999994277954
vn -0.9854000210762024 0.16339999437332153 -0.04809999838471413
vn -0.9846000075340271 -0.01769999973475933 0.1738000065088272
vn -0.9846000075340271 0.022199999541044235 -0.17329999804496765
vn -0.984499990940094 -0.17170000076293945 -0.03440000116825104
vn -0.984499990940094 0.17309999465942383 0.027400000020861626
vn -0.9840999841690063 -0.14900000393390656 0.0966000035405159
vn -0.9840999841690063 -0.04839999973773956 0.17080000042915344
vn -0.9830999970436096 0.08250000327825546 0.16359999775886536
vn -0.982699990272522 -0.07289999723434448 0.17000000178813934
vn -0.9801999926567078 0.19670000672340393 -0.021700000390410423
vn -0.9796000123023987 0.20100000500679016 -0.004100000020116568
vn -0.9793000221252441 -0.18459999561309814 -0.0828000009059906
vn -0.9789999723434448 -0.18029999732971191 -0.09489999711513519
vn -0.9782999753952026 0.0013000000035390258 -0.20739999413490295
vn -0.9772999882698059 -0.211899995803833 0.0013000000035390258
vn -0.9764999747276306 0.1476999968290329 -0.15690000355243683
vn -0.9745000004768372 -0.17880000174045563 0.13570000231266022
vn -0.9733999967575073 0.22849999368190765 -0.01899999938905239
vn -0.9724000096321106 -0.11940000206232071 -0.20029999315738678
vn -0.9722999930381775 0.01940000057220459 0.2329999953508377
vn -0.97079998254776 0.20679999887943268 0.12139999866485596
vn -0.9696999788284302 0.24140000343322754 -0.03669999912381172
vn -0.9696000218391418 0.22210000455379486 -0.10270000249147415
vn -0.9659000039100647 -0.2021999955177307 0.16200000047683716
vn -0.965399980545044 0.17190000414848328 -0.19619999825954437
vn -0.9639000296592712 -0.005799999926239252 0.2660999894142151
vn -0.9621999859809875 0.21789999306201935 -0.16339999437332153
vn -0.9617000222206116 -0.10760000348091125 -0.25189998745918274
vn -0.9606000185012817 -0.000699999975040555 0.27790001034736633
vn -0.9595999717712402 -0.2531999945640564 0.12269999831914902
vn -0.9585999846458435 -0.1256999969482422 0.2556000053882599
vn -0.9574000239372253 -0.18019999563694 -0.22550000250339508
vn -0.9574000239372253 0.06040000170469284 0.2824000120162964
vn -0.957099974155426 -0.11169999837875366 -0.267300009727478
vn -0.957099974155426 -0.022299999371170998 -0.289000004529953
vn -0.9549999833106995 0.28200000524520874 -0.0917000025510788
vn -0.9544000029563904 -0.2818000018596649 -0.09799999743700027
vn -0.9538999795913696 0.21389999985694885 0.21060000360012054
vn -0.9531000256538391 0.1071000024676323 -0.28299999237060547
vn -0.9527999758720398 0.3012999892234802 -0.03779999911785126
vn -0.9510999917984009 0.3077999949455261 -0.024399999529123306
vn -0.9501000046730042 0.17520000040531158 0.257999986410141
vn -0.9485999941825867 0.008700000122189522 0.31619998812675476
vn -0.9466000199317932 -0.20250000059604645 -0.25110000371932983
vn -0.9451000094413757 -0.058800000697374344 0.3212999999523163
vn -0.9449999928474426 0.3246000111103058 -0.0406000018119812
vn -0.9441999793052673 0.19290000200271606 -0.2671000063419342
vn -0.9431999921798706 0.21930000185966492 -0.24950000643730164
vn -0.942300021648407 -0.33219999074935913 -0.04170000180602074
vn -0.9417999982833862 0.008999999612569809 0.3359000086784363
vn -0.9416999816894531 0.20509999990463257 0.26669999957084656
vn -0.9394000172615051 -0.34299999475479126 0.002199999988079071
vn -0.9370999932289124 0.34860000014305115 -0.01720000058412552
vn -0.9368000030517578 -0.3479999899864197 -0.03739999979734421
vn -0.9334999918937683 -0.01119999960064888 -0.35830000042915344
vn -0.9315000176429749 -0.15240000188350677 -0.3303000032901764
vn -0.9307000041007996 0.021400000900030136 0.365200012922287
vn -0.9283999800682068 0.21629999577999115 -0.30219998955726624
vn -0.9279999732971191 0.006899999920278788 -0.3725999891757965
vn -0.9276000261306763 -0.05810000002384186 -0.36899998784065247
vn -0.927299976348877 0.3743000030517578 -0.004900000058114529
vn -0.9253000020980835 0.36390000581741333 -0.10670000314712524
vn -0.925000011920929 -0.1754000037908554 0.33709999918937683
vn -0.9248999953269958 0.37720000743865967 0.0478999987244606
vn -0.923799991607666 0.25029999017715454 0.2897999882698059
vn -0.9229999780654907 0.09650000184774399 -0.3725999891757965
vn -0.9212999939918518 0.1931000053882599 -0.33739998936653137
vn -0.9211999773979187 0.28189998865127563 -0.26840001344680786
vn -0.9204999804496765 0.051500000059604645 0.3874000012874603
vn -0.9189000129699707 0.07609999924898148 -0.3871000111103058
vn -0.9186999797821045 -0.15919999778270721 -0.3614000082015991
vn -0.9151999950408936 0.19050000607967377 -0.35519999265670776
vn -0.9142000079154968 -0.08569999784231186 -0.3959999978542328
vn -0.911300003528595 -0.29899999499320984 -0.2831999957561493
vn -0.9100000262260437 0.32350000739097595 0.25920000672340393
vn -0.9068999886512756 -0.29159998893737793 -0.30410000681877136
vn -0.9068999886512756 0.42100000381469727 -0.018799999728798866
vn -0.9053999781608582 -0.06710000336170197 0.41909998655319214
vn -0.9047999978065491 0.42570000886917114 0.00930000003427267
vn -0.9006999731063843 0.41819998621940613 -0.11810000240802765
vn -0.900600016117096 -0.15379999577999115 0.4065000116825104
vn -0.9003000259399414 -0.41690000891685486 0.12520000338554382
vn -0.8970999717712402 -0.36559998989105225 -0.24799999594688416
vn -0.8956000208854675 -0.05770000070333481 0.44119998812675476
vn -0.8924999833106995 0.44909998774528503 0.042100001126527786
vn -0.8909000158309937 -0.45419999957084656 0.003700000001117587
vn -0.8855000138282776 -0.3483000099658966 -0.3075000047683716
vn -0.8852999806404114 -0.09480000287294388 0.4553000032901764
vn -0.8805000185966492 -0.04500000178813934 0.47189998626708984
vn -0.8791999816894531 0.4740999937057495 -0.047600001096725464
vn -0.8788999915122986 -0.06369999796152115 -0.47279998660087585
vn -0.8774999976158142 0.44200000166893005 -0.1860000044107437
vn -0.8772000074386597 -0.21580000221729279 -0.42899999022483826
vn -0.8761000037193298 0.07249999791383743 0.4765999913215637
vn -0.8759999871253967 -0.4578999876976013 0.15129999816417694
vn -0.8759999871253967 0.1477999985218048 0.45899999141693115
vn -0.8741999864578247 0.186599999666214 -0.448199987411499
vn -0.8737000226974487 0.266400009393692 -0.40709999203681946
vn -0.8729000091552734 -0.03359999880194664 -0.4867999851703644
vn -0.8729000091552734 0.1404000073671341 0.46720001101493835
vn -0.8719000220298767 -0.0215000007301569 -0.48919999599456787
vn -0.8716999888420105 -0.15399999916553497 0.4652000069618225
vn -0.8711000084877014 0.41659998893737793 -0.2599000036716461
vn -0.8700000047683716 -0.4722000062465668 0.14180000126361847
vn -0.8659999966621399 0.4864000082015991 0.1160999983549118
vn -0.8641999959945679 0.03700000047683716 -0.501800000667572
vn -0.8636000156402588 0.3808000087738037 0.3303999900817871
vn -0.8616999983787537 -0.4975000023841858 0.09969999641180038
vn -0.8565000295639038 0.07670000195503235 0.5103999972343445
vn -0.8554999828338623 0.43529999256134033 0.28029999136924744
vn -0.8543000221252441 0.0551999993622303 0.5169000029563904
vn -0.8540999889373779 0.2847999930381775 -0.43529999256134033
vn -0.8535000085830688 0.23970000445842743 -0.4627000093460083
vn -0.8532999753952026 -0.521399974822998 -0.00019999999494757503
vn -0.8513000011444092 0.382999986410141 0.3587000072002411
vn -0.8507999777793884 0.4162999987602234 -0.3208000063896179
vn -0.8497999906539917 0.07479999959468842 0.5217000246047974
vn -0.8489999771118164 -0.17249999940395355 -0.49950000643730164
vn -0.847599983215332 -0.04309999942779541 0.5289999842643738
vn -0.847599983215332 0.5228999853134155 0.09070000052452087
vn -0.8474000096321106 0.36890000104904175 -0.38190001249313354
vn -0.8453999757766724 0.46459999680519104 -0.2635999917984009
vn -0.8425999879837036 0.384799987077713 0.3767000138759613
vn -0.840399980545044 -0.0005000000237487257 -0.5419999957084656
vn -0.8400999903678894 -0.3610999882221222 -0.40470001101493835
vn -0.8395000100135803 0.008500000461935997 -0.5432999730110168
vn -0.8367999792098999 0.39959999918937683 0.37439998984336853
vn -0.8366000056266785 0.44839999079704285 -0.31470000743865967
vn -0.8355000019073486 -0.5166000127792358 -0.18729999661445618
vn -0.8335999846458435 0.42969998717308044 0.34700000286102295
vn -0.8317000269889832 0.14480000734329224 -0.5360000133514404
vn -0.8274999856948853 -0.23569999635219574 0.5095999836921692
vn -0.826200008392334 0.5486999750137329 0.12759999930858612
vn -0.819599986076355 -0.5595999956130981 0.1225999966263771
vn -0.8179000020027161 0.4327999949455261 0.3792000114917755
vn -0.8167999982833862 -0.5766000151634216 0.016899999231100082
vn -0.8166000247001648 -0.039400000125169754 0.5758000016212463
vn -0.814300000667572 -0.013899999670684338 0.5802000164985657
vn -0.8141999840736389 0.3635999858379364 -0.4526999890804291
vn -0.8126000165939331 0.3215000033378601 -0.4860999882221222
vn -0.809499979019165 -0.428600013256073 0.40130001306533813
vn -0.8093000054359436 0.5806000232696533 0.08889999985694885
vn -0.8084999918937683 -0.5885000228881836 0.003100000089034438
vn -0.8083000183105469 -0.46050000190734863 -0.3668999969959259
vn -0.8064000010490417 -0.590499997138977 -0.03240000084042549
vn -0.8044000267982483 0.5605000257492065 -0.19679999351501465
vn -0.7915999889373779 0.22609999775886536 -0.5676000118255615
vn -0.7904999852180481 -0.6103000044822693 -0.051899999380111694
vn -0.789900004863739 -0.06270000338554382 0.6100999712944031
vn -0.7818999886512756 -0.520799994468689 0.3425000011920929
vn -0.781000018119812 -0.0908999964594841 -0.617900013923645
vn -0.7807999849319458 0.07349999994039536 0.6205000281333923
vn -0.7792999744415283 0.6266999840736389 0.00570000009611249
vn -0.7756999731063843 -0.03200000151991844 0.630299985408783
vn -0.7753000259399414 -0.631600022315979 0.004900000058114529
vn -0.7753000259399414 -0.22360000014305115 0.5906000137329102
vn -0.7735999822616577 -0.459199994802475 -0.4366999864578247
vn -0.7731999754905701 0.4700999855995178 0.42570000886917114
vn -0.7721999883651733 0.5924000144004822 0.22990000247955322
vn -0.7699999809265137 -0.48890000581741333 0.4099999964237213
vn -0.7663000226020813 -0.5817000269889832 -0.2727999985218048
vn -0.7616999745368958 0.6366000175476074 0.12080000340938568
vn -0.760200023651123 0.6478000283241272 -0.049800001084804535
vn -0.7545999884605408 -0.656000018119812 -0.012199999764561653
vn -0.7542999982833862 -0.6561999917030334 -0.019899999722838402
vn -0.7538999915122986 0.6565999984741211 0.021700000390410423
vn -0.753000020980835 -0.2921999990940094 -0.5896000266075134
vn -0.7523999810218811 0.5559999942779541 -0.3531999886035919
vn -0.751800000667572 0.10170000046491623 0.6514999866485596
vn -0.7461000084877014 0.5982000231742859 -0.2924000024795532
vn -0.7458000183105469 -0.6266999840736389 0.22589999437332153
vn -0.7447999715805054 -0.009800000116229057 0.6672999858856201
vn -0.7437999844551086 -0.6657000184059143 0.06019999831914902
vn -0.7416999936103821 0.48339998722076416 -0.4650000035762787
vn -0.7409999966621399 0.6671000123023987 0.07720000296831131
vn -0.7404999732971191 -0.6704999804496765 0.04619999974966049
vn -0.7402999997138977 -0.39959999918937683 0.5407000184059143
vn -0.738099992275238 0.17139999568462372 -0.6525999903678894
vn -0.7376000285148621 0.06239999830722809 -0.6722999811172485
vn -0.7364000082015991 0.43470001220703125 -0.5184000134468079
vn -0.7337999939918518 -0.0005000000237487257 -0.6794000267982483
vn -0.7319999933242798 -0.319599986076355 0.6015999913215637
vn -0.7297000288963318 -0.6729999780654907 -0.12099999934434891
vn -0.7267000079154968 0.3646000027656555 0.5821999907493591
vn -0.7246999740600586 -0.6890000104904175 0.014700000174343586
vn -0.7156000137329102 -0.15230000019073486 0.6816999912261963
vn -0.7141000032424927 0.003800000064074993 -0.699999988079071
vn -0.7111999988555908 0.29679998755455017 -0.6373000144958496
vn -0.7106000185012817 0.7021999955177307 -0.04340000078082085
vn -0.7073000073432922 -0.70660001039505 0.022099999710917473
vn -0.7059000134468079 0.45320001244544983 0.5443999767303467
vn -0.7046999931335449 -0.692300021648407 0.15530000627040863
vn -0.7045000195503235 -0.15049999952316284 0.6934999823570251
vn -0.70169997215271 0.40529999136924744 -0.5860000252723694
vn -0.701200008392334 0.7124000191688538 -0.02969999983906746
vn -0.6980000138282776 0.02160000056028366 -0.7157999873161316
vn -0.6970999836921692 0.713100016117096 0.0746999979019165
vn -0.6966999769210815 0.3553999960422516 -0.623199999332428
vn -0.6938999891281128 -0.6983000040054321 0.17560000717639923
vn -0.6912000179290771 0.720300018787384 -0.058800000697374344
vn -0.6863999962806702 -0.7272999882698059 0.00039999998989515007
vn -0.6847000122070312 0.7236999869346619 -0.08630000054836273
vn -0.6845999956130981 0.7275000214576721 0.04479999840259552
vn -0.6841999888420105 -0.7289000153541565 -0.024700000882148743
vn -0.6823999881744385 0.031199999153614044 -0.7303000092506409
vn -0.6783000230789185 0.1412000060081482 -0.7210000157356262
vn -0.6758999824523926 0.37869998812675476 -0.6323000192642212
vn -0.6718999743461609 -0.5917999744415283 -0.44530001282691956
vn -0.6686000227928162 -0.7196000218391418 0.1876000016927719
vn -0.6682000160217285 -0.1386999934911728 -0.73089998960495
vn -0.6680999994277954 0.7402999997138977 -0.07530000060796738
vn -0.6678000092506409 0.29679998755455017 0.6826000213623047
vn -0.6675000190734863 0.6227999925613403 0.4081000089645386
vn -0.6665999889373779 -0.7207000255584717 -0.19030000269412994
vn -0.6621000170707703 -0.635200023651123 -0.3977000117301941
vn -0.6607999801635742 0.6333000063896179 0.4027999937534332
vn -0.6590999960899353 -0.6503000259399414 0.37779998779296875
vn -0.6559000015258789 -0.03669999912381172 0.7540000081062317
vn -0.6559000015258789 0.296099990606308 0.6942999958992004
vn -0.6492000222206116 0.758400022983551 -0.057500001043081284
vn -0.6478000283241272 0.7509999871253967 -0.12790000438690186
vn -0.647599995136261 0.005200000014156103 -0.7620000243186951
vn -0.6468999981880188 -0.762499988079071 -0.005200000014156103
vn -0.646399974822998 0.35249999165534973 0.6766999959945679
vn -0.6420000195503235 -0.12970000505447388 -0.7556999921798706
vn -0.6389999985694885 -0.5595999956130981 -0.5278000235557556
vn -0.6383000016212463 -0.07919999957084656 -0.7656999826431274
vn -0.6381999850273132 0.006899999920278788 0.7698000073432922
vn -0.6355000138282776 -0.7720999717712402 -0.0071000000461936
vn -0.6348999738693237 0.2540000081062317 -0.7296000123023987
vn -0.6345000267028809 0.6827999949455261 -0.362199991941452
vn -0.6328999996185303 0.7455999851226807 -0.2084999978542328
vn -0.631600022315979 0.18940000236034393 0.751800000667572
vn -0.6310999989509583 0.7756999731063843 0.005100000184029341
vn -0.6309000253677368 0.5171999931335449 -0.5784000158309937
vn -0.6258999705314636 -0.7793999910354614 -0.02850000001490116
vn -0.6251999735832214 -0.491100013256073 0.6065000295639038
vn -0.6240000128746033 0.3456000089645386 0.7009000182151794
vn -0.623199999332428 0.6969000101089478 -0.3549000024795532
vn -0.6230000257492065 0.5302000045776367 0.5751000046730042
vn -0.6205999851226807 0.30799999833106995 -0.7210999727249146
vn -0.6200000047683716 -0.4546000063419342 -0.6395000219345093
vn -0.6194000244140625 -0.7400000095367432 -0.2621000111103058
vn -0.6116999983787537 0.772599995136261 0.17000000178813934
vn -0.6071000099182129 0.14149999618530273 -0.7818999886512756
vn -0.6011999845504761 0.7989000082015991 -0.017799999564886093
vn -0.6011000275611877 -0.22789999842643738 0.765999972820282
vn -0.5975000262260437 0.06599999964237213 -0.7990999817848206
vn -0.597000002861023 -0.34450000524520874 -0.7245000004768372
vn -0.59579998254776 -0.6854000091552734 -0.4185999929904938
vn -0.595300018787384 0.5127999782562256 0.6186000108718872
vn -0.595300018787384 0.8034999966621399 0.006200000178068876
vn -0.5924000144004822 0.003000000026077032 -0.8055999875068665
vn -0.5918999910354614 0.7894999980926514 -0.1624000072479248
vn -0.5871000289916992 0.809499979019165 -0.0017999999690800905
vn -0.5825999975204468 0.4796999990940094 -0.6560999751091003
vn -0.5821999907493591 0.5881999731063843 -0.5612999796867371
vn -0.5809000134468079 -0.438400000333786 -0.6858000159263611
vn -0.5796999931335449 0.003000000026077032 0.8148000240325928
vn -0.5774000287055969 0.6568999886512756 0.4848000109195709
vn -0.5760999917984009 -0.49619999527931213 -0.6495000123977661
vn -0.5760999917984009 0.311599999666214 0.7555999755859375
vn -0.5759000182151794 0.08529999852180481 0.8130000233650208
vn -0.5724999904632568 0.6575000286102295 0.48980000615119934
vn -0.5717999935150146 0.8202999830245972 0.010700000450015068
vn -0.5712000131607056 0.3418999910354614 0.7462000250816345
vn -0.5687000155448914 0.819599986076355 0.07029999792575836
vn -0.5684000253677368 0.6654000282287598 -0.4839000105857849
vn -0.5681999921798706 0.8220000267028809 -0.037700001150369644
vn -0.5659999847412109 0.8241000175476074 0.023600000888109207
vn -0.5651999711990356 -0.5026999711990356 0.6541000008583069
vn -0.5583999752998352 0.8292999863624573 -0.02160000056028366
vn -0.555899977684021 -0.26409998536109924 0.7882000207901001
vn -0.5548999905586243 0.8319000005722046 -0.0006000000284984708
vn -0.5536999702453613 0.8313999772071838 0.04729999974370003
vn -0.5530999898910522 -0.010999999940395355 0.8330000042915344
vn -0.5525000095367432 0.6909999847412109 -0.4659999907016754
vn -0.5512999892234802 0.2639000117778778 0.7914999723434448
vn -0.5512999892234802 0.7789999842643738 0.2985999882221222
vn -0.545799970626831 -0.8023999929428101 0.24140000343322754
vn -0.5447999835014343 0.8022000193595886 0.2442999929189682
vn -0.5440999865531921 0.8389999866485596 -0.010900000110268593
vn -0.5440000295639038 0.8389999866485596 -0.00860000029206276
vn -0.5396999716758728 -0.7958999872207642 0.2741999924182892
vn -0.5393999814987183 -0.7465999722480774 -0.38929998874664307
vn -0.5382999777793884 0.579200029373169 0.6121000051498413
vn -0.5375999808311462 -0.07320000231266022 -0.8399999737739563
vn -0.5365999937057495 -0.2159000039100647 0.8158000111579895
vn -0.527999997138977 -0.3799999952316284 -0.7595000267028809
vn -0.5234000086784363 0.8519999980926514 0.011900000274181366
vn -0.5210999846458435 0.7562000155448914 -0.39570000767707825
vn -0.520799994468689 -0.597100019454956 -0.6101999878883362
vn -0.5142999887466431 -0.07840000092983246 0.8539999723434448
vn -0.5130000114440918 0.2619999945163727 -0.8173999786376953
vn -0.5127999782562256 -0.00930000003427267 0.8585000038146973
vn -0.5099999904632568 -0.014000000432133675 -0.8600999712944031
vn -0.5091000199317932 0.26499998569488525 0.8188999891281128
vn -0.5087000131607056 0.8608999848365784 -0.010300000198185444
vn -0.5069000124931335 -0.0032999999821186066 -0.8619999885559082
vn -0.504800021648407 -0.16449999809265137 -0.8474000096321106
vn -0.5024999976158142 -0.4259999990463257 0.7523000240325928
vn -0.5023000240325928 -0.002099999925121665 -0.8647000193595886
vn -0.4964999854564667 0.3749000132083893 0.7828999757766724
vn -0.49619999527931213 0.30000001192092896 0.8147000074386597
vn -0.49570000171661377 -0.8400999903678894 0.22050000727176666
vn -0.4932999908924103 0.08969999849796295 0.8651999831199646
vn -0.4921000003814697 0.7318000197410583 0.4715000092983246
vn -0.4893999993801117 -0.024399999529123306 0.8716999888420105
vn -0.48730000853538513 -0.7944999933242798 -0.36230000853538513
vn -0.48350000381469727 0.11069999635219574 -0.8683000206947327
vn -0.4823000133037567 -0.05889999866485596 -0.8740000128746033
vn -0.4794999957084656 -0.8299999833106995 0.2849999964237213
vn -0.4715000092983246 0.06589999794960022 -0.8794000148773193
vn -0.4706000089645386 -0.08789999783039093 0.878000020980835
vn -0.47049999237060547 0.867900013923645 0.15940000116825104
vn -0.4699999988079071 -0.060499999672174454 -0.8805999755859375
vn -0.4691999852657318 0.8690000176429749 -0.1574999988079071
vn -0.4690999984741211 0.6639999747276306 -0.5823000073432922
vn -0.4666000008583069 0.883899986743927 -0.030400000512599945
vn -0.4659000039100647 -0.005499999970197678 -0.8848000168800354
vn -0.4650000035762787 0.885200023651123 0.014299999922513962
vn -0.4636000096797943 0.04800000041723251 0.8848000168800354
vn -0.4625000059604645 -0.7009999752044678 -0.5428000092506409
vn -0.46219998598098755 0.8867999911308289 0.004800000227987766
vn -0.45680001378059387 0.30070000886917114 0.8371999859809875
vn -0.4562999904155731 0.8514999747276306 0.2583000063896179
vn -0.4562000036239624 0.8396000266075134 -0.29499998688697815
vn -0.4560999870300293 0.8610000014305115 0.22509999573230743
vn -0.4551999866962433 -0.3249000012874603 -0.8289999961853027
vn -0.4551999866962433 0.8621000051498413 0.22280000150203705
vn -0.4544999897480011 0.8907999992370605 0.0010000000474974513
vn -0.4542999863624573 0.8848000168800354 -0.10360000282526016
vn -0.45350000262260437 0.2694000005722046 -0.8496000170707703
vn -0.45339998602867126 0.09910000115633011 0.8858000040054321
vn -0.451200008392334 -0.017799999564886093 0.892300009727478
vn -0.45089998841285706 0.8924000263214111 0.01810000091791153
vn -0.4505000114440918 -0.7581999897956848 -0.4713999927043915
vn -0.4465999901294708 -0.8928999900817871 0.05649999901652336
vn -0.44369998574256897 0.8960999846458435 -0.010200000368058681
vn -0.4429999887943268 -0.020099999383091927 0.8963000178337097
vn -0.44119998812675476 0.8906000256538391 0.11010000109672546
vn -0.4406999945640564 0.734000027179718 0.516700029373169
vn -0.43810001015663147 0.6757000088691711 0.5928999781608582
vn -0.43779999017715454 0.8532999753952026 0.2831000089645386
vn -0.43709999322891235 -0.8384000062942505 0.3255999982357025
vn -0.43560001254081726 0.8984000086784363 -0.05660000070929527
vn -0.43130001425743103 0.9021000266075134 -0.011800000444054604
vn -0.4307999908924103 -0.4043999910354614 -0.8066999912261963
vn -0.42480000853538513 0.8988000154495239 0.10869999974966049
vn -0.42260000109672546 0.9063000082969666 0.0012000000569969416
vn -0.42250001430511475 0.8921999931335449 0.15970000624656677
vn -0.42080000042915344 -0.08030000329017639 0.9035999774932861
vn -0.42080000042915344 -0.05869999900460243 -0.9053000211715698
vn -0.4185999929904938 0.16220000386238098 0.8935999870300293
vn -0.41659998893737793 0.6087999939918518 0.6751999855041504
vn -0.41600000858306885 0.03709999844431877 -0.9085999727249146
vn -0.40959998965263367 0.7121000289916992 -0.5702000260353088
vn -0.4090999960899353 0.9115999937057495 -0.0406000018119812
vn -0.40799999237060547 0.8984000086784363 -0.1623000055551529
vn -0.4032000005245209 0.829200029373169 0.3871000111103058
vn -0.40209999680519104 -0.3517000079154968 -0.8453999757766724
vn -0.400299996137619 -0.9136999845504761 0.06989999860525131
vn -0.4002000093460083 0.17219999432563782 0.9000999927520752
vn -0.3984000086784363 -0.3495999872684479 0.8479999899864197
vn -0.39500001072883606 0.9185000061988831 0.01720000058412552
vn -0.3930000066757202 0.5769000053405762 0.7160999774932861
vn -0.3928999900817871 -0.04919999837875366 -0.9182999730110168
vn -0.39070001244544983 0.2029000073671341 -0.8978999853134155
vn -0.3901999890804291 -0.4749000072479248 0.7888000011444092
vn -0.38839998841285706 -0.03720000013709068 -0.920799970626831
vn -0.38519999384880066 0.2502000033855438 0.8883000016212463
vn -0.38440001010894775 0.045899998396635056 -0.921999990940094
vn -0.37869998812675476 -0.3580999970436096 0.8535000085830688
vn -0.3776000142097473 -0.12319999933242798 -0.9176999926567078
vn -0.3684000074863434 0.8694000244140625 -0.3292999863624573
vn -0.36419999599456787 -0.3756999969482422 0.8521999716758728
vn -0.3635999858379364 -0.8202999830245972 -0.4415000081062317
vn -0.3625999987125397 -0.29499998688697815 0.8840000033378601
vn -0.35850000381469727 0.9312999844551086 0.06469999998807907
vn -0.35679998993873596 -0.7498999834060669 0.5570999979972839
vn -0.35499998927116394 -0.9276000261306763 0.11649999767541885
vn -0.3499000072479248 -0.9361000061035156 0.03610000014305115
vn -0.34389999508857727 0.5307999849319458 0.7746000289916992
vn -0.34380000829696655 -0.10580000281333923 0.9330999851226807
vn -0.3427000045776367 0.1623000055551529 0.9253000020980835
vn -0.33889999985694885 0.8579000234603882 -0.3862000107765198
vn -0.3330000042915344 0.08510000258684158 -0.9391000270843506
vn -0.32429999113082886 0.6626999974250793 0.675000011920929
vn -0.32409998774528503 -0.03370000049471855 0.9453999996185303
vn -0.3206000030040741 -0.871399998664856 -0.37139999866485596
vn -0.32010000944137573 0.6843000054359436 0.6552000045776367
vn -0.31929999589920044 -0.9456999897956848 -0.06040000170469284
vn -0.31839999556541443 0.4950999915599823 0.8083999752998352
vn -0.3172999918460846 0.4228000044822693 -0.8489000201225281
vn -0.3165000081062317 0.3741999864578247 -0.8716999888420105
vn -0.3156999945640564 0.7965999841690063 -0.515500009059906
vn -0.31529998779296875 0.1996999979019165 0.9276999831199646
vn -0.3147999942302704 -0.9067999720573425 0.28040000796318054
vn -0.3131999969482422 -0.9478999972343445 0.059300001710653305
vn -0.31209999322891235 0.6370999813079834 -0.704800009727478
vn -0.3100000023841858 -0.8797000050544739 -0.36059999465942383
vn -0.30880001187324524 -0.41830000281333923 -0.854200005531311
vn -0.3082999885082245 -0.027799999341368675 -0.9509000182151794
vn -0.3034999966621399 -0.19020000100135803 -0.9337000250816345
vn -0.3012999892234802 0.3986999988555908 -0.8661999702453613
vn -0.3012999892234802 0.6326000094413757 -0.7135000228881836
vn -0.3010999858379364 0.2037999927997589 0.9315999746322632
vn -0.29919999837875366 -0.861299991607666 -0.4106999933719635
vn -0.2946999967098236 -0.7935000061988831 0.5325000286102295
vn -0.29260000586509705 -0.9319999814033508 0.21389999985694885
vn -0.2922999858856201 0.8816999793052673 -0.37040001153945923
vn -0.2919999957084656 0.9563999772071838 -0.0031999999191612005
vn -0.2897000014781952 -0.8266000151634216 -0.48249998688697815
vn -0.28690001368522644 0.9492999911308289 -0.12849999964237213
vn -0.2863999903202057 -0.00139999995008111 0.9581000208854675
vn -0.2858000099658966 0.5375999808311462 0.7932999730110168
vn -0.28540000319480896 0.9584000110626221 -0.0032999999821186066
vn -0.28299999237060547 0.3698999881744385 -0.8848999738693237
vn -0.2782000005245209 0.12330000102519989 -0.9526000022888184
vn -0.2775999903678894 0.646399974822998 -0.7106999754905701
vn -0.2770000100135803 0.828000009059906 -0.48750001192092896
vn -0.26750001311302185 -0.2207999974489212 -0.9379000067710876
vn -0.26030001044273376 -0.9650999903678894 -0.026900000870227814
vn -0.25690001249313354 0.9621999859809875 0.09030000120401382
vn -0.2567000091075897 -0.9103000164031982 0.3248000144958496
vn -0.2549999952316284 -0.8889999985694885 0.38040000200271606
vn -0.25429999828338623 -0.5925999879837036 0.7642999887466431
vn -0.25110000371932983 0.7333999872207642 -0.6316999793052673
vn -0.24770000576972961 -0.1088000014424324 -0.9627000093460083
vn -0.2476000040769577 0.8185999989509583 -0.5182999968528748
vn -0.24729999899864197 0.9447000026702881 0.21549999713897705
vn -0.24699999392032623 -0.07090000063180923 -0.9664000272750854
vn -0.24500000476837158 0.4959999918937683 -0.8330000042915344
vn -0.24240000545978546 0.6359999775886536 0.7325999736785889
vn -0.24079999327659607 -0.9484999775886536 -0.20559999346733093
vn -0.2353000044822693 0.40230000019073486 0.8848000168800354
vn -0.23479999601840973 0.005499999970197678 -0.972000002861023
vn -0.23409999907016754 -0.0142000000923872 0.972100019454956
vn -0.23360000550746918 0.9581000208854675 -0.1656000018119812
vn -0.22920000553131104 -0.10670000314712524 -0.9674999713897705
vn -0.22869999706745148 0.9733999967575073 0.014100000262260437
vn -0.22759999334812164 0.9395999908447266 -0.2556000053882599
vn -0.22689999639987946 0.949999988079071 0.2143000066280365
vn -0.22669999301433563 0.6373999714851379 -0.7364000082015991
vn -0.22609999775886536 0.7757999897003174 -0.5889999866485596
vn -0.2249000072479248 -0.4634999930858612 -0.8569999933242798
vn -0.22269999980926514 -0.8626000285148621 -0.4542999863624573
vn -0.22050000727176666 0.0052999998442828655 0.9753999710083008
vn -0.22050000727176666 0.8687999844551086 -0.44339999556541443
vn -0.21979999542236328 -0.9696999788284302 -0.10639999806880951
vn -0.21649999916553497 0.017000000923871994 0.9761000275611877
vn -0.21369999647140503 0.0340999998152256 0.9763000011444092
vn -0.21310000121593475 0.4708999991416931 -0.8560000061988831
vn -0.2126999944448471 -0.9031000137329102 -0.37290000915527344
vn -0.21199999749660492 0.8281999826431274 0.5187000036239624
vn -0.20919999480247498 -0.9473999738693237 -0.24210000038146973
vn -0.2087000012397766 0.9588000178337097 0.19259999692440033
vn -0.20559999346733093 0.978600025177002 0.0005000000237487257
vn -0.20479999482631683 -0.026100000366568565 0.9785000085830688
vn -0.20250000059604645 -0.07360000163316727 0.9764999747276306
vn -0.1996999979019165 -0.0031999999191612005 0.9799000024795532
vn -0.1981000006198883 -0.1785999983549118 0.9638000130653381
vn -0.1964000016450882 0.6208999752998352 -0.758899986743927
vn -0.19189999997615814 0.375900000333786 0.9065999984741211
vn -0.1889999955892563 -0.2004999965429306 -0.9613000154495239
vn -0.1875 -0.980400025844574 -0.061000000685453415
vn -0.18709999322891235 0.9817000031471252 0.03660000115633011
vn -0.1859000027179718 -0.809499979019165 0.5569000244140625
vn -0.18520000576972961 0.7979000210762024 -0.5737000107765198
vn -0.18379999697208405 -0.7551000118255615 0.6292999982833862
vn -0.18379999697208405 0.7519000172615051 0.6330999732017517
vn -0.1809999942779541 -0.954200029373169 -0.23839999735355377
vn -0.1793999969959259 0.9830999970436096 -0.03709999844431877
vn -0.17489999532699585 0.9836000204086304 0.04479999840259552
vn -0.1738000065088272 0.9847000241279602 0.011300000362098217
vn -0.17270000278949738 0.9750999808311462 0.13940000534057617
vn -0.17239999771118164 0.05469999834895134 0.9835000038146973
vn -0.17219999432563782 0.9848999977111816 -0.01640000008046627
vn -0.17010000348091125 -0.9853000044822693 -0.014800000004470348
vn -0.16769999265670776 0.9199000000953674 -0.35440000891685486
vn -0.16680000722408295 -0.9797999858856201 0.1103999987244606
vn -0.16509999334812164 0.2797999978065491 -0.9456999897956848
vn -0.1648000031709671 0.9713000059127808 -0.17139999568462372
vn -0.1647000014781952 0.8762000203132629 0.453000009059906
vn -0.16449999809265137 0.2815999984741211 0.9452999830245972
vn -0.16009999811649323 -0.864300012588501 -0.47679999470710754
vn -0.15940000116825104 0.3677999973297119 0.9161999821662903
vn -0.15870000422000885 -0.9588000178337097 -0.23579999804496765
vn -0.15800000727176666 0.7353000044822693 -0.6590999960899353
vn -0.15800000727176666 0.9873999953269958 -0.008100000210106373
vn -0.1565999984741211 0.9506999850273132 0.26759999990463257
vn -0.155799999833107 0.96670001745224 -0.20319999754428864
vn -0.15539999306201935 -0.03750000149011612 -0.9871000051498413
vn -0.15299999713897705 0.95169997215271 -0.2660999894142151
vn -0.1517000049352646 -0.04019999876618385 -0.9876000285148621
vn -0.15150000154972076 -0.09950000047683716 -0.9833999872207642
vn -0.14890000224113464 -0.350600004196167 0.9246000051498413
vn -0.14839999377727509 0.7851999998092651 -0.6011999845504761
vn -0.14669999480247498 0.8568999767303467 -0.4941999912261963
vn -0.14640000462532043 0.9876000285148621 -0.056699998676776886
vn -0.14429999887943268 0.949400007724762 -0.27880001068115234
vn -0.1437000036239624 -0.988099992275238 -0.05420000106096268
vn -0.1437000036239624 -0.3427000045776367 0.9283999800682068
vn -0.1436000019311905 -0.02319999970495701 0.9894000291824341
vn -0.1429000049829483 0.98580002784729 0.08799999952316284
vn -0.14229999482631683 -0.5931000113487244 -0.7925000190734863
vn -0.14079999923706055 0.9890999794006348 -0.04230000078678131
vn -0.13910000026226044 -0.17839999496936798 0.9740999937057495
vn -0.1387999951839447 -0.7178000211715698 -0.682200014591217
vn -0.1356000006198883 -0.607699990272522 -0.7825000286102295
vn -0.1354999989271164 0.9818999767303467 0.13210000097751617
vn -0.13379999995231628 0.16599999368190765 0.9769999980926514
vn -0.13009999692440033 0.982699990272522 -0.13189999759197235
vn -0.12880000472068787 -0.9078999757766724 0.39890000224113464
vn -0.12549999356269836 0.11680000275373459 -0.9851999878883362
vn -0.125 -0.9900000095367432 0.06549999862909317
vn -0.12479999661445618 0.9922000169754028 0.004399999976158142
vn -0.12380000203847885 0.9815000295639038 0.1459999978542328
vn -0.12250000238418579 -0.0820000022649765 -0.9890999794006348
vn -0.12160000205039978 0.9416000247001648 0.3138999938964844
vn -0.12110000103712082 -0.33869999647140503 0.9330999851226807
vn -0.12099999934434891 -0.043299999088048935 -0.9916999936103821
vn -0.11959999799728394 0.23090000450611115 -0.9656000137329102
vn -0.11810000240802765 -0.9090999960899353 -0.3995000123977661
vn -0.1177000030875206 -0.9929999709129333 -0.008999999612569809
vn -0.1160999983549118 0.9154000282287598 0.3853999972343445
vn -0.11460000276565552 -0.12250000238418579 0.98580002784729
vn -0.11219999939203262 0.2222999930381775 -0.968500018119812
vn -0.11219999939203262 0.9106000065803528 -0.3977999985218048
vn -0.11129999905824661 0.8456000089645386 0.5220999717712402
vn -0.1088000014424324 0.20309999585151672 0.9731000065803528
vn -0.10840000212192535 0.007199999876320362 0.9940999746322632
vn -0.10760000348091125 -0.6452999711036682 0.7562999725341797
vn -0.10740000009536743 0.00800000037997961 -0.9941999912261963
vn -0.1071000024676323 -0.9559999704360962 -0.2732999920845032
vn -0.10530000180006027 -0.9936000108718872 -0.040300000458955765
vn -0.10450000315904617 -0.13300000131130219 -0.9855999946594238
vn -0.10109999775886536 -0.05220000073313713 -0.9934999942779541
vn -0.10050000250339508 -0.7389000058174133 0.6662999987602234
vn -0.09969999641180038 -0.9847000241279602 -0.1429000049829483
vn -0.09799999743700027 0.987500011920929 0.12330000102519989
vn -0.09780000150203705 -0.9812999963760376 0.16599999368190765
vn -0.09650000184774399 0.9944999814033508 0.03970000147819519
vn -0.09610000252723694 0.989300012588501 -0.1096000000834465
vn -0.09470000118017197 0.7584999799728394 -0.6446999907493591
vn -0.0940999984741211 -0.12839999794960022 -0.9872999787330627
vn -0.09399999678134918 0.7971000075340271 -0.5964000225067139
vn -0.09279999881982803 0.051600001752376556 0.9943000078201294
vn -0.09229999780654907 -0.9883000254631042 -0.12110000103712082
vn -0.09130000323057175 -0.8012999892234802 0.5911999940872192
vn -0.09120000153779984 -0.949999988079071 0.2985000014305115
vn -0.08919999748468399 -0.8047000169754028 0.586899995803833
vn -0.08810000121593475 0.2517000138759613 0.9638000130653381
vn -0.08340000361204147 0.9965000152587891 -0.0010999999940395355
vn -0.08320000022649765 0.2126999944448471 0.9735999703407288
vn -0.08240000158548355 0.9955000281333923 -0.04619999974966049
vn -0.0803999975323677 -0.17970000207424164 0.980400025844574
vn -0.07980000227689743 -0.9940000176429749 -0.07479999959468842
vn -0.07829999923706055 0.8639000058174133 -0.4975999891757965
vn -0.07660000026226044 0.15279999375343323 0.9853000044822693
vn -0.07639999687671661 -0.505299985408783 -0.8596000075340271
vn -0.0763000026345253 0.9930999875068665 0.0885000005364418
vn -0.0746999979019165 -0.8730000257492065 -0.4819999933242798
vn -0.0738999992609024 0.8672000169754028 0.49239999055862427
vn -0.07320000231266022 0.772599995136261 -0.6305999755859375
vn -0.0731000006198883 -0.03020000085234642 -0.9969000220298767
vn -0.0731000006198883 0.8073999881744385 0.5855000019073486
vn -0.0723000019788742 -0.06800000369548798 -0.9951000213623047
vn -0.0722000002861023 0.8511000275611877 0.5199000239372253
vn -0.07169999927282333 0.996999979019165 0.028599999845027924
vn -0.0697999969124794 -0.08410000056028366 -0.9940000176429749
vn -0.06889999657869339 0.9968000054359436 0.04179999977350235
vn -0.06849999725818634 0.8992000222206116 -0.43220001459121704
vn -0.06790000200271606 0.9746999740600586 0.21279999613761902
vn -0.06719999760389328 0.31709998846054077 -0.9459999799728394
vn -0.06710000336170197 0.9193999767303467 -0.38760000467300415
vn -0.06499999761581421 -0.9979000091552734 -0.000699999975040555
vn -0.06469999998807907 0.8999000191688538 0.43130001425743103
vn -0.06360000371932983 -0.1914999932050705 -0.9793999791145325
vn -0.06199999898672104 -0.15620000660419464 0.98580002784729
vn -0.06109999865293503 -0.9980000257492065 -0.017000000923871994
vn -0.05990000069141388 0.2102999985218048 -0.9757999777793884
vn -0.05739999935030937 -0.998199999332428 0.015399999916553497
vn -0.05660000070929527 -0.3847000002861023 0.9212999939918518
vn -0.056299999356269836 -0.013199999928474426 -0.9983000159263611
vn -0.05620000138878822 0.34279999136924744 0.9376999735832214
vn -0.0560000017285347 -0.9983999729156494 -0.002400000113993883
vn -0.05530000105500221 0.008200000040233135 0.9983999729156494
vn -0.05290000140666962 0.37689998745918274 -0.9247000217437744
vn -0.052299998700618744 -0.9984999895095825 -0.016200000420212746
vn -0.05009999871253967 0.9915000200271606 -0.11969999969005585
vn -0.05000000074505806 -0.08449999988079071 0.995199978351593
vn -0.04910000041127205 0.8501999974250793 -0.5242000222206116
vn -0.04899999871850014 -0.9968000054359436 -0.06319999694824219
vn -0.04690000042319298 0.047200001776218414 -0.9977999925613403
vn -0.046300001442432404 0.8051999807357788 0.5911999940872192
vn -0.04600000008940697 0.5698000192642212 0.8205000162124634
vn -0.04560000076889992 0.58160001039505 -0.8122000098228455
vn -0.045099999755620956 0.8902000188827515 0.45339998602867126
vn -0.04490000009536743 -0.2973000109195709 -0.9537000060081482
vn -0.04479999840259552 -0.000699999975040555 0.9990000128746033
vn -0.04320000112056732 0.010499999858438969 0.9990000128746033
vn -0.042899999767541885 -0.9991000294685364 0.006899999920278788
vn -0.04170000180602074 -0.5706999897956848 0.8201000094413757
vn -0.0414000004529953 -0.0005000000237487257 0.9991000294685364
vn -0.0414000004529953 0.3871000111103058 -0.9211000204086304
vn -0.041099999099969864 0.4607999920845032 -0.8866000175476074
vn -0.0406000018119812 0.8432999849319458 -0.5358999967575073
vn -0.040300000458955765 0.9941999912261963 -0.09969999641180038
vn -0.03970000147819519 0.07900000363588333 -0.9961000084877014
vn -0.03920000046491623 0.3116999864578247 -0.949400007724762
vn -0.03889999911189079 -0.9988999962806702 -0.02419999986886978
vn -0.03869999945163727 -0.03629999980330467 0.9986000061035156
vn -0.03830000013113022 0.18240000307559967 0.9825000166893005
vn -0.037700001150369644 0.08780000358819962 -0.9954000115394592
vn -0.0348999984562397 0.9243000149726868 0.3801000118255615
vn -0.034299999475479126 0.04149999842047691 0.9986000061035156
vn -0.031199999153614044 -0.2152000069618225 0.9761000275611877
vn -0.030700000002980232 -0.9993000030517578 0.023499999195337296
vn -0.03009999915957451 0.2782000005245209 0.9599999785423279
vn -0.029999999329447746 -0.9994999766349792 0.003700000001117587
vn -0.02979999966919422 -0.6301000118255615 -0.7760000228881836
vn -0.029600000008940697 0.998199999332428 -0.051600001752376556
vn -0.02889999933540821 -0.9068999886512756 0.4203000068664551
vn -0.02879999950528145 0.022199999541044235 0.9993000030517578
vn -0.028599999845027924 0.9918000102043152 0.12460000067949295
vn -0.028300000354647636 0.9086999893188477 0.4165000021457672
vn -0.028200000524520874 -0.998199999332428 -0.05270000174641609
vn -0.02759999968111515 -0.64410001039505 -0.7645000219345093
vn -0.026799999177455902 0.5250999927520752 0.850600004196167
vn -0.026799999177455902 0.978600025177002 -0.20409999787807465
vn -0.025499999523162842 -0.9997000098228455 0.004900000058114529
vn -0.02539999969303608 -0.03629999980330467 0.9990000128746033
vn -0.024800000712275505 -0.9990000128746033 -0.0364999994635582
vn -0.023600000888109207 0.9994000196456909 0.0272000003606081
vn -0.021900000050663948 0.05900000035762787 -0.9980000257492065
vn -0.020999999716877937 0.9994000196456909 0.026399999856948853
vn -0.020800000056624413 0.8070999979972839 0.5899999737739563
vn -0.019700000062584877 0.8981000185012817 0.439300000667572
vn -0.019099999219179153 0.8116000294685364 -0.583899974822998
vn -0.017999999225139618 -0.04780000075697899 0.9987000226974487
vn -0.016899999231100082 -0.9998000264167786 -0.012600000016391277
vn -0.016300000250339508 0.5508999824523926 -0.8343999981880188
vn -0.016300000250339508 0.8934000134468079 0.4489000141620636
vn -0.016200000420212746 0.25279998779296875 -0.9674000144004822
vn -0.016100000590085983 -0.9970999956130981 -0.07410000264644623
vn -0.014600000344216824 0.9998000264167786 -0.009600000455975533
vn -0.014100000262260437 -0.9998000264167786 -0.01679999940097332
vn -0.014000000432133675 -0.9817000031471252 -0.1899999976158142
vn -0.013299999758601189 -0.9422000050544739 0.33469998836517334
vn -0.013000000268220901 0.9697999954223633 0.243599995970726
vn -0.012600000016391277 -0.9731000065803528 -0.23000000417232513
vn -0.012199999764561653 0.9246000051498413 0.3806999921798706
vn -0.01209999993443489 0.18729999661445618 -0.982200026512146
vn -0.011699999682605267 -0.9998999834060669 -0.007499999832361937
vn -0.011599999852478504 0.9947999715805054 0.10130000114440918
vn -0.010400000028312206 0.6956999897956848 -0.7182000279426575
vn -0.010200000368058681 0.983299970626831 0.1818999946117401
vn -0.009800000116229057 -1.0 -0.0019000000320374966
vn -0.009100000374019146 -0.6394000053405762 -0.7688000202178955
vn -0.008899999782443047 0.0044999998062849045 0.9998999834060669
vn -0.008700000122189522 0.8788999915122986 -0.47699999809265137
vn -0.008299999870359898 0.9818000197410583 0.18950000405311584
vn -0.008200000040233135 0.7843999862670898 0.6201000213623047
vn -0.007699999958276749 -0.23659999668598175 0.9715999960899353
vn -0.007600000128149986 -0.9995999932289124 0.02889999933540821
vn -0.007600000128149986 0.835099995136261 -0.550000011920929
vn -0.0071000000461936 0.9939000010490417 -0.10970000177621841
vn -0.007000000216066837 0.9993000030517578 -0.03689999878406525
vn -0.006599999964237213 -1.0 0.001500000013038516
vn -0.006500000134110451 -0.2159000039100647 0.9764000177383423
vn -0.006300000008195639 0.9390000104904175 0.34389999508857727
vn -0.005499999970197678 0.9544000029563904 0.29840001463890076
vn -0.0052999998442828655 0.9998000264167786 0.016899999231100082
vn -0.005100000184029341 -0.9948999881744385 0.1006999984383583
vn -0.004800000227987766 -1.0 -0.0015999999595806003
vn -0.004699999932199717 0.8463000059127808 -0.5327000021934509
vn -0.004600000102072954 1.0 0.0010999999940395355
vn -0.00430000014603138 0.8592000007629395 0.5116000175476074
vn -0.00430000014603138 0.944100022315979 -0.329800009727478
vn -0.004100000020116568 -0.08529999852180481 -0.9962999820709229
vn -0.0038999998942017555 -1.0 0.0017000000225380063
vn -0.0038999998942017555 -0.9990000128746033 0.04529999941587448
vn -0.003700000001117587 -1.0 0.007799999788403511
vn -0.003700000001117587 -0.9962999820709229 0.08569999784231186
vn -0.003599999938160181 -0.09910000115633011 -0.9951000213623047
vn -0.003100000089034438 -0.30309998989105225 -0.9528999924659729
vn -0.00279999990016222 0.8597000241279602 0.5108000040054321
vn -0.0027000000700354576 0.9621999859809875 -0.27219998836517334
vn -0.0026000000070780516 0.8917999863624573 0.45249998569488525
vn -0.0024999999441206455 0.4287000000476837 0.9034000039100647
vn -0.0020000000949949026 0.7343000173568726 0.6787999868392944
vn -0.0019000000320374966 -0.1559000015258789 -0.9878000020980835
vn -0.0015999999595806003 0.8507999777793884 -0.5253999829292297
vn -0.0013000000035390258 0.9049999713897705 0.4253999888896942
vn -0.0012000000569969416 -1.0 -0.007600000128149986
vn -0.0012000000569969416 -0.02410000003874302 0.9997000098228455
vn -0.0010999999940395355 1.0 -0.0010999999940395355
vn -0.0008999999845400453 0.09870000183582306 -0.9951000213623047
vn -0.0007999999797903001 0.4934999942779541 0.869700014591217
vn -0.0007999999797903001 0.7462000250816345 0.6657000184059143
vn -0.0006000000284984708 0.8978999853134155 -0.4401000142097473
vn -0.00019999999494757503 -0.029899999499320984 -0.9995999932289124
vn -0.0 -0.8691999912261963 0.4945000112056732
vn 9.999999747378752e-05 0.019500000402331352 -0.9998000264167786
vn 0.00039999998989515007 -0.04340000078082085 0.9991000294685364
vn 0.000699999975040555 -1.0 -0.0020000000949949026
vn 0.0017000000225380063 1.0 -0.0052999998442828655
vn 0.002099999925121665 0.8615000247955322 -0.5077000260353088
vn 0.002400000113993883 0.014499999582767487 0.9998999834060669
vn 0.0027000000700354576 0.8784999847412109 0.47780001163482666
vn 0.003000000026077032 -1.0 -0.0003000000142492354
vn 0.0031999999191612005 0.955299973487854 -0.2955000102519989
vn 0.0035000001080334187 -0.9646000266075134 -0.2635999917984009
vn 0.003700000001117587 -0.33000001311302185 -0.9440000057220459
vn 0.003800000064074993 -0.9990000128746033 -0.04450000077486038
vn 0.00430000014603138 0.816100001335144 0.5778999924659729
vn 0.004600000102072954 0.8264999985694885 0.5629000067710876
vn 0.004600000102072954 0.902400016784668 0.4309000074863434
vn 0.004800000227987766 0.07339999824762344 -0.9973000288009644
vn 0.005100000184029341 1.0 0.00039999998989515007
vn 0.005200000014156103 0.9991000294685364 0.0421999990940094
vn 0.005400000140070915 -0.9993000030517578 0.03720000013709068
vn 0.00559999980032444 0.8939999938011169 0.4481000006198883
vn 0.005900000222027302 0.9994000196456909 0.033399999141693115
vn 0.00800000037997961 -1.0 0.0032999999821186066
vn 0.008200000040233135 -0.09769999980926514 -0.995199978351593
vn 0.008700000122189522 0.017899999395012856 -0.9998000264167786
vn 0.008799999952316284 0.18529999256134033 0.9825999736785889
vn 0.009100000374019146 -0.9998000264167786 0.020099999383091927
vn 0.009399999864399433 -0.9810000061988831 0.19370000064373016
vn 0.009800000116229057 -0.0052999998442828655 0.9998999834060669
vn 0.010200000368058681 0.551800012588501 -0.833899974822998
vn 0.010400000028312206 0.9990000128746033 0.04430000111460686
vn 0.011300000362098217 0.23180000483989716 -0.9726999998092651
vn 0.011300000362098217 0.26750001311302185 0.9635000228881836
vn 0.011300000362098217 0.8353000283241272 -0.5496000051498413
vn 0.011300000362098217 0.9998999834060669 -0.004100000020116568
vn 0.011900000274181366 0.8500000238418579 -0.5267000198364258
vn 0.013100000098347664 0.01209999993443489 -0.9998000264167786
vn 0.013199999928474426 -0.9650999903678894 -0.2615000009536743
vn 0.01360000018030405 0.23800000548362732 0.9711999893188477
vn 0.013700000010430813 0.8805000185966492 0.4738999903202057
vn 0.013799999840557575 -0.9991999864578247 0.03680000081658363
vn 0.014100000262260437 0.9042999744415283 0.426800012588501
vn 0.014800000004470348 0.9983000159263611 0.0560000017285347
vn 0.01549999974668026 -0.9948999881744385 0.10000000149011612
vn 0.016100000590085983 0.21729999780654907 0.9760000109672546
vn 0.016499999910593033 -0.03020000085234642 -0.9994000196456909
vn 0.016699999570846558 -0.227400004863739 0.9735999703407288
vn 0.017100000753998756 0.5274999737739563 -0.849399983882904
vn 0.017999999225139618 0.8021000027656555 -0.597000002861023
vn 0.01899999938905239 -0.616100013256073 -0.7875000238418579
vn 0.019500000402331352 0.8575000166893005 -0.5141000151634216
vn 0.020500000566244125 0.7566999793052673 0.6535000205039978
vn 0.0210999995470047 -0.9998000264167786 0.0026000000070780516
vn 0.022199999541044235 -0.9997000098228455 -0.0035000001080334187
vn 0.022199999541044235 0.9990000128746033 -0.03840000182390213
vn 0.023000000044703484 -0.9994999766349792 -0.02290000021457672
vn 0.025200000032782555 0.05460000038146973 0.998199999332428
vn 0.025200000032782555 0.9322999715805054 -0.36079999804496765
vn 0.025499999523162842 0.9097999930381775 -0.41429999470710754
vn 0.02590000070631504 0.23340000212192535 0.972000002861023
vn 0.026000000536441803 0.9872999787330627 0.1565999984741211
vn 0.02630000002682209 0.0333000011742115 0.9991000294685364
vn 0.026399999856948853 -0.9523000121116638 0.30390000343322754
vn 0.026599999517202377 0.4422000050544739 -0.8964999914169312
vn 0.026799999177455902 -0.9980999827384949 0.05590000003576279
vn 0.026900000870227814 0.3246999979019165 0.9453999996185303
vn 0.02710000053048134 -0.9995999932289124 -0.00279999990016222
vn 0.02759999968111515 -0.9995999932289124 -0.00559999980032444
vn 0.02759999968111515 0.9993000030517578 0.02539999969303608
vn 0.029200000688433647 -0.8137000203132629 0.5805000066757202
vn 0.031599998474121094 -0.23270000517368317 -0.972000002861023
vn 0.032600000500679016 0.19949999451637268 0.9793999791145325
vn 0.03269999846816063 0.25609999895095825 -0.9660999774932861
vn 0.03460000082850456 0.9976000189781189 0.060600001364946365
vn 0.03530000150203705 -0.730400025844574 -0.6820999979972839
vn 0.03579999879002571 -0.020099999383091927 -0.9991999864578247
vn 0.03660000115633011 -0.9990000128746033 0.025299999862909317
vn 0.03750000149011612 -0.3075999915599823 -0.9508000016212463
vn 0.03750000149011612 0.8776999711990356 -0.47769999504089355
vn 0.03799999877810478 -0.04800000041723251 0.9980999827384949
vn 0.03880000114440918 -0.07559999823570251 0.996399998664856
vn 0.039900001138448715 -0.9789999723434448 0.19979999959468842
vn 0.040699999779462814 0.03480000048875809 0.9986000061035156
vn 0.04190000146627426 0.9132999777793884 -0.4052000045776367
vn 0.04399999976158142 0.9552000164985657 0.29269999265670776
vn 0.044599998742341995 0.9330000281333923 -0.3571000099182129
vn 0.045499999076128006 -0.994700014591217 0.09239999949932098
vn 0.04569999873638153 -0.05079999938607216 -0.9976999759674072
vn 0.04610000178217888 0.9972000122070312 0.059300001710653305
vn 0.046300001442432404 -0.9969000220298767 0.06419999897480011
vn 0.04749999940395355 0.2240000069141388 -0.9733999967575073
vn 0.049400001764297485 0.7472000122070312 -0.6628000140190125
vn 0.04969999939203262 0.013899999670684338 -0.9987000226974487
vn 0.051100000739097595 -0.9470999836921692 0.3167000114917755
vn 0.05169999971985817 -0.7829999923706055 0.6198999881744385
vn 0.05339999869465828 -0.9954000115394592 0.07909999787807465
vn 0.05719999969005585 0.9983000159263611 -0.005400000140070915
vn 0.060100000351667404 0.9973999857902527 -0.03959999978542328
vn 0.06109999865293503 -0.9959999918937683 0.06499999761581421
vn 0.06129999831318855 0.10109999775886536 0.9929999709129333
vn 0.061400000005960464 -0.9980999827384949 -0.006800000090152025
vn 0.062300000339746475 0.9961000084877014 0.062199998646974564
vn 0.06750000268220901 0.17299999296665192 0.9825999736785889
vn 0.06930000334978104 -0.016100000590085983 -0.9975000023841858
vn 0.07039999961853027 -0.4189999997615814 0.9052000045776367
vn 0.07190000265836716 0.7099999785423279 0.7006000280380249
vn 0.0722000002861023 0.7616000175476074 0.6439999938011169
vn 0.07280000299215317 0.9965000152587891 -0.03999999910593033
vn 0.0738999992609024 -0.29030001163482666 -0.9541000127792358
vn 0.07429999858140945 -0.1770000010728836 -0.9814000129699707
vn 0.07460000365972519 0.4318999946117401 -0.8988000154495239
vn 0.07479999959468842 0.9689000248908997 0.23579999804496765
vn 0.07609999924898148 -0.23309999704360962 -0.9695000052452087
vn 0.07649999856948853 0.991599977016449 0.10429999977350235
vn 0.07810000330209732 -0.9941999912261963 0.07450000196695328
vn 0.07930000126361847 -0.48339998722076416 -0.8718000054359436
vn 0.0794999971985817 -0.9965999722480774 -0.023000000044703484
vn 0.08070000261068344 -0.996399998664856 -0.026000000536441803
vn 0.08079999685287476 0.9819999933242798 0.1704999953508377
vn 0.08089999854564667 0.010999999940395355 -0.9966999888420105
vn 0.08420000225305557 -0.9926000237464905 0.08760000020265579
vn 0.08560000360012054 0.9625999927520752 0.25699999928474426
vn 0.08950000256299973 -0.323199987411499 0.9420999884605408
vn 0.09149999916553497 0.5555999875068665 -0.8263999819755554
vn 0.09210000187158585 0.8834999799728394 0.459199994802475
vn 0.09359999746084213 -0.6830999851226807 0.7243000268936157
vn 0.09380000084638596 0.992900013923645 -0.07289999723434448
vn 0.0940999984741211 0.993399977684021 -0.06620000302791595
vn 0.09449999779462814 0.8041999936103821 0.5867999792098999
vn 0.09480000287294388 0.9776999950408936 -0.1876000016927719
vn 0.09520000219345093 -0.017899999395012856 0.9952999949455261
vn 0.09780000150203705 0.9951000213623047 0.014800000004470348
vn 0.09799999743700027 0.994700014591217 -0.03139999881386757
vn 0.0989999994635582 0.1046999990940094 0.9896000027656555
vn 0.10260000079870224 0.9702000021934509 0.21950000524520874
vn 0.10360000282526016 0.7203999757766724 -0.6858000159263611
vn 0.10360000282526016 0.9921000003814697 0.07010000199079514
vn 0.10459999740123749 0.263700008392334 -0.958899974822998
vn 0.10520000010728836 0.06599999964237213 -0.9922999739646912
vn 0.10700000077486038 0.9107000231742859 0.39910000562667847
vn 0.10930000245571136 -0.474700003862381 0.8733999729156494
vn 0.1136000007390976 0.004600000102072954 0.9934999942779541
vn 0.1145000010728836 0.9671000242233276 -0.22709999978542328
vn 0.11749999970197678 -0.026799999177455902 0.9926999807357788
vn 0.11819999665021896 -0.8751000165939331 -0.4693000018596649
vn 0.11879999935626984 0.8507999777793884 0.511900007724762
vn 0.11999999731779099 0.4555000066757202 -0.882099986076355
vn 0.120899997651577 -0.9916999936103821 -0.0430000014603138
vn 0.12219999730587006 -0.8970999717712402 -0.4246000051498413
vn 0.12290000170469284 -0.9891999959945679 -0.0803999975323677
vn 0.12300000339746475 0.8051999807357788 -0.5800999999046326
vn 0.12449999898672104 -0.29789999127388 0.946399986743927
vn 0.12559999525547028 -0.9911999702453613 -0.042399998754262924
vn 0.1266999989748001 -0.9902999997138977 -0.057500001043081284
vn 0.12729999423027039 -0.48730000853538513 0.8639000058174133
vn 0.1281999945640564 0.4747999906539917 -0.8707000017166138
vn 0.12950000166893005 -0.734499990940094 0.6661999821662903
vn 0.12970000505447388 0.7795000076293945 0.6129000186920166
vn 0.1298999935388565 -0.4196999967098236 -0.8982999920845032
vn 0.13220000267028809 -0.9883000254631042 0.07639999687671661
vn 0.13349999487400055 0.9384999871253967 -0.3183000087738037
vn 0.1354999989271164 0.14489999413490295 -0.9800999760627747
vn 0.1356000006198883 0.8816999793052673 -0.45190000534057617
vn 0.13570000231266022 -0.019300000742077827 -0.9905999898910522
vn 0.13899999856948853 0.8392000198364258 0.5257999897003174
vn 0.13910000026226044 0.9901999831199646 0.010300000198185444
vn 0.1420000046491623 0.9017000198364258 -0.40849998593330383
vn 0.1429000049829483 -0.24459999799728394 0.9589999914169312
vn 0.14329999685287476 0.010499999858438969 0.9896000027656555
vn 0.1477999985218048 0.7409999966621399 -0.6549999713897705
vn 0.148499995470047 0.9222999811172485 0.35690000653266907
vn 0.1492999941110611 -0.9854000210762024 0.0820000022649765
vn 0.149399995803833 0.5443999767303467 0.8253999948501587
vn 0.1509999930858612 -0.12549999356269836 0.9804999828338623
vn 0.15160000324249268 -0.04910000041127205 -0.9872000217437744
vn 0.15189999341964722 0.8725000023841858 -0.4645000100135803
vn 0.15230000019073486 0.13519999384880066 0.9789999723434448
vn 0.15360000729560852 0.9731000065803528 0.17159999907016754
vn 0.1550000011920929 0.012000000104308128 -0.9878000020980835
vn 0.15530000627040863 0.9571999907493591 0.24410000443458557
vn 0.15549999475479126 -0.9757999777793884 0.1535000056028366
vn 0.15719999372959137 -0.24560000002384186 0.9564999938011169
vn 0.15790000557899475 -0.8841000199317932 0.43970000743865967
vn 0.16030000150203705 0.9836999773979187 0.08139999955892563
vn 0.16179999709129333 0.7290999889373779 -0.6650000214576721
vn 0.16189999878406525 0.5989999771118164 -0.7842000126838684
vn 0.16380000114440918 -0.07259999960660934 0.9837999939918518
vn 0.16599999368190765 -0.053300000727176666 -0.9847000241279602
vn 0.16779999434947968 -0.9376000165939331 -0.304500013589859
vn 0.16940000653266907 -0.335999995470047 -0.9265000224113464
vn 0.17000000178813934 -0.04450000077486038 -0.9843999743461609
vn 0.17180000245571136 0.13220000267028809 0.9761999845504761
vn 0.17389999330043793 -0.014700000174343586 -0.9847000241279602
vn 0.17520000040531158 0.9485999941825867 0.26350000500679016
vn 0.1753000020980835 0.7839999794960022 -0.5954999923706055
vn 0.17669999599456787 0.18119999766349792 -0.9674000144004822
vn 0.1777999997138977 -0.8427000045776367 -0.5081999897956848
vn 0.1818999946117401 0.8859000205993652 0.42669999599456787
vn 0.18250000476837158 0.949400007724762 0.2556000053882599
vn 0.18310000002384186 0.8931999802589417 -0.4106000065803528
vn 0.1834000051021576 0.17249999940395355 -0.9678000211715698
vn 0.1843000054359436 0.6721000075340271 0.717199981212616
vn 0.1843000054359436 0.9258999824523926 -0.3296999931335449
vn 0.18440000712871552 0.9793000221252441 0.08349999785423279
vn 0.1859000027179718 -0.9814000129699707 -0.048500001430511475
vn 0.186599999666214 0.27399998903274536 0.9434000253677368
vn 0.18729999661445618 0.7102000117301941 0.678600013256073
vn 0.19099999964237213 -0.8912000060081482 0.4115000069141388
vn 0.19200000166893005 -0.9585999846458435 -0.21040000021457672
vn 0.19550000131130219 -0.9186999797821045 0.34310001134872437
vn 0.19910000264644623 -0.9786999821662903 -0.049300000071525574
vn 0.20569999516010284 -0.2637999951839447 0.9423999786376953
vn 0.2076999992132187 -0.9243000149726868 -0.32030001282691956
vn 0.20909999310970306 -0.781000018119812 -0.5885000228881836
vn 0.21220000088214874 0.9161999821662903 -0.33980000019073486
vn 0.21379999816417694 -0.9473000168800354 0.23849999904632568
vn 0.21469999849796295 0.9621000289916992 0.1678999960422516
vn 0.21539999544620514 0.9265000224113464 0.3086000084877014
vn 0.21660000085830688 -0.054499998688697815 -0.9746999740600586
vn 0.21809999644756317 0.0494999997317791 -0.9746999740600586
vn 0.22179999947547913 -0.8533999919891357 -0.4717999994754791
vn 0.22280000150203705 -0.9585999846458435 -0.17720000445842743
vn 0.22310000658035278 0.9747999906539917 -0.009200000204145908
vn 0.22450000047683716 -0.375 -0.899399995803833
vn 0.22460000216960907 -0.73580002784729 0.6388999819755554
vn 0.22759999334812164 0.39739999175071716 -0.8889999985694885
vn 0.22789999842643738 0.7419000267982483 -0.6305999755859375
vn 0.2282000035047531 -0.1468999981880188 0.9624999761581421
vn 0.22859999537467957 0.9717000126838684 0.05900000035762787
vn 0.22949999570846558 0.9726999998092651 0.0333000011742115
vn 0.23160000145435333 -0.9039999842643738 -0.3594000041484833
vn 0.23199999332427979 0.2653999924659729 -0.9358000159263611
vn 0.23240000009536743 0.47440001368522644 -0.8490999937057495
vn 0.23510000109672546 0.965399980545044 -0.11249999701976776
vn 0.23649999499320984 0.7342000007629395 -0.6365000009536743
vn 0.2370000034570694 -0.11169999837875366 -0.9650999903678894
vn 0.23729999363422394 -0.9708999991416931 0.03359999880194664
vn 0.23800000548362732 0.6097999811172485 -0.7559999823570251
vn 0.2395000010728836 0.8266000151634216 -0.5092999935150146
vn 0.24410000443458557 -0.09969999641180038 0.9646000266075134
vn 0.24469999969005585 -0.046300001442432404 -0.968500018119812
vn 0.2475000023841858 -0.4803999960422516 0.8414000272750854
vn 0.24809999763965607 0.958899974822998 0.13760000467300415
vn 0.2483000010251999 -0.06650000065565109 -0.9664000272750854
vn 0.24969999492168427 0.9682999849319458 -0.009200000204145908
vn 0.2500999867916107 0.8199999928474426 0.5148000121116638
vn 0.2540999948978424 0.8034999966621399 -0.5382999777793884
vn 0.25690001249313354 0.40130001306533813 0.8791999816894531
vn 0.257099986076355 -0.9264000058174133 0.2750000059604645
vn 0.2572999894618988 -0.8671000003814697 0.42649999260902405
vn 0.2596000134944916 0.9545999765396118 0.14589999616146088
vn 0.26100000739097595 -0.32260000705718994 0.9097999930381775
vn 0.2612000107765198 0.776199996471405 -0.5738999843597412
vn 0.2662999927997589 -0.9634000062942505 0.032099999487400055
vn 0.26980000734329224 0.9628999829292297 -0.006599999964237213
vn 0.27300000190734863 -0.9581999778747559 -0.08500000089406967
vn 0.27410000562667847 0.9616000056266785 -0.012799999676644802
vn 0.27649998664855957 -0.427700012922287 0.8605999946594238
vn 0.2777000069618225 0.33340001106262207 -0.9010000228881836
vn 0.27799999713897705 -0.5457000136375427 0.7904999852180481
vn 0.2838999927043915 0.11670000106096268 -0.95169997215271
vn 0.2838999927043915 0.929099977016449 -0.2371000051498413
vn 0.2842999994754791 0.9577000141143799 -0.04490000009536743
vn 0.28540000319480896 0.18459999561309814 -0.940500020980835
vn 0.2858999967575073 0.16349999606609344 0.9441999793052673
vn 0.28630000352859497 0.9549000263214111 0.0786999985575676
vn 0.28760001063346863 -0.18219999969005585 0.9402999877929688
vn 0.2892000079154968 0.8823999762535095 0.3711000084877014
vn 0.29109999537467957 0.8659999966621399 -0.4065999984741211
vn 0.2957000136375427 -0.15569999814033508 0.9424999952316284
vn 0.2971000075340271 0.011099999770522118 -0.954800009727478
vn 0.29809999465942383 0.9182999730110168 -0.2605000138282776
vn 0.30090001225471497 -0.953000009059906 0.033799998462200165
vn 0.3012000024318695 0.8633000254631042 -0.4049000144004822
vn 0.3037000000476837 0.9527999758720398 0.00019999999494757503
vn 0.30410000681877136 -0.14820000529289246 0.9409999847412109
vn 0.3057999908924103 0.9348000288009644 -0.18080000579357147
vn 0.3059999942779541 -0.692300021648407 0.6535000205039978
vn 0.3075999915599823 -0.8464000225067139 -0.43470001220703125
vn 0.30799999833106995 0.8924000263214111 0.3296999931335449
vn 0.30959999561309814 -0.9157000184059143 -0.25609999895095825
vn 0.3102000057697296 0.29989999532699585 -0.9021000266075134
vn 0.31049999594688416 0.9473000168800354 0.07940000295639038
vn 0.3151000142097473 0.0010000000474974513 -0.9491000175476074
vn 0.3206000030040741 0.7038000226020813 -0.633899986743927
vn 0.32100000977516174 0.9470999836921692 0.004800000227987766
vn 0.3239000141620636 -0.8388000130653381 -0.4375999867916107
vn 0.32850000262260437 0.6183000206947327 -0.7139999866485596
vn 0.3287999927997589 -0.08749999850988388 -0.9402999877929688
vn 0.33000001311302185 -0.061799999326467514 -0.9419000148773193
vn 0.33000001311302185 0.542900025844574 -0.7721999883651733
vn 0.33480000495910645 0.2387000024318695 -0.9114999771118164
vn 0.3352000117301941 0.6439999938011169 -0.6876999735832214
vn 0.33640000224113464 0.9415000081062317 0.01899999938905239
vn 0.3382999897003174 -0.16529999673366547 -0.9264000058174133
vn 0.3391000032424927 0.9406999945640564 0.010400000028312206
vn 0.3393999934196472 -0.9286999702453613 0.14970000088214874
vn 0.3402999937534332 0.6967999935150146 0.6313999891281128
vn 0.34060001373291016 0.7968999743461609 0.49889999628067017
vn 0.3483999967575073 -0.029899999499320984 -0.9369000196456909
vn 0.3499999940395355 -0.07750000059604645 -0.9334999918937683
vn 0.3538999855518341 -0.8876000046730042 -0.29499998688697815
vn 0.3549000024795532 0.9348999857902527 0.0017000000225380063
vn 0.35899999737739563 0.9333000183105469 0.0003000000142492354
vn 0.3596000075340271 0.9330999851226807 0.00419999985024333
vn 0.3619999885559082 -0.14560000598430634 -0.9207000136375427
vn 0.36309999227523804 0.018799999728798866 0.9315999746322632
vn 0.36469998955726624 -0.08789999783039093 0.9269999861717224
vn 0.3662000000476837 0.8424000144004822 0.3953000009059906
vn 0.3668999969959259 0.8784999847412109 -0.3059999942779541
vn 0.3677999973297119 -0.12370000034570694 -0.9215999841690063
vn 0.36809998750686646 0.916100025177002 0.15889999270439148
vn 0.3700000047683716 -0.9138000011444092 -0.16769999265670776
vn 0.3736000061035156 -0.9265999794006348 0.04309999942779541
vn 0.375 -0.84579998254776 0.37950000166893005
vn 0.37619999051094055 0.21529999375343323 -0.901199996471405
vn 0.37869998812675476 0.9035999774932861 0.2003999948501587
vn 0.38019999861717224 -0.12309999763965607 -0.916700005531311
vn 0.38029998540878296 0.9193999767303467 -0.1006999984383583
vn 0.38040000200271606 0.9247999787330627 -0.00419999985024333
vn 0.38199999928474426 0.7526999711990356 -0.5361999869346619
vn 0.3874000012874603 -0.8959000110626221 0.2176000028848648
vn 0.3910999894142151 0.9203000068664551 0.0032999999821186066
vn 0.3917999863624573 -0.9199000000953674 0.014600000344216824
vn 0.3917999863624573 0.8805999755859375 -0.26660001277923584
vn 0.39259999990463257 -0.10050000250339508 -0.9142000079154968
vn 0.3939000070095062 -0.8083999752998352 -0.4374000132083893
vn 0.39480000734329224 0.9186999797821045 0.008500000461935997
vn 0.39500001072883606 0.9186999797821045 0.00039999998989515007
vn 0.39750000834465027 -0.8328999876976013 -0.38499999046325684
vn 0.3977000117301941 0.5160999894142151 -0.7585999965667725
vn 0.3991999924182892 0.3709999918937683 0.8385000228881836
vn 0.40049999952316284 0.4025000035762787 0.823199987411499
vn 0.4009000062942505 -0.259799987077713 -0.8784999847412109
vn 0.4027999937534332 -0.9067000150680542 -0.12530000507831573
vn 0.4050999879837036 -0.8414000272750854 -0.35760000348091125
vn 0.4074000120162964 0.904699981212616 -0.12489999830722809
vn 0.4074999988079071 0.7299000024795532 0.548799991607666
vn 0.4122999906539917 0.0203000009059906 -0.9107999801635742
vn 0.41690000891685486 0.9041000008583069 -0.09350000321865082
vn 0.41940000653266907 0.5601999759674072 0.7142999768257141
vn 0.4244000017642975 -0.019099999219179153 -0.9053000211715698
vn 0.4284999966621399 -0.796500027179718 -0.42660000920295715
vn 0.42910000681877136 0.8955000042915344 -0.11800000071525574
vn 0.4302000105381012 0.9021999835968018 -0.032099999487400055
vn 0.439300000667572 -0.858299970626831 -0.26510000228881836
vn 0.44040000438690186 -0.3702000081539154 -0.8180000185966492
vn 0.4404999911785126 0.22020000219345093 -0.8702999949455261
vn 0.44119998812675476 0.335099995136261 -0.8324999809265137
vn 0.44190001487731934 -0.038600001484155655 0.8962000012397766
vn 0.44369998574256897 0.7483999729156494 0.49300000071525574
vn 0.44369998574256897 0.892300009727478 -0.0835999995470047
vn 0.444599986076355 0.8309000134468079 -0.3346000015735626
vn 0.44760000705718994 0.19349999725818634 0.8730999827384949
vn 0.4478999972343445 0.2459000051021576 -0.8596000075340271
vn 0.451200008392334 0.8921999931335449 -0.02019999921321869
vn 0.4535999894142151 -0.13809999823570251 -0.8804000020027161
vn 0.4537999927997589 -0.5160999894142151 0.7264000177383423
vn 0.4580000042915344 0.33799999952316284 -0.8222000002861023
vn 0.4607999920845032 -0.09049999713897705 0.8828999996185303
vn 0.4627000093460083 0.4083000123500824 0.786899983882904
vn 0.4650000035762787 0.6025999784469604 0.6485999822616577
vn 0.46720001101493835 0.011500000022351742 -0.8841000199317932
vn 0.46810001134872437 0.007300000172108412 -0.8835999965667725
vn 0.47279998660087585 0.5864999890327454 0.6575999855995178
vn 0.4756999909877777 0.8795999884605408 -0.002199999988079071
vn 0.4772000014781952 0.6453999876976013 -0.5964000225067139
vn 0.47749999165534973 0.0608999989926815 0.8765000104904175
vn 0.48159998655319214 0.5648000240325928 0.670199990272522
vn 0.48500001430511475 0.007300000172108412 0.8744999766349792
vn 0.4869000017642975 0.16019999980926514 -0.8586000204086304
vn 0.48739999532699585 -0.24650000035762787 0.8377000093460083
vn 0.48750001192092896 -0.8481000065803528 0.20759999752044678
vn 0.48899999260902405 0.8720999956130981 -0.01899999938905239
vn 0.4893999993801117 0.6359000205993652 0.5967000126838684
vn 0.490200012922287 0.02290000021457672 0.8712999820709229
vn 0.4934999942779541 -0.8388000130653381 -0.23010000586509705
vn 0.5011000037193298 0.8654000163078308 0.005499999970197678
vn 0.503600001335144 0.1526000052690506 0.8503000140190125
vn 0.5062999725341797 -0.003000000026077032 -0.8622999787330627
vn 0.506600022315979 0.8621000051498413 0.012199999764561653
vn 0.5092999935150146 0.7218000292778015 0.46869999170303345
vn 0.5131000280380249 0.39820000529289246 0.7603999972343445
vn 0.5131000280380249 0.858299970626831 0.013199999928474426
vn 0.5145999789237976 0.6610000133514404 0.5461999773979187
vn 0.5151000022888184 -0.8169000148773193 -0.2597000002861023
vn 0.5153999924659729 -0.8568000197410583 -0.014600000344216824
vn 0.5153999924659729 0.8568000197410583 0.012600000016391277
vn 0.5220000147819519 0.05590000003576279 0.8511000275611877
vn 0.5224999785423279 0.8183000087738037 0.2393999993801117
vn 0.5309000015258789 -0.570900022983551 0.6262999773025513
vn 0.5315999984741211 -0.334199994802475 0.7781999707221985
vn 0.5353999733924866 0.04190000146627426 -0.843500018119812
vn 0.5406000018119812 0.8325999975204468 0.12030000239610672
vn 0.5436999797821045 -0.002300000051036477 0.8392999768257141
vn 0.5455999970436096 0.07930000126361847 -0.8342999815940857
vn 0.5471000075340271 0.033399999141693115 0.8363999724388123
vn 0.5489000082015991 0.3027999997138977 0.7791000008583069
vn 0.5509999990463257 0.018799999728798866 -0.8342999815940857
vn 0.5529000163078308 0.8008000254631042 -0.2303999960422516
vn 0.5544000267982483 -0.5525000095367432 -0.6225000023841858
vn 0.5558000206947327 -0.8105000257492065 0.18459999561309814
vn 0.5569999814033508 0.8230000138282776 -0.11180000007152557
vn 0.5573999881744385 -0.49149999022483826 0.6690999865531921
vn 0.5612000226974487 0.8277000188827515 -0.0008999999845400453
vn 0.5626999735832214 -0.6298999786376953 0.5353000164031982
vn 0.5724999904632568 0.008999999612569809 0.8198000192642212
vn 0.573199987411499 0.11649999767541885 0.8111000061035156
vn 0.5735999941825867 -0.00860000029206276 0.819100022315979
vn 0.5746999979019165 0.2750999927520752 0.770799994468689
vn 0.5748999714851379 -0.6711000204086304 -0.46810001134872437
vn 0.5756000280380249 -0.8098000288009644 0.11400000005960464
vn 0.576200008392334 0.12780000269412994 0.807200014591217
vn 0.5787000060081482 0.4925000071525574 0.6499999761581421
vn 0.5810999870300293 0.5302000045776367 -0.6173999905586243
vn 0.5845999717712402 0.05460000038146973 0.809499979019165
vn 0.5859000086784363 -0.5223000049591064 -0.6195999979972839
vn 0.5860999822616577 0.0035000001080334187 -0.8101999759674072
vn 0.586899995803833 -0.387800008058548 -0.7107999920845032
vn 0.586899995803833 0.7954000234603882 -0.15119999647140503
vn 0.5878999829292297 -0.692799985408783 0.41760000586509705
vn 0.5878999829292297 -0.002899999963119626 0.8090000152587891
vn 0.5932999849319458 0.8019999861717224 0.06989999860525131
vn 0.5942999720573425 -0.02370000071823597 0.8039000034332275
vn 0.5950999855995178 0.803600013256073 -0.007699999958276749
vn 0.5976999998092651 0.7784000039100647 0.19200000166893005
vn 0.5999000072479248 -0.15459999442100525 0.7850000262260437
vn 0.6014000177383423 0.7878999710083008 -0.1324000060558319
vn 0.6018000245094299 0.004000000189989805 -0.7986000180244446
vn 0.603600025177002 0.5011000037193298 0.6201000213623047
vn 0.6039000153541565 -0.6105999946594238 0.5123000144958496
vn 0.604200005531311 0.7886000275611877 -0.11389999836683273
vn 0.6067000031471252 -0.38510000705718994 0.6953999996185303
vn 0.6108999848365784 0.7321000099182129 0.3012999892234802
vn 0.6118000149726868 0.4810999929904938 0.6277999877929688
vn 0.6159999966621399 0.45840001106262207 0.6406999826431274
vn 0.6223000288009644 -0.782800018787384 0.007300000172108412
vn 0.6223000288009644 -0.16979999840259552 0.76419997215271
vn 0.6315000057220459 -0.7315999865531921 -0.25679999589920044
vn 0.633400022983551 0.46380001306533813 -0.6194000244140625
vn 0.6358000040054321 0.7512000203132629 0.17739999294281006
vn 0.6365000009536743 -0.7085999846458435 -0.304500013589859
vn 0.6406000256538391 0.5393999814987183 -0.546500027179718
vn 0.642799973487854 0.7573999762535095 0.1143999993801117
vn 0.6439999938011169 -0.7404000163078308 0.19269999861717224
vn 0.6444000005722046 0.7488999962806702 0.15459999442100525
vn 0.6452000141143799 -0.4180999994277954 -0.6394000053405762
vn 0.6473000049591064 -0.1762000024318695 -0.741599977016449
vn 0.6477000117301941 0.6090999841690063 -0.4577000141143799
vn 0.6500999927520752 0.3328000009059906 -0.6830999851226807
vn 0.6509000062942505 0.7547000050544739 0.08209999650716782
vn 0.6571999788284302 0.35100001096725464 -0.6669999957084656
vn 0.659600019454956 0.7439000010490417 -0.10750000178813934
vn 0.6654999852180481 -0.5446000099182129 -0.5103999972343445
vn 0.6665999889373779 0.041200000792741776 0.7441999912261963
vn 0.6711000204086304 -0.03290000185370445 0.7407000064849854
vn 0.6721000075340271 0.7164000272750854 0.18700000643730164
vn 0.6733999848365784 0.3540000021457672 -0.6489999890327454
vn 0.6840999722480774 0.6270999908447266 -0.3725000023841858
vn 0.6886000037193298 0.23970000445842743 0.6844000220298767
vn 0.6890000104904175 -0.49149999022483826 -0.5325999855995178
vn 0.692300021648407 0.7214999794960022 0.007400000002235174
vn 0.694100022315979 0.7182999849319458 0.0478999987244606
vn 0.6944000124931335 0.00430000014603138 -0.7196000218391418
vn 0.6956999897956848 0.7105000019073486 0.10540000349283218
vn 0.6972000002861023 -0.06560000032186508 0.7139000296592712
vn 0.6987000107765198 0.4837000072002411 -0.5270000100135803
vn 0.6992999911308289 0.6963000297546387 -0.1615999937057495
vn 0.7006999850273132 0.7117000222206116 -0.0502999983727932
vn 0.7008000016212463 0.17910000681877136 0.690500020980835
vn 0.7016000151634216 0.3594000041484833 -0.6151999831199646
vn 0.7042999863624573 0.05429999902844429 0.7077999711036682
vn 0.7045999765396118 -0.4715999960899353 0.5300999879837036
vn 0.7074999809265137 -0.010200000368058681 0.70660001039505
vn 0.7092999815940857 0.704800009727478 0.013700000010430813
vn 0.7120000123977661 0.24240000545978546 -0.6589999794960022
vn 0.7120000123977661 0.7017999887466431 -0.021800000220537186
vn 0.71670001745224 -0.06589999794960022 0.6942999958992004
vn 0.7204999923706055 0.6650999784469604 -0.1965000033378601
vn 0.7218000292778015 0.6067000031471252 0.3328999876976013
vn 0.7228999733924866 0.6901999711990356 -0.03180000185966492
vn 0.730400025844574 -0.1906999945640564 0.6559000015258789
vn 0.7322999835014343 0.6794000267982483 0.045499999076128006
vn 0.7343999743461609 -0.00419999985024333 -0.6786999702453613
vn 0.7347000241279602 0.10300000011920929 0.6704999804496765
vn 0.7384999990463257 0.1728000044822693 -0.6517999768257141
vn 0.7384999990463257 0.3434999883174896 -0.5802000164985657
vn 0.7390000224113464 -0.4088999927043915 0.5353999733924866
vn 0.741100013256073 -0.6678000092506409 0.07000000029802322
vn 0.7416999936103821 0.6087999939918518 -0.2815999984741211
vn 0.7437000274658203 0.10819999873638153 0.6596999764442444
vn 0.744700014591217 -0.3653999865055084 -0.5584999918937683
vn 0.7451000213623047 -0.05180000141263008 0.664900004863739
vn 0.746999979019165 0.664900004863739 -0.0
vn 0.7498999834060669 -0.4059000015258789 0.5223000049591064
vn 0.7505000233650208 -0.3765000104904175 0.5432000160217285
vn 0.7505999803543091 -0.2547999918460846 0.6096000075340271
vn 0.7541000247001648 -0.5306000113487244 -0.3871000111103058
vn 0.7558000087738037 -0.3555000126361847 0.5498999953269958
vn 0.7578999996185303 -0.20679999887943268 -0.6187000274658203
vn 0.758899986743927 0.11729999631643295 -0.6406000256538391
vn 0.760200023651123 0.572700023651123 -0.3068999946117401
vn 0.7620000243186951 0.2037000060081482 -0.614799976348877
vn 0.7630000114440918 -0.6086000204086304 0.21799999475479126
vn 0.7645999789237976 -0.027400000020861626 0.6438999772071838
vn 0.7767000198364258 -0.0430000014603138 0.6284000277519226
vn 0.7774999737739563 -0.0430000014603138 -0.6273999810218811
vn 0.7781999707221985 -0.6252999901771545 0.05730000138282776
vn 0.7781999707221985 0.6276999711990356 0.020400000736117363
vn 0.7786999940872192 -0.6233999729156494 -0.07029999792575836
vn 0.7786999940872192 -0.4343999922275543 0.4526999890804291
vn 0.7788000106811523 -0.08990000188350677 -0.6208000183105469
vn 0.7896999716758728 0.5461000204086304 0.27959999442100525
vn 0.791700005531311 -0.5430999994277954 0.2797999978065491
vn 0.7922999858856201 0.4390000104904175 0.4237000048160553
vn 0.7940999865531921 -0.5885000228881836 0.1518000066280365
vn 0.795799970626831 -0.09549999982118607 0.5978999733924866
vn 0.796999990940094 -0.5153999924659729 0.3147999942302704
vn 0.7975000143051147 -0.37610000371932983 -0.4717000126838684
vn 0.7993999719619751 -0.5091999769210815 -0.3188000023365021
vn 0.802299976348877 -0.06310000270605087 -0.593500018119812
vn 0.8047999739646912 -0.12800000607967377 -0.5795999765396118
vn 0.8052999973297119 0.2743000090122223 0.5254999995231628
vn 0.8072999715805054 -0.09220000356435776 0.5828999876976013
vn 0.8094000220298767 0.014600000344216824 0.5870000123977661
vn 0.8104000091552734 -0.4083999991416931 -0.42010000348091125
vn 0.8115000128746033 -0.3840000033378601 0.4404999911785126
vn 0.8136000037193298 0.5745000243186951 0.09000000357627869
vn 0.8227999806404114 -0.5054000020027161 -0.25999999046325684
vn 0.8240000009536743 0.3889000117778778 0.4120999872684479
vn 0.8251000046730042 -0.4465000033378601 0.34619998931884766
vn 0.8260999917984009 0.27559998631477356 0.49149999022483826
vn 0.828000009059906 -0.27239999175071716 -0.4900999963283539
vn 0.8292999863624573 0.5562999844551086 -0.05270000174641609
vn 0.8295000195503235 -0.21130000054836273 -0.5170000195503235
vn 0.8305000066757202 -0.5512999892234802 -0.07999999821186066
vn 0.8346999883651733 -0.03500000014901161 -0.5496000051498413
vn 0.8356999754905701 0.5465999841690063 -0.053300000727176666
vn 0.8367999792098999 -0.40720000863075256 0.3659000098705292
vn 0.8385999798774719 -0.009600000455975533 0.5446000099182129
vn 0.8398000001907349 0.23810000717639923 0.4878000020980835
vn 0.8413000106811523 -0.11500000208616257 -0.5281999707221985
vn 0.8422999978065491 0.3230000138282776 -0.43149998784065247
vn 0.8478000164031982 -0.23899999260902405 -0.47350001335144043
vn 0.8525999784469604 -0.4887999892234802 -0.18459999561309814
vn 0.859000027179718 0.4334000051021576 -0.272599995136261
vn 0.8597999811172485 -0.44200000166893005 0.2554999887943268
vn 0.8626000285148621 0.03620000183582306 0.5045999884605408
vn 0.8655999898910522 0.5002999901771545 -0.02019999921321869
vn 0.866100013256073 -0.019099999219179153 0.49950000643730164
vn 0.8669999837875366 -0.07509999722242355 -0.4927000105381012
vn 0.8715000152587891 0.11680000275373459 -0.4763999879360199
vn 0.8723000288009644 0.38839998841285706 -0.2971000075340271
vn 0.8748000264167786 -0.09860000014305115 -0.47429999709129333
vn 0.8748999834060669 0.07400000095367432 0.47870001196861267
vn 0.8756999969482422 0.4763999879360199 0.07810000330209732
vn 0.8784999847412109 0.011599999852478504 0.47760000824928284
vn 0.8788999915122986 -0.2013999968767166 -0.4325000047683716
vn 0.8806999921798706 -0.1940000057220459 0.43220001459121704
vn 0.8809000253677368 0.0272000003606081 -0.4724000096321106
vn 0.8837000131607056 -0.37950000166893005 -0.27399998903274536
vn 0.8838000297546387 0.21140000224113464 -0.41749998927116394
vn 0.8853999972343445 0.004600000102072954 0.4648999869823456
vn 0.8870000243186951 0.011900000274181366 -0.46149998903274536
vn 0.8892999887466431 0.024800000712275505 -0.45660001039505005
vn 0.8931999802589417 -0.2782000005245209 -0.353300005197525
vn 0.8949000239372253 0.44200000166893005 0.061799999326467514
vn 0.8953999876976013 -0.05119999870657921 0.4422000050544739
vn 0.895799994468689 0.30320000648498535 -0.32499998807907104
vn 0.8960999846458435 -0.14730000495910645 -0.4187999963760376
vn 0.8962000012397766 -0.2745000123977661 0.34860000014305115
vn 0.8967999815940857 -0.44200000166893005 -0.019899999722838402
vn 0.8967999815940857 0.2554999887943268 0.3612000048160553
vn 0.8968999981880188 -0.2824000120162964 0.34040001034736633
vn 0.8996000289916992 -0.4361000061035156 0.02160000056028366
vn 0.9006999731063843 0.34290000796318054 0.2667999863624573
vn 0.9009000062942505 0.4332999885082245 0.02280000038444996
vn 0.9018999934196472 0.18860000371932983 -0.3885999917984009
vn 0.9053999781608582 0.32109999656677246 0.2777000069618225
vn 0.9061999917030334 -0.3336000144481659 -0.2599000036716461
vn 0.9061999917030334 0.01549999974668026 -0.42260000109672546
vn 0.9067000150680542 -0.008700000122189522 -0.42170000076293945
vn 0.9072999954223633 0.37220001220703125 0.195700004696846
vn 0.9075000286102295 -0.1454000025987625 -0.39410001039505005
vn 0.9079999923706055 -0.25369998812675476 0.33340001106262207
vn 0.9090999960899353 -0.05290000140666962 0.413100004196167
vn 0.9115999937057495 -0.26030001044273376 -0.3183000087738037
vn 0.9117000102996826 -0.364300012588501 -0.18979999423027039
vn 0.9129999876022339 0.40720000863075256 -0.026100000366568565
vn 0.9154999852180481 -0.17319999635219574 0.3630000054836273
vn 0.9172000288963318 0.39809998869895935 -0.013899999670684338
vn 0.9180999994277954 0.37139999866485596 0.13809999823570251
vn 0.9182000160217285 -0.2930000126361847 -0.266400009393692
vn 0.920199990272522 -0.1891999989748001 0.3427000045776367
vn 0.9212999939918518 -0.3783999979496002 -0.08919999748468399
vn 0.9223999977111816 -0.1362999975681305 -0.3614000082015991
vn 0.92330002784729 -0.1071000024676323 0.36890000104904175
vn 0.9236000180244446 -0.37139999866485596 0.09440000355243683
vn 0.9251000285148621 -0.07090000063180923 0.373199999332428
vn 0.9254000186920166 0.3650999963283539 -0.10130000114440918
vn 0.9279000163078308 0.3716999888420105 0.02759999968111515
vn 0.9291999936103821 -0.3691999912261963 0.014999999664723873
vn 0.9291999936103821 -0.026000000536441803 0.36880001425743103
vn 0.9314000010490417 0.36399999260902405 0.001500000013038516
vn 0.9322999715805054 0.3140999972820282 -0.17919999361038208
vn 0.9327999949455261 0.10660000145435333 -0.34439998865127563
vn 0.9334999918937683 -0.2847999930381775 0.21770000457763672
vn 0.9343000054359436 0.22599999606609344 -0.27549999952316284
vn 0.934499979019165 0.35569998621940613 -0.015699999406933784
vn 0.9420999884605408 0.14659999310970306 0.30149999260902405
vn 0.942799985408783 -0.08839999884366989 -0.3215000033378601
vn 0.944100022315979 -0.09549999982118607 0.3156999945640564
vn 0.9441999793052673 -0.32519999146461487 -0.052000001072883606
vn 0.9445000290870667 0.08020000159740448 0.31850001215934753
vn 0.9448000192642212 0.3068999946117401 -0.11429999768733978
vn 0.9466999769210815 0.2363000065088272 0.21899999678134918
vn 0.9470000267028809 -0.06769999861717224 -0.3138999938964844
vn 0.9514999985694885 0.272599995136261 0.14259999990463257
vn 0.9538000226020813 -0.041600000113248825 0.29760000109672546
vn 0.9538000226020813 0.01940000057220459 0.29980000853538513
vn 0.9538999795913696 0.08049999922513962 -0.2890999913215637
vn 0.954200029373169 0.29649999737739563 -0.040800001472234726
vn 0.9544000029563904 -0.023800000548362732 -0.2976999878883362
vn 0.9557999968528748 0.27300000190734863 0.10909999907016754
vn 0.9564999938011169 -0.29170000553131104 0.0017999999690800905
vn 0.957099974155426 0.2793999910354614 -0.07649999856948853
vn 0.9574000239372253 -0.2581999897956848 0.12960000336170197
vn 0.9591000080108643 0.1281999945640564 0.2524999976158142
vn 0.9596999883651733 -0.06480000168085098 0.273499995470047
vn 0.9602000117301941 0.2793999910354614 -0.00419999985024333
vn 0.9606000185012817 0.26510000228881836 0.08389999717473984
vn 0.9620000123977661 -0.19859999418258667 -0.18719999492168427
vn 0.9638000130653381 -0.19359999895095825 0.1835000067949295
vn 0.9639000296592712 -0.2542000114917755 -0.07919999957084656
vn 0.9643999934196472 0.26429998874664307 -0.003599999938160181
vn 0.964900016784668 -0.13369999825954437 -0.22619999945163727
vn 0.9656000137329102 -0.039500001817941666 -0.25679999589920044
vn 0.9667999744415283 -0.03750000149011612 0.2526000142097473
vn 0.9674000144004822 0.2531999945640564 -0.007600000128149986
vn 0.9678999781608582 -0.04259999841451645 0.2476000040769577
vn 0.9682999849319458 0.0017000000225380063 -0.24969999492168427
vn 0.9692000150680542 0.02290000021457672 0.24529999494552612
vn 0.9700999855995178 -0.09239999949932098 0.22429999709129333
vn 0.9702000021934509 -0.2305999994277954 0.07400000095367432
vn 0.9707000255584717 0.0020000000949949026 0.24009999632835388
vn 0.9718999862670898 -0.15029999613761902 0.18119999766349792
vn 0.9722999930381775 0.22709999978542328 0.05510000139474869
vn 0.9728000164031982 0.03240000084042549 0.22949999570846558
vn 0.9739999771118164 -0.20810000598430634 0.08990000188350677
vn 0.9746999740600586 0.22360000014305115 0.0052999998442828655
vn 0.9751999974250793 0.22030000388622284 0.019999999552965164
vn 0.9764999747276306 -0.07029999792575836 -0.20360000431537628
vn 0.9767000079154968 0.2134999930858612 -0.022600000724196434
vn 0.9772999882698059 0.21199999749660492 -0.004600000102072954
vn 0.9776999950408936 -0.06849999725818634 -0.19869999587535858
vn 0.9779999852180481 0.0934000015258789 -0.18649999797344208
vn 0.9782999753952026 0.20730000734329224 -0.006300000008195639
vn 0.9785000085830688 0.20469999313354492 0.02410000003874302
vn 0.9793000221252441 -0.18320000171661377 -0.08590000122785568
vn 0.9796000123023987 0.2004999965429306 -0.016300000250339508
vn 0.9803000092506409 -0.09769999980926514 -0.17149999737739563
vn 0.980400025844574 0.1972000002861023 -0.0012000000569969416
vn 0.9814000129699707 -0.0 -0.19210000336170197
vn 0.9821000099182129 -0.001500000013038516 -0.18860000371932983
vn 0.982699990272522 0.163100004196167 -0.08749999850988388
vn 0.9832000136375427 -0.16329999268054962 0.08219999819993973
vn 0.9836999773979187 0.021900000050663948 0.1784999966621399
vn 0.984000027179718 -0.17649999260902405 0.02449999935925007
vn 0.9846000075340271 -0.17190000414848328 -0.03189999982714653
vn 0.9861000180244446 -0.1137000024318695 -0.12150000035762787
vn 0.9869999885559082 0.147599995136261 -0.06270000338554382
vn 0.9872000217437744 -0.0414000004529953 0.15410000085830688
vn 0.9873999953269958 -0.15770000219345093 0.00800000037997961
vn 0.9878000020980835 0.125900000333786 0.09189999848604202
vn 0.9883000254631042 -0.14869999885559082 -0.033900000154972076
vn 0.9891999959945679 -0.14110000431537628 0.04039999842643738
vn 0.9891999959945679 -0.13819999992847443 0.048900000751018524
vn 0.9900000095367432 -0.1281999945640564 -0.05790000036358833
vn 0.9900000095367432 -0.11959999799728394 -0.07519999891519547
vn 0.9901000261306763 -0.01269999984651804 0.13989999890327454
vn 0.9908000230789185 0.1306000053882599 -0.03590000048279762
vn 0.991599977016449 -0.12919999659061432 0.01080000028014183
vn 0.991599977016449 0.0697999969124794 0.10899999737739563
vn 0.9926000237464905 -0.018799999728798866 -0.12030000239610672
vn 0.9927999973297119 -0.09539999812841415 -0.07180000096559525
vn 0.9932000041007996 -0.02070000022649765 -0.1143999993801117
vn 0.9950000047683716 -0.09860000014305115 -0.013000000268220901
vn 0.9950000047683716 -0.02539999969303608 0.09700000286102295
vn 0.9951000213623047 0.000699999975040555 0.09849999845027924
vn 0.9955000281333923 -0.09430000185966492 0.008299999870359898
vn 0.9957000017166138 -0.08730000257492065 0.030400000512599945
vn 0.9959999918937683 -0.08760000020265579 -0.01730000041425228
vn 0.9961000084877014 -0.08370000123977661 0.028300000354647636
vn 0.9965999722480774 -0.0737999975681305 0.03720000013709068
vn 0.9968000054359436 0.024800000712275505 -0.07559999823570251
vn 0.9970999956130981 -0.07500000298023224 0.01489999983459711
vn 0.9972000122070312 -0.03669999912381172 -0.0658000037074089
vn 0.9975000023841858 -0.07020000368356705 0.010599999688565731
vn 0.9976000189781189 0.013100000098347664 0.06750000268220901
vn 0.9976999759674072 -0.03869999945163727 0.05480000004172325
vn 0.9980999827384949 -0.05860000103712082 -0.01899999938905239
vn 0.9983999729156494 -0.01850000023841858 -0.053599998354911804
vn 0.9984999895095825 0.04769999906420708 0.025200000032782555
vn 0.9991999864578247 0.017400000244379044 -0.03480000048875809
vn 0.9995999932289124 -0.023099999874830246 0.015599999576807022
vn 0.9995999932289124 -0.021199999377131462 0.017000000923871994
vn 0.9995999932289124 -0.009999999776482582 -0.025299999862909317
vn 0.9997000098228455 -0.01209999993443489 -0.02160000056028366
vn 0.9998999834060669 -0.013299999758601189 0.004100000020116568
f 6/2910/330 1/2946/171 2/2909/254
f 4/3068/221 3/3100/208 5/3101/108
f 8/679/500 4/708/221 5/666/108
f 11/2960/165 1/2946/171 6/2910/330
f 14/226/835 7/244/903 2/236/254
f 7/244/903 6/265/330 2/236/254
f 13/629/529 8/679/500 5/666/108
f 28/642/387 2/643/254 1/632/171
f 3/2736/208 4/2768/221 25/2769/459
f 14/226/835 2/236/254 28/201/387
f 13/2908/529 5/2957/108 9/2961/130
f 9/1616/130 5/1589/108 21/1644/557
f 5/1589/108 3/1576/208 21/1644/557
f 19/305/449 6/265/330 7/244/903
f 10/2963/135 12/2916/286 17/2917/240
f 17/2917/240 13/2908/529 9/2961/130
f 11/1636/165 29/1690/302 1/1595/171
f 29/1690/302 11/1636/165 18/1650/429
f 24/1685/368 1/1595/171 29/1690/302
f 19/2911/449 12/2916/286 15/2952/90
f 12/2916/286 10/2963/135 15/2952/90
f 25/731/459 4/708/221 8/679/500
f 18/1650/429 11/1636/165 15/1639/90
f 3/2736/208 25/2769/459 43/2726/262
f 10/2963/135 17/2917/240 16/2971/216
f 17/2917/240 9/2961/130 16/2971/216
f 21/1644/557 3/1576/208 26/1653/378
f 11/2960/165 6/2910/330 19/2911/449
f 13/629/529 17/506/240 22/523/640
f 14/226/835 28/201/387 36/207/669
f 11/2960/165 19/2911/449 15/2952/90
f 8/679/500 13/629/529 20/633/925
f 25/731/459 8/679/500 20/633/925
f 27/1676/305 10/1625/135 16/1634/216
f 22/523/640 17/506/240 12/426/286
f 13/629/529 22/523/640 20/633/925
f 15/1639/90 30/1688/296 18/1650/429
f 15/1639/90 10/1625/135 30/1688/296
f 16/1634/216 9/1616/130 21/1644/557
f 19/305/449 7/244/903 48/319/709
f 36/207/669 7/244/903 14/226/835
f 23/414/671 12/426/286 19/305/449
f 1/632/171 24/622/368 28/642/387
f 22/523/640 12/426/286 23/414/671
f 23/414/671 19/305/449 48/319/709
f 30/1688/296 10/1625/135 27/1676/305
f 16/1634/216 21/1644/557 31/1674/239
f 27/1676/305 16/1634/216 31/1674/239
f 31/1674/239 21/1644/557 26/1653/378
f 29/1690/302 18/1650/429 30/1688/296
f 20/633/925 22/523/640 52/665/637
f 25/731/459 20/633/925 52/665/637
f 26/1653/378 3/1576/208 43/1689/262
f 50/627/244 28/642/387 24/622/368
f 24/989/368 53/988/377 50/950/244
f 32/2839/324 31/2814/239 26/2816/378
f 33/2836/396 24/2800/368 29/2813/302
f 29/2813/302 34/2838/371 33/2836/396
f 34/2838/371 29/2813/302 30/2820/296
f 30/2820/296 27/2808/305 34/2838/371
f 31/2814/239 32/2839/324 27/2808/305
f 35/2844/376 26/2816/378 43/2799/262
f 32/2839/324 26/2816/378 35/2844/376
f 48/319/709 7/244/903 36/207/669
f 28/642/387 50/627/244 58/639/359
f 32/2839/324 34/2838/371 27/2808/305
f 49/747/475 25/731/459 52/665/637
f 42/3377/374 40/3371/251 38/3370/412
f 46/1415/101 38/1414/412 39/1420/464
f 39/1420/464 38/1414/412 44/1419/836
f 24/989/368 33/1031/396 53/988/377
f 32/1369/324 35/1541/376 59/1549/380
f 86/435/776 22/523/640 23/414/671
f 49/2770/475 43/2726/262 25/2769/459
f 45/3297/770 47/3294/906 37/3318/26
f 46/3300/101 37/3318/26 47/3294/906
f 46/3300/101 40/3309/251 37/3318/26
f 41/892/1440 38/899/412 40/900/251
f 57/960/341 50/950/244 53/988/377
f 45/3244/770 37/3227/26 51/3256/1413
f 51/3256/1413 37/3227/26 42/3238/374
f 42/3377/374 37/3373/26 40/3371/251
f 46/3243/101 42/3238/374 38/3226/412
f 40/3309/251 46/3300/101 39/3317/464
f 40/900/251 39/885/464 41/892/1440
f 44/889/836 38/899/412 41/892/1440
f 39/885/464 44/889/836 41/892/1440
f 33/1031/396 34/1141/371 54/1106/381
f 32/1369/324 59/1549/380 55/1360/333
f 51/3275/1413 47/3294/906 45/3297/770
f 46/3300/101 47/3294/906 51/3275/1413
f 46/3243/101 51/3256/1413 42/3238/374
f 53/988/377 33/1031/396 54/1106/381
f 34/1141/371 32/1369/324 56/1197/320
f 56/1197/320 32/1369/324 55/1360/333
f 43/1593/262 59/1549/380 35/1541/376
f 58/143/359 36/207/669 28/201/387
f 52/665/637 22/523/640 86/435/776
f 43/1593/262 67/1601/410 59/1549/380
f 54/1106/381 34/1141/371 56/1197/320
f 90/2980/362 43/3038/262 49/2981/475
f 50/950/244 57/960/341 62/911/230
f 48/319/709 36/207/669 158/205/780
f 86/435/776 23/414/671 48/319/709
f 58/1012/359 50/1037/244 82/1013/335
f 62/1038/230 82/1013/335 50/1037/244
f 74/3061/357 43/3038/262 90/2980/362
f 61/882/203 54/874/381 56/865/320
f 65/1546/391 59/1549/380 67/1601/410
f 56/865/320 55/863/333 61/882/203
f 55/863/333 60/881/284 61/882/203
f 55/863/333 59/870/380 60/881/284
f 54/874/381 64/897/389 53/864/377
f 54/874/381 61/882/203 64/897/389
f 60/881/284 59/870/380 65/886/391
f 90/836/362 49/747/475 63/755/852
f 74/1646/357 67/1601/410 43/1593/262
f 57/960/341 53/988/377 77/968/436
f 66/1277/462 64/1041/389 61/1219/203
f 61/1219/203 60/1434/284 66/1277/462
f 158/205/780 36/207/669 58/143/359
f 103/745/716 49/747/475 52/665/637
f 63/755/852 49/747/475 103/745/716
f 90/836/362 63/755/852 91/810/958
f 90/2980/362 94/3037/301 74/3061/357
f 76/2897/280 71/2873/179 81/2914/541
f 81/2914/541 71/2873/179 69/2855/186
f 81/2914/541 69/2855/186 78/2896/397
f 78/2896/397 69/2855/186 70/2861/259
f 72/2884/205 79/2913/315 73/2878/235
f 62/1270/230 85/1269/461 83/1284/425
f 62/911/230 57/960/341 85/951/461
f 79/2913/315 72/2884/205 75/2876/181
f 78/2896/397 70/2861/259 80/2912/409
f 80/2912/409 70/2861/259 73/2878/235
f 80/2912/409 73/2878/235 79/2913/315
f 67/1601/410 89/1588/505 65/1546/391
f 64/1041/389 77/968/436 53/988/377
f 96/1430/386 66/1277/462 60/1434/284
f 60/1434/284 65/1546/391 96/1430/386
f 122/585/807 52/665/637 86/435/776
f 107/1016/303 82/1013/335 62/1038/230
f 88/3230/392 75/3237/181 68/3192/184
f 109/692/654 88/678/392 68/694/184
f 75/4/181 92/35/842 79/17/315
f 122/585/807 103/745/716 52/665/637
f 83/2045/425 93/2062/609 62/2063/230
f 98/2827/1273 110/2806/556 75/2874/181
f 57/2867/341 77/2834/436 85/2866/461
f 78/3323/397 87/3324/1261 81/3279/541
f 115/60/382 92/35/842 75/4/181
f 75/4/181 88/25/392 115/60/382
f 77/968/436 64/1041/389 102/1008/542
f 64/1041/389 66/1277/462 97/1133/400
f 102/1008/542 64/1041/389 97/1133/400
f 309/110/692 58/143/359 82/80/335
f 105/579/962 69/611/186 71/613/179
f 87/3437/1261 105/3459/962 71/3460/179
f 98/2827/1273 75/2874/181 72/2875/205
f 474/954/744 83/915/425 85/951/461
f 73/2864/235 104/2810/1426 72/2875/205
f 104/2810/1426 98/2827/1273 72/2875/205
f 101/43/1336 78/14/397 80/15/409
f 95/37/1028 101/43/1336 80/15/409
f 95/37/1028 80/15/409 79/17/315
f 92/35/842 95/37/1028 79/17/315
f 85/951/461 77/968/436 128/956/690
f 99/1543/526 65/1546/391 89/1588/505
f 97/1133/400 66/1277/462 96/1430/386
f 96/1430/386 65/1546/391 99/1543/526
f 86/435/776 48/319/709 158/205/780
f 108/571/504 109/570/654 68/612/184
f 106/577/954 105/579/962 87/598/1261
f 105/579/962 70/610/259 69/611/186
f 75/722/181 108/732/504 68/733/184
f 75/722/181 110/721/556 108/732/504
f 76/604/280 145/546/611 71/613/179
f 101/3427/1336 70/3426/259 100/3478/1267
f 87/424/1261 120/410/415 81/409/541
f 70/2865/259 101/2804/1336 73/2864/235
f 73/2864/235 101/2804/1336 104/2810/1426
f 81/16/541 120/62/415 76/5/280
f 139/2671/900 107/2662/303 93/2565/609
f 107/2662/303 62/2558/230 93/2565/609
f 105/579/962 100/582/1267 70/610/259
f 111/567/395 87/598/1261 71/613/179
f 78/1813/397 106/1860/954 87/1834/1261
f 120/2525/415 87/2524/1261 111/2547/395
f 78/252/397 101/251/1336 100/268/1267
f 98/901/1273 104/884/1426 92/883/842
f 129/1489/401 112/1372/332 96/1430/386
f 99/3224/526 129/3296/401 96/3225/386
f 97/3044/400 96/3050/386 113/3090/348
f 107/2/303 142/19/902 82/80/335
f 151/858/586 90/836/362 91/810/958
f 119/3005/668 94/3037/301 90/2980/362
f 71/613/179 145/546/611 111/567/395
f 105/579/962 106/577/954 117/559/901
f 100/1831/1267 106/1860/954 78/1813/397
f 101/43/1336 95/37/1028 104/45/1426
f 104/45/1426 95/37/1028 92/35/842
f 115/2793/382 110/2806/556 98/2827/1273
f 92/1940/842 115/1941/382 98/1933/1273
f 206/119/839 115/60/382 88/25/392
f 113/3090/348 96/3050/386 112/3091/332
f 97/3044/400 118/3092/367 102/3049/542
f 113/3090/348 118/3092/367 97/3044/400
f 99/1543/526 201/1537/580 129/1489/401
f 119/906/668 90/836/362 151/858/586
f 111/567/395 117/559/901 106/577/954
f 117/559/901 125/557/249 105/579/962
f 105/579/962 125/557/249 100/582/1267
f 83/2549/425 372/2561/519 93/2565/609
f 116/102/155 111/103/395 106/93/954
f 125/1859/249 106/1860/954 100/1831/1267
f 134/2130/516 114/2154/87 121/2142/608
f 115/2138/382 114/2154/87 134/2130/516
f 67/1601/410 74/1646/357 419/1626/689
f 480/919/730 83/915/425 474/954/744
f 115/1739/382 134/1735/516 110/1734/556
f 77/968/436 102/1008/542 183/994/579
f 142/19/902 149/39/601 82/80/335
f 74/1646/357 94/1723/301 303/1704/1118
f 110/3347/556 147/3308/39 108/3307/504
f 110/50/556 146/86/1055 147/87/39
f 106/1136/954 125/1130/249 116/1140/155
f 116/1140/155 125/1130/249 127/1157/261
f 120/1152/415 111/1131/395 124/1159/160
f 124/1159/160 111/1131/395 116/1140/155
f 127/3021/261 125/3022/249 135/3011/527
f 127/2127/261 135/2107/527 123/2119/279
f 114/2154/87 126/2139/214 121/2142/608
f 115/2106/382 130/2129/329 114/2108/87
f 124/1159/160 116/1140/155 138/1151/947
f 138/1151/947 116/1140/155 127/1157/261
f 127/2127/261 123/2119/279 132/2140/245
f 132/2140/245 123/2119/279 126/2122/214
f 133/2144/317 114/2108/87 130/2129/329
f 126/2122/214 114/2108/87 133/2144/317
f 124/1035/160 144/1046/648 120/1036/415
f 144/1475/648 124/1467/160 131/1484/271
f 128/956/690 77/968/436 183/994/579
f 119/906/668 151/858/586 265/845/1003
f 119/1768/668 303/1704/1118 94/1723/301
f 135/3452/527 125/3417/249 238/3416/910
f 329/690/819 88/678/392 109/692/654
f 121/2142/608 161/2111/1034 134/2130/516
f 134/2130/516 159/2110/1251 110/2153/556
f 138/3343/947 135/3368/527 150/3372/1143
f 138/3343/947 123/3327/279 135/3368/527
f 154/2125/1385 123/2152/279 138/2145/947
f 124/11/160 138/22/947 148/23/1236
f 138/2656/947 127/2645/261 154/2669/1385
f 123/2152/279 154/2125/1385 126/2139/214
f 126/2139/214 162/2115/1263 121/2142/608
f 124/1467/160 136/1469/355 131/1484/271
f 124/2901/160 148/2888/1236 136/2887/355
f 153/2668/1341 127/2645/261 132/2644/245
f 126/2122/214 140/2149/369 132/2140/245
f 126/2122/214 133/2144/317 140/2149/369
f 131/1484/271 136/1469/355 141/1483/198
f 132/3181/245 141/3167/198 153/3152/1341
f 152/89/620 131/66/271 141/78/198
f 152/3446/620 141/3408/198 132/3445/245
f 160/1379/252 113/1267/348 112/1372/332
f 118/1050/367 113/1267/348 163/1178/250
f 91/810/958 63/755/852 103/745/716
f 139/1927/900 142/1938/902 107/1929/303
f 187/105/550 173/99/164 137/74/54
f 181/104/524 187/105/550 137/74/54
f 181/104/524 137/74/54 147/87/39
f 372/2853/519 83/2829/425 480/2828/730
f 161/2111/1034 159/2110/1251 134/2130/516
f 159/2323/1251 146/2345/1055 110/2324/556
f 205/112/812 148/85/1236 150/88/1143
f 150/3372/1143 148/3328/1236 138/3343/947
f 115/60/382 206/119/839 159/95/1251
f 120/3169/415 144/3149/648 148/3164/1236
f 154/2125/1385 162/2115/1263 126/2139/214
f 136/3184/355 199/3132/508 141/3167/198
f 153/2668/1341 154/2669/1385 127/2645/261
f 141/3167/198 199/3132/508 178/3137/1406
f 141/3167/198 178/3137/1406 153/3152/1341
f 152/89/620 199/109/508 131/66/271
f 178/100/1406 152/89/620 132/68/245
f 140/77/369 178/100/1406 132/68/245
f 172/98/568 133/71/317 130/67/329
f 183/994/579 102/1008/542 188/1044/548
f 102/1008/542 118/1050/367 188/1044/548
f 171/1193/331 113/1267/348 160/1379/252
f 188/3443/548 118/3451/367 200/3403/549
f 200/1051/549 118/1050/367 163/1178/250
f 163/1178/250 113/1267/348 171/1193/331
f 164/2419/192 143/2273/117 166/2418/24
f 435/296/705 86/435/776 158/205/780
f 147/542/39 285/499/627 108/571/504
f 238/2349/910 173/2382/164 135/2383/527
f 173/532/164 219/517/411 137/552/54
f 255/138/687 147/87/39 217/124/193
f 146/86/1055 217/124/193 147/87/39
f 146/543/1055 109/570/654 108/571/504
f 177/101/591 135/72/527 173/99/164
f 177/1760/591 173/1749/164 187/1759/550
f 177/101/591 150/88/1143 135/72/527
f 148/85/1236 205/112/812 120/62/415
f 161/2111/1034 121/2142/608 162/2115/1263
f 148/3164/1236 144/3149/648 136/3168/355
f 144/821/648 223/839/210 136/852/355
f 136/70/355 223/127/210 199/109/508
f 130/832/329 115/853/382 260/824/911
f 199/109/508 144/84/648 131/66/271
f 260/140/911 172/98/568 130/67/329
f 174/97/1302 178/100/1406 140/77/369
f 194/107/567 174/97/1302 140/77/369
f 194/107/567 140/77/369 133/71/317
f 194/107/567 133/71/317 172/98/568
f 209/1828/446 183/1819/579 188/1818/548
f 200/1051/549 163/1178/250 213/1124/282
f 160/1379/252 226/1210/173 171/1193/331
f 160/1379/252 112/1372/332 207/1403/180
f 160/2450/252 169/2439/105 192/2420/166
f 171/2243/331 165/2235/76 163/2226/250
f 180/2458/70 169/2439/105 160/2450/252
f 189/2476/93 186/2470/115 185/2426/110
f 186/2470/115 166/2418/24 185/2426/110
f 168/2245/37 182/2266/18 191/2212/196
f 143/2056/117 164/2020/192 216/2073/270
f 175/1610/194 202/1656/321 184/1657/219
f 175/1610/194 184/1657/219 176/1603/176
f 155/2862/100 212/2949/346 157/2848/158
f 155/2862/100 211/2973/422 212/2949/346
f 176/1603/176 184/1657/219 156/1613/89
f 196/2950/163 211/2973/422 155/2862/100
f 158/205/780 58/143/359 309/110/692
f 122/585/807 86/435/776 435/296/705
f 440/816/674 91/810/958 103/745/716
f 219/517/411 285/499/627 137/552/54
f 285/499/627 147/542/39 137/552/54
f 241/510/766 125/557/249 117/559/901
f 146/3009/1055 159/2982/1251 206/3008/839
f 177/101/591 269/141/822 150/88/1143
f 161/2111/1034 315/2072/975 159/2110/1251
f 249/133/953 76/5/280 120/62/415
f 205/112/812 249/133/953 120/62/415
f 154/2796/1385 153/2779/1341 174/2766/1302
f 154/2796/1385 174/2766/1302 162/2797/1263
f 199/109/508 229/128/939 144/84/648
f 153/3152/1341 178/3137/1406 174/3131/1302
f 162/2797/1263 174/2766/1302 194/2765/567
f 194/2765/567 161/2815/1034 162/2797/1263
f 152/89/620 178/100/1406 199/109/508
f 226/2256/173 160/2450/252 192/2420/166
f 207/2473/180 180/2458/70 160/2450/252
f 180/2458/70 207/2473/180 195/2465/79
f 208/2207/122 163/2226/250 165/2235/76
f 208/2207/122 165/2235/76 210/2186/151
f 210/2186/151 165/2235/76 170/2246/95
f 210/2186/151 170/2246/95 193/2205/85
f 169/2439/105 180/2458/70 167/2453/13
f 193/2205/85 170/2246/95 179/2240/2
f 185/2426/110 169/2439/105 167/2453/13
f 193/2205/85 179/2240/2 168/2245/37
f 179/2240/2 170/2246/95 190/2285/44
f 167/2453/13 189/2476/93 185/2426/110
f 218/2389/35 197/2366/31 185/2426/110
f 218/2389/35 185/2426/110 166/2418/24
f 193/2205/85 168/2245/37 191/2212/196
f 164/2419/192 166/2418/24 186/2470/115
f 182/2266/18 203/2321/99 143/2273/117
f 203/2321/99 166/2418/24 143/2273/117
f 182/1123/18 143/1102/117 216/1122/270
f 175/1805/194 341/1783/430 202/1778/321
f 298/1542/161 155/1503/100 157/1521/158
f 243/1519/421 155/1503/100 298/1542/161
f 196/2950/163 155/2862/100 243/2847/421
f 261/971/645 156/942/89 198/957/189
f 156/1613/89 222/1647/353 198/1611/189
f 119/924/668 265/931/1003 303/908/1118
f 108/571/504 217/516/193 146/543/1055
f 145/546/611 241/510/766 111/567/395
f 111/567/395 241/510/766 117/559/901
f 206/529/839 231/550/552 146/551/1055
f 146/543/1055 231/511/552 109/570/654
f 367/1958/571 461/1966/713 84/1973/9
f 74/1646/357 303/1704/1118 425/1662/795
f 187/105/550 219/122/411 177/101/591
f 404/173/1136 205/112/812 150/88/1143
f 269/141/822 404/173/1136 150/88/1143
f 425/1662/795 419/1626/689 74/1646/357
f 260/824/911 115/853/382 159/859/1251
f 205/623/812 144/626/648 229/635/939
f 194/2929/567 221/2972/220 161/2930/1034
f 227/3388/224 226/3341/173 192/3340/166
f 207/1403/180 112/1372/332 276/1436/314
f 276/1436/314 112/1372/332 129/1489/401
f 163/2226/250 208/2207/122 213/2175/282
f 165/3292/76 171/3291/331 237/3346/144
f 207/2473/180 225/2504/188 195/2465/79
f 237/2259/144 244/2271/138 165/2235/76
f 180/2458/70 195/2465/79 225/2504/188
f 165/2235/76 244/2271/138 170/2246/95
f 234/3249/149 192/3207/166 169/3191/105
f 185/3201/110 234/3249/149 169/3191/105
f 167/2453/13 180/2458/70 189/2476/93
f 180/2458/70 225/2504/188 189/2476/93
f 185/53/110 197/52/31 257/90/121
f 224/2299/14 179/2240/2 190/2285/44
f 300/2526/309 277/2517/336 189/2476/93
f 190/2285/44 204/2333/42 203/2321/99
f 179/2240/2 224/2299/14 168/2245/37
f 224/2299/14 190/2285/44 203/2321/99
f 204/2333/42 197/2366/31 218/2389/35
f 168/2245/37 224/2299/14 182/2266/18
f 277/2517/336 186/2470/115 189/2476/93
f 203/2321/99 204/2333/42 218/2389/35
f 224/2299/14 203/2321/99 182/2266/18
f 218/2389/35 166/2418/24 203/2321/99
f 216/2268/270 191/2212/196 182/2266/18
f 277/2517/336 164/2419/192 186/2470/115
f 191/879/196 216/887/270 359/930/327
f 216/2073/270 164/2020/192 278/2058/212
f 157/1252/158 212/1263/346 319/1294/869
f 184/2681/219 202/2680/321 250/2708/562
f 184/1657/219 222/1647/353 156/1613/89
f 222/1647/353 251/1615/444 198/1611/189
f 309/110/692 82/80/335 149/39/601
f 238/509/910 285/499/627 219/517/411
f 173/532/164 327/489/996 219/517/411
f 238/132/910 327/157/996 173/99/164
f 217/1931/193 231/1924/552 206/1930/839
f 145/3242/611 76/3198/280 249/3186/953
f 177/101/591 327/157/996 269/141/822
f 327/157/996 177/101/591 219/122/411
f 249/133/953 205/112/812 321/153/1019
f 315/2072/975 311/2071/789 159/2110/1251
f 240/2091/337 315/2072/975 161/2111/1034
f 144/821/648 349/798/564 223/839/210
f 264/2819/597 240/2787/337 161/2790/1034
f 221/468/220 264/483/597 161/484/1034
f 297/1557/740 99/1543/526 89/1588/505
f 262/139/551 229/128/939 199/109/508
f 262/139/551 199/109/508 223/127/210
f 221/125/220 194/107/567 301/150/723
f 201/3314/580 99/3366/526 297/3367/740
f 230/3265/65 221/3259/220 256/3298/340
f 276/1436/314 129/1489/401 335/1491/628
f 171/3291/331 226/3335/173 237/3346/144
f 267/2160/246 208/2207/122 210/2186/151
f 234/3249/149 227/3250/224 192/3207/166
f 253/2161/231 210/2186/151 193/2205/85
f 225/2504/188 300/2526/309 189/2476/93
f 190/2285/44 170/2246/95 244/2271/138
f 244/2271/138 254/2300/113 190/2285/44
f 254/2300/113 204/2333/42 190/2285/44
f 204/2333/42 266/2342/104 197/2366/31
f 193/2205/85 263/2170/307 253/2161/231
f 263/2170/307 193/2205/85 191/2212/196
f 278/2058/212 164/2020/192 382/2061/310
f 314/1806/743 341/1783/430 175/1805/194
f 298/1542/161 157/1521/158 363/1560/139
f 176/2291/176 314/2317/743 175/2289/194
f 261/971/645 176/947/176 156/942/89
f 251/1615/444 222/1647/353 279/1631/771
f 151/858/586 91/810/958 440/816/674
f 303/908/1118 265/931/1003 434/909/680
f 139/2671/900 93/2565/609 418/2607/383
f 367/3262/571 84/3233/9 548/3217/944
f 418/2607/383 93/2565/609 372/2561/519
f 475/3218/909 523/3241/764 145/3242/611
f 447/183/788 219/122/411 187/105/550
f 147/87/39 255/138/687 181/104/524
f 311/155/789 255/138/687 217/124/193
f 206/2085/839 311/2086/789 217/2069/193
f 249/3186/953 475/3218/909 145/3242/611
f 447/183/788 187/105/550 181/104/524
f 240/2091/337 484/2050/1378 315/2072/975
f 311/860/789 260/824/911 159/859/1251
f 349/798/564 412/813/936 223/839/210
f 128/956/690 183/994/579 682/966/712
f 258/3209/463 264/3194/597 221/3193/220
f 259/3253/442 230/3265/65 248/3264/506
f 258/257/463 230/267/65 259/260/442
f 230/267/65 258/257/463 221/266/220
f 172/98/568 301/150/723 194/107/567
f 262/1146/551 223/1132/210 236/1145/183
f 236/3480/183 223/3481/210 273/3430/600
f 270/2269/1287 236/2281/183 273/2270/600
f 248/3264/506 239/3293/247 236/3299/183
f 248/2742/506 236/2743/183 270/2731/1287
f 239/3293/247 248/3264/506 230/3265/65
f 239/3293/247 230/3265/65 242/3288/322
f 230/3265/65 256/3298/340 242/3288/322
f 221/125/220 288/146/890 256/137/340
f 221/125/220 301/150/723 288/146/890
f 333/165/1381 236/130/183 239/169/247
f 333/165/1381 239/169/247 270/177/1287
f 226/2256/173 227/2413/224 245/2388/20
f 226/2256/173 245/2388/20 237/2259/144
f 246/301/1398 272/324/1232 320/283/1199
f 207/2473/180 276/2509/314 225/2504/188
f 267/2189/246 210/2168/151 374/2209/370
f 268/321/1323 272/324/1232 246/301/1398
f 245/2388/20 227/2413/224 234/2411/149
f 237/2259/144 245/2388/20 244/2271/138
f 244/2271/138 245/2388/20 254/2300/113
f 245/2388/20 257/2386/121 254/2300/113
f 245/2388/20 234/2411/149 257/2386/121
f 257/2386/121 234/2411/149 185/2426/110
f 266/2342/104 257/2386/121 197/2366/31
f 266/2342/104 204/2333/42 254/2300/113
f 263/2176/307 353/2201/349 253/2178/231
f 263/917/307 191/879/196 359/930/327
f 382/2061/310 164/2020/192 277/2031/336
f 250/2708/562 202/2680/321 344/2735/1020
f 356/2337/237 314/2317/743 176/2291/176
f 250/2708/562 344/2735/1020 383/2758/1169
f 399/2778/1223 222/2711/353 184/2681/219
f 196/1251/163 275/1272/697 350/1289/1124
f 196/2950/163 243/2847/421 275/2958/697
f 228/1493/133 289/1440/351 215/1487/40
f 271/777/191 220/765/25 235/749/211
f 306/737/403 235/749/211 220/765/25
f 252/785/202 214/764/66 220/765/25
f 215/1315/40 274/1325/148 376/1346/147
f 274/1492/148 215/1487/40 233/1455/199
f 214/764/66 347/802/347 296/781/190
f 654/685/734 103/745/716 122/585/807
f 309/110/692 149/39/601 373/76/942
f 241/510/766 238/509/910 125/557/249
f 108/571/504 343/481/1080 217/516/193
f 343/481/1080 231/511/552 217/516/193
f 231/511/552 602/404/700 109/570/654
f 329/690/819 109/692/654 602/695/700
f 461/1966/713 548/1980/944 84/1973/9
f 205/797/812 349/798/564 144/821/648
f 89/3245/505 67/3284/410 414/3285/714
f 264/1665/597 258/1648/463 346/1654/1297
f 280/2738/1130 248/2742/506 270/2731/1287
f 248/263/506 280/256/1130 259/260/442
f 424/238/1397 346/243/1297 258/257/463
f 260/140/911 301/150/723 172/98/568
f 273/1341/600 333/1326/1381 270/1336/1287
f 280/189/1130 270/177/1287 239/169/247
f 239/264/247 403/240/1405 280/256/1130
f 239/129/247 242/131/322 403/172/1405
f 345/160/1016 242/131/322 256/137/340
f 345/160/1016 256/137/340 288/146/890
f 276/3054/314 416/3098/521 225/3099/188
f 364/6/1128 352/20/1219 232/61/1368
f 416/2535/521 369/2531/390 225/2504/188
f 334/96/1181 232/61/1368 283/56/1399
f 283/56/1399 232/61/1368 352/20/1219
f 291/3330/1387 246/3280/1398 320/3329/1199
f 291/288/1387 268/321/1323 246/301/1398
f 369/2531/390 300/2526/309 225/2504/188
f 254/2300/113 257/2386/121 266/2342/104
f 284/1156/75 359/1195/327 216/1138/270
f 281/2095/209 284/2097/75 216/2073/270
f 278/2058/212 281/2095/209 216/2073/270
f 157/82/158 319/9/869 361/33/613
f 157/1243/158 351/1184/57 363/1198/139
f 398/1302/1149 319/1294/869 212/1263/346
f 251/985/444 261/971/645 198/957/189
f 222/2711/353 399/2778/1223 370/2780/1345
f 252/785/202 220/765/25 271/777/191
f 289/1440/351 385/1426/610 215/1487/40
f 385/1426/610 233/1455/199 215/1487/40
f 395/1354/141 228/1320/133 215/1315/40
f 306/737/403 220/765/25 214/764/66
f 376/1346/147 395/1354/141 215/1315/40
f 252/785/202 377/812/146 214/764/66
f 377/812/146 347/802/347 214/764/66
f 274/1492/148 233/1455/199 338/1453/375
f 274/1492/148 338/1453/375 392/1470/724
f 373/76/942 149/39/601 142/19/902
f 265/845/1003 151/858/586 440/816/674
f 285/499/627 343/481/1080 108/571/504
f 462/462/964 241/510/766 145/546/611
f 402/174/493 238/132/910 219/122/411
f 321/153/1019 460/184/706 475/192/909
f 425/1662/795 303/1704/1118 434/1675/680
f 249/133/953 321/153/1019 475/192/909
f 393/171/1106 321/153/1019 205/112/812
f 128/1731/690 474/1747/744 85/1762/461
f 205/797/812 404/783/1136 349/798/564
f 474/1747/744 128/1731/690 682/1725/712
f 223/2636/210 412/2637/936 273/2626/600
f 247/2651/55 415/2675/1361 302/2725/569
f 259/260/442 424/238/1397 258/257/463
f 528/1535/703 201/1537/580 297/1557/740
f 509/190/880 262/114/551 236/130/183
f 389/170/1225 509/190/880 236/130/183
f 333/165/1381 389/170/1225 236/130/183
f 409/1511/677 201/1537/580 528/1535/703
f 267/2160/246 213/2175/282 208/2207/122
f 334/605/1181 364/617/1128 232/592/1368
f 268/321/1323 391/350/1044 272/324/1232
f 336/136/1447 334/96/1181 283/56/1399
f 253/2178/231 374/2209/370 210/2168/151
f 281/1137/209 278/986/212 328/1086/4
f 278/986/212 380/926/222 286/979/38
f 382/927/310 380/926/222 278/986/212
f 278/986/212 286/979/38 328/1086/4
f 284/1156/75 281/1137/209 292/1158/29
f 328/1086/4 292/1158/29 281/1137/209
f 317/1029/8 286/979/38 290/982/21
f 328/1086/4 295/1107/45 292/1158/29
f 317/1029/8 294/1061/60 328/1086/4
f 294/1061/60 295/1107/45 328/1086/4
f 290/982/21 397/922/243 322/929/182
f 290/982/21 322/929/182 287/965/71
f 317/1029/8 290/982/21 294/1061/60
f 304/1205/168 292/1158/29 282/1180/118
f 292/1158/29 295/1107/45 282/1180/118
f 290/982/21 287/965/71 294/1061/60
f 282/1180/118 358/1064/68 326/1162/73
f 295/1107/45 358/1064/68 282/1180/118
f 387/1207/201 351/1184/57 361/1236/613
f 157/82/158 361/33/613 351/75/57
f 176/1387/176 423/1409/416 330/1377/53
f 323/1093/43 379/1071/16 293/1027/27
f 323/1093/43 293/1027/27 299/1056/127
f 293/1027/27 330/961/53 313/952/107
f 399/2778/1223 184/2681/219 250/2708/562
f 444/1306/1256 211/1261/422 196/1251/163
f 293/1027/27 305/991/48 299/1056/127
f 293/1027/27 313/952/107 305/991/48
f 308/1160/6 310/1150/15 348/1182/109
f 308/1160/6 323/1093/43 310/1150/15
f 323/1093/43 299/1056/127 310/1150/15
f 350/1289/1124 444/1306/1256 196/1251/163
f 279/997/771 370/1003/1345 251/985/444
f 370/2780/1345 279/2755/771 222/2711/353
f 307/1148/36 324/1166/112 348/1182/109
f 271/116/191 235/152/211 362/156/496
f 289/890/351 228/898/133 388/850/273
f 362/1799/496 235/1782/211 456/1823/1053
f 306/1794/403 456/1823/1053 235/1782/211
f 406/1811/785 306/1794/403 214/1771/66
f 373/1939/942 142/1938/902 418/1926/383
f 418/1926/383 142/1938/902 139/1927/900
f 578/413/725 343/481/1080 285/499/627
f 327/157/996 238/132/910 402/174/493
f 255/138/687 447/183/788 181/104/524
f 311/1700/789 343/1713/1080 255/1701/687
f 343/3396/1080 311/3351/789 453/3394/574
f 453/461/574 231/511/552 343/481/1080
f 206/119/839 490/198/867 311/155/789
f 229/635/939 393/624/1106 205/623/812
f 490/849/867 260/824/911 311/860/789
f 262/1168/551 393/1188/1106 229/1161/939
f 262/473/551 430/491/1217 393/515/1106
f 333/1326/1381 273/1341/600 412/1316/936
f 280/256/1130 403/240/1405 259/260/442
f 345/160/1016 403/172/1405 242/131/322
f 515/1206/923 346/1226/1297 288/1200/890
f 742/1553/742 528/1535/703 297/1557/740
f 424/1394/1397 288/1378/890 346/1393/1297
f 301/150/723 515/206/923 288/146/890
f 201/1537/580 409/1511/677 129/1489/401
f 335/1491/628 416/1457/521 276/1436/314
f 316/149/1456 325/253/1228 334/96/1181
f 267/2189/246 374/2209/370 431/2222/366
f 336/136/1447 316/149/1456 334/96/1181
f 476/1649/972 391/1651/1044 268/1602/1323
f 331/166/1347 325/253/1228 316/149/1456
f 355/120/1380 336/136/1447 283/56/1399
f 337/249/1443 325/253/1228 331/166/1347
f 337/249/1443 320/283/1199 325/253/1228
f 381/34/1250 283/56/1399 352/20/1219
f 291/288/1387 320/283/1199 337/249/1443
f 331/166/1347 316/149/1456 336/136/1447
f 365/254/1389 337/249/1443 331/166/1347
f 445/59/1292 355/120/1380 283/56/1399
f 331/166/1347 336/136/1447 355/120/1380
f 342/211/1328 365/254/1389 331/166/1347
f 263/2176/307 438/2213/363 353/2201/349
f 359/1195/327 284/1156/75 354/1192/174
f 354/1192/174 284/1156/75 411/1212/260
f 286/979/38 380/926/222 397/922/243
f 286/979/38 397/922/243 290/982/21
f 328/1086/4 286/979/38 317/1029/8
f 411/1212/260 284/1156/75 292/1158/29
f 411/1212/260 292/1158/29 304/1205/168
f 287/965/71 322/929/182 378/918/274
f 428/1209/256 304/1205/168 282/1180/118
f 287/965/71 358/1064/68 294/1061/60
f 318/963/88 358/1064/68 287/965/71
f 287/965/71 378/918/274 318/963/88
f 295/1107/45 294/1061/60 358/1064/68
f 326/1162/73 358/1064/68 368/1110/19
f 358/1064/68 318/963/88 339/984/3
f 326/1162/73 351/1184/57 387/1207/201
f 326/1162/73 368/1110/19 332/1147/28
f 371/1821/152 341/1861/430 314/1822/743
f 351/1184/57 326/1162/73 332/1147/28
f 202/2680/321 341/2740/430 433/2776/1186
f 339/984/3 330/961/53 401/1026/11
f 344/2735/1020 202/2680/321 433/2776/1186
f 339/984/3 371/939/152 356/937/237
f 356/2337/237 371/2338/152 314/2317/743
f 351/1184/57 332/1147/28 363/1198/139
f 339/984/3 356/937/237 330/961/53
f 330/2329/53 356/2337/237 176/2291/176
f 363/1198/139 332/1147/28 298/1194/161
f 386/1109/32 308/1160/6 332/1147/28
f 298/1194/161 332/1147/28 308/1160/6
f 293/1027/27 401/1026/11 330/961/53
f 401/1026/11 293/1027/27 379/1071/16
f 176/947/176 261/971/645 423/1004/416
f 444/1306/1256 212/1263/346 211/1261/422
f 308/1160/6 386/1109/32 323/1093/43
f 423/923/416 313/952/107 330/961/53
f 348/1182/109 429/1218/615 308/1160/6
f 299/1056/127 340/1142/157 310/1150/15
f 340/1637/157 299/1632/127 422/1659/177
f 299/1632/127 305/1633/48 420/1658/153
f 305/991/48 313/952/107 312/992/64
f 348/1182/109 310/1150/15 307/1148/36
f 310/1150/15 340/1142/157 307/1148/36
f 384/936/234 312/992/64 313/952/107
f 307/1148/36 340/1142/157 426/1116/81
f 348/1182/109 324/1166/112 396/1203/257
f 426/1116/81 357/1113/49 307/1148/36
f 307/1148/36 357/1113/49 324/1166/112
f 312/992/64 360/978/129 375/1023/86
f 312/992/64 384/936/234 360/978/129
f 362/156/496 451/117/560 271/116/191
f 252/785/202 271/777/191 441/811/131
f 406/1811/785 214/1771/66 296/1797/190
f 338/2109/375 233/2088/199 413/2123/887
f 437/1358/1035 376/1346/147 274/1325/148
f 347/2022/347 377/2021/146 448/2040/241
f 274/1325/148 392/1345/724 437/1358/1035
f 238/509/910 609/401/631 285/499/627
f 523/431/764 462/462/964 145/546/611
f 315/3156/975 484/3157/1378 443/3143/1147
f 443/2858/1147 455/2788/928 240/2787/337
f 443/3143/1147 346/3117/1297 315/3156/975
f 414/1604/714 67/1601/410 419/1626/689
f 264/2819/597 443/2858/1147 240/2787/337
f 389/1319/1225 333/1326/1381 412/1316/936
f 259/260/442 403/240/1405 424/238/1397
f 424/181/1397 345/160/1016 288/146/890
f 129/3457/401 409/3458/677 335/3398/628
f 400/320/1245 268/321/1323 291/288/1387
f 445/59/1292 283/56/1399 381/34/1250
f 337/249/1443 439/294/1272 291/288/1387
f 400/320/1245 291/288/1387 439/294/1272
f 365/254/1389 439/294/1272 337/249/1443
f 331/871/1347 355/902/1380 468/903/1324
f 365/254/1389 342/211/1328 482/241/1214
f 304/1772/168 428/1795/256 503/1812/437
f 326/1162/73 428/1209/256 282/1180/118
f 318/210/88 378/185/274 521/209/435
f 379/1071/16 358/1064/68 339/984/3
f 339/984/3 318/963/88 371/939/152
f 358/1064/68 379/1071/16 368/1110/19
f 368/1110/19 386/1109/32 332/1147/28
f 368/1110/19 379/1071/16 386/1109/32
f 444/1306/1256 398/1302/1149 212/1263/346
f 399/2778/1223 250/2708/562 383/2758/1169
f 449/916/283 313/952/107 423/923/416
f 298/1542/161 429/1561/615 243/1519/421
f 298/1194/161 308/1160/6 429/1218/615
f 423/1004/416 261/971/645 251/985/444
f 454/1216/298 429/1218/615 348/1182/109
f 423/1004/416 251/985/444 370/1003/1345
f 422/1659/177 299/1632/127 421/1655/140
f 299/1632/127 420/1658/153 421/1655/140
f 275/2940/697 429/3029/615 350/2918/1124
f 275/1508/697 243/1519/421 429/1561/615
f 305/991/48 408/1005/123 420/1009/153
f 408/3376/123 305/3326/48 312/3325/64
f 408/1005/123 312/992/64 375/1023/86
f 357/1113/49 408/1005/123 375/1023/86
f 324/1166/112 357/1113/49 375/1023/86
f 388/850/273 469/841/1005 289/890/351
f 459/1368/82 228/1320/133 395/1354/141
f 252/2978/202 441/3042/131 390/3035/169
f 252/2978/202 390/3035/169 377/3043/146
f 385/2113/610 485/2147/1121 233/2088/199
f 233/2088/199 485/2147/1121 413/2123/887
f 394/1114/41 377/1167/146 417/1118/33
f 488/1830/1240 406/1811/785 296/1797/190
f 296/1797/190 407/1814/808 488/1830/1240
f 296/781/190 347/802/347 407/794/808
f 440/935/674 434/909/680 265/931/1003
f 665/378/1007 238/509/910 241/510/766
f 475/3218/909 775/3223/826 523/3241/764
f 502/3419/1068 486/3475/1017 241/3420/766
f 241/510/766 462/462/964 502/438/1068
f 481/2048/1257 315/2072/975 346/2070/1297
f 302/2447/569 465/2578/385 247/2487/55
f 443/2858/1147 264/2819/597 346/2854/1297
f 349/798/564 483/786/781 412/813/936
f 465/2542/385 415/2675/1361 247/2651/55
f 691/1564/761 297/1557/740 89/1588/505
f 403/172/1405 345/160/1016 424/181/1397
f 213/2171/282 267/2189/246 526/2250/450
f 526/2250/450 267/2189/246 431/2222/366
f 320/599/1199 272/591/1232 687/704/719
f 268/1602/1323 513/1642/1087 476/1649/972
f 268/321/1323 400/320/1245 513/346/1087
f 353/2201/349 374/2209/370 253/2178/231
f 300/2434/309 369/2449/390 507/2474/345
f 342/211/1328 331/166/1347 468/162/1324
f 482/241/1214 342/211/1328 505/228/1139
f 353/2201/349 438/2213/363 537/2242/424
f 277/2435/336 300/2434/309 564/2500/512
f 382/2061/310 277/2031/336 583/2096/484
f 464/1798/339 354/1781/174 411/1790/260
f 387/1207/201 428/1209/256 326/1162/73
f 371/939/152 318/963/88 521/913/435
f 497/2155/434 341/2102/430 371/2117/152
f 344/2735/1020 433/2776/1186 489/2817/1209
f 401/1026/11 379/1071/16 339/984/3
f 489/2907/1209 383/2837/1169 344/2883/1020
f 379/1071/16 323/1093/43 386/1109/32
f 429/3029/615 444/2937/1256 350/2918/1124
f 423/2922/416 370/2832/1345 399/2831/1223
f 313/952/107 449/916/283 529/912/356
f 422/1127/177 421/1047/140 450/1078/46
f 529/912/356 384/936/234 313/952/107
f 450/1078/46 410/1089/80 422/1127/177
f 454/1216/298 348/1182/109 396/1203/257
f 340/1142/157 422/1127/177 426/1116/81
f 426/1116/81 410/1089/80 357/1113/49
f 436/1033/69 408/1005/123 357/1113/49
f 324/1166/112 432/1174/172 396/1203/257
f 458/1128/114 324/1166/112 375/1023/86
f 458/1128/114 432/1174/172 324/1166/112
f 375/1023/86 360/978/129 467/1018/72
f 442/953/185 360/978/129 384/936/234
f 360/978/129 442/953/185 467/1018/72
f 451/773/560 457/795/143 271/796/191
f 441/2997/131 271/3069/191 457/3070/143
f 388/850/273 228/898/133 459/830/82
f 289/2098/351 469/2132/1005 485/2147/1121
f 385/2113/610 289/2098/351 485/2147/1121
f 390/1163/169 452/1112/17 417/1118/33
f 427/1032/34 394/1114/41 417/1118/33
f 377/1167/146 390/1163/169 417/1118/33
f 395/981/141 376/980/147 427/1032/34
f 394/1114/41 427/1032/34 376/980/147
f 448/1169/241 377/1167/146 394/1114/41
f 376/980/147 479/955/914 448/1169/241
f 495/2158/1332 392/2126/724 338/2109/375
f 347/2022/347 448/2040/241 491/2059/1030
f 373/1939/942 418/1926/383 499/1936/702
f 681/748/757 440/816/674 103/745/716
f 477/2601/530 418/2607/383 372/2561/519
f 530/214/517 402/174/493 219/122/411
f 481/2048/1257 311/2071/789 315/2072/975
f 478/2998/1112 404/3025/1136 393/2999/1106
f 455/2060/928 484/2050/1378 240/2091/337
f 481/194/1257 260/140/911 490/198/867
f 206/119/839 88/25/392 329/159/819
f 393/515/1106 430/491/1217 478/513/1112
f 404/717/1136 430/700/1217 349/710/564
f 415/2467/1361 463/2511/871 302/2447/569
f 89/3245/505 414/3285/714 642/3283/722
f 301/150/723 260/140/911 481/194/1257
f 430/491/1217 262/473/551 509/466/880
f 509/1694/880 389/1693/1225 412/1716/936
f 209/1006/446 188/1044/548 589/1043/811
f 589/3450/811 188/3443/548 200/3403/549
f 200/1051/549 213/1124/282 526/1087/450
f 562/1482/649 416/1457/521 335/1491/628
f 721/719/748 334/605/1181 325/601/1228
f 594/655/948 272/591/1232 391/609/1044
f 431/2222/366 374/2209/370 518/2241/352
f 445/2437/1292 381/2448/1250 544/2468/1145
f 365/254/1389 473/269/1279 439/294/1272
f 445/59/1292 500/91/1264 355/120/1380
f 487/126/1252 355/120/1380 500/91/1264
f 468/162/1324 355/120/1380 487/126/1252
f 300/2434/309 507/2474/345 534/2488/502
f 322/2105/182 397/2121/243 551/2177/488
f 378/2114/274 322/2105/182 551/2177/488
f 521/913/435 497/914/434 371/939/152
f 504/3023/1079 361/3002/613 319/2919/869
f 341/3130/430 508/3108/940 433/3084/1186
f 319/2919/869 398/2924/1149 504/3023/1079
f 436/1033/69 420/1009/153 408/1005/123
f 421/1047/140 420/1009/153 436/1033/69
f 426/1116/81 422/1127/177 410/1089/80
f 410/1089/80 436/1033/69 357/1113/49
f 458/1128/114 375/1023/86 467/1018/72
f 442/953/185 446/990/7 467/1018/72
f 446/990/7 458/1128/114 467/1018/72
f 446/990/7 442/953/185 492/938/297
f 432/1174/172 458/1128/114 457/1181/143
f 458/1128/114 446/990/7 452/1112/17
f 446/990/7 492/938/297 459/987/82
f 457/1181/143 458/1128/114 452/1112/17
f 457/1181/143 452/1112/17 441/1154/131
f 446/990/7 459/987/82 452/1112/17
f 492/1903/297 469/1902/1005 388/1914/273
f 452/1112/17 459/987/82 427/1032/34
f 459/987/82 395/981/141 427/1032/34
f 452/1112/17 427/1032/34 417/1118/33
f 441/1154/131 452/1112/17 390/1163/169
f 456/1823/1053 306/1794/403 406/1811/785
f 376/980/147 448/1169/241 394/1114/41
f 448/1169/241 479/955/914 522/969/290
f 437/1358/1035 479/1367/914 376/1346/147
f 413/2123/887 495/2158/1332 338/2109/375
f 407/2042/808 347/2022/347 491/2059/1030
f 499/81/702 418/55/383 501/32/451
f 309/110/692 373/76/942 499/81/702
f 681/748/757 103/745/716 654/685/734
f 434/761/680 440/762/674 496/746/443
f 486/448/1017 665/378/1007 241/510/766
f 269/141/822 327/157/996 402/174/493
f 269/141/822 402/174/493 498/202/474
f 447/183/788 530/214/517 219/122/411
f 477/2601/530 372/2561/519 480/2548/730
f 321/153/1019 462/187/964 460/184/706
f 269/141/822 486/196/1017 404/173/1136
f 486/196/1017 393/171/1106 404/173/1136
f 393/2625/1106 486/2667/1017 532/2655/533
f 502/145/1068 404/144/1136 478/154/1112
f 484/2863/1378 455/2788/928 443/2858/1147
f 206/119/839 329/159/819 733/292/769
f 463/2511/871 465/2578/385 302/2447/569
f 569/660/767 364/617/1128 334/605/1181
f 352/2459/1219 364/2478/1128 519/2512/581
f 514/2236/361 374/2209/370 353/2201/349
f 473/269/1279 365/254/1389 482/241/1214
f 468/2635/1324 512/2594/1126 342/2593/1328
f 592/998/539 263/917/307 359/930/327
f 411/1790/260 304/1772/168 503/1812/437
f 470/2133/1180 433/2120/1186 508/2159/940
f 472/3010/1146 504/3023/1079 398/2924/1149
f 489/1870/1209 433/1869/1186 470/1887/1180
f 489/2141/1209 552/2179/691 423/2128/416
f 383/2837/1169 489/2907/1209 423/2922/416
f 472/3010/1146 398/2924/1149 444/2937/1256
f 399/2831/1223 383/2837/1169 423/2922/416
f 429/3029/615 472/3010/1146 444/2937/1256
f 449/2131/283 423/2128/416 552/2179/691
f 410/1089/80 450/1078/46 493/1069/223
f 421/1047/140 436/1033/69 493/1069/223
f 410/1309/80 493/1293/223 436/1308/69
f 547/1844/660 454/1804/298 396/1802/257
f 396/2706/257 432/2666/172 516/2705/445
f 442/1808/185 384/1787/234 520/1789/486
f 432/1809/172 457/1815/143 516/1836/445
f 459/830/82 492/829/297 388/850/273
f 549/1850/1064 362/1799/496 456/1823/1053
f 495/975/1332 479/1002/914 437/999/1035
f 407/740/808 491/738/1030 488/769/1240
f 931/395/762 122/585/807 435/296/705
f 501/528/451 418/538/383 510/562/455
f 440/762/674 506/744/477 496/746/443
f 238/509/910 665/378/1007 609/401/631
f 730/1957/1442 461/1966/713 367/1958/571
f 510/562/455 418/538/383 477/553/530
f 462/462/964 321/493/1019 527/429/737
f 269/141/822 567/223/561 486/196/1017
f 530/214/517 610/231/604 498/202/474
f 393/171/1106 527/212/737 321/153/1019
f 486/298/1017 502/309/1068 478/299/1112
f 486/1661/1017 478/1638/1112 545/1660/544
f 486/644/1017 545/670/544 532/671/533
f 498/202/474 610/231/604 669/250/983
f 206/119/839 733/292/769 490/198/867
f 567/223/561 545/216/544 478/193/1112
f 567/701/561 430/700/1217 404/717/1136
f 430/491/1217 567/514/561 478/513/1112
f 557/2941/879 301/2895/723 481/2968/1257
f 557/2941/879 734/2893/688 301/2895/723
f 606/1060/837 200/1051/549 526/1087/450
f 405/1912/128 366/1971/272 517/1960/275
f 620/492/593 517/397/275 366/386/272
f 620/492/593 366/386/272 405/469/128
f 639/521/566 620/492/593 405/469/128
f 569/2533/767 519/2512/581 364/2478/1128
f 569/660/767 334/605/1181 721/719/748
f 687/704/719 272/591/1232 594/655/948
f 476/1649/972 594/1730/948 391/1651/1044
f 416/2452/521 511/2471/384 369/2449/390
f 352/2459/1219 519/2512/581 524/2477/965
f 524/2477/965 381/2448/1250 352/2459/1219
f 553/284/1207 439/294/1272 473/269/1279
f 564/2500/512 300/2434/309 534/2488/502
f 471/151/1300 512/195/1126 468/162/1324
f 512/2320/1126 505/2364/1139 342/2369/1328
f 438/2213/363 263/2176/307 580/2255/494
f 277/2031/336 536/2075/288 583/2096/484
f 354/1781/174 573/1829/487 359/1780/327
f 380/2116/222 382/2118/310 586/2191/511
f 573/1230/487 354/1229/174 464/1246/339
f 380/2116/222 586/2191/511 397/2121/243
f 503/1812/437 428/1795/256 568/1837/565
f 378/2114/274 596/2199/603 521/2169/435
f 504/1820/1079 387/1791/201 361/1786/613
f 341/2102/430 497/2155/434 508/2159/940
f 429/1801/615 591/1856/584 472/1810/1146
f 429/1801/615 454/1804/298 591/1856/584
f 450/1078/46 421/1047/140 493/1069/223
f 457/1815/143 451/1816/560 540/1846/587
f 451/1816/560 362/1799/496 549/1850/1064
f 456/1280/1053 538/1239/1116 549/1247/1064
f 413/2123/887 485/2147/1121 539/2185/1107
f 413/2123/887 539/2185/1107 495/2158/1332
f 522/969/290 550/1143/285 448/1169/241
f 491/1179/1030 448/1169/241 550/1143/285
f 392/983/724 495/975/1332 437/999/1035
f 730/3261/1442 367/3262/571 548/3217/944
f 402/174/493 530/214/517 498/202/474
f 453/461/574 602/404/700 231/511/552
f 477/2601/530 480/2548/730 555/2567/929
f 481/2048/1257 543/2017/468 311/2071/789
f 453/3394/574 311/3351/789 543/3337/468
f 532/213/533 527/212/737 393/171/1106
f 532/1349/533 545/1348/544 502/1361/1068
f 404/3435/1136 502/3477/1068 545/3436/544
f 490/198/867 543/217/468 481/194/1257
f 560/221/570 543/217/468 490/198/867
f 414/1604/714 419/1626/689 757/1614/738
f 430/1245/1217 660/1233/707 349/1232/564
f 509/466/880 660/476/707 430/491/1217
f 620/492/593 593/357/456 517/397/275
f 562/2482/649 511/2471/384 416/2452/521
f 518/2241/352 526/2250/450 431/2222/366
f 369/2449/390 511/2471/384 507/2474/345
f 514/2236/361 518/2241/352 374/2209/370
f 524/2477/965 544/2468/1145 381/2448/1250
f 563/3374/1172 400/3356/1245 439/3321/1272
f 525/2239/420 514/2236/361 353/2201/349
f 525/2239/420 353/2201/349 537/2242/424
f 531/3148/372 534/3140/502 507/3129/345
f 600/291/1284 487/302/1252 500/330/1264
f 471/151/1300 468/162/1324 487/126/1252
f 505/2364/1139 632/2372/1089 482/2398/1214
f 277/2435/336 564/2500/512 536/2495/288
f 580/1000/494 263/917/307 592/998/539
f 573/1829/487 592/1838/539 359/1780/327
f 378/2114/274 551/2177/488 596/2199/603
f 582/1848/873 504/1820/1079 472/1810/1146
f 384/2124/234 529/2173/356 520/2172/486
f 442/1808/185 520/1789/486 556/1807/514
f 556/2192/514 492/2157/297 442/2143/185
f 469/2132/1005 492/2157/297 561/2198/1061
f 561/2198/1061 485/2147/1121 469/2132/1005
f 561/1592/1061 541/1567/1142 485/1591/1121
f 542/1853/1101 456/1823/1053 406/1811/785
f 406/1811/785 488/1830/1240 542/1853/1101
f 491/738/1030 542/768/1101 488/769/1240
f 495/975/1332 539/974/1107 479/1002/914
f 550/1864/285 535/1852/657 491/1833/1030
f 856/197/746 435/296/705 158/205/780
f 664/806/797 506/834/477 440/816/674
f 501/893/451 510/855/455 647/888/791
f 499/81/702 501/32/451 546/38/961
f 555/2567/929 510/2658/455 477/2601/530
f 578/413/725 570/417/538 343/481/1080
f 570/224/538 255/138/687 343/163/1080
f 496/1695/443 425/1662/795 434/1675/680
f 532/213/533 502/203/1068 565/219/546
f 666/246/1093 269/141/822 498/202/474
f 708/3383/977 649/3338/553 466/3363/5
f 616/2571/793 509/2576/880 412/2544/936
f 608/573/470 615/586/559 494/576/51
f 325/601/1228 320/599/1199 687/704/719
f 572/3161/651 507/3129/345 511/3114/384
f 518/720/352 514/725/361 566/726/483
f 514/2236/361 571/2258/572 566/2264/483
f 572/3161/651 531/3148/372 507/3129/345
f 514/2236/361 525/2239/420 571/2258/572
f 513/346/1087 400/320/1245 563/308/1172
f 500/91/1264 445/59/1292 618/73/1184
f 439/3321/1272 553/3320/1207 563/3374/1172
f 600/291/1284 471/276/1300 487/302/1252
f 632/1766/1089 473/1767/1279 482/1724/1214
f 505/2364/1139 512/2320/1126 595/2341/907
f 438/2213/363 580/2255/494 537/2242/424
f 568/1837/565 428/1795/256 387/1791/201
f 387/1791/201 504/1820/1079 568/1837/565
f 508/2159/940 552/2179/691 470/2133/1180
f 489/2141/1209 470/2133/1180 552/2179/691
f 559/1843/632 454/1804/298 547/1844/660
f 575/1857/639 547/1844/660 396/1802/257
f 575/1857/639 396/1802/257 516/1836/445
f 540/1846/587 516/1836/445 457/1815/143
f 485/2147/1121 541/2187/1142 539/2185/1107
f 542/1240/1101 538/1239/1116 456/1280/1053
f 501/1683/451 647/1684/791 546/1672/961
f 692/111/696 309/110/692 499/81/702
f 692/111/696 158/205/780 309/110/692
f 931/395/762 654/685/734 122/585/807
f 664/806/797 440/816/674 681/748/757
f 506/3052/477 725/3047/905 496/2995/443
f 570/3395/538 453/3394/574 543/3337/468
f 565/3447/546 404/3444/1136 545/3392/544
f 565/1317/546 567/1332/561 404/1333/1136
f 666/246/1093 498/202/474 669/250/983
f 463/2511/871 640/2560/268 465/2578/385
f 738/711/848 483/786/781 349/798/564
f 415/2467/1361 655/2516/728 463/2511/871
f 717/1221/828 346/1226/1297 515/1206/923
f 599/2880/681 708/2885/977 466/2886/5
f 615/2479/559 533/2441/364 494/2464/51
f 606/1060/837 526/1087/450 566/1081/483
f 597/3289/1029 519/3334/581 569/3290/767
f 566/2264/483 526/2250/450 518/2241/352
f 511/3114/384 562/3160/649 572/3161/651
f 524/2477/965 519/2512/581 597/2502/1029
f 577/1679/917 594/1730/948 476/1649/972
f 577/1679/917 476/1649/972 513/1642/1087
f 524/2477/965 597/2502/1029 544/2468/1145
f 500/3482/1264 618/3483/1184 600/3425/1284
f 537/2242/424 624/2277/755 525/2239/420
f 586/2191/511 382/2118/310 583/2190/484
f 411/1790/260 573/1829/487 464/1798/339
f 397/2121/243 586/2191/511 551/2177/488
f 573/1829/487 411/1790/260 587/1842/545
f 587/1842/545 411/1790/260 503/1812/437
f 497/2155/434 521/2169/435 576/2193/655
f 508/2159/940 497/2155/434 576/2193/655
f 508/2159/940 576/2193/655 552/2179/691
f 582/1848/873 472/1810/1146 591/1856/584
f 449/2131/283 552/2179/691 558/2184/664
f 559/1843/632 591/1856/584 454/1804/298
f 529/2173/356 449/2131/283 558/2184/664
f 908/2009/1042 516/1836/445 540/1846/587
f 451/1816/560 549/1850/1064 540/1846/587
f 692/111/696 499/81/702 546/38/961
f 527/429/737 502/438/1068 462/462/964
f 718/282/673 447/183/788 255/138/687
f 419/1626/689 425/1662/795 806/1652/729
f 463/2511/871 677/2440/1095 640/2560/268
f 642/1597/722 414/1604/714 1222/1612/805
f 463/2613/871 655/2608/728 677/2729/1095
f 415/2675/1361 465/2542/385 640/2559/268
f 717/1932/828 557/2014/879 346/2070/1297
f 346/2070/1297 557/2014/879 481/2048/1257
f 466/3349/5 649/3381/553 599/3348/681
f 684/3096/804 183/3128/579 209/3093/446
f 494/2704/51 533/2753/364 608/2682/470
f 562/1482/649 335/1491/628 917/1506/694
f 593/1765/456 588/1750/311 517/1764/275
f 625/2513/1113 531/2483/372 572/2498/651
f 513/1642/1087 563/1643/1172 621/1692/1288
f 623/2484/1157 445/2437/1292 544/2468/1145
f 618/73/1184 445/59/1292 623/44/1157
f 563/1281/1172 553/1282/1207 645/1237/1154
f 473/269/1279 632/255/1089 553/284/1207
f 657/2253/969 512/2320/1126 471/2304/1300
f 595/2341/907 632/2372/1089 505/2364/1139
f 564/1496/512 585/1522/428 536/1509/288
f 584/2260/454 537/2242/424 580/2255/494
f 585/1522/428 581/1536/405 536/1509/288
f 536/1509/288 581/1536/405 583/1497/484
f 653/1882/844 568/1837/565 504/1820/1079
f 529/2173/356 558/2184/664 574/2194/945
f 607/1871/994 559/1843/632 547/1844/660
f 520/2172/486 529/2173/356 574/2194/945
f 607/1871/994 547/1844/660 575/1857/639
f 492/2157/297 556/2192/514 561/2198/1061
f 542/1853/1101 601/1874/829 538/1849/1116
f 689/1915/695 491/1833/1030 535/1852/657
f 522/2188/290 479/2156/914 539/2185/1107
f 550/1143/285 522/969/290 605/995/269
f 856/197/746 158/205/780 692/111/696
f 610/231/604 530/214/517 447/183/788
f 718/282/673 255/138/687 724/287/676
f 480/919/730 474/954/744 839/959/759
f 696/728/642 412/813/936 483/786/781
f 696/578/642 616/563/793 412/580/936
f 616/2571/793 660/2614/707 509/2576/880
f 691/3138/761 742/3109/742 297/3126/740
f 409/1511/677 917/1506/694 335/1491/628
f 687/704/719 594/655/948 619/672/982
f 630/2282/1043 571/2258/572 525/2239/420
f 534/2488/502 531/2483/372 625/2513/1113
f 600/291/1284 618/277/1184 471/276/1300
f 564/2500/512 534/2488/502 663/2552/634
f 576/2193/655 634/2216/935 552/2179/691
f 558/2184/664 552/2179/691 658/2227/721
f 638/2224/981 613/2208/927 574/2194/945
f 574/2194/945 613/2208/927 520/2172/486
f 540/1846/587 549/1850/1064 652/1895/841
f 601/1874/829 650/1896/635 538/1849/1116
f 539/2185/1107 541/2187/1142 614/2214/810
f 550/1143/285 605/995/269 603/1126/228
f 598/1049/91 603/1126/228 605/995/269
f 598/1049/91 590/1125/318 603/1126/228
f 579/1001/263 598/1049/91 605/995/269
f 701/354/854 665/378/1007 486/448/1017
f 609/401/631 675/368/682 285/499/627
f 567/223/561 565/219/546 486/196/1017
f 570/417/538 602/404/700 453/461/574
f 496/1695/443 782/1682/647 425/1662/795
f 460/184/706 775/317/826 475/192/909
f 527/429/737 565/419/546 502/438/1068
f 733/292/769 888/367/865 490/198/867
f 655/2608/728 415/2675/1361 640/2559/268
f 409/3258/677 901/3269/774 917/3240/694
f 606/1060/837 566/1081/483 611/1085/1120
f 639/1873/566 554/1847/83 620/1897/593
f 572/2739/651 562/2745/649 612/2783/1052
f 617/1888/1191 597/1880/1029 569/1868/767
f 611/2276/1120 566/2264/483 571/2258/572
f 571/2258/572 628/2283/1274 611/2276/1120
f 621/1692/1288 577/1679/917 513/1642/1087
f 563/1643/1172 670/1710/1298 621/1692/1288
f 630/2282/1043 525/2239/420 624/2277/755
f 534/2488/502 625/2513/1113 672/2557/1023
f 534/2488/502 672/2557/1023 663/2552/634
f 551/2177/488 586/2191/511 674/2237/782
f 552/2179/691 634/2216/935 658/2227/721
f 698/1908/783 591/1856/584 559/1843/632
f 629/967/979 698/944/783 559/943/632
f 574/2194/945 558/2184/664 626/2217/1001
f 607/1427/994 629/1462/979 559/1428/632
f 574/2194/945 626/2217/1001 638/2224/981
f 652/1895/841 549/1850/1064 538/1849/1116
f 604/1134/360 603/1126/228 590/1125/318
f 579/1578/263 636/1583/507 598/1629/91
f 546/38/961 647/31/791 716/49/476
f 767/2610/1038 510/2658/455 555/2567/929
f 688/366/515 609/401/631 665/378/1007
f 785/306/803 565/419/546 527/429/737
f 685/261/739 724/287/676 255/138/687
f 685/261/739 255/138/687 570/224/538
f 666/246/1093 567/223/561 269/141/822
f 888/3301/865 560/3271/570 490/3304/867
f 901/1517/774 409/1511/677 528/1535/703
f 589/1043/811 200/1051/549 606/1060/837
f 639/1873/566 668/1793/501 554/1847/83
f 721/719/748 325/601/1228 687/704/719
f 627/1753/1408 594/1730/948 577/1679/917
f 627/1753/1408 577/1679/917 621/1692/1288
f 631/2784/1391 572/2739/651 612/2783/1052
f 631/2845/1391 625/2826/1113 572/2824/651
f 544/2468/1145 597/2502/1029 644/2506/1327
f 628/2283/1274 571/2258/572 630/2282/1043
f 563/1643/1172 645/1680/1154 670/1710/1298
f 624/2277/755 711/2336/621 630/2282/1043
f 632/2372/1089 645/2428/1154 553/2427/1207
f 657/2253/969 471/2304/1300 618/2231/1184
f 624/2277/755 537/2242/424 584/2260/454
f 693/1899/790 592/1838/539 573/1829/487
f 693/1899/790 573/1829/487 587/1842/545
f 582/1848/873 653/1882/844 504/1820/1079
f 646/2225/815 634/2216/935 576/2193/655
f 635/1875/989 582/1848/873 591/1856/584
f 662/1892/765 635/1875/989 591/1856/584
f 561/2198/1061 556/2192/514 651/2232/833
f 541/2187/1142 561/2198/1061 651/2232/833
f 614/2214/810 541/2187/1142 667/2238/675
f 614/2214/810 673/2249/663 539/2185/1107
f 692/111/696 546/38/961 716/49/476
f 462/462/964 523/431/764 722/341/792
f 486/2629/1017 565/2618/546 701/2628/854
f 460/184/706 462/187/964 722/285/792
f 718/282/673 610/231/604 447/183/788
f 684/1017/804 209/1006/446 589/1043/811
f 606/1060/837 611/1085/1120 648/1103/1041
f 612/1473/1052 562/1482/649 917/1506/694
f 900/393/881 593/357/456 620/492/593
f 633/2654/1299 648/2659/1041 611/2622/1120
f 627/2877/1408 612/2835/1052 619/2899/982
f 617/1888/1191 569/1868/767 633/1893/1299
f 628/2615/1274 633/2654/1299 611/2622/1120
f 631/2845/1391 612/2835/1052 627/2877/1408
f 627/674/1408 619/672/982 594/655/948
f 637/2632/1396 617/2673/1191 633/2654/1299
f 597/1880/1029 617/1888/1191 637/1894/1396
f 637/2632/1396 633/2654/1299 628/2615/1274
f 621/2889/1288 631/2845/1391 627/2877/1408
f 644/2652/1327 637/2632/1396 628/2615/1274
f 637/2632/1396 644/2652/1327 597/2660/1029
f 644/2506/1327 623/2484/1157 544/2468/1145
f 595/2341/907 512/2320/1126 657/2253/969
f 568/1837/565 587/1842/545 503/1812/437
f 576/2193/655 521/2169/435 646/2225/815
f 626/3079/1001 558/3017/664 676/3072/750
f 650/1896/635 652/1895/841 538/1849/1116
f 689/1915/695 601/1874/829 542/1853/1101
f 746/2297/798 539/2185/1107 673/2249/663
f 643/1898/471 604/1885/360 590/1881/318
f 590/677/318 598/676/91 643/693/471
f 636/465/507 659/497/266 598/500/91
f 647/888/791 510/855/455 726/854/1069
f 285/499/627 822/281/830 578/413/725
f 723/286/888 532/213/533 565/219/546
f 545/3392/544 723/3391/888 565/3447/546
f 682/966/712 183/994/579 912/1007/727
f 891/572/1318 615/586/559 608/573/470
f 619/1437/982 612/1473/1052 803/1446/438
f 625/2826/1113 631/2845/1391 621/2889/1288
f 644/2652/1327 628/2615/1274 630/2599/1043
f 623/2484/1157 644/2506/1327 713/2534/1002
f 624/2277/755 584/2260/454 686/2311/650
f 690/1900/753 693/1899/790 587/1842/545
f 596/2199/603 551/2177/488 674/2237/782
f 626/2217/1001 676/2248/750 638/2224/981
f 694/1911/866 629/1878/979 607/1871/994
f 652/1895/841 908/2009/1042 540/1846/587
f 667/2238/675 673/2249/663 614/2214/810
f 491/1833/1030 689/1915/695 542/1853/1101
f 770/1955/817 550/1864/285 603/1884/228
f 605/2223/269 522/2188/290 707/2275/741
f 643/569/471 598/500/91 659/497/266
f 688/366/515 675/368/682 609/401/631
f 779/307/773 570/417/538 578/413/725
f 722/341/792 523/431/764 727/335/735
f 730/1957/1442 548/1980/944 461/1966/713
f 785/306/803 701/354/854 565/419/546
f 813/340/666 543/217/468 560/221/570
f 680/1211/801 717/1221/828 515/1206/923
f 741/1048/752 589/1043/811 606/1060/837
f 695/1784/480 704/1770/831 622/1769/187
f 819/1904/818 639/1873/566 405/1912/128
f 702/1835/1150 668/1793/501 639/1873/566
f 633/2308/1299 799/2328/499 648/2340/1041
f 630/2599/1043 713/2672/1002 644/2652/1327
f 632/2372/1089 710/2399/898 645/2428/1154
f 663/2552/634 585/2503/428 564/2500/512
f 693/1899/790 876/1967/988 592/1838/539
f 596/2199/603 737/2286/670 521/2169/435
f 646/2225/815 521/2169/435 737/2286/670
f 700/2257/607 634/2216/935 646/2225/815
f 634/2216/935 700/2257/607 658/2227/721
f 698/944/783 629/967/979 699/958/693
f 629/1878/979 694/1911/866 699/1909/693
f 613/2208/927 638/2224/981 697/2261/834
f 689/1915/695 650/1896/635 601/1874/829
f 801/1976/985 603/1884/228 604/1885/360
f 807/1982/1006 801/1976/985 604/1885/360
f 643/569/471 659/497/266 679/566/306
f 775/311/826 727/335/735 523/431/764
f 722/285/792 775/317/826 460/184/706
f 610/231/604 703/273/919 669/250/983
f 532/213/533 811/334/889 527/212/737
f 723/286/888 860/352/1127 532/213/533
f 815/673/710 738/711/848 349/798/564
f 691/1564/761 89/1588/505 642/1597/722
f 301/150/723 680/259/801 515/206/923
f 684/1017/804 589/1043/811 741/1048/752
f 866/2754/1259 608/2682/470 533/2753/364
f 695/741/480 622/686/187 809/751/1316
f 625/2826/1113 621/2889/1288 670/2903/1298
f 625/2826/1113 670/2903/1298 672/2825/1023
f 657/2253/969 618/2231/1184 729/2163/602
f 686/2311/650 711/2336/621 624/2277/755
f 710/2399/898 632/2372/1089 595/2341/907
f 737/2286/670 596/2199/603 768/2298/779
f 712/1913/749 653/1882/844 582/1848/873
f 676/3072/750 558/3017/664 750/3016/825
f 790/2310/535 556/2192/514 520/2172/486
f 770/1955/817 535/1852/657 550/1864/285
f 679/566/306 659/497/266 719/568/775
f 725/835/905 506/834/477 664/806/797
f 665/245/1007 656/242/1444 688/262/515
f 285/499/627 675/368/682 822/281/830
f 725/3047/905 782/3001/647 496/2995/443
f 656/380/1444 665/378/1007 709/347/1276
f 480/3087/730 773/3118/802 555/3125/929
f 666/3402/1093 678/3455/1072 656/3456/1444
f 678/3455/1072 666/3402/1093 703/3404/919
f 811/3187/889 785/3236/803 527/3188/737
f 666/246/1093 709/279/1276 567/223/561
f 570/3395/538 543/3337/468 685/3375/739
f 1222/3175/805 414/3179/714 757/3210/738
f 714/2541/1123 655/2608/728 640/2559/268
f 795/3382/1436 599/3348/681 649/3381/553
f 660/3216/707 815/3260/710 349/3248/564
f 683/2007/447 661/1989/97 671/1991/458
f 912/3127/727 183/3128/579 684/3096/804
f 799/771/499 633/683/1299 569/660/767
f 630/2599/1043 711/2606/621 713/2672/1002
f 623/289/1157 729/290/602 618/278/1184
f 736/1923/704 690/1900/753 587/1842/545
f 736/1923/704 587/1842/545 568/1837/565
f 706/1910/596 712/1913/749 635/1875/989
f 706/1910/596 635/1875/989 662/1892/765
f 638/2224/981 676/2248/750 697/2261/834
f 650/1896/635 705/1922/731 652/1895/841
f 667/2238/675 541/2187/1142 651/2232/833
f 726/2638/1069 510/2658/455 767/2610/1038
f 701/354/854 709/347/1276 665/378/1007
f 688/262/515 656/242/1444 678/258/1072
f 669/250/983 703/273/919 666/246/1093
f 733/3078/769 329/3106/819 763/3102/715
f 545/216/544 567/223/561 723/286/888
f 677/2440/1095 714/2577/1123 640/2560/268
f 738/711/848 696/728/642 483/786/781
f 517/1960/275 819/1904/818 405/1912/128
f 620/2229/593 554/2165/83 702/2204/1150
f 713/518/1002 729/502/602 623/501/1157
f 791/2305/485 595/2341/907 657/2253/969
f 585/2443/428 663/2455/634 720/2444/858
f 583/949/484 581/941/405 784/1063/960
f 635/1875/989 712/1913/749 582/1848/873
f 783/1947/857 662/1892/765 591/1856/584
f 698/1908/783 783/1947/857 591/1856/584
f 698/944/783 699/958/693 766/962/503
f 771/1945/656 607/1871/994 575/1857/639
f 689/1915/695 705/1922/731 650/1896/635
f 755/1663/751 425/1662/795 782/1682/647
f 1258/178/816 602/404/700 779/307/773
f 602/404/700 763/312/715 329/486/819
f 666/376/1093 656/380/1444 709/347/1276
f 874/363/659 724/287/676 685/261/739
f 709/279/1276 723/286/888 567/223/561
f 757/1614/738 419/1626/689 806/1652/729
f 671/1991/458 769/1996/966 683/2007/447
f 901/1517/774 528/1535/703 833/1545/708
f 862/2697/1037 588/2698/311 593/2692/456
f 760/535/937 900/393/881 620/492/593
f 817/2358/407 648/2340/1041 799/2328/499
f 645/1680/1154 728/1752/522 670/1710/1298
f 672/2557/1023 670/2563/1298 728/2619/522
f 791/2305/485 710/2399/898 595/2341/907
f 584/3286/454 754/3287/1071 686/3231/650
f 776/2274/1235 585/2287/428 720/2302/858
f 581/2251/405 585/2287/428 776/2274/1235
f 754/2363/1071 584/2260/454 580/2255/494
f 778/2374/980 754/2363/1071 580/2255/494
f 778/1115/980 580/1000/494 592/998/539
f 674/2237/782 586/2191/511 715/2265/760
f 596/2199/603 674/2237/782 768/2298/779
f 857/1993/479 908/2009/1042 652/1895/841
f 539/2185/1107 746/2297/798 522/2188/290
f 643/1898/471 807/1982/1006 604/1885/360
f 822/281/830 779/307/773 578/413/725
f 602/404/700 570/417/538 779/307/773
f 1258/178/816 763/312/715 602/404/700
f 683/2007/447 769/1996/966 800/2012/800
f 759/669/986 661/664/97 683/651/447
f 884/1490/576 612/1473/1052 917/1506/694
f 803/1446/438 612/1473/1052 884/1490/576
f 663/2552/634 672/2557/1023 720/2604/858
f 768/2298/779 674/2237/782 847/2339/895
f 736/1923/704 568/1837/565 653/1882/844
f 653/1882/844 816/1956/891 736/1923/704
f 712/1913/749 816/1956/891 653/1882/844
f 520/2172/486 613/2208/927 790/2310/535
f 673/2249/663 667/2238/675 731/2288/747
f 636/2099/507 751/2100/1189 659/2087/266
f 751/2423/1189 719/2368/775 659/2367/266
f 767/2610/1038 555/2567/929 773/2562/802
f 806/1566/729 425/1577/795 755/1586/751
f 722/285/792 789/329/578 775/317/826
f 948/1726/787 474/1747/744 682/1725/712
f 655/2608/728 714/2541/1123 677/2729/1095
f 759/3397/986 671/3422/458 661/3390/97
f 301/150/723 734/293/688 680/259/801
f 866/2754/1259 891/2707/1318 608/2682/470
f 606/1060/837 648/1103/1041 817/1108/407
f 710/1727/898 728/1752/522 645/1680/1154
f 804/2200/448 657/2253/969 729/2163/602
f 720/2604/858 672/2557/1023 728/2619/522
f 586/2191/511 583/2190/484 715/2265/760
f 646/2225/815 737/2286/670 753/2294/554
f 700/2257/607 646/2225/815 753/2294/554
f 706/1910/596 662/1892/765 752/1935/490
f 749/2292/558 658/2227/721 700/2257/607
f 749/2292/558 750/2293/825 658/2227/721
f 558/2184/664 658/2227/721 750/2293/825
f 828/2331/930 676/2248/750 750/2293/825
f 613/2208/927 697/2261/834 732/2284/921
f 673/2249/663 731/2288/747 746/2297/798
f 522/2188/290 746/2297/798 707/2275/741
f 726/430/1069 761/455/950 647/456/791
f 761/3466/950 716/3413/476 647/3465/791
f 722/341/792 727/335/735 834/280/328
f 718/282/673 703/273/919 610/231/604
f 709/279/1276 739/300/971 723/286/888
f 474/1747/744 948/1726/787 839/1761/759
f 759/3397/986 769/3440/966 671/3422/458
f 800/650/800 759/669/986 683/651/447
f 616/2571/793 902/2627/763 660/2614/707
f 866/2442/1259 533/2441/364 615/2479/559
f 833/1545/708 528/1535/703 742/1553/742
f 606/339/837 1077/336/832 741/349/752
f 588/2010/311 819/1904/818 517/1960/275
f 728/2414/522 710/2399/898 772/2370/373
f 744/2357/824 711/2336/621 686/2311/650
f 754/2363/1071 744/2357/824 686/2311/650
f 712/1913/749 706/1910/596 752/1935/490
f 783/1947/857 752/1935/490 662/1892/765
f 697/2261/834 676/2248/750 747/2295/537
f 747/2295/537 745/2296/577 697/2261/834
f 745/2296/577 732/2284/921 697/2261/834
f 857/1993/479 652/1895/841 787/1963/777
f 651/2232/833 758/2303/756 667/2238/675
f 731/2288/747 667/2238/675 758/2303/756
f 820/1979/799 705/1922/731 689/1915/695
f 707/2275/741 830/2353/1213 605/2223/269
f 605/2223/269 830/2353/1213 788/2332/636
f 605/2223/269 788/2332/636 579/2215/263
f 719/1937/775 774/1961/1196 679/1919/306
f 773/3118/802 480/3087/730 1319/3085/916
f 900/393/881 862/358/1037 593/357/456
f 687/704/719 619/672/982 821/770/325
f 711/423/621 748/398/308 713/422/1002
f 740/1934/629 699/1909/693 694/1911/866
f 781/1948/1170 694/1911/866 607/1871/994
f 516/1836/445 771/1945/656 575/1857/639
f 788/1574/636 636/1583/507 579/1578/263
f 751/758/1189 636/757/507 794/817/951
f 931/395/762 435/296/705 856/197/746
f 786/815/754 664/806/797 681/748/757
f 725/835/905 664/806/797 786/815/754
f 761/58/950 692/111/696 716/49/476
f 789/304/578 727/335/735 775/311/826
f 701/354/854 1122/225/684 709/347/1276
f 1277/1598/875 691/1564/761 642/1597/722
f 1077/1075/832 606/1060/837 817/1108/407
f 819/1904/818 780/1851/995 639/1873/566
f 780/1851/995 764/1841/840 639/1873/566
f 639/1873/566 764/1841/840 702/1835/1150
f 764/2230/840 620/2229/593 702/2204/1150
f 756/545/1346 760/535/937 620/492/593
f 799/771/499 569/660/767 721/719/748
f 777/389/200 713/422/1002 748/398/308
f 777/1986/200 729/1985/602 713/2013/1002
f 772/2370/373 710/2399/898 791/2305/485
f 674/2237/782 715/2265/760 847/2339/895
f 753/2294/554 749/2292/558 700/2257/607
f 740/1934/629 694/1911/866 781/1948/1170
f 516/1836/445 889/2000/1045 771/1945/656
f 787/1963/777 652/1895/841 705/1922/731
f 746/2297/798 758/2303/756 802/2318/683
f 731/2288/747 758/2303/756 746/2297/798
f 707/2275/741 746/2297/798 924/2379/481
f 794/1594/951 636/1583/507 788/1574/636
f 679/1919/306 774/1961/1196 643/1898/471
f 751/364/1189 774/408/1196 719/360/775
f 767/1059/1038 761/1083/950 726/1084/1069
f 863/270/868 822/281/830 675/368/682
f 703/273/919 718/282/673 986/385/492
f 709/279/1276 762/310/563 739/300/971
f 1319/932/916 480/919/730 839/959/759
f 860/352/1127 811/334/889 532/213/533
f 813/340/666 685/261/739 543/217/468
f 1277/1598/875 642/1597/722 1222/1612/805
f 616/563/793 696/578/642 836/564/617
f 704/2174/831 809/2090/1316 622/2089/187
f 668/1793/501 702/1835/1150 765/1775/498
f 554/2165/83 765/2164/498 702/2204/1150
f 989/1800/1278 765/1775/498 554/1847/83
f 711/2336/621 744/2357/824 748/2361/308
f 791/2305/485 657/2253/969 804/2200/448
f 736/1923/704 854/1968/941 690/1900/753
f 753/2294/554 737/2286/670 810/2315/853
f 752/1935/490 816/1956/891 712/1913/749
f 766/1942/503 699/1909/693 740/1934/629
f 790/2310/535 613/2208/927 732/2284/921
f 758/2303/756 651/2232/833 849/2347/510
f 787/1963/777 705/1922/731 820/1979/799
f 689/1915/695 535/1852/657 770/1955/817
f 859/272/590 675/368/682 688/366/515
f 782/3001/647 725/3047/905 786/3063/754
f 678/258/1072 762/310/563 688/262/515
f 795/3382/1436 708/3336/977 599/3348/681
f 836/564/617 696/578/642 738/588/848
f 680/1211/801 861/1199/643 717/1221/828
f 836/2602/617 902/2627/763 616/2571/793
f 780/541/995 760/535/937 756/545/1346
f 764/554/840 780/541/995 756/545/1346
f 668/653/501 765/649/498 620/724/593
f 764/620/840 668/682/501 620/621/593
f 764/433/840 554/434/83 668/387/501
f 989/2611/1278 764/2612/840 765/2520/498
f 776/2274/1235 784/2252/960 581/2251/405
f 715/2265/760 583/2190/484 837/2325/955
f 816/1956/891 890/1981/1012 736/1923/704
f 747/3360/537 676/3311/750 828/3310/930
f 781/1948/1170 607/1871/994 771/1945/656
f 802/2318/683 758/2303/756 886/2355/358
f 807/1982/1006 643/1898/471 774/1961/1196
f 692/111/696 761/58/950 988/69/599
f 762/310/563 859/353/590 688/262/515
f 1122/225/684 859/272/590 709/347/1276
f 859/272/590 762/318/563 709/347/1276
f 739/300/971 860/352/1127 723/286/888
f 708/3383/977 795/3339/1436 649/3338/553
f 808/1997/932 800/2012/800 769/1996/966
f 769/3440/966 759/3397/986 798/3389/491
f 800/650/800 798/656/491 759/669/986
f 1075/3095/717 912/3127/727 684/3096/804
f 756/2485/1346 796/2469/653 764/2486/840
f 796/2469/653 765/2522/498 764/2486/840
f 554/2634/83 764/2600/840 882/2633/1129
f 620/2523/593 873/2438/957 756/2485/1346
f 765/649/498 882/681/1129 620/724/593
f 989/2609/1278 882/2633/1129 764/2600/840
f 821/2869/325 619/2868/982 803/2923/438
f 748/1714/308 805/1687/217 777/1641/200
f 793/1498/1048 744/1524/824 754/1525/1071
f 776/597/1235 720/607/858 784/608/960
f 754/2363/1071 778/2374/980 793/2390/1048
f 854/1968/941 693/1899/790 690/1900/753
f 736/1923/704 890/1981/1012 854/1968/941
f 824/2322/897 812/2316/509 753/2294/554
f 753/2294/554 812/2316/509 749/2292/558
f 750/2293/825 749/2292/558 812/2316/509
f 827/1969/915 783/1947/857 698/1908/783
f 698/944/783 766/962/503 827/948/915
f 870/2350/1018 556/2192/514 790/2310/535
f 556/2192/514 849/2347/510 651/2232/833
f 770/1955/817 935/2035/624 689/1915/695
f 707/2275/741 924/2379/481 869/2362/1183
f 707/2275/741 869/2362/1183 830/2353/1213
f 770/1955/817 603/1884/228 801/1976/985
f 1090/229/736 735/333/547 641/392/10
f 703/273/919 921/374/784 678/258/1072
f 722/285/792 834/344/328 789/329/578
f 785/3236/803 811/3187/889 823/3234/1046
f 927/375/861 860/352/1127 739/300/971
f 808/662/932 769/663/966 798/656/491
f 891/2463/1318 866/2442/1259 615/2479/559
f 734/293/688 861/355/643 680/259/801
f 809/751/1316 704/752/831 695/741/480
f 756/2485/1346 873/2438/957 796/2469/653
f 796/2456/653 873/2446/957 780/2445/995
f 760/2514/937 780/2521/995 873/2515/957
f 796/2469/653 882/2472/1129 765/2522/498
f 554/1777/83 882/1776/1129 796/1803/653
f 797/2759/338 720/2762/858 728/2687/522
f 729/1645/602 777/1641/200 895/1600/287
f 792/2689/207 728/2640/522 772/2684/373
f 720/593/858 797/630/338 855/647/652
f 804/1572/448 729/1645/602 895/1600/287
f 793/2390/1048 814/2408/892 744/2357/824
f 720/593/858 855/647/652 784/625/960
f 837/1092/955 583/949/484 784/1063/960
f 715/2265/760 837/2325/955 847/2339/895
f 753/2294/554 810/2315/853 824/2322/897
f 827/1969/915 766/1942/503 740/1934/629
f 740/1934/629 826/1974/949 827/1969/915
f 781/819/1170 826/808/949 740/807/629
f 745/2296/577 825/2330/813 732/2284/921
f 870/2350/1018 790/2310/535 825/2330/813
f 875/2002/418 820/1979/799 689/1915/695
f 751/364/1189 794/359/951 774/408/1196
f 856/197/746 692/111/696 988/69/599
f 835/2033/625 761/2055/950 767/2023/1038
f 835/2605/625 767/2610/1038 773/2562/802
f 727/335/735 1189/208/672 834/280/328
f 1044/396/827 739/300/971 762/310/563
f 874/363/659 1165/421/523 724/287/676
f 813/340/666 950/379/623 685/261/739
f 660/3216/707 1144/3251/532 815/3260/710
f 871/652/745 798/656/491 800/650/800
f 808/662/932 798/656/491 871/652/745
f 902/3215/763 1144/3251/532 660/3216/707
f 780/1851/995 872/1855/1026 796/1839/653
f 805/1687/217 842/1630/232 777/1641/200
f 792/2679/207 797/2759/338 728/2687/522
f 748/2361/308 818/2409/543 805/2404/217
f 783/1947/857 831/1965/588 752/1935/490
f 828/2331/930 825/2330/813 747/2295/537
f 825/2330/813 745/2296/577 747/2295/537
f 825/2330/813 790/2310/535 732/2284/921
f 826/1974/949 781/1948/1170 771/1945/656
f 826/1974/949 771/1945/656 889/2000/1045
f 864/2348/413 802/2318/683 886/2355/358
f 801/1976/985 883/2006/1193 770/1955/817
f 801/1976/985 807/1982/1006 845/1999/1074
f 844/2356/1138 788/2332/636 830/2353/1213
f 788/1574/636 844/1579/1138 794/1594/951
f 1302/713/732 681/748/757 654/685/734
f 988/2046/599 761/2055/950 835/2033/625
f 782/3001/647 786/3063/754 858/3007/466
f 641/2519/10 735/2528/547 939/2564/701
f 762/310/563 678/258/1072 921/374/784
f 724/287/676 1165/421/523 718/282/673
f 888/3301/865 813/3257/666 560/3271/570
f 948/970/787 682/966/712 912/1007/727
f 851/2344/342 1077/2327/832 817/2326/407
f 862/2011/1037 1081/1954/1370 588/2010/311
f 873/533/957 900/393/881 760/535/937
f 799/2328/499 846/2307/150 817/2358/407
f 799/771/499 721/719/748 909/809/768
f 853/2775/326 797/2759/338 829/2723/63
f 829/2723/63 797/2759/338 792/2679/207
f 878/2741/292 792/2689/207 772/2684/373
f 818/2409/543 748/2361/308 744/2357/824
f 778/1115/980 592/998/539 876/1153/988
f 879/1970/1024 876/1967/988 693/1899/790
f 854/1968/941 879/1970/1024 693/1899/790
f 768/2298/779 810/2315/853 737/2286/670
f 831/1965/588 816/1956/891 752/1935/490
f 958/2391/1285 870/2350/1018 825/2330/813
f 801/1976/985 845/1999/1074 832/1990/1359
f 774/408/1196 794/359/951 807/457/1006
f 1287/2598/419 939/2564/701 735/2528/547
f 1124/2081/513 835/2064/625 773/2067/802
f 939/2564/701 1090/2588/736 641/2519/10
f 785/306/803 1122/225/684 701/354/854
f 1125/411/619 789/329/578 834/344/328
f 823/342/1046 834/344/328 785/328/803
f 921/374/784 1044/396/827 762/310/563
f 919/3380/862 850/3424/1032 811/3407/889
f 1188/2935/313 734/2893/688 557/2941/879
f 780/1851/995 819/1904/818 872/1855/1026
f 838/2721/159 803/2690/438 884/2748/576
f 882/681/1129 873/723/957 620/724/593
f 821/2678/325 803/2690/438 838/2721/159
f 821/2678/325 838/2721/159 843/2695/156
f 846/1580/150 840/1628/134 851/1599/342
f 840/1628/134 848/1664/277 851/1599/342
f 838/2721/159 829/2723/63 843/2695/156
f 853/2775/326 829/2723/63 838/2721/159
f 840/1628/134 805/1687/217 848/1664/277
f 840/1628/134 842/1630/232 805/1687/217
f 777/1641/200 842/1630/232 895/1600/287
f 744/2357/824 814/2408/892 818/2409/543
f 784/625/960 855/647/652 915/667/922
f 911/2451/991 793/2390/1048 778/2374/980
f 750/2293/825 812/2316/509 907/2360/354
f 750/2293/825 907/2360/354 828/2331/930
f 556/2192/514 870/2350/1018 849/2347/510
f 887/2003/417 787/1963/777 820/1979/799
f 935/2035/624 875/2002/418 689/1915/695
f 906/2018/1220 935/2035/624 770/1955/817
f 852/1413/1424 832/1418/1359 845/1431/1074
f 852/1413/1424 830/1312/1213 832/1418/1359
f 852/451/1424 807/457/1006 794/359/951
f 794/1594/951 844/1579/1138 852/1715/1424
f 1003/833/870 964/844/518 786/815/754
f 859/272/590 1237/191/1067 675/368/682
f 1237/191/1067 863/270/868 675/368/682
f 986/385/492 921/374/784 703/273/919
f 1132/415/838 888/367/865 733/292/769
f 811/3187/889 850/3195/1032 823/3234/1046
f 850/1677/1032 860/1681/1127 823/1697/1046
f 841/2492/162 885/2493/497 867/2508/404
f 808/1997/932 1252/2004/457 800/2012/800
f 871/1748/745 800/1757/800 1252/1758/457
f 1075/1024/717 684/1017/804 741/1048/752
f 796/1839/653 989/1800/1278 554/1847/83
f 817/1573/407 846/1580/150 851/1599/342
f 1041/840/408 721/719/748 932/805/845
f 884/2748/576 892/2782/711 838/2721/159
f 868/2699/350 843/2695/156 829/2723/63
f 868/2699/350 829/2723/63 792/2679/207
f 925/2457/1092 805/2404/217 818/2409/543
f 797/630/338 853/645/326 855/647/652
f 903/2306/258 772/2370/373 791/2305/485
f 933/2267/300 903/2306/258 791/2305/485
f 911/2451/991 814/2408/892 793/2390/1048
f 1099/698/1094 784/625/960 915/667/922
f 768/2298/779 949/2373/1132 810/2315/853
f 824/2322/897 810/2315/853 893/2352/993
f 865/2346/598 812/2316/509 824/2322/897
f 865/2346/598 894/2354/402 812/2316/509
f 877/1983/482 831/1965/588 880/1984/406
f 880/1984/406 831/1965/588 783/1947/857
f 908/2009/1042 889/2000/1045 516/1836/445
f 849/2347/510 886/2355/358 758/2303/756
f 887/2003/417 857/1993/479 787/1963/777
f 875/2002/418 887/2003/417 820/1979/799
f 746/2297/798 864/2348/413 924/2379/481
f 883/2006/1193 906/2018/1220 770/1955/817
f 801/1976/985 832/1990/1359 883/2006/1193
f 852/1413/1424 844/1313/1138 830/1312/1213
f 807/1621/1006 852/1622/1424 845/1609/1074
f 789/304/578 1189/208/672 727/335/735
f 1268/164/876 763/312/715 1258/178/816
f 823/2038/1046 860/2024/1127 927/2037/861
f 1132/3064/838 733/3078/769 763/3102/715
f 926/445/814 919/459/862 811/453/889
f 926/2871/814 860/2870/1127 850/2906/1032
f 811/334/889 860/352/1127 926/373/814
f 1232/1988/778 1252/2004/457 808/1997/932
f 1289/3139/899 742/3109/742 691/3138/761
f 1081/1954/1370 819/1904/818 588/2010/311
f 1048/1889/1356 872/1855/1026 819/1904/818
f 821/2641/325 896/2685/616 932/2696/845
f 821/2641/325 843/2657/156 896/2685/616
f 843/2657/156 868/2712/350 896/2685/616
f 846/2749/150 897/2777/638 840/2727/134
f 897/2777/638 920/2771/414 840/2727/134
f 842/2714/232 840/2727/134 920/2771/414
f 853/645/326 838/646/159 892/657/711
f 805/2404/217 925/2457/1092 848/2422/277
f 954/2774/299 868/2712/350 792/2689/207
f 878/2741/292 954/2774/299 792/2689/207
f 925/2457/1092 818/2409/543 814/2408/892
f 910/1429/242 804/1447/448 895/1448/287
f 910/3369/242 905/3433/132 804/3434/448
f 959/2203/334 791/2305/485 804/2200/448
f 1016/1144/1135 837/1092/955 1099/1155/1094
f 1099/1155/1094 837/1092/955 784/1063/960
f 879/1970/1024 1062/2027/1202 876/1967/988
f 768/2298/779 847/2339/895 949/2373/1132
f 810/2315/853 949/2373/1132 893/2352/993
f 824/2322/897 893/2352/993 865/2346/598
f 783/1947/857 898/1995/344 880/1984/406
f 898/1995/344 783/1947/857 827/1969/915
f 825/2330/813 938/2375/1163 958/2391/1285
f 746/2297/798 802/2318/683 864/2348/413
f 830/1312/1213 869/1295/1183 883/1444/1193
f 832/1418/1359 830/1312/1213 883/1444/1193
f 822/281/830 863/270/868 1039/235/1011
f 822/281/830 1194/204/678 779/307/773
f 1110/406/612 966/384/120 1083/403/74
f 1289/1570/899 691/1564/761 1277/1598/875
f 861/1199/643 1152/1208/573 717/1221/828
f 871/652/745 1232/668/778 808/662/932
f 1077/2494/832 851/2433/342 929/2460/877
f 873/1866/957 989/1800/1278 872/1855/1026
f 872/1855/1026 989/1800/1278 796/1839/653
f 721/719/748 687/704/719 932/805/845
f 687/704/719 821/770/325 932/805/845
f 846/2749/150 799/2713/499 909/2791/768
f 846/2749/150 909/2791/768 897/2777/638
f 851/2433/342 848/2422/277 929/2460/877
f 929/2460/877 848/2422/277 925/2457/1092
f 918/2744/863 868/2712/350 954/2774/299
f 895/2724/287 842/2714/232 996/2792/227
f 903/1500/258 878/1530/292 772/1528/373
f 923/2454/973 925/2457/1092 814/2408/892
f 881/945/293 903/964/258 933/946/300
f 911/2451/991 923/2454/973 814/2408/892
f 837/3409/955 1004/3476/1248 1054/3410/1244
f 1054/2403/1244 940/2371/1161 837/2325/955
f 847/2339/895 837/2325/955 940/2371/1161
f 955/2015/679 831/1965/588 877/1983/482
f 941/2921/379 955/2851/679 877/2843/482
f 812/862/509 894/826/402 922/861/343
f 812/2532/509 922/2581/343 907/2582/354
f 828/2331/930 907/2360/354 956/2384/1222
f 1008/2400/1293 938/2375/1163 828/2331/930
f 826/1974/949 914/2008/1152 827/1969/915
f 938/2375/1163 825/2330/813 828/2331/930
f 889/495/1045 914/496/1152 826/467/949
f 1002/2044/967 908/2009/1042 857/1993/479
f 870/2350/1018 985/2392/908 849/2347/510
f 875/2002/418 1015/2053/686 887/2003/417
f 786/3063/754 964/3067/518 858/3007/466
f 1237/191/1067 1173/215/847 863/270/868
f 822/281/830 1039/235/1011 1194/204/678
f 755/1663/751 782/1682/647 858/1705/466
f 789/3361/578 1125/3362/619 1071/3319/525
f 1068/400/641 986/385/492 718/282/673
f 1132/3064/838 763/3102/715 1268/3097/876
f 1165/421/523 1068/400/641 718/282/673
f 873/533/957 872/539/1026 1048/504/1356
f 918/2744/863 896/2685/616 868/2712/350
f 853/645/326 892/657/711 936/675/1060
f 855/647/652 853/645/326 936/675/1060
f 947/351/265 881/338/293 933/337/300
f 804/2219/448 905/2218/132 937/2202/423
f 933/2267/300 791/2305/485 959/2203/334
f 778/1115/980 876/1153/988 911/1172/991
f 1016/3066/1135 1004/2953/1248 837/3065/955
f 1063/2030/1239 1062/2027/1202 879/1970/1024
f 847/2339/895 940/2371/1161 930/2365/1103
f 1022/2026/1253 879/1970/1024 854/1968/941
f 1026/2029/1201 1022/2026/1253 854/1968/941
f 847/2339/895 930/2365/1103 949/2373/1132
f 816/1398/891 994/1397/1229 890/1410/1012
f 994/2019/1229 816/1956/891 831/1965/588
f 994/2019/1229 831/1965/588 982/2016/1265
f 982/2016/1265 831/1965/588 955/2015/679
f 865/2346/598 893/2352/993 973/2376/583
f 865/1719/598 944/1673/426 894/1742/402
f 877/2843/482 970/2939/453 941/2921/379
f 970/2939/453 877/2843/482 880/2859/406
f 970/2939/453 880/2859/406 913/2931/229
f 913/2931/229 880/2859/406 898/2846/344
f 907/1135/354 922/1170/343 904/1164/92
f 913/2931/229 898/2846/344 899/2900/77
f 963/2025/1266 898/1995/344 827/1969/915
f 827/1969/915 914/2008/1152 963/2025/1266
f 956/2384/1222 1008/2400/1293 828/2331/930
f 1005/3141/1224 914/3083/1152 889/3082/1045
f 958/2391/1285 976/2397/1360 870/2350/1018
f 1002/425/967 857/439/479 1028/449/912
f 961/1732/439 886/1686/358 849/1667/510
f 961/1732/439 864/1691/413 886/1686/358
f 991/1737/605 942/1718/316 864/1691/413
f 875/595/418 935/618/624 928/596/178
f 924/1668/481 864/1691/413 942/1718/316
f 1010/1286/1296 883/1444/1193 869/1295/1183
f 1302/713/732 786/815/754 681/748/757
f 1189/208/672 1122/225/684 834/280/328
f 834/280/328 1122/225/684 785/306/803
f 1110/406/612 1135/416/946 966/384/120
f 1119/575/167 836/564/617 738/588/848
f 990/734/662 743/825/1 1013/691/12
f 1036/2537/622 1013/2530/12 743/2436/1
f 1075/1024/717 741/1048/752 1196/1057/626
f 861/355/643 734/293/688 1235/450/614
f 917/1506/694 962/1465/1122 884/1490/576
f 1081/402/1370 862/358/1037 900/393/881
f 934/680/1177 884/658/576 962/687/1122
f 897/2777/638 909/2791/768 951/2821/856
f 892/657/711 884/658/576 934/680/1177
f 934/680/1177 936/675/1060 892/657/711
f 842/2714/232 920/2771/414 996/2792/227
f 915/667/922 855/647/652 936/675/1060
f 903/2856/258 881/2904/293 947/2857/265
f 905/2218/132 972/2206/204 937/2202/423
f 967/2556/175 903/2555/258 947/2583/265
f 804/2200/448 937/2162/423 959/2203/334
f 980/2385/1277 893/2352/993 949/2373/1132
f 893/2352/993 980/2385/1277 973/2376/583
f 944/1673/426 865/1719/598 973/1669/583
f 922/1741/343 894/1742/402 944/1673/426
f 1018/1189/667 904/1164/92 922/1170/343
f 899/2900/77 898/2846/344 963/2830/1266
f 907/1135/354 904/1164/92 956/1129/1222
f 908/2009/1042 971/2036/1306 889/2000/1045
f 870/248/1018 976/239/1360 985/247/908
f 961/2377/439 849/2347/510 985/2392/908
f 1006/2049/618 1028/2052/912 857/1993/479
f 1006/2049/618 857/1993/479 887/2003/417
f 961/1732/439 991/1737/605 864/1691/413
f 1015/2053/686 875/2002/418 928/2034/178
f 924/1668/481 942/1718/316 957/1696/291
f 883/1444/1193 978/1390/1344 906/1450/1220
f 869/1295/1183 924/1273/481 1010/1286/1296
f 988/69/599 835/64/625 1130/42/536
f 1003/833/870 786/815/754 1351/791/733
f 1173/584/847 1039/574/1011 863/583/868
f 986/385/492 1068/400/641 1126/412/555
f 685/261/739 950/379/623 874/363/659
f 926/3411/814 850/3453/1032 1174/3454/1425
f 990/734/662 1055/814/59 743/825/1
f 1036/2537/622 743/2436/1 1055/2545/59
f 861/355/643 1235/450/614 1152/420/573
f 1196/348/626 741/349/752 1077/336/832
f 1077/47/832 929/10/877 1084/27/904
f 819/1904/818 1081/1954/1370 1048/1889/1356
f 909/809/768 721/719/748 1041/840/408
f 1031/2842/393 951/2821/856 909/2791/768
f 896/2685/616 960/2732/846 932/2696/845
f 918/2744/863 960/2732/846 896/2685/616
f 929/3135/877 952/3163/1171 975/3180/1182
f 918/2744/863 984/2773/472 960/2732/846
f 897/2777/638 951/2821/856 969/2805/630
f 897/2777/638 969/2805/630 920/2771/414
f 954/2774/299 984/2773/472 918/2744/863
f 952/3163/1171 929/3135/877 925/3134/1092
f 903/1500/258 967/1504/175 878/1530/292
f 996/1292/227 946/1328/145 895/1303/287
f 910/1329/242 895/1303/287 946/1328/145
f 910/1606/242 981/1617/119 905/1618/132
f 972/2693/204 981/2702/119 910/2694/242
f 946/1328/145 972/1357/204 910/1329/242
f 937/2781/423 972/2823/204 946/2818/145
f 959/1383/334 937/1344/423 981/1350/119
f 1074/2211/195 933/2267/300 959/2203/334
f 1016/1144/1135 1099/1155/1094 1205/1196/1233
f 930/2365/1103 940/2371/1161 1091/2412/1339
f 913/1073/229 899/1066/77 1037/1100/661
f 1032/1183/772 956/1129/1222 904/1164/92
f 899/2900/77 943/2879/125 1037/2938/661
f 904/1164/92 1024/1190/786 1032/1183/772
f 997/2718/1330 1000/2719/1419 916/2683/1423
f 1005/1259/1224 889/1254/1045 971/1238/1306
f 908/2009/1042 983/2039/1348 971/2036/1306
f 961/2377/439 985/2392/908 1134/2421/1111
f 887/2003/417 1015/2053/686 1006/2049/618
f 883/1444/1193 1010/1286/1296 978/1390/1344
f 1044/396/827 927/375/861 739/300/971
f 1125/3362/619 1303/3322/312 1071/3319/525
f 919/3380/862 1174/3423/1425 850/3424/1032
f 815/673/710 1137/628/592 738/711/848
f 717/1932/828 1188/1785/313 557/2014/879
f 815/673/710 1144/619/532 1137/628/592
f 738/711/848 1137/628/592 1119/637/167
f 1095/1464/893 962/1465/1122 917/1506/694
f 1081/402/1370 900/393/881 873/533/957
f 1048/504/1356 1081/402/1370 873/533/957
f 989/697/1278 873/723/957 882/681/1129
f 975/2466/1182 1084/2496/904 929/2460/877
f 1031/842/393 909/809/768 1041/840/408
f 968/3353/1227 934/3406/1177 962/3359/1122
f 1009/2730/478 932/2696/845 960/2732/846
f 1108/2497/1133 1084/2496/904 975/2466/1182
f 934/3406/1177 968/3353/1227 987/3352/1162
f 936/675/1060 934/680/1177 987/689/1162
f 969/1250/630 1045/1266/206 920/1260/414
f 974/1944/1175 936/1949/1060 987/1950/1162
f 1045/1266/206 996/1292/227 920/1260/414
f 952/3163/1171 925/3134/1092 923/3147/973
f 936/675/1060 974/684/1175 1059/696/1160
f 915/667/922 936/675/1060 1059/696/1160
f 905/1342/132 946/1328/145 1086/1363/67
f 1086/2220/67 972/2206/204 905/2218/132
f 1085/1452/94 967/1504/175 945/1459/124
f 946/1596/145 905/1575/132 981/1585/119
f 945/1459/124 967/1504/175 947/1472/265
f 981/1350/119 937/1344/423 946/1328/145
f 959/1383/334 981/1350/119 972/1357/204
f 933/1445/300 945/1459/124 947/1472/265
f 1040/2475/1117 923/2454/973 911/2451/991
f 949/2373/1132 930/2365/1103 1112/2417/1283
f 1026/2029/1201 854/1968/941 890/1981/1012
f 955/1563/679 1070/1539/1269 982/1529/1265
f 973/2376/583 980/2385/1277 1073/2407/1289
f 1088/1101/1014 970/1080/453 913/1073/229
f 904/1164/92 1018/1189/667 1024/1190/786
f 943/2986/125 963/2979/1266 1056/3033/959
f 943/2879/125 899/2900/77 963/2830/1266
f 1012/1507/1317 963/1526/1266 914/1527/1152
f 997/1401/1330 999/1438/1329 965/1432/1372
f 916/1382/1423 995/1370/1353 997/1401/1330
f 1001/1323/1439 1066/1318/1400 995/1370/1353
f 998/1371/1428 1001/1323/1439 995/1370/1353
f 1005/3141/1224 1012/3111/1317 914/3083/1152
f 998/2480/1428 995/2481/1353 916/2461/1423
f 1029/1321/1375 971/1480/1306 953/1338/1383
f 958/1279/1285 938/1249/1163 1060/1285/1369
f 977/1356/1451 953/1338/1383 971/1480/1306
f 977/1356/1451 958/1279/1285 953/1338/1383
f 976/1275/1360 958/1279/1285 977/1356/1451
f 983/1488/1348 977/1356/1451 971/1480/1306
f 992/1296/1337 976/1275/1360 977/1356/1451
f 993/1449/1343 977/1356/1451 983/1488/1348
f 993/1449/1343 979/1405/1430 977/1356/1451
f 908/2811/1042 1002/2812/967 983/2767/1348
f 979/1405/1430 992/1296/1337 977/1356/1451
f 1021/1353/1422 992/1296/1337 979/1405/1430
f 991/2387/605 961/2377/439 1141/2424/1208
f 928/2034/178 1106/2068/1203 1015/2053/686
f 906/1450/1220 978/1390/1344 935/1476/624
f 1010/2822/1296 924/2785/481 957/2807/291
f 928/2034/178 1014/2057/685 1106/2068/1203
f 1072/616/1086 928/596/178 935/618/624
f 1072/616/1086 1014/600/685 928/596/178
f 942/1718/316 1023/1717/850 957/1696/291
f 1351/791/733 786/815/754 1302/713/732
f 1116/3302/882 813/3257/666 888/3301/865
f 1328/1729/938 839/1761/759 948/1726/787
f 836/2602/617 1167/2621/1091 902/2627/763
f 1292/343/883 1196/348/626 1077/336/832
f 1093/847/225 932/805/845 1076/838/289
f 1076/838/289 932/805/845 1009/828/478
f 951/2821/856 1064/2841/278 969/2805/630
f 1127/1554/106 984/1590/472 954/1565/299
f 1108/2497/1133 975/2466/1182 952/2462/1171
f 974/684/1175 987/689/1162 1107/705/1148
f 967/1504/175 954/1565/299 878/1530/292
f 1107/705/1148 1059/696/1160 974/684/1175
f 1040/2475/1117 952/2462/1171 923/2454/973
f 1085/234/94 945/218/124 1074/233/195
f 959/1383/334 972/1357/204 1074/1407/195
f 1074/1407/195 945/1459/124 933/1445/300
f 1067/3414/1331 1063/3479/1239 879/3415/1024
f 1067/2032/1331 879/1970/1024 1022/2026/1253
f 1091/2412/1339 1112/2417/1283 930/2365/1103
f 980/1264/1277 1020/1278/1364 1073/1253/1289
f 913/1073/229 1037/1100/661 1088/1101/1014
f 1080/1385/1342 997/1401/1330 995/1370/1353
f 1032/1040/772 1089/1039/1108 956/1010/1222
f 943/2879/125 1042/2905/758 1037/2938/661
f 1000/1400/1419 997/1401/1330 965/1432/1372
f 1060/1285/1369 938/1249/1163 1008/1271/1293
f 998/1371/1428 916/1382/1423 1000/1400/1419
f 1007/1433/1365 1000/1400/1419 965/1432/1372
f 1029/1321/1375 998/1371/1428 1000/1400/1419
f 1007/1433/1365 1029/1321/1375 1000/1400/1419
f 1029/1321/1375 1001/1323/1439 998/1371/1428
f 1035/1435/1354 971/1480/1306 1029/1321/1375
f 1060/1285/1369 1029/1321/1375 958/1279/1285
f 971/1480/1306 1035/1435/1354 1005/1505/1224
f 953/1338/1383 958/1279/1285 1029/1321/1375
f 983/1562/1348 1182/1495/1351 993/1538/1343
f 1069/1460/1321 979/1405/1430 993/1449/1343
f 1049/1373/1415 1021/1353/1422 1038/1392/1429
f 1049/1373/1415 1043/1408/1411 978/1390/1344
f 1010/1286/1296 1049/1373/1415 978/1390/1344
f 1302/713/732 654/685/734 931/395/762
f 1288/3018/926 858/3007/466 964/3067/518
f 823/342/1046 1125/411/619 834/344/328
f 1204/441/489 874/363/659 950/379/623
f 1276/485/658 1116/407/882 888/367/865
f 1083/54/74 966/63/120 1184/8/1333
f 1132/415/838 1276/485/658 888/367/865
f 1188/2935/313 1235/2894/614 734/2893/688
f 1119/2603/167 1167/2621/1091 836/2602/617
f 1147/2572/885 1013/2530/12 1036/2537/622
f 1041/840/408 932/805/845 1093/847/225
f 1064/2841/278 951/2821/856 1031/2842/393
f 1078/2772/255 1076/2751/289 1009/2730/478
f 1078/2772/255 1009/2730/478 960/2732/846
f 984/2773/472 1078/2772/255 960/2732/846
f 969/1250/630 1064/1257/278 1045/1266/206
f 984/1590/472 1127/1554/106 1078/1581/255
f 1045/1266/206 1131/1314/56 996/1292/227
f 1086/1363/67 996/1292/227 1131/1314/56
f 1128/1518/62 954/1565/299 967/1504/175
f 1096/1474/22 1128/1518/62 967/1504/175
f 1086/1363/67 946/1328/145 996/1292/227
f 952/2462/1171 1040/2475/1117 1108/2497/1133
f 1040/2475/1117 911/2451/991 1177/2505/1211
f 1121/2146/1204 1004/2092/1248 1016/2150/1135
f 1062/1531/1202 1063/1544/1239 1120/1479/1448
f 940/976/1161 1054/993/1244 1118/977/1420
f 1091/1283/1339 940/1262/1161 1118/1310/1420
f 1117/2047/1322 1026/2029/1201 890/1981/1012
f 1117/2047/1322 890/1981/1012 994/2019/1229
f 1112/3345/1283 1052/3282/1377 949/3281/1132
f 982/1529/1265 1065/1477/1379 994/1532/1229
f 1065/1477/1379 1027/1384/1449 1047/1388/1403
f 982/1529/1265 1017/1515/1350 1065/1477/1379
f 1052/1311/1377 980/1264/1277 949/1248/1132
f 1025/1343/1432 1052/1311/1377 1047/1388/1403
f 1017/1515/1350 982/1529/1265 1070/1539/1269
f 1020/1278/1364 980/1264/1277 1052/1311/1377
f 1027/1384/1449 1065/1477/1379 1061/1466/1455
f 1020/1278/1364 1052/1311/1377 1053/1305/1458
f 1017/1515/1350 1061/1466/1455 1065/1477/1379
f 1033/1406/1435 1027/1384/1449 1061/1466/1455
f 941/1067/379 1160/1111/1200 955/1068/679
f 1027/1384/1449 1025/1343/1432 1047/1388/1403
f 1061/1466/1455 1017/1515/1350 1030/1514/1308
f 1030/3004/1308 1017/2990/1350 1136/3059/1166
f 1019/1274/1334 1020/1278/1364 1053/1305/1458
f 1033/1406/1435 1061/1466/1455 1094/1451/1437
f 1018/1386/667 922/1374/343 1156/1417/1231
f 1114/1324/1427 1053/1305/1458 1025/1343/1432
f 1101/1396/1445 1027/1384/1449 1033/1406/1435
f 963/1526/1266 1094/1451/1437 1030/1514/1308
f 1166/1054/1254 956/1010/1222 1089/1039/1108
f 999/1438/1329 997/1401/1330 1080/1385/1342
f 1008/1271/1293 1066/1318/1400 1060/1285/1369
f 1042/3045/758 943/2986/125 1056/3033/959
f 1007/1433/1365 965/1432/1372 1079/1443/1401
f 1079/399/1401 1035/391/1354 1007/390/1365
f 1029/1321/1375 1007/1433/1365 1035/1435/1354
f 1029/1321/1375 1060/1285/1369 1001/1323/1439
f 979/1405/1430 1038/1392/1429 1021/1353/1422
f 992/1296/1337 1021/1353/1422 1046/1330/1454
f 1069/1460/1321 1038/1392/1429 979/1405/1430
f 1058/1290/1313 992/1296/1337 1046/1330/1454
f 1043/1408/1411 1038/1392/1429 1069/1460/1321
f 1069/1460/1321 1034/1454/1367 1043/1408/1411
f 1049/1373/1415 1038/1392/1429 1043/1408/1411
f 1049/1373/1415 1046/1330/1454 1021/1353/1422
f 1057/1461/1294 1043/1408/1411 1034/1454/1367
f 1010/1286/1296 1058/1290/1313 1046/1330/1454
f 1049/1373/1415 1010/1286/1296 1046/1330/1454
f 935/1476/624 978/1390/1344 1057/1461/1294
f 978/1390/1344 1043/1408/1411 1057/1461/1294
f 935/1065/624 1057/1082/1294 1072/1098/1086
f 942/2378/316 991/2387/605 1123/2425/1320
f 1123/2860/1320 1010/2822/1296 957/2807/291
f 942/2378/316 1123/2425/1320 1023/2406/850
f 1023/2840/850 1123/2860/1320 957/2807/291
f 1130/2065/536 835/2064/625 1124/2081/513
f 1247/460/1275 921/374/784 986/385/492
f 874/363/659 1204/441/489 1165/421/523
f 1184/8/1333 966/63/120 1135/18/946
f 950/2649/623 1254/2648/595 1204/2670/489
f 1256/472/441 1254/470/595 950/379/623
f 813/340/666 1256/472/441 950/379/623
f 1150/638/1165 1013/691/12 1051/661/116
f 1013/691/12 1161/718/1140 990/734/662
f 990/734/662 1164/788/1190 1055/814/59
f 1055/814/59 1164/788/1190 1050/851/323
f 1281/2898/1104 1235/2894/614 1188/2935/313
f 1265/659/585 1232/668/778 871/652/745
f 871/1748/745 1252/1758/457 1265/1751/585
f 1119/637/167 1150/638/1165 1051/661/116
f 1146/2569/1153 1051/2570/116 1100/2543/433
f 1133/712/1167 968/688/1227 962/687/1122
f 1041/840/408 1142/877/170 1031/842/393
f 1041/1351/408 1111/1327/98 1142/1301/170
f 1092/1359/96 1111/1327/98 1041/1351/408
f 1093/1481/225 1092/1359/96 1041/1351/408
f 987/689/1162 968/688/1227 1107/705/1148
f 1128/1518/62 1127/1554/106 954/1565/299
f 1131/1314/56 1109/1334/50 1086/1363/67
f 1096/1474/22 967/1504/175 1085/1452/94
f 972/1357/204 1086/1363/67 1074/1407/195
f 1097/1442/1457 1087/1364/1460 1105/1425/1247
f 1098/1402/1459 1087/1364/1460 1097/1442/1457
f 1022/1540/1253 1026/1551/1201 1113/1502/1414
f 1117/1516/1322 994/1532/1229 1065/1477/1379
f 1065/1477/1379 1047/1388/1403 1104/1456/1404
f 1047/1388/1403 1052/1311/1377 1103/1362/1407
f 1053/1305/1458 1052/1311/1377 1025/1343/1432
f 973/1703/583 1175/1671/1241 944/1670/426
f 1017/2990/1350 1070/3027/1269 1170/3076/1280
f 1160/1111/1200 941/1067/379 970/1080/453
f 1136/3059/1166 1017/2990/1350 1170/3076/1280
f 1176/1045/1311 1020/1011/1364 1019/1022/1334
f 1136/3059/1166 963/2979/1266 1030/3004/1308
f 1030/1514/1308 1094/1451/1437 1061/1466/1455
f 956/1010/1222 1166/1054/1254 1019/1022/1334
f 1027/1384/1449 1114/1324/1427 1025/1343/1432
f 1019/1274/1334 1053/1305/1458 1114/1324/1427
f 1094/1451/1437 1101/1396/1445 1033/1406/1435
f 1082/1458/1434 1101/1396/1445 1094/1451/1437
f 1027/1384/1449 1101/1396/1445 1114/1324/1427
f 956/1255/1222 1019/1274/1334 1114/1324/1427
f 1094/1451/1437 963/1526/1266 1012/1507/1317
f 1008/1271/1293 956/1255/1222 1114/1324/1427
f 1056/3033/959 963/2979/1266 1136/3059/1166
f 1082/1458/1434 1094/1451/1437 1012/1507/1317
f 1066/1318/1400 1008/1271/1293 1114/1324/1427
f 999/1733/1329 1080/1754/1342 1082/1755/1434
f 995/1370/1353 1066/1318/1400 1080/1385/1342
f 1066/1318/1400 1114/1324/1427 1080/1385/1342
f 965/1165/1372 999/1175/1329 1082/1186/1434
f 1037/634/661 1042/602/758 1139/614/1388
f 1079/1187/1401 965/1165/1372 1082/1186/1434
f 1032/894/772 1138/907/1392 1089/925/1108
f 1056/3033/959 1139/3077/1388 1042/3045/758
f 1024/1389/786 1138/1412/1392 1032/1395/772
f 1079/1443/1401 1082/1458/1434 1012/1507/1317
f 1001/1323/1439 1060/1285/1369 1066/1318/1400
f 1079/1443/1401 1012/1507/1317 1005/1505/1224
f 1035/1435/1354 1079/1443/1401 1005/1505/1224
f 985/297/908 976/326/1360 1171/327/1314
f 992/2801/1337 1171/2872/1314 976/2786/1360
f 1157/1097/1303 1034/1074/1367 1069/1076/1321
f 1186/2082/1390 1006/2049/618 1015/2053/686
f 1010/2822/1296 1185/2891/1374 1058/2833/1313
f 859/272/590 1250/182/990 1237/191/1067
f 1090/229/736 1287/158/419 735/333/547
f 789/716/578 1071/699/525 1217/707/864
f 1083/403/74 986/385/492 1126/412/555
f 841/370/162 1229/377/398 885/361/497
f 1229/2491/398 867/2508/404 885/2493/497
f 1137/3182/592 1144/3229/532 1181/3206/238
f 1150/638/1165 1119/637/167 1137/628/592
f 1163/2584/1151 1036/2537/622 1055/2545/59
f 1148/868/103 1093/847/225 1076/838/289
f 1133/712/1167 1143/714/1246 968/688/1227
f 1064/1257/278 1031/1258/393 1142/1301/170
f 1142/1301/170 1162/1298/30 1064/1257/278
f 1109/1334/50 1111/1327/98 1092/1359/96
f 1078/1581/255 1145/1552/84 1076/1568/289
f 968/688/1227 1143/714/1246 1107/705/1148
f 1127/167/106 1145/179/84 1078/168/255
f 1045/1266/206 1064/1257/278 1162/1298/30
f 1092/1359/96 1093/1481/225 1096/1474/22
f 1096/1474/22 1093/1481/225 1129/1520/47
f 1092/1359/96 1096/1474/22 1109/1334/50
f 1096/1474/22 1129/1520/47 1128/1518/62
f 1129/1520/47 1127/1554/106 1128/1518/62
f 1109/1334/50 1096/1474/22 1086/1363/67
f 1086/1363/67 1096/1474/22 1085/1452/94
f 1086/1363/67 1085/1452/94 1074/1407/195
f 1099/698/1094 915/667/922 1059/696/1160
f 1040/2475/1117 1177/2505/1211 1179/2507/1237
f 1177/1228/1211 911/1172/991 1201/1244/1243
f 911/1172/991 876/1153/988 1201/1244/1243
f 876/1153/988 1062/1191/1202 1201/1244/1243
f 1120/1479/1448 1105/1425/1247 1062/1531/1202
f 1097/1442/1457 1105/1425/1247 1120/1479/1448
f 1115/2151/1234 1004/2092/1248 1121/2146/1204
f 1087/1364/1460 1115/1339/1234 1105/1425/1247
f 1118/1310/1420 1115/1339/1234 1087/1364/1460
f 1004/3432/1248 1115/3365/1234 1054/3364/1244
f 1067/1523/1331 1120/1479/1448 1063/1544/1239
f 1022/1540/1253 1097/1442/1457 1067/1523/1331
f 1097/1442/1457 1120/1479/1448 1067/1523/1331
f 1102/1322/1462 1091/1283/1339 1118/1310/1420
f 1113/1502/1414 1097/1442/1457 1022/1540/1253
f 1102/1322/1462 1118/1310/1420 1087/1364/1460
f 1113/1502/1414 1098/1402/1459 1097/1442/1457
f 1098/1402/1459 1102/1322/1462 1087/1364/1460
f 1104/1456/1404 1098/1402/1459 1113/1502/1414
f 1098/1402/1459 1103/1362/1407 1102/1322/1462
f 1112/1276/1283 1091/1283/1339 1102/1322/1462
f 1026/1551/1201 1117/1516/1322 1113/1502/1414
f 1103/1362/1407 1112/1276/1283 1102/1322/1462
f 1104/1456/1404 1103/1362/1407 1098/1402/1459
f 1104/1456/1404 1113/1502/1414 1117/1516/1322
f 1065/1477/1379 1104/1456/1404 1117/1516/1322
f 1047/1388/1403 1103/1362/1407 1104/1456/1404
f 1052/1311/1377 1112/1276/1283 1103/1362/1407
f 1070/2101/1269 955/2134/679 1160/2135/1200
f 1176/1045/1311 1073/1020/1289 1020/1011/1364
f 922/1374/343 944/1380/426 1175/1423/1241
f 1156/1417/1231 922/1374/343 1175/1423/1241
f 1166/1054/1254 1176/1045/1311 1019/1022/1334
f 1180/1120/1335 970/1080/453 1088/1101/1014
f 1080/1385/1342 1114/1324/1427 1101/1396/1445
f 1080/1385/1342 1101/1396/1445 1082/1458/1434
f 1037/634/661 1139/614/1388 1088/641/1014
f 1056/3033/959 1136/3059/1166 1139/3077/1388
f 1185/2891/1374 1171/2872/1314 992/2801/1337
f 1069/1494/1321 993/1538/1343 1182/1495/1351
f 1058/2833/1313 1185/2891/1374 992/2801/1337
f 1057/1082/1294 1034/1074/1367 1157/1097/1303
f 1157/1097/1303 1072/1098/1086 1057/1082/1294
f 991/2387/605 1141/2424/1208 1123/2425/1320
f 1185/2891/1374 1010/2822/1296 1123/2860/1320
f 921/374/784 1262/474/1371 1044/396/827
f 1247/460/1275 1262/474/1371 921/374/784
f 1039/235/1011 1246/188/843 1194/204/678
f 1110/406/612 1083/403/74 1126/412/555
f 1116/3302/882 1199/3263/894 813/3257/666
f 1174/458/1425 919/459/862 926/445/814
f 1291/381/1022 1229/377/398 841/370/162
f 1215/444/304 1291/494/1022 841/345/162
f 867/356/404 1215/444/304 841/345/162
f 1150/638/1165 1161/718/1140 1013/691/12
f 990/734/662 1161/718/1140 1164/788/1190
f 1208/2639/594 1144/2653/532 902/2627/763
f 1167/2621/1091 1208/2639/594 902/2627/763
f 1013/2530/12 1147/2572/885 1140/2566/534
f 1146/2569/1153 1119/2603/167 1051/2570/116
f 1051/2536/116 1013/2530/12 1140/2566/534
f 1147/2572/885 1036/2537/622 1163/2584/1151
f 1050/2546/323 1163/2584/1151 1055/2545/59
f 1240/3247/860 917/3240/694 901/3269/774
f 1140/1627/534 1100/1640/433 1051/1635/116
f 1100/3014/433 1140/3028/534 1146/3015/1153
f 1095/706/893 1133/712/1167 962/687/1122
f 1076/1568/289 1145/1552/84 1148/1534/103
f 1162/1298/30 1111/1327/98 1109/1334/50
f 1093/1481/225 1148/1534/103 1129/1520/47
f 1109/1334/50 1131/1314/56 1162/1298/30
f 1162/1298/30 1131/1314/56 1045/1266/206
f 1129/1520/47 1145/1552/84 1127/1554/106
f 1200/729/1310 1059/696/1160 1107/705/1148
f 1115/1339/1234 1118/1310/1420 1054/1265/1244
f 1070/2101/1269 1160/2135/1200 1170/2093/1280
f 1175/1671/1241 973/1703/583 1073/1722/1289
f 1180/1120/1335 1160/1111/1200 970/1080/453
f 1002/425/967 1182/388/1351 983/405/1348
f 1171/2432/1314 1134/2393/1111 985/2431/908
f 961/2377/439 1134/2421/1111 1141/2424/1208
f 1186/3159/1390 1157/3110/1303 1069/3080/1321
f 1014/3094/685 1072/3081/1086 1106/3146/1203
f 856/197/746 988/69/599 1341/148/698
f 964/844/518 1003/833/870 1294/891/978
f 1184/8/1333 1249/7/1000 1083/54/74
f 1083/54/74 1249/7/1000 986/106/492
f 1256/2405/441 813/2429/666 1299/2416/589
f 1188/1785/313 717/1932/828 1152/1796/573
f 1163/827/1151 1050/851/323 1164/788/1190
f 1119/2603/167 1146/2569/1153 1167/2621/1091
f 1140/2566/534 1172/2585/1357 1146/2568/1153
f 1172/2585/1357 1140/2566/534 1147/2572/885
f 1172/2585/1357 1147/2572/885 1163/2584/1151
f 1240/1513/860 1095/1464/893 917/1506/694
f 1077/47/832 1084/27/904 1153/36/1305
f 1149/1977/1326 1155/1886/1418 1190/1876/1206
f 1197/1817/1301 1143/1774/1246 1133/1779/1167
f 1162/1298/30 1142/1301/170 1111/1327/98
f 1154/1890/1417 1155/1886/1418 1149/1977/1326
f 1108/3155/1133 1153/3115/1305 1084/3154/904
f 1158/1964/1352 1154/1890/1417 1149/1977/1326
f 1148/1534/103 1145/1552/84 1129/1520/47
f 1108/3176/1133 1183/3228/1290 1153/3177/1305
f 1187/1992/1258 1158/1964/1352 1149/1977/1326
f 1183/3254/1290 1108/3312/1133 1040/3255/1117
f 1158/1964/1352 1151/1946/1338 1154/1890/1417
f 1154/1890/1417 1159/1906/1340 1168/1877/1295
f 1159/1906/1340 1154/1890/1417 1151/1946/1338
f 1059/696/1160 1200/729/1310 1099/698/1094
f 1183/2510/1290 1040/2475/1117 1179/2507/1237
f 1151/1946/1338 1216/1928/1431 1159/1906/1340
f 1062/1191/1202 1220/1234/1185 1201/1244/1243
f 1062/1191/1202 1105/1185/1247 1220/1234/1185
f 1209/1217/1176 1105/1185/1247 1115/1177/1234
f 1115/1177/1234 1121/1173/1204 1209/1217/1176
f 1121/1173/1204 1016/1144/1135 1209/1217/1176
f 1209/1217/1176 1016/1144/1135 1234/1215/1281
f 1234/1215/1281 1016/1144/1135 1205/1196/1233
f 1176/928/1311 1175/895/1241 1073/933/1289
f 1180/631/1335 1136/594/1166 1170/603/1280
f 1178/1424/1363 1018/1386/667 1156/1417/1231
f 1024/1389/786 1018/1386/667 1178/1424/1363
f 1178/896/1363 1166/934/1254 1089/925/1108
f 1139/614/1388 1192/615/1441 1088/641/1014
f 1192/615/1441 1139/614/1388 1136/594/1166
f 1024/1389/786 1178/1424/1363 1138/1412/1392
f 1089/925/1108 1138/907/1392 1178/896/1363
f 1182/388/1351 1002/425/967 1028/449/912
f 1182/561/1351 1028/508/912 1006/507/618
f 1006/2049/618 1186/2082/1390 1182/2079/1351
f 1069/3080/1321 1182/3144/1351 1186/3159/1390
f 1015/2053/686 1106/2068/1203 1186/2082/1390
f 1123/2501/1320 1141/2527/1208 1185/2489/1374
f 1106/3146/1203 1072/3081/1086 1157/3110/1303
f 1253/41/849 988/69/599 1130/42/536
f 1246/188/843 1039/235/1011 1173/215/847
f 779/307/773 1194/204/678 1295/147/809
f 1184/428/1333 1135/416/946 1110/406/612
f 1150/3046/1165 1137/3074/592 1167/3024/1091
f 1167/3024/1091 1146/3000/1153 1150/3046/1165
f 1172/3039/1357 1150/3046/1165 1146/3000/1153
f 1172/3039/1357 1161/3058/1140 1150/3046/1165
f 1172/3039/1357 1164/3073/1190 1161/3058/1140
f 1172/3039/1357 1163/3051/1151 1164/3073/1190
f 1210/1471/855 1133/1441/1167 1095/1464/893
f 1197/1817/1301 1133/1779/1167 1223/1824/1194
f 1149/1977/1326 1190/1876/1206 1224/1998/1179
f 1155/1886/1418 1169/1867/1315 1190/1876/1206
f 1154/1890/1417 1169/1867/1315 1155/1886/1418
f 1107/705/1148 1143/714/1246 1200/729/1310
f 1169/1867/1315 1154/1890/1417 1191/1858/1260
f 1158/2965/1352 1187/2987/1258 1244/3040/1382
f 1154/1890/1417 1168/1877/1295 1191/1858/1260
f 1227/1917/1412 1159/1906/1340 1216/1928/1431
f 1105/1185/1247 1209/1217/1176 1220/1234/1185
f 1176/928/1311 1156/880/1231 1175/895/1241
f 1180/631/1335 1170/603/1280 1160/640/1200
f 1136/594/1166 1180/631/1335 1192/615/1441
f 1178/896/1363 1156/880/1231 1166/934/1254
f 1192/615/1441 1180/631/1335 1088/641/1014
f 1141/2527/1208 1134/2529/1111 1171/2490/1314
f 1185/2489/1374 1141/2527/1208 1171/2490/1314
f 1106/3146/1203 1157/3110/1303 1186/3159/1390
f 1279/867/699 1003/833/870 1351/791/733
f 1003/833/870 1279/867/699 1294/891/978
f 1313/2617/718 1090/2588/736 939/2564/701
f 1217/707/864 1189/715/672 789/716/578
f 986/385/492 1249/463/1000 1247/460/1275
f 823/342/1046 1269/478/606 1125/411/619
f 1321/2920/520 1303/2970/312 1125/2994/619
f 1251/464/851 1068/400/641 1165/421/523
f 1238/3305/878 1199/3263/894 1116/3302/882
f 755/1586/751 1364/1587/999 806/1566/729
f 1184/428/1333 1110/406/612 1249/463/1000
f 1249/463/1000 1110/406/612 1126/412/555
f 1165/2395/523 1204/2394/489 1188/2415/313
f 1188/1785/313 1152/1796/573 1218/1773/427
f 867/2508/404 1229/2491/398 1215/2499/304
f 1206/2760/267 1167/2728/1091 1137/2720/592
f 1208/2761/594 1167/2728/1091 1206/2760/267
f 1210/1471/855 1095/1464/893 1240/1513/860
f 1077/2148/832 1153/2076/1305 1198/2041/1212
f 1198/2041/1212 1203/2043/1376 1236/2028/1282
f 1198/2041/1212 1153/2076/1305 1203/2043/1376
f 1187/2987/1258 1149/2954/1326 1224/3019/1179
f 1183/2077/1290 1203/2043/1376 1153/2076/1305
f 1183/2077/1290 1179/2080/1237 1228/2051/1394
f 1244/3040/1382 1151/2955/1338 1158/2965/1352
f 1244/2001/1382 1230/1994/1393 1151/1946/1338
f 1159/1906/1340 1221/1879/1349 1168/1877/1295
f 1221/1879/1349 1159/1906/1340 1227/1917/1412
f 1156/880/1231 1176/928/1311 1166/934/1254
f 964/3067/518 1294/3071/978 1288/3018/926
f 1122/225/684 1250/182/990 859/272/590
f 1247/186/1275 1246/188/843 1173/215/847
f 939/2564/701 1287/2598/419 1313/2617/718
f 823/342/1046 927/375/861 1269/478/606
f 1044/396/827 1269/478/606 927/375/861
f 858/1705/466 1364/1666/999 755/1663/751
f 1251/464/851 1126/412/555 1068/400/641
f 1332/3053/1047 1132/3064/838 1268/3097/876
f 1199/1943/894 1299/1951/589 813/1952/666
f 1218/135/427 1165/118/523 1188/134/313
f 1208/2263/594 1206/2234/267 1214/2262/23
f 1219/3219/226 1212/3235/213 1214/3203/23
f 1207/3239/111 1212/3235/213 1219/3219/226
f 1211/3232/233 1202/3252/281 1207/3239/111
f 1152/3276/573 1202/3313/281 1218/3277/427
f 1235/450/614 1202/436/281 1152/420/573
f 1210/1471/855 1223/1399/1194 1133/1441/1167
f 1241/1832/1438 1190/1876/1206 1169/1867/1315
f 1223/1824/1194 1241/1832/1438 1197/1817/1301
f 1191/1858/1260 1241/1832/1438 1169/1867/1315
f 1187/2987/1258 1224/3019/1179 1231/3034/1373
f 1241/1832/1438 1225/1827/1433 1197/1817/1301
f 1200/1788/1310 1143/1774/1246 1197/1817/1301
f 1200/1788/1310 1197/1817/1301 1225/1827/1433
f 1244/3040/1382 1187/2987/1258 1231/3034/1373
f 1239/1825/1453 1200/1788/1310 1225/1827/1433
f 1228/2051/1394 1203/2043/1376 1183/2077/1290
f 1213/3220/1304 1191/3189/1260 1168/3171/1295
f 1221/3221/1349 1213/3220/1304 1168/3171/1295
f 1230/2312/1393 1216/2313/1431 1151/2290/1338
f 1099/698/1094 1200/729/1310 1205/730/1233
f 1193/1953/1421 1216/1928/1431 1230/1994/1393
f 1177/2074/1211 1228/2051/1394 1179/2080/1237
f 1193/1953/1421 1227/1917/1412 1216/1928/1431
f 1193/1953/1421 1230/1994/1393 1243/1987/1450
f 1243/1987/1450 1259/1962/1409 1193/1953/1421
f 1177/2074/1211 1201/2054/1243 1228/2051/1394
f 1302/713/732 931/395/762 1344/432/726
f 1237/191/1067 1247/186/1275 1173/215/847
f 1124/2757/513 773/2665/802 1330/2691/920
f 1301/503/294 1044/396/827 1262/474/1371
f 1251/464/851 1249/463/1000 1126/412/555
f 1251/464/851 1165/421/523 1255/471/1097
f 1181/3467/238 1264/3468/452 1226/3431/276
f 1137/3182/592 1181/3206/238 1226/3183/276
f 1137/843/592 1226/820/276 1206/818/267
f 1229/46/398 1264/29/452 1215/48/304
f 1181/28/238 1215/48/304 1264/29/452
f 1328/973/938 948/970/787 912/1007/727
f 1215/444/304 1181/427/238 1282/487/1156
f 1218/3202/427 1202/3252/281 1211/3232/233
f 1207/3239/111 1219/3219/226 1211/3232/233
f 1208/1220/594 1181/1225/238 1144/1213/532
f 1242/452/540 1212/443/213 1207/442/111
f 1242/452/540 1207/442/111 1202/436/281
f 1235/450/614 1242/452/540 1202/436/281
f 1224/3471/1179 1198/3472/1212 1236/3438/1282
f 1241/1832/1438 1223/1824/1194 1190/1876/1206
f 1224/1998/1179 1236/2028/1282 1231/2005/1373
f 1231/2005/1373 1236/2028/1282 1203/2043/1376
f 1213/3220/1304 1241/3222/1438 1191/3189/1260
f 1225/1827/1433 1241/1832/1438 1213/1854/1304
f 1244/2001/1382 1231/2005/1373 1203/2043/1376
f 1239/1825/1453 1225/1827/1433 1213/1854/1304
f 1228/2051/1394 1244/2001/1382 1203/2043/1376
f 1233/1845/1461 1239/1825/1453 1213/1854/1304
f 1213/1854/1304 1221/1879/1349 1233/1845/1461
f 1205/1792/1233 1200/1788/1310 1233/1845/1461
f 1227/1917/1412 1195/1891/1402 1221/1879/1349
f 1221/1879/1349 1234/1826/1281 1233/1845/1461
f 1243/1987/1450 1230/1994/1393 1228/2051/1394
f 1195/1891/1402 1234/1826/1281 1221/1879/1349
f 1245/3421/1144 1234/3461/1281 1195/3462/1402
f 1201/2054/1243 1243/1987/1450 1228/2051/1394
f 1234/1826/1281 1205/1792/1233 1233/1845/1461
f 1193/1953/1421 1260/1883/1395 1227/1917/1412
f 1260/1883/1395 1195/1891/1402 1227/1917/1412
f 1260/1883/1395 1245/1865/1144 1195/1891/1402
f 1243/1987/1450 1220/1972/1185 1259/1962/1409
f 1201/2054/1243 1220/1972/1185 1243/1987/1450
f 1234/2794/1281 1245/2852/1144 1209/2795/1176
f 1124/2081/513 1285/2078/943 1130/2065/536
f 1262/175/1371 1247/186/1275 1237/191/1067
f 1248/2586/469 1350/2575/1307 1011/2550/52
f 1011/3212/52 1343/3213/1238 1248/3153/469
f 1321/2920/520 1125/2994/619 1217/2948/864
f 1284/490/872 1255/471/1097 1199/437/894
f 1199/3263/894 1238/3305/878 1284/3274/872
f 1132/2590/838 1332/2589/1047 1276/2616/658
f 1218/2112/427 1255/2136/1097 1165/2137/523
f 1255/2975/1097 1188/2935/313 1204/2984/489
f 1263/2951/823 1188/2935/313 1255/2975/1097
f 1204/1744/489 1254/1736/595 1255/1763/1097
f 1206/818/267 1261/780/431 1214/792/23
f 1214/792/23 1261/780/431 1257/776/388
f 1281/2898/1104 1188/2935/313 1263/2951/823
f 1291/381/1022 1264/365/452 1229/377/398
f 1214/792/23 1257/776/388 1219/782/226
f 1257/776/388 1271/753/1198 1219/782/226
f 1219/782/226 1267/754/473 1211/766/233
f 1267/754/473 1272/735/137 1211/766/233
f 1291/494/1022 1215/444/304 1282/487/1156
f 1208/440/594 1214/446/23 1266/477/886
f 1266/477/886 1214/446/23 1212/443/213
f 1235/450/614 1281/488/1104 1242/452/540
f 1289/3139/899 1275/3103/918 742/3109/742
f 1075/1024/717 1196/1057/626 1292/1072/883
f 1275/1555/918 833/1545/708 742/1553/742
f 1292/1072/883 1077/1075/832 1198/1176/1212
f 1224/1214/1179 1190/1355/1206 1293/1331/1073
f 1230/1994/1393 1244/2001/1382 1228/2051/1394
f 1239/1825/1453 1233/1845/1461 1200/1788/1310
f 1209/2595/1176 1245/2620/1144 1260/2596/1395
f 1209/1872/1176 1259/1962/1409 1220/1972/1185
f 1209/1872/1176 1260/1883/1395 1259/1962/1409
f 1336/2746/1168 1124/2757/513 1330/2691/920
f 1345/92/934 1122/225/684 1189/208/672
f 1122/225/684 1361/83/1242 1250/182/990
f 1262/175/1371 1237/191/1067 1250/182/990
f 1313/2617/718 1320/2630/1054 1090/2588/736
f 1261/780/431 1206/818/267 1226/820/276
f 1218/1422/427 1263/1416/823 1255/1421/1097
f 1255/1925/1097 1299/1951/589 1199/1943/894
f 1271/753/1198 1267/754/473 1219/782/226
f 1272/735/137 1218/759/427 1211/766/233
f 1208/440/594 1282/487/1156 1181/427/238
f 1242/452/540 1266/477/886 1212/443/213
f 1270/479/1230 1266/477/886 1242/452/540
f 1281/488/1104 1270/479/1230 1242/452/540
f 901/1517/774 833/1545/708 1308/1512/931
f 1210/1471/855 1300/1499/1065 1223/1399/1194
f 1300/1499/1065 1210/1471/855 1240/1513/860
f 901/3269/774 1308/3270/931 1240/3247/860
f 1292/1072/883 1198/1176/1212 1286/1149/1010
f 1193/1953/1421 1259/1962/1409 1260/1883/1395
f 931/395/762 856/197/746 1341/148/698
f 1253/41/849 1130/42/536 1285/1/943
f 1320/113/1054 1287/158/419 1090/229/736
f 1326/527/365 1217/447/864 1125/411/619
f 1301/503/294 1269/478/606 1044/396/827
f 1315/3473/1077 1247/3474/1275 1249/3418/1000
f 1247/186/1275 1315/123/1077 1246/188/843
f 1238/454/878 1116/407/882 1276/485/658
f 1071/699/525 1321/702/520 1217/707/864
f 1283/763/1075 1261/780/431 1306/756/394
f 1330/3119/920 773/3118/802 1319/3085/916
f 1254/3429/595 1299/3469/589 1255/3470/1097
f 1261/780/431 1283/763/1075 1257/776/388
f 1254/332/595 1263/323/823 1305/295/440
f 1257/2947/388 1280/2943/984 1278/2964/61
f 1278/2964/61 1280/2943/984 1272/2966/137
f 1272/2966/137 1280/2943/984 1218/2942/427
f 1281/3162/1104 1263/3133/823 1274/3178/528
f 1263/475/823 1254/470/595 1274/482/528
f 1274/482/528 1254/470/595 1256/472/441
f 1265/1720/585 1274/1708/528 1256/1707/441
f 1232/3032/778 1265/3048/585 1256/3026/441
f 1252/2890/457 1232/2882/778 1256/2881/441
f 912/3127/727 1075/3095/717 1331/3116/956
f 1331/1019/956 1075/1024/717 1292/1072/883
f 1308/1512/931 833/1545/708 1275/1555/918
f 1198/1176/1212 1224/1214/1179 1286/1149/1010
f 1293/1331/1073 1190/1355/1206 1223/1399/1194
f 1253/41/849 1341/148/698 988/69/599
f 1269/478/606 1326/527/365 1125/411/619
f 1246/188/843 1295/147/809 1194/204/678
f 1264/799/452 1296/778/126 1226/820/276
f 1296/778/126 1306/756/394 1226/820/276
f 1226/820/276 1306/756/394 1261/780/431
f 1254/332/595 1305/295/440 1299/316/589
f 1283/763/1075 1280/739/984 1257/776/388
f 1280/275/984 1263/323/823 1218/331/427
f 1291/381/1022 1322/371/154 1264/365/452
f 1278/750/61 1271/753/1198 1257/776/388
f 1271/2737/1198 1290/2750/1452 1273/2722/1262
f 1290/2803/1452 1271/2798/1198 1278/2802/61
f 1270/1558/1230 1278/1547/61 1267/1548/473
f 1270/2717/1230 1267/2734/473 1271/2737/1198
f 1267/754/473 1278/750/61 1272/735/137
f 1274/1242/528 1265/1231/585 1252/1241/457
f 1273/2722/1262 1270/2717/1230 1271/2737/1198
f 1282/487/1156 1208/440/594 1266/477/886
f 1282/487/1156 1266/477/886 1273/480/1262
f 1273/480/1262 1266/477/886 1270/479/1230
f 1308/1512/931 1300/1499/1065 1240/1513/860
f 1405/760/963 1351/791/733 1302/713/732
f 1285/2809/943 1124/2757/513 1336/2746/1168
f 1361/1411/1242 1301/1376/294 1250/1375/990
f 1262/175/1371 1250/182/990 1301/142/294
f 1251/464/851 1323/524/1291 1249/463/1000
f 1263/323/823 1280/275/984 1297/303/1366
f 1297/303/1366 1305/295/440 1263/323/823
f 1280/2756/984 1281/2715/1104 1297/2752/1366
f 1297/905/1366 1274/878/528 1305/904/440
f 1298/2764/1187 1282/2716/1156 1290/2750/1452
f 1290/1559/1452 1278/1547/61 1270/1558/1230
f 1280/2756/984 1290/2750/1452 1270/2717/1230
f 1280/2756/984 1270/2717/1230 1281/2715/1104
f 1291/2733/1022 1282/2716/1156 1298/2764/1187
f 1290/2750/1452 1282/2716/1156 1273/2722/1262
f 1297/2752/1366 1281/2715/1104 1274/2747/528
f 1292/1072/883 1286/1149/1010 1309/1096/976
f 1224/1214/1179 1293/1331/1073 1286/1149/1010
f 1371/121/1083 1253/41/849 1285/1/943
f 1304/115/142 1315/161/1077 1249/180/1000
f 1375/2592/1188 858/2591/466 1288/2686/926
f 1349/709/968 1189/715/672 1217/707/864
f 1217/447/864 1326/527/365 1349/540/968
f 1357/544/1221 1269/478/606 1296/498/126
f 1269/478/606 1301/503/294 1296/498/126
f 1323/524/1291 1304/505/142 1249/463/1000
f 1284/490/872 1251/464/851 1255/471/1097
f 1306/2789/394 1290/2750/1452 1283/2763/1075
f 1283/2763/1075 1290/2750/1452 1280/2756/984
f 1311/2401/859 1256/2405/441 1299/2416/589
f 1298/2764/1187 1290/2750/1452 1306/2789/394
f 1252/2396/457 1256/2405/441 1311/2401/859
f 1252/2180/457 1311/2228/859 1274/2195/528
f 1318/3113/1021 1275/3103/918 1289/3139/899
f 1308/1512/931 1275/1555/918 1318/1550/1021
f 1308/1512/931 1307/1256/1039 1293/1331/1073
f 1300/3350/1065 1308/3386/931 1293/3387/1073
f 1223/1399/1194 1300/1499/1065 1293/1331/1073
f 1341/148/698 1344/432/726 931/395/762
f 1122/225/684 1345/92/934 1361/83/1242
f 1295/147/809 1258/178/816 779/307/773
f 1364/3266/999 858/3315/466 1375/3316/1188
f 1301/3331/294 1306/3384/394 1296/3385/126
f 1325/526/896 1284/490/872 1238/454/878
f 1264/799/452 1357/736/1221 1296/778/126
f 1325/526/896 1324/525/1446 1284/490/872
f 1367/3107/1125 1332/3053/1047 1268/3097/876
f 1368/972/1027 1319/932/916 839/959/759
f 1222/3175/805 757/3210/738 1356/3211/952
f 1312/3442/218 1305/3393/440 1274/3441/528
f 1311/2228/859 1312/2210/218 1274/2195/528
f 1286/1149/1010 1307/1256/1039 1309/1096/976
f 1286/1149/1010 1293/1331/1073 1307/1256/1039
f 1341/148/698 1253/41/849 1371/121/1083
f 1377/57/1100 1345/92/934 1189/208/672
f 1295/147/809 1246/188/843 1324/108/1446
f 1381/51/1192 1268/164/876 1258/178/816
f 1350/2575/1307 1343/2551/1238 1011/2550/52
f 1361/2343/1242 1316/2380/236 1301/2381/294
f 1304/3439/142 1317/3379/432 1315/3378/1077
f 1316/3344/236 1306/3384/394 1301/3331/294
f 1325/526/896 1238/454/878 1276/485/658
f 1323/524/1291 1251/464/851 1284/490/872
f 1324/525/1446 1323/524/1291 1284/490/872
f 1363/274/646 1299/316/589 1305/295/440
f 1338/560/1078 1071/520/525 1303/537/312
f 1363/2430/646 1311/2401/859 1299/2416/589
f 1342/3273/1158 1322/3246/154 1291/3272/1022
f 1291/2301/1022 1298/2314/1187 1342/2309/1158
f 1311/2228/859 1352/2244/1210 1312/2210/218
f 1309/1096/976 1307/1256/1039 1347/1204/1081
f 1307/1256/1039 1308/1512/931 1354/1404/1082
f 1294/891/978 1279/867/699 1359/831/1159
f 1377/57/1100 1365/79/1013 1345/92/934
f 1324/108/1446 1340/94/1096 1295/147/809
f 1295/147/809 1381/51/1192 1258/178/816
f 1304/3439/142 1329/3401/997 1317/3379/432
f 1315/123/1077 1324/108/1446 1246/188/843
f 1326/3190/365 1321/3214/520 1349/3208/968
f 1071/3448/525 1349/3449/968 1321/3405/520
f 1338/3412/1078 1349/3355/968 1071/3354/525
f 1322/371/154 1357/362/1221 1264/365/452
f 1353/2278/1114 1306/2247/394 1316/2254/236
f 1356/1620/952 757/1614/738 806/1652/729
f 1358/2279/1216 1298/2233/1187 1306/2247/394
f 1368/1756/1027 839/1761/759 1328/1729/938
f 1360/2280/1309 1342/2272/1158 1298/2233/1187
f 1335/1608/1059 1310/1624/58 1314/1619/248
f 1352/2244/1210 1334/2221/1057 1312/2210/218
f 1370/1582/924 1289/1570/899 1277/1598/875
f 1334/2221/1057 1327/2181/665 1312/2210/218
f 1318/1550/1021 1289/1570/899 1370/1582/924
f 1331/1019/956 1292/1072/883 1346/1070/1090
f 1309/1096/976 1346/1070/1090 1292/1072/883
f 1417/522/720 1302/713/732 1344/432/726
f 1351/791/733 1359/831/1159 1279/867/699
f 1294/3071/978 1359/3060/1159 1288/3018/926
f 1381/51/1192 1367/65/1125 1268/164/876
f 1357/544/1221 1326/527/365 1269/478/606
f 1323/3170/1291 1324/3196/1446 1315/3197/1077
f 1340/536/1096 1324/525/1446 1325/526/896
f 1323/524/1291 1337/534/1004 1304/505/142
f 1332/531/1047 1325/526/896 1276/485/658
f 1358/2279/1216 1360/2280/1309 1298/2233/1187
f 1327/383/665 1348/369/1164 1312/382/218
f 1312/1095/218 1348/1091/1164 1305/1090/440
f 1335/1608/1059 1333/1607/884 1310/1624/58
f 1222/1612/805 1356/1620/952 1277/1598/875
f 1328/973/938 912/1007/727 1331/1019/956
f 1310/1347/58 1333/1365/884 1314/1352/248
f 1347/1204/1081 1346/1070/1090 1309/1096/976
f 1307/1256/1039 1354/1404/1082 1347/1204/1081
f 1354/1404/1082 1308/1512/931 1339/1510/1070
f 1308/1512/931 1318/1550/1021 1339/1510/1070
f 1415/176/1040 1341/148/698 1371/121/1083
f 1371/1223/1083 1285/1224/943 1336/1202/1168
f 1320/113/1054 1377/57/1100 1287/158/419
f 1340/94/1096 1381/51/1192 1295/147/809
f 1349/2587/968 1313/2617/718 1287/2598/419
f 1337/3174/1004 1323/3170/1291 1315/3197/1077
f 1363/549/646 1340/536/1096 1325/526/896
f 1350/3165/1307 1248/3153/469 1343/3213/1238
f 1329/530/997 1304/505/142 1337/534/1004
f 1356/1620/952 806/1652/729 1364/1666/999
f 1342/519/1158 1338/560/1078 1303/537/312
f 1358/2279/1216 1306/2247/394 1353/2278/1114
f 1334/2934/1057 1348/2992/1164 1327/2988/665
f 1370/1582/924 1277/1598/875 1356/1620/952
f 1335/1366/1059 1314/1352/248 1333/1365/884
f 1377/2597/1100 1320/2630/1054 1349/2587/968
f 1377/57/1100 1189/208/672 1287/158/419
f 1361/2343/1242 1362/2351/1009 1316/2380/236
f 1313/2617/718 1349/2587/968 1320/2630/1054
f 1349/2587/968 1287/2598/419 1189/2554/672
f 1357/3399/1221 1338/3400/1078 1326/3342/365
f 1369/556/796 1329/530/997 1337/534/1004
f 1317/800/432 1369/801/796 1337/787/1004
f 1317/3303/432 1337/3268/1004 1315/3267/1077
f 1330/3119/920 1319/3085/916 1389/3124/1205
f 1321/2319/520 1326/2334/365 1338/2335/1078
f 1340/742/1096 1305/767/440 1348/743/1164
f 1340/910/1096 1363/920/646 1305/921/440
f 1325/1486/896 1332/1463/1047 1367/1485/1125
f 1357/774/1221 1322/784/154 1303/775/312
f 1321/2920/520 1357/2993/1221 1303/2970/312
f 1342/3136/1158 1360/3150/1309 1357/3185/1221
f 1353/2676/1114 1316/2700/236 1355/2701/1384
f 1342/3463/1158 1321/3464/520 1338/3428/1078
f 1342/3013/1158 1303/3012/312 1322/3020/154
f 1363/2430/646 1352/2402/1210 1311/2401/859
f 1348/2992/1164 1334/2934/1057 1352/2927/1210
f 1372/1034/1025 1328/973/938 1331/1019/956
f 1354/1404/1082 1373/1171/1058 1347/1204/1081
f 1392/40/1270 1367/65/1125 1381/51/1192
f 1359/3060/1159 1375/2996/1188 1288/3018/926
f 1336/2746/1168 1330/2691/920 1389/2664/1205
f 1338/2094/1078 1357/2103/1221 1349/2104/968
f 1360/314/1309 1345/313/934 1365/325/1013
f 1360/3086/1309 1361/3120/1242 1345/3123/934
f 1369/2359/796 1316/2380/236 1362/2351/1009
f 1369/556/796 1362/547/1009 1329/530/997
f 1392/587/1270 1363/549/646 1325/526/896
f 1367/555/1125 1392/587/1270 1325/526/896
f 1361/3120/1242 1360/3086/1309 1358/3089/1216
f 1361/3120/1242 1358/3089/1216 1355/3112/1384
f 1319/932/916 1368/972/1027 1389/940/1205
f 1357/3185/1221 1360/3150/1309 1365/3204/1013
f 1358/3089/1216 1353/3088/1114 1355/3112/1384
f 1348/2992/1164 1352/2927/1210 1340/2991/1096
f 1321/3205/520 1342/3136/1158 1357/3185/1221
f 1372/1034/1025 1368/972/1027 1328/973/938
f 1372/1034/1025 1331/1019/956 1346/1070/1090
f 1370/1582/924 1374/1501/1036 1318/1550/1021
f 1354/1404/1082 1339/1510/1070 1374/1501/1036
f 1405/760/963 1359/831/1159 1351/791/733
f 1355/3112/1384 1362/3121/1009 1361/3120/1242
f 1387/199/1416 1329/220/997 1362/200/1009
f 1387/3122/1416 1362/3121/1009 1355/3112/1384
f 1329/220/997 1387/199/1416 1317/232/432
f 1379/3104/1386 1369/3158/796 1317/3105/432
f 1355/848/1384 1316/823/236 1369/846/796
f 1355/848/1384 1369/846/796 1387/869/1416
f 1369/873/796 1379/856/1386 1366/872/582
f 1381/2915/1192 1352/2849/1210 1376/2902/399
f 1340/2850/1096 1352/2849/1210 1381/2915/1192
f 1364/1666/999 1375/1678/1188 1390/1623/1033
f 1376/2410/399 1352/2402/1210 1363/2430/646
f 1390/1623/1033 1370/1582/924 1356/1620/952
f 1356/1620/952 1364/1666/999 1390/1623/1033
f 1373/1171/1058 1346/1070/1090 1347/1204/1081
f 1373/2196/1058 1372/2197/1025 1346/2166/1090
f 1354/3151/1082 1374/3199/1036 1373/3200/1058
f 1339/1840/1070 1318/1862/1021 1374/1863/1036
f 1387/199/1416 1379/227/1386 1317/232/432
f 1406/2574/992 1377/2597/1100 1349/2587/968
f 1406/2574/992 1349/2587/968 1357/2518/1221
f 1406/2945/992 1357/2944/1221 1365/2967/1013
f 1392/587/1270 1381/565/1192 1363/549/646
f 1393/1015/1085 1363/1014/646 1381/1030/1192
f 1363/2623/646 1393/2677/1085 1376/2650/399
f 1401/1709/1271 1380/1745/78 1391/1728/197
f 1382/2983/253 1378/2956/102 1383/2962/264
f 1384/2969/319 1378/2956/102 1382/2983/253
f 1387/869/1416 1369/846/796 1366/822/582
f 1387/869/1416 1366/822/582 1379/837/1386
f 1393/2182/1085 1381/2183/1192 1383/2167/264
f 1400/1711/495 1385/1740/136 1380/1745/78
f 1384/2969/319 1386/2936/215 1378/2956/102
f 1398/1712/575 1383/1743/264 1378/1746/102
f 1376/2974/399 1383/2962/264 1381/2925/1192
f 1394/790/1008 1391/779/197 1380/772/78
f 1394/790/1008 1380/772/78 1388/803/467
f 1380/2926/78 1385/2928/136 1388/2959/467
f 1388/2959/467 1385/2928/136 1386/2936/215
f 1382/2647/253 1397/2688/1134 1384/2631/319
f 1382/2983/253 1383/2962/264 1376/2974/399
f 1388/2959/467 1386/2936/215 1384/2969/319
f 1382/2647/253 1376/2650/399 1393/2677/1085
f 1372/1034/1025 1373/1171/1058 1399/1055/987
f 1405/760/963 1302/713/732 1417/522/720
f 1389/1201/1205 1371/1223/1083 1336/1202/1168
f 1371/1916/1083 1389/1905/1205 1415/1921/1040
f 1359/2083/1159 1405/2084/963 1375/2066/1188
f 1377/57/1100 1416/3/1355 1365/79/1013
f 1401/1709/1271 1400/1711/495 1380/1745/78
f 1422/1584/1062 1370/1582/924 1390/1623/1033
f 1372/1034/1025 1418/1025/1063 1368/972/1027
f 1396/2661/1131 1388/2624/467 1384/2631/319
f 1399/1055/987 1373/1171/1058 1404/1297/1056
f 1373/1171/1058 1374/1501/1036 1404/1297/1056
f 1374/1501/1036 1370/1582/924 1395/1556/933
f 1429/230/821 1341/148/698 1415/176/1040
f 1413/1052/1286 1377/1053/1100 1406/1042/992
f 1385/1740/136 1411/1699/874 1386/1738/215
f 1411/1699/874 1410/1698/1325 1386/1738/215
f 1398/1712/575 1386/1738/215 1410/1698/1325
f 1398/1712/575 1409/1702/1249 1383/1743/264
f 1386/1738/215 1398/1712/575 1378/1746/102
f 1394/790/1008 1403/793/1173 1391/779/197
f 1396/2661/1131 1384/2631/319 1397/2688/1134
f 1393/2677/1085 1397/2688/1134 1382/2647/253
f 1404/1297/1056 1374/1501/1036 1408/1381/1076
f 1408/1381/1076 1374/1501/1036 1395/1556/933
f 1426/372/820 1341/148/698 1429/230/821
f 1365/79/1013 1416/3/1355 1402/26/794
f 1365/79/1013 1402/26/794 1407/24/460
f 1406/2710/992 1365/2642/1013 1407/2709/460
f 1411/1699/874 1385/1740/136 1400/1711/495
f 1409/1702/1249 1393/1721/1085 1383/1743/264
f 1394/1287/1008 1400/1304/495 1401/1291/1271
f 1418/1025/1063 1428/996/1084 1368/972/1027
f 1396/2661/1131 1412/2674/1410 1388/2624/467
f 1394/1287/1008 1388/1299/467 1400/1304/495
f 1372/1034/1025 1399/1055/987 1418/1025/1063
f 1344/432/726 1341/148/698 1426/372/820
f 1377/57/1100 1413/13/1286 1416/3/1355
f 1402/26/794 1416/3/1355 1407/24/460
f 1389/940/1205 1368/972/1027 1428/996/1084
f 1391/1728/197 1406/1706/992 1401/1709/1271
f 1400/875/495 1406/876/992 1407/857/460
f 1400/875/495 1407/857/460 1411/866/874
f 1398/1712/575 1410/1698/1325 1409/1702/1249
f 1391/779/197 1403/793/1173 1406/789/992
f 1403/1288/1173 1394/1287/1008 1401/1291/1271
f 1400/2646/495 1416/2663/1355 1406/2643/992
f 1397/3145/1134 1410/3166/1325 1396/3142/1131
f 1397/3145/1134 1409/3172/1249 1410/3166/1325
f 1393/2677/1085 1409/2703/1249 1397/2688/1134
f 1388/2624/467 1412/2674/1410 1400/2646/495
f 1395/1556/933 1370/1582/924 1422/1584/1062
f 1399/1055/987 1404/1297/1056 1414/1079/1178
f 1428/1901/1084 1415/1921/1040 1389/1905/1205
f 1390/1623/1033 1375/1678/1188 1427/1605/1115
f 1413/804/1286 1406/789/992 1403/793/1173
f 1416/1959/1355 1401/1978/1271 1406/1975/992
f 1412/12/1410 1411/21/874 1407/24/460
f 1400/2646/495 1412/2674/1410 1416/2663/1355
f 1413/1300/1286 1403/1288/1173 1401/1291/1271
f 1413/1300/1286 1401/1291/1271 1416/1307/1355
f 1412/12/1410 1396/30/1131 1411/21/874
f 1411/3173/874 1396/3142/1131 1410/3166/1325
f 1423/1235/1119 1414/1079/1178 1404/1297/1056
f 1419/1468/1049 1408/1381/1076 1395/1556/933
f 1440/2579/1031 1375/2538/1188 1405/2580/963
f 1440/2579/1031 1427/2539/1115 1375/2538/1188
f 1412/12/1410 1407/24/460 1416/3/1355
f 1427/2933/1115 1422/2892/1062 1390/2932/1033
f 1414/1079/1178 1418/1025/1063 1399/1055/987
f 1421/1139/1141 1414/1079/1178 1423/1235/1119
f 1420/1340/1109 1404/1297/1056 1408/1381/1076
f 1422/1584/1062 1419/1468/1049 1395/1556/933
f 1423/1235/1119 1404/1297/1056 1420/1340/1109
f 1408/1381/1076 1419/1468/1049 1420/1340/1109
f 1439/418/1155 1344/432/726 1426/372/820
f 1439/418/1155 1417/522/720 1344/432/726
f 1414/1079/1178 1421/1139/1141 1418/1025/1063
f 1421/1139/1141 1423/1235/1119 1435/1222/998
f 1423/1235/1119 1420/1340/1109 1438/1268/1197
f 1419/1468/1049 1422/1584/1062 1436/1478/1137
f 1437/512/1088 1417/522/720 1439/418/1155
f 1430/3295/1110 1432/3278/1312 1425/3333/295
f 1432/3278/1312 1424/3332/465 1425/3333/295
f 1431/1119/1215 1425/1105/295 1424/1104/465
f 1427/1605/1115 1443/1571/970 1422/1584/1062
f 1436/1478/1137 1420/1340/1109 1419/1468/1049
f 1436/1478/1137 1422/1584/1062 1443/1571/970
f 1441/636/806 1405/760/963 1417/522/720
f 1440/727/1031 1405/760/963 1441/636/806
f 1435/1222/998 1434/1028/1015 1421/1139/1141
f 1428/996/1084 1418/1025/1063 1434/1028/1015
f 1434/1028/1015 1418/1025/1063 1421/1139/1141
f 1438/1268/1197 1435/1222/998 1423/1235/1119
f 1446/394/1174 1439/418/1155 1426/372/820
f 1441/636/806 1417/522/720 1437/512/1088
f 1440/2579/1031 1454/2540/1051 1427/2539/1115
f 1431/581/1215 1432/589/1312 1430/590/1110
f 1430/1117/1110 1425/1105/295 1431/1119/1215
f 1432/1121/1312 1431/1119/1215 1424/1104/465
f 1438/1268/1197 1420/1340/1109 1433/1337/1098
f 1436/1478/1137 1433/1337/1098 1420/1340/1109
f 1450/315/633 1426/372/820 1457/271/644
f 1446/394/1174 1426/372/820 1450/315/633
f 1415/1921/1040 1428/1901/1084 1449/1907/1102
f 1452/222/974 1429/230/821 1415/176/1040
f 1444/1335/1358 1438/1268/1197 1433/1337/1098
f 1434/1028/1015 1435/1222/998 1460/1088/1218
f 1433/1337/1098 1442/1391/1105 1444/1335/1358
f 1433/1337/1098 1436/1478/1137 1442/1391/1105
f 1452/1918/974 1415/1921/1040 1449/1907/1102
f 1444/3006/1358 1439/3075/1155 1438/2985/1197
f 1437/3062/1088 1439/3075/1155 1444/3006/1358
f 1441/636/806 1437/512/1088 1445/558/913
f 1428/996/1084 1434/1028/1015 1449/1021/1102
f 1436/3306/1137 1443/3357/970 1442/3358/1105
f 1447/548/1195 1445/558/913 1437/512/1088
f 1454/1569/1051 1443/1571/970 1427/1605/1115
f 1445/558/913 1447/548/1195 1451/606/1066
f 1438/1058/1197 1439/1099/1155 1446/1094/1174
f 1435/1222/998 1438/1268/1197 1448/1227/1268
f 1448/1227/1268 1460/1088/1218 1435/1222/998
f 1456/654/531 1440/727/1031 1441/636/806
f 1437/3062/1088 1444/3006/1358 1447/3055/1195
f 1451/606/1066 1441/636/806 1445/558/913
f 1454/2540/1051 1440/2579/1031 1459/2573/1226
f 1444/1335/1358 1442/1391/1105 1455/1439/1255
f 1442/1391/1105 1443/1571/970 1455/1439/1255
f 1429/230/821 1457/271/644 1426/372/820
f 1450/315/633 1453/322/1050 1446/394/1174
f 1456/654/531 1441/636/806 1451/606/1066
f 1459/703/1226 1440/727/1031 1456/654/531
f 1438/1058/1197 1446/1094/1174 1448/1077/1268
f 1449/1021/1102 1434/1028/1015 1460/1088/1218
f 1455/1439/1255 1443/1571/970 1454/1569/1051
f 1447/3055/1195 1455/2989/1255 1451/3057/1066
f 1448/2976/1268 1446/3031/1174 1453/3041/1050
f 1447/3055/1195 1444/3006/1358 1455/2989/1255
f 1462/237/1319 1457/271/644 1429/230/821
f 1462/237/1319 1429/230/821 1452/222/974
f 1457/271/644 1453/322/1050 1450/315/633
f 1456/654/531 1451/606/1066 1458/648/1099
f 1452/1918/974 1449/1907/1102 1462/1920/1319
f 1460/2977/1218 1448/2976/1268 1453/3041/1050
f 1451/3057/1066 1455/2989/1255 1461/3003/1362
f 1461/3003/1362 1458/3056/1099 1451/3057/1066
f 1456/654/531 1458/648/1099 1459/703/1226
f 1462/237/1319 1453/322/1050 1457/271/644
f 1460/2977/1218 1453/3041/1050 1462/3030/1319
f 1460/1088/1218 1462/1062/1319 1449/1021/1102
f 1455/1439/1255 1454/1569/1051 1461/1533/1362
f 1459/3036/1226 1458/3056/1099 1461/3003/1362
f 1459/2573/1226 1461/2553/1362 1454/2540/1051