mtllib mesh.mtl
o material_0
usemtl material_0
v -0.1472027450799942 -0.3401605188846588 0.03380860388278961
v -0.14643971621990204 -0.3371252715587616 -0.003698874032124877
v -0.14497286081314087 -0.3123505115509033 -0.0002168028731830418
v -0.14264142513275146 -0.4069739878177643 -0.04962624981999397
v -0.14176946878433228 -0.4974634051322937 -0.04402744024991989
v -0.1417689323425293 -0.3426722586154938 -0.03807593137025833
v -0.13943274319171906 -0.3804304003715515 -0.04300740733742714
v -0.13799762725830078 -0.3980877101421356 0.060306716710329056
v -0.1378706991672516 -0.4061109721660614 0.0427805595099926
v -0.13746194541454315 -0.4884687066078186 0.04742596670985222
v -0.13705424964427948 -0.49850669503211975 0.04670734331011772
v -0.13698285818099976 0.2691178023815155 -0.004658624529838562
v -0.13617382943630219 0.2731371223926544 -0.13120771944522858
v -0.13614845275878906 0.11016034334897995 0.03486565500497818
v -0.13548268377780914 0.11942578107118607 -0.12797680497169495
v -0.13506759703159332 0.10854806751012802 0.13298073410987854
v -0.13500572741031647 0.27256709337234497 0.1360466480255127
v -0.1345715969800949 0.11908946186304092 0.13120347261428833
v -0.1335499882698059 -0.48990437388420105 -0.040127627551555634
v -0.13347595930099487 -0.493201345205307 0.06249167025089264
v -0.13343258202075958 -0.3886371850967407 -0.053678885102272034
v -0.13341248035430908 0.284108430147171 0.13240858912467957
v -0.1326928287744522 0.10678138583898544 -0.12762199342250824
v -0.13266637921333313 -0.3816143572330475 0.13164342939853668
v -0.1322634518146515 0.28606072068214417 -0.12706729769706726
v -0.1321677267551422 -0.4948136508464813 -0.05812705308198929
v -0.1316082775592804 0.31160804629325867 -0.034255433827638626
v -0.13086268305778503 -0.4944011867046356 0.1316169947385788
v -0.13021861016750336 0.3073423206806183 -0.11140723526477814
v -0.1302143782377243 -0.352933406829834 0.027019495144486427
v -0.13007478415966034 -0.3879878520965576 -0.1294785737991333
v -0.13001026213169098 -0.4958569407463074 -0.12892122566699982
v -0.12911608815193176 0.30993974208831787 0.08219484984874725
v -0.12890827655792236 -0.3723298907279968 -0.11820850521326065
v -0.12884852290153503 0.3163655698299408 0.00625186413526535
v -0.127481609582901 -0.346532940864563 -0.009712783619761467
v -0.1272478848695755 0.30661049485206604 0.12924854457378387
v -0.12714211642742157 -0.26597732305526733 -0.08783914148807526
v -0.1269998848438263 0.36890915036201477 0.08147305250167847
v -0.12699300050735474 0.09892888367176056 -0.0798877477645874
v -0.12681902945041656 0.370287150144577 -0.12439320981502533
v -0.12674076855182648 0.3681725561618805 0.12623180449008942
v -0.1266566962003708 0.317565381526947 0.05034011974930763
v -0.12658478319644928 0.01369138527661562 -0.08826640248298645
v -0.126564159989357 0.3679758310317993 -0.07699421793222427
v -0.12623313069343567 0.2622419595718384 -0.1091720461845398
v -0.12606021761894226 -0.07501707971096039 -0.09008172154426575
v -0.1256207972764969 0.12699326872825623 0.1202300637960434
v -0.1255742609500885 0.2597889304161072 0.11459529399871826
v -0.1251729130744934 0.25989046692848206 -0.11700921505689621
v -0.1251559853553772 -0.2441912591457367 0.0963277742266655
v -0.12514276802539825 -0.4981392025947571 -0.03767722100019455
v -0.12436968088150024 0.12658186256885529 -0.11901649087667465
v -0.12397626042366028 -0.273979514837265 0.0910383015871048
v -0.12387685477733612 0.009775178506970406 0.08440994471311569
v -0.12378589808940887 0.09732295572757721 -0.029056387022137642
v -0.12307573854923248 0.30998098850250244 -0.12544655799865723
v -0.12252949923276901 -0.481126993894577 -0.11974728107452393
v -0.12182091921567917 -0.39181098341941833 0.034828636795282364
v -0.1215343177318573 -0.4011355936527252 -0.03660536929965019
v -0.12126569449901581 -0.3959561586380005 0.12524034082889557
v -0.12112398445606232 0.003537063719704747 0.10089333355426788
v -0.12112080305814743 0.09521044045686722 -0.01591229811310768
v -0.12057933211326599 -0.48253095149993896 0.12232036888599396
v -0.12044501304626465 0.3120538294315338 -0.0778852328658104
v -0.12041646242141724 -0.3967588245868683 -0.11937659978866577
v -0.12034401297569275 0.09562607109546661 0.07319328933954239
v -0.11998603492975235 0.09676720201969147 -0.05353928729891777
v -0.1199617087841034 0.08931762725114822 -0.00020146802125964314
v -0.11967087537050247 0.12475543469190598 -0.09814733266830444
v -0.1196121796965599 0.21444743871688843 -0.0050832414999604225
v -0.1196095272898674 0.26233556866645813 -0.010744448751211166
v -0.11940594762563705 0.29713723063468933 0.07232343405485153
v -0.11939537525177002 0.2602674663066864 0.09719499200582504
v -0.11936893314123154 -0.41396084427833557 -0.059603430330753326
v -0.11917486786842346 0.08118486404418945 -0.03556260094046593
v -0.11905906349420547 0.09053225070238113 0.02811567299067974
v -0.11891523003578186 0.2308472841978073 0.08029967546463013
v -0.11890994012355804 0.23522724211215973 -0.08530518412590027
v -0.1184319257736206 0.16013242304325104 -0.04168491065502167
v -0.11841606348752975 -0.4017098844051361 0.06945580989122391
v -0.11838803440332413 0.15892097353935242 0.06296123564243317
v -0.11837216466665268 -0.48281756043434143 0.06194595992565155
v -0.1182447299361229 0.12579450011253357 0.09562183916568756
v -0.11800624430179596 0.12521758675575256 -0.07548505067825317
v -0.1179734542965889 0.15754824876785278 0.01616770215332508
v -0.11796923726797104 0.2601521909236908 -0.06753578037023544
v -0.11780054867267609 -0.23520290851593018 -0.07772235572338104
v -0.11774291098117828 -0.4958537817001343 0.053063903003931046
v -0.11754884570837021 -0.23462864756584167 0.08035572618246078
v -0.11751341819763184 -0.341430127620697 -0.03792628273367882
v -0.11695659905672073 0.1254909783601761 0.06855369359254837
v -0.11676095426082611 -0.3427557945251465 0.04147180914878845
v -0.11670119315385818 -0.42032748460769653 -0.007947687990963459
v -0.11668692529201508 0.261070191860199 0.07185915857553482
v -0.11666100472211838 0.2615455687046051 -0.09887600690126419
v -0.11663086712360382 -0.4818778932094574 -0.0709306076169014
v -0.11642728000879288 -0.4816319942474365 -0.0360771119594574
v -0.11597199738025665 0.07941554486751556 0.060543086379766464
v -0.11596830189228058 -0.017362235113978386 -0.09853652119636536
v -0.11590590327978134 -0.33454370498657227 0.11536891758441925
v -0.11555108428001404 -0.014768528752028942 -0.07701484113931656
v -0.11423862725496292 -0.029003510251641273 0.012307018972933292
v -0.11329209804534912 0.2954810857772827 -0.022024031728506088
v -0.11291559785604477 -0.46602851152420044 0.041771627962589264
v -0.1123952716588974 0.2638452649116516 0.12806934118270874
v -0.11205684393644333 -0.39282307028770447 -0.10943537950515747
v -0.11168035119771957 0.29404857754707336 0.030107619240880013
v -0.11159363389015198 -0.3924185335636139 0.11334947496652603
v -0.11108758300542831 0.09073583781719208 0.11308348923921585
v -0.11105161905288696 -0.2685980200767517 -0.09956607222557068
v -0.11097124963998795 0.4077295958995819 0.002039536600932479
v -0.11075127124786377 -0.25750720500946045 -0.028994519263505936
v -0.11038482189178467 0.01500119362026453 -0.025428900495171547
v -0.11028752475976944 -0.10824085026979446 0.041204240173101425
v -0.11027642339468002 -0.09877447783946991 -0.03514326736330986
v -0.11025420576334 -0.26347455382347107 0.10692521929740906
v -0.11009874194860458 -0.3914608955383301 -0.027539292350411415
v -0.10978887230157852 -0.09560386836528778 -0.024020206183195114
v -0.10971537232398987 -0.4916720986366272 -0.10896211117506027
v -0.10965932160615921 -0.10331200808286667 0.10087429732084274
v -0.10956784337759018 -0.27242061495780945 0.027886178344488144
v -0.10956466943025589 0.29140621423721313 -0.07621319591999054
v -0.10905544459819794 0.4254392683506012 -0.0946885347366333
v -0.10885661840438843 0.12235367298126221 -0.12123528867959976
v -0.10879845172166824 0.12248217314481735 0.124056376516819
v -0.10878100991249084 -0.28576672077178955 -0.0417330265045166
v -0.10877995193004608 -0.4898684024810791 0.11497126519680023
v -0.10877572000026703 -0.02018490806221962 0.044390719383955
v -0.10874611139297485 0.36534246802330017 0.03522893413901329
v -0.10870961844921112 -0.4940241873264313 -0.05353822559118271
v -0.1086842343211174 -0.3932519257068634 0.04052157700061798
v -0.1086667850613594 -0.4917958378791809 0.06066259369254112
v -0.10847695171833038 0.3649718165397644 -0.03227247670292854
v -0.10842829942703247 -0.018819576129317284 0.1230347603559494
v -0.10823952406644821 -0.26815328001976013 -0.02016639895737171
v -0.10823793709278107 -0.4495816230773926 0.0039632683619856834
v -0.10819775611162186 -0.39541468024253845 0.05491518974304199
v -0.10807983577251434 0.02164594829082489 0.10944648087024689
v -0.10807400941848755 -0.07266608625650406 0.037695202976465225
v -0.10801426321268082 0.015811298042535782 0.02035834826529026
v -0.10794657468795776 -0.01922198385000229 -0.014247141778469086
v -0.10792066901922226 -0.004199637565761805 -0.12424303591251373
v -0.1078096255660057 -0.05844644457101822 -0.021139899268746376
v -0.10780591517686844 0.07010463625192642 -0.056396327912807465
v -0.10778212547302246 -0.12395590543746948 -0.08006806671619415
v -0.1076943427324295 -0.11865744739770889 -0.03976276144385338
v -0.10766790807247162 -0.04841744154691696 0.12067953497171402
v -0.1074838861823082 0.017124807462096214 -0.09939104318618774
v -0.10745374858379364 0.025571143254637718 0.032595567405223846
v -0.10743734985589981 -0.08988925069570541 0.014137683436274529
v -0.10712219029664993 -0.4069591760635376 -0.04717902094125748
v -0.10703388601541519 -0.22688454389572144 -0.11624987423419952
v -0.10674094408750534 -0.0419091172516346 -0.11953047662973404
v -0.10665051639080048 -0.03878239169716835 -0.04506915435194969
v -0.10639141499996185 0.26327311992645264 -0.12098993360996246
v -0.10615556687116623 -0.19710741937160492 0.12511500716209412
v -0.10600962489843369 -0.0671360194683075 -0.003679837565869093
v -0.10548030585050583 0.45018020272254944 -0.10002030432224274
v -0.10547078400850296 -0.06068797409534454 0.0022790778893977404
v -0.10524711012840271 0.07224252820014954 -0.09850479662418365
v -0.10518630594015121 -0.11887583881616592 -0.019886139780282974
v -0.10505939275026321 -0.4912527799606323 -0.041479211300611496
v -0.1049557477235794 -0.4884480834007263 0.04945439472794533
v -0.10489124059677124 -0.03271454572677612 -0.09442360699176788
v -0.10485052317380905 -0.03861106187105179 0.08363527059555054
v -0.10482197254896164 -0.30213430523872375 0.08833303302526474
v -0.10454964637756348 -0.025671087205410004 -0.07540838420391083
v -0.10453113168478012 0.036180224269628525 0.028305508196353912
v -0.1044999361038208 -0.2957174479961395 0.04499882459640503
v -0.10447191447019577 -0.30614516139030457 -0.07931718230247498
v -0.104442298412323 -0.028631772845983505 0.1005898118019104
v -0.10441479831933975 -0.08750759065151215 0.05839937925338745
v -0.1042228490114212 0.44081535935401917 0.1027715876698494
v -0.10419799387454987 -0.28614479303359985 0.05866958945989609
v -0.10406685620546341 -0.04491792246699333 0.0932629182934761
v -0.1039658635854721 -0.2464877814054489 0.08434754610061646
v -0.10396374017000198 -0.10844019800424576 -0.05309933423995972
v -0.10386010259389877 -0.2343309372663498 -0.09203877300024033
v -0.10384000837802887 -0.239126518368721 -0.08032400161027908
v -0.10383736342191696 0.027980301529169083 -0.03463457524776459
v -0.10367660969495773 -0.24332034587860107 0.09661860764026642
v -0.10360310971736908 0.06378138810396194 -0.003982833120971918
v -0.10359200835227966 -0.27369871735572815 0.12918244302272797
v -0.10349787771701813 0.021676089614629745 0.07614868879318237
v -0.1034582257270813 -0.27311861515045166 -0.0530623160302639
v -0.10336092859506607 -0.13904066383838654 -0.07469557970762253
v -0.10320070385932922 -0.1398380696773529 0.06569930166006088
v -0.10299341380596161 -0.08144555985927582 -0.0811605453491211
v -0.10296592116355896 0.0659525915980339 0.09888975322246552
v -0.1028871238231659 0.06229707598686218 0.03190285339951515
v -0.1028839573264122 -0.2772986888885498 -0.039881739765405655
v -0.10275968909263611 0.030641164630651474 0.09848681837320328
v -0.10258308053016663 -0.0028448819648474455 -0.04679564759135246
v -0.10257091373205185 -0.26999613642692566 0.04345951974391937
v -0.1023213267326355 -0.022162046283483505 -0.09718282520771027
v -0.10222826153039932 0.035725466907024384 -0.08724213391542435
v -0.10193901509046555 -0.30946433544158936 0.002307103481143713
v -0.10177614539861679 -0.2416403889656067 0.11029624193906784
v -0.10146574676036835 -0.10159662365913391 0.02373783476650715
v -0.10135787725448608 -0.011029466986656189 0.022714100778102875
v -0.10084547847509384 -0.12062717974185944 0.055977001786231995
v -0.1007021814584732 -0.040999073535203934 -0.10675759613513947
v -0.10061069577932358 -0.2725639343261719 -0.12870019674301147
v -0.1003674566745758 -0.03445267304778099 0.10185573250055313
v -0.10011786222457886 -0.2560863494873047 -0.09798023849725723
v -0.10009989142417908 -0.3030559718608856 0.04818001389503479
v -0.09962239116430283 0.430235892534256 -0.09869568794965744
v -0.09928132593631744 0.2604546546936035 -0.10934654623270035
v -0.09917134046554565 -0.3389627933502197 -0.1120375469326973
v -0.0990661084651947 -0.0700073391199112 -0.000534075777977705
v -0.09839931130409241 -0.00920567661523819 -0.10158446431159973
v -0.09828032553195953 0.26016488671302795 0.11493848264217377
v -0.0982237458229065 -0.30049237608909607 -0.043520864099264145
v -0.09812381118535995 -5.605247861240059e-05 0.05042947828769684
v -0.09792286157608032 -0.10420513153076172 -0.01009721215814352
v -0.09788215160369873 0.12620589137077332 0.11158226430416107
v -0.09783773124217987 0.038808826357126236 0.0037792501971125603
v -0.09743690490722656 -0.3915878236293793 0.04731808975338936
v -0.09731846302747726 -0.2692182958126068 0.01747116632759571
v -0.09724073112010956 -0.0816940888762474 -0.05081179738044739
v -0.09713602811098099 -0.29378631711006165 -0.10394813865423203
v -0.09706199914216995 -0.040504127740859985 0.10879607498645782
v -0.09670507162809372 -0.04732602462172508 0.12993067502975464
v -0.09658820927143097 -0.27640295028686523 0.054600562900304794
v -0.0962497815489769 -0.048377785831689835 -0.047797173261642456
v -0.09613873064517975 -0.11506538838148117 -0.03860524669289589
v -0.09610436111688614 -0.04951203614473343 -0.1269044280052185
v -0.09607845544815063 0.12466765940189362 -0.10829583555459976
v -0.09604672342538834 -0.25084182620048523 -0.10486135631799698
v -0.09599384665489197 -0.07440050691366196 0.02245393767952919
v -0.09595947712659836 -0.2619585394859314 0.02586885169148445
v -0.09505049139261246 0.009379645809531212 0.022522680461406708
v -0.09481781721115112 0.021395830437541008 -0.03236818686127663
v -0.0945010781288147 -0.0013616307405754924 -0.025059806182980537
v -0.09435248374938965 -0.23924602568149567 -0.1257416307926178
v -0.0941922590136528 -0.0949164405465126 -0.03860101476311684
v -0.09411612153053284 -0.034207314252853394 0.011969652026891708
v -0.09406905621290207 -0.114279605448246 -0.022725732997059822
v -0.09373169392347336 0.2942632734775543 0.07622536271810532
v -0.09368886053562164 0.2934536933898926 0.03755771368741989
v -0.09362222999334335 -0.10107259452342987 0.05703457444906235
v -0.09352175891399384 -0.29460591077804565 0.10445578396320343
v -0.09334937483072281 -0.29019585251808167 -0.04979229345917702
v -0.09332557767629623 0.016913292929530144 -0.008260201662778854
v -0.09331817179918289 -0.2808257043361664 0.037209246307611465
v -0.0930580124258995 0.2937672734260559 -0.03515913337469101
v -0.09302258491516113 0.012708368711173534 0.1310279220342636
v -0.09298557043075562 -0.11154207587242126 0.0409884937107563
v -0.0929284617304802 -0.10611089318990707 -0.05126655474305153
v -0.092841736972332 -0.04637632146477699 -0.0215634573251009
v -0.09271218627691269 -0.2768767178058624 -0.027619140222668648
v -0.09239491075277328 -0.005118142813444138 0.10432199388742447
v -0.09231771528720856 0.014528986066579819 0.03138252720236778
v -0.09229180216789246 -0.044454172253608704 0.03834666684269905
v -0.09224579483270645 -0.2007153481245041 0.12918244302272797
v -0.09090003371238708 0.04539012908935547 0.0017624516040086746
v -0.09056001901626587 -0.28621193766593933 0.056112367659807205
v -0.09046854078769684 0.026419319212436676 -0.11680722236633301
v -0.08933481574058533 -0.0386972576379776 -0.10825036466121674
v -0.08860667794942856 -0.02597249485552311 0.10175155848264694
v -0.08819263428449631 -0.24563801288604736 0.11357526481151581
v -0.08728946000337601 -0.05026397109031677 -0.11874363571405411
v -0.08725350350141525 -0.4908096492290497 -0.11056328564882278
v -0.08644076436758041 -0.2631324529647827 0.09986748546361923
v -0.08600874245166779 -0.04367421194911003 0.1187119111418724
v -0.08527002483606339 -0.26638343930244446 -0.11703723669052124
v -0.08483482897281647 0.25843891501426697 -0.11926132440567017
v -0.08416485041379929 -0.018036440014839172 -0.11394700407981873
v -0.08407972007989883 -0.005945696495473385 0.12063881009817123
v -0.08403900265693665 -0.27803584933280945 0.11832483857870102
v -0.08365774899721146 0.3272067904472351 -0.12078846246004105
v -0.08340181410312653 0.12344086170196533 0.12093863636255264
v -0.08303747326135635 -0.2863087058067322 -0.09323066473007202
v -0.08164624124765396 0.023483486846089363 0.09933287650346756
v -0.0811920017004013 0.018311409279704094 -0.09665139019489288
v -0.08097361773252487 0.12940824031829834 -0.11783570796251297
v -0.08078959584236145 0.3247627317905426 -0.07950332015752792
v -0.08059976249933243 -0.011886104010045528 -0.09821765869855881
v -0.08024759590625763 0.32479605078697205 0.08168880641460419
v -0.07990969717502594 -0.26578593254089355 -0.09621673077344894
v -0.07883096486330032 0.36916613578796387 0.1268933266401291
v -0.07800287753343582 0.3688642084598541 -0.07840713858604431
v -0.07756451517343521 0.3682100772857666 -0.12482364475727081
v -0.07743390649557114 0.3683163523674011 0.08062752336263657
v -0.07739424705505371 0.04214601218700409 -0.05113012716174126
v -0.07718855142593384 0.30382004380226135 0.1253408044576645
v -0.07638267427682877 0.04262244701385498 0.059511419385671616
v -0.07629277557134628 0.09907641261816025 -0.11772254854440689
v -0.0746503621339798 0.2916039824485779 -0.09553776681423187
v -0.07429766654968262 -0.26088404655456543 -0.1098557636141777
v -0.07420089840888977 0.39643946290016174 -0.011379524134099483
v -0.07396399974822998 0.294745534658432 0.09517607092857361
v -0.07368479669094086 0.00420809630304575 0.11568354070186615
v -0.07358433306217194 -0.13625024259090424 -0.11049719154834747
v -0.0734008401632309 -0.16439498960971832 0.11811702698469162
v -0.07330988347530365 -0.024068329483270645 -0.11048872768878937
v -0.07317927479743958 -0.12659825384616852 0.11104712635278702
v -0.07272346317768097 0.39110344648361206 0.0697043389081955
v -0.07271024584770203 -0.26610317826271057 0.11649364233016968
v -0.07251405715942383 0.36141833662986755 0.03590155020356178
v -0.07211429625749588 -0.07348994165658951 -0.09761802107095718
v -0.07201012969017029 -0.13242919743061066 0.10018845647573471
v -0.07182081788778305 -0.2611902058124542 0.09825626015663147
v -0.07115348428487778 -0.04619124159216881 0.06747867166996002
v -0.0710863396525383 0.3618699014186859 -0.032601386308670044
v -0.07088062912225723 -0.30106350779533386 -0.061363764107227325
v -0.07055965811014175 -0.2812894582748413 0.06702497601509094
v -0.07012287527322769 -0.11779023706912994 -0.06317010521888733
v -0.07009591162204742 0.4106765687465668 0.0056167892180383205
v -0.06974003463983536 0.22696228325366974 -0.11346844583749771
v -0.06965173035860062 -0.02510528266429901 0.10203498601913452
v -0.06946083903312683 0.12371424585580826 -0.11352185159921646
v -0.06935349851846695 0.012634866870939732 -0.062424514442682266
v -0.06934767961502075 -0.14007285237312317 0.06846433132886887
v -0.06913193315267563 -0.06559354066848755 0.042387139052152634
v -0.06873004883527756 -0.11643072217702866 0.0463155061006546
v -0.06856771558523178 0.008274477906525135 -0.1190815344452858
v -0.06847517937421799 -0.12943626940250397 -0.09950103610754013
v -0.06806695461273193 -0.059950318187475204 0.10523097962141037
v -0.06801672279834747 -0.481709748506546 -0.11988476663827896
v -0.06791836023330688 0.03841223940253258 0.024403050541877747
v -0.0678052008152008 -0.08722680062055588 0.006388820707798004
v -0.06768463551998138 -0.2865043878555298 -0.01530736219137907
v -0.0676698312163353 -0.28507715463638306 0.05195186287164688
v -0.06765396893024445 -0.2320968061685562 -0.0493771918118
v -0.06760531663894653 -0.17605635523796082 -0.013935156166553497
v -0.06754926592111588 -0.3987835645675659 0.12337318062782288
v -0.06754714995622635 -0.20456966757774353 0.005425368435680866
v -0.06754080951213837 0.020979145541787148 -0.043154411017894745
v -0.06748317182064056 -0.21534162759780884 -0.01923837512731552
v -0.06746994704008102 -0.4973719120025635 -0.1285695880651474
v -0.06742500513792038 0.26038065552711487 0.11630804091691971
v -0.06739063560962677 -0.297118216753006 0.03085426799952984
v -0.06731554120779037 -0.24661469459533691 -0.11948235332965851
v -0.0673060193657875 -0.1423085629940033 -0.04632238298654556
v -0.06718968600034714 -0.39715859293937683 -0.11946491152048111
v -0.067135751247406 0.384664922952652 -0.0651678666472435
v -0.06712835282087326 -0.14687147736549377 -0.05781083554029465
v -0.0670522078871727 -0.1248093694448471 0.017699602991342545
v -0.0669369250535965 -0.23856918513774872 0.046509046107530594
v -0.0669311136007309 -0.09172890335321426 -0.017363291233778
v -0.06671959906816483 -0.03792363777756691 0.002832190366461873
v -0.0665990337729454 -0.08819818496704102 -0.050018612295389175
v -0.06657259166240692 -0.07779956609010696 -0.10211218893527985
v -0.0664403960108757 -0.29715946316719055 -0.0503988116979599
v -0.06643511354923248 -0.2113112062215805 0.01496682409197092
v -0.0664203017950058 -0.14362101256847382 0.08397740125656128
v -0.06630925834178925 -0.15299537777900696 -0.07928862422704697
v -0.06615855544805527 -0.1357029378414154 -0.012264715507626534
v -0.06578046828508377 -0.24662473797798157 -0.0005071077612228692
v -0.0657074972987175 0.006272485945373774 -0.07799097895622253
v -0.06567365676164627 -0.10898591578006744 0.10273774713277817
v -0.06567101180553436 -0.4826536178588867 0.12644967436790466
v -0.0656641349196434 -0.054879236966371536 -0.006066787987947464
v -0.06554833054542542 -0.10830006748437881 0.0002374261530349031
v -0.06543146818876266 -0.28144174814224243 -0.10580313205718994
v -0.0650005117058754 -0.18296021223068237 0.10449544340372086
v -0.06496983766555786 -0.03545789793133736 -0.11782936751842499
v -0.06486514210700989 -0.30348536372184753 0.06823219358921051
v -0.06481965631246567 0.26154765486717224 -0.11239342391490936
v -0.0647926926612854 -0.17771358788013458 -0.1004972755908966
v -0.0647493377327919 -0.04584753140807152 0.10197840631008148
v -0.0646081492304802 0.07634645700454712 -0.10518021881580353
v -0.0643194317817688 0.1383320689201355 0.1149490550160408
v -0.06427130848169327 -0.2379896342754364 0.10408826917409897
v -0.06408464908599854 -0.22553719580173492 0.12305273115634918
v -0.0640481635928154 -0.17930099368095398 0.10038464516401291
v -0.06399369984865189 0.14798034727573395 -0.11230406165122986
v -0.0637969896197319 -0.3918585479259491 -0.13125741481781006
v -0.0637192577123642 0.0003151568816974759 0.12173182517290115
v -0.06328723579645157 -0.06843842566013336 0.0574544332921505
v -0.0632777139544487 -0.28754398226737976 0.08783543854951859
v -0.06322377920150757 -0.29818636178970337 -0.08344542980194092
v -0.0628821849822998 -0.016838205978274345 -0.057741038501262665
v -0.06286103278398514 0.07522277534008026 0.10611142218112946
v -0.06245386600494385 0.007876829244196415 0.10337124019861221
v -0.062421079725027084 0.019257938489317894 0.08803848922252655
v -0.0623311847448349 -0.4997398257255554 0.1333773285150528
v -0.06211914122104645 -0.014522642828524113 0.0562884584069252
v -0.062090057879686356 -0.24424783885478973 -0.09818964451551437
v -0.0620657354593277 0.02051645703613758 0.0666336715221405
v -0.061623137444257736 -0.11073355376720428 -0.05960184335708618
v -0.06160198524594307 0.26585569977760315 -0.12597006559371948
v -0.06155598163604736 -0.09437813609838486 0.062307123094797134
v -0.06153535842895508 -0.23520977795124054 -0.06060231104493141
v -0.061477188020944595 -0.09816426038742065 -0.051034413278102875
v -0.06142167001962662 -0.11644183099269867 0.0547216571867466
v -0.061265673488378525 -0.062483739107847214 -0.04974575713276863
v -0.061057861894369125 -0.22925351560115814 0.054061200469732285
v -0.06085480749607086 0.29801979660987854 -0.12784355878829956
v -0.06072895601391792 -0.2784678637981415 0.10795529931783676
v -0.06070992350578308 -0.41142529249191284 0.14016485214233398
v -0.06032126396894455 -0.12458939850330353 0.10019321739673615
v -0.05946938320994377 -0.22087857127189636 0.09147614985704422
v -0.05914311856031418 -0.06746280938386917 0.05368999019265175
v -0.05913413316011429 -0.1336628794670105 0.05880337208509445
v -0.059094469994306564 -0.06981697678565979 -0.05966688320040703
v -0.05889511853456497 -0.0030600987374782562 -0.05314110964536667
v -0.0586693249642849 0.007391930557787418 -0.10045232623815536
v -0.05845939740538597 -0.07766947895288467 -0.09429564327001572
v -0.05840281769633293 -0.054077595472335815 0.008480707183480263
v -0.05805117264389992 -0.13329166173934937 -0.09065704792737961
v -0.05749594420194626 -0.106211356818676 0.09553088992834091
v -0.057362161576747894 -0.48965319991111755 -0.10646623373031616
v -0.057018451392650604 -0.13391351699829102 0.11392108350992203
v -0.05694441869854927 -0.27223238348960876 0.11516902595758438
v -0.056879907846450806 -0.06614242494106293 -0.10536953061819077
v -0.056727614253759384 -0.12388452142477036 0.01100778579711914
v -0.05664617940783501 -0.11650052666664124 -0.0491751953959465
v -0.05662820488214493 0.007693868596106768 0.11690504848957062
v -0.05656792223453522 -0.023917095735669136 -0.04992819204926491
v -0.05642250180244446 -0.1403435915708542 -0.0661286786198616
v -0.056336842477321625 -0.29341933131217957 0.05331137776374817
v -0.05626862868666649 -0.2479313760995865 -0.10958027094602585
v -0.05610470101237297 -0.18445615470409393 0.018245840445160866
v -0.05566369369626045 -0.256793349981308 0.09546003490686417
v -0.05562826246023178 0.01645747572183609 0.09413647651672363
v -0.05560605600476265 -0.12568926811218262 -0.10937774181365967
v -0.055304646492004395 -0.12387552857398987 -0.048551224172115326
v -0.05520206317305565 -0.38873445987701416 0.13733161985874176
v -0.05459712818264961 -0.10594537854194641 -0.004533830564469099
v -0.05434013530611992 -0.2300223708152771 0.0013246149756014347
v -0.054051417857408524 -0.09791308641433716 -0.06321504712104797
v -0.05380711704492569 -0.15613426268100739 -0.01045678835362196
v -0.05364583805203438 -0.2563169002532959 -0.09752283245325089
v -0.0534517727792263 0.008569013327360153 -0.09130533784627914
v -0.05343220755457878 -0.19953404366970062 0.012790331616997719
v -0.05327462777495384 -0.3022664785385132 -0.09520146250724792
v -0.05325136333703995 -0.14011673629283905 0.1076195165514946
v -0.05301234871149063 -0.49446356296539307 -0.10641969740390778
v -0.05296370014548302 -0.023029260337352753 -0.05045803636312485
v -0.05293990299105644 -0.07650244235992432 -0.006650040857493877
v -0.05291081964969635 -0.30310937762260437 0.09893998503684998
v -0.052899718284606934 -0.23503370583057404 0.06100048869848251
v -0.05287327989935875 -0.15699565410614014 -0.05594157055020332
v -0.05277598276734352 -0.11928088963031769 0.05550743639469147
v -0.052612584084272385 -0.0873616486787796 0.05524886026978493
v -0.05254595726728439 -0.024674320593476295 0.01974971406161785
v -0.052489377558231354 -0.019568340852856636 0.05283863842487335
v -0.05241957679390907 -0.49738141894340515 -0.1422102153301239
v -0.05241852253675461 -0.24367569386959076 0.012986511923372746
v -0.05223926156759262 -0.28634360432624817 -0.05379786342382431
v -0.05217897891998291 -0.11769558489322662 -0.09758735448122025
v -0.052139319479465485 -0.2850470244884491 0.06627251207828522
v -0.052032504230737686 -0.08045461028814316 -0.04709494113922119
v -0.05201399698853493 0.04223854839801788 -0.01689266972243786
v -0.051915112882852554 -0.21410901844501495 -0.018116287887096405
v -0.051899250596761703 -0.2453191578388214 -0.012786099687218666
v -0.05189554765820503 -0.3925645053386688 -0.10698285698890686
v -0.05162904039025307 0.0011717939050868154 0.04806368052959442
v -0.05158885195851326 -0.28757092356681824 -0.04757613688707352
v -0.05152010917663574 -0.06753630936145782 0.037082865834236145
v -0.05144660547375679 0.038915641605854034 0.029244108125567436
v -0.05137310549616814 -0.23051996529102325 -0.05633128434419632
v -0.05121235549449921 -0.202108696103096 0.04663489758968353
v -0.05094161257147789 -0.12823909521102905 -0.03978338837623596
v -0.050883978605270386 0.009433053433895111 0.1003677174448967
v -0.05087604373693466 -0.009087756276130676 -0.041112758219242096
v -0.05080624669790268 -0.17550165951251984 -0.04090071842074394
v -0.05071529000997543 -0.10055914521217346 0.025888416916131973
v -0.05054132267832756 -0.2986791729927063 -0.046032607555389404
v -0.050128865987062454 -0.2914554178714752 0.04523307830095291
v -0.049740735441446304 0.003666088217869401 -0.10057341307401657
v -0.04947686940431595 -0.34558534622192383 0.11598125100135803
v -0.04930131137371063 -0.1353370100259781 -0.05636883154511452
v -0.04912734031677246 -0.49214643239974976 0.11003556102514267
v -0.048750314861536026 -0.1151626855134964 -0.05725719779729843
v -0.04847323149442673 -0.12748980522155762 0.10631341487169266
v -0.0484510213136673 -0.16603687405586243 0.05207401141524315
v -0.04826806113123894 -0.12113799154758453 -0.05896994099020958
v -0.04817499220371246 -0.16345851123332977 -0.10449491441249847
v -0.04816706106066704 -0.249642014503479 0.10486400872468948
v -0.047671057283878326 -0.08352475613355637 -0.05091014876961708
v -0.0474093072116375 -0.2891298234462738 0.0901261493563652
v -0.04740666598081589 -0.3924840986728668 0.10985470563173294
v -0.0470254085958004 -0.49538737535476685 0.1422102153301239
v -0.046900082379579544 -0.3008398115634918 0.05919467285275459
v -0.04683081433176994 -0.41033443808555603 -0.1323726326227188
v -0.04668751358985901 -0.03255009278655052 -0.06722220778465271
v -0.046534691005945206 -0.2862706482410431 0.052928533405065536
v -0.0464077852666378 -0.16639591753482819 -0.06626509875059128
v -0.046118538826704025 -0.13859593868255615 0.08961322158575058
v -0.04605931043624878 0.3171968460083008 -0.12028664350509644
v -0.045985281467437744 0.001084015006199479 -0.0487394705414772
v -0.04588004946708679 -0.03540924936532974 0.06914330273866653
v -0.04572881758213043 0.02428354322910309 0.10533621162176132
v -0.04484468325972557 -0.35799387097358704 -0.1346268653869629
v -0.04467970132827759 -0.10380589962005615 0.07131503522396088
v -0.04460514336824417 0.46313339471817017 -0.03762592747807503
v -0.044152501970529556 0.49767225980758667 -0.036839623004198074
v -0.04412130266427994 0.4997138977050781 0.03995365649461746
v -0.04386642575263977 -0.4042893350124359 0.1395149827003479
v -0.04384051635861397 0.46785232424736023 0.040935616940259933
v -0.042530179023742676 -0.12605677545070648 -0.08650130033493042
v -0.04240591451525688 -0.285804808139801 -0.06867849081754684
v -0.04228799045085907 -0.18354135751724243 -0.04933806136250496
v -0.04216161370277405 -0.1767178773880005 -0.08736851811408997
v -0.04111567139625549 -0.3966911733150482 0.11734605580568314
v -0.04103582352399826 -0.3973759114742279 -0.11365880817174911
v -0.040721721947193146 -0.4824632406234741 0.11883300542831421
v -0.04063447564840317 -0.11798641830682755 -0.05005139857530594
v -0.040355801582336426 -0.11821538209915161 -0.06699271500110626
v -0.040175486356019974 -0.22137722373008728 0.07084652781486511
v -0.04008347541093826 0.03473504260182381 -0.10570107400417328
v -0.04004170000553131 -0.30274292826652527 -0.05030415952205658
v -0.039661504328250885 -0.49925971031188965 -0.11781032383441925
v -0.039635591208934784 -0.1657433956861496 0.06949599832296371
v -0.03961179405450821 0.045398589223623276 0.04967913031578064
v -0.03920463100075722 -0.3546212911605835 0.13889101147651672
v -0.038480717688798904 0.31630739569664 0.1228560283780098
v -0.038427840918302536 0.015266645699739456 0.09024935215711594
v -0.03841039165854454 -0.1230839341878891 0.052543576806783676
v -0.03816714882850647 -0.3357340395450592 -0.10600300878286362
v -0.03804658353328705 -0.3012247681617737 -0.06461475044488907
v -0.0375140942633152 -0.2221354991197586 0.10695060342550278
v -0.03733271732926369 -0.0749472826719284 0.052856091409921646
v -0.03646339103579521 -0.15292027592658997 0.107613705098629
v -0.036395177245140076 -0.29188162088394165 0.10598926991224289
v -0.036167267709970474 -0.29638636112213135 -0.0971733033657074
v -0.03597848862409592 -0.05415479466319084 -0.0892520621418953
v -0.03573577478528023 -0.48500940203666687 -0.11776801943778992
v -0.03567814081907272 -0.030200686305761337 0.10725465416908264
v -0.035511042922735214 0.029751742258667946 -0.09257073700428009
v -0.03517208993434906 0.2708374261856079 0.13569974899291992
v -0.035166800022125244 -0.02643941529095173 -0.10375354439020157
v -0.03501133620738983 0.043485961854457855 -0.05504421517252922
v -0.03431069478392601 0.017181387171149254 -0.06743636727333069
v -0.034059517085552216 -0.28662651777267456 -0.10313063859939575
v -0.03352174162864685 -0.0016149204457178712 0.10262829065322876
v -0.03329489007592201 -0.28376102447509766 -0.0870242714881897
v -0.03309659659862518 0.3679012656211853 -0.06681028008460999
v -0.03295646607875824 -0.49343612790107727 0.13080424070358276
v -0.03242609277367592 0.29465192556381226 -0.09154118597507477
v -0.03239172324538231 -0.1860150247812271 0.09276057034730911
v -0.03200306370854378 -0.15100184082984924 -0.10250137746334076
v -0.031958114355802536 -0.21602217853069305 -0.09163848310709
v -0.0317629911005497 0.08806915581226349 0.11657137423753738
v -0.03165353089570999 -0.27972212433815 0.0963277742266655
v -0.03164084255695343 -0.139142706990242 0.09178601205348969
v -0.03136587142944336 0.3089403212070465 0.08925629407167435
v -0.03120564855635166 -0.11472009122371674 0.09658688306808472
v -0.03104753978550434 -0.10900388658046722 0.09931331127882004
v -0.030892077833414078 -0.030051568523049355 0.0970749482512474
v -0.03073767013847828 0.3667146563529968 -0.10395555198192596
v -0.030263347551226616 -0.20609840750694275 -0.10237288475036621
v -0.030139083042740822 0.36706051230430603 0.1084994226694107
v -0.029863055795431137 0.4718795418739319 -0.022779671475291252
v -0.02954207919538021 0.09515862911939621 -0.11483695358037949
v -0.029534677043557167 0.37945371866226196 0.07044835388660431
v -0.029454302042722702 -0.025846116244792938 -0.09084054082632065
v -0.02932104654610157 0.49501776695251465 -0.021305937319993973
v -0.028716113418340683 -0.2020140439271927 -0.08721040189266205
v -0.028641024604439735 0.47184044122695923 0.026500225067138672
v -0.028606653213500977 0.2930634617805481 -0.10653761774301529
v -0.0285987239331007 -0.10926511138677597 -0.090137779712677
v -0.028372401371598244 0.01418051403015852 -0.09671008586883545
v -0.028201602399349213 -0.1576487123966217 -0.0904841348528862
v -0.027846256271004677 -0.14083059132099152 -0.09472396224737167
v -0.02767069824039936 0.02805168926715851 -0.05270855873823166
v -0.027261946350336075 -0.036293912678956985 -0.09498941153287888
v -0.02681512013077736 -0.05927928164601326 -0.06523820012807846
v -0.02619696594774723 -0.1413588523864746 0.10471488535404205
v -0.0260637104511261 0.030175302177667618 0.07046103477478027
v -0.025952136144042015 -0.21205680072307587 -0.0655776783823967
v -0.025853782892227173 -0.18111053109169006 0.09671220928430557
v -0.024835335090756416 0.2905416786670685 0.10729643702507019
v -0.023724352940917015 0.021098123863339424 -0.09949204325675964
v -0.021676354110240936 -0.11129935830831528 0.09239781647920609
v -0.021653087809681892 0.0648447796702385 0.10144644230604172
v -0.021591220051050186 0.03649485111236572 -0.09377584606409073
v -0.021013783290982246 -0.04169125854969025 0.09140846133232117
v -0.020710788667201996 -0.08014844357967377 0.0971415787935257
v -0.020204737782478333 0.04640910401940346 0.0879708081483841
v -0.02012171782553196 -0.24458467960357666 -0.0515790693461895
v -0.018261969089508057 -0.10653815418481827 0.1046096533536911
v -0.018248748034238815 0.2747673988342285 -0.1314060091972351
v -0.017576131969690323 -0.20182421803474426 0.06970646232366562
v -0.016638588160276413 -0.15418145060539246 0.0927145704627037
v -0.016040530055761337 -0.1497158259153366 -0.08864501118659973
v -0.015860741958022118 0.11597490310668945 0.13476009666919708
v -0.015739120543003082 -0.1024971529841423 -0.10194826871156693
v -0.015095056034624577 -0.18776266276836395 0.11067327111959457
v -0.014978722669184208 -0.13186870515346527 -0.05521184206008911
v -0.01454564556479454 0.31795722246170044 -0.12062347680330276
v -0.014132661744952202 0.06332451105117798 -0.09889821708202362
v -0.01331462524831295 -0.3389575183391571 -0.11778494715690613
v -0.013308809138834476 -0.2171432077884674 0.09057403355836868
v -0.013233721256256104 0.027518142014741898 0.10666505992412567
v -0.012574851512908936 -0.16282396018505096 -0.10132112354040146
v -0.012185133993625641 -0.2902391850948334 0.07112202048301697
v -0.011322680860757828 -0.21622733771800995 0.05560314655303955
v -0.011221681721508503 0.046881310641765594 -0.09223812073469162
v -0.011213220655918121 -0.21914096176624298 -0.08824841678142548
v -0.010904408991336823 -0.3388734459877014 -0.13492614030838013
v -0.010438546538352966 -0.2000051885843277 0.0579477921128273
v -0.009959992952644825 -0.02473513036966324 0.06668918579816818
v -0.009859523735940456 -0.34380388259887695 0.12486859411001205
v -0.009794482961297035 0.4359378218650818 0.07022573053836823
v -0.00962209701538086 -0.08473620563745499 -0.08988025784492493
v -0.009323332458734512 -0.00766002805903554 -0.1040813997387886
v -0.008578798733651638 -0.17231570184230804 -0.08945881575345993
v -0.008554473519325256 -0.03832446038722992 -0.05686166137456894
v -0.008401653729379177 -0.22673965990543365 0.10743286460638046
v -0.008310173638164997 -0.052211496978998184 0.10564026981592178
v -0.008241959847509861 -0.20216475427150726 -0.053634993731975555
v -0.007920985110104084 -0.009800562635064125 0.05512406304478645
v -0.007849070243537426 -0.2789871096611023 -0.09036833047866821
v -0.00774066848680377 -0.2764827609062195 0.09463882446289062
v -0.0072340895421803 0.2956090569496155 -0.10899965465068817
v -0.007155300118029118 -0.0040933508425951 0.09326926618814468
v -0.006958590820431709 0.4275089204311371 -0.06799370795488358
v -0.006758708972483873 -0.1883697211742401 -0.052455268800258636
v -0.006679919082671404 -0.22577567398548126 -0.10422734916210175
v -0.004796904511749744 -0.38577431440353394 0.1231590211391449
v -0.004552604164928198 -0.1743600070476532 0.10398092865943909
v -0.004164473153650761 -0.16490845382213593 -0.06642638146877289
v -0.004157599527388811 -0.14930759370326996 0.09287954866886139
v -0.004065061453729868 -0.07237155735492706 0.06671351939439774
v -0.003932863939553499 -0.3125413656234741 0.1419796496629715
v -0.0039006080478429794 0.1916883885860443 0.12023165076971054
v -0.0034590698778629303 -0.14033670723438263 0.06572838872671127
v -0.00339984567835927 -0.10326600819826126 -0.056396327912807465
v -0.00337181962095201 -0.36918357014656067 -0.12182700634002686
v -0.0032687061466276646 0.31867480278015137 0.12628468871116638
v -0.003248611930757761 -0.052499689161777496 -0.10689032077789307
v -0.0032248166389763355 -0.24078215658664703 0.06765211373567581
v -0.003050316357985139 0.43956002593040466 -0.04753595218062401
v -0.003018589224666357 0.02564993128180504 0.09437495470046997
v -0.0026817512698471546 -0.06177569180727005 0.058994267135858536
v -0.00261829630471766 0.49734124541282654 -0.037981804460287094
v -0.002431634347885847 -0.1122104600071907 0.06242663040757179
v -0.002162481192499399 -0.30885255336761475 -0.09629340469837189
v -0.0016791685484349728 -0.09800297766923904 0.05779550224542618
v -0.0008209451916627586 0.412482887506485 -0.10646200180053711
v -0.000635869218967855 -0.31228965520858765 -0.13726285099983215
v -0.0004624266002792865 -0.10223856568336487 -0.06475118547677994
v 0.00015995715511962771 0.03282664716243744 -0.09571120142936707
v 0.00045819379738532007 -0.05624932795763016 0.09026045352220535
v 0.0007759954896755517 -0.06747233122587204 0.06537621468305588
v 0.0008997319964691997 -0.06706145405769348 -0.06405159831047058
v 0.0016284022713080049 0.1901422142982483 -0.11669881641864777
v 0.0017526674782857299 -0.30768710374832153 0.09687930345535278
v 0.0018943827599287033 0.4977954924106598 0.03990606591105461
v 0.0019916798919439316 -0.24059392511844635 -0.06260007619857788
v 0.0020191767252981663 0.41334268450737 0.09685339033603668
v 0.0021566618233919144 -0.12127601355314255 -0.06344613432884216
v 0.0022645345889031887 -0.2799024283885956 0.10760629922151566
v 0.002760009141638875 0.08889459818601608 -0.11417807638645172
v 0.00295407441444695 0.037524402141571045 -0.05138712003827095
v 0.003018586663529277 -0.08376958221197128 0.05760566517710686
v 0.003527809865772724 0.41842859983444214 -0.06977467238903046
v 0.0035711706150323153 0.43896618485450745 0.05235955864191055
v 0.0036118871066719294 -0.015437445603311062 0.10933861136436462
v 0.0036541903391480446 0.4267120659351349 0.06699430197477341
v 0.0037049539387226105 -0.28768038749694824 -0.10399520397186279
v 0.003872579662129283 -0.1401008665561676 0.05969226360321045
v 0.003945023752748966 -0.17400148510932922 0.05486654117703438
v 0.003952955827116966 0.000757223810069263 -0.09078819304704666
v 0.0039788661524653435 -0.16327449679374695 0.10333633422851562
v 0.0041036601178348064 -0.1779874861240387 0.08962802588939667
v 0.004779980052262545 -0.11900275200605392 0.0616154670715332
v 0.005241083912551403 0.03003358654677868 -0.06694935262203217
v 0.005623397883027792 0.058489274233579636 0.10232212394475937
v 0.005865054205060005 0.039276279509067535 -0.0896761491894722
v 0.006371633615344763 -0.27811723947525024 -0.06353602558374405
v 0.006743900012224913 0.04090970382094383 0.05292906612157822
v 0.006829035002738237 -0.06375124305486679 -0.05402576923370361
v 0.006950127426534891 -0.14459609985351562 0.09121492505073547
v 0.007581500802189112 -0.22192716598510742 0.05725878104567528
v 0.008022509515285492 -0.2773536741733551 -0.09415392577648163
v 0.008181675337255001 -0.2276359498500824 -0.09253953397274017
v 0.00829959474503994 -0.016298843547701836 -0.05078958347439766
v 0.008630087599158287 -0.17073780298233032 -0.1039169430732727
v 0.009069510735571384 -0.051294051110744476 0.10466571152210236
v 0.009288428351283073 -0.19664420187473297 -0.05373863875865936
v 0.009799239225685596 -0.04245588183403015 0.06778378784656525
v 0.010012869723141193 0.12907034158706665 -0.11312843859195709
v 0.010030319914221764 -0.08646904677152634 -0.10064903646707535
v 0.011064629070460796 0.3131526708602905 -0.1239844560623169
v 0.01109106931835413 -0.12788797914981842 -0.05332565680146217
v 0.011152408085763454 -0.10990177094936371 0.10559161752462387
v 0.011174088343977928 -0.237960547208786 -0.05319716036319733
v 0.011649997904896736 -0.1474938690662384 -0.050864145159721375
v 0.011802288703620434 -0.22347703576087952 0.09816689789295197
v 0.012040243484079838 0.0893789678812027 0.11588871479034424
v 0.012055578641593456 -0.040640026330947876 -0.06211570277810097
v 0.01466673519462347 -0.04471169412136078 -0.0896068811416626
v 0.015693113207817078 -0.13612808287143707 -0.10290748625993729
v 0.016793521121144295 -0.09904944896697998 0.0925617441534996
v 0.016898222267627716 -0.04554612189531326 0.05793298780918121
v 0.016909854486584663 -0.2812873423099518 0.10196942090988159
v 0.017696691676974297 -0.18197773396968842 0.0678805559873581
v 0.01788070984184742 -0.21330684423446655 0.06728936731815338
v 0.018066314980387688 0.3867589235305786 -0.06358732283115387
v 0.018210144713521004 0.295610636472702 -0.10419085621833801
v 0.018367724493145943 0.2549341022968292 -0.11431080847978592
v 0.01955961436033249 0.04757508262991905 -0.10556517541408539
v 0.021196212619543076 -0.10106624662876129 0.0691269040107727
v 0.021318363025784492 0.030960552394390106 -0.1022348701953888
v 0.021483873948454857 0.012933103367686272 -0.09302496165037155
v 0.021751441061496735 -0.18939080834388733 0.10760313272476196
v 0.022724410519003868 0.2932072877883911 0.10888596624135971
v 0.0234002023935318 -0.298341304063797 -0.09064488112926483
v 0.024559305980801582 -0.2095281183719635 -0.10363404452800751
v 0.02489984594285488 -0.02980092167854309 0.09144970029592514
v 0.025254134088754654 -0.05418810993432999 0.06653637439012527
v 0.025636976584792137 0.06801486015319824 -0.10082458704710007
v 0.025641735643148422 -0.13170741498470306 -0.08982579410076141
v 0.02581147663295269 0.0400853231549263 0.10482645779848099
v 0.026106012985110283 0.028701040893793106 -0.09169347584247589
v 0.02634185180068016 -0.19872498512268066 -0.0878840833902359
v 0.027438031509518623 -0.1729576587677002 -0.06621909886598587
v 0.02756652422249317 0.2853029668331146 0.13358831405639648
v 0.02820953167974949 0.2948750853538513 -0.10212435573339462
v 0.02858867309987545 -0.02670486643910408 -0.1008468046784401
v 0.02883826196193695 0.3711845278739929 0.07104799151420593
v 0.02906510978937149 -0.14145879447460175 -0.051574308425188065
v 0.029117990285158157 0.36687171459198 0.10885688662528992
v 0.029247013852000237 0.47620081901550293 0.026270203292369843
v 0.029543664306402206 -0.24595794081687927 -0.05032689496874809
v 0.029748832806944847 0.47096899151802063 -0.01988138072192669
v 0.030019044876098633 0.12594890594482422 0.11590087413787842
v 0.03031516633927822 -0.13996021449565887 0.0995079055428505
v 0.03064565919339657 -0.13737761974334717 0.09969403594732285
v 0.030704883858561516 0.3003031015396118 0.09316615760326385
v 0.03077574074268341 0.3039517402648926 -0.08900035917758942
v 0.030856115743517876 -0.13869166374206543 -0.10259232670068741
v 0.031159641221165657 0.046543944627046585 -0.07827810943126678
v 0.03154301270842552 0.3667786419391632 -0.10248498618602753
v 0.03167838230729103 0.3173977732658386 0.12105339020490646
v 0.03194383531808853 0.04475187882781029 -0.050185710191726685
v 0.031972918659448624 -0.21169298887252808 0.10373398661613464
v 0.03231504559516907 -0.08148998022079468 -0.0500899963080883
v 0.032409168779850006 -0.49181437492370605 -0.12714608013629913
v 0.032512810081243515 -0.025686949491500854 -0.0895809605717659
v 0.03261803835630417 -0.2789686322212219 0.09146873652935028
v 0.032887719571590424 -0.2812027335166931 -0.08902256190776825
v 0.032897770404815674 0.03235761076211929 -0.09401749819517136
v 0.03295910730957985 0.36458683013916016 -0.06698690354824066
v 0.03297867253422737 -0.15765240788459778 -0.10430930554866791
v 0.03333243727684021 0.013456074520945549 0.1049734577536583
v 0.033651288598775864 0.019712697714567184 0.09075276553630829
v 0.034065332263708115 0.49910685420036316 0.019451476633548737
v 0.034112393856048584 -0.11834123730659485 -0.0884900763630867
v 0.034308575093746185 0.5 -0.03272247314453125
v 0.03439212590456009 -0.3614569306373596 0.12259956449270248
v 0.034394770860672 -0.21270085871219635 0.08983531594276428
v 0.03474218398332596 -0.13740351796150208 0.0686568096280098
v 0.0353037565946579 -0.19240702688694 0.10760048031806946
v 0.0354999378323555 -0.28291550278663635 -0.10459326207637787
v 0.03626614809036255 -0.10952791571617126 0.09011504054069519
v 0.036464445292949677 -0.10014563053846359 0.05384492501616478
v 0.036640532314777374 0.01900147646665573 -0.10557840019464493
v 0.037113796919584274 -0.3989622890949249 -0.11546198278665543
v 0.037198930978775024 -0.40417563915252686 0.11987631022930145
v 0.0374881774187088 -0.1373194456100464 0.05313793569803238
v 0.037919141352176666 -0.27790626883506775 0.05144105479121208
v 0.03808412328362465 -0.3610476553440094 -0.1265527904033661
v 0.03815075010061264 -0.48322734236717224 0.12256255000829697
v 0.038234829902648926 0.04394230619072914 0.06773460656404495
v 0.03875092417001724 0.29415223002433777 -0.10927779972553253
v 0.038805920630693436 0.2733607888221741 -0.13065195083618164
v 0.03895027935504913 0.027757681906223297 0.09414546191692352
v 0.039061322808265686 -0.30238282680511475 0.06847279518842697
v 0.03943147882819176 -0.03427975997328758 0.07119341194629669
v 0.03993171080946922 -0.4805305600166321 -0.11490411311388016
v 0.04066091030836105 0.47551974654197693 0.04098003730177879
v 0.04157729819417 -0.13056734204292297 -0.0664982944726944
v 0.04178881272673607 -0.4972730278968811 0.13275758922100067
v 0.04183323308825493 -0.34856876730918884 0.13746169209480286
v 0.042276885360479355 -0.3915894031524658 0.1093306764960289
v 0.042280588299036026 0.47120481729507446 -0.035975582897663116
v 0.04236466437578201 -0.30047497153282166 -0.06520964205265045
v 0.04265814274549484 0.3157019317150116 -0.11725509911775589
v 0.042687226086854935 -0.3394022285938263 -0.10732710361480713
v 0.042867012321949005 -0.12684890627861023 -0.049715615808963776
v 0.042882345616817474 -0.1030455082654953 -0.06782820075750351
v 0.043028295040130615 -0.30138128995895386 -0.05199258029460907
v 0.04314304143190384 -0.4031592905521393 -0.13424824178218842
v 0.04321495443582535 -0.16604164242744446 0.0711125060915947
v 0.04330696538090706 0.02360563725233078 -0.09031651169061661
v 0.04344550892710686 -0.2918567657470703 0.08994424343109131
v 0.043690863996744156 -0.286013662815094 -0.06874512135982513
v 0.04377177357673645 -0.07513182610273361 0.053026363253593445
v 0.044659607112407684 -0.07327207922935486 0.06880117952823639
v 0.04467705637216568 -0.28868141770362854 0.06848442554473877
v 0.04470296576619148 -0.28980663418769836 -0.05081919953227043
v 0.044744741171598434 -0.1627192497253418 -0.08818972110748291
v 0.04477594047784805 -0.08803002536296844 -0.05102119594812393
v 0.04487535357475281 -0.3008699417114258 0.05463705211877823
v 0.04494620859622955 0.10818532109260559 -0.12871183454990387
v 0.04553210362792015 -0.06642056256532669 0.10639960318803787
v 0.04657011851668358 0.0007117480272427201 0.07082484662532806
v 0.04679696634411812 -0.40026259422302246 0.14183001220226288
v 0.04781752824783325 -0.0073787132278084755 0.05208459123969078
v 0.047961361706256866 -0.29500359296798706 0.09984210133552551
v 0.048087213188409805 0.026957625523209572 -0.09963111579418182
v 0.048108361661434174 0.018914757296442986 0.09294881671667099
v 0.048406071960926056 -0.49250495433807373 -0.10608286410570145
v 0.04860331118106842 -0.21283464133739471 0.05202747881412506
v 0.0486530177295208 -0.29222428798675537 0.04369959235191345
v 0.04875560104846954 -0.2964651584625244 -0.09224605560302734
v 0.04884655028581619 -0.0060366480611264706 0.10817105323076248
v 0.04952974617481232 -0.28992509841918945 -0.04610346257686615
v 0.04964078962802887 0.04081029072403908 -0.05862569808959961
v 0.04966617375612259 -0.25547242164611816 -0.062266405671834946
v 0.04987451434135437 -0.46289440989494324 0.13595253229141235
v 0.04990730062127113 -0.12339962273836136 -0.05919203162193298
v 0.04991523176431656 -0.1416274905204773 -0.055540747940540314
v 0.04995753616094589 -0.2831106185913086 -0.09764499217271805
v 0.04996176436543465 -0.0779111385345459 -0.06509701162576675
v 0.04996176436543465 0.0024123310577124357 -0.03621987998485565
v 0.05002574995160103 -0.18124958872795105 -0.052262790501117706
v 0.05002680793404579 -0.2734930217266083 0.10148557275533676
v 0.05019126087427139 -0.2210187017917633 0.02886919677257538
v 0.0501997210085392 -0.07175974547863007 0.04247386381030083
v 0.050321340560913086 -0.2045099288225174 0.04446686431765556
v 0.05039484426379204 -0.13580870628356934 0.098431296646595
v 0.0505518913269043 -0.1650681346654892 -0.05709168314933777
v 0.050577275454998016 -0.1742875725030899 -0.04113549739122391
v 0.05080201104283333 -0.14525550603866577 0.010951206088066101
v 0.050849076360464096 0.010592686012387276 -0.09533841162919998
v 0.05086863785982132 -0.055052679032087326 0.04614999517798424
v 0.05091358348727226 0.03979131951928139 -0.0011056961957365274
v 0.05106693133711815 -0.13326099514961243 0.040600892156362534
v 0.05107486620545387 -0.12075197696685791 -0.05429968237876892
v 0.051154181361198425 -0.07853246480226517 -0.04399941861629486
v 0.05115947499871254 -0.4929993450641632 0.11044589430093765
v 0.051170047372579575 -0.28010234236717224 -0.09337185323238373
v 0.05145612359046936 -0.1440948098897934 -0.1054261103272438
v 0.05152803659439087 0.001143768080510199 -0.05162983015179634
v 0.05155130475759506 -0.2061116248369217 -0.015187328681349754
v 0.05156346783041954 -0.30172765254974365 0.09757518768310547
v 0.051587264984846115 0.007242812309414148 0.048529017716646194
v 0.051653359085321426 -0.2529205083847046 -0.0459606908261776
v 0.05170148238539696 -0.07520479708909988 0.0006900689331814647
v 0.05178502947092056 -0.021909814327955246 0.022871149703860283
v 0.051817815750837326 -0.16813035309314728 -0.017052363604307175
v 0.05187175050377846 -0.04991602897644043 0.05636883154511452
v 0.05198702588677406 -0.19956417381763458 0.021550238132476807
v 0.05210335925221443 -0.03268123418092728 -0.0036296022590249777
v 0.05222973972558975 -0.29790928959846497 0.054430294781923294
v 0.052249304950237274 -0.10117411613464355 -0.011661896482110023
v 0.05227680504322052 -0.07854039967060089 -0.09652025252580643
v 0.052283674478530884 -0.23602887988090515 -0.053302913904190063
v 0.052814580500125885 -0.11202274262905121 -0.05557829141616821
v 0.05289601534605026 -0.22146710753440857 0.01702856831252575
v 0.05314084142446518 -0.21843081712722778 -0.00017608623602427542
v 0.0533740371465683 -0.21369022130966187 0.01592763140797615
v 0.05344647914171219 -0.04260341450572014 -0.050005923956632614
v 0.05411592870950699 -0.1563558131456375 0.05976894125342369
v 0.054140251129865646 -0.24029619991779327 0.05974620580673218
v 0.05415664613246918 -0.12235844135284424 0.0001306110789300874
v 0.05422485992312431 0.004082244820892811 0.11306815594434738
v 0.05423702299594879 -0.10450918972492218 0.00498382980003953
v 0.054891131818294525 -0.013191154226660728 -0.06584735959768295
v 0.05540088191628456 -0.39240744709968567 -0.10584437847137451
v 0.05541092902421951 -0.11587920039892197 0.011444035917520523
v 0.055894769728183746 -0.030737407505512238 0.11938823014497757
v 0.05621891841292381 0.07180891185998917 0.10152259469032288
v 0.05641985684633255 -0.4962694048881531 -0.13648290932178497
v 0.05672391131520271 -0.4725648760795593 -0.13349629938602448
v 0.05684235692024231 -0.08215836435556412 -0.11308138072490692
v 0.05699940770864487 -0.1297329217195511 0.0974879339337349
v 0.05702849477529526 -0.11032585799694061 0.0663883164525032
v 0.05707978457212448 0.043470099568367004 0.0003220324288122356
v 0.0572378933429718 -0.2722984850406647 -0.11541809141635895
v 0.057372208684682846 -0.16619974374771118 0.11132737994194031
v 0.05740763247013092 -0.13290248811244965 -0.04771732538938522
v 0.05770375579595566 -0.2690575122833252 -0.10397934168577194
v 0.05780211091041565 -0.2501184344291687 0.0991615504026413
v 0.057813216000795364 0.08692432940006256 -0.11340975016355515
v 0.057983484119176865 -0.387399286031723 -0.1290920227766037
v 0.05804482474923134 -0.135420560836792 -0.0926918312907219
v 0.0582336001098156 -0.26698994636535645 0.12040720880031586
v 0.05844035744667053 -0.1131051778793335 -0.10138827562332153
v 0.05869787558913231 -0.15541300177574158 -0.050286706537008286
v 0.05877085402607918 -0.18903811275959015 -0.05380156636238098
v 0.058772966265678406 0.013838388957083225 0.10450495779514313
v 0.058797288686037064 -0.11348061263561249 0.05965366214513779
v 0.059406451880931854 -0.060404546558856964 0.053783584386110306
v 0.059580426663160324 -0.2362266629934311 -0.06082175672054291
v 0.059843759983778 -0.1379280835390091 -0.04867707937955856
v 0.05997225642204285 -0.09734093397855759 0.0531691312789917
v 0.06016473472118378 -0.2050381898880005 -0.08540618419647217
v 0.06069669499993324 -0.1252540796995163 0.12212947010993958
v 0.06072472408413887 -0.30120202898979187 -0.0821097120642662
v 0.06080086901783943 -0.08733256161212921 -0.10229462385177612
v 0.06088759005069733 -0.075160913169384 0.05677441135048866
v 0.060940470546483994 0.09824305027723312 0.12318070232868195
v 0.06101714074611664 -0.2832930386066437 0.06340700387954712
v 0.06113770604133606 0.010848619975149632 0.08869471400976181
v 0.06116731837391853 -0.12848550081253052 0.05310409516096115
v 0.06178811565041542 0.0046438174322247505 -0.09865180402994156
v 0.061989057809114456 -0.2935456931591034 -0.0541532076895237
v 0.06219581514596939 -0.1511240005493164 -0.06276082247495651
v 0.06273041665554047 -0.4767354130744934 0.12117395550012589
v 0.06288006156682968 -0.06240706518292427 0.10343257337808609
v 0.06289909780025482 -0.09551502764225006 -0.057264067232608795
v 0.06310215592384338 -0.24261389672756195 0.10223963111639023
v 0.06347812712192535 -0.38050124049186707 0.1318396031856537
v 0.06369175761938095 -0.4813591241836548 -0.11811807751655579
v 0.06378006190061569 0.013510540127754211 -0.06839506328105927
v 0.06395033001899719 -0.12360691279172897 -0.05222894623875618
v 0.06395456194877625 -0.49512192606925964 0.1343328356742859
v 0.06411372870206833 -0.27830708026885986 0.10690565407276154
v 0.06421736627817154 0.008588050492107868 -0.11708378046751022
v 0.06438340991735458 -0.2950199842453003 0.08487580716609955
v 0.06446801126003265 -0.05365350469946861 -0.006247105076909065
v 0.06465732306241989 -0.05597594007849693 -0.04976743832230568
v 0.06477471441030502 -0.1264771670103073 0.00891378428786993
v 0.06514116376638412 -0.1801343709230423 0.0017582213040441275
v 0.06514275074005127 -0.045085545629262924 0.0008751450222916901
v 0.06514380872249603 -0.1342572271823883 0.1044192910194397
v 0.06526489555835724 -0.09265217185020447 0.004227662459015846
v 0.06530614197254181 -0.1339426040649414 -0.09813305735588074
v 0.06541930884122849 0.12501083314418793 -0.11276356875896454
v 0.06553617119789124 -0.21054235100746155 0.01933937333524227
v 0.0656757727265358 -0.2105148434638977 0.01631258986890316
v 0.06578205525875092 0.2599464952945709 0.11599235236644745
v 0.06586665660142899 -0.06034955009818077 0.010480055585503578
v 0.06600414961576462 0.418241411447525 0.0015514650149270892
v 0.06600520014762878 0.0054650260135531425 0.06670452654361725
v 0.06605014950037003 -0.020735904574394226 -0.018866635859012604
v 0.06615062057971954 -0.2174054980278015 -0.006953565403819084
v 0.0661923959851265 -0.22627484798431396 0.01894489862024784
v 0.06619979441165924 -0.25170373916625977 -0.09921443462371826
v 0.06621459871530533 0.0042366511188447475 -0.048175256699323654
v 0.06624475121498108 -0.01944354549050331 0.012533869594335556
v 0.06626535952091217 0.37388238310813904 -0.061234213411808014
v 0.06626801192760468 -0.28679680824279785 0.03493862971663475
v 0.06630819290876389 -0.23241937160491943 0.04972407966852188
v 0.06644462049007416 -0.12442176789045334 0.01769484393298626
v 0.0664663091301918 -0.4032222032546997 0.12337688356637955
v 0.06651230901479721 -0.4108055531978607 -0.12228017300367355
v 0.0666365772485733 -0.2804666757583618 -0.03893785551190376
v 0.06664927303791046 0.363212525844574 0.06928712874650955
v 0.06671959161758423 -0.10163945704698563 0.0053545101545751095
v 0.06673017889261246 -0.08864977210760117 0.04692678898572922
v 0.06673122942447662 0.043636664748191833 -0.015381393022835255
v 0.06681954115629196 -0.14524756371974945 0.015884272754192352
v 0.06697605550289154 0.16204187273979187 -0.11293807625770569
v 0.0673176646232605 -0.09292713552713394 0.10175896435976028
v 0.06732293963432312 -0.22796645760536194 -0.10138774663209915
v 0.0674678310751915 -0.1181667372584343 -0.010119949467480183
v 0.06767722964286804 -0.19126537442207336 -0.03814784437417984
v 0.06769891083240509 -0.024447469040751457 0.03604326769709587
v 0.06779039651155472 -0.056040454655885696 -0.1001424565911293
v 0.06780308485031128 -0.23581577837467194 -0.119283527135849
v 0.06788662821054459 -0.08264537900686264 -0.03896429017186165
v 0.0680362805724144 -0.1420833021402359 -0.032683346420526505
v 0.06807012110948563 -0.19262224435806274 0.03959937021136284
v 0.06809603422880173 0.02491861768066883 0.037189681082963943
v 0.0682266429066658 -0.09605491906404495 -0.11818259954452515
v 0.0683826357126236 0.2598344087600708 -0.11407708376646042
v 0.06843075156211853 0.16446954011917114 0.11565128713846207
v 0.06871207058429718 -0.09005528688430786 -0.06819941103458405
v 0.06899550557136536 -0.30132365226745605 0.06201205775141716
v 0.06906794756650925 -0.2803434431552887 -0.10189592093229294
v 0.06923768669366837 0.3668310046195984 0.03569585457444191
v 0.06928844749927521 -0.010366895236074924 0.10662328451871872
v 0.06941483169794083 -0.11579776555299759 0.10065907984972
v 0.07014402747154236 -0.16187690198421478 -0.06294537335634232
v 0.07074473053216934 0.3076823353767395 -0.12485061585903168
v 0.07096259295940399 -0.1334407776594162 0.06592191755771637
v 0.07098903506994247 0.36491307616233826 -0.032462310045957565
v 0.0722464919090271 0.005739467218518257 0.1164148598909378
v 0.07251618057489395 -0.13202257454395294 0.11957701295614243
v 0.07262881100177765 -0.1217334121465683 -0.10853273421525955
v 0.07267745584249496 0.04371704161167145 0.056952085345983505
v 0.07350024580955505 0.04394812136888504 -0.05553017184138298
v 0.0738106444478035 -0.0034709670580923557 0.09979186952114105
v 0.07383338361978531 -0.26747485995292664 0.11243678629398346
v 0.07400736212730408 0.3925887942314148 0.07027490437030792
v 0.0742606446146965 0.06328273564577103 -0.09665191918611526
v 0.07440553605556488 0.3911563456058502 -0.06790487468242645
v 0.07457739114761353 0.29399043321609497 0.09745832532644272
v 0.07478202879428864 0.12306700646877289 0.12062983214855194
v 0.07571270316839218 0.3130093514919281 0.12398763746023178
v 0.07670946419239044 0.3693295419216156 -0.07840079814195633
v 0.07683795690536499 -0.2680385708808899 -0.1110217496752739
v 0.07710764557123184 0.36877694725990295 -0.124864362180233
v 0.07733290642499924 0.3029867112636566 -0.08718608319759369
v 0.07760575413703918 -0.3018339276313782 -0.05805619806051254
v 0.07769513130187988 0.12360268086194992 -0.11794675141572952
v 0.07858878374099731 0.3670843243598938 0.12684467434883118
v 0.07868607342243195 0.36946752667427063 0.0801965594291687
v 0.08039829134941101 -0.31079161167144775 -0.09870731830596924
v 0.08196138590574265 0.3199840486049652 -0.07894492149353027
v 0.08198465406894684 0.0025429418310523033 -0.09875544160604477
v 0.08242672681808472 0.3294551968574524 -0.1212257668375969
v 0.08287037163972855 0.260821133852005 0.12286396324634552
v 0.08363764733076096 -0.264918714761734 -0.09756672382354736
v 0.08435839414596558 0.2592976689338684 -0.11852313578128815
v 0.08444669842720032 0.01999824307858944 0.1008409857749939
v 0.08449375629425049 -0.02707078866660595 -0.09749586880207062
v 0.08531496673822403 -0.1926354467868805 0.06043151393532753
v 0.08563858270645142 0.30940142273902893 0.07890155911445618
v 0.08564439415931702 -0.13091634213924408 0.1198895201086998
v 0.08568670600652695 -0.28959354758262634 -0.006396751385182142
v 0.08592042326927185 -0.2630922794342041 0.10439179837703705
v 0.08616578578948975 -0.024263979867100716 0.10495442152023315
v 0.08640585094690323 -0.04226340353488922 -0.11757925152778625
v 0.08657136559486389 0.02577684260904789 -0.10881246626377106
v 0.08690714091062546 -0.14177924394607544 -0.02487790212035179
v 0.08804140239953995 -0.11411938071250916 0.05850936472415924
v 0.08841154724359512 -0.04011335223913193 -0.055111899971961975
v 0.08852788060903549 -0.015103779733181 0.1266389787197113
v 0.08873146772384644 -0.23095622658729553 -0.10833391547203064
v 0.08889539539813995 -0.2905527651309967 0.0585220567882061
v 0.0892634242773056 0.09319840371608734 -0.11323684453964233
v 0.08949027955532074 -0.2666621208190918 -0.12397123873233795
v 0.08992282301187515 -0.12929877638816833 -0.05314956605434418
v 0.09088046103715897 -0.19072282314300537 -0.026870904490351677
v 0.0910438597202301 0.2938973605632782 -0.03512529283761978
v 0.0910496711730957 -0.03891881927847862 -0.027699515223503113
v 0.09119614958763123 -0.060884155333042145 0.036010485142469406
v 0.09132359176874161 -0.18296127021312714 0.037805721163749695
v 0.09152770042419434 -0.16958610713481903 0.05414897948503494
v 0.09169162064790726 -0.19183170795440674 0.03959302231669426
v 0.09182541072368622 -0.0966365858912468 -0.03531301021575928
v 0.09239280223846436 -0.011292803101241589 -0.032897502183914185
v 0.0924895703792572 -0.0455709770321846 0.048513151705265045
v 0.09275660663843155 -0.2670497000217438 0.1298392117023468
v 0.09284120798110962 -0.2417725771665573 0.10933279246091843
v 0.09304003417491913 -0.011216658167541027 0.1048952043056488
v 0.09308286756277084 0.04436850547790527 -0.0004568728618323803
v 0.0932023674249649 -0.27380499243736267 -0.0270332433283329
v 0.09365184605121613 -0.29908105731010437 0.1029476746916771
v 0.09412351995706558 -0.17413738369941711 0.04349706694483757
v 0.09413567930459976 0.03899073228240013 0.0002347823028685525
v 0.09456664323806763 -0.006748925428837538 -0.10208363085985184
v 0.0946311503648758 0.022490952163934708 -0.0405585914850235
v 0.09481041133403778 0.02590004913508892 -0.030177416279911995
v 0.09482944756746292 -0.047166857868433 0.10932961851358414
v 0.09485219419002533 -0.2806988060474396 0.04237445071339607
v 0.09496165066957474 -0.1057465597987175 0.044060226529836655
v 0.09504889696836472 -0.030710436403751373 -0.043123215436935425
v 0.09512187540531158 -0.2780981957912445 -0.05134217068552971
v 0.09512822329998016 0.01832938753068447 0.020638607442378998
v 0.09519220143556595 -0.27333542704582214 0.0033509316854178905
v 0.0954677015542984 0.01856839843094349 0.037733275443315506
v 0.09584102779626846 -0.06231558695435524 -0.12640050053596497
v 0.09650677442550659 0.42020636796951294 0.11000911146402359
v 0.09664054960012436 -0.2953811287879944 -0.046707868576049805
v 0.0967172309756279 -0.04441927373409271 -0.10514796525239944
v 0.09679601341485977 -0.02065446972846985 0.010515484027564526
v 0.09691710770130157 0.015416293404996395 0.13212303817272186
v 0.09695994108915329 0.1269425004720688 -0.10799866169691086
v 0.09715453535318375 -0.12372218072414398 -0.04894676059484482
v 0.09724707156419754 -0.15527814626693726 -0.05129087716341019
v 0.09725500643253326 -0.18836866319179535 0.023453347384929657
v 0.09732744842767715 -0.004971668589860201 -0.12901535630226135
v 0.09773620218038559 0.25947535037994385 0.11223530769348145
v 0.09778538346290588 -0.08838537335395813 0.014622054062783718
v 0.09799636155366898 0.12748926877975464 0.11540645360946655
v 0.0981946587562561 -0.09462402015924454 -0.048673372715711594
v 0.09821422398090363 -0.24515153467655182 -0.12601183354854584
v 0.09843050688505173 -0.07138430327177048 -0.0019216162618249655
v 0.0987863764166832 -0.16456261277198792 -0.0002273787249578163
v 0.0989391952753067 -0.1158120408654213 -0.0007921247160993516
v 0.09900899976491928 0.25673675537109375 -0.11044642329216003
v 0.0991729199886322 -0.305601567029953 0.004857978317886591
v 0.09988889843225479 -0.19309021532535553 -0.03830648213624954
v 0.09995288401842117 -0.3015579283237457 0.04812713712453842
v 0.09999306499958038 -0.2532235085964203 0.0998627245426178
v 0.10033149272203445 -0.12345249950885773 0.10084838420152664
v 0.10059535503387451 0.034181930124759674 -0.09486937522888184
v 0.1006646379828453 0.08226517587900162 0.1083032414317131
v 0.10074447840452194 -0.3046470880508423 -0.047806162387132645
v 0.1009073480963707 0.014733626507222652 0.04458214342594147
v 0.1009475365281105 -0.09953117370605469 0.05435097590088844
v 0.1010284423828125 -0.2905845046043396 0.05393006280064583
v 0.10103742778301239 -0.10147236287593842 -0.016783740371465683
v 0.1010400727391243 -0.02945720963180065 0.1289249211549759
v 0.1010860726237297 -0.15918642282485962 -0.0984831154346466
v 0.10154400765895844 0.06432867795228958 0.05117242783308029
v 0.10159371048212051 -0.12335573136806488 0.06280841678380966
v 0.10189512372016907 -0.3085543215274811 0.08392345905303955
v 0.10191098600625992 0.06269736588001251 0.0016180924139916897
v 0.1019548699259758 0.44231975078582764 0.10112758725881577
v 0.1019807904958725 -0.0301642008125782 0.10191706568002701
v 0.10198184102773666 -0.23704944550991058 -0.07823581248521805
v 0.10198342800140381 0.44230127334594727 -0.10019797831773758
v 0.10205639898777008 -0.04946550354361534 -0.05090274661779404
v 0.10217643529176712 0.06318014860153198 -0.09352413564920425
v 0.10233084857463837 -0.26925793290138245 0.07428470253944397
v 0.10242972522974014 -0.16192872822284698 -0.056065306067466736
v 0.1025116890668869 -0.28671693801879883 -0.11305282264947891
v 0.10273800790309906 -0.1677374690771103 0.05044111609458923
v 0.10284271091222763 0.03280285373330116 0.08422540128231049
v 0.10302990674972534 -0.195171520113945 0.05611289665102959
v 0.10305052250623703 -0.048175789415836334 -0.064980149269104
v 0.10322131961584091 -0.054481588304042816 0.0436001792550087
v 0.10327843576669693 -0.2120213657617569 0.09045399725437164
v 0.10328266769647598 -0.03584708645939827 0.08384837210178375
v 0.1033947691321373 -0.15960946679115295 -0.08505189418792725
v 0.1034063994884491 -0.07845896482467651 0.08901886641979218
v 0.10345293581485748 -0.16974368691444397 -0.08726698905229568
v 0.10347143560647964 -0.24553966522216797 0.1091027781367302
v 0.1037236675620079 -0.3064841032028198 -0.09069829434156418
v 0.10373794287443161 -0.24309243261814117 -0.1093047708272934
v 0.1037527546286583 -0.1519087255001068 0.018653538078069687
v 0.10405892133712769 -0.044057056307792664 0.09528712183237076
v 0.10416573286056519 -0.26126161217689514 0.020526504144072533
v 0.1042344868183136 -0.034621357917785645 -0.09616491198539734
v 0.10432226210832596 0.02674293704330921 -0.04675651714205742
v 0.1045057475566864 -0.09426497668027878 -0.08090618997812271
v 0.10466861724853516 -0.0017814886523410678 0.09922024607658386
v 0.10469981282949448 -0.14724373817443848 0.11447843164205551
v 0.10472096502780914 -0.01627134531736374 -0.01860065571963787
v 0.10477172583341599 0.008733995258808136 0.10526112467050552
v 0.10493724048137665 -0.4916684031486511 0.05082501471042633
v 0.10494411736726761 -0.17177951335906982 0.0024324264377355576
v 0.10506097972393036 -0.4911560118198395 -0.036262184381484985
v 0.10514875501394272 -0.26319220662117004 -0.017813291400671005
v 0.10515986382961273 -0.15447810292243958 0.042378149926662445
v 0.10535657405853271 -0.03467635065317154 0.06057693064212799
v 0.1055358275771141 -0.2889981269836426 0.04255053400993347
v 0.10568494349718094 -0.09209747612476349 0.012322882190346718
v 0.10577219724655151 -0.11764111369848251 -0.04772895947098732
v 0.10579916834831238 -0.02285105735063553 -0.04453613609075546
v 0.10582137107849121 -0.25979262590408325 -0.09833769500255585
v 0.10585363209247589 0.05197089910507202 0.0063999248668551445
v 0.10592977702617645 -0.22184571623802185 0.12231560796499252
v 0.10595779865980148 -0.24904341995716095 -0.12344562262296677
v 0.10610956698656082 -0.060855597257614136 0.0016006423393264413
v 0.10630574822425842 -0.0693865418434143 -0.11836555600166321
v 0.10633905977010727 -0.11964839696884155 0.04465194046497345
v 0.10667325556278229 0.07115639001131058 -0.049163561314344406
v 0.10679275542497635 -0.0660943016409874 0.02727648615837097
v 0.10699634253978729 -0.038992319256067276 -0.11336638778448105
v 0.10704023391008377 -0.07600168138742447 -0.00759762991219759
v 0.10707883536815643 -0.40875864028930664 -0.047907691448926926
v 0.10711637884378433 0.36367836594581604 0.0345304049551487
v 0.10715603828430176 -0.39133769273757935 0.04502209275960922
v 0.10743048042058945 0.00929186586290598 0.12319868057966232
v 0.10748124122619629 -0.056081172078847885 -0.021287957206368446
v 0.10766103118658066 0.4256735146045685 0.10792198777198792
v 0.10777049511671066 -0.021877558901906013 -0.07664257287979126
v 0.10811366885900497 -0.2587614953517914 0.1026388630270958
v 0.10814803838729858 -0.02653406746685505 0.04120583087205887
v 0.1082025021314621 0.36518117785453796 -0.03071889653801918
v 0.10832571983337402 -0.01967409811913967 0.11524253338575363
v 0.10834422707557678 0.40809130668640137 0.00135898613370955
v 0.1084245964884758 -0.491049200296402 0.11378254741430283
v 0.10847536474466324 -0.28952059149742126 -0.03488257899880409
v 0.10849492996931076 -0.2733565866947174 0.12325049936771393
v 0.10852295160293579 -0.19323088228702545 -0.01923202909529209
v 0.1085282489657402 -0.39156612753868103 -0.029780827462673187
v 0.10883387923240662 -0.03928950056433678 -0.034469593316316605
v 0.10911308228969574 0.0059134382754564285 -0.028833767399191856
v 0.10915274173021317 0.29336169362068176 0.034200966358184814
v 0.10928124189376831 -0.49116817116737366 -0.11101275682449341
v 0.10933517664670944 -0.018860293552279472 0.02333436906337738
v 0.1094864085316658 0.026036474853754044 0.011897208169102669
v 0.10959269851446152 0.2635364532470703 0.12620802223682404
v 0.10966672748327255 0.006968900095671415 -0.11397925764322281
v 0.10977724194526672 -0.19147951900959015 -0.09812459349632263
v 0.10984545946121216 0.2646104097366333 -0.12398287653923035
v 0.11003529280424118 -0.39263904094696045 -0.10989224910736084
v 0.11005908995866776 -0.2818949222564697 -0.0043170275166630745
v 0.11010032892227173 -0.39300021529197693 0.11384864896535873
v 0.11020132899284363 -0.23291538655757904 -0.07852136343717575
v 0.1102483943104744 -0.19094914197921753 -0.033119067549705505
v 0.11035414785146713 -0.27595239877700806 -0.027031656354665756
v 0.11043187975883484 -0.2541150152683258 0.0067536840215325356
v 0.11050908267498016 0.023671207949519157 -0.0983128473162651
v 0.11058152467012405 -0.19220450520515442 0.03898808732628822
v 0.11105267703533173 -0.3329932987689972 0.03498463332653046
v 0.111171655356884 -0.1275331676006317 -0.003406982636079192
v 0.11123298853635788 -0.15468643605709076 -0.025587007403373718
v 0.11158464103937149 0.08184743672609329 0.08335448801517487
v 0.11223345994949341 -0.13963288068771362 -0.07716025412082672
v 0.11230432242155075 0.2941717803478241 -0.026488063856959343
v 0.11275748908519745 -0.109858937561512 0.026911623775959015
v 0.11292459070682526 -0.3326501250267029 0.11438589543104172
v 0.11301184445619583 -0.2592580318450928 0.08090196549892426
v 0.11366700381040573 0.12188411504030228 -0.12402253597974777
v 0.11432059109210968 0.2968897521495819 -0.07156409323215485
v 0.11441206932067871 0.2945123314857483 0.07623012363910675
v 0.11446019262075424 -0.48132744431495667 0.018352655693888664
v 0.11478116363286972 -0.34034451842308044 -0.036480046808719635
v 0.11484619975090027 -0.14701266586780548 -0.05415162071585655
v 0.11523115634918213 -0.2852204740047455 0.08588896691799164
v 0.1153734102845192 0.12700648605823517 0.08146405965089798
v 0.11562933772802353 -0.4813216030597687 -0.06045213341712952
v 0.1158292219042778 0.22668837010860443 -0.07977300137281418
v 0.11639291048049927 0.25955942273139954 0.10150779038667679
v 0.11643204092979431 -0.12021367251873016 0.08004584908485413
v 0.11669114977121353 -0.481128066778183 0.06433185935020447
v 0.11669908463954926 0.2597561478614807 0.084279865026474
v 0.11698779463768005 0.0940190851688385 -0.10714308172464371
v 0.11715172231197357 -0.41240620613098145 -0.033147092908620834
v 0.11717499047517776 -0.42847713828086853 0.039730507880449295
v 0.11734789609909058 0.08717286586761475 0.023128671571612358
v 0.11735318601131439 0.12873932719230652 -0.06544917821884155
v 0.11746106296777725 0.2578699588775635 -0.09566731750965118
v 0.11756205558776855 -0.12952139973640442 0.10149509459733963
v 0.11765565723180771 -0.2634121775627136 0.1043558344244957
v 0.11785870790481567 0.23637787997722626 0.022369859740138054
v 0.11829813569784164 0.26052024960517883 -0.04190594330430031
v 0.11848638206720352 0.12819784879684448 0.09857301414012909
v 0.11854878067970276 -0.4814337193965912 0.12330443412065506
v 0.11881951987743378 0.12372112274169922 -0.017358534038066864
v 0.11896122992038727 0.090830497443676 -0.02061745524406433
v 0.11901675909757614 0.18246103823184967 -0.005389938596636057
v 0.11935465037822723 -0.39659175276756287 -0.058826640248298645
v 0.11956669390201569 -0.12374915182590485 -0.02439776249229908
v 0.11977133899927139 0.09573923051357269 -0.049668554216623306
v 0.11993420869112015 -0.48242729902267456 -0.11916138231754303
v 0.12022820860147476 -0.40004631876945496 -0.11950720846652985
v 0.1206020638346672 0.09544523060321808 0.060035452246665955
v 0.12063907831907272 -0.4915827512741089 -0.03482493758201599
v 0.12131328880786896 -0.39576947689056396 0.12303316593170166
v 0.1221461296081543 0.317526251077652 0.044934313744306564
v 0.12250252813100815 -0.3822398781776428 0.03764179348945618
v 0.12297526746988297 -0.0010829594684764743 0.08301394432783127
v 0.12298689782619476 -0.01649872399866581 -0.09585186094045639
v 0.123031847178936 -0.16525426506996155 -0.08156771212816238
v 0.12343055754899979 0.12330972403287888 -0.09106209874153137
v 0.12347391247749329 -0.34257709980010986 -0.006040348205715418
v 0.12364312261343002 -0.26385849714279175 0.08490119129419327
v 0.12391757220029831 -0.18109676241874695 -0.09330310672521591
v 0.12399530410766602 0.2583215534687042 -0.11752954125404358
v 0.12418513745069504 0.1261514276266098 -0.11172714829444885
v 0.12423907220363617 -0.13792914152145386 0.09418248385190964
v 0.1244114488363266 0.12331712990999222 0.11943899095058441
v 0.12442150712013245 0.005781770218163729 -0.081422820687294
v 0.12454470992088318 -0.39523327350616455 0.06522021442651749
v 0.12486833333969116 -0.37036964297294617 -0.12293586879968643
v 0.12500052154064178 0.3133123517036438 -0.0023187361657619476
v 0.12518560886383057 0.37105444073677063 0.08224984258413315
v 0.12522737681865692 0.37087517976760864 -0.12375972419977188
v 0.125323086977005 0.262437641620636 0.11748935282230377
v 0.12551504373550415 -0.3643637001514435 -0.022862162441015244
v 0.12597085535526276 0.36991754174232483 0.12594150006771088
v 0.12605386972427368 0.3099355101585388 -0.12505842745304108
v 0.1261284351348877 -0.26773765683174133 -0.08536176383495331
v 0.12676720321178436 0.36997994780540466 -0.07815014570951462
v 0.12695439159870148 0.013485686853528023 0.09516073763370514
v 0.12753553688526154 -0.4960298240184784 0.07007872313261032
v 0.12801462411880493 0.3096420466899872 -0.07838070392608643
v 0.12812618911266327 0.3038957118988037 0.12819679081439972
v 0.12834034860134125 -0.49944689869880676 -0.05098576471209526
v 0.1287570297718048 -0.5 0.13207440078258514
v 0.12893205881118774 0.3096732199192047 0.08222710341215134
v 0.13088276982307434 0.3112146556377411 -0.033403027802705765
v 0.13107047975063324 -0.4975120425224304 0.042236436158418655
v 0.1313803493976593 0.26615235209465027 0.0720648542046547
v 0.13163363933563232 0.28745564818382263 -0.12712599337100983
v 0.13214550912380219 -0.3832213282585144 0.05657929182052612
v 0.13215820491313934 0.11974728107452393 -0.12796570360660553
v 0.13233798742294312 -0.492311954498291 -0.12962928414344788
v 0.1325029730796814 -0.3873501121997833 0.13322821259498596
v 0.13317455351352692 -0.486454576253891 0.13179466128349304
v 0.13342571258544922 -0.38835957646369934 -0.12826606631278992
v 0.1335066258907318 -0.4846281111240387 0.060224223881959915
v 0.1339111328125 0.11973881721496582 0.13175711035728455
v 0.1339946836233139 0.26952922344207764 -0.08007440716028214
v 0.13426542282104492 0.10711981356143951 -0.003955864813178778
v 0.13437330722808838 0.10689455270767212 0.1308893859386444
v 0.13444574177265167 -0.3856135606765747 -0.043217867612838745
v 0.1344885677099228 0.28208741545677185 0.017993608489632607
v 0.13460597395896912 0.2721186876296997 -0.12953568994998932
v 0.13463768362998962 0.2726532816886902 0.13529260456562042
v 0.13532988727092743 0.11170335114002228 -0.12943731248378754
v 0.1356222778558731 -0.40363574028015137 -0.05675378814339638
v 0.1360781043767929 -0.4102545976638794 -0.039221812039613724
v 0.13643185794353485 -0.4184132516384125 0.057567063719034195
v 0.13730964064598083 -0.3881935179233551 0.04577244445681572
v 0.13834767043590546 -0.4894390404224396 -0.047057926654815674
v 0.13990917801856995 -0.49747925996780396 0.04817790165543556
v 0.1409868448972702 -0.34054598212242126 0.03961840644478798
v 0.14290687441825867 -0.31241339445114136 0.0016191500471904874
v 0.1456296145915985 -0.34216198325157166 -0.03168763592839241
v 0.1472027450799942 -0.3310880959033966 0.001601699972525239
vt 0.0017059999518096447 0.006821999792009592
vt 0.0017059999518096447 0.24464300274848938
vt 0.0017059999518096447 0.26303499937057495
vt 0.0017059999518096447 0.4382280111312866
vt 0.0017059999518096447 0.4923720061779022
vt 0.0017059999518096447 0.5240820050239563
vt 0.0017059999518096447 0.6282209753990173
vt 0.0017059999518096447 0.7506309747695923
vt 0.0017059999518096447 0.7899670004844666
vt 0.0017059999518096447 0.8044779896736145
vt 0.0017059999518096447 0.8456820249557495
vt 0.0017059999518096447 0.8766589760780334
vt 0.0017059999518096447 0.9022570252418518
vt 0.0017059999518096447 0.9056680202484131
vt 0.0017059999518096447 0.9282090067863464
vt 0.0017059999518096447 0.9362310171127319
vt 0.0017059999518096447 0.9592429995536804
vt 0.0017059999518096447 0.9694929718971252
vt 0.0017059999518096447 0.9857349991798401
vt 0.0018279999494552612 0.504967987537384
vt 0.00241499999538064 0.6054189801216125
vt 0.002520000096410513 0.25618401169776917
vt 0.002566999988630414 0.9823240041732788
vt 0.002583000110462308 0.0017059999518096447
vt 0.0029239999130368233 0.5984020233154297
vt 0.0030070000793784857 0.6117889881134033
vt 0.0031059999018907547 0.9940440058708191
vt 0.003667999990284443 0.4920459985733032
vt 0.003930999897420406 0.46630600094795227
vt 0.00470399996265769 0.7633870244026184
vt 0.005166999995708466 0.5173310041427612
vt 0.005733000114560127 0.5401229858398438
vt 0.006237000226974487 0.5018799901008606
vt 0.0075610000640153885 0.7587720155715942
vt 0.008365999907255173 0.46906599402427673
vt 0.009021000005304813 0.9626539945602417
vt 0.009021000005304813 0.9740840196609497
vt 0.009248999878764153 0.6572369933128357
vt 0.00940299965441227 0.9889619946479797
vt 0.00940299965441227 0.994051992893219
vt 0.009695000015199184 0.22169999778270721
vt 0.010348999872803688 0.8259549736976624
vt 0.011206000111997128 0.4212239980697632
vt 0.011378999799489975 0.015312000177800655
vt 0.011615999974310398 0.8010669946670532
vt 0.011940999887883663 0.5196359753608704
vt 0.012632000260055065 0.9454590082168579
vt 0.013158000074326992 0.9077100157737732
vt 0.013226999901235104 0.7704169750213623
vt 0.013616999611258507 0.9866729974746704
vt 0.01397200021892786 0.4963589906692505
vt 0.014457999728620052 0.8585780262947083
vt 0.01508300006389618 0.2021690011024475
vt 0.01589599996805191 0.7412269711494446
vt 0.016042999923229218 0.9362310171127319
vt 0.016042999923229218 0.9697759747505188
vt 0.016109000891447067 0.27758100628852844
vt 0.01643799990415573 0.9328200221061707
vt 0.016574999317526817 0.9731870293617249
vt 0.017136000096797943 0.8551669716835022
vt 0.018247999250888824 0.027295999228954315
vt 0.018396999686956406 0.044429000467061996
vt 0.021802999079227448 0.9408569931983948
vt 0.021802999079227448 0.9866729974746704
vt 0.022122999653220177 0.8850190043449402
vt 0.022200999781489372 0.5655779838562012
vt 0.02280000038444996 0.775704026222229
vt 0.022877000272274017 0.2059279978275299
vt 0.022924000397324562 0.6126419901847839
vt 0.023049000650644302 0.4457339942455292
vt 0.023181000724434853 0.5577409863471985
vt 0.023375999182462692 0.6951929926872253
vt 0.024108000099658966 0.7119439840316772
vt 0.024824000895023346 0.6458190083503723
vt 0.024886999279260635 0.1789260059595108
vt 0.025272000581026077 0.7181010246276855
vt 0.02550799958407879 0.07806699723005295
vt 0.02553500048816204 0.8585780262947083
vt 0.02553500048816204 0.9206179976463318
vt 0.02553500048816204 0.9240289926528931
vt 0.02553500048816204 0.9602400064468384
vt 0.02553500048816204 0.9638500213623047
vt 0.02553500048816204 0.9803529977798462
vt 0.02553500048816204 0.9931939840316772
vt 0.02774900011718273 0.7954429984092712
vt 0.0285630002617836 0.8330090045928955
vt 0.028572000563144684 0.5290330052375793
vt 0.02861900068819523 0.7595729827880859
vt 0.029053999111056328 0.47284600138664246
vt 0.029224000871181488 0.04881500080227852
vt 0.029402999207377434 0.7353249788284302
vt 0.029882999137043953 0.5154590010643005
vt 0.030280999839305878 0.46572598814964294
vt 0.030419999733567238 0.49609801173210144
vt 0.03060000017285347 0.5086219906806946
vt 0.030602000653743744 0.8691949844360352
vt 0.030727000907063484 0.013062999583780766
vt 0.030892999842762947 0.5456129908561707
vt 0.030910000205039978 0.8468959927558899
vt 0.031202999874949455 0.5689250230789185
vt 0.03127000108361244 0.49104300141334534
vt 0.031915999948978424 0.9636510014533997
vt 0.032010000199079514 0.5291749835014343
vt 0.03245700150728226 0.9840959906578064
vt 0.03245700150728226 0.9935280084609985
vt 0.0331449992954731 0.5189779996871948
vt 0.03331400081515312 0.501878023147583
vt 0.03350599855184555 0.8263459801673889
vt 0.03361300006508827 0.9322580099105835
vt 0.0337040014564991 0.9806849956512451
vt 0.03377100080251694 0.8806549906730652
vt 0.03407999873161316 0.1271969974040985
vt 0.03475299850106239 0.7155659794807434
vt 0.03547700121998787 0.6623499989509583
vt 0.03549500182271004 0.3948749899864197
vt 0.035721998661756516 0.7618619799613953
vt 0.035868000239133835 0.9869980216026306
vt 0.03629299998283386 0.2527729868888855
vt 0.03665100038051605 0.5650320053100586
vt 0.036851998418569565 0.020912999287247658
vt 0.0372139997780323 0.8044790029525757
vt 0.0372139997780323 0.8197600245475769
vt 0.03729499876499176 0.19820499420166016
vt 0.03755199909210205 0.5498530268669128
vt 0.037689998745918274 0.10182400047779083
vt 0.0378899984061718 0.8728150129318237
vt 0.03882699832320213 0.1178710013628006
vt 0.03891700133681297 0.4416399896144867
vt 0.0389540009200573 0.9840959906578064
vt 0.0389540009200573 0.9948930144309998
vt 0.03898100182414055 0.7522789835929871
vt 0.03898100182414055 0.8130459785461426
vt 0.039294999092817307 0.19342699646949768
vt 0.04123000055551529 0.48380300402641296
vt 0.04168500006198883 0.0593549981713295
vt 0.041795000433921814 0.5107769966125488
vt 0.04236999899148941 0.2063940018415451
vt 0.042392000555992126 0.7316229939460754
vt 0.042392000555992126 0.787202000617981
vt 0.042392000555992126 0.7987149953842163
vt 0.042392000555992126 0.8817610144615173
vt 0.042392000555992126 0.9220319986343384
vt 0.042392000555992126 0.9410189986228943
vt 0.042392000555992126 0.9662889838218689
vt 0.042392000555992126 0.9696999788284302
vt 0.042392000555992126 0.9930449724197388
vt 0.04245999827980995 0.8133879899978638
vt 0.04258500039577484 0.8402100205421448
vt 0.04299800097942352 0.7619609832763672
vt 0.04321200028061867 0.98158198595047
vt 0.04359300062060356 0.2965869903564453
vt 0.0438620001077652 0.6691150069236755
vt 0.043914999812841415 0.20287099480628967
vt 0.04402200132608414 0.5970100164413452
vt 0.04456999897956848 0.06920900195837021
vt 0.04470000043511391 0.19037799537181854
vt 0.04554300010204315 0.22579100728034973
vt 0.045997001230716705 0.11195199936628342
vt 0.04673299938440323 0.608335018157959
vt 0.04738700017333031 0.8851730227470398
vt 0.04744099825620651 0.8185099959373474
vt 0.04773499816656113 0.19557200372219086
vt 0.04775099828839302 0.09467799961566925
vt 0.04810100048780441 0.9364609718322754
vt 0.048117998987436295 0.7155659794807434
vt 0.04823499917984009 0.5289109945297241
vt 0.04824899882078171 0.7246729731559753
vt 0.04891299828886986 0.5108739733695984
vt 0.04931899905204773 0.006180999800562859
vt 0.04937100037932396 0.808023989200592
vt 0.04980200156569481 0.7921209931373596
vt 0.05007199943065643 0.9540619850158691
vt 0.05018499866127968 0.9849929809570312
vt 0.05018499866127968 0.9933590292930603
vt 0.05035699903964996 0.04701400175690651
vt 0.050381001085042953 0.6071329712867737
vt 0.05044800043106079 0.7979030013084412
vt 0.05061599984765053 0.8252779841423035
vt 0.0507499985396862 0.029160000383853912
vt 0.05123399943113327 0.5658320188522339
vt 0.05181900039315224 0.7710790038108826
vt 0.05224199965596199 0.19162799417972565
vt 0.052414000034332275 0.31903600692749023
vt 0.05245799943804741 0.041850000619888306
vt 0.05255100131034851 0.7600899934768677
vt 0.052597999572753906 0.015585999935865402
vt 0.053206998854875565 0.5792719721794128
vt 0.053213998675346375 0.49899500608444214
vt 0.053286001086235046 0.9780099987983704
vt 0.05341700091958046 0.9696999788284302
vt 0.0535460002720356 0.9180189967155457
vt 0.0535460002720356 0.9330499768257141
vt 0.05449699983000755 0.10868600010871887
vt 0.054926998913288116 0.8197510242462158
vt 0.05511400103569031 0.06474100053310394
vt 0.05516500025987625 0.09544999897480011
vt 0.05581599846482277 0.5386239886283875
vt 0.05628199875354767 0.05177000164985657
vt 0.056366998702287674 0.7906129956245422
vt 0.05695800110697746 0.8851730227470398
vt 0.05695800110697746 0.9277030229568481
vt 0.05695800110697746 0.9311140179634094
vt 0.05695800110697746 0.9594290256500244
vt 0.05695800110697746 0.9628400206565857
vt 0.05695800110697746 0.9820809960365295
vt 0.05695800110697746 0.9903860092163086
vt 0.05726800113916397 0.46631601452827454
vt 0.057985998690128326 0.4870240092277527
vt 0.05805699899792671 0.6448929905891418
vt 0.058201998472213745 0.6117460131645203
vt 0.05823900178074837 0.8219940066337585
vt 0.059147998690605164 0.7977579832077026
vt 0.059160999953746796 0.10306300222873688
vt 0.0594169981777668 0.5180090069770813
vt 0.059967998415231705 0.5253769755363464
vt 0.06011800095438957 0.07357300072908401
vt 0.06036299839615822 0.5102570056915283
vt 0.06135600060224533 0.8367990255355835
vt 0.06138699874281883 0.7121549844741821
vt 0.061539001762866974 0.696690022945404
vt 0.06363300234079361 0.985493004322052
vt 0.06363300234079361 0.9950460195541382
vt 0.0637739971280098 0.5150970220565796
vt 0.0637739971280098 0.5877490043640137
vt 0.0637739971280098 0.6001420021057129
vt 0.06442900002002716 0.9683719873428345
vt 0.06461899727582932 0.20958000421524048
vt 0.06495799869298935 0.08889500051736832
vt 0.0653889998793602 0.9261109828948975
vt 0.06599999964237213 0.5212770104408264
vt 0.06612599641084671 0.5949259996414185
vt 0.0663359984755516 0.016220999881625175
vt 0.06646399945020676 0.9557099938392639
vt 0.06713099777698517 0.4620499908924103
vt 0.06784000247716904 0.09203600138425827
vt 0.06816300004720688 0.6081860065460205
vt 0.06816499680280685 0.02849400043487549
vt 0.06821499764919281 0.9703080058097839
vt 0.06821499764919281 0.9834079742431641
vt 0.06885399669408798 0.8884509801864624
vt 0.06898999959230423 0.3605149984359741
vt 0.06908299773931503 0.3331280052661896
vt 0.0701960027217865 0.05116499960422516
vt 0.07063599675893784 0.8402510285377502
vt 0.07069599628448486 0.9935780167579651
vt 0.07091899961233139 0.10997100174427032
vt 0.07101300358772278 0.8817610144615173
vt 0.07104399800300598 0.964909017086029
vt 0.07142599672079086 0.5685520172119141
vt 0.0716399997472763 0.6001420021057129
vt 0.0720210000872612 0.5090180039405823
vt 0.0720679983496666 0.47544699907302856
vt 0.07227200269699097 0.5824959874153137
vt 0.07231000065803528 0.9380630254745483
vt 0.07302799820899963 0.06881599873304367
vt 0.07317300140857697 0.4416399896144867
vt 0.07396599650382996 0.013392000459134579
vt 0.0743350014090538 0.5277349948883057
vt 0.07434900104999542 0.5304719805717468
vt 0.07442499697208405 0.8809159994125366
vt 0.07475999742746353 0.6589490175247192
vt 0.07505200058221817 0.6081759929656982
vt 0.07505899667739868 0.3430350124835968
vt 0.0750890001654625 0.9834079742431641
vt 0.07509099692106247 0.7204570174217224
vt 0.07556899636983871 0.1896129995584488
vt 0.07563699781894684 0.1171569973230362
vt 0.07632099837064743 0.08785700052976608
vt 0.07692799717187881 0.5147449970245361
vt 0.07697000354528427 0.6117460131645203
vt 0.07745999842882156 0.4955730140209198
vt 0.07766599953174591 0.10590499639511108
vt 0.07794100046157837 0.7925860285758972
vt 0.07794100046157837 0.8256790041923523
vt 0.07849600166082382 0.05224300175905228
vt 0.07914800196886063 0.5445780158042908
vt 0.07935299724340439 0.6001420021057129
vt 0.07935500144958496 0.761817991733551
vt 0.07956299930810928 0.8402100205421448
vt 0.07956299930810928 0.9346519708633423
vt 0.07956299930810928 0.964909017086029
vt 0.07956299930810928 0.9683210253715515
vt 0.07956299930810928 0.9799969792366028
vt 0.07986299693584442 0.1844779998064041
vt 0.0799110010266304 0.6266040205955505
vt 0.08034300059080124 0.012404000386595726
vt 0.0805009976029396 0.5316969752311707
vt 0.08174099773168564 0.5087599754333496
vt 0.08185900002717972 0.5967310070991516
vt 0.0818990021944046 0.0490339994430542
vt 0.08288499712944031 0.6081759929656982
vt 0.08299200236797333 0.04590899869799614
vt 0.08305899798870087 0.10746199637651443
vt 0.08332200348377228 0.6495239734649658
vt 0.08332200348377228 0.8079469799995422
vt 0.08332200348377228 0.8471090197563171
vt 0.08332200348377228 0.8999750018119812
vt 0.08332200348377228 0.9033859968185425
vt 0.08332200348377228 0.9331949949264526
vt 0.08332200348377228 0.9663169980049133
vt 0.08332200348377228 0.974265992641449
vt 0.08348699659109116 0.020208999514579773
vt 0.08383099734783173 0.7590709924697876
vt 0.08407299965620041 0.22526200115680695
vt 0.08412999659776688 0.8365640044212341
vt 0.08489000052213669 0.5581120252609253
vt 0.08513300120830536 0.19403700530529022
vt 0.08514200150966644 0.5816249847412109
vt 0.0852779969573021 0.11709699779748917
vt 0.08532100170850754 0.35092398524284363
vt 0.08601000159978867 0.19819200038909912
vt 0.08622600138187408 0.47343501448631287
vt 0.08629599958658218 0.6001420021057129
vt 0.08629599958658218 0.6081069707870483
vt 0.08687599748373032 0.2052610069513321
vt 0.0871639996767044 0.62677401304245
vt 0.08768899738788605 0.6938689947128296
vt 0.08796200156211853 0.07833900302648544
vt 0.08885399997234344 0.06087300181388855
vt 0.08903799951076508 0.8425319790840149
vt 0.0897350013256073 0.9697290062904358
vt 0.0897350013256073 0.9878559708595276
vt 0.09035799652338028 0.5759919881820679
vt 0.09067399799823761 0.6238080263137817
vt 0.09075800329446793 0.938260018825531
vt 0.09122899919748306 0.9663169980049133
vt 0.09153400361537933 0.19203099608421326
vt 0.09162700176239014 0.248308002948761
vt 0.09175200015306473 0.5043690204620361
vt 0.0917700007557869 0.11212900280952454
vt 0.09222999960184097 0.01267900038510561
vt 0.09230399876832962 0.670199990272522
vt 0.09252899885177612 0.7722870111465454
vt 0.09253299981355667 0.6434969902038574
vt 0.09281399846076965 0.35010600090026855
vt 0.09311799705028534 0.5136139988899231
vt 0.09331999719142914 0.5587049722671509
vt 0.0936020016670227 0.025529000908136368
vt 0.09360300004482269 0.6045029759407043
vt 0.09373000264167786 0.9743229746818542
vt 0.09373000264167786 0.9894189834594727
vt 0.09429600089788437 0.6719629764556885
vt 0.09435000270605087 0.6984469890594482
vt 0.09443800151348114 0.9348480105400085
vt 0.09447000175714493 0.8499670028686523
vt 0.09464000165462494 0.9454630017280579
vt 0.09479299932718277 0.5302820205688477
vt 0.09505099803209305 0.6117460131645203
vt 0.09622599929571152 0.25618401169776917
vt 0.09622599929571152 0.41094300150871277
vt 0.09622599929571152 0.41435399651527405
vt 0.09622599929571152 0.43630701303482056
vt 0.0964760035276413 0.9110190272331238
vt 0.09659799933433533 0.7073220014572144
vt 0.0967170000076294 0.6342549920082092
vt 0.09701400250196457 0.6020280122756958
vt 0.09705299884080887 0.2735840082168579
vt 0.09807900339365005 0.38946598768234253
vt 0.09863600134849548 0.6517329812049866
vt 0.09928400069475174 0.42655399441719055
vt 0.09994000196456909 0.9033859968185425
vt 0.09994000196456909 0.9229679703712463
vt 0.10016799718141556 0.7682589888572693
vt 0.10021799802780151 0.938260018825531
vt 0.10021799802780151 0.970911979675293
vt 0.10021799802780151 0.9784380197525024
vt 0.10044699907302856 0.619454026222229
vt 0.10047300159931183 0.43352800607681274
vt 0.10060299932956696 0.8465240001678467
vt 0.1009100005030632 0.5694299936294556
vt 0.10121800005435944 0.6001420021057129
vt 0.10121800005435944 0.6083170175552368
vt 0.10162399709224701 0.8431119918823242
vt 0.10221099853515625 0.12700200080871582
vt 0.10224000364542007 0.6893129944801331
vt 0.10270600020885468 0.07200299948453903
vt 0.10270900279283524 0.860181987285614
vt 0.10270900279283524 0.9142410159111023
vt 0.10422900319099426 0.20809899270534515
vt 0.10426200181245804 0.9628080129623413
vt 0.10426200181245804 0.9668310284614563
vt 0.10426200181245804 0.9799330234527588
vt 0.10426200181245804 0.9905670285224915
vt 0.10433900356292725 0.4243519902229309
vt 0.10433900356292725 0.4974049925804138
vt 0.10461600124835968 0.9943439960479736
vt 0.10480800271034241 0.17557699978351593
vt 0.10482999682426453 0.11972299963235855
vt 0.10499099642038345 0.33766698837280273
vt 0.10500700026750565 0.011718000285327435
vt 0.10519900172948837 0.9460470080375671
vt 0.10542500019073486 0.0990620031952858
vt 0.10544300079345703 0.5725899934768677
vt 0.10544300079345703 0.6016209721565247
vt 0.10611999779939651 0.8465240001678467
vt 0.10611999779939651 0.929481029510498
vt 0.10731100291013718 0.8067229986190796
vt 0.10731100291013718 0.8278769850730896
vt 0.10853400081396103 0.04221000149846077
vt 0.10862699896097183 0.39386099576950073
vt 0.10937800258398056 0.2716349959373474
vt 0.1097709983587265 0.6910859942436218
vt 0.10981199890375137 0.5691779851913452
vt 0.10997200012207031 0.6117550134658813
vt 0.11019700020551682 0.7366510033607483
vt 0.11055400222539902 0.62260502576828
vt 0.11055400222539902 0.768875002861023
vt 0.11062700301408768 0.9880120158195496
vt 0.11062700301408768 0.9956949949264526
vt 0.11072299629449844 0.7722870111465454
vt 0.11072299629449844 0.7927420139312744
vt 0.11072299629449844 0.7961530089378357
vt 0.11072299629449844 0.8153830170631409
vt 0.11072299629449844 0.8187940120697021
vt 0.11072299629449844 0.8285229802131653
vt 0.1113710030913353 0.40871500968933105
vt 0.11145699769258499 0.9846000075340271
vt 0.1115180030465126 0.9743000268936157
vt 0.11155799776315689 0.44348299503326416
vt 0.11188399791717529 0.954783022403717
vt 0.11192400008440018 0.605987012386322
vt 0.11201400309801102 0.42307400703430176
vt 0.11243800073862076 0.9241189956665039
vt 0.11243800073862076 0.9328920245170593
vt 0.11243800073862076 0.9634199738502502
vt 0.11243999749422073 0.784591019153595
vt 0.11246500164270401 0.5027490258216858
vt 0.11248800158500671 0.8049939870834351
vt 0.11279000341892242 0.8252900242805481
vt 0.11308600008487701 0.4965839982032776
vt 0.11308600008487701 0.5760499835014343
vt 0.1132809966802597 0.0703129991889
vt 0.11336000263690948 0.1838030070066452
vt 0.11404299736022949 0.024529999122023582
vt 0.11409399658441544 0.18995699286460876
vt 0.11439599841833115 0.051291998475790024
vt 0.11478199809789658 0.2592180073261261
vt 0.11544100195169449 0.06400299817323685
vt 0.11621099710464478 0.20208099484443665
vt 0.11649700254201889 0.3111410140991211
vt 0.11649700254201889 0.35854798555374146
vt 0.11649700254201889 0.4396890103816986
vt 0.11649700254201889 0.537388026714325
vt 0.11649700254201889 0.595333993434906
vt 0.11649700254201889 0.616981029510498
vt 0.11649700254201889 0.7469279766082764
vt 0.11649700254201889 0.7838910222053528
vt 0.11649700254201889 0.8234519958496094
vt 0.11649700254201889 0.8738710284233093
vt 0.11649700254201889 0.9234430193901062
vt 0.11649700254201889 0.9311299920082092
vt 0.11649700254201889 0.9639120101928711
vt 0.11649700254201889 0.9809669852256775
vt 0.11649700254201889 0.9883279800415039
vt 0.11649700254201889 0.9966760277748108
vt 0.11671300232410431 0.18123699724674225
vt 0.11784400045871735 0.3520910143852234
vt 0.11790499836206436 0.07945399731397629
vt 0.11854200065135956 0.25618401169776917
vt 0.11854200065135956 0.2612999975681305
vt 0.11866199970245361 0.7376520037651062
vt 0.11871500313282013 0.8183839917182922
vt 0.11892499774694443 0.6954339742660522
vt 0.11945900321006775 0.8605380058288574
vt 0.11981599777936935 0.8824130296707153
vt 0.11985500156879425 0.7050390243530273
vt 0.12006700038909912 0.6283779740333557
vt 0.12055899947881699 0.5723909735679626
vt 0.12116499990224838 0.3400920033454895
vt 0.12196800112724304 0.9937610030174255
vt 0.12225300073623657 0.16970999538898468
vt 0.12246599793434143 0.8260409832000732
vt 0.12276100367307663 0.5838840007781982
vt 0.12288899719715118 0.04667799919843674
vt 0.12297199666500092 0.240448996424675
vt 0.123430997133255 0.27136901021003723
vt 0.12379900366067886 0.9673230051994324
vt 0.12379900366067886 0.9849169850349426
vt 0.1240919977426529 0.0799579992890358
vt 0.12417999655008316 0.9511910080909729
vt 0.12465599924325943 0.436383992433548
vt 0.125217005610466 0.7595949769020081
vt 0.12642699480056763 0.06167599931359291
vt 0.1266610026359558 0.6921839714050293
vt 0.1267620027065277 0.8687930107116699
vt 0.1276160031557083 0.8861070275306702
vt 0.1276240050792694 0.8772820234298706
vt 0.1276240050792694 0.9277179837226868
vt 0.12817199528217316 0.008015000261366367
vt 0.12824499607086182 0.19184300303459167
vt 0.1283559948205948 0.00190100003965199
vt 0.12836499512195587 0.9661710262298584
vt 0.12836499512195587 0.9895939826965332
vt 0.1284179985523224 0.24807099997997284
vt 0.12932999432086945 0.5907229781150818
vt 0.1301870048046112 0.739425003528595
vt 0.1305609941482544 0.7551910281181335
vt 0.13065600395202637 0.8584920167922974
vt 0.1310350000858307 0.8946959972381592
vt 0.1310350000858307 0.9573209881782532
vt 0.13172799348831177 0.9168850183486938
vt 0.13182899355888367 0.2538839876651764
vt 0.13196900486946106 0.7630059719085693
vt 0.13250300288200378 0.8691790103912354
vt 0.13374599814414978 0.8220040202140808
vt 0.1339620053768158 0.9820489883422852
vt 0.1339620053768158 0.9945350289344788
vt 0.1347070038318634 0.953324019908905
vt 0.13638299703598022 0.9786369800567627
vt 0.13659699261188507 0.210316002368927
vt 0.13661499321460724 0.9284409880638123
vt 0.1366560012102127 0.8323310017585754
vt 0.13685999810695648 0.9627590179443359
vt 0.13726000487804413 0.6223260164260864
vt 0.137596994638443 0.9318529963493347
vt 0.13913500308990479 0.6395490169525146
vt 0.1393039971590042 0.9453309774398804
vt 0.1393039971590042 0.9619330167770386
vt 0.1393039971590042 0.9661710262298584
vt 0.13944999873638153 0.32986700534820557
vt 0.13966600596904755 0.7569800019264221
vt 0.13997800648212433 0.6544939875602722
vt 0.14009200036525726 0.5694169998168945
vt 0.14035700261592865 0.3098059892654419
vt 0.14058899879455566 0.8492860198020935
vt 0.14125700294971466 0.20773600041866302
vt 0.14191299676895142 0.8772820234298706
vt 0.14191299676895142 0.9261230230331421
vt 0.1422470062971115 0.7510480284690857
vt 0.14296799898147583 0.5550000071525574
vt 0.14368000626564026 0.9751819968223572
vt 0.14368000626564026 0.9785940051078796
vt 0.14368000626564026 0.991940975189209
vt 0.14400100708007812 0.8220040202140808
vt 0.14400100708007812 0.8704760074615479
vt 0.14414900541305542 0.24384599924087524
vt 0.14430800080299377 0.8450350165367126
vt 0.14548100531101227 0.8757299780845642
vt 0.1455020010471344 0.6412749886512756
vt 0.1455570012331009 0.855364978313446
vt 0.14678999781608582 0.19424299895763397
vt 0.1471949964761734 0.8897200226783752
vt 0.1471949964761734 0.9142850041389465
vt 0.1471949964761734 0.9292269945144653
vt 0.1471949964761734 0.9534500241279602
vt 0.14778099954128265 0.8461930155754089
vt 0.14816300570964813 0.7844550013542175
vt 0.14816300570964813 0.8185930252075195
vt 0.14816300570964813 0.8754850029945374
vt 0.14816300570964813 0.886309027671814
vt 0.1487949937582016 0.5714809894561768
vt 0.1490810066461563 0.5745720267295837
vt 0.14993000030517578 0.20855900645256042
vt 0.15005800127983093 0.9861369729042053
vt 0.1512490063905716 0.181550994515419
vt 0.15139499306678772 0.2145410031080246
vt 0.1514039933681488 0.44881999492645264
vt 0.1514820009469986 0.5487920045852661
vt 0.1515740007162094 0.7631379961967468
vt 0.1515740007162094 0.886309027671814
vt 0.15171800553798676 0.34292900562286377
vt 0.15194100141525269 0.5266559720039368
vt 0.15196900069713593 0.4276160001754761
vt 0.15219800174236298 0.7323700189590454
vt 0.15292799472808838 0.3584829866886139
vt 0.15302400290966034 0.6958630084991455
vt 0.1533149927854538 0.7079600095748901
vt 0.15345700085163116 0.20385199785232544
vt 0.1534699946641922 0.9785940051078796
vt 0.1534699946641922 0.9878960251808167
vt 0.15382400155067444 0.19006699323654175
vt 0.15405799448490143 0.8989580273628235
vt 0.15411999821662903 0.7542489767074585
vt 0.15420100092887878 0.9621490240097046
vt 0.15431900322437286 0.9071710109710693
vt 0.15435799956321716 0.9587380290031433
vt 0.15464399755001068 0.13291700184345245
vt 0.15524700284004211 0.09651800245046616
vt 0.15573599934577942 0.7706559896469116
vt 0.15619300305843353 0.24494799971580505
vt 0.15620799362659454 0.9821730256080627
vt 0.15624700486660004 0.9455059766769409
vt 0.15624700486660004 0.9751819968223572
vt 0.15655800700187683 0.8734700083732605
vt 0.15714900195598602 0.6510829925537109
vt 0.15742799639701843 0.6243789792060852
vt 0.15782099962234497 0.07162299752235413
vt 0.15783299505710602 0.18373599648475647
vt 0.1580819934606552 0.3329100012779236
vt 0.15815399587154388 0.7232159972190857
vt 0.15865099430084229 0.22141100466251373
vt 0.15923599898815155 0.8834369778633118
vt 0.15965799987316132 0.9292259812355042
vt 0.15965799987316132 0.9655119776725769
vt 0.15965799987316132 0.9689229726791382
vt 0.15965799987316132 0.987762987613678
vt 0.15970900654792786 0.015797000378370285
vt 0.15981300175189972 0.14523600041866302
vt 0.15997600555419922 0.9027360081672668
vt 0.16038000583648682 0.9258149862289429
vt 0.16168799996376038 0.7630059719085693
vt 0.16169099509716034 0.8678690195083618
vt 0.16169099509716034 0.8965309858322144
vt 0.1627340018749237 0.7031239867210388
vt 0.16286100447177887 0.18837200105190277
vt 0.16287100315093994 0.1675489991903305
vt 0.16300199925899506 0.08592099696397781
vt 0.1652970016002655 0.7979090213775635
vt 0.1652970016002655 0.8057010173797607
vt 0.1652970016002655 0.8193579912185669
vt 0.1653199940919876 0.7630059719085693
vt 0.1653199940919876 0.7811440229415894
vt 0.16552700102329254 0.6639909744262695
vt 0.16557200253009796 0.043529000133275986
vt 0.16574500501155853 0.9740179777145386
vt 0.16574600338935852 0.9345430135726929
vt 0.16662999987602234 0.25273099541664124
vt 0.16689300537109375 0.07986599951982498
vt 0.1675879955291748 0.814378023147583
vt 0.16761499643325806 0.6691539883613586
vt 0.16761499643325806 0.7535349726676941
vt 0.16761499643325806 0.7633129954338074
vt 0.16761499643325806 0.784555971622467
vt 0.16761499643325806 0.8022900223731995
vt 0.16790400445461273 0.08281400054693222
vt 0.16919200122356415 0.8654869794845581
vt 0.16919200122356415 0.8688989877700806
vt 0.16919200122356415 0.9097269773483276
vt 0.16919200122356415 0.9131379723548889
vt 0.16919200122356415 0.9544159770011902
vt 0.16919200122356415 0.9658640027046204
vt 0.16919200122356415 0.9827579855918884
vt 0.1700190007686615 0.10315699875354767
vt 0.17063100636005402 0.8597000241279602
vt 0.17102600634098053 0.6874729990959167
vt 0.17102600634098053 0.7871959805488586
vt 0.17102600634098053 0.8229629993438721
vt 0.17140699923038483 0.6544939875602722
vt 0.17182500660419464 0.7309449911117554
vt 0.17192499339580536 0.6394379734992981
vt 0.1720370054244995 0.7620019912719727
vt 0.1725279986858368 0.5556920170783997
vt 0.1727219969034195 0.23854899406433105
vt 0.1732330024242401 0.9936109781265259
vt 0.17324699461460114 0.33104801177978516
vt 0.17332300543785095 0.3521580100059509
vt 0.174003005027771 0.19027000665664673
vt 0.1756339967250824 0.9827579855918884
vt 0.17575499415397644 0.9502580165863037
vt 0.1764640063047409 0.9578269720077515
vt 0.1764640063047409 0.9793469905853271
vt 0.17651599645614624 0.06800399720668793
vt 0.17651799321174622 0.9208149909973145
vt 0.17732299864292145 0.46693798899650574
vt 0.17813199758529663 0.14749599993228912
vt 0.17861400544643402 0.6171420216560364
vt 0.17880700528621674 0.21506500244140625
vt 0.17882999777793884 0.05708000063896179
vt 0.17888499796390533 0.6254720091819763
vt 0.17940600216388702 0.4898650050163269
vt 0.1799290031194687 0.9131379723548889
vt 0.1799290031194687 0.9521459937095642
vt 0.1799290031194687 0.9722779989242554
vt 0.1799290031194687 0.9917060136795044
vt 0.18045200407505035 0.18592099845409393
vt 0.18050800263881683 0.5049399733543396
vt 0.18080799281597137 0.1594730019569397
vt 0.18105299770832062 0.5494260191917419
vt 0.18116700649261475 0.07655999809503555
vt 0.18122699856758118 0.5267720222473145
vt 0.1812330037355423 0.4488309919834137
vt 0.18188099563121796 0.21739299595355988
vt 0.18272699415683746 0.569923996925354
vt 0.18285700678825378 0.19528600573539734
vt 0.18334299325942993 0.1817609965801239
vt 0.18402500450611115 0.42652401328086853
vt 0.18489399552345276 0.2509610056877136
vt 0.18518200516700745 0.9178760051727295
vt 0.18557299673557281 0.11328800022602081
vt 0.18577200174331665 0.33217498660087585
vt 0.18608899414539337 0.7654129862785339
vt 0.18612900376319885 0.15717199444770813
vt 0.18622200191020966 0.6085270047187805
vt 0.18624700605869293 0.6417710185050964
vt 0.1866620033979416 0.15027600526809692
vt 0.18669399619102478 0.12683500349521637
vt 0.18726299703121185 0.9555569887161255
vt 0.18726299703121185 0.9781789779663086
vt 0.18728500604629517 0.8783419728279114
vt 0.1876789927482605 0.9815899729728699
vt 0.187732994556427 0.9506909847259521
vt 0.18779100477695465 0.9917060136795044
vt 0.18980099260807037 0.13365699350833893
vt 0.19101600348949432 0.2000119984149933
vt 0.19188900291919708 0.17707499861717224
vt 0.19202099740505219 0.8752480149269104
vt 0.19202099740505219 0.935850977897644
vt 0.19203899800777435 0.5504230260848999
vt 0.19222299754619598 0.06750500202178955
vt 0.1927420049905777 0.9610109925270081
vt 0.1927420049905777 0.9890030026435852
vt 0.19293099641799927 0.016109000891447067
vt 0.1935420036315918 0.9041640162467957
vt 0.19364899396896362 0.1156110018491745
vt 0.1937980055809021 0.822350025177002
vt 0.1938910037279129 0.22229799628257751
vt 0.19463400542736053 0.15593600273132324
vt 0.194692000746727 0.479995995759964
vt 0.19501599669456482 0.23516200482845306
vt 0.1956620067358017 0.06257700175046921
vt 0.19634300470352173 0.6240040063858032
vt 0.19639000296592712 0.022286999970674515
vt 0.19642500579357147 0.8585090041160583
vt 0.19668899476528168 0.240665003657341
vt 0.1967729926109314 0.2619050145149231
vt 0.19749699532985687 0.6165220141410828
vt 0.19761300086975098 0.06887000054121017
vt 0.19798000156879425 0.005222000181674957
vt 0.1986750066280365 0.8228330016136169
vt 0.19876299798488617 0.2320909947156906
vt 0.19927600026130676 0.42307400703430176
vt 0.199522003531456 0.5515890121459961
vt 0.2001190036535263 0.9790999889373779
vt 0.2001190036535263 0.990880012512207
vt 0.20031100511550903 0.9075760245323181
vt 0.20031100511550903 0.9497690200805664
vt 0.20031100511550903 0.9531810283660889
vt 0.20031100511550903 0.9756889939308167
vt 0.20061799883842468 0.16544799506664276
vt 0.2007710039615631 0.5275880098342896
vt 0.2009049952030182 0.11856500059366226
vt 0.20092299580574036 0.5937600135803223
vt 0.20093600451946259 0.35012099146842957
vt 0.20107799768447876 0.1363060027360916
vt 0.20124299824237823 0.7880020141601562
vt 0.20124299824237823 0.8263739943504333
vt 0.20124299824237823 0.8631939888000488
vt 0.20171700417995453 0.5700520277023315
vt 0.20188799500465393 0.020450999960303307
vt 0.20205700397491455 0.04370100051164627
vt 0.20237800478935242 0.4537630081176758
vt 0.2037220001220703 0.9132639765739441
vt 0.2037220001220703 0.9495609998703003
vt 0.2037220001220703 0.97325199842453
vt 0.2038400024175644 0.04804899916052818
vt 0.20395000278949738 0.18111400306224823
vt 0.2046550065279007 0.7678589820861816
vt 0.2053470015525818 0.9912300109863281
vt 0.2054090052843094 0.9766629934310913
vt 0.20575299859046936 0.2552649974822998
vt 0.20578999817371368 0.439969003200531
vt 0.20584000647068024 0.5328180193901062
vt 0.20584000647068024 0.5442140102386475
vt 0.20584000647068024 0.5515760183334351
vt 0.20626300573349 0.176364004611969
vt 0.20636500418186188 0.4795840084552765
vt 0.20636500418186188 0.5179510116577148
vt 0.20653100311756134 0.42307400703430176
vt 0.20659400522708893 0.08353699743747711
vt 0.20715899765491486 0.0017059999518096447
vt 0.2074189931154251 0.6134470105171204
vt 0.20764300227165222 0.5457940101623535
vt 0.2079630047082901 0.43331700563430786
vt 0.2079630047082901 0.4761730134487152
vt 0.2079630047082901 0.5018380284309387
vt 0.2079630047082901 0.5213630199432373
vt 0.2079630047082901 0.5408030152320862
vt 0.20810699462890625 0.9611660242080688
vt 0.20832599699497223 0.154898002743721
vt 0.20927000045776367 0.17434699833393097
vt 0.2100590020418167 0.12767300009727478
vt 0.21024300158023834 0.7904959917068481
vt 0.21027599275112152 0.14922800660133362
vt 0.21106399595737457 0.20378699898719788
vt 0.21129800379276276 0.625573992729187
vt 0.21167199313640594 0.9560819864273071
vt 0.21167199313640594 0.9912300109863281
vt 0.21169200539588928 0.44768500328063965
vt 0.2122119963169098 0.8552790284156799
vt 0.2128099948167801 0.08769399672746658
vt 0.21287299692630768 0.6475030183792114
vt 0.21300199627876282 0.9075760245323181
vt 0.21300199627876282 0.9461489915847778
vt 0.2130890041589737 0.5850229859352112
vt 0.21361899375915527 0.6382409930229187
vt 0.21469299495220184 0.21500399708747864
vt 0.214696004986763 0.1847350001335144
vt 0.21481700241565704 0.3319869935512543
vt 0.2149689942598343 0.30218300223350525
vt 0.21518899500370026 0.16270999610424042
vt 0.2151920050382614 0.9865589737892151
vt 0.2151920050382614 0.99720698595047
vt 0.21555200219154358 0.9811559915542603
vt 0.21557499468326569 0.0788630023598671
vt 0.2156279981136322 0.46951600909233093
vt 0.2156279981136322 0.958066999912262
vt 0.21593700349330902 0.7654129862785339
vt 0.21593700349330902 0.8718370199203491
vt 0.21593700349330902 0.8757449984550476
vt 0.21593700349330902 0.90385901927948
vt 0.21625299751758575 0.43487799167633057
vt 0.2164130061864853 0.9075760245323181
vt 0.2164130061864853 0.9546549916267395
vt 0.21674300730228424 0.06317999958992004
vt 0.217399001121521 0.4856320023536682
vt 0.2187110036611557 0.05944700166583061
vt 0.2189899981021881 0.6548839807510376
vt 0.2193019986152649 0.7601850032806396
vt 0.21945899724960327 0.259321004152298
vt 0.21948200464248657 0.32089200615882874
vt 0.21955299377441406 0.4973439872264862
vt 0.21977399289608002 0.07497300207614899
vt 0.21981699764728546 0.0503930002450943
vt 0.22006000578403473 0.193573996424675
vt 0.22016699612140656 0.1521580070257187
vt 0.22019000351428986 0.6827059984207153
vt 0.22019000351428986 0.731344997882843
vt 0.22027799487113953 0.9433979988098145
vt 0.22027799487113953 0.9702110290527344
vt 0.22027799487113953 0.9831479787826538
vt 0.22027799487113953 0.9928079843521118
vt 0.22065599262714386 0.2476470023393631
vt 0.22160500288009644 0.5884479880332947
vt 0.22160500288009644 0.6275830268859863
vt 0.22160500288009644 0.64165198802948
vt 0.22160500288009644 0.6507409811019897
vt 0.2217549979686737 0.1185619980096817
vt 0.22192299365997314 0.44499701261520386
vt 0.22210299968719482 0.22615599632263184
vt 0.22255399823188782 0.13745400309562683
vt 0.2237659990787506 0.7676950097084045
vt 0.2237659990787506 0.7949749827384949
vt 0.2237659990787506 0.83719402551651
vt 0.2237659990787506 0.895346999168396
vt 0.2237659990787506 0.9016739726066589
vt 0.2237659990787506 0.9390910267829895
vt 0.2237659990787506 0.9660670161247253
vt 0.2237659990787506 0.9792640209197998
vt 0.2237659990787506 0.9883430004119873
vt 0.22381600737571716 0.35465899109840393
vt 0.22391900420188904 0.26531699299812317
vt 0.22394399344921112 0.2021239995956421
vt 0.22400400042533875 0.9224039912223816
vt 0.22449299693107605 0.4907830059528351
vt 0.22461499273777008 0.9462980031967163
vt 0.22465600073337555 0.9970129728317261
vt 0.2250169962644577 0.6008070111274719
vt 0.22502900660037994 0.8729150295257568
vt 0.22517600655555725 0.08484199643135071
vt 0.2264229953289032 0.5003349781036377
vt 0.22732600569725037 0.6092879772186279
vt 0.22734099626541138 0.7443659901618958
vt 0.22790899872779846 0.7571399807929993
vt 0.22792799770832062 0.46608400344848633
vt 0.22815799713134766 0.4347060024738312
vt 0.22831100225448608 0.12044999748468399
vt 0.22857199609279633 0.18973800539970398
vt 0.22866900265216827 0.9883430004119873
vt 0.22940799593925476 0.7364429831504822
vt 0.23014800250530243 0.16791999340057373
vt 0.23016799986362457 0.5953919887542725
vt 0.2303670048713684 0.07916299998760223
vt 0.23058299720287323 0.6656460165977478
vt 0.23093299567699432 0.11987599730491638
vt 0.23104499280452728 0.15667100250720978
vt 0.23104999959468842 0.8379349708557129
vt 0.23175500333309174 0.42307400703430176
vt 0.2318670004606247 0.74269700050354
vt 0.2318979948759079 0.9425020217895508
vt 0.2318979948759079 0.9685570001602173
vt 0.23281699419021606 0.9719679951667786
vt 0.23281699419021606 0.984932005405426
vt 0.2339089959859848 0.49845999479293823
vt 0.23406800627708435 0.6318770051002502
vt 0.23494499921798706 0.07311800122261047
vt 0.23527799546718597 0.19117000699043274
vt 0.23533500730991364 0.9187480211257935
vt 0.23538699746131897 0.8219760060310364
vt 0.23560300469398499 0.5852190256118774
vt 0.23575900495052338 0.35092198848724365
vt 0.23586499691009521 0.14277200400829315
vt 0.236502006649971 0.0470380000770092
vt 0.237745001912117 0.753728985786438
vt 0.2381100058555603 0.29887500405311584
vt 0.23846200108528137 0.833782970905304
vt 0.23874600231647491 0.9036809802055359
vt 0.23874600231647491 0.9324989914894104
vt 0.23874600231647491 0.9507629871368408
vt 0.23874600231647491 0.9782829880714417
vt 0.23892800509929657 0.4923990070819855
vt 0.2393539994955063 0.20444799959659576
vt 0.2402220070362091 0.8238379955291748
vt 0.24085600674152374 0.9473519921302795
vt 0.2413180023431778 0.5816119909286499
vt 0.2413959950208664 0.3282720148563385
vt 0.24140900373458862 0.577489972114563
vt 0.24146999418735504 0.9892500042915344
vt 0.24156300723552704 0.8982620239257812
vt 0.24246299266815186 0.7379379868507385
vt 0.24248099327087402 0.6877229809761047
vt 0.24249300360679626 0.2464749962091446
vt 0.24300800263881683 0.3532389998435974
vt 0.24305899441242218 0.8734710216522217
vt 0.2435780018568039 0.7717390060424805
vt 0.24431699514389038 0.9748719930648804
vt 0.24442100524902344 0.4196619987487793
vt 0.2448430061340332 0.23261499404907227
vt 0.24489900469779968 0.9016730189323425
vt 0.24498000741004944 0.6528800129890442
vt 0.2451239973306656 0.33887800574302673
vt 0.24565500020980835 0.16989099979400635
vt 0.24630700051784515 0.9507629871368408
vt 0.24658499658107758 0.9273340106010437
vt 0.24674999713897705 0.9791409969329834
vt 0.24674999713897705 0.9893119931221008
vt 0.24724599719047546 0.2619050145149231
vt 0.24724599719047546 0.34615999460220337
vt 0.24724599719047546 0.4320330023765564
vt 0.24724599719047546 0.5762500166893005
vt 0.24724599719047546 0.5850229859352112
vt 0.24724599719047546 0.7510730028152466
vt 0.24724599719047546 0.7928429841995239
vt 0.25065699219703674 0.9021289944648743
vt 0.25065699219703674 0.9055410027503967
vt 0.25065699219703674 0.9269739985466003
vt 0.2506580054759979 0.0017059999518096447
vt 0.2506580054759979 0.39153099060058594
vt 0.2506580054759979 0.5086550116539001
vt 0.2506580054759979 0.6328269839286804
vt 0.2506580054759979 0.7187190055847168
vt 0.2506580054759979 0.7801409959793091
vt 0.2506580054759979 0.8655319809913635
vt 0.2506580054759979 0.9430390000343323
vt 0.2506580054759979 0.9747629761695862
vt 0.2506580054759979 0.9890120029449463
vt 0.2506580054759979 0.997829020023346
vt 0.2508560121059418 0.40007901191711426
vt 0.25091999769210815 0.3966679871082306
vt 0.2509250044822693 0.8002769947052002
vt 0.2514599859714508 0.46977999806404114
vt 0.2519170045852661 0.6088259816169739
vt 0.25192099809646606 0.7385320067405701
vt 0.2520129978656769 0.007841000333428383
vt 0.2520950138568878 0.7350540161132812
vt 0.25220000743865967 0.43347999453544617
vt 0.25336700677871704 0.960552990436554
vt 0.2544949948787689 0.9943659901618958
vt 0.255281001329422 0.5129690170288086
vt 0.25533100962638855 0.188510000705719
vt 0.25569599866867065 0.05280299857258797
vt 0.25588300824165344 0.09585899859666824
vt 0.2560670077800751 0.5903319716453552
vt 0.2564469873905182 0.5290989875793457
vt 0.25654199719429016 0.5207399725914001
vt 0.25685399770736694 0.8849819898605347
vt 0.2571980059146881 0.6270220279693604
vt 0.2572390139102936 0.9560750126838684
vt 0.25732699036598206 0.6164230108261108
vt 0.2573480010032654 0.9665759801864624
vt 0.2573480010032654 0.985601007938385
vt 0.2579059898853302 0.9938660264015198
vt 0.2583549916744232 0.9459239840507507
vt 0.2597390115261078 0.6901819705963135
vt 0.26063498854637146 0.06793399900197983
vt 0.26075199246406555 0.939628005027771
vt 0.2614609897136688 0.9435160160064697
vt 0.2614609897136688 0.9631639719009399
vt 0.2617569863796234 0.9890120029449463
vt 0.2617569863796234 0.9976109862327576
vt 0.26227399706840515 0.9232509732246399
vt 0.2624030113220215 0.38312700390815735
vt 0.2625010013580322 0.2113800048828125
vt 0.2629069983959198 0.18985499441623688
vt 0.2631619870662689 0.8590160012245178
vt 0.26474499702453613 0.05120899900794029
vt 0.26510798931121826 0.8060759902000427
vt 0.26568499207496643 0.91252201795578
vt 0.26568499207496643 0.971589982509613
vt 0.26568499207496643 0.9812080264091492
vt 0.26568499207496643 0.9920960068702698
vt 0.2657780051231384 0.22128599882125854
vt 0.26586800813674927 0.024459000676870346
vt 0.26607999205589294 0.0753680020570755
vt 0.2662619948387146 0.9634829759597778
vt 0.2664099931716919 0.37128299474716187
vt 0.2664720118045807 0.20796899497509003
vt 0.2664780020713806 0.3541580140590668
vt 0.2672770023345947 0.07026399672031403
vt 0.2675339877605438 0.04211999848484993
vt 0.26755398511886597 0.3225339949131012
vt 0.26778799295425415 0.5591480135917664
vt 0.2681030035018921 0.7858089804649353
vt 0.2709679901599884 0.9495930075645447
vt 0.271248996257782 0.9817929863929749
vt 0.27143600583076477 0.3367219865322113
vt 0.27243199944496155 0.6087219715118408
vt 0.2724500000476837 0.9530050158500671
vt 0.2724500000476837 0.9777969717979431
vt 0.27257001399993896 0.832722008228302
vt 0.2727000117301941 0.7351210117340088
vt 0.27327001094818115 0.3266359865665436
vt 0.27335500717163086 0.07835499942302704
vt 0.27340400218963623 0.9892609715461731
vt 0.2735849916934967 0.8703089952468872
vt 0.2735849916934967 0.8957459926605225
vt 0.2736850082874298 0.9055410027503967
vt 0.2736850082874298 0.9328609704971313
vt 0.2740519940853119 0.6529369950294495
vt 0.27410200238227844 0.21161200106143951
vt 0.27446600794792175 0.809486985206604
vt 0.27446600794792175 0.8668969869613647
vt 0.2755489945411682 0.6995559930801392
vt 0.27555400133132935 0.6362379789352417
vt 0.27671098709106445 0.35065099596977234
vt 0.27716800570487976 0.5067449808120728
vt 0.2775470018386841 0.050634000450372696
vt 0.2777929902076721 0.0652960017323494
vt 0.2778779864311218 0.809486985206604
vt 0.2778779864311218 0.9071210026741028
vt 0.2778779864311218 0.9105319976806641
vt 0.2778779864311218 0.9461519718170166
vt 0.2778779864311218 0.9583029747009277
vt 0.2778779864311218 0.9784060120582581
vt 0.2778779864311218 0.9818180203437805
vt 0.2778779864311218 0.9929010272026062
vt 0.2795479893684387 0.011559000238776207
vt 0.28120800852775574 0.21255899965763092
vt 0.2812289893627167 0.27499499917030334
vt 0.2824670076370239 0.3270309865474701
vt 0.2836329936981201 0.9031590223312378
vt 0.28374600410461426 0.4023379981517792
vt 0.2843109965324402 0.2863270044326782
vt 0.28453201055526733 0.95489102602005
vt 0.2846139967441559 0.9873369932174683
vt 0.28481701016426086 0.939037024974823
vt 0.28482601046562195 0.3169640004634857
vt 0.28485700488090515 0.2237280011177063
vt 0.2850460112094879 0.2522459924221039
vt 0.28523901104927063 0.8310080170631409
vt 0.28544700145721436 0.02252800017595291
vt 0.2858310043811798 0.9655429720878601
vt 0.2858330011367798 0.3756380081176758
vt 0.28598299622535706 0.3430039882659912
vt 0.2868089973926544 0.7980960011482239
vt 0.2869090139865875 0.27878499031066895
vt 0.28832700848579407 0.287759006023407
vt 0.28839200735092163 0.05596600100398064
vt 0.28872600197792053 0.7774519920349121
vt 0.28931599855422974 0.8400650024414062
vt 0.28931599855422974 0.8888739943504333
vt 0.28931599855422974 0.8922849893569946
vt 0.28931599855422974 0.9301210045814514
vt 0.28931599855422974 0.9360089898109436
vt 0.28931599855422974 0.9602109789848328
vt 0.28931599855422974 0.9817799925804138
vt 0.28931599855422974 0.9851909875869751
vt 0.28931599855422974 0.9942150115966797
vt 0.28936201333999634 0.34728100895881653
vt 0.2901670038700104 0.7390919923782349
vt 0.2901670038700104 0.8042389750480652
vt 0.2906219959259033 0.9518430233001709
vt 0.2930839955806732 0.6659160256385803
vt 0.29357901215553284 0.8000659942626953
vt 0.29377099871635437 0.8637400269508362
vt 0.29395100474357605 0.5726339817047119
vt 0.2941020131111145 0.3509179949760437
vt 0.2949430048465729 0.9854050278663635
vt 0.2953909933567047 0.8945350050926208
vt 0.2956010103225708 0.637935996055603
vt 0.2961750030517578 0.9171310067176819
vt 0.296440988779068 0.9739540219306946
vt 0.2964630126953125 0.9941369891166687
vt 0.2965950071811676 0.8624849915504456
vt 0.29731300473213196 0.042736999690532684
vt 0.29832300543785095 0.8439180254936218
vt 0.3003090023994446 0.9335330128669739
vt 0.3003090023994446 0.9567999839782715
vt 0.3008689880371094 0.3816959857940674
vt 0.30104100704193115 0.6923069953918457
vt 0.30132201313972473 0.9178910255432129
vt 0.3022719919681549 0.013472000136971474
vt 0.30260899662971497 0.9753040075302124
vt 0.30260899662971497 0.9868239760398865
vt 0.30260899662971497 0.9969429969787598
vt 0.30264899134635925 0.86906898021698
vt 0.30364900827407837 0.7329429984092712
vt 0.30387601256370544 0.836654007434845
vt 0.304733008146286 0.8922849893569946
vt 0.304733008146286 0.9163110256195068
vt 0.304733008146286 0.9679980278015137
vt 0.30584898591041565 0.37061798572540283
vt 0.30661898851394653 0.3618519902229309
vt 0.30711498856544495 0.9369710087776184
vt 0.30736100673675537 0.7035980224609375
vt 0.3076600134372711 0.7991120219230652
vt 0.30772098898887634 0.9968129992485046
vt 0.30849701166152954 0.3949739933013916
vt 0.3086729943752289 0.8040419816970825
vt 0.30959299206733704 0.9403830170631409
vt 0.3100380003452301 0.028842000290751457
vt 0.31113201379776 0.9868239760398865
vt 0.31113201379776 0.9980800151824951
vt 0.3127230107784271 0.9679980278015137
vt 0.3127230107784271 0.971409022808075
vt 0.3127230107784271 0.9834129810333252
vt 0.31365498900413513 0.6379910111427307
vt 0.3137679994106293 0.9122380018234253
vt 0.3138200044631958 0.7385320067405701
vt 0.3138200044631958 0.8146079778671265
vt 0.3138200044631958 0.8595139980316162
vt 0.31467801332473755 0.9916999936103821
vt 0.3163889944553375 0.652230978012085
vt 0.3172309994697571 0.7843379974365234
vt 0.3172309994697571 0.8531360030174255
vt 0.3172309994697571 0.8715370297431946
vt 0.3172309994697571 0.9320020079612732
vt 0.3172309994697571 0.9606220126152039
vt 0.3172309994697571 0.9640340209007263
vt 0.3172309994697571 0.982433021068573
vt 0.3179450035095215 0.016527000814676285
vt 0.3180359899997711 0.8638749718666077
vt 0.3185940086841583 0.9858440160751343
vt 0.31907200813293457 0.3674919903278351
vt 0.3191069960594177 0.7385320067405701
vt 0.3199689984321594 0.6017979979515076
vt 0.32029101252555847 0.5221999883651733
vt 0.3208189904689789 0.5305079817771912
vt 0.3213129937648773 0.6242460012435913
vt 0.32150399684906006 0.9956650137901306
vt 0.3221299946308136 0.3822900056838989
vt 0.32222598791122437 0.8042929768562317
vt 0.32243698835372925 0.5784599781036377
vt 0.32268500328063965 0.6142200231552124
vt 0.3227500021457672 0.5120670199394226
vt 0.3232260048389435 0.6302310228347778
vt 0.32372599840164185 0.8586620092391968
vt 0.32391899824142456 0.7003059983253479
vt 0.3243330121040344 0.8701030015945435
vt 0.32445499300956726 0.9733350276947021
vt 0.32445499300956726 0.9858440160751343
vt 0.3245309889316559 0.6321160197257996
vt 0.32478898763656616 0.8620730042457581
vt 0.3257800042629242 0.7887780070304871
vt 0.32613900303840637 0.9446039795875549
vt 0.3261590003967285 0.7351210117340088
vt 0.326198011636734 0.8413789868354797
vt 0.32624199986457825 0.03654000163078308
vt 0.32722601294517517 0.8690590262413025
vt 0.32722601294517517 0.9285899996757507
vt 0.3272689878940582 0.4021739959716797
vt 0.328357994556427 0.6922749876976013
vt 0.32847899198532104 0.6328269839286804
vt 0.32883501052856445 0.35850799083709717
vt 0.32915499806404114 0.786683976650238
vt 0.3291819989681244 0.7270349860191345
vt 0.329228013753891 0.5074049830436707
vt 0.32928699254989624 0.026599999517202377
vt 0.33068299293518066 0.07256399840116501
vt 0.33170801401138306 0.1269170045852661
vt 0.3318899869918823 0.5120670199394226
vt 0.3318899869918823 0.5412439703941345
vt 0.33199501037597656 0.593300998210907
vt 0.3321380019187927 0.6198369860649109
vt 0.3326379954814911 0.6537929773330688
vt 0.3326379954814911 0.7323369979858398
vt 0.3326379954814911 0.7840420007705688
vt 0.3326379954814911 0.8088650107383728
vt 0.3326379954814911 0.8574299812316895
vt 0.3326379954814911 0.8882219791412354
vt 0.3326379954814911 0.9243590235710144
vt 0.3326379954814911 0.9343709945678711
vt 0.3326379954814911 0.9648060202598572
vt 0.3326379954814911 0.9759309887886047
vt 0.3326379954814911 0.9872570037841797
vt 0.3326970040798187 0.1361279934644699
vt 0.33274000883102417 0.696054995059967
vt 0.3330720067024231 0.6232479810714722
vt 0.33368098735809326 0.9838460087776184
vt 0.33386799693107605 0.19691500067710876
vt 0.33451300859451294 0.050416000187397
vt 0.33487600088119507 0.7617869973182678
vt 0.3354850113391876 0.8210600018501282
vt 0.3375779986381531 0.9949769973754883
vt 0.33803701400756836 0.8701270222663879
vt 0.3381290137767792 0.007269000168889761
vt 0.33924201130867004 0.9872570037841797
vt 0.34012600779533386 0.9241430163383484
vt 0.34018099308013916 0.04653000086545944
vt 0.34050101041793823 0.9607809782028198
vt 0.340844988822937 0.854017972946167
vt 0.34094199538230896 0.9682170152664185
vt 0.34094199538230896 0.9812909960746765
vt 0.3410109877586365 0.19698099792003632
vt 0.3411960005760193 0.7995259761810303
vt 0.34134599566459656 0.7381839752197266
vt 0.3415969908237457 0.05444899946451187
vt 0.34163999557495117 0.1295659989118576
vt 0.34223300218582153 0.09770800173282623
vt 0.3436410129070282 0.3739059865474701
vt 0.343764990568161 0.8916339874267578
vt 0.34460198879241943 0.8922979831695557
vt 0.34460198879241943 0.9309599995613098
vt 0.34465500712394714 0.017511000856757164
vt 0.3448050022125244 0.34574198722839355
vt 0.34508299827575684 0.12529200315475464
vt 0.34582000970840454 0.38643699884414673
vt 0.3468349874019623 0.057360000908374786
vt 0.3480130136013031 0.8916339874267578
vt 0.3480130136013031 0.9409859776496887
vt 0.3480130136013031 0.9463599920272827
vt 0.3480130136013031 0.9743989706039429
vt 0.3480130136013031 0.9940140247344971
vt 0.34969499707221985 0.08681900054216385
vt 0.3498539924621582 0.7357479929924011
vt 0.3498710095882416 0.33395999670028687
vt 0.35113799571990967 0.7920389771461487
vt 0.3514710068702698 0.4325700104236603
vt 0.3518899977207184 0.988398015499115
vt 0.3518899977207184 0.9982519745826721
vt 0.3529430031776428 0.028901999816298485
vt 0.3540849983692169 0.963670015335083
vt 0.3540849983692169 0.9849860072135925
vt 0.3566260039806366 0.0583919994533062
vt 0.3567349910736084 0.42889800667762756
vt 0.35690200328826904 0.9387379884719849
vt 0.3569369912147522 0.43588098883628845
vt 0.3572919964790344 0.3487499952316284
vt 0.3574959933757782 0.9744060039520264
vt 0.35753801465034485 0.46891000866889954
vt 0.35841500759124756 0.4005419909954071
vt 0.35841700434684753 0.5086550116539001
vt 0.3599100112915039 0.014484000392258167
vt 0.3603140115737915 0.9039440155029297
vt 0.36182901263237 0.40007901191711426
vt 0.36182901263237 0.5045949816703796
vt 0.36183199286460876 0.94439697265625
vt 0.36183199286460876 0.9602590203285217
vt 0.36268699169158936 0.963670015335083
vt 0.36268699169158936 0.9857310056686401
vt 0.3626919984817505 0.8612329959869385
vt 0.3628380000591278 0.8916339874267578
vt 0.3628380000591278 0.9351810216903687
vt 0.3633680045604706 0.430772989988327
vt 0.3643620014190674 0.7758669853210449
vt 0.3645249903202057 0.8128479719161987
vt 0.3645249903202057 0.8538010120391846
vt 0.3651750087738037 0.3788380026817322
vt 0.3657360076904297 0.043028999119997025
vt 0.3664129972457886 0.4087420105934143
vt 0.36654001474380493 0.028951000422239304
vt 0.3667050004005432 0.8867989778518677
vt 0.3667050004005432 0.9243199825286865
vt 0.3667050004005432 0.9473329782485962
vt 0.3667050004005432 0.9652100205421448
vt 0.3667050004005432 0.984375
vt 0.36736398935317993 0.971107006072998
vt 0.3673950135707855 0.9019989967346191
vt 0.36793699860572815 0.8114659786224365
vt 0.36793699860572815 0.8833879828453064
vt 0.3695870041847229 0.4861060082912445
vt 0.37057000398635864 0.4248740077018738
vt 0.37074699997901917 0.41651400923728943
vt 0.3727160096168518 0.7018479704856873
vt 0.3734709918498993 0.014069000259041786
vt 0.3737820088863373 0.9776110053062439
vt 0.3737820088863373 0.9899770021438599
vt 0.37386101484298706 0.8088650107383728
vt 0.37404900789260864 0.4045349955558777
vt 0.37414100766181946 0.7568179965019226
vt 0.37414100766181946 0.8054540157318115
vt 0.37584900856018066 0.8692039847373962
vt 0.3770020008087158 0.83092200756073
vt 0.37705299258232117 0.927731990814209
vt 0.37705299258232117 0.9544259905815125
vt 0.37709999084472656 0.9578379988670349
vt 0.37709999084472656 0.9742000102996826
vt 0.37719300389289856 0.9776110053062439
vt 0.37719300389289856 0.9889659881591797
vt 0.3774609863758087 0.49786901473999023
vt 0.37755200266838074 0.763500988483429
vt 0.37755200266838074 0.789713978767395
vt 0.37755200266838074 0.8040220141410828
vt 0.37780699133872986 0.8888800144195557
vt 0.3789860010147095 0.5384550094604492
vt 0.37944701313972473 0.5239750146865845
vt 0.3798519968986511 0.5130640268325806
vt 0.37991899251937866 0.6193429827690125
vt 0.3801810145378113 0.40007901191711426
vt 0.3801810145378113 0.5084419846534729
vt 0.3802250027656555 0.8704860210418701
vt 0.3802250027656555 0.916920006275177
vt 0.3804369866847992 0.0017059999518096447
vt 0.38045400381088257 0.7319589853286743
vt 0.3805379867553711 0.5897709727287292
vt 0.3806599974632263 0.6233829855918884
vt 0.3808940052986145 0.9929919838905334
vt 0.38109999895095825 0.6930829882621765
vt 0.3811950087547302 0.3966679871082306
vt 0.3812299966812134 0.982092022895813
vt 0.38132399320602417 0.7357479929924011
vt 0.38132399320602417 0.7863029837608337
vt 0.3813270032405853 0.5405589938163757
vt 0.3813270032405853 0.656781017780304
vt 0.38134700059890747 0.8009290099143982
vt 0.38141199946403503 0.3904480040073395
vt 0.3819440007209778 0.005619000177830458
vt 0.3848229944705963 0.2984530031681061
vt 0.3848229944705963 0.3527680039405823
vt 0.3848229944705963 0.475737988948822
vt 0.3848229944705963 0.5079619884490967
vt 0.3848229944705963 0.553538978099823
vt 0.3848229944705963 0.6646659970283508
vt 0.3848229944705963 0.7375540137290955
vt 0.3848229944705963 0.7821249961853027
vt 0.3848229944705963 0.8184859752655029
vt 0.3848229944705963 0.8218979835510254
vt 0.3848229944705963 0.8792880177497864
vt 0.3848229944705963 0.9239580035209656
vt 0.3848229944705963 0.9451590180397034
vt 0.3848229944705963 0.9485700130462646
vt 0.3848229944705963 0.9709950089454651
vt 0.3848229944705963 0.9744060039520264
vt 0.3848229944705963 0.9867550134658813
vt 0.3848839998245239 0.6497030258178711
vt 0.3851419985294342 0.7293050289154053
vt 0.38534799218177795 0.7448340058326721
vt 0.38535499572753906 0.05344599857926369
vt 0.38569098711013794 0.3386240005493164
vt 0.38576701283454895 0.4718819856643677
vt 0.3862990140914917 0.53370201587677
vt 0.3865109980106354 0.4210459887981415
vt 0.38652798533439636 0.25227001309394836
vt 0.3869290053844452 0.5012779831886292
vt 0.387037992477417 0.5679730176925659
vt 0.38730600476264954 0.9650160074234009
vt 0.38850298523902893 0.5473849773406982
vt 0.38855400681495667 0.9293180108070374
vt 0.38966500759124756 0.30062100291252136
vt 0.3905160129070282 0.3542569875717163
vt 0.39052000641822815 0.9817320108413696
vt 0.3906620144844055 0.25537100434303284
vt 0.39089900255203247 0.8997809886932373
vt 0.3913770020008087 0.8650599718093872
vt 0.39149999618530273 0.4822869896888733
vt 0.39173200726509094 0.5806779861450195
vt 0.3918670117855072 0.9031929969787598
vt 0.3920210003852844 0.7531639933586121
vt 0.3923560082912445 0.8532419800758362
vt 0.3923969864845276 0.5157380104064941
vt 0.39247599244117737 0.9880170226097107
vt 0.3928939998149872 0.6386550068855286
vt 0.39305999875068665 0.24196399748325348
vt 0.39329901337623596 0.49932700395584106
vt 0.3933820128440857 0.9660099744796753
vt 0.3937300145626068 0.2929709851741791
vt 0.3940590023994446 0.21189400553703308
vt 0.3946850001811981 0.9350029826164246
vt 0.39494699239730835 0.557341992855072
vt 0.39499199390411377 0.6461430191993713
vt 0.3973200023174286 0.33017799258232117
vt 0.3976939916610718 0.47997599840164185
vt 0.3979929983615875 0.8468829989433289
vt 0.3982369899749756 0.9791629910469055
vt 0.3982680141925812 0.952813982963562
vt 0.3982680141925812 0.9659109711647034
vt 0.39827099442481995 0.9084950089454651
vt 0.39869800209999084 0.49168699979782104
vt 0.39880499243736267 0.10314200073480606
vt 0.3992080092430115 0.11967799812555313
vt 0.39983901381492615 0.9904270172119141
vt 0.40027299523353577 0.8603410124778748
vt 0.4008829891681671 0.08410800248384476
vt 0.40106201171875 0.7482630014419556
vt 0.4011729955673218 0.9494019746780396
vt 0.4012390077114105 0.2940570116043091
vt 0.40138301253318787 0.6029589772224426
vt 0.401542991399765 0.3552570044994354
vt 0.4019069969654083 0.5288230180740356
vt 0.4026240110397339 0.9757519960403442
vt 0.40337100625038147 0.22125600278377533
vt 0.40341299772262573 0.04474300146102905
vt 0.4034869968891144 0.2518559992313385
vt 0.4042710065841675 0.37797999382019043
vt 0.40436598658561707 0.10939399898052216
vt 0.40443000197410583 0.05804099887609482
vt 0.4049530029296875 0.9883530139923096
vt 0.4058629870414734 0.8822270035743713
vt 0.4059560000896454 0.8557649850845337
vt 0.4059779942035675 0.8637530207633972
vt 0.4059779942035675 0.8984280228614807
vt 0.4059779942035675 0.9031929969787598
vt 0.4059779942035675 0.9472500085830688
vt 0.4059779942035675 0.9599300026893616
vt 0.4059779942035675 0.9791629910469055
vt 0.40660300850868225 0.7881609797477722
vt 0.4076470136642456 0.47187700867652893
vt 0.4076569974422455 0.8320860266685486
vt 0.40785399079322815 0.4343790113925934
vt 0.4087499976158142 0.3932400047779083
vt 0.40884000062942505 0.1145080029964447
vt 0.4092000126838684 0.45552998781204224
vt 0.4092090129852295 0.4146350026130676
vt 0.4093169867992401 0.478628009557724
vt 0.4093889892101288 0.8786550164222717
vt 0.4093889892101288 0.9658200144767761
vt 0.4093889892101288 0.9727290272712708
vt 0.4093889892101288 0.9829729795455933
vt 0.409637987613678 0.9362360239028931
vt 0.4101850092411041 0.863752007484436
vt 0.41026100516319275 0.5982099771499634
vt 0.4108330011367798 0.08518800139427185
vt 0.4110499918460846 0.5187270045280457
vt 0.4110870063304901 0.5915189981460571
vt 0.41152000427246094 0.056995000690221786
vt 0.4121519923210144 0.7593430280685425
vt 0.41221898794174194 0.5802249908447266
vt 0.4131610095500946 0.5502679944038391
vt 0.41329801082611084 0.7870240211486816
vt 0.41442999243736267 0.549830973148346
vt 0.4148150086402893 0.6169670224189758
vt 0.4153200089931488 0.5327680110931396
vt 0.4156090021133423 0.5590779781341553
vt 0.4163820147514343 0.8671169877052307
vt 0.41662099957466125 0.10126599669456482
vt 0.41669100522994995 0.6352059841156006
vt 0.4167090058326721 0.7843490242958069
vt 0.41690999269485474 0.9404770135879517
vt 0.41690999269485474 0.9693170189857483
vt 0.41719698905944824 0.8763039708137512
vt 0.41719698905944824 0.9370660185813904
vt 0.41746899485588074 0.986723005771637
vt 0.4175119996070862 0.9794170260429382
vt 0.4179629981517792 0.48569899797439575
vt 0.41825199127197266 0.6954200267791748
vt 0.4184660017490387 0.8253899812698364
vt 0.4184660017490387 0.8488150238990784
vt 0.4187929928302765 0.5956429839134216
vt 0.41961199045181274 0.7482630014419556
vt 0.4200949966907501 0.5622910261154175
vt 0.4209200143814087 0.09020499885082245
vt 0.4209280014038086 0.5200080275535583
vt 0.422340989112854 0.3438529968261719
vt 0.4225679934024811 0.12627699971199036
vt 0.42267999053001404 0.7857379913330078
vt 0.4230920076370239 0.09939099848270416
vt 0.42351600527763367 0.8199639916419983
vt 0.42351600527763367 0.8842710256576538
vt 0.42351600527763367 0.9252099990844727
vt 0.42351600527763367 0.9357529878616333
vt 0.42351600527763367 0.9621099829673767
vt 0.42351600527763367 0.965520977973938
vt 0.42351600527763367 0.9796900153160095
vt 0.42351600527763367 0.9870179891586304
vt 0.42351600527763367 0.9968029856681824
vt 0.42462798953056335 0.8460639715194702
vt 0.4254710078239441 0.21241700649261475
vt 0.4261550009250641 0.04943099990487099
vt 0.4269520044326782 0.32931599020957947
vt 0.427496999502182 0.5843290090560913
vt 0.42771199345588684 0.04609400033950806
vt 0.42779800295829773 0.05976099893450737
vt 0.4284209907054901 0.19915199279785156
vt 0.42867499589920044 0.9898419976234436
vt 0.42946600914001465 0.9836059808731079
vt 0.4307210147380829 0.9710999727249146
vt 0.43073201179504395 0.5398949980735779
vt 0.43083900213241577 0.007151999976485968
vt 0.43105199933052063 0.2243109941482544
vt 0.43145400285720825 0.35524100065231323
vt 0.4314559996128082 0.7305290102958679
vt 0.43188801407814026 0.16008800268173218
vt 0.4321889877319336 0.12644800543785095
vt 0.43229201436042786 0.07086899876594543
vt 0.432871013879776 0.9427769780158997
vt 0.43288299441337585 0.3769170045852661
vt 0.4334369897842407 0.8807740211486816
vt 0.4339730143547058 0.6462910175323486
vt 0.4341689944267273 0.33992400765419006
vt 0.4343850016593933 0.9323409795761108
vt 0.43443500995635986 0.05692899972200394
vt 0.43460699915885925 0.5638520121574402
vt 0.43463701009750366 0.6393010020256042
vt 0.4346719980239868 0.7531859874725342
vt 0.43469399213790894 0.8907259702682495
vt 0.43506500124931335 0.07430099695920944
vt 0.4353179931640625 0.18919900059700012
vt 0.43532899022102356 0.9853950142860413
vt 0.43532899022102356 0.9888070225715637
vt 0.43532899022102356 0.9974809885025024
vt 0.43538200855255127 0.5505130290985107
vt 0.43557798862457275 0.561968982219696
vt 0.4358290135860443 0.20149700343608856
vt 0.43619099259376526 0.21373799443244934
vt 0.4362350106239319 0.4537470042705536
vt 0.4364219903945923 0.9763709902763367
vt 0.4367299973964691 0.9387279748916626
vt 0.4367299973964691 0.9684399962425232
vt 0.4381049871444702 0.8842710256576538
vt 0.4381049871444702 0.9353169798851013
vt 0.43848899006843567 0.4766649901866913
vt 0.4388299882411957 0.56038898229599
vt 0.4389280080795288 0.5806000232696533
vt 0.4390209913253784 0.5383480191230774
vt 0.43949198722839355 0.992579996585846
vt 0.44037899374961853 0.5548679828643799
vt 0.4417929947376251 0.5069810152053833
vt 0.4427039921283722 0.8463839888572693
vt 0.44282999634742737 0.5922660231590271
vt 0.4430460035800934 0.816552996635437
vt 0.4439130127429962 0.777804970741272
vt 0.4439130127429962 0.804980993270874
vt 0.4439130127429962 0.8254110217094421
vt 0.4439130127429962 0.8808599710464478
vt 0.4440020024776459 0.909716010093689
vt 0.4440020024776459 0.9671300053596497
vt 0.4440020024776459 0.9718509912490845
vt 0.4440020024776459 0.9824280142784119
vt 0.4440140128135681 0.666100025177002
vt 0.4445500075817108 0.5739369988441467
vt 0.4453369975090027 0.5469310283660889
vt 0.4454770088195801 0.06366000324487686
vt 0.4473249912261963 0.7482630014419556
vt 0.4473249912261963 0.7825210094451904
vt 0.44759601354599 0.7883089780807495
vt 0.44759601354599 0.8498389720916748
vt 0.44759601354599 0.8825730085372925
vt 0.44759601354599 0.9039790034294128
vt 0.44759601354599 0.9353169798851013
vt 0.44759601354599 0.9552950263023376
vt 0.44759601354599 0.9761049747467041
vt 0.44759601354599 0.9795169830322266
vt 0.44759601354599 0.9901760220527649
vt 0.44813600182533264 0.046018000692129135
vt 0.44848498702049255 0.061209000647068024
vt 0.44874799251556396 0.48569899797439575
vt 0.44874799251556396 0.6314110159873962
vt 0.44874799251556396 0.6449360251426697
vt 0.44899898767471313 0.8221150040626526
vt 0.4493570029735565 0.923691987991333
vt 0.44941699504852295 0.7448520064353943
vt 0.4498229920864105 0.6498270034790039
vt 0.4501129984855652 0.7118620276451111
vt 0.4501189887523651 0.8638070225715637
vt 0.4501369893550873 0.834721028804779
vt 0.45076900720596313 0.8069199919700623
vt 0.4513010084629059 0.6567929983139038
vt 0.451339989900589 0.5531010031700134
vt 0.4516110122203827 0.733551025390625
vt 0.4516359865665436 0.7514839768409729
vt 0.45165500044822693 0.867218017578125
vt 0.45278200507164 0.6348220109939575
vt 0.4539420008659363 0.9850729703903198
vt 0.45399901270866394 0.9927150011062622
vt 0.4541270136833191 0.18335700035095215
vt 0.4551500082015991 0.6926190257072449
vt 0.4551500082015991 0.7848970293998718
vt 0.45590299367904663 0.9700679779052734
vt 0.4559609889984131 0.05775799974799156
vt 0.4562940001487732 0.08278699964284897
vt 0.45636600255966187 0.0290290005505085
vt 0.4575980007648468 0.9179379940032959
vt 0.45788198709487915 0.8721550107002258
vt 0.4582799971103668 0.581836998462677
vt 0.4582889974117279 0.8488709926605225
vt 0.45871999859809875 0.6486129760742188
vt 0.45882299542427063 0.6449360251426697
vt 0.4589349925518036 0.9271039962768555
vt 0.4589349925518036 0.9518839716911316
vt 0.4589659869670868 0.8926640152931213
vt 0.45907899737358093 0.1978060007095337
vt 0.459181010723114 0.997177004814148
vt 0.4593150019645691 0.955295979976654
vt 0.4593150019645691 0.9824129939079285
vt 0.45945098996162415 0.5437440276145935
vt 0.4595560133457184 0.9858250021934509
vt 0.45963001251220703 0.826583981513977
vt 0.4597330093383789 0.17599600553512573
vt 0.46022701263427734 0.7672250270843506
vt 0.46056199073791504 0.6994010210037231
vt 0.4611380100250244 0.5706790089607239
vt 0.46184200048446655 0.8163579702377319
vt 0.4622339904308319 0.6400009989738464
vt 0.46234598755836487 0.9271039962768555
vt 0.46234598755836487 0.935168981552124
vt 0.46404799818992615 0.0017059999518096447
vt 0.46404799818992615 0.19463400542736053
vt 0.46418699622154236 0.9749119877815247
vt 0.46418699622154236 0.997177004814148
vt 0.46463900804519653 0.4609670042991638
vt 0.4647260010242462 0.9274880290031433
vt 0.4647420048713684 0.7828260064125061
vt 0.4647420048713684 0.7941179871559143
vt 0.46560800075531006 0.5366719961166382
vt 0.4661180078983307 0.5481860041618347
vt 0.46650099754333496 0.5697879791259766
vt 0.4667460024356842 0.6348220109939575
vt 0.4667460024356842 0.6448829770088196
vt 0.4673919975757599 0.3648979961872101
vt 0.4674589931964874 0.06756000220775604
vt 0.4674589931964874 0.17802199721336365
vt 0.4676690101623535 0.9705529808998108
vt 0.4676690101623535 0.9864389896392822
vt 0.4681529998779297 0.6635800004005432
vt 0.4681529998779297 0.7690470218658447
vt 0.4681529998779297 0.7914199829101562
vt 0.4681529998779297 0.81672602891922
vt 0.4681529998779297 0.8370760083198547
vt 0.4681529998779297 0.8824480175971985
vt 0.4681529998779297 0.912551999092102
vt 0.4681529998779297 0.9667040109634399
vt 0.4684300124645233 0.7353360056877136
vt 0.46890801191329956 0.8424569964408875
vt 0.4690000116825104 0.09443499892950058
vt 0.4690769910812378 0.7198259830474854
vt 0.46939200162887573 0.33721500635147095
vt 0.46991199254989624 0.48569899797439575
vt 0.46991199254989624 0.5188760161399841
vt 0.47018399834632874 0.9405509829521179
vt 0.470196008682251 0.5230200290679932
vt 0.470196008682251 0.6343809962272644
vt 0.4707149863243103 0.6233959794044495
vt 0.470786988735199 0.6445189714431763
vt 0.4716399908065796 0.6753100156784058
vt 0.4723069965839386 0.09296800196170807
vt 0.47232499718666077 0.2165530025959015
vt 0.4725799858570099 0.9736829996109009
vt 0.47262999415397644 0.8326020240783691
vt 0.47265100479125977 0.553525984287262
vt 0.4727199971675873 0.010546999983489513
vt 0.4728209972381592 0.07224500179290771
vt 0.47312599420547485 0.540395975112915
vt 0.47319599986076355 0.11155500262975693
vt 0.4736250042915344 0.0017059999518096447
vt 0.47393798828125 0.031543999910354614
vt 0.4739600121974945 0.5284590125083923
vt 0.4740009903907776 0.97987300157547
vt 0.47445398569107056 0.11877100169658661
vt 0.4748240113258362 0.9380429983139038
vt 0.4749450087547302 0.349357008934021
vt 0.4750100076198578 0.6486129760742188
vt 0.47523799538612366 0.10086099803447723
vt 0.4754970073699951 0.9481549859046936
vt 0.4756779968738556 0.0857430025935173
vt 0.4761030077934265 0.3320229947566986
vt 0.47611701488494873 0.9667040109634399
vt 0.4764670133590698 0.4873729944229126
vt 0.4765689969062805 0.8452770113945007
vt 0.47678500413894653 0.46296200156211853
vt 0.4771290123462677 0.8370640277862549
vt 0.47732698917388916 0.0450420007109642
vt 0.47741198539733887 0.9705529808998108
vt 0.47741198539733887 0.9867979884147644
vt 0.47741198539733887 0.996133029460907
vt 0.47814399003982544 0.10505799949169159
vt 0.47816601395606995 0.3321479856967926
vt 0.4786809980869293 0.03531700000166893
vt 0.4794459939002991 0.2113800048828125
vt 0.4795289933681488 0.9380429983139038
vt 0.4795289933681488 0.9671419858932495
vt 0.4796279966831207 0.2270209938287735
vt 0.47967100143432617 0.7439420223236084
vt 0.4801959991455078 0.360370010137558
vt 0.4801959991455078 0.4654090106487274
vt 0.48024898767471313 0.49158400297164917
vt 0.4807330071926117 0.9833869934082031
vt 0.48125699162483215 0.45277899503707886
vt 0.4813700020313263 0.1602340042591095
vt 0.4818190038204193 0.0837400034070015
vt 0.48189499974250793 0.8604699969291687
vt 0.48210498690605164 0.9067339897155762
vt 0.48210498690605164 0.9346320033073425
vt 0.48257601261138916 0.13631799817085266
vt 0.4825800061225891 0.3431229889392853
vt 0.48266199231147766 0.8389589786529541
vt 0.48283299803733826 0.4337959885597229
vt 0.4828520119190216 0.3874790072441101
vt 0.48306599259376526 0.05472100153565407
vt 0.48311999440193176 0.9940019845962524
vt 0.4847640097141266 0.9424409866333008
vt 0.4857980012893677 0.44087499380111694
vt 0.48657000064849854 0.009145000018179417
vt 0.48663100600242615 0.8154199719429016
vt 0.4866800010204315 0.21604999899864197
vt 0.4868229925632477 0.384660005569458
vt 0.48715001344680786 0.9648780226707458
vt 0.48715001344680786 0.9705529808998108
vt 0.4871880114078522 0.86388099193573
vt 0.4871880114078522 0.9033229947090149
vt 0.48754000663757324 0.5793359875679016
vt 0.4876430034637451 0.3603399991989136
vt 0.48806899785995483 0.607433021068573
vt 0.4882510006427765 0.48143699765205383
vt 0.48846501111984253 0.8115749955177307
vt 0.4887869954109192 0.5566520094871521
vt 0.48948100209236145 0.4482460021972656
vt 0.4902940094470978 0.8427780270576477
vt 0.49038100242614746 0.35282498598098755
vt 0.49059900641441345 0.8669840097427368
vt 0.49059900641441345 0.8873800039291382
vt 0.49059900641441345 0.9233620166778564
vt 0.49059900641441345 0.9500049948692322
vt 0.49059900641441345 0.9534159898757935
vt 0.49059900641441345 0.9704380035400391
vt 0.49059900641441345 0.9738489985466003
vt 0.49059900641441345 0.9864649772644043
vt 0.4918789863586426 0.9168109893798828
vt 0.4925369918346405 0.4182789921760559
vt 0.49255800247192383 0.33488398790359497
vt 0.49279600381851196 0.08810099959373474
vt 0.49280500411987305 0.39127299189567566
vt 0.49282199144363403 0.4392069876194
vt 0.4931339919567108 0.04633500054478645
vt 0.4935309886932373 0.03870199993252754
vt 0.49391698837280273 0.13907399773597717
vt 0.4939480125904083 0.07802200317382812
vt 0.4946010112762451 0.0463859997689724
vt 0.49545198678970337 0.11927200108766556
vt 0.49553999304771423 0.1790349930524826
vt 0.495728999376297 0.09248699992895126
vt 0.49600300192832947 0.6491789817810059
vt 0.49690601229667664 0.8182420134544373
vt 0.49708399176597595 0.08724399656057358
vt 0.49709299206733704 0.8013539910316467
vt 0.49719199538230896 0.8236349821090698
vt 0.49722298979759216 0.5134159922599792
vt 0.49797600507736206 0.86388099193573
vt 0.49848100543022156 0.09930600225925446
vt 0.4989109933376312 0.10369999706745148
vt 0.4990060031414032 0.9806089997291565
vt 0.49991101026535034 0.1268099993467331
vt 0.5003830194473267 0.919950008392334
vt 0.5003839731216431 0.17343099415302277
vt 0.5003839731216431 0.20686599612236023
vt 0.5006030201911926 0.8403670191764832
vt 0.500868022441864 0.8120089769363403
vt 0.5009139776229858 0.904833972454071
vt 0.5012620091438293 0.06131599843502045
vt 0.5015000104904175 0.9597640037536621
vt 0.5022640228271484 0.8818489909172058
vt 0.5024170279502869 0.9738489985466003
vt 0.5024170279502869 0.9909080266952515
vt 0.5025990009307861 0.9410589933395386
vt 0.502921998500824 0.30184999108314514
vt 0.5031329989433289 0.7784199714660645
vt 0.5034800171852112 0.12275899946689606
vt 0.5034899711608887 0.3346720039844513
vt 0.503587007522583 0.400985985994339
vt 0.5037950277328491 0.19062300026416779
vt 0.5044140219688416 0.30779001116752625
vt 0.5051270127296448 0.2577750086784363
vt 0.5051519870758057 0.7301200032234192
vt 0.5055890083312988 0.48698699474334717
vt 0.5056689977645874 0.7400389909744263
vt 0.505977988243103 0.04334300011396408
vt 0.5062050223350525 0.09148500114679337
vt 0.5063329935073853 0.9838340282440186
vt 0.5066270232200623 0.1700199991464615
vt 0.5067480206489563 0.09996700286865234
vt 0.5068449974060059 0.39424800872802734
vt 0.5070480108261108 0.35813599824905396
vt 0.5072360038757324 0.2524400055408478
vt 0.5073419809341431 0.8154199719429016
vt 0.5073419809341431 0.8594920039176941
vt 0.5074160099029541 0.7913680076599121
vt 0.5086359977722168 0.2261209934949875
vt 0.5088739991188049 0.19638000428676605
vt 0.5089089870452881 0.46393901109695435
vt 0.5091660022735596 0.1388629972934723
vt 0.5098649859428406 0.43099498748779297
vt 0.5101119875907898 0.4446899890899658
vt 0.5102450251579285 0.0675790011882782
vt 0.5103679895401001 0.4516499936580658
vt 0.5104519724845886 0.946707010269165
vt 0.5104519724845886 0.9724019765853882
vt 0.5104519724845886 0.9872130155563354
vt 0.5108270049095154 0.7513520121574402
vt 0.5108270049095154 0.7968540191650391
vt 0.5108270049095154 0.8451340198516846
vt 0.5108270049095154 0.8615409731864929
vt 0.5108270049095154 0.9036139845848083
vt 0.5108270049095154 0.924714982509613
vt 0.5108270049095154 0.9432960152626038
vt 0.5109379887580872 0.3822549879550934
vt 0.5112180113792419 0.46637898683547974
vt 0.5112529993057251 0.9070259928703308
vt 0.511480987071991 0.25635600090026855
vt 0.512811005115509 0.30052000284194946
vt 0.5128610134124756 0.3448590040206909
vt 0.5131419897079468 0.5191680192947388
vt 0.5131739974021912 0.8520449995994568
vt 0.5134509801864624 0.7353360056877136
vt 0.5136820077896118 0.4414750039577484
vt 0.5138490200042725 0.41488298773765564
vt 0.5140659809112549 0.9755989909172058
vt 0.5145909786224365 0.749891996383667
vt 0.514627993106842 0.193354994058609
vt 0.5148630142211914 0.5903499722480774
vt 0.5153399705886841 0.4785659909248352
vt 0.5156720280647278 0.31060200929641724
vt 0.5157279968261719 0.7683650255203247
vt 0.516880989074707 0.9695820212364197
vt 0.5172989964485168 0.15055100619792938
vt 0.5174649953842163 0.08017600327730179
vt 0.5175409913063049 0.9798120260238647
vt 0.5193160176277161 0.25217700004577637
vt 0.5196939706802368 0.19049599766731262
vt 0.5197290182113647 0.10908100008964539
vt 0.5197939872741699 0.21861299872398376
vt 0.5199800133705139 0.8441029787063599
vt 0.5200480222702026 0.9661710262298584
vt 0.5201029777526855 0.17343099415302277
vt 0.5201029777526855 0.20676399767398834
vt 0.5201259851455688 0.7219840288162231
vt 0.5205180048942566 0.4109709858894348
vt 0.5205659866333008 0.876990020275116
vt 0.5207020044326782 0.2599239945411682
vt 0.5207020044326782 0.3040130138397217
vt 0.5207639932632446 0.056405000388622284
vt 0.5209140181541443 0.39578598737716675
vt 0.521058976650238 0.9374650120735168
vt 0.521058976650238 0.946707010269165
vt 0.5214269757270813 0.4502300024032593
vt 0.5215650200843811 0.6486129760742188
vt 0.521888017654419 0.8022570013999939
vt 0.5221840143203735 0.7297080159187317
vt 0.5222390294075012 0.7169269919395447
vt 0.5223240256309509 0.013178999535739422
vt 0.5229589939117432 0.47303900122642517
vt 0.5230550169944763 0.15135399997234344
vt 0.5233759880065918 0.6766179800033569
vt 0.5237330198287964 0.9851340055465698
vt 0.5238869786262512 0.5491340160369873
vt 0.5239480137825012 0.6295269727706909
vt 0.5241140127182007 0.17664499580860138
vt 0.5241140127182007 0.349357008934021
vt 0.5243750214576721 0.9906229972839355
vt 0.5244699716567993 0.9070259928703308
vt 0.5244699716567993 0.9510030150413513
vt 0.5244699716567993 0.9544140100479126
vt 0.5244699716567993 0.9803879857063293
vt 0.5244989991188049 0.6673840284347534
vt 0.5246220231056213 0.12220100313425064
vt 0.524649977684021 0.08498100191354752
vt 0.5251790285110474 0.0825209990143776
vt 0.525879979133606 0.3403100073337555
vt 0.5259400010108948 0.8930140137672424
vt 0.526190996170044 0.07407999783754349
vt 0.5264509916305542 0.6598650217056274
vt 0.5267080068588257 0.08945100009441376
vt 0.5268149971961975 0.774541974067688
vt 0.5274879932403564 0.7319250106811523
vt 0.5283390283584595 0.05782100185751915
vt 0.5283529758453369 0.4327409863471985
vt 0.5284169912338257 0.23687699437141418
vt 0.5287820100784302 0.1031540036201477
vt 0.5288599729537964 0.7522649765014648
vt 0.5291910171508789 0.7160059809684753
vt 0.5296159982681274 0.4827669858932495
vt 0.5297880172729492 0.6769859790802002
vt 0.5298060178756714 0.9738889932632446
vt 0.5298060178756714 0.9837999939918518
vt 0.5298060178756714 0.9947879910469055
vt 0.5298269987106323 0.947708010673523
vt 0.52988201379776 0.007104999851435423
vt 0.5300250053405762 0.2525880038738251
vt 0.5304489731788635 0.8699229955673218
vt 0.5320429801940918 0.35276898741722107
vt 0.532181978225708 0.07627300173044205
vt 0.5323650240898132 0.03502099961042404
vt 0.5323650240898132 0.11198200285434723
vt 0.5325440168380737 0.46393701434135437
vt 0.5327249765396118 0.4188989996910095
vt 0.532742977142334 0.49981001019477844
vt 0.5335540175437927 0.9332709908485413
vt 0.5335540175437927 0.9569270014762878
vt 0.5335540175437927 0.9716780185699463
vt 0.5335540175437927 0.9889950156211853
vt 0.5338600277900696 0.8615409731864929
vt 0.5338600277900696 0.9298589825630188
vt 0.534305989742279 0.24152199923992157
vt 0.5346350073814392 0.3594669997692108
vt 0.5352500081062317 0.5033239722251892
vt 0.5354689955711365 0.6452019810676575
vt 0.5357760190963745 0.010735999792814255
vt 0.5357760190963745 0.16055899858474731
vt 0.5358920097351074 0.4754990041255951
vt 0.536266028881073 0.6212180256843567
vt 0.5365610122680664 0.6364420056343079
vt 0.5367000102996826 0.6414269804954529
vt 0.5367069840431213 0.968267023563385
vt 0.5367640256881714 0.12005200237035751
vt 0.53718501329422 0.14230899512767792
vt 0.5373769998550415 0.038481999188661575
vt 0.5380210280418396 0.5936920046806335
vt 0.5380589962005615 0.6681450009346008
vt 0.5382329821586609 0.7282789945602417
vt 0.5383039712905884 0.5328440070152283
vt 0.5383650064468384 0.5413029789924622
vt 0.5384590029716492 0.5536090135574341
vt 0.5384969711303711 0.07413300126791
vt 0.5385929942131042 0.7723910212516785
vt 0.5386130213737488 0.30773401260375977
vt 0.5386409759521484 0.8489199876785278
vt 0.538811981678009 0.38314101099967957
vt 0.5389170050621033 0.44611498713493347
vt 0.5390759706497192 0.9754400253295898
vt 0.5395230054855347 0.8056679964065552
vt 0.5395230054855347 0.8581290245056152
vt 0.5395240187644958 0.8630009889602661
vt 0.5395240187644958 0.9512929916381836
vt 0.5396649837493896 0.47051799297332764
vt 0.540012001991272 0.13861900568008423
vt 0.540507972240448 0.4633359909057617
vt 0.5405380129814148 0.5263829827308655
vt 0.5410090088844299 0.003128000069409609
vt 0.5416020154953003 0.27362099289894104
vt 0.5417850017547607 0.1389639973640442
vt 0.5419679880142212 0.7630040049552917
vt 0.5425410270690918 0.3623029887676239
vt 0.5428310036659241 0.10952900350093842
vt 0.5429120063781738 0.060920000076293945
vt 0.5429329872131348 0.6739670038223267
vt 0.5431569814682007 0.5122050046920776
vt 0.5431849956512451 0.8388460278511047
vt 0.5431849956512451 0.8867020010948181
vt 0.5431849956512451 0.9296560287475586
vt 0.5431849956512451 0.9330679774284363
vt 0.5431849956512451 0.9587669968605042
vt 0.5431849956512451 0.9621790051460266
vt 0.5431849956512451 0.9781720042228699
vt 0.5431849956512451 0.9912899732589722
vt 0.5439749956130981 0.7235180139541626
vt 0.544700026512146 0.38721001148223877
vt 0.544700026512146 0.5225790143013
vt 0.544700026512146 0.6987559795379639
vt 0.5453670024871826 0.09264499694108963
vt 0.545760989189148 0.15044699609279633
vt 0.5469560027122498 0.9815829992294312
vt 0.5481110215187073 0.4198949933052063
vt 0.5481110215187073 0.6519839763641357
vt 0.5481110215187073 0.7000010013580322
vt 0.5481110215187073 0.813726007938385
vt 0.5485590100288391 0.878387987613678
vt 0.548658013343811 0.7765359878540039
vt 0.5490419864654541 0.23636800050735474
vt 0.5501199960708618 0.6814799904823303
vt 0.5502560138702393 0.6799899935722351
vt 0.5511350035667419 0.92432701587677
vt 0.5514479875564575 0.5084570050239563
vt 0.5515519976615906 0.7154939770698547
vt 0.5516120195388794 0.9912899732589722
vt 0.5521339774131775 0.03081499971449375
vt 0.5522850155830383 0.4813140034675598
vt 0.5527459979057312 0.41575199365615845
vt 0.5527629852294922 0.9764999747276306
vt 0.55315101146698 0.4348680078983307
vt 0.553259015083313 0.9502149820327759
vt 0.5538100004196167 0.891398012638092
vt 0.5553410053253174 0.163099005818367
vt 0.5554990172386169 0.6773390173912048
vt 0.5556210279464722 0.48611700534820557
vt 0.5556899905204773 0.4266830086708069
vt 0.5559489727020264 0.4033679962158203
vt 0.5572220087051392 0.8951669931411743
vt 0.5572220087051392 0.938742995262146
vt 0.5572220087051392 0.955892026424408
vt 0.5572220087051392 0.9732030034065247
vt 0.5574870109558105 0.08533699810504913
vt 0.5578129887580872 0.4029900133609772
vt 0.5582960247993469 0.3772979974746704
vt 0.5589720010757446 0.05109100043773651
vt 0.559253990650177 0.3049300014972687
vt 0.5596269965171814 0.9421539902687073
vt 0.5597450137138367 0.4270089864730835
vt 0.5600289702415466 0.05772100016474724
vt 0.5610650181770325 0.5233759880065918
vt 0.5612660050392151 0.5149809718132019
vt 0.5619750022888184 0.06920100003480911
vt 0.5629640221595764 0.13051199913024902
vt 0.5632299780845642 0.6428920030593872
vt 0.5633249878883362 0.40253201127052307
vt 0.5638250112533569 0.09891500324010849
vt 0.5649120211601257 0.9507430195808411
vt 0.5649120211601257 0.9697920083999634
vt 0.564939022064209 0.9867299795150757
vt 0.5650020241737366 0.8354349732398987
vt 0.5651010274887085 0.3443300127983093
vt 0.5653290152549744 0.9732030034065247
vt 0.565650999546051 0.878387987613678
vt 0.5657960176467896 0.9037899971008301
vt 0.5663260221481323 0.3218829929828644
vt 0.5668730139732361 0.11644399911165237
vt 0.5674769878387451 0.03325200080871582
vt 0.5676069855690002 0.053321998566389084
vt 0.5686820149421692 0.8729429841041565
vt 0.569208025932312 0.9253559708595276
vt 0.569208025932312 0.9422680139541626
vt 0.569208025932312 0.9536349773406982
vt 0.569208025932312 0.983709990978241
vt 0.5694299936294556 0.6377750039100647
vt 0.5697230100631714 0.8443300127983093
vt 0.5697590112686157 0.11776799708604813
vt 0.5698980093002319 0.8985210061073303
vt 0.5699669718742371 0.07703600078821182
vt 0.5701979994773865 0.41986900568008423
vt 0.5702069997787476 0.08658000081777573
vt 0.5704110264778137 0.16689500212669373
vt 0.5711159706115723 0.4607749879360199
vt 0.5716429948806763 0.14067700505256653
vt 0.5717610120773315 0.7765359878540039
vt 0.5717939734458923 0.4739600121974945
vt 0.5724920034408569 0.6062650084495544
vt 0.5726289749145508 0.7114629745483398
vt 0.5726940035820007 0.5450980067253113
vt 0.5728279948234558 0.971526026725769
vt 0.5729299783706665 0.12893599271774292
vt 0.5733259916305542 0.43199899792671204
vt 0.5738869905471802 0.6859530210494995
vt 0.5752360224723816 0.9749370217323303
vt 0.5752360224723816 0.9908000230789185
vt 0.5754690170288086 0.3527680039405823
vt 0.5761070251464844 0.878387987613678
vt 0.5761070251464844 0.9388570189476013
vt 0.5761569738388062 0.028875000774860382
vt 0.5762879848480225 0.7374359965324402
vt 0.5763319730758667 0.9475730061531067
vt 0.576619029045105 0.4316970109939575
vt 0.5767179727554321 0.6231489777565002
vt 0.5768139958381653 0.812047004699707
vt 0.5768139958381653 0.8402439951896667
vt 0.5768139958381653 0.8749769926071167
vt 0.577347993850708 0.6418330073356628
vt 0.5779200196266174 0.5952119827270508
vt 0.5779970288276672 0.5723490118980408
vt 0.5781210064888 0.49156200885772705
vt 0.5785629749298096 0.07952799648046494
vt 0.5800420045852661 0.4141849875450134
vt 0.5801439881324768 0.39799898862838745
vt 0.5802249908447266 0.8123239874839783
vt 0.5802249908447266 0.874206006526947
vt 0.5802249908447266 0.9331709742546082
vt 0.5802249908447266 0.9365829825401306
vt 0.5802249908447266 0.9580579996109009
vt 0.5802249908447266 0.9646739959716797
vt 0.5802249908447266 0.9795889854431152
vt 0.5802249908447266 0.9886990189552307
vt 0.580411970615387 0.5517470240592957
vt 0.5813090205192566 0.0017059999518096447
vt 0.5816360116004944 0.10847800225019455
vt 0.5817440152168274 0.7806310057640076
vt 0.5823289752006531 0.42457300424575806
vt 0.5824040174484253 0.007255000062286854
vt 0.5833939909934998 0.39042699337005615
vt 0.5837969779968262 0.5850369930267334
vt 0.583823025226593 0.9518759846687317
vt 0.583965003490448 0.5113710165023804
vt 0.5845479965209961 0.8932350277900696
vt 0.584721028804779 0.635981023311615
vt 0.5847439765930176 0.30306801199913025
vt 0.5850039720535278 0.0846799984574318
vt 0.5856050252914429 0.08623199909925461
vt 0.585910975933075 0.6175649762153625
vt 0.586338996887207 0.09799700230360031
vt 0.5868930220603943 0.6860859990119934
vt 0.5869479775428772 0.45785701274871826
vt 0.5871340036392212 0.9052370190620422
vt 0.5871449708938599 0.39892101287841797
vt 0.5873240232467651 0.7625579833984375
vt 0.5874469876289368 0.03314799815416336
vt 0.5874750018119812 0.43825599551200867
vt 0.5875160098075867 0.10500600188970566
vt 0.587693989276886 0.9829999804496765
vt 0.587693989276886 0.9924539923667908
vt 0.5877060294151306 0.9612619876861572
vt 0.587723970413208 0.05972899869084358
vt 0.5881549715995789 0.1753160059452057
vt 0.5881549715995789 0.34168699383735657
vt 0.5882189869880676 0.4770500063896179
vt 0.5886899828910828 0.07896900177001953
vt 0.5888149738311768 0.349357008934021
vt 0.5893170237541199 0.9763780236244202
vt 0.5897679924964905 0.08903700113296509
vt 0.5899249911308289 0.9424470067024231
vt 0.5907089710235596 0.0050490000285208225
vt 0.5907959938049316 0.10935500264167786
vt 0.5908399820327759 0.09323800355195999
vt 0.5909609794616699 0.7731249928474426
vt 0.5911170244216919 0.8477230072021484
vt 0.5912010073661804 0.9871339797973633
vt 0.5912010073661804 0.9979709982872009
vt 0.5913940072059631 0.41714298725128174
vt 0.5924850106239319 0.08290500193834305
vt 0.5927280187606812 0.9707930088043213
vt 0.5928530097007751 0.12678000330924988
vt 0.5929629802703857 0.7647519707679749
vt 0.5930349826812744 0.14804300665855408
vt 0.5933359861373901 0.9365829825401306
vt 0.5933359861373901 0.9565470218658447
vt 0.5950109958648682 0.9331709742546082
vt 0.5954430103302002 0.9646729826927185
vt 0.5954430103302002 0.9837219715118408
vt 0.5954430103302002 0.9922729730606079
vt 0.5958549976348877 0.952584981918335
vt 0.595920979976654 0.08730100095272064
vt 0.5961530208587646 0.10100100189447403
vt 0.5964429974555969 0.3012489974498749
vt 0.5964800119400024 0.7765359878540039
vt 0.5964840054512024 0.5349820256233215
vt 0.5966370105743408 0.8788939714431763
vt 0.5972989797592163 0.07799399644136429
vt 0.5975459814071655 0.7047759890556335
vt 0.5975480079650879 0.6207429766654968
vt 0.5979470014572144 0.12001500278711319
vt 0.5986289978027344 0.8511340022087097
vt 0.5986289978027344 0.901826024055481
vt 0.5990920066833496 0.676891028881073
vt 0.5993030071258545 0.6589210033416748
vt 0.5993180274963379 0.6893119812011719
vt 0.5993180274963379 0.736801028251648
vt 0.5993689894676208 0.9586269855499268
vt 0.5993689894676208 0.9641000032424927
vt 0.5993689894676208 0.9847869873046875
vt 0.5993850231170654 0.28723201155662537
vt 0.5994160175323486 0.32304298877716064
vt 0.5996549725532532 0.5743029713630676
vt 0.6001369953155518 0.9938549995422363
vt 0.6006050109863281 0.5176799893379211
vt 0.6009290218353271 0.21741299331188202
vt 0.6013590097427368 0.08815699815750122
vt 0.6017150282859802 0.09860599786043167
vt 0.6018519997596741 0.6825420260429382
vt 0.6019570231437683 0.023838000372052193
vt 0.6020399928092957 0.8511340022087097
vt 0.6020399928092957 0.9209709763526917
vt 0.6022570133209229 0.48615801334381104
vt 0.6026759743690491 0.296317994594574
vt 0.6026780009269714 0.791359007358551
vt 0.6026780009269714 0.8124330043792725
vt 0.6027290225028992 0.7170199751853943
vt 0.6027290225028992 0.7633370161056519
vt 0.6028419733047485 0.5568990111351013
vt 0.6029930114746094 0.6507760286331177
vt 0.6029930114746094 0.6786149740219116
vt 0.6036700010299683 0.03396400064229965
vt 0.6036859750747681 0.16133399307727814
vt 0.6037439703941345 0.4425880014896393
vt 0.6040859818458557 0.021984999999403954
vt 0.6042429804801941 0.2835569977760315
vt 0.6046969890594482 0.8886550068855286
vt 0.6054589748382568 0.061430998146533966
vt 0.6054940223693848 0.9881979823112488
vt 0.6054940223693848 0.9967150092124939
vt 0.6054949760437012 0.974711000919342
vt 0.6056309938430786 0.6859530210494995
vt 0.605696976184845 0.7704150080680847
vt 0.605774998664856 0.5199649930000305
vt 0.6060900092124939 0.785975992679596
vt 0.6060900092124939 0.800400972366333
vt 0.6060900092124939 0.8103460073471069
vt 0.6061069965362549 0.2762100100517273
vt 0.606220006942749 0.9061009883880615
vt 0.606220006942749 0.9243819713592529
vt 0.606220006942749 0.9606890082359314
vt 0.6064050197601318 0.5233759880065918
vt 0.6064050197601318 0.5565419793128967
vt 0.6064050197601318 0.5680720210075378
vt 0.6064050197601318 0.5800780057907104
vt 0.6067150235176086 0.16189399361610413
vt 0.6071079969406128 0.559952974319458
vt 0.6071079969406128 0.5745049715042114
vt 0.6072940230369568 0.7303760051727295
vt 0.6073219776153564 0.41651099920272827
vt 0.6073880195617676 0.7765359878540039
vt 0.6073880195617676 0.7969899773597717
vt 0.6074519753456116 0.8033769726753235
vt 0.6075350046157837 0.5297300219535828
vt 0.6075459718704224 0.1672859936952591
vt 0.6075890064239502 0.5779160261154175
vt 0.6075890064239502 0.5893599987030029
vt 0.6076020002365112 0.3634380102157593
vt 0.6076020002365112 0.48799100518226624
vt 0.6078510284423828 0.026791000738739967
vt 0.6091499924659729 0.1075029969215393
vt 0.6093519926071167 0.08456999808549881
vt 0.6103990077972412 0.29252201318740845
vt 0.6110129952430725 0.3764770030975342
vt 0.6110129952430725 0.5971890091896057
vt 0.6110129952430725 0.7185019850730896
vt 0.6110129952430725 0.7582529783248901
vt 0.6110129952430725 0.7820079922676086
vt 0.6110129952430725 0.8867509961128235
vt 0.6110129952430725 0.9352049827575684
vt 0.6110129952430725 0.9496520161628723
vt 0.6110129952430725 0.9681580066680908
vt 0.6115220189094543 0.8513299822807312
vt 0.6116660237312317 0.275752991437912
vt 0.6124280095100403 0.6854900121688843
vt 0.612542986869812 0.6501500010490417
vt 0.6135950088500977 0.678521990776062
vt 0.6139510273933411 0.9715690016746521
vt 0.6139510273933411 0.9870259761810303
vt 0.6149849891662598 0.9096530079841614
vt 0.6150590181350708 0.5048270225524902
vt 0.6154549717903137 0.6007649898529053
vt 0.6162329912185669 0.5866389870643616
vt 0.6177150011062622 0.4147639870643616
vt 0.6178370118141174 0.8405879735946655
vt 0.6182640194892883 0.30125901103019714
vt 0.6182940006256104 0.4393230080604553
vt 0.6184219717979431 0.7281479835510254
vt 0.6185140013694763 0.8034639954566956
vt 0.6187660098075867 0.9736289978027344
vt 0.6188840270042419 0.35677799582481384
vt 0.6192319989204407 0.0017059999518096447
vt 0.6199169754981995 0.12642499804496765
vt 0.620398998260498 0.3627229928970337
vt 0.620481014251709 0.12604600191116333
vt 0.620710015296936 0.3452419936656952
vt 0.6207429766654968 0.9130640029907227
vt 0.6207429766654968 0.946241021156311
vt 0.6214820146560669 0.9651479721069336
vt 0.6214820146560669 0.9856250286102295
vt 0.6220999956130981 0.39560699462890625
vt 0.6222079992294312 0.10733100026845932
vt 0.622573971748352 0.47412100434303284
vt 0.6231309771537781 0.42727598547935486
vt 0.6232920289039612 0.1411450058221817
vt 0.6237779855728149 0.09784500300884247
vt 0.6238530278205872 0.40229201316833496
vt 0.6240879893302917 0.5148410201072693
vt 0.6249589920043945 0.9615510106086731
vt 0.6249600052833557 0.9196180105209351
vt 0.6249600052833557 0.9455180168151855
vt 0.6250540018081665 0.05920799821615219
vt 0.6251440048217773 0.6067000031471252
vt 0.6251590251922607 0.048530999571084976
vt 0.625328004360199 0.4472990036010742
vt 0.6258569955825806 0.9750000238418579
vt 0.6258569955825806 0.9860950112342834
vt 0.6261759996414185 0.4877679944038391
vt 0.6262890100479126 0.07344900071620941
vt 0.6269739866256714 0.9374790191650391
vt 0.6271089911460876 0.4827229976654053
vt 0.6272619962692261 0.8371760249137878
vt 0.6273429989814758 0.5072360038757324
vt 0.6274549961090088 0.8764129877090454
vt 0.6274549961090088 0.8998169898986816
vt 0.6275789737701416 0.7748839855194092
vt 0.6282960176467896 0.3159489929676056
vt 0.6284719705581665 0.9493100047111511
vt 0.6300240159034729 0.1335880011320114
vt 0.6307989954948425 0.4274750053882599
vt 0.6308670043945312 0.8405879735946655
vt 0.6308670043945312 0.9162060022354126
vt 0.6309490203857422 0.5179139971733093
vt 0.6318070292472839 0.12102100253105164
vt 0.6320909857749939 0.39373400807380676
vt 0.632224977016449 0.04814299941062927
vt 0.6323620080947876 0.831375002861023
vt 0.6328349709510803 0.3646939992904663
vt 0.6339560151100159 0.08200599998235703
vt 0.6340829730033875 0.4164139926433563
vt 0.6342229843139648 0.9060689806938171
vt 0.6343500018119812 0.78923100233078
vt 0.634876012802124 0.9527220129966736
vt 0.634876012802124 0.9715880155563354
vt 0.634876012802124 0.9812309741973877
vt 0.6348999738693237 0.45890000462532043
vt 0.6349210143089294 0.8489599823951721
vt 0.6353700160980225 0.11873099952936172
vt 0.6354280114173889 0.860505998134613
vt 0.6354280114173889 0.9362969994544983
vt 0.6354780197143555 0.7621979713439941
vt 0.6354780197143555 0.8002660274505615
vt 0.6357849836349487 0.14015400409698486
vt 0.6361240148544312 0.5227720141410828
vt 0.6364880204200745 0.12423799932003021
vt 0.6374920010566711 0.03388600051403046
vt 0.6379039883613586 0.1113400012254715
vt 0.6388890147209167 0.7987300157546997
vt 0.6388890147209167 0.8428249955177307
vt 0.6388890147209167 0.8974469900131226
vt 0.6388890147209167 0.9070820212364197
vt 0.6388890147209167 0.9479730129241943
vt 0.6388890147209167 0.9664310216903687
vt 0.6388890147209167 0.9698420166969299
vt 0.6388890147209167 0.9865949749946594
vt 0.6393809914588928 0.9950680136680603
vt 0.6394720077514648 0.703665018081665
vt 0.6400480270385742 0.863735020160675
vt 0.6405829787254333 0.3652929961681366
vt 0.6410189867019653 0.07067299634218216
vt 0.641398012638092 0.3893760144710541
vt 0.6414560079574585 0.5158290266990662
vt 0.641514003276825 0.777534008026123
vt 0.6416440010070801 0.002991999965161085
vt 0.6419910192489624 0.5891180038452148
vt 0.642549991607666 0.4171049892902374
vt 0.6427789926528931 0.5001569986343384
vt 0.6431919932365417 0.29980000853538513
vt 0.6442790031433105 0.5187900066375732
vt 0.6444780230522156 0.4578999876976013
vt 0.6453840136528015 0.9093919992446899
vt 0.6454690098762512 0.8394140005111694
vt 0.6454939842224121 0.9865949749946594
vt 0.6457759737968445 0.8296369910240173
vt 0.6457809805870056 0.5634419918060303
vt 0.6457849740982056 0.6283400058746338
vt 0.6462119817733765 0.05456399917602539
vt 0.646602988243103 0.29175400733947754
vt 0.6466040015220642 0.25355100631713867
vt 0.646668016910553 0.9831839799880981
vt 0.6472809910774231 0.47793200612068176
vt 0.6475200057029724 0.3398129940032959
vt 0.6477010250091553 0.35483598709106445
vt 0.648002028465271 0.9544389843940735
vt 0.6482440233230591 0.9698420166969299
vt 0.6484709978103638 0.8980759978294373
vt 0.6485379934310913 0.1902569979429245
vt 0.6486390233039856 0.25481998920440674
vt 0.6487100124359131 0.1825920045375824
vt 0.6489049792289734 0.9887269735336304
vt 0.6492440104484558 0.9014869928359985
vt 0.6492440104484558 0.9439679980278015
vt 0.6493960022926331 0.27146199345588684
vt 0.6494230031967163 0.9473789930343628
vt 0.6498029828071594 0.1753160059452057
vt 0.6503279805183411 0.2646329998970032
vt 0.6506109833717346 0.40305599570274353
vt 0.6508319973945618 0.7621979713439941
vt 0.6510469913482666 0.02115900069475174
vt 0.651174008846283 0.29801198840141296
vt 0.6512699723243713 0.21447500586509705
vt 0.6512939929962158 0.43558600544929504
vt 0.6514800190925598 0.505823016166687
vt 0.6516550183296204 0.9771339893341064
vt 0.6517789959907532 0.16312700510025024
vt 0.6518149971961975 0.11976800113916397
vt 0.6525499820709229 0.3629800081253052
vt 0.6526550054550171 0.9014869928359985
vt 0.6526550054550171 0.9126440286636353
vt 0.6535109877586365 0.031170999631285667
vt 0.6539450287818909 0.05825100094079971
vt 0.6539499759674072 0.5133799910545349
vt 0.654325008392334 0.9865949749946594
vt 0.654325008392334 0.9964039921760559
vt 0.6543470025062561 0.9698420166969299
vt 0.6543470025062561 0.9796749949455261
vt 0.6551049947738647 0.07801099866628647
vt 0.6551679968833923 0.06403200328350067
vt 0.6555219888687134 0.07950899749994278
vt 0.6555950045585632 0.4419200122356415
vt 0.6557019948959351 0.1639309972524643
vt 0.6562240123748779 0.4868839979171753
vt 0.6565799713134766 0.5217790007591248
vt 0.6566159725189209 0.8478710055351257
vt 0.6578029990196228 0.9656969904899597
vt 0.657804012298584 0.9460480213165283
vt 0.657804012298584 0.9843940138816833
vt 0.6580600142478943 0.9025650024414062
vt 0.6582090258598328 0.8647230267524719
vt 0.6586269736289978 0.0672530010342598
vt 0.6586269736289978 0.16762499511241913
vt 0.6587210297584534 0.681888997554779
vt 0.6589930057525635 0.7587869763374329
vt 0.659017026424408 0.9590380191802979
vt 0.6593790054321289 0.7260339856147766
vt 0.6598600149154663 0.6501160264015198
vt 0.6598680019378662 0.5807030200958252
vt 0.6600369811058044 0.35537999868392944
vt 0.6600810289382935 0.4202370047569275
vt 0.660377025604248 0.6764820218086243
vt 0.6603800058364868 0.9879710078239441
vt 0.6605759859085083 0.7319110035896301
vt 0.6613370180130005 0.7807160019874573
vt 0.6613370180130005 0.8006119728088379
vt 0.6614620089530945 0.36329200863838196
vt 0.661620020866394 0.8428249955177307
vt 0.661620020866394 0.9130650162696838
vt 0.6619110107421875 0.8542259931564331
vt 0.6620380282402039 0.01872899942100048
vt 0.6620380282402039 0.10750100016593933
vt 0.6622070074081421 0.5106289982795715
vt 0.6630640029907227 0.6127859950065613
vt 0.6632750034332275 0.15653100609779358
vt 0.6637330055236816 0.429390013217926
vt 0.6639869809150696 0.6501160264015198
vt 0.6639869809150696 0.6708440184593201
vt 0.6639869809150696 0.734948992729187
vt 0.6649129986763 0.7912999987602234
vt 0.6649129986763 0.8207520246505737
vt 0.6649600267410278 0.8618199825286865
vt 0.6649699807167053 0.003965999931097031
vt 0.6650339961051941 0.8256120085716248
vt 0.665058970451355 0.4610460102558136
vt 0.6652460098266602 0.6587240099906921
vt 0.6652529835700989 0.9771860241889954
vt 0.6652529835700989 0.989529013633728
vt 0.6654170155525208 0.14637599885463715
vt 0.665461003780365 0.2569740116596222
vt 0.6655719876289368 0.7767019867897034
vt 0.6656519770622253 0.8351070284843445
vt 0.6657019853591919 0.3527680039405823
vt 0.6657019853591919 0.5042700171470642
vt 0.665818989276886 0.8165540099143982
vt 0.6658350229263306 0.05104399845004082
vt 0.6664519906044006 0.7495129704475403
vt 0.6668919920921326 0.888359010219574
vt 0.6668919920921326 0.9164760112762451
vt 0.6668919920921326 0.951216995716095
vt 0.6671929955482483 0.8085430264472961
vt 0.6671929955482483 0.8222010135650635
vt 0.6671929955482483 0.8256120085716248
vt 0.6672059893608093 0.9546279907226562
vt 0.6672059893608093 0.9737740159034729
vt 0.6672229766845703 0.6949920058250427
vt 0.6672229766845703 0.7382990121841431
vt 0.6672229766845703 0.7529249787330627
vt 0.6672229766845703 0.7845330238342285
vt 0.6672229766845703 0.7879440188407898
vt 0.6672229766845703 0.8051319718360901
vt 0.6691139936447144 0.3546220064163208
vt 0.6691139936447144 0.39535999298095703
vt 0.6691139936447144 0.4613350033760071
vt 0.6691139936447144 0.4906739890575409
vt 0.6706690192222595 0.7540519833564758
vt 0.6706690192222595 0.7915800213813782
vt 0.6706690192222595 0.8292409777641296
vt 0.6706690192222595 0.8419960141181946
vt 0.6706690192222595 0.8975170254707336
vt 0.6706690192222595 0.9334539771080017
vt 0.6706690192222595 0.936864972114563
vt 0.6706690192222595 0.9605100154876709
vt 0.6706690192222595 0.9639220237731934
vt 0.6706690192222595 0.9936090111732483
vt 0.6710619926452637 0.3813450038433075
vt 0.6711480021476746 0.4563319981098175
vt 0.6717079877853394 0.6915810108184814
vt 0.6717360019683838 0.8765239715576172
vt 0.671862006187439 0.5137360095977783
vt 0.6726549863815308 0.9736449718475342
vt 0.6728150248527527 0.5477489829063416
vt 0.6730020046234131 0.9474290013313293
vt 0.6730700135231018 0.5698360204696655
vt 0.6736230254173279 0.34051400423049927
vt 0.6737509965896606 0.9025539755821228
vt 0.6739510297775269 0.8382760286331177
vt 0.6744779944419861 0.7794010043144226
vt 0.6745719909667969 0.9597049951553345
vt 0.6752269864082336 0.9840059876441956
vt 0.6757969856262207 0.6652669906616211
vt 0.6763849854469299 0.6596350073814392
vt 0.6764540076255798 0.46522200107574463
vt 0.6765990257263184 0.7595450282096863
vt 0.6773260235786438 0.334430992603302
vt 0.677718997001648 0.29998400807380676
vt 0.6777250170707703 0.9936090111732483
vt 0.6781719923019409 0.526183009147644
vt 0.6781719923019409 0.6467040181159973
vt 0.6782630085945129 0.7549570202827454
vt 0.6783940196037292 0.1358489990234375
vt 0.6787089705467224 0.9805949926376343
vt 0.6788910031318665 0.9639220237731934
vt 0.6791039705276489 0.4373280107975006
vt 0.6793550252914429 0.8416879773139954
vt 0.6799499988555908 0.29175400733947754
vt 0.6800169944763184 0.10408999770879745
vt 0.6801139712333679 0.08862099796533585
vt 0.6808289885520935 0.9448170065879822
vt 0.6808779835700989 0.17149899899959564
vt 0.6811689734458923 0.9853670001029968
vt 0.6811689734458923 0.9937379956245422
vt 0.6814159750938416 0.4842439889907837
vt 0.6815659999847412 0.4630579948425293
vt 0.6815829873085022 0.684266984462738
vt 0.6823030114173889 0.9747980237007141
vt 0.6828389763832092 0.22216400504112244
vt 0.6837949752807617 0.6696249842643738
vt 0.6849579811096191 0.9024900197982788
vt 0.6849579811096191 0.9314020276069641
vt 0.6856920123100281 0.010878000408411026
vt 0.6858969926834106 0.9895229935646057
vt 0.686011016368866 0.9639220237731934
vt 0.686011016368866 0.9819560050964355
vt 0.686011016368866 0.995464026927948
vt 0.6867750287055969 0.045329999178647995
vt 0.6870949864387512 0.3847329914569855
vt 0.6871410012245178 0.2943190038204193
vt 0.6883159875869751 0.44988301396369934
vt 0.6884559988975525 0.618694007396698
vt 0.6887270212173462 0.0017059999518096447
vt 0.689329981803894 0.874770998954773
vt 0.6896520256996155 0.9506239891052246
vt 0.6896520256996155 0.9839500188827515
vt 0.6896520256996155 0.9873610138893127
vt 0.690064013004303 0.9624419808387756
vt 0.6903480291366577 0.6319029927253723
vt 0.6904129981994629 0.7123619914054871
vt 0.6904670000076294 0.8990790247917175
vt 0.6905530095100403 0.31706398725509644
vt 0.6912829875946045 0.8113570213317871
vt 0.6936560273170471 0.6203439831733704
vt 0.6937170028686523 0.6926530003547668
vt 0.6937360167503357 0.5190629959106445
vt 0.694150984287262 0.8689519762992859
vt 0.6948879957199097 0.9948580265045166
vt 0.6949689984321594 0.5327360033988953
vt 0.6959890127182007 0.19020399451255798
vt 0.6962350010871887 0.9839500188827515
vt 0.6963109970092773 0.9873610138893127
vt 0.6965960264205933 0.7193809747695923
vt 0.6967210173606873 0.5124760270118713
vt 0.6969590187072754 0.539260983467102
vt 0.6983410120010376 0.16673099994659424
vt 0.699114978313446 0.8111379742622375
vt 0.699114978313446 0.8416879773139954
vt 0.699114978313446 0.9278920292854309
vt 0.699114978313446 0.9313030242919922
vt 0.699114978313446 0.9590309858322144
vt 0.6991339921951294 0.6789720058441162
vt 0.7002580165863037 0.4838959872722626
vt 0.7003530263900757 0.11155799776315689
vt 0.7003530263900757 0.1476600021123886
vt 0.7008119821548462 0.526183009147644
vt 0.7009639739990234 0.31720900535583496
vt 0.7010020017623901 0.41129401326179504
vt 0.7023440003395081 0.10310400277376175
vt 0.7025259733200073 0.7794010043144226
vt 0.7025259733200073 0.8866540193557739
vt 0.7025259733200073 0.9401410222053528
vt 0.7025259733200073 0.968999981880188
vt 0.7025259733200073 0.9815059900283813
vt 0.7025269865989685 0.9976680278778076
vt 0.7026789784431458 0.5314819812774658
vt 0.703016996383667 0.07439900189638138
vt 0.703669011592865 0.5050029754638672
vt 0.703669011592865 0.5216749906539917
vt 0.7037349939346313 0.2535899877548218
vt 0.703764021396637 0.1276099979877472
vt 0.703764021396637 0.16986100375652313
vt 0.7038229703903198 0.9435520172119141
vt 0.7038440108299255 0.33222299814224243
vt 0.7039819955825806 0.9544690251350403
vt 0.7040709853172302 0.7961400151252747
vt 0.7048709988594055 0.8970310091972351
vt 0.7053080201148987 0.6160140037536621
vt 0.7053110003471375 0.16227899491786957
vt 0.7066640257835388 0.9887819886207581
vt 0.7066640257835388 0.9980970025062561
vt 0.7072939872741699 0.4977160096168518
vt 0.7073190212249756 0.4567610025405884
vt 0.707394003868103 0.8896899819374084
vt 0.7090439796447754 0.16569100320339203
vt 0.7090439796447754 0.17184999585151672
vt 0.7092189788818359 0.5084139704704285
vt 0.7098339796066284 0.9500250220298767
vt 0.7098339796066284 0.9711599946022034
vt 0.7100750207901001 0.9949970245361328
vt 0.7101309895515442 0.8931009769439697
vt 0.711696982383728 0.7907080054283142
vt 0.7116979956626892 0.9401410222053528
vt 0.7120040059089661 0.9745720028877258
vt 0.7120040059089661 0.9853709936141968
vt 0.7123910188674927 0.2175849974155426
vt 0.7124549746513367 0.16569100320339203
vt 0.7124549746513367 0.1716880053281784
vt 0.7127789855003357 0.1753160059452057
vt 0.7128980159759521 0.26179298758506775
vt 0.7131279706954956 0.7825319766998291
vt 0.713454008102417 0.4529210031032562
vt 0.7139189839363098 0.9887819886207581
vt 0.7139189839363098 0.9980229735374451
vt 0.7139670252799988 0.19068500399589539
vt 0.7141259908676147 0.527521014213562
vt 0.7141259908676147 0.695472002029419
vt 0.7141259908676147 0.6988840103149414
vt 0.7141259908676147 0.7759900093078613
vt 0.7145929932594299 0.1848219931125641
vt 0.7150869965553284 0.04123900085687637
vt 0.7152500152587891 0.26889899373054504
vt 0.7153170108795166 0.16756099462509155
vt 0.7155539989471436 0.2560870051383972
vt 0.7157769799232483 0.006560000125318766
vt 0.716251015663147 0.5216749906539917
vt 0.7164660096168518 0.43907400965690613
vt 0.7165369987487793 0.2753250002861023
vt 0.717536985874176 0.5638419985771179
vt 0.717536985874176 0.6293849945068359
vt 0.717536985874176 0.7030109763145447
vt 0.717536985874176 0.7454230189323425
vt 0.717536985874176 0.8281679749488831
vt 0.717536985874176 0.8901150226593018
vt 0.717536985874176 0.9218590259552002
vt 0.717536985874176 0.9279500246047974
vt 0.717536985874176 0.9482250213623047
vt 0.717536985874176 0.951636016368866
vt 0.717536985874176 0.9678099751472473
vt 0.717536985874176 0.9786360263824463
vt 0.7177799940109253 0.6689800024032593
vt 0.7179049849510193 0.29175400733947754
vt 0.7179049849510193 0.343641996383667
vt 0.7181850075721741 0.2883419990539551
vt 0.7186369895935059 0.8071399927139282
vt 0.7186610102653503 0.764519989490509
vt 0.7187290191650391 0.16569100320339203
vt 0.7188169956207275 0.17169100046157837
vt 0.7196630239486694 0.5084139704704285
vt 0.7196630239486694 0.522363007068634
vt 0.7197080254554749 0.7169709801673889
vt 0.7200899720191956 0.3871929943561554
vt 0.7201989889144897 0.16569100320339203
vt 0.7204139828681946 0.10750100016593933
vt 0.7205410003662109 0.934673011302948
vt 0.720766007900238 0.912073016166687
vt 0.7209349870681763 0.5973020195960999
vt 0.7211250066757202 0.0922359973192215
vt 0.7211310267448425 0.9311119914054871
vt 0.7211639881134033 0.8286550045013428
vt 0.7215960025787354 0.1992889940738678
vt 0.7216770052909851 0.24177899956703186
vt 0.7234429717063904 0.6692460179328918
vt 0.7241989970207214 0.9361519813537598
vt 0.7244849801063538 0.25770699977874756
vt 0.7249040007591248 0.5780360102653503
vt 0.7249119877815247 0.9712219834327698
vt 0.7249119877815247 0.9871479868888855
vt 0.7249289751052856 0.3527680039405823
vt 0.7257189750671387 0.9335409998893738
vt 0.7259860038757324 0.7150189876556396
vt 0.7261890172958374 0.9265699982643127
vt 0.7273340225219727 0.24798999726772308
vt 0.7278280258178711 0.953540027141571
vt 0.7278339862823486 0.6925749778747559
vt 0.7283239960670471 0.9712219834327698
vt 0.7283239960670471 0.9891260266304016
vt 0.7284669876098633 0.34265801310539246
vt 0.7285439968109131 0.33792200684547424
vt 0.7291600108146667 0.9357579946517944
vt 0.7298129796981812 0.9612370133399963
vt 0.7306159734725952 0.16227899491786957
vt 0.7308310270309448 0.17783500254154205
vt 0.7309039831161499 0.3460400104522705
vt 0.7313629984855652 0.9254850149154663
vt 0.7314689755439758 0.5141479969024658
vt 0.7316439747810364 0.922074019908905
vt 0.7318170070648193 0.3329769968986511
vt 0.732142984867096 0.9149739742279053
vt 0.7331119775772095 0.579666018486023
vt 0.7331240177154541 0.4563319981098175
vt 0.7334370017051697 0.037349000573158264
vt 0.7335289716720581 0.39302998781204224
vt 0.7336159944534302 0.9795950055122375
vt 0.733672022819519 0.7370380163192749
vt 0.7337239980697632 0.4973610043525696
vt 0.7339029908180237 0.9032829999923706
vt 0.7339619994163513 0.5743700265884399
vt 0.7340109944343567 0.5050029754638672
vt 0.7343289852142334 0.8105509877204895
vt 0.7343289852142334 0.8867040276527405
vt 0.7345389723777771 0.711467981338501
vt 0.7348809838294983 0.5189610123634338
vt 0.7350950241088867 0.33751100301742554
vt 0.7355549931526184 0.7336270213127136
vt 0.7357760071754456 0.5445899963378906
vt 0.7358829975128174 0.40157800912857056
vt 0.7365049719810486 0.12867100536823273
vt 0.7365310192108154 0.22059500217437744
vt 0.7370319962501526 0.003386999946087599
vt 0.7370319962501526 0.05157800018787384
vt 0.737388014793396 0.5108950138092041
vt 0.7375410199165344 0.7519840002059937
vt 0.7377399802207947 0.8716380000114441
vt 0.7377399802207947 0.8866050243377686
vt 0.7377399802207947 0.9262239933013916
vt 0.7377399802207947 0.9523149728775024
vt 0.7377399802207947 0.9557260274887085
vt 0.7377399802207947 0.972449004650116
vt 0.7377399802207947 0.9848489761352539
vt 0.7377470135688782 0.5909019708633423
vt 0.7379410266876221 0.9037830233573914
vt 0.7380520105361938 0.5799810290336609
vt 0.7380660176277161 0.6799989938735962
vt 0.7386429905891418 0.1880040019750595
vt 0.738834023475647 0.6763949990272522
vt 0.7390099763870239 0.8462420105934143
vt 0.7391290068626404 0.698095977306366
vt 0.7404429912567139 0.002492999890819192
vt 0.7404429912567139 0.1546339988708496
vt 0.7406169772148132 0.26597100496292114
vt 0.7410190105438232 0.09138300269842148
vt 0.7410470247268677 0.5049120187759399
vt 0.7412139773368835 0.7034459710121155
vt 0.7412469983100891 0.632157027721405
vt 0.7429230213165283 0.9228129982948303
vt 0.7437869906425476 0.724852979183197
vt 0.7442579865455627 0.9758610129356384
vt 0.7442579865455627 0.9905009865760803
vt 0.7446600198745728 0.5084139704704285
vt 0.7446600198745728 0.5219389796257019
vt 0.7447749972343445 0.36768099665641785
vt 0.7448070049285889 0.3343789875507355
vt 0.7477689981460571 0.6668969988822937
vt 0.7480019927024841 0.15151900053024292
vt 0.7480170130729675 0.6847890019416809
vt 0.7481859922409058 0.38872599601745605
vt 0.7483389973640442 0.1753160059452057
vt 0.7483389973640442 0.3449229896068573
vt 0.7484019994735718 0.9603869915008545
vt 0.7488930225372314 0.07427600026130676
vt 0.7489219903945923 0.9391800165176392
vt 0.7505390048027039 0.7155249714851379
vt 0.7508640289306641 0.8750500082969666
vt 0.7508640289306641 0.898177981376648
vt 0.7511429786682129 0.00381199992261827
vt 0.7513480186462402 0.37186199426651
vt 0.7514939904212952 0.526183009147644
vt 0.7517510056495667 0.1777230054140091
vt 0.7517510056495667 0.3445050120353699
vt 0.7524240016937256 0.939864993095398
vt 0.7524240016937256 0.9689210057258606
vt 0.7524240016937256 0.9723320007324219
vt 0.7524240016937256 0.9799849987030029
vt 0.7528579831123352 0.9887650012969971
vt 0.7537009716033936 0.24574899673461914
vt 0.7542759776115417 0.8920450210571289
vt 0.7543650269508362 0.08373100310564041
vt 0.7544410228729248 0.1524749994277954
vt 0.7549800276756287 0.6259739995002747
vt 0.7549920082092285 0.16248999536037445
vt 0.7550439834594727 0.6684420108795166
vt 0.755279004573822 0.6640599966049194
vt 0.7554469704627991 0.8071399927139282
vt 0.7555379867553711 0.3671180009841919
vt 0.755852997303009 0.40408599376678467
vt 0.7558810114860535 0.2805980145931244
vt 0.7560399770736694 0.11072199791669846
vt 0.7564089894294739 0.7675489783287048
vt 0.7568389773368835 0.0017059999518096447
vt 0.7570610046386719 0.429951012134552
vt 0.7573919892311096 0.4952160120010376
vt 0.7573919892311096 0.8446609973907471
vt 0.7575839757919312 0.33086898922920227
vt 0.757748007774353 0.7492589950561523
vt 0.7580900192260742 0.9364529848098755
vt 0.7580990195274353 0.5400630235671997
vt 0.7582079768180847 0.029982000589370728
vt 0.7582700252532959 0.8105509877204895
vt 0.7582700252532959 0.8666419982910156
vt 0.7585390210151672 0.43681401014328003
vt 0.7587860226631165 0.8750500082969666
vt 0.7587860226631165 0.906898021697998
vt 0.7587860226631165 0.9667310118675232
vt 0.7588890194892883 0.1519950032234192
vt 0.7592229843139648 0.0622979998588562
vt 0.7592369914054871 0.9772970080375671
vt 0.7611089944839478 0.18841999769210815
vt 0.7611269950866699 0.1799439936876297
vt 0.7613400220870972 0.7370380163192749
vt 0.7613400220870972 0.7954609990119934
vt 0.7613930106163025 0.11630800366401672
vt 0.7617449760437012 0.7988719940185547
vt 0.7617449760437012 0.8278059959411621
vt 0.7627429962158203 0.7271789908409119
vt 0.7627540230751038 0.1753160059452057
vt 0.7632060050964355 0.36859598755836487
vt 0.763375997543335 0.8800280094146729
vt 0.763375997543335 0.9000830054283142
vt 0.763375997543335 0.922631025314331
vt 0.763375997543335 0.9494789838790894
vt 0.763375997543335 0.9571250081062317
vt 0.763375997543335 0.9729179739952087
vt 0.763375997543335 0.981909990310669
vt 0.763375997543335 0.9925959706306458
vt 0.7633900046348572 0.3450370132923126
vt 0.7634329795837402 0.08741199970245361
vt 0.7637320160865784 0.02812799997627735
vt 0.7638289928436279 0.6737189888954163
vt 0.7640439867973328 0.8834390044212341
vt 0.7642099857330322 0.5169939994812012
vt 0.7643430233001709 0.8389869928359985
vt 0.7644789814949036 0.2605920135974884
vt 0.7650110125541687 0.5423679947853088
vt 0.7652329802513123 0.6621649861335754
vt 0.7652329802513123 0.7931479811668396
vt 0.7652329802513123 0.8141679763793945
vt 0.7669820189476013 0.2477169930934906
vt 0.7669939994812012 0.18215900659561157
vt 0.7670230269432068 0.9823499917984009
vt 0.7672820091247559 0.30379700660705566
vt 0.7674019932746887 0.1313299983739853
vt 0.7674520015716553 0.5397419929504395
vt 0.7679439783096313 0.15259699523448944
vt 0.7681649923324585 0.26294800639152527
vt 0.7686449885368347 0.7113580107688904
vt 0.7686449885368347 0.743914008140564
vt 0.7686449885368347 0.7768599987030029
vt 0.7686449885368347 0.8009260296821594
vt 0.7692620158195496 0.24435700476169586
vt 0.7695149779319763 0.7304840087890625
vt 0.7698150277137756 0.2769719958305359
vt 0.7700099945068359 0.9784989953041077
vt 0.7700440287590027 0.5312139987945557
vt 0.7702400088310242 0.5444599986076355
vt 0.7702400088310242 0.6217210292816162
vt 0.770343005657196 0.9901779890060425
vt 0.7707740068435669 0.3079279959201813
vt 0.7710199952125549 0.9670060276985168
vt 0.7713549733161926 0.0163589995354414
vt 0.7713549733161926 0.04737100005149841
vt 0.7713549733161926 0.11791399866342545
vt 0.7713549733161926 0.16725899279117584
vt 0.7734280228614807 0.03376999869942665
vt 0.7734299898147583 0.3527680039405823
vt 0.773481011390686 0.29868099093437195
vt 0.7737079858779907 0.6293849945068359
vt 0.7738519906997681 0.9851279854774475
vt 0.7738519906997681 0.9969159960746765
vt 0.7738710045814514 0.3712339997291565
vt 0.7738710045814514 0.43859800696372986
vt 0.7740319967269897 0.9371110200881958
vt 0.7741829752922058 0.9260429739952087
vt 0.7741829752922058 0.9537140130996704
vt 0.7744309902191162 0.9571250081062317
vt 0.7744309902191162 0.9817169904708862
vt 0.775596022605896 0.7605460286140442
vt 0.7758409976959229 0.25105199217796326
vt 0.7759889960289001 0.0017059999518096447
vt 0.7768279910087585 0.7166309952735901
vt 0.7769259810447693 0.7297570109367371
vt 0.7769290208816528 0.030448999255895615
vt 0.7772819995880127 0.4781390130519867
vt 0.7772819995880127 0.5096560120582581
vt 0.7772819995880127 0.6180909872055054
vt 0.7778319716453552 0.9682250022888184
vt 0.7778319716453552 0.9881870150566101
vt 0.7778819799423218 0.9100810289382935
vt 0.7779240012168884 0.04476799815893173
vt 0.7788500189781189 0.6387850046157837
vt 0.7792519927024841 0.300493985414505
vt 0.7792519927024841 0.34665900468826294
vt 0.7793530225753784 0.14886699616909027
vt 0.7812409996986389 0.7494099736213684
vt 0.7812929749488831 0.9149280190467834
vt 0.7812929749488831 0.9331160187721252
vt 0.7812929749488831 0.9631479978561401
vt 0.7812929749488831 0.9791290163993835
vt 0.7812929749488831 0.9881070256233215
vt 0.7812929749488831 0.995805025100708
vt 0.7820469737052917 0.4896770119667053
vt 0.7830129861831665 0.7639570236206055
vt 0.7830619812011719 0.6354460120201111
vt 0.7835860252380371 0.4681900143623352
vt 0.7847599983215332 0.8350930213928223
vt 0.7855520248413086 0.32075199484825134
vt 0.7864570021629333 0.7369260191917419
vt 0.7866889834403992 0.25602099299430847
vt 0.7867050170898438 0.4746290147304535
vt 0.7867479920387268 0.06572899967432022
vt 0.7868710160255432 0.8834390044212341
vt 0.7869700193405151 0.31617701053619385
vt 0.787015974521637 0.6229950189590454
vt 0.7873290181159973 0.23371200263500214
vt 0.7874690294265747 0.9937499761581421
vt 0.7875339984893799 0.048516999930143356
vt 0.7879930138587952 0.7323690056800842
vt 0.7884330153465271 0.9665589928627014
vt 0.7884330153465271 0.9846950173377991
vt 0.7891950011253357 0.4998199939727783
vt 0.7894780039787292 0.9415050148963928
vt 0.7900620102882385 0.1321440041065216
vt 0.7903280258178711 0.7694860100746155
vt 0.7908560037612915 0.49640798568725586
vt 0.7913709878921509 0.4656290113925934
vt 0.7916259765625 0.01751299947500229
vt 0.7920640110969543 0.48448801040649414
vt 0.7922229766845703 0.4794690012931824
vt 0.7926470041275024 0.45901599526405334
vt 0.792701005935669 0.529790997505188
vt 0.7928280234336853 0.7986530065536499
vt 0.7928280234336853 0.8385040163993835
vt 0.7928280234336853 0.8784599900245667
vt 0.7928889989852905 0.9331160187721252
vt 0.7928889989852905 0.9424290060997009
vt 0.7930960059165955 0.277536004781723
vt 0.7931240200996399 0.888418972492218
vt 0.7931240200996399 0.929705023765564
vt 0.7932810187339783 0.7159590125083923
vt 0.7936819791793823 0.7573750019073486
vt 0.7938259840011597 0.3241629898548126
vt 0.7938259840011597 0.3486959934234619
vt 0.7948989868164062 0.1753160059452057
vt 0.7951850295066833 0.2508690059185028
vt 0.7951890230178833 0.9595819711685181
vt 0.7951890230178833 0.9643970131874084
vt 0.7951890230178833 0.98260498046875
vt 0.7952569723129272 0.5319610238075256
vt 0.7952790260314941 0.9887880086898804
vt 0.7958329916000366 0.6127390265464783
vt 0.7961170077323914 0.039684999734163284
vt 0.79618901014328 0.940214991569519
vt 0.796239972114563 0.7639570236206055
vt 0.796239972114563 0.7801439762115479
vt 0.797236979007721 0.3241629898548126
vt 0.797236979007721 0.34582000970840454
vt 0.7977319955825806 0.7441319823265076
vt 0.7986270189285278 0.04840900003910065
vt 0.7990520000457764 0.5589119791984558
vt 0.7998740077018738 0.7775319814682007
vt 0.7998809814453125 0.720566987991333
vt 0.8000040054321289 0.8201000094413757
vt 0.8000040054321289 0.8440060019493103
vt 0.8000040054321289 0.8789340257644653
vt 0.8000040054321289 0.8914549946784973
vt 0.8000040054321289 0.9298800230026245
vt 0.8001490235328674 0.11450300365686417
vt 0.800163984298706 0.33548200130462646
vt 0.8002600073814392 0.19062399864196777
vt 0.8002600073814392 0.31384798884391785
vt 0.8005679845809937 0.41771799325942993
vt 0.8014249801635742 0.8635140061378479
vt 0.8023980259895325 0.9767280220985413
vt 0.8023980259895325 0.9860159754753113
vt 0.8023980259895325 0.9940209984779358
vt 0.8024629950523376 0.552278995513916
vt 0.8024629950523376 0.6186410188674927
vt 0.8024629950523376 0.6254569888114929
vt 0.8025599718093872 0.5414980053901672
vt 0.802718997001648 0.8557440042495728
vt 0.8028029799461365 0.3527680039405823
vt 0.8028029799461365 0.4872890114784241
vt 0.8032919764518738 0.6404380202293396
vt 0.8032919764518738 0.781216025352478
vt 0.8036710023880005 0.24226200580596924
vt 0.8036710023880005 0.32611098885536194
vt 0.8036710023880005 0.3445329964160919
vt 0.8036940097808838 0.3095499873161316
vt 0.8037700057029724 0.5290049910545349
vt 0.8039000034332275 0.8523330092430115
vt 0.8045639991760254 0.18384599685668945
vt 0.8049989938735962 0.1335660070180893
vt 0.8054069876670837 0.10717599838972092
vt 0.8057169914245605 0.03297000005841255
vt 0.8058090209960938 0.9643970131874084
vt 0.8058090209960938 0.9828479886054993
vt 0.8058090209960938 0.9862589836120605
vt 0.8058090209960938 0.9976860284805298
vt 0.8058840036392212 0.5516149997711182
vt 0.8059160113334656 0.6087660193443298
vt 0.8060789704322815 0.7682330012321472
vt 0.8060889840126038 0.6293849945068359
vt 0.8062000274658203 0.2748650014400482
vt 0.8062030076980591 0.8790519833564758
vt 0.8062139749526978 0.47480499744415283
vt 0.8084650039672852 0.6195020079612732
vt 0.808493971824646 0.26010099053382874
vt 0.8087189793586731 0.8922690153121948
vt 0.8089330196380615 0.989670991897583
vt 0.8089579939842224 0.9761880040168762
vt 0.8090329766273499 0.9426199793815613
vt 0.8090680241584778 0.30009201169013977
vt 0.8091279864311218 0.0017059999518096447
vt 0.8091279864311218 0.1287660002708435
vt 0.809128999710083 0.16404999792575836
vt 0.809266984462738 0.9305909872055054
vt 0.809266984462738 0.9460309743881226
vt 0.809266984462738 0.9609860181808472
vt 0.8096160292625427 0.2490299940109253
vt 0.8097689747810364 0.36561301350593567
vt 0.8098610043525696 0.10091099888086319
vt 0.8099750280380249 0.8878419995307922
vt 0.8102750182151794 0.735293984413147
vt 0.8110299706459045 0.7846270203590393
vt 0.8112750053405762 0.3035469949245453
vt 0.8118759989738464 0.6254720091819763
vt 0.8123340010643005 0.1753160059452057
vt 0.8126779794692993 0.9025279879570007
vt 0.8126779794692993 0.9670550227165222
vt 0.8126779794692993 0.9778079986572266
vt 0.812720000743866 0.6186410188674927
vt 0.8128650188446045 0.6591650247573853
vt 0.8133540153503418 0.9437360167503357
vt 0.8143439888954163 0.1104860007762909
vt 0.8143600225448608 0.6152300238609314
vt 0.8143879771232605 0.4950920045375824
vt 0.8146049976348877 0.4728359878063202
vt 0.8149070143699646 0.37386399507522583
vt 0.8154190182685852 0.3453510105609894
vt 0.8155459761619568 0.4998199939727783
vt 0.8158900141716003 0.772707998752594
vt 0.8159229755401611 0.9400759935379028
vt 0.8170520067214966 0.018875999376177788
vt 0.8172119855880737 0.3527680039405823
vt 0.8173689842224121 0.45816200971603394
vt 0.8174560070037842 0.6254720091819763
vt 0.8175560235977173 0.7307230234146118
vt 0.8178039789199829 0.6311650276184082
vt 0.8182299733161926 0.1775979995727539
vt 0.8186910152435303 0.30695798993110657
vt 0.8190140128135681 0.9491249918937683
vt 0.8192369937896729 0.1434130072593689
vt 0.8196960091590881 0.8757079839706421
vt 0.8198680281639099 0.9745069742202759
vt 0.8198680281639099 0.988772988319397
vt 0.8199459910392761 0.9450979828834534
vt 0.8199459910392761 0.9710959792137146
vt 0.820339024066925 0.10940100252628326
vt 0.8205329775810242 0.8557440042495728
vt 0.8205739855766296 0.8396419882774353
vt 0.8208670020103455 0.6186410188674927
vt 0.8208670020103455 0.6254349946975708
vt 0.8218309879302979 0.3711020052433014
vt 0.8218309879302979 0.4896489977836609
vt 0.8219649791717529 0.002259999979287386
vt 0.8221909999847412 0.8503140211105347
vt 0.8224440217018127 0.8914549946784973
vt 0.8224440217018127 0.9403250217437744
vt 0.822547972202301 0.6510199904441833
vt 0.822547972202301 0.8206239938735962
vt 0.8226289749145508 0.14682400226593018
vt 0.8226289749145508 0.17075799405574799
vt 0.8231449723243713 0.5639899969100952
vt 0.8238199949264526 0.6224309802055359
vt 0.8242340087890625 0.1176529973745346
vt 0.8246009945869446 0.3264710009098053
vt 0.8246489763259888 0.2454410046339035
vt 0.82464998960495 0.9461770057678223
vt 0.82464998960495 0.9701799750328064
vt 0.82464998960495 0.9863200187683105
vt 0.8250439763069153 0.18250299990177155
vt 0.8250439763069153 0.2906860113143921
vt 0.8251190185546875 0.5035449862480164
vt 0.8251190185546875 0.6128230094909668
vt 0.8252419829368591 0.3728269934654236
vt 0.8252419829368591 0.4878990054130554
vt 0.8258559703826904 0.8914549946784973
vt 0.8258559703826904 0.942766010761261
vt 0.8259590268135071 0.784591019153595
vt 0.8259590268135071 0.7987470030784607
vt 0.8259779810905457 0.8478339910507202
vt 0.8265259861946106 0.6489189863204956
vt 0.8276450037956238 0.03522900119423866
vt 0.8279070258140564 0.9164720177650452
vt 0.8279250264167786 0.16702400147914886
vt 0.8283529877662659 0.0017059999518096447
vt 0.8284379839897156 0.8058789968490601
vt 0.8284559845924377 0.1792290061712265
vt 0.8284559845924377 0.2920129895210266
vt 0.8284559845924377 0.34135299921035767
vt 0.8285300135612488 0.4998199939727783
vt 0.8285300135612488 0.6255959868431091
vt 0.8286160230636597 0.07287900149822235
vt 0.828760027885437 0.34941598773002625
vt 0.8293319940567017 0.10451900213956833
vt 0.8295210003852844 0.24195000529289246
vt 0.8295570015907288 0.888043999671936
vt 0.8309029936790466 0.6637399792671204
vt 0.8311020135879517 0.1753160059452057
vt 0.8311150074005127 0.13956600427627563
vt 0.8312410116195679 0.9735910296440125
vt 0.8312410116195679 0.9891870021820068
vt 0.8313279747962952 0.7706670165061951
vt 0.8316479921340942 0.03721100091934204
vt 0.8316969871520996 0.05757100135087967
vt 0.831824004650116 0.4793350100517273
vt 0.8328790068626404 0.921953022480011
vt 0.8328790068626404 0.9536449909210205
vt 0.8329160213470459 0.08243700116872787
vt 0.8335450291633606 0.3813849985599518
vt 0.8339449763298035 0.6212289929389954
vt 0.8342599868774414 0.4950920045375824
vt 0.8343380093574524 0.36310601234436035
vt 0.8351230025291443 0.3377459943294525
vt 0.8354439735412598 0.7177640199661255
vt 0.8355069756507874 0.17962799966335297
vt 0.8361700177192688 0.321476012468338
vt 0.8361799716949463 0.6110939979553223
vt 0.8364930152893066 0.2546820044517517
vt 0.8365489840507507 0.5170599818229675
vt 0.8365920186042786 0.9031670093536377
vt 0.8365920186042786 0.919730007648468
vt 0.8365920186042786 0.9643239974975586
vt 0.8365920186042786 0.989096999168396
vt 0.8366889953613281 0.765388011932373
vt 0.8369519710540771 0.6000930070877075
vt 0.836978018283844 0.9768739938735962
vt 0.8370929956436157 0.8540710210800171
vt 0.8372179865837097 0.5301929712295532
vt 0.8375930190086365 0.6293849945068359
vt 0.8376010060310364 0.7103880047798157
vt 0.837647020816803 0.7384139895439148
vt 0.8376910090446472 0.8645070195198059
vt 0.8377050161361694 0.6619110107421875
vt 0.8377050161361694 0.7953349947929382
vt 0.8381040096282959 0.07003100216388702
vt 0.838985025882721 0.38295701146125793
vt 0.839218020439148 0.4574260115623474
vt 0.8393120169639587 0.020356999710202217
vt 0.8393120169639587 0.15299199521541595
vt 0.8411160111427307 0.6486390233039856
vt 0.8411160111427307 0.7942579984664917
vt 0.841372013092041 0.8865079879760742
vt 0.8414549827575684 0.6222789883613586
vt 0.8415510058403015 0.3248870074748993
vt 0.8415510058403015 0.3454819917678833
vt 0.8417310118675232 0.1835869997739792
vt 0.842100977897644 0.876272976398468
vt 0.8426290154457092 0.34941598773002625
vt 0.8426290154457092 0.4864580035209656
vt 0.84272301197052 0.01655299961566925
vt 0.84272301197052 0.12456999719142914
vt 0.84272301197052 0.1561170071363449
vt 0.8432869911193848 0.0348300002515316
vt 0.8439189791679382 0.8808779716491699
vt 0.844307005405426 0.989096999168396
vt 0.8444929718971252 0.9500290155410767
vt 0.8444929718971252 0.9734629988670349
vt 0.8448659777641296 0.519806981086731
vt 0.8448659777641296 0.6150689721107483
vt 0.8448659777641296 0.6258659958839417
vt 0.8451420068740845 0.3010059893131256
vt 0.8451420068740845 0.3459419906139374
vt 0.8454779982566833 0.14681999385356903
vt 0.8454909920692444 0.5054190158843994
vt 0.8455219864845276 0.2866789996623993
vt 0.8457559943199158 0.7671080231666565
vt 0.8457620143890381 0.404695987701416
vt 0.8457649946212769 0.9065790176391602
vt 0.8457649946212769 0.9466170072555542
vt 0.8458799719810486 0.6293849945068359
vt 0.8459029793739319 0.7869790196418762
vt 0.8462089896202087 0.21449099481105804
vt 0.8474180102348328 0.17728200554847717
vt 0.847495973110199 0.48466598987579346
vt 0.8479210138320923 0.35542500019073486
vt 0.8480409979820251 0.3244450092315674
vt 0.848147988319397 0.9534310102462769
vt 0.848147988319397 0.9777719974517822
vt 0.848147988319397 0.9831219911575317
vt 0.8481929898262024 0.6184800267219543
vt 0.8482829928398132 0.03858799859881401
vt 0.8486570119857788 0.1306540071964264
vt 0.8487730026245117 0.6437690258026123
vt 0.8491759896278381 0.9202939867973328
vt 0.850413978099823 0.8810639977455139
vt 0.8507829904556274 0.2870829999446869
vt 0.8508309721946716 0.48843300342559814
vt 0.851095974445343 0.9065790176391602
vt 0.8513410091400146 0.3751539885997772
vt 0.8514080047607422 0.0017059999518096447
vt 0.8520159721374512 0.6258659958839417
vt 0.8525710105895996 0.3161900043487549
vt 0.8527119755744934 0.03893499821424484
vt 0.8527809977531433 0.7772349715232849
vt 0.8529329895973206 0.21268199384212494
vt 0.8530849814414978 0.7806469798088074
vt 0.8530849814414978 0.7937210202217102
vt 0.8531569838523865 0.1438020020723343
vt 0.8531860113143921 0.4198189973831177
vt 0.8536810278892517 0.6344119906425476
vt 0.8536810278892517 0.7639229893684387
vt 0.8544039726257324 0.023280000314116478
vt 0.854781985282898 0.5141509771347046
vt 0.8548030257225037 0.9114919900894165
vt 0.8548030257225037 0.9500190019607544
vt 0.8548030257225037 0.9643179774284363
vt 0.8550639748573303 0.9811829924583435
vt 0.8550639748573303 0.9923080205917358
vt 0.8551430106163025 0.9031670093536377
vt 0.8551440238952637 0.81113600730896
vt 0.8551440238952637 0.8506600260734558
vt 0.8553599715232849 0.4998199939727783
vt 0.8556830286979675 0.3527500033378601
vt 0.8557270169258118 0.5114520192146301
vt 0.8569740056991577 0.1753160059452057
vt 0.8569740056991577 0.30727601051330566
vt 0.8569849729537964 0.1502310037612915
vt 0.8569849729537964 0.17109300196170807
vt 0.857092022895813 0.6259739995002747
vt 0.857092022895813 0.6351159811019897
vt 0.8572450280189514 0.7727720141410828
vt 0.8578150272369385 0.07689499855041504
vt 0.8580690026283264 0.31960099935531616
vt 0.85828697681427 0.5197280049324036
vt 0.8585249781608582 0.14618900418281555
vt 0.858555018901825 0.8567910194396973
vt 0.858555018901825 0.9154989719390869
vt 0.858555018901825 0.9587209820747375
vt 0.858555018901825 0.9851340055465698
vt 0.858555018901825 0.9928600192070007
vt 0.8586289882659912 0.011939000338315964
vt 0.8586699962615967 0.8819220066070557
vt 0.8587200045585632 0.6185169816017151
vt 0.858955979347229 0.8331189751625061
vt 0.8590940237045288 0.40023499727249146
vt 0.8590940237045288 0.46802300214767456
vt 0.8590940237045288 0.48727700114250183
vt 0.859220027923584 0.34941598773002625
vt 0.8601459860801697 0.7537350058555603
vt 0.860385000705719 0.19328099489212036
vt 0.860385000705719 0.30221500992774963
vt 0.8603960275650024 0.1502310037612915
vt 0.8604599833488464 0.3413670063018799
vt 0.8610039949417114 0.17104500532150269
vt 0.8614919781684875 0.07284200191497803
vt 0.861615002155304 0.4955199956893921
vt 0.8616989850997925 0.6150889992713928
vt 0.8623679876327515 0.9890879988670349
vt 0.8623679876327515 0.9971269965171814
vt 0.862434983253479 0.9358689785003662
vt 0.8628249764442444 0.6259739995002747
vt 0.863241970539093 0.4837529957294464
vt 0.8638619780540466 0.5827739834785461
vt 0.8638830184936523 0.4127170145511627
vt 0.8646600246429443 0.13938400149345398
vt 0.8646669983863831 0.2031169980764389
vt 0.8647069931030273 0.2918440103530884
vt 0.8656880259513855 0.1753149926662445
vt 0.8658000230789185 0.503961980342865
vt 0.8658180236816406 0.6044549942016602
vt 0.8662359714508057 0.6185169816017151
vt 0.866316020488739 0.6585990190505981
vt 0.8663889765739441 0.9392799735069275
vt 0.8663889765739441 0.9674890041351318
vt 0.866487979888916 0.7864480018615723
vt 0.8667579889297485 0.3958339989185333
vt 0.8667870163917542 0.3119719922542572
vt 0.866811990737915 0.6293849945068359
vt 0.866811990737915 0.7594670057296753
vt 0.8668389916419983 0.9708999991416931
vt 0.8668389916419983 0.9856770038604736
vt 0.8671770095825195 0.4871639907360077
vt 0.8671770095825195 0.49590399861335754
vt 0.8673710227012634 0.3223690092563629
vt 0.8673710227012634 0.3442400097846985
vt 0.8675519824028015 0.5068519711494446
vt 0.8676949739456177 0.38075000047683716
vt 0.8676949739456177 0.8778709769248962
vt 0.8676949739456177 0.9174289703369141
vt 0.8677480220794678 0.46413999795913696
vt 0.867946982383728 0.0017059999518096447
vt 0.8680660128593445 0.01195400021970272
vt 0.8680660128593445 0.08177600055932999
vt 0.868369996547699 0.7987459897994995
vt 0.8684880137443542 0.2937679886817932
vt 0.8688910007476807 0.47562798857688904
vt 0.8689640164375305 0.41849198937416077
vt 0.8698530197143555 0.20657199621200562
vt 0.8701760172843933 0.1687840074300766
vt 0.8702239990234375 0.6924399733543396
vt 0.8702239990234375 0.757427990436554
vt 0.8702239990234375 0.7694169878959656
vt 0.8707829713821411 0.3260340094566345
vt 0.8708199858665466 0.8668490052223206
vt 0.8710219860076904 0.7952839732170105
vt 0.8711060285568237 0.8778709769248962
vt 0.8711060285568237 0.9371140003204346
vt 0.8711060285568237 0.9405249953269958
vt 0.8711060285568237 0.9684270024299622
vt 0.8711230158805847 0.9718379974365234
vt 0.8711230158805847 0.9867920279502869
vt 0.8713499903678894 0.6293849945068359
vt 0.8714770078659058 0.0055599999614059925
vt 0.8714770078659058 0.1419070065021515
vt 0.8714789748191833 0.4998199939727783
vt 0.8716850280761719 0.7538480162620544
vt 0.871737003326416 0.6249340176582336
vt 0.8719850182533264 0.6185169816017151
vt 0.8721439838409424 0.7013099789619446
vt 0.8723750114440918 0.4863489866256714
vt 0.8724769949913025 0.6063439846038818
vt 0.872530996799469 0.6412670016288757
vt 0.8729829788208008 0.1502310037612915
vt 0.8730430006980896 0.4693700075149536
vt 0.873108983039856 0.508309006690979
vt 0.873108983039856 0.6149049997329712
vt 0.8731669783592224 0.09780900180339813
vt 0.8732640147209167 0.30474600195884705
vt 0.8734840154647827 0.3547450006008148
vt 0.8744410276412964 0.18462499976158142
vt 0.8746650218963623 0.49118098616600037
vt 0.8748369812965393 0.8039649724960327
vt 0.8750810027122498 0.42346999049186707
vt 0.8760989904403687 0.8399869799613953
vt 0.8760989904403687 0.8744590282440186
vt 0.8763909935951233 0.34941598773002625
vt 0.8765209913253784 0.4998199939727783
vt 0.8765209913253784 0.5924879908561707
vt 0.8765209913253784 0.6149150133132935
vt 0.8765209913253784 0.6256449818611145
vt 0.8766599893569946 0.6115040183067322
vt 0.8767899870872498 0.7660059928894043
vt 0.8768630027770996 0.16769100725650787
vt 0.8769400119781494 0.9811220169067383
vt 0.877036988735199 0.007102999836206436
vt 0.8770490288734436 0.5646209716796875
vt 0.8771979808807373 0.6334429979324341
vt 0.8778020143508911 0.8916190266609192
vt 0.8778079748153687 0.34301701188087463
vt 0.877839982509613 0.7694169878959656
vt 0.877996027469635 0.0017059999518096447
vt 0.8783749938011169 0.9084839820861816
vt 0.8783789873123169 0.09529700130224228
vt 0.8787479996681213 0.08277100324630737
vt 0.8789089918136597 0.9598940014839172
vt 0.8789100050926208 0.9753270149230957
vt 0.8794990181922913 0.7002480030059814
vt 0.8801649808883667 0.2530730068683624
vt 0.8804140090942383 0.13992199301719666
vt 0.8804140090942383 0.14531800150871277
vt 0.8804140090942383 0.17182199656963348
vt 0.8808119893074036 0.4201839864253998
vt 0.881102979183197 0.3545669913291931
vt 0.881102979183197 0.4870530068874359
vt 0.8816930055618286 0.3215929865837097
vt 0.8816930055618286 0.3459419906139374
vt 0.8817610144615173 0.2893570065498352
vt 0.881784975528717 0.587556004524231
vt 0.8818470239639282 0.1753160059452057
vt 0.8818470239639282 0.31814900040626526
vt 0.8828409910202026 0.5200790166854858
vt 0.8829110264778137 0.7619959712028503
vt 0.8829110264778137 0.8865270018577576
vt 0.8829110264778137 0.899815022945404
vt 0.8829110264778137 0.9478750228881836
vt 0.8829110264778137 0.9542229771614075
vt 0.8830649852752686 0.600117027759552
vt 0.8835099935531616 0.9761210083961487
vt 0.8838250041007996 0.05588800087571144
vt 0.8838250041007996 0.1235089972615242
vt 0.8838250041007996 0.16400499641895294
vt 0.8842229843139648 0.9234369993209839
vt 0.8844460248947144 0.7866560220718384
vt 0.8845139741897583 0.3804920017719269
vt 0.8845139741897583 0.4481410086154938
vt 0.8845139741897583 0.49005699157714844
vt 0.8850269913673401 0.6790810227394104
vt 0.885109007358551 0.12009800225496292
vt 0.8852580189704895 0.3072899878025055
vt 0.8852580189704895 0.32720398902893066
vt 0.8852589726448059 0.24050800502300262
vt 0.8852589726448059 0.2650910019874573
vt 0.885342001914978 0.4740090072154999
vt 0.8855469822883606 0.4205879867076874
vt 0.8859500288963318 0.36820998787879944
vt 0.8867260217666626 0.621969997882843
vt 0.8868100047111511 0.859870970249176
vt 0.8870350122451782 0.5897240042686462
vt 0.8871610164642334 0.01522199995815754
vt 0.8880879878997803 0.6293849945068359
vt 0.8883159756660461 0.46838098764419556
vt 0.8883249759674072 0.10965199768543243
vt 0.8886889815330505 0.1753160059452057
vt 0.8891239762306213 0.7762770056724548
vt 0.8895019888877869 0.3038789927959442
vt 0.8897290229797363 0.7796890139579773
vt 0.889818012714386 0.9197999835014343
vt 0.8901789784431458 0.751384973526001
vt 0.8901910185813904 0.16910900175571442
vt 0.8903239965438843 0.9885590076446533
vt 0.8904470205307007 0.5510039925575256
vt 0.8904560208320618 0.9318270087242126
vt 0.89069002866745 0.23661600053310394
vt 0.8909080028533936 0.6715260148048401
vt 0.8909080028533936 0.7710760235786438
vt 0.8913350105285645 0.9512860178947449
vt 0.8913350105285645 0.9727100133895874
vt 0.8913350105285645 0.9761210083961487
vt 0.8913559913635254 0.7836359739303589
vt 0.8915039896965027 0.8463280200958252
vt 0.8915039896965027 0.8964040279388428
vt 0.8915879726409912 0.4998199939727783
vt 0.891838014125824 0.5624079704284668
vt 0.8920900225639343 0.6030790209770203
vt 0.8921719789505005 0.5265100002288818
vt 0.8921849727630615 0.3378109931945801
vt 0.8929579854011536 0.61912602186203
vt 0.8931390047073364 0.06363599747419357
vt 0.8931519985198975 0.17774400115013123
vt 0.8933730125427246 0.1490979939699173
vt 0.8933950066566467 0.5861629843711853
vt 0.8935160040855408 0.0017059999518096447
vt 0.8935160040855408 0.11136700212955475
vt 0.8935869932174683 0.34941598773002625
vt 0.893667995929718 0.2588460147380829
vt 0.8936929702758789 0.4717920124530792
vt 0.8936929702758789 0.493835985660553
vt 0.8939419984817505 0.4177060127258301
vt 0.8943189978599548 0.6617419719696045
vt 0.894320011138916 0.7626720070838928
vt 0.8946849703788757 0.7271999716758728
vt 0.894914984703064 0.7796890139579773
vt 0.894914984703064 0.8592900037765503
vt 0.894914984703064 0.871084988117218
vt 0.894914984703064 0.941070020198822
vt 0.894914984703064 0.9502879977226257
vt 0.894914984703064 0.971983015537262
vt 0.894914984703064 0.9854810237884521
vt 0.894914984703064 0.9888920187950134
vt 0.894914984703064 0.9977999925613403
vt 0.8954839706420898 0.8443130254745483
vt 0.8957579731941223 0.5537480115890503
vt 0.8961660265922546 0.9376590251922607
vt 0.896926999092102 0.015414999797940254
vt 0.896926999092102 0.12239199876785278
vt 0.8970789909362793 0.15057000517845154
vt 0.8970789909362793 0.1753160059452057
vt 0.8970789909362793 0.3021259903907776
vt 0.8973529934883118 0.34941598773002625
vt 0.8973529934883118 0.38273099064826965
vt 0.8973529934883118 0.42714300751686096
vt 0.8973529934883118 0.4861609935760498
vt 0.8973529934883118 0.489996999502182
vt 0.8988050222396851 0.9917129874229431
vt 0.8989250063896179 0.5353590250015259
vt 0.8989250063896179 0.6171759963035583
vt 0.8997009992599487 0.17190399765968323
vt 0.8998090028762817 0.9769729971885681
vt 0.9000200033187866 0.49429699778556824
vt 0.9001650214195251 0.7762309908866882
vt 0.9003099799156189 0.9685720205307007
vt 0.900734007358551 0.4582970142364502
vt 0.9011669754981995 0.24133199453353882
vt 0.9013350009918213 0.8660640120506287
vt 0.9016289710998535 0.7626720070838928
vt 0.9016979932785034 0.6293849945068359
vt 0.9016979932785034 0.7592599987983704
vt 0.9017729759216309 0.1374099999666214
vt 0.9021959900856018 0.9744110107421875
vt 0.9022219777107239 0.3282260000705719
vt 0.9023360013961792 0.5012009739875793
vt 0.9023360013961792 0.6239830255508423
vt 0.9024119973182678 0.0017059999518096447
vt 0.9024220108985901 0.5706679821014404
vt 0.9027029871940613 0.3084869980812073
vt 0.9027130007743835 0.9484670162200928
vt 0.90277099609375 0.4895719885826111
vt 0.90277099609375 0.4963519871234894
vt 0.9031569957733154 0.04474800080060959
vt 0.9032019972801208 0.8694750070571899
vt 0.9032019972801208 0.9365829825401306
vt 0.9032999873161316 0.175928995013237
vt 0.9034019708633423 0.4237309992313385
vt 0.9035279750823975 0.9811779856681824
vt 0.9037100076675415 0.32101699709892273
vt 0.9042940139770508 0.5672569870948792
vt 0.904338002204895 0.16368399560451508
vt 0.9048020243644714 0.8285089731216431
vt 0.9051089882850647 0.6293849945068359
vt 0.9051089882850647 0.7204239964485168
vt 0.9051089882850647 0.7616080045700073
vt 0.905692994594574 0.7737259864807129
vt 0.9061819911003113 0.4895719885826111
vt 0.9061819911003113 0.4959239959716797
vt 0.9064319729804993 0.42959800362586975
vt 0.906436026096344 0.6418480277061462
vt 0.9065679907798767 0.0017059999518096447
vt 0.9065679907798767 0.06930699944496155
vt 0.9065679907798767 0.14112800359725952
vt 0.9067109823226929 0.1753160059452057
vt 0.9067109823226929 0.2861909866333008
vt 0.9069899916648865 0.3659299910068512
vt 0.9072660207748413 0.2962009906768799
vt 0.9073060154914856 0.2771590054035187
vt 0.9082139730453491 0.8053810000419617
vt 0.9082139730453491 0.845320999622345
vt 0.9082139730453491 0.8735920190811157
vt 0.9082139730453491 0.9466829895973206
vt 0.9082139730453491 0.9560700058937073
vt 0.9082139730453491 0.9731550216674805
vt 0.9082139730453491 0.9830660223960876
vt 0.9082810282707214 0.44389599561691284
vt 0.9090420007705688 0.02696700021624565
vt 0.9091240167617798 0.9040799736976624
vt 0.9091320037841797 0.9765660166740417
vt 0.9091969728469849 0.3588089942932129
vt 0.9092770218849182 0.15057000517845154
vt 0.9095879793167114 0.9208859801292419
vt 0.9108060002326965 0.6365399956703186
vt 0.9110209941864014 0.5706679821014404
vt 0.9110540151596069 0.617434024810791
vt 0.9116050004959106 0.49539700150489807
vt 0.9118080139160156 0.7796890139579773
vt 0.9119219779968262 0.8487319946289062
vt 0.9119939804077148 0.5672569870948792
vt 0.9126080274581909 0.35990598797798157
vt 0.9126560091972351 0.4338679909706116
vt 0.9126889705657959 0.17190399765968323
vt 0.9128609895706177 0.27813899517059326
vt 0.9128609895706177 0.28960201144218445
vt 0.9128609895706177 0.3051230013370514
vt 0.9130719900131226 0.14212200045585632
vt 0.913096010684967 0.38330399990081787
vt 0.9132019877433777 0.7238349914550781
vt 0.9132019877433777 0.7657600045204163
vt 0.9134529829025269 0.7185660004615784
vt 0.9149529933929443 0.9144279956817627
vt 0.9152219891548157 0.4998199939727783
vt 0.9156829714775085 0.9781320095062256
vt 0.9156829714775085 0.9894800186157227
vt 0.915893018245697 0.7985429763793945
vt 0.9160670042037964 0.42714300751686096
vt 0.9160670042037964 0.493245005607605
vt 0.916271984577179 0.2337529957294464
vt 0.916271984577179 0.2554349899291992
vt 0.916271984577179 0.2588469982147217
vt 0.916271984577179 0.2995559871196747
vt 0.916592001914978 0.07316599786281586
vt 0.9166139960289001 0.7468889951705933
vt 0.9166139960289001 0.7737259864807129
vt 0.9167929887771606 0.6166290044784546
vt 0.9168639779090881 0.6293849945068359
vt 0.9168639779090881 0.7432540059089661
vt 0.9169049859046936 0.15633699297904968
vt 0.9169510006904602 0.6220200061798096
vt 0.9169999957084656 0.11638499796390533
vt 0.9169999957084656 0.14671100676059723
vt 0.917618989944458 0.4237309992313385
vt 0.9177079796791077 0.7071149945259094
vt 0.9177349805831909 0.45278200507164
vt 0.9177809953689575 0.020277999341487885
vt 0.9179350137710571 0.30881500244140625
vt 0.9179350137710571 0.3632510006427765
vt 0.9181240200996399 0.06290800124406815
vt 0.9184420108795166 0.9595170021057129
vt 0.9184719920158386 0.06975399702787399
vt 0.918703019618988 0.8554890155792236
vt 0.918703019618988 0.876239001750946
vt 0.9187600016593933 0.5381540060043335
vt 0.918973982334137 0.9242969751358032
vt 0.918973982334137 0.952659010887146
vt 0.9192039966583252 0.17674200236797333
vt 0.9200850129127502 0.8345530033111572
vt 0.9203619956970215 0.5649070143699646
vt 0.9203619956970215 0.5988770127296448
vt 0.9204109907150269 0.07736700028181076
vt 0.9206309914588928 0.7354469895362854
vt 0.9212660193443298 0.6239830255508423
vt 0.9212909936904907 0.1753160059452057
vt 0.9213460087776184 0.3105889856815338
vt 0.9213460087776184 0.42015600204467773
vt 0.9215930104255676 0.6391950249671936
vt 0.9218829870223999 0.04597200080752373
vt 0.9222930073738098 0.020602000877261162
vt 0.9225239753723145 0.14976200461387634
vt 0.922573983669281 0.0683249980211258
vt 0.9228320121765137 0.3752729892730713
vt 0.9229649901390076 0.4526109993457794
vt 0.9232019782066345 0.3042739927768707
vt 0.9234970211982727 0.7796890139579773
vt 0.9234970211982727 0.8664150238037109
vt 0.9234970211982727 0.9367190003395081
vt 0.9234970211982727 0.9424629807472229
vt 0.9234970211982727 0.960565984249115
vt 0.9234970211982727 0.9733610153198242
vt 0.9234970211982727 0.9893199801445007
vt 0.9241809844970703 0.2931790053844452
vt 0.92426997423172 0.7894009947776794
vt 0.9245579838752747 0.24275100231170654
vt 0.9247109889984131 0.8737249970436096
vt 0.9250040054321289 0.6365230083465576
vt 0.9250199794769287 0.7720479965209961
vt 0.9252269864082336 0.9699500203132629
vt 0.9265999794006348 0.4353410005569458
vt 0.9271799921989441 0.17190399765968323
vt 0.9273409843444824 0.5502219796180725
vt 0.927757978439331 0.2979919910430908
vt 0.9279559850692749 0.07316599786281586
vt 0.9279559850692749 0.15197999775409698
vt 0.9279699921607971 0.1753149926662445
vt 0.9279699921607971 0.290228009223938
vt 0.9280580282211304 0.22975200414657593
vt 0.9287139773368835 0.5042639970779419
vt 0.9287139773368835 0.5468109846115112
vt 0.9287139773368835 0.5661330223083496
vt 0.9288190007209778 0.7510300278663635
vt 0.929436981678009 0.6293849945068359
vt 0.929436981678009 0.7389060258865356
vt 0.9296150207519531 0.0017059999518096447
vt 0.9298120141029358 0.38061898946762085
vt 0.9298120141029358 0.4233640134334564
vt 0.9299319982528687 0.03428500145673752
vt 0.9299319982528687 0.06299000233411789
vt 0.9299610257148743 0.7878829836845398
vt 0.930010974407196 0.42714300751686096
vt 0.930010974407196 0.4707289934158325
vt 0.930122971534729 0.9791539907455444
vt 0.9301429986953735 0.9658039808273315
vt 0.9303470253944397 0.30881500244140625
vt 0.9303470253944397 0.37720799446105957
vt 0.9310969710350037 0.9516639709472656
vt 0.9312999844551086 0.8698260188102722
vt 0.9312999844551086 0.9390519857406616
vt 0.9313679933547974 0.13592900335788727
vt 0.9313679933547974 0.16342799365520477
vt 0.9318959712982178 0.180867999792099
vt 0.9318959712982178 0.29363900423049927
vt 0.9318959712982178 0.30509600043296814
vt 0.932125985622406 0.5096269845962524
vt 0.932125985622406 0.6239830255508423
vt 0.9322329759597778 0.7691869735717773
vt 0.9322710037231445 0.15170800685882568
vt 0.9328479766845703 0.6929649710655212
vt 0.9328479766845703 0.6968969702720642
vt 0.9328479766845703 0.7623339891433716
vt 0.9332690238952637 0.10673599690198898
vt 0.9333440065383911 0.0017059999518096447
vt 0.9333440065383911 0.06801199913024902
vt 0.9333720207214355 0.7796890139579773
vt 0.9333720207214355 0.846464991569519
vt 0.9333720207214355 0.8598949909210205
vt 0.9335340261459351 0.9733610153198242
vt 0.9335340261459351 0.9888010025024414
vt 0.9337589740753174 0.30881500244140625
vt 0.9337589740753174 0.36183199286460876
vt 0.9337589740753174 0.3701010048389435
vt 0.9337589740753174 0.4163219928741455
vt 0.9342740178108215 0.6629149913787842
vt 0.9347119927406311 0.9271439909934998
vt 0.9347119927406311 0.9325349926948547
vt 0.9347119927406311 0.9664040207862854
vt 0.9353070259094238 0.19012799859046936
vt 0.9353070259094238 0.21859000623226166
vt 0.9353070259094238 0.252689003944397
vt 0.9353070259094238 0.28425800800323486
vt 0.9353070259094238 0.3045470118522644
vt 0.9354270100593567 0.6073899865150452
vt 0.9361929893493652 0.3666900098323822
vt 0.9364269971847534 0.34937000274658203
vt 0.9366310238838196 0.903747022151947
vt 0.937483012676239 0.2745470106601715
vt 0.9379760026931763 0.4976010024547577
vt 0.9381399750709534 0.16144299507141113
vt 0.9381399750709534 0.17151899635791779
vt 0.9381999969482422 0.44318100810050964
vt 0.9383209943771362 0.07316599786281586
vt 0.9383209943771362 0.14829599857330322
vt 0.9384639859199524 0.1753160059452057
vt 0.9388160109519958 0.3306719958782196
vt 0.938838005065918 0.5539510250091553
vt 0.938838005065918 0.5933430194854736
vt 0.9388390183448792 0.6193119883537292
vt 0.9391319751739502 0.8498759865760803
vt 0.9391319751739502 0.8660680055618286
vt 0.9392859935760498 0.7817299962043762
vt 0.9394360184669495 0.9811260104179382
vt 0.9395120143890381 0.615900993347168
vt 0.9395350217819214 0.6875680088996887
vt 0.9396079778671265 0.7312960028648376
vt 0.9396079778671265 0.7657449841499329
vt 0.9396079778671265 0.7754930257797241
vt 0.9399210214614868 0.004290999844670296
vt 0.9403769969940186 0.9738420248031616
vt 0.940555989742279 0.33025500178337097
vt 0.9406579732894897 0.6293849945068359
vt 0.9406579732894897 0.6934850215911865
vt 0.940900981426239 0.35810598731040955
vt 0.940966010093689 0.9634550213813782
vt 0.9410079717636108 0.8698260188102722
vt 0.9410079717636108 0.9291239976882935
vt 0.9413210153579712 0.3747909963130951
vt 0.9415320158004761 0.2288839966058731
vt 0.9415379762649536 0.19540899991989136
vt 0.9416040182113647 0.6257399916648865
vt 0.9416109919548035 0.44112199544906616
vt 0.9417330026626587 0.07406000047922134
vt 0.9417330026626587 0.11588799953460693
vt 0.9417330026626587 0.1193000003695488
vt 0.9417330026626587 0.16487599909305573
vt 0.9423459768295288 0.21642300486564636
vt 0.942421019077301 0.3000440001487732
vt 0.9426980018615723 0.7893480062484741
vt 0.9426980018615723 0.8296610116958618
vt 0.9426980018615723 0.8330720067024231
vt 0.9426980018615723 0.8646309971809387
vt 0.942779004573822 0.15262700617313385
vt 0.9429259896278381 0.25161099433898926
vt 0.9430199861526489 0.7307019829750061
vt 0.9430199861526489 0.7635310292243958
vt 0.943103015422821 0.41399699449539185
vt 0.9431430101394653 0.23229500651359558
vt 0.9431430101394653 0.2808470129966736
vt 0.943265974521637 0.6193119883537292
vt 0.9433320164680481 0.01511400006711483
vt 0.9433320164680481 0.0468129999935627
vt 0.9438160061836243 0.9893860220909119
vt 0.9440690279006958 0.6293849945068359
vt 0.9440690279006958 0.6697019934654236
vt 0.9440690279006958 0.6919789910316467
vt 0.9443129897117615 0.33907899260520935
vt 0.9443129897117615 0.3506630063056946
vt 0.9443129897117615 0.36664900183677673
vt 0.9444190263748169 0.8852350115776062
vt 0.9444190263748169 0.9134150147438049
vt 0.9444190263748169 0.9524229764938354
vt 0.9444190263748169 0.9558339715003967
vt 0.9444190263748169 0.9820730090141296
vt 0.9445199966430664 0.4998910129070282
vt 0.9447730183601379 0.6968969702720642
vt 0.9455209970474243 0.5096269845962524
vt 0.9455209970474243 0.5639560222625732
vt 0.9457579851150513 0.20016099512577057
vt 0.9459969997406006 0.30881500244140625
vt 0.9461560249328613 0.17678700387477875
vt 0.9462159872055054 0.21507899463176727
vt 0.946258008480072 0.7796890139579773
vt 0.9465050101280212 0.5673670172691345
vt 0.9465050101280212 0.59511798620224
vt 0.9465140104293823 0.3701010048389435
vt 0.9465140104293823 0.41861599683761597
vt 0.9465550184249878 0.24052199721336365
vt 0.9465550184249878 0.2802030146121979
vt 0.9465550184249878 0.3042289912700653
vt 0.9474679827690125 0.5062159895896912
vt 0.9476990103721619 0.4923099875450134
vt 0.9485030174255371 0.9100040197372437
vt 0.9485390186309814 0.10531900078058243
vt 0.9486470222473145 0.42714300751686096
vt 0.9486470222473145 0.4775800108909607
vt 0.9489319920539856 0.54830002784729
vt 0.9490529894828796 0.7518069744110107
vt 0.9490529894828796 0.7743470072746277
vt 0.9490960240364075 0.8350949883460999
vt 0.9492279887199402 0.7028989791870117
vt 0.9492279887199402 0.7483959794044495
vt 0.9492430090904236 0.7911019921302795
vt 0.9492570161819458 0.15528999269008636
vt 0.9494040012359619 0.9695150256156921
vt 0.9494040012359619 0.9854840040206909
vt 0.9494040012359619 0.9965839982032776
vt 0.9494510293006897 0.6796090006828308
vt 0.9499170184135437 0.5673670172691345
vt 0.9499170184135437 0.6155239939689636
vt 0.9499459862709045 0.6342470049858093
vt 0.9500340223312378 0.07316599786281586
vt 0.9515399932861328 0.0017059999518096447
vt 0.9515399932861328 0.04340200126171112
vt 0.9518049955368042 0.9446550011634827
vt 0.9520580172538757 0.4705260097980499
vt 0.9522740244865417 0.3424760103225708
vt 0.9525409936904907 0.6681439876556396
vt 0.9526399970054626 0.7072370052337646
vt 0.9526399970054626 0.7594209909439087
vt 0.952655017375946 0.8085089921951294
vt 0.952655017375946 0.8250049948692322
vt 0.952655017375946 0.8635789752006531
vt 0.9527279734611511 0.8698260188102722
vt 0.9527279734611511 0.8864700198173523
vt 0.9529150128364563 0.37602901458740234
vt 0.9530730247497559 0.1753160059452057
vt 0.9530969858169556 0.15302599966526031
vt 0.9532470107078552 0.7351440191268921
vt 0.9532639980316162 0.05467800050973892
vt 0.9533209800720215 0.19918300211429596
vt 0.9533209800720215 0.21844600141048431
vt 0.953361988067627 0.9626960158348083
vt 0.953361988067627 0.9862470030784607
vt 0.9534450173377991 0.07316599786281586
vt 0.9534450173377991 0.14401699602603912
vt 0.953453004360199 0.06404300034046173
vt 0.9536439776420593 0.23229500651359558
vt 0.9536439776420593 0.2767919898033142
vt 0.9538630247116089 0.77497798204422
vt 0.9549509882926941 0.002002999885007739
vt 0.9549739956855774 0.03674500063061714
vt 0.955062985420227 0.3555920124053955
vt 0.955062985420227 0.3666900098323822
vt 0.9552159905433655 0.9134150147438049
vt 0.9552159905433655 0.9527959823608398
vt 0.9554669857025146 0.48863598704338074
vt 0.9554669857025146 0.5044249892234802
vt 0.9554669857025146 0.5096269845962524
vt 0.9554669857025146 0.5565940141677856
vt 0.955685019493103 0.30881500244140625
vt 0.955685019493103 0.3521310091018677
vt 0.955797016620636 0.8215939998626709
vt 0.955951988697052 0.6293849945068359
vt 0.955951988697052 0.6700630187988281
vt 0.9559950232505798 0.08079200237989426
vt 0.9559950232505798 0.1474280059337616
vt 0.9559950232505798 0.1575939953327179
vt 0.9560139775276184 0.6087620258331299
vt 0.9561390280723572 0.8865979909896851
vt 0.9563260078430176 0.3701010048389435
vt 0.9563260078430176 0.404462993144989
vt 0.9563260078430176 0.4097520112991333
vt 0.9563260078430176 0.42372599244117737
vt 0.9563369750976562 0.0468129999935627
vt 0.956354022026062 0.7796890139579773
vt 0.9564210176467896 0.42714300751686096
vt 0.9564210176467896 0.48300901055336
vt 0.9564359784126282 0.9667789936065674
vt 0.9566019773483276 0.9764149785041809
vt 0.9567310214042664 0.6760320067405701
vt 0.9567310214042664 0.6934850215911865
vt 0.956732988357544 0.17190399765968323
vt 0.956732988357544 0.18334199488162994
vt 0.956732988357544 0.2190070003271103
vt 0.9570549726486206 0.23229500651359558
vt 0.9570549726486206 0.2684989869594574
vt 0.9572629928588867 0.28397899866104126
vt 0.9584739804267883 0.3555920124053955
vt 0.9584739804267883 0.3666290044784546
vt 0.9588779807090759 0.5272049903869629
vt 0.9588779807090759 0.547078013420105
vt 0.9588779807090759 0.5570759773254395
vt 0.959201991558075 0.8829330205917358
vt 0.9592980146408081 0.7991719841957092
vt 0.9592980146408081 0.814644992351532
vt 0.9592990279197693 0.8698260188102722
vt 0.9594060182571411 0.10551799833774567
vt 0.9594060182571411 0.11152499914169312
vt 0.9594060182571411 0.1579750031232834
vt 0.9594249725341797 0.5795040130615234
vt 0.9594249725341797 0.6254180073738098
vt 0.959725022315979 0.5096269845962524
vt 0.9598320126533508 0.42714300751686096
vt 0.9598320126533508 0.46316999197006226
vt 0.9598320126533508 0.4851109981536865
vt 0.9598320126533508 0.4988580048084259
vt 0.9599490165710449 0.8420109748840332
vt 0.9599869847297668 0.9798259735107422
vt 0.9599869847297668 0.9923359751701355
vt 0.9602199792861938 0.6968969702720642
vt 0.9602199792861938 0.7282199859619141
vt 0.9602910280227661 0.03183300048112869
vt 0.9603350162506104 0.7385550141334534
vt 0.9603350162506104 0.7742140293121338
vt 0.9604200124740601 0.6075720191001892
vt 0.960673987865448 0.27376800775527954
vt 0.960673987865448 0.3042289912700653
vt 0.9609869718551636 0.2538279891014099
vt 0.9609919786453247 0.3435089886188507
vt 0.96145099401474 0.0017059999518096447
vt 0.96145099401474 0.04241500049829483
vt 0.9616010189056396 0.16141900420188904
vt 0.9617130160331726 0.1753160059452057
vt 0.9617289900779724 0.18788200616836548
vt 0.9617599844932556 0.9278690218925476
vt 0.9617599844932556 0.9562069773674011
vt 0.9617599844932556 0.9685710072517395
vt 0.961778998374939 0.6339719891548157
vt 0.9624950289726257 0.1379150003194809
vt 0.9630460143089294 0.5332980155944824
vt 0.9630540013313293 0.8795120120048523
vt 0.9630540013313293 0.9055560231208801
vt 0.9632200002670288 0.3609989881515503
vt 0.9633600115776062 0.7956299781799316
vt 0.9633600115776062 0.8154000043869019
vt 0.9633600115776062 0.8198800086975098
vt 0.9633600115776062 0.8635789752006531
vt 0.9634649753570557 0.3999210000038147
vt 0.9635519981384277 0.2628139853477478
vt 0.9636309742927551 0.6946669816970825
vt 0.9636309742927551 0.7351440191268921
vt 0.963670015335083 0.1403539925813675
vt 0.9637460112571716 0.7638270258903503
vt 0.964402973651886 0.30881500244140625
vt 0.9646869897842407 0.42123299837112427
vt 0.9648619890213013 0.043234001845121384
vt 0.9648619890213013 0.058782000094652176
vt 0.9648910164833069 0.5504890084266663
vt 0.9648910164833069 0.5635799765586853
vt 0.9649580121040344 0.5419579744338989
vt 0.9651399850845337 0.1800599992275238
vt 0.9651399850845337 0.2098959982395172
vt 0.9651399850845337 0.22738899290561676
vt 0.9651709794998169 0.9134150147438049
vt 0.9651709794998169 0.9436950087547302
vt 0.9651709794998169 0.9494119882583618
vt 0.9651709794998169 0.9854490160942078
vt 0.9651899933815002 0.633870005607605
vt 0.9651899933815002 0.6626690030097961
vt 0.9651899933815002 0.6910750269889832
vt 0.965503990650177 0.34710898995399475
vt 0.9656080007553101 0.9610810279846191
vt 0.9657549858093262 0.21780900657176971
vt 0.9658380150794983 0.43514400720596313
vt 0.9659069776535034 0.17190399765968323
vt 0.9659379720687866 0.46658098697662354
vt 0.9660919904708862 0.07316599786281586
vt 0.9660919904708862 0.10811399668455124
vt 0.9664310216903687 0.5673670172691345
vt 0.9664310216903687 0.6006770133972168
vt 0.9664649963378906 0.8916580080986023
vt 0.9664649963378906 0.9015550017356873
vt 0.9664649963378906 0.9098950028419495
vt 0.9665520191192627 0.4891340136528015
vt 0.9668769836425781 0.3616980016231537
vt 0.9668769836425781 0.3701010048389435
vt 0.9668769836425781 0.4038130044937134
vt 0.966884970664978 0.3666900098323822
vt 0.9668880105018616 0.7385550141334534
vt 0.9668880105018616 0.7897480130195618
vt 0.966962993144989 0.23229500651359558
vt 0.966962993144989 0.2571209967136383
vt 0.966962993144989 0.2605319917201996
vt 0.9670810103416443 0.13206399977207184
vt 0.9677159786224365 0.8286219835281372
vt 0.9678630232810974 0.2758289873600006
vt 0.967864990234375 0.4078739881515503
vt 0.9683690071105957 0.5096269845962524
vt 0.9683690071105957 0.5364789962768555
vt 0.9683690071105957 0.5500680208206177
vt 0.968375027179718 0.983377993106842
vt 0.9684720039367676 0.6040890216827393
vt 0.9684720039367676 0.6222919821739197
vt 0.9685260057449341 0.26701200008392334
vt 0.9685540199279785 0.7031880021095276
vt 0.9689149856567383 0.0017059999518096447
vt 0.9689149856567383 0.04423699900507927
vt 0.9692320227622986 0.5398899912834167
vt 0.9692490100860596 0.44428300857543945
vt 0.9693350195884705 0.30881500244140625
vt 0.9695029854774475 0.07316599786281586
vt 0.9695029854774475 0.08658400177955627
vt 0.9696660041809082 0.9651880264282227
vt 0.9698420166969299 0.5673670172691345
vt 0.9698420166969299 0.5985919833183289
vt 0.969963014125824 0.4882560074329376
vt 0.969963014125824 0.49553900957107544
vt 0.9701219797134399 0.10337900370359421
vt 0.970300018787384 0.7521970272064209
vt 0.970300018787384 0.7725470066070557
vt 0.9705190062522888 0.7610200047492981
vt 0.9705320000648499 0.11152499914169312
vt 0.9705320000648499 0.1524060070514679
vt 0.9706419706344604 0.38290300965309143
vt 0.9711269736289978 0.8430100083351135
vt 0.9711269736289978 0.8540329933166504
vt 0.9711269736289978 0.8648989796638489
vt 0.9712740182876587 0.29410600662231445
vt 0.9714919924736023 0.3042289912700653
vt 0.971642017364502 0.1753149926662445
vt 0.971642017364502 0.20648500323295593
vt 0.9717100262641907 0.9207460284233093
vt 0.9717509746551514 0.39899298548698425
vt 0.9717559814453125 0.9768310189247131
vt 0.9717559814453125 0.9907900094985962
vt 0.9718419909477234 0.6293849945068359
vt 0.9718419909477234 0.6592580080032349
vt 0.9718829989433289 0.6040890216827393
vt 0.9718829989433289 0.6240149736404419
vt 0.9718989729881287 0.9734190106391907
vt 0.9719650149345398 0.7081180214881897
vt 0.9719650149345398 0.7266709804534912
vt 0.9719650149345398 0.7349569797515869
vt 0.9719650149345398 0.8164690136909485
vt 0.9720799922943115 0.6702309846878052
vt 0.9723259806632996 0.0017059999518096447
vt 0.9723259806632996 0.027542000636458397
vt 0.9723259806632996 0.036423999816179276
vt 0.9723860025405884 0.8044970035552979
vt 0.9724640250205994 0.9471060037612915
vt 0.9724640250205994 0.9553390145301819
vt 0.9726070165634155 0.35736098885536194
vt 0.9726690053939819 0.047648001462221146
vt 0.9726690053939819 0.06962399929761887
vt 0.9727470278739929 0.3199940025806427
vt 0.9728310108184814 0.8198800086975098
vt 0.9729650020599365 0.9058629870414734
vt 0.9731760025024414 0.8698260188102722
vt 0.9731760025024414 0.898144006729126
vt 0.9733800292015076 0.46658098697662354
vt 0.9737190008163452 0.5704270005226135
vt 0.9739429950714111 0.11152499914169312
vt 0.9739429950714111 0.1376419961452484
vt 0.9739429950714111 0.14105400443077087
vt 0.9739429950714111 0.16984499990940094
vt 0.9741569757461548 0.26113399863243103
vt 0.9741569757461548 0.2685930132865906
vt 0.9743319749832153 0.253915011882782
vt 0.9747359752655029 0.21338200569152832
vt 0.9748119711875916 0.5179650187492371
vt 0.9748280048370361 0.5954819917678833
vt 0.9748809933662415 0.07772699743509293
vt 0.9750540256500244 0.19799500703811646
vt 0.975121021270752 0.9183350205421448
vt 0.9751620292663574 0.3701010048389435
vt 0.9751620292663574 0.39666199684143066
vt 0.9751620292663574 0.4037170112133026
vt 0.9752529859542847 0.6293849945068359
vt 0.9752529859542847 0.6535800099372864
vt 0.975492000579834 0.6626690030097961
vt 0.975492000579834 0.6856480240821838
vt 0.9755070209503174 0.49168598651885986
vt 0.9756489992141724 0.42269301414489746
vt 0.9756659865379333 0.543861985206604
vt 0.9756659865379333 0.5628790259361267
vt 0.975695013999939 0.9341239929199219
vt 0.9757980108261108 0.8073139786720276
vt 0.9758750200271606 0.9501780271530151
vt 0.9758750200271606 0.9826269745826721
vt 0.9759200215339661 0.8661220073699951
vt 0.9759340286254883 0.30881500244140625
vt 0.9759340286254883 0.34757599234580994
vt 0.9759489893913269 0.856319010257721
vt 0.9759590029716492 0.2721270024776459
vt 0.9759590029716492 0.2978219985961914
vt 0.9760090112686157 0.42714300751686096
vt 0.9760090112686157 0.45289701223373413
vt 0.9760800004005432 0.05056000128388405
vt 0.9761750102043152 0.7073540091514587
vt 0.9761840105056763 0.8252639770507812
vt 0.9761840105056763 0.8506219983100891
vt 0.9763590097427368 0.7273809909820557
vt 0.9763759970664978 0.9021289944648743
vt 0.9763759970664978 0.9098950028419495
vt 0.9764119982719421 0.7385550141334534
vt 0.9764119982719421 0.7655730247497559
vt 0.9765880107879639 0.8698260188102722
vt 0.9765880107879639 0.898635983467102
vt 0.9769110083580017 0.3517020046710968
vt 0.9769110083580017 0.36454200744628906
vt 0.9769700169563293 0.8114960193634033
vt 0.9771770238876343 0.02471799962222576
vt 0.9773920178413391 0.6946669816970825
vt 0.9773920178413391 0.7232599854469299
vt 0.977524995803833 0.7689840197563171
vt 0.977524995803833 0.7921419739723206
vt 0.9777430295944214 0.23229500651359558
vt 0.9777430295944214 0.263498991727829
vt 0.9781469702720642 0.2059289962053299
vt 0.9781469702720642 0.22300100326538086
vt 0.9782230257987976 0.5169389843940735
vt 0.9782389998435974 0.5673670172691345
vt 0.9782389998435974 0.5899770259857178
vt 0.9782919883728027 0.08695200085639954
vt 0.9784550070762634 0.030952999368309975
vt 0.9784550070762634 0.0433880016207695
vt 0.9784619808197021 0.005272999871522188
vt 0.9789190292358398 0.46658098697662354
vt 0.9789190292358398 0.4961700141429901
vt 0.9790769815444946 0.5412369966506958
vt 0.9791100025177002 0.16525399684906006
vt 0.9793450236320496 0.30881500244140625
vt 0.9793450236320496 0.3353070020675659
vt 0.9793710112571716 0.29363998770713806
vt 0.9794210195541382 0.4439539909362793
vt 0.9794210195541382 0.4596419930458069
vt 0.9795950055122375 0.819881021976471
vt 0.9795950055122375 0.8447409868240356
vt 0.9795950055122375 0.8549860119819641
vt 0.9797109961509705 0.22738899290561676
vt 0.9798229932785034 0.7476199865341187
vt 0.9798420071601868 0.12010099738836288
vt 0.9798939824104309 0.12863700091838837
vt 0.9799180030822754 0.6068670153617859
vt 0.9800800085067749 0.9061809778213501
vt 0.9801560044288635 0.9804009795188904
vt 0.9801560044288635 0.9950500130653381
vt 0.9802950024604797 0.9471060037612915
vt 0.9802950024604797 0.9769899845123291
vt 0.980322003364563 0.3460260033607483
vt 0.980322003364563 0.3666900098323822
vt 0.980588972568512 0.8662400245666504
vt 0.9807659983634949 0.3873150050640106
vt 0.9808030128479004 0.6946669816970825
vt 0.9808030128479004 0.7145689725875854
vt 0.9808030128479004 0.7347930073738098
vt 0.9808560013771057 0.1753160059452057
vt 0.9808560013771057 0.20187699794769287
vt 0.9809359908103943 0.742447018623352
vt 0.9809359908103943 0.7689840197563171
vt 0.9809359908103943 0.7853360176086426
vt 0.9811069965362549 0.9134150147438049
vt 0.9811069965362549 0.938992977142334
vt 0.9811499714851379 0.8966990113258362
vt 0.9815210103988647 0.6512969732284546
vt 0.9815300107002258 0.2548550069332123
vt 0.9818729758262634 0.0017059999518096447
vt 0.9818729758262634 0.021344000473618507
vt 0.9818729758262634 0.03542099893093109
vt 0.9819809794425964 0.4000740051269531
vt 0.9819809794425964 0.4217979907989502
vt 0.9821410179138184 0.6821630001068115
vt 0.9823349714279175 0.7455019950866699
vt 0.9824129939079285 0.7956299781799316
vt 0.9824129939079285 0.8153250217437744
vt 0.9824990034103394 0.07316599786281586
vt 0.9824990034103394 0.10138099640607834
vt 0.9825220108032227 0.14790000021457672
vt 0.9826679825782776 0.04707200080156326
vt 0.9826679825782776 0.06962399929761887
vt 0.9826850295066833 0.49041199684143066
vt 0.9829959869384766 0.2721270024776459
vt 0.9829959869384766 0.3015719950199127
vt 0.9833049774169922 0.12480299919843674
vt 0.9833289980888367 0.6040890216827393
vt 0.9833289980888367 0.6237639784812927
vt 0.983443021774292 0.5096269845962524
vt 0.983443021774292 0.5346350073814392
vt 0.9836969971656799 0.31392601132392883
vt 0.9837070107460022 0.9632369875907898
vt 0.9837070107460022 0.9745780229568481
vt 0.9837070107460022 0.9901800155639648
vt 0.9840959906578064 0.5853670239448547
vt 0.9841769933700562 0.3701010048389435
vt 0.9841769933700562 0.3894129991531372
vt 0.9842309951782227 0.8314409852027893
vt 0.984266996383667 0.1753160059452057
vt 0.984266996383667 0.1949480026960373
vt 0.9843440055847168 0.22117699682712555
vt 0.9843950271606445 0.5398899912834167
vt 0.9843950271606445 0.562952995300293
vt 0.9845190048217773 0.9188010096549988
vt 0.9845290184020996 0.7179800271987915
vt 0.984561026096344 0.8823829889297485
vt 0.984561026096344 0.8887720108032227
vt 0.984561026096344 0.8921840190887451
vt 0.984561026096344 0.9081659913063049
vt 0.984915018081665 0.42714300751686096
vt 0.984915018081665 0.44928500056266785
vt 0.9849330186843872 0.6332399845123291
vt 0.9849330186843872 0.6589580178260803
vt 0.9849410057067871 0.241907000541687
vt 0.9849410057067871 0.25830501317977905
vt 0.9853929877281189 0.4000740051269531
vt 0.9853929877281189 0.419607013463974
vt 0.9855530261993408 0.6683149933815002
vt 0.9855530261993408 0.6814119815826416
vt 0.9855939745903015 0.8698260188102722
vt 0.9858239889144897 0.7989609837532043
vt 0.9858279824256897 0.8540030121803284
vt 0.9859099984169006 0.07316599786281586
vt 0.9859099984169006 0.08847399801015854
vt 0.9859099984169006 0.10398200154304504
vt 0.9860680103302002 0.7385550141334534
vt 0.9860680103302002 0.7582759857177734
vt 0.9860799908638 0.054947998374700546
vt 0.986096978187561 0.4731700122356415
vt 0.986096978187561 0.48535698652267456
vt 0.986096978187561 0.5011100172996521
vt 0.986175000667572 0.3587360084056854
vt 0.9863219857215881 0.9056509733200073
vt 0.986407995223999 0.2740190029144287
vt 0.986407995223999 0.30041998624801636
vt 0.9865390062332153 0.8481529951095581
vt 0.9865390062332153 0.8623200058937073
vt 0.9868540167808533 0.5096269845962524
vt 0.9868540167808533 0.5272539854049683
vt 0.9869499802589417 0.7132859826087952
vt 0.9871090054512024 0.31608501076698303
vt 0.9871090054512024 0.33554500341415405
vt 0.9871990084648132 0.7881199717521667
vt 0.9873780012130737 0.7754799723625183
vt 0.9873960018157959 0.9471060037612915
vt 0.9873960018157959 0.9711670279502869
vt 0.9875079989433289 0.5741099715232849
vt 0.9875079989433289 0.5844460129737854
vt 0.9875079989433289 0.5981770157814026
vt 0.9876430034637451 0.8274949789047241
vt 0.9877070188522339 0.7347930073738098
vt 0.9877550005912781 0.2059289962053299
vt 0.9877550005912781 0.2204740047454834
vt 0.9878060221672058 0.5448470115661621
vt 0.9878640174865723 0.4526959955692291
vt 0.9878640174865723 0.46271198987960815
vt 0.9879040122032166 0.14105400443077087
vt 0.9879040122032166 0.16152499616146088
vt 0.9880239963531494 0.11152499914169312
vt 0.9880239963531494 0.13386599719524384
vt 0.988044023513794 0.012027000077068806
vt 0.9880989789962769 0.024755999445915222
vt 0.9880989789962769 0.043164998292922974
vt 0.9883270263671875 0.42714300751686096
vt 0.9883270263671875 0.43946900963783264
vt 0.988910973072052 0.617169976234436
vt 0.9890570044517517 0.17810699343681335
vt 0.989130973815918 0.9134150147438049
vt 0.989130973815918 0.9333209991455078
vt 0.9891420006752014 0.376213014125824
vt 0.9894000291824341 0.8859400153160095
vt 0.9894790053367615 0.7419970035552979
vt 0.9894790053367615 0.7641590237617493
vt 0.9895210266113281 0.40127700567245483
vt 0.9895870089530945 0.3521389961242676
vt 0.98990398645401 0.9795330166816711
vt 0.9899510145187378 0.853829026222229
vt 0.9903609752655029 0.6946669816970825
vt 0.9903609752655029 0.7091670036315918
vt 0.9903889894485474 0.6293849945068359
vt 0.9903889894485474 0.6465700268745422
vt 0.9905440211296082 0.23229500651359558
vt 0.9905440211296082 0.24817299842834473
vt 0.990568995475769 0.8943560123443604
vt 0.990788996219635 0.7749990224838257
vt 0.9908069968223572 0.9539089798927307
vt 0.990880012512207 0.5118899941444397
vt 0.9911180138587952 0.7179800271987915
vt 0.9912189841270447 0.49167799949645996
vt 0.9912300109863281 0.7956299781799316
vt 0.9912300109863281 0.8114269971847534
vt 0.991237998008728 0.2515850067138672
vt 0.991237998008728 0.26591798663139343
vt 0.9912760257720947 0.4499880075454712
vt 0.9913150072097778 0.14105400443077087
vt 0.9913150072097778 0.1557680070400238
vt 0.9913150072097778 0.15917900204658508
vt 0.9913150072097778 0.17188400030136108
vt 0.9913970232009888 0.8198800086975098
vt 0.9913970232009888 0.8376560211181641
vt 0.9914010167121887 0.46658098697662354
vt 0.9914010167121887 0.4819450080394745
vt 0.9914119839668274 0.0918859988451004
vt 0.9914119839668274 0.10718200355768204
vt 0.9914349913597107 0.11458499729633331
vt 0.9914360046386719 0.13533200323581696
vt 0.9914370179176331 0.08117000013589859
vt 0.9914550185203552 0.005423999857157469
vt 0.9915099740028381 0.03607200086116791
vt 0.9915590286254883 0.6626690030097961
vt 0.9915590286254883 0.6773430109024048
vt 0.9916560053825378 0.2895149886608124
vt 0.9916560053825378 0.3040570020675659
vt 0.9917590022087097 0.04707200080156326
vt 0.9917590022087097 0.06172199919819832
vt 0.9919630289077759 0.014650000259280205
vt 0.9919670224189758 0.5398899912834167
vt 0.9919670224189758 0.5558069944381714
vt 0.992143988609314 0.2721270024776459
vt 0.992143988609314 0.2861039936542511
vt 0.992231011390686 0.6499810218811035
vt 0.9923220276832581 0.6075320243835449
vt 0.9923670291900635 0.6807540059089661
vt 0.9923670291900635 0.691012978553772
vt 0.992467999458313 0.18084199726581573
vt 0.992467999458313 0.19529399275779724
vt 0.992542028427124 0.9284960031509399
vt 0.992542028427124 0.9417920112609863
vt 0.9925429821014404 0.9178749918937683
vt 0.9925529956817627 0.3701010048389435
vt 0.9925529956817627 0.38725998997688293
vt 0.9925529956817627 0.39628100395202637
vt 0.992684006690979 0.20930500328540802
vt 0.9927089810371399 0.30881500244140625
vt 0.9927089810371399 0.32255199551582336
vt 0.9927629828453064 0.6589580178260803
vt 0.9928119778633118 0.8698260188102722
vt 0.9928119778633118 0.8829950094223022
vt 0.9928879737854004 0.5865880250930786
vt 0.9928990006446838 0.3259640038013458
vt 0.9928990006446838 0.33919599652290344
vt 0.9929320216178894 0.4086099863052368
vt 0.9929909706115723 0.5673670172691345
vt 0.9929909706115723 0.5810350179672241
vt 0.9932389855384827 0.8481529951095581
vt 0.9932389855384827 0.8655589818954468
vt 0.9933149814605713 0.9800519943237305
vt 0.9937999844551086 0.6381670236587524
vt 0.9939560294151306 0.23229500651359558
vt 0.9939560294151306 0.24473300576210022
vt 0.9939799904823303 0.8921840190887451
vt 0.9939799904823303 0.9026179909706116
vt 0.9940890073776245 0.43378499150276184
vt 0.9941390156745911 0.7385550141334534
vt 0.9941390156745911 0.7530289888381958
vt 0.9942920207977295 0.5141080021858215
vt 0.9942920207977295 0.5305439829826355
vt 0.9943979978561401 0.7564409971237183
vt 0.9946309924125671 0.48535698652267456
vt 0.9946309924125671 0.49583700299263
vt 0.9946410059928894 0.8062829971313477
vt 0.9946500062942505 0.25606799125671387
vt 0.9947299957275391 0.7065240144729614
vt 0.99480801820755 0.8198800086975098
vt 0.99480801820755 0.8299170136451721
vt 0.99480801820755 0.8333290219306946
vt 0.99480801820755 0.8427839875221252
vt 0.9948940277099609 0.3460260033607483
vt 0.9948940277099609 0.35871899127960205
vt 0.9951030015945435 0.7323960065841675
vt 0.9952200055122375 0.1435920000076294
vt 0.9953160285949707 0.7179800271987915
vt 0.9955670237541199 0.6040890216827393
vt 0.9955670237541199 0.6195889711380005
vt 0.9955989718437195 0.9471060037612915
vt 0.9955989718437195 0.960444986820221
vt 0.9956830143928528 0.38384899497032166
vt 0.9956899881362915 0.7641590237617493
vt 0.9957939982414246 0.024755999445915222
vt 0.9957939982414246 0.03794100135564804
vt 0.9958040118217468 0.11152499914169312
vt 0.9958040118217468 0.12480899691581726
vt 0.9959040284156799 0.1638219952583313
vt 0.9959279894828796 0.0017059999518096447
vt 0.9959279894828796 0.013635000213980675
vt 0.9960389733314514 0.46271198987960815
vt 0.9961230158805847 0.4499880075454712
vt 0.996150016784668 0.7689840197563171
vt 0.996150016784668 0.7814059853553772
vt 0.9962469935417175 0.3701010048389435
vt 0.9962739944458008 0.4000740051269531
vt 0.9962739944458008 0.4144119918346405
vt 0.9965850114822388 0.12822100520133972
vt 0.9965850114822388 0.1371999979019165
vt 0.9965860247612 0.1753160059452057
vt 0.9965860247612 0.18862099945545197
vt 0.996628999710083 0.933568000793457
vt 0.9967089891433716 0.8807370066642761
vt 0.9968439936637878 0.7956299781799316
vt 0.9968540072441101 0.9745780229568481
vt 0.9968540072441101 0.9880880117416382
vt 0.9971060156822205 0.3907240033149719
vt 0.997219979763031 0.19203199446201324
vt 0.997219979763031 0.20227199792861938
vt 0.9972620010375977 0.6293849945068359
vt 0.9972620010375977 0.6429169774055481
vt 0.9974210262298584 0.24006199836730957
vt 0.9974480271339417 0.9134150147438049
vt 0.9974480271339417 0.9250850081443787
vt 0.9975280165672302 0.5096269845962524
vt 0.9975280165672302 0.5216100215911865
vt 0.9977560043334961 0.8373039960861206
vt 0.9978650212287903 0.2515850067138672
vt 0.9978650212287903 0.2623719871044159
vt 0.9978690147399902 0.5250219702720642
vt 0.9978690147399902 0.5362200140953064
vt 0.9979609847068787 0.8062829971313477
vt 0.99823397397995 0.4932659864425659
vt 0.9982519745826721 0.8242250084877014
vt 0.9982939958572388 0.897907018661499
vn -0.9998999834060669 -0.015200000256299973 0.0005000000237487257
vn -0.9998999834060669 -0.008999999612569809 -0.007000000216066837
vn -0.9998999834060669 0.013100000098347664 -0.01080000028014183
vn -0.9998000264167786 -0.009800000116229057 -0.01850000023841858
vn -0.9997000098228455 -0.02449999935925007 -0.006599999964237213
vn -0.9995999932289124 -0.026799999177455902 0.0012000000569969416
vn -0.9993000030517578 0.025599999353289604 -0.028699999675154686
vn -0.9987000226974487 0.02239999920129776 0.04569999873638153
vn -0.9987000226974487 0.050200000405311584 -0.004999999888241291
vn -0.998199999332428 -0.032499998807907104 -0.049400001764297485
vn -0.9980999827384949 0.0015999999595806003 -0.062300000339746475
vn -0.9980000257492065 0.049400001764297485 0.039400000125169754
vn -0.9976999759674072 -0.002099999925121665 -0.06809999793767929
vn -0.9972000122070312 0.0729999989271164 0.013199999928474426
vn -0.9970999956130981 -0.027000000700354576 -0.07069999724626541
vn -0.9969000220298767 -0.02539999969303608 -0.07400000095367432
vn -0.9966999888420105 -0.011800000444054604 -0.08049999922513962
vn -0.9965000152587891 -0.05090000107884407 0.065700002014637
vn -0.9962999820709229 -0.03700000047683716 0.0778999999165535
vn -0.9958999752998352 -0.07450000196695328 -0.05090000107884407
vn -0.9957000017166138 -0.027799999341368675 0.08829999715089798
vn -0.9955000281333923 -0.09030000120401382 0.0284000001847744
vn -0.9952999949455261 0.015200000256299973 -0.09589999914169312
vn -0.9937999844551086 -0.03970000147819519 0.10419999808073044
vn -0.9937999844551086 0.01810000091791153 0.10949999839067459
vn -0.9934999942779541 0.08020000159740448 0.08129999786615372
vn -0.9927999973297119 -0.07010000199079514 0.09709999710321426
vn -0.9926999807357788 -0.02250000089406967 0.11829999834299088
vn -0.9926999807357788 0.11779999732971191 0.024800000712275505
vn -0.9923999905586243 -0.11460000276565552 0.04439999908208847
vn -0.9919999837875366 0.125 0.018200000748038292
vn -0.9918000102043152 -0.002099999925121665 -0.12800000607967377
vn -0.9918000102043152 0.019099999219179153 0.12600000202655792
vn -0.9911999702453613 -0.02710000053048134 -0.12929999828338623
vn -0.9908999800682068 -0.0 -0.1348000019788742
vn -0.9908000230789185 0.06279999762773514 0.11990000307559967
vn -0.9905999898910522 0.11900000274181366 0.06759999692440033
vn -0.9896000027656555 -0.13189999759197235 0.0575999990105629
vn -0.9896000027656555 0.12359999865293503 -0.0731000006198883
vn -0.9896000027656555 0.14390000700950623 0.0010999999940395355
vn -0.9894000291824341 0.14499999582767487 0.0031999999191612005
vn -0.9879000186920166 0.12099999934434891 -0.09700000286102295
vn -0.9878000020980835 -0.06780000030994415 -0.1404000073671341
vn -0.9866999983787537 -0.08089999854564667 -0.14100000262260437
vn -0.9861999750137329 -0.1160999983549118 0.11789999902248383
vn -0.9854999780654907 0.13840000331401825 -0.09799999743700027
vn -0.9843000173568726 0.17479999363422394 -0.026000000536441803
vn -0.9842000007629395 0.026000000536441803 -0.17499999701976776
vn -0.984000027179718 -0.14059999585151672 0.10949999839067459
vn -0.9835000038146973 0.04450000077486038 -0.17520000040531158
vn -0.9829000234603882 0.1339000016450882 0.1264999955892563
vn -0.9815999865531921 -0.0272000003606081 -0.1891999989748001
vn -0.9815000295639038 0.14110000431537628 -0.12960000336170197
vn -0.9793999791145325 -0.08479999750852585 -0.18310000002384186
vn -0.9793999791145325 0.09759999811649323 0.17669999599456787
vn -0.9779000282287598 -0.13459999859333038 0.1598999947309494
vn -0.977400004863739 -0.19670000672340393 0.07769999653100967
vn -0.9767000079154968 -0.2126999944448471 0.02810000069439411
vn -0.9757000207901001 -0.03999999910593033 -0.21539999544620514
vn -0.9743000268936157 0.07240000367164612 -0.21320000290870667
vn -0.9724000096321106 -0.061900001019239426 -0.22470000386238098
vn -0.9722999930381775 -0.053700000047683716 0.22769999504089355
vn -0.9718999862670898 -0.2290000021457672 0.05460000038146973
vn -0.9710000157356262 0.23899999260902405 0.004000000189989805
vn -0.9707000255584717 0.1979999989271164 0.13590000569820404
vn -0.9688000082969666 0.051500000059604645 0.24250000715255737
vn -0.9685999751091003 -0.24869999289512634 0.003800000064074993
vn -0.968500018119812 -0.249099999666214 -0.004999999888241291
vn -0.9684000015258789 -0.17509999871253967 0.17749999463558197
vn -0.9682999849319458 0.008500000461935997 -0.24979999661445618
vn -0.9664999842643738 0.07890000194311142 -0.2442999929189682
vn -0.9650999903678894 0.26159998774528503 0.010099999606609344
vn -0.9646000266075134 0.20960000157356262 -0.16019999980926514
vn -0.9641000032424927 -0.0052999998442828655 -0.2653999924659729
vn -0.9639000296592712 0.2500999867916107 0.09109999984502792
vn -0.9625999927520752 -0.27079999446868896 -0.005100000184029341
vn -0.9616000056266785 0.010099999606609344 -0.274399995803833
vn -0.9613000154495239 -0.275299996137619 0.009399999864399433
vn -0.9602000117301941 -0.0010000000474974513 0.2793000042438507
vn -0.960099995136261 0.12929999828338623 0.24809999763965607
vn -0.958899974822998 -0.18559999763965607 0.21459999680519104
vn -0.9581999778747559 0.032499998807907104 0.2842999994754791
vn -0.9581000208854675 0.00019999999494757503 0.28630000352859497
vn -0.9580000042915344 0.24639999866485596 0.14710000157356262
vn -0.9577000141143799 0.22020000219345093 0.18520000576972961
vn -0.9573000073432922 -0.22709999978542328 0.17910000681877136
vn -0.9562000036239624 0.012199999764561653 -0.29249998927116394
vn -0.9555000066757202 -0.2442999929189682 -0.1656000018119812
vn -0.9553999900817871 -0.008299999870359898 0.2953999936580658
vn -0.9549999833106995 -0.28999999165534973 -0.06260000169277191
vn -0.9531000256538391 -0.09489999711513519 0.2872999906539917
vn -0.95169997215271 0.15279999375343323 -0.26649999618530273
vn -0.951200008392334 0.16769999265670776 -0.2590999901294708
vn -0.9506999850273132 -0.06449999660253525 0.30320000648498535
vn -0.9488000273704529 -0.21529999375343323 -0.23109999299049377
vn -0.9485999941825867 -0.011699999682605267 0.31630000472068787
vn -0.9484999775886536 -0.009800000116229057 0.3167000114917755
vn -0.9480999708175659 -0.21549999713897705 -0.2337999939918518
vn -0.9470999836921692 -0.2648000121116638 0.18150000274181366
vn -0.9449999928474426 -0.03269999846816063 0.3253999948501587
vn -0.9395999908447266 0.22139999270439148 -0.26109999418258667
vn -0.9390000104904175 -0.2345999926328659 -0.2515999972820282
vn -0.9387000203132629 -0.3312999904155731 0.09480000287294388
vn -0.9377999901771545 0.33570000529289246 0.08820000290870667
vn -0.9369000196456909 0.15029999613761902 -0.3156999945640564
vn -0.9355000257492065 0.23880000412464142 -0.2605000138282776
vn -0.9334999918937683 -0.358599990606308 0.003599999938160181
vn -0.9326000213623047 0.15809999406337738 -0.32429999113082886
vn -0.9319999814033508 0.3043000102043152 -0.19699999690055847
vn -0.9294999837875366 -0.3686999976634979 -0.009499999694526196
vn -0.9286999702453613 0.056299999356269836 -0.36640000343322754
vn -0.9284999966621399 -0.37059998512268066 -0.023600000888109207
vn -0.9243999719619751 0.006300000008195639 0.3813000023365021
vn -0.9232000112533569 0.33570000529289246 0.18700000643730164
vn -0.9146999716758728 0.1160999983549118 -0.3869999945163727
vn -0.9108999967575073 -0.10180000215768814 -0.39980000257492065
vn -0.9093000292778015 0.4041999876499176 -0.0989999994635582
vn -0.904699981212616 -0.2020999938249588 -0.3752000033855438
vn -0.9021999835968018 -0.37599998712539673 -0.21160000562667847
vn -0.9000999927520752 0.42899999022483826 0.07639999687671661
vn -0.8988999724388123 -0.4377000033855438 -0.017400000244379044
vn -0.8986999988555908 -0.4138000011444092 -0.1453000009059906
vn -0.8949999809265137 0.13899999856948853 0.423799991607666
vn -0.8946999907493591 -0.4278999865055084 -0.1282999962568283
vn -0.8931999802589417 0.37950000166893005 -0.2409999966621399
vn -0.892300009727478 -0.35249999165534973 -0.28200000524520874
vn -0.8920000195503235 -0.45190000534057617 0.003800000064074993
vn -0.8881000280380249 -0.4575999975204468 -0.04280000180006027
vn -0.885699987411499 0.27630001306533813 0.37310001254081726
vn -0.8841999769210815 0.4235000014305115 0.19699999690055847
vn -0.8840000033378601 0.21940000355243683 -0.41280001401901245
vn -0.8787999749183655 0.45210000872612 -0.15279999375343323
vn -0.878600001335144 0.4627000093460083 0.11800000071525574
vn -0.8776000142097473 0.15610000491142273 0.45329999923706055
vn -0.8773000240325928 0.11150000244379044 -0.4668000042438507
vn -0.8755000233650208 0.4253999888896942 0.22910000383853912
vn -0.8741999864578247 0.08749999850988388 0.47760000824928284
vn -0.8709999918937683 -0.04479999840259552 0.48919999599456787
vn -0.8687999844551086 0.005100000184029341 0.4950999915599823
vn -0.8646000027656555 0.39480000734329224 -0.3109000027179718
vn -0.8629000186920166 0.032999999821186066 0.5041999816894531
vn -0.8626000285148621 0.49070000648498535 -0.12330000102519989
vn -0.86080002784729 -0.27489998936653137 0.42829999327659607
vn -0.8605999946594238 -0.4505000114440918 -0.23770000040531158
vn -0.8604999780654907 0.32749998569488525 0.3901999890804291
vn -0.8593000173568726 -0.14509999752044678 0.4903999865055084
vn -0.85589998960495 0.15459999442100525 0.4934999942779541
vn -0.8539000153541565 0.08410000056028366 0.5135999917984009
vn -0.8521000146865845 0.45320001244544983 -0.26179999113082886
vn -0.8513000011444092 0.31040000915527344 -0.4230000078678131
vn -0.8496999740600586 -0.5231999754905701 0.06449999660253525
vn -0.849399983882904 -0.09939999878406525 0.5182999968528748
vn -0.8467000126838684 0.45249998569488525 -0.2797999978065491
vn -0.84579998254776 -0.5321999788284302 0.03830000013113022
vn -0.8403000235557556 -0.23810000717639923 -0.4869000017642975
vn -0.8392000198364258 -0.08839999884366989 -0.5364999771118164
vn -0.8384000062942505 -0.05810000002384186 -0.5419999957084656
vn -0.8377000093460083 -0.13609999418258667 -0.5289999842643738
vn -0.8375999927520752 0.3871000111103058 -0.3855000138282776
vn -0.835099995136261 0.5497999787330627 -0.01769999973475933
vn -0.8331000208854675 -0.14830000698566437 0.5328999757766724
vn -0.8330000042915344 -0.07750000059604645 0.5478000044822693
vn -0.8291000127792358 -0.03920000046491623 0.557699978351593
vn -0.8284000158309937 -0.0502999983727932 -0.5577999949455261
vn -0.8276000022888184 0.32989999651908875 -0.45419999957084656
vn -0.8253999948501587 0.2890999913215637 -0.4848000109195709
vn -0.8205999732017517 0.570900022983551 0.023800000548362732
vn -0.8205000162124634 0.5616000294685364 0.10660000145435333
vn -0.8202999830245972 -0.3736000061035156 -0.43299999833106995
vn -0.8202000260353088 -0.5705000162124634 -0.042899999767541885
vn -0.8192999958992004 -0.5733000040054321 0.008100000210106373
vn -0.8181999921798706 0.09120000153779984 -0.5677000284194946
vn -0.8177000284194946 0.5306000113487244 0.22339999675750732
vn -0.8112999796867371 -0.5077999830245972 0.2897999882698059
vn -0.8108999729156494 0.16189999878406525 0.5623999834060669
vn -0.8101999759674072 -0.5764999985694885 0.10580000281333923
vn -0.807699978351593 0.5860999822616577 0.0640999972820282
vn -0.8059999942779541 -0.5902000069618225 -0.04500000178813934
vn -0.805899977684021 0.025100000202655792 0.5914999842643738
vn -0.805400013923645 0.16220000386238098 -0.5701000094413757
vn -0.8007000088691711 -0.21490000188350677 0.5593000054359436
vn -0.7997000217437744 -0.1941000074148178 -0.5680999755859375
vn -0.7986000180244446 0.44780001044273376 0.40209999680519104
vn -0.7985000014305115 0.007899999618530273 0.6018999814987183
vn -0.7964000105857849 0.5651999711990356 -0.2151000052690506
vn -0.7936999797821045 -0.4887999892234802 -0.3619999885559082
vn -0.7926999926567078 -0.609499990940094 0.009999999776482582
vn -0.789900004863739 0.21639999747276306 -0.5738000273704529
vn -0.7889999747276306 0.2921000123023987 0.5404999852180481
vn -0.7868000268936157 -0.6169999837875366 0.017100000753998756
vn -0.7825999855995178 -0.029200000688433647 0.6219000220298767
vn -0.7785999774932861 0.03579999879002571 -0.6265000104904175
vn -0.7764999866485596 0.24770000576972961 -0.5792999863624573
vn -0.7746000289916992 -0.6323999762535095 0.008500000461935997
vn -0.7746000289916992 0.4893999993801117 -0.40070000290870667
vn -0.7732999920845032 -0.12099999934434891 0.6223000288009644
vn -0.7731000185012817 -0.2214999943971634 -0.5942999720573425
vn -0.7731000185012817 0.6342999935150146 0.007199999876320362
vn -0.7713000178337097 -0.007199999876320362 0.6363999843597412
vn -0.7696999907493591 -0.186599999666214 -0.6104999780654907
vn -0.7688000202178955 -0.6383000016212463 0.03819999843835831
vn -0.7685999870300293 0.5353999733924866 0.35010001063346863
vn -0.767799973487854 -0.45980000495910645 0.44620001316070557
vn -0.7669000029563904 0.6359000205993652 0.08659999817609787
vn -0.7653999924659729 -0.009700000286102295 0.6434999704360962
vn -0.7639999985694885 0.5552999973297119 -0.32850000262260437
vn -0.7598999738693237 -0.10320000350475311 -0.6417999863624573
vn -0.758400022983551 0.28349998593330383 -0.586899995803833
vn -0.7566999793052673 0.17489999532699585 0.6298999786376953
vn -0.7556999921798706 0.08169999718666077 0.6498000025749207
vn -0.7526999711990356 -0.008799999952316284 0.65829998254776
vn -0.751800000667572 -0.4203000068664551 0.5080999732017517
vn -0.7516999840736389 0.5712000131607056 -0.329800009727478
vn -0.7451000213623047 -0.02539999969303608 0.6664999723434448
vn -0.7418000102043152 0.4311000108718872 0.513700008392334
vn -0.739799976348877 -0.08250000327825546 -0.6678000092506409
vn -0.738099992275238 -0.016599999740719795 -0.6744999885559082
vn -0.7364000082015991 0.13279999792575836 0.6633999943733215
vn -0.7319999933242798 -0.5701000094413757 0.37310001254081726
vn -0.730400025844574 0.03590000048279762 -0.6820999979972839
vn -0.7294999957084656 -0.682699978351593 -0.041999999433755875
vn -0.7251999974250793 -0.07660000026226044 0.6841999888420105
vn -0.7215999960899353 0.0010000000474974513 -0.692300021648407
vn -0.7208999991416931 -0.6930000185966492 0.0020000000949949026
vn -0.7182999849319458 0.0997999981045723 0.6886000037193298
vn -0.7167999744415283 0.1695999950170517 0.6762999892234802
vn -0.7164999842643738 0.0803999975323677 0.6929000020027161
vn -0.715399980545044 0.21719999611377716 -0.6642000079154968
vn -0.7139999866485596 0.00430000014603138 0.7002000212669373
vn -0.7127000093460083 -0.5853000283241272 -0.38659998774528503
vn -0.7105000019073486 0.3440000116825104 -0.6139000058174133
vn -0.7081000208854675 -0.7052000164985657 0.03500000014901161
vn -0.7069000005722046 -0.7073000073432922 0.009399999864399433
vn -0.7057999968528748 0.5825999975204468 0.40299999713897705
vn -0.7028999924659729 -0.6269999742507935 -0.335999995470047
vn -0.7026000022888184 -0.5814999938011169 0.41019999980926514
vn -0.70169997215271 0.29760000109672546 0.6473000049591064
vn -0.7014999985694885 0.3725999891757965 0.6075000166893005
vn -0.6998000144958496 -0.5234000086784363 -0.4862000048160553
vn -0.6978999972343445 -0.10080000013113022 -0.7089999914169312
vn -0.6977999806404114 -0.7157999873161316 -0.0272000003606081
vn -0.697700023651123 0.12189999967813492 -0.7059000134468079
vn -0.6965000033378601 0.19670000672340393 -0.6899999976158142
vn -0.6958000063896179 -0.2554999887943268 0.6711999773979187
vn -0.6956999897956848 -0.10890000313520432 -0.7099999785423279
vn -0.694100022315979 0.31850001215934753 -0.6456999778747559
vn -0.6940000057220459 0.22630000114440918 0.6833999752998352
vn -0.6934999823570251 -0.21449999511241913 -0.6877999901771545
vn -0.6933000087738037 0.296099990606308 0.6570000052452087
vn -0.6902999877929688 -0.30239999294281006 0.6572999954223633
vn -0.6887999773025513 -0.6557999849319458 0.3091000020503998
vn -0.6887000203132629 0.2011999934911728 0.6966000199317932
vn -0.6881999969482422 0.007300000172108412 -0.7254999876022339
vn -0.6869999766349792 -0.34360000491142273 0.6402999758720398
vn -0.6858999729156494 0.4733999967575073 0.5526000261306763
vn -0.6848999857902527 0.19480000436306 -0.7020999789237976
vn -0.6833000183105469 0.5896000266075134 -0.43070000410079956
vn -0.6829000115394592 0.20880000293254852 0.7001000046730042
vn -0.6801999807357788 0.39719998836517334 -0.616100013256073
vn -0.6801000237464905 0.351500004529953 -0.6432999968528748
vn -0.6786999702453613 0.18639999628067017 -0.7103000283241272
vn -0.6771000027656555 0.29820001125335693 0.6726999878883362
vn -0.6754000186920166 0.1784999966621399 0.7156000137329102
vn -0.6739000082015991 -0.5220000147819519 -0.5228999853134155
vn -0.6699000000953674 -0.3433000147342682 0.65829998254776
vn -0.6690000295639038 -0.5299999713897705 0.5212000012397766
vn -0.6657999753952026 0.27549999952316284 -0.6934000253677368
vn -0.6650999784469604 0.43560001254081726 -0.6065999865531921
vn -0.6643000245094299 -0.7401000261306763 0.10480000078678131
vn -0.6640999913215637 0.28519999980926514 0.691100001335144
vn -0.6628999710083008 0.11559999734163284 -0.7397000193595886
vn -0.6578999757766724 -0.34599998593330383 0.6689000129699707
vn -0.6577000021934509 -0.7077000141143799 -0.2578999996185303
vn -0.6571000218391418 0.1607999950647354 0.7364000082015991
vn -0.6570000052452087 0.10740000009536743 -0.7462000250816345
vn -0.6567999720573425 -0.27160000801086426 0.703499972820282
vn -0.6564000248908997 0.3379000127315521 -0.6744999885559082
vn -0.6547999978065491 0.3095000088214874 -0.6895999908447266
vn -0.6525999903678894 -0.08789999783039093 -0.7526000142097473
vn -0.6521000266075134 -0.0763000026345253 0.7542999982833862
vn -0.6499000191688538 0.2362000048160553 -0.7224000096321106
vn -0.6489999890327454 -0.32440000772476196 0.6881999969482422
vn -0.6477000117301941 -0.2402999997138977 -0.7229999899864197
vn -0.6352999806404114 0.25290000438690186 -0.7297000288963318
vn -0.6298999786376953 0.010499999858438969 0.7766000032424927
vn -0.6294999718666077 -0.29829999804496765 0.7174999713897705
vn -0.6287000179290771 -0.1599999964237213 -0.7609999775886536
vn -0.628600001335144 -0.3675000071525574 -0.6854000091552734
vn -0.6283000111579895 0.520799994468689 0.5778999924659729
vn -0.6270999908447266 0.7785999774932861 0.023099999874830246
vn -0.6259999871253967 0.2797999978065491 0.7279000282287598
vn -0.6230999827384949 0.18449999392032623 0.7601000070571899
vn -0.6223999857902527 -0.019899999722838402 0.7824000120162964
vn -0.621999979019165 0.45649999380111694 0.6363000273704529
vn -0.6201000213623047 0.16850000619888306 0.7662000060081482
vn -0.6187999844551086 0.6873000264167786 -0.38040000200271606
vn -0.6176999807357788 0.6262999773025513 -0.475600004196167
vn -0.6114000082015991 -0.1363999992609024 -0.7795000076293945
vn -0.6111999750137329 0.5285000205039978 0.5892000198364258
vn -0.6093999743461609 -0.5145999789237976 -0.6032000184059143
vn -0.6082000136375427 -0.6330000162124634 0.4790000021457672
vn -0.6072999835014343 0.3208000063896179 -0.7268000245094299
vn -0.6064000129699707 0.06920000165700912 0.7921000123023987
vn -0.6055999994277954 -0.29600000381469727 0.7386000156402588
vn -0.6039000153541565 0.35109999775886536 -0.7156000137329102
vn -0.603600025177002 0.6751000285148621 -0.42410001158714294
vn -0.6026999950408936 0.574999988079071 -0.5533000230789185
vn -0.6018999814987183 0.5723000168800354 -0.5569000244140625
vn -0.6000000238418579 -0.47360000014305115 0.6448000073432922
vn -0.5986999869346619 -0.10019999742507935 -0.794700026512146
vn -0.5976999998092651 0.39879998564720154 0.6955000162124634
vn -0.5974000096321106 0.06560000032186508 -0.7991999983787537
vn -0.5971999764442444 0.8015000224113464 -0.031099999323487282
vn -0.59579998254776 -0.06700000166893005 -0.8003000020980835
vn -0.595300018787384 -0.4417000114917755 -0.6711999773979187
vn -0.5946000218391418 0.6859999895095825 -0.41920000314712524
vn -0.5934000015258789 0.3151000142097473 0.7407000064849854
vn -0.5934000015258789 0.4674000144004822 0.6553000211715698
vn -0.5928999781608582 0.79339998960495 0.13760000467300415
vn -0.588100016117096 -0.40380001068115234 0.7008000016212463
vn -0.5874999761581421 0.5184000134468079 0.621399998664856
vn -0.5853000283241272 -0.5541999936103821 -0.5917999744415283
vn -0.5835999846458435 0.31540000438690186 0.7483000159263611
vn -0.5799000263214111 0.7727000117301941 0.2581999897956848
vn -0.5756999850273132 0.26980000734329224 0.7718999981880188
vn -0.5756000280380249 -0.5655999779701233 0.5906000137329102
vn -0.5709999799728394 -0.13760000467300415 0.8093000054359436
vn -0.570900022983551 -0.5368000268936157 -0.6211000084877014
vn -0.5703999996185303 0.5109999775886536 0.6430000066757202
vn -0.569599986076355 -0.8216999769210815 0.017899999395012856
vn -0.5691999793052673 -0.10670000314712524 -0.8152999877929688
vn -0.5644000172615051 0.51910001039505 0.6417999863624573
vn -0.5622000098228455 0.7053999900817871 0.43160000443458557
vn -0.5618000030517578 0.6187000274658203 -0.5491999983787537
vn -0.5534999966621399 0.732200026512146 0.3970000147819519
vn -0.5504999756813049 -0.17219999432563782 0.8169000148773193
vn -0.5489000082015991 -0.620199978351593 -0.5604000091552734
vn -0.5468999743461609 0.611299991607666 -0.5720000267028809
vn -0.5439000129699707 0.00989999994635582 0.8391000032424927
vn -0.5336999893188477 -0.1387999951839447 0.8342000246047974
vn -0.5268999934196472 0.6955999732017517 0.48829999566078186
vn -0.5253999829292297 0.7333999872207642 0.43140000104904175
vn -0.5253000259399414 0.4595000147819519 0.7161999940872192
vn -0.5241000056266785 -0.32010000944137573 0.7892000079154968
vn -0.5223000049591064 -0.4449999928474426 -0.727400004863739
vn -0.5181000232696533 0.35249999165534973 0.7792999744415283
vn -0.5166000127792358 0.3961000144481659 -0.7590000033378601
vn -0.5157999992370605 -0.4097999930381775 -0.7523000240325928
vn -0.5153999924659729 0.27459999918937683 0.8116999864578247
vn -0.5134000182151794 0.07999999821186066 -0.8543999791145325
vn -0.5123999714851379 -0.1120000034570694 -0.8514000177383423
vn -0.5078999996185303 -0.05820000171661377 -0.8593999743461609
vn -0.5072000026702881 -0.37610000371932983 -0.7753999829292297
vn -0.507099986076355 -0.32519999146461487 -0.7982000112533569
vn -0.5070000290870667 0.1664000004529953 0.8457000255584717
vn -0.5069000124931335 0.42340001463890076 -0.7508999705314636
vn -0.5062000155448914 0.41429999470710754 0.7563999891281128
vn -0.504800021648407 0.28369998931884766 0.8152999877929688
vn -0.4959000051021576 -0.7541000247001648 -0.43070000410079956
vn -0.4950000047683716 -0.04479999840259552 0.8677999973297119
vn -0.49459999799728394 0.508400022983551 -0.7049000263214111
vn -0.4945000112056732 0.20880000293254852 0.8438000082969666
vn -0.49300000071525574 -0.05079999938607216 0.8686000108718872
vn -0.48980000615119934 0.18770000338554382 0.8514000177383423
vn -0.48919999599456787 0.018300000578165054 0.871999979019165
vn -0.47769999504089355 0.20280000567436218 -0.8547999858856201
vn -0.4749999940395355 0.7142999768257141 0.5139999985694885
vn -0.4733000099658966 -0.05869999900460243 -0.8788999915122986
vn -0.4726000130176544 0.29260000586509705 -0.8313000202178955
vn -0.4708999991416931 0.613099992275238 0.6342999935150146
vn -0.46810001134872437 0.32280001044273376 0.8226000070571899
vn -0.4659999907016754 -0.7860999703407288 0.40610000491142273
vn -0.461899995803833 0.6398000121116638 0.6141999959945679
vn -0.46129998564720154 0.12720000743865967 -0.8780999779701233
vn -0.4607999920845032 -0.2669999897480011 0.8464000225067139
vn -0.4602999985218048 0.49059998989105225 0.7398999929428101
vn -0.4586000144481659 0.241799995303154 -0.8550999760627747
vn -0.4580000042915344 0.40139999985694885 -0.7932000160217285
vn -0.4555000066757202 0.2874999940395355 -0.8424999713897705
vn -0.453000009059906 0.8906000256538391 0.04149999842047691
vn -0.4528000056743622 0.8141999840736389 0.36340001225471497
vn -0.45260000228881836 -0.3246000111103058 0.8305000066757202
vn -0.45089998841285706 -0.1459999978542328 -0.8805000185966492
vn -0.4456999897956848 -0.10440000146627426 -0.8891000151634216
vn -0.44359999895095825 -0.22759999334812164 -0.8669000267982483
vn -0.4410000145435333 -0.13169999420642853 -0.8877999782562256
vn -0.44040000438690186 -0.39399999380111694 -0.8066999912261963
vn -0.4390000104904175 0.39590001106262207 -0.8065999746322632
vn -0.43799999356269836 -0.888700008392334 -0.13539999723434448
vn -0.43650001287460327 0.420199990272522 0.7955999970436096
vn -0.4348999857902527 0.24580000340938568 0.8662999868392944
vn -0.4318999946117401 -0.0348999984562397 0.901199996471405
vn -0.43070000410079956 0.2628999948501587 0.8633999824523926
vn -0.42989999055862427 -0.7950999736785889 -0.4277999997138977
vn -0.42829999327659607 0.459199994802475 -0.7782999873161316
vn -0.4275999963283539 0.19789999723434448 0.8820000290870667
vn -0.42250001430511475 -0.4235000014305115 -0.8012999892234802
vn -0.4223000109195709 -0.08060000091791153 -0.902899980545044
vn -0.41990000009536743 0.762499988079071 0.49230000376701355
vn -0.41659998893737793 -0.24150000512599945 0.8765000104904175
vn -0.4153999984264374 0.20350000262260437 -0.8866000175476074
vn -0.41530001163482666 0.2700999975204468 0.8687000274658203
vn -0.4147999882698059 0.17730000615119934 0.8924999833106995
vn -0.413100004196167 -0.19840000569820404 0.8888000249862671
vn -0.41179999709129333 -0.41019999980926514 0.8137000203132629
vn -0.4075999855995178 -0.006800000090152025 -0.913100004196167
vn -0.40700000524520874 -0.3174000084400177 0.8565000295639038
vn -0.4065999984741211 0.7562000155448914 -0.5127999782562256
vn -0.40400001406669617 -0.15839999914169312 0.9010000228881836
vn -0.4023999869823456 0.6121000051498413 0.6807000041007996
vn -0.4009000062942505 0.1404000073671341 0.9053000211715698
vn -0.3977999985218048 -0.13830000162124634 -0.9070000052452087
vn -0.3937000036239624 -0.05719999969005585 -0.9174000024795532
vn -0.39149999618530273 -0.7312999963760376 -0.5584999918937683
vn -0.39079999923706055 0.9199000000953674 0.03290000185370445
vn -0.38960000872612 0.9208999872207642 0.014700000174343586
vn -0.38370001316070557 -0.3041999936103821 -0.8719000220298767
vn -0.3804999887943268 0.24770000576972961 0.890999972820282
vn -0.37950000166893005 0.23839999735355377 0.8939999938011169
vn -0.37790000438690186 -0.03220000118017197 -0.9253000020980835
vn -0.3774999976158142 0.07940000295639038 0.9225999712944031
vn -0.3765000104904175 0.2583000063896179 -0.8896999955177307
vn -0.37119999527931213 -0.9225000143051147 0.10580000281333923
vn -0.36820000410079956 -0.7103000283241272 -0.6000000238418579
vn -0.3677999973297119 -0.4309000074863434 0.8240000009536743
vn -0.367000013589859 -0.04019999876618385 0.9293000102043152
vn -0.36660000681877136 -0.0203000009059906 -0.9301000237464905
vn -0.3659000098705292 -0.3662000000476837 -0.8554999828338623
vn -0.36469998955726624 0.2296999990940094 -0.9023000001907349
vn -0.3617999851703644 0.6347000002861023 -0.6829000115394592
vn -0.3610000014305115 0.9297999739646912 -0.0723000019788742
vn -0.35740000009536743 0.746999979019165 -0.5605999827384949
vn -0.35589998960494995 0.13830000162124634 0.9241999983787537
vn -0.35280001163482666 -0.7469000220298767 0.5636000037193298
vn -0.35089999437332153 -0.010099999606609344 -0.9362999796867371
vn -0.3506999909877777 0.9351000189781189 0.05040000006556511
vn -0.3481999933719635 -0.22769999504089355 0.9093999862670898
vn -0.3481999933719635 0.9154000282287598 0.20180000364780426
vn -0.3474999964237213 -0.26260000467300415 0.9002000093460083
vn -0.3434000015258789 -0.0934000015258789 -0.934499979019165
vn -0.3352999985218048 -0.0071000000461936 0.9420999884605408
vn -0.33399999141693115 -0.2549999952316284 0.9074000120162964
vn -0.33239999413490295 0.699400007724762 -0.6327000260353088
vn -0.3312999904155731 -0.3621000051498413 0.8712999820709229
vn -0.3303999900817871 0.6453999876976013 -0.6887000203132629
vn -0.3292999863624573 0.2395000010728836 0.9133999943733215
vn -0.328900009393692 -0.002099999925121665 0.9444000124931335
vn -0.32839998602867126 -0.4221999943256378 0.8449000120162964
vn -0.3262999951839447 -0.3086000084877014 -0.8934999704360962
vn -0.32420000433921814 0.5758000016212463 -0.7505999803543091
vn -0.3197999894618988 -0.021900000050663948 0.9472000002861023
vn -0.319599986076355 -0.8978999853134155 0.3027999997138977
vn -0.3160000145435333 0.660099983215332 -0.6815000176429749
vn -0.3156999945640564 -0.07590000331401825 -0.9458000063896179
vn -0.31520000100135803 -0.35179999470710754 -0.8813999891281128
vn -0.31360000371932983 -0.02280000038444996 -0.9492999911308289
vn -0.313400000333786 -0.12070000171661377 -0.9419000148773193
vn -0.311599999666214 0.09449999779462814 0.9455000162124634
vn -0.311599999666214 0.39259999990463257 0.8652999997138977
vn -0.3095000088214874 0.044199999421834946 -0.9498999714851379
vn -0.3059000074863434 0.6259999871253967 -0.7172999978065491
vn -0.30230000615119934 0.2101999968290329 -0.9297000169754028
vn -0.30149999260902405 0.517300009727478 0.8008999824523926
vn -0.29809999465942383 0.18459999561309814 0.9365000128746033
vn -0.2971999943256378 -0.8766000270843506 0.3783999979496002
vn -0.2962000072002411 -0.921500027179718 0.25130000710487366
vn -0.29420000314712524 -0.3398999869823456 -0.8932999968528748
vn -0.2919999957084656 -0.00139999995008111 0.9563999772071838
vn -0.29179999232292175 0.03229999914765358 0.9559000134468079
vn -0.29120001196861267 0.0052999998442828655 0.95660001039505
vn -0.28999999165534973 0.03720000013709068 0.9563000202178955
vn -0.28850001096725464 -0.9223999977111816 -0.2567000091075897
vn -0.2883000075817108 0.7282000184059143 -0.6218000054359436
vn -0.2815000116825104 0.10580000281333923 0.9537000060081482
vn -0.2800999879837036 0.2578999996185303 -0.9247000217437744
vn -0.27709999680519104 0.5257999897003174 0.8041999936103821
vn -0.27489998936653137 -0.41990000009536743 -0.8648999929428101
vn -0.27239999175071716 -0.287200003862381 0.9182999730110168
vn -0.2685999870300293 0.028699999675154686 -0.9628000259399414
vn -0.26820001006126404 0.08860000222921371 0.9592999815940857
vn -0.2678999900817871 0.055399999022483826 0.9617999792098999
vn -0.2653999924659729 0.014299999922513962 0.9639999866485596
vn -0.2653999924659729 0.715399980545044 -0.6463000178337097
vn -0.26460000872612 0.00800000037997961 0.9642999768257141
vn -0.2565999925136566 -0.6574000120162964 -0.7085000276565552
vn -0.2551000118255615 -0.05429999902844429 0.965399980545044
vn -0.25270000100135803 -0.020899999886751175 -0.9672999978065491
vn -0.2483000010251999 -0.47540000081062317 0.843999981880188
vn -0.243599995970726 0.05649999901652336 -0.9682000279426575
vn -0.24240000545978546 -0.009100000374019146 -0.9700999855995178
vn -0.241799995303154 0.6793000102043152 -0.6929000020027161
vn -0.2386000007390976 0.741100013256073 -0.6274999976158142
vn -0.23810000717639923 0.026799999177455902 -0.9708999991416931
vn -0.23270000517368317 0.03139999881386757 0.972000002861023
vn -0.23250000178813934 0.10199999809265137 0.967199981212616
vn -0.23090000450611115 -0.6198999881744385 0.75
vn -0.22110000252723694 0.2856999933719635 0.9323999881744385
vn -0.21690000593662262 -0.5486000180244446 0.8075000047683716
vn -0.2142000049352646 -0.09489999711513519 0.9721999764442444
vn -0.2126999944448471 0.9628999829292297 -0.16580000519752502
vn -0.2125999927520752 -0.014100000262260437 -0.9769999980926514
vn -0.211899995803833 -0.013100000098347664 -0.9771999716758728
vn -0.20659999549388885 0.6347000002861023 -0.744700014591217
vn -0.2053000032901764 0.14560000598430634 0.9678000211715698
vn -0.20489999651908875 -0.7077999711036682 0.6761000156402588
vn -0.20399999618530273 0.3093999922275543 0.9287999868392944
vn -0.1907999962568283 0.03779999911785126 0.98089998960495
vn -0.19059999287128448 0.7063999772071838 0.6816999912261963
vn -0.1889999955892563 0.8382999897003174 0.5113999843597412
vn -0.1873999983072281 0.029400000348687172 -0.9818000197410583
vn -0.18649999797344208 0.9822999835014343 -0.016699999570846558
vn -0.18529999256134033 0.9794999957084656 0.07840000092983246
vn -0.1850000023841858 0.36399999260902405 0.9128000140190125
vn -0.17219999432563782 -0.36880001425743103 0.9133999943733215
vn -0.1720000058412552 0.04050000011920929 0.9843000173568726
vn -0.17080000042915344 -0.8044000267982483 0.5690000057220459
vn -0.16699999570846558 -0.1046999990940094 0.980400025844574
vn -0.16670000553131104 0.048900000751018524 0.9847999811172485
vn -0.15710000693798065 0.5626000165939331 0.8116000294685364
vn -0.1525000035762787 0.02539999969303608 0.9879999756813049
vn -0.15209999680519104 -0.4675000011920929 0.8708000183105469
vn -0.15189999341964722 0.5351999998092651 0.8309000134468079
vn -0.1501999944448471 -0.2676999866962433 -0.95169997215271
vn -0.14949999749660492 -0.17960000038146973 0.9722999930381775
vn -0.14949999749660492 0.1467999964952469 0.9778000116348267
vn -0.14810000360012054 -0.3986000120639801 -0.9050999879837036
vn -0.1412999927997589 -0.4602000117301941 0.8765000104904175
vn -0.1412999927997589 -0.04320000112056732 0.9890000224113464
vn -0.13680000603199005 0.8628000020980835 0.4867999851703644
vn -0.13099999725818634 0.5311999917030334 -0.8371000289916992
vn -0.12720000743865967 0.9883000254631042 0.08460000157356262
vn -0.12700000405311584 0.010599999688565731 0.9918000102043152
vn -0.12630000710487366 -0.0723000019788742 -0.989300012588501
vn -0.12380000203847885 0.736299991607666 0.6651999950408936
vn -0.12280000001192093 0.2410999983549118 -0.9627000093460083
vn -0.12129999697208405 0.010099999606609344 -0.9926000237464905
vn -0.11800000071525574 -0.5503000020980835 -0.8266000151634216
vn -0.11710000038146973 -0.6590999960899353 -0.742900013923645
vn -0.11659999936819077 -0.40790000557899475 0.9056000113487244
vn -0.11509999632835388 -0.9922000169754028 0.04780000075697899
vn -0.11490000039339066 0.1251000016927719 -0.9854999780654907
vn -0.10920000076293945 0.012600000016391277 -0.9939000010490417
vn -0.10909999907016754 0.4399000108242035 -0.8913999795913696
vn -0.10830000042915344 0.3425000011920929 0.9333000183105469
vn -0.10199999809265137 -0.7620000243186951 -0.6395000219345093
vn -0.10100000351667404 -0.9811999797821045 -0.16429999470710754
vn -0.09350000321865082 -0.1834000051021576 -0.978600025177002
vn -0.0917000025510788 -0.4530999958515167 -0.8866999745368958
vn -0.09109999984502792 -0.11240000277757645 -0.9894999861717224
vn -0.08950000256299973 0.9289000034332275 0.35920000076293945
vn -0.08879999816417694 0.5376999974250793 0.8384000062942505
vn -0.0885000005364418 -0.46869999170303345 0.8788999915122986
vn -0.0885000005364418 0.7293999791145325 -0.6783000230789185
vn -0.08839999884366989 -0.4742000102996826 0.8759999871253967
vn -0.08820000290870667 0.7797999978065491 -0.6197999715805054
vn -0.08780000358819962 0.16670000553131104 -0.9821000099182129
vn -0.08290000259876251 0.9857000112533569 0.14640000462532043
vn -0.08070000261068344 0.9365000128746033 -0.34119999408721924
vn -0.07569999992847443 -0.9970999956130981 -0.002199999988079071
vn -0.07559999823570251 0.06369999796152115 0.9951000213623047
vn -0.07419999688863754 0.6478000283241272 0.7581999897956848
vn -0.0737999975681305 0.9126999974250793 0.4018999934196472
vn -0.0723000019788742 -0.24889999628067017 0.9657999873161316
vn -0.0706000030040741 -0.27790001034736633 0.9580000042915344
vn -0.06639999896287918 -0.5094000101089478 0.8579999804496765
vn -0.06560000032186508 0.14300000667572021 -0.987500011920929
vn -0.06449999660253525 0.13760000467300415 -0.9883999824523926
vn -0.0608999989926815 -0.17100000381469727 -0.9833999872207642
vn -0.060600001364946365 -0.011300000362098217 -0.9980999827384949
vn -0.05990000069141388 0.04230000078678131 0.9973000288009644
vn -0.05810000002384186 0.3449000120162964 0.9369000196456909
vn -0.05689999833703041 -0.016300000250339508 -0.998199999332428
vn -0.052299998700618744 -0.5127000212669373 -0.8569999933242798
vn -0.051899999380111694 0.32749998569488525 -0.9434000253677368
vn -0.04729999974370003 -0.32829999923706055 0.9434000253677368
vn -0.046799998730421066 0.13410000503063202 0.9898999929428101
vn -0.04659999907016754 -0.508400022983551 -0.8597999811172485
vn -0.046300001442432404 -0.4925999939441681 -0.8690000176429749
vn -0.04619999974966049 -0.03779999911785126 0.998199999332428
vn -0.04560000076889992 0.17100000381469727 -0.9842000007629395
vn -0.04520000144839287 -0.05739999935030937 0.9973000288009644
vn -0.04450000077486038 -0.5209000110626221 -0.852400004863739
vn -0.04439999908208847 0.03269999846816063 0.9984999895095825
vn -0.044199999421834946 0.2526000142097473 -0.9666000008583069
vn -0.043800000101327896 -0.11140000075101852 -0.9927999973297119
vn -0.043800000101327896 -0.05920000001788139 -0.9973000288009644
vn -0.04349999874830246 -0.028599999845027924 0.9986000061035156
vn -0.042500000447034836 -0.6155999898910522 0.786899983882904
vn -0.041099999099969864 -0.0940999984741211 0.994700014591217
vn -0.040699999779462814 0.7368000149726868 0.6748999953269958
vn -0.03929999843239784 -0.045899998396635056 0.998199999332428
vn -0.03889999911189079 0.42829999327659607 -0.9028000235557556
vn -0.03880000114440918 0.9983999729156494 -0.04019999876618385
vn -0.03840000182390213 0.9244999885559082 -0.37929999828338623
vn -0.03739999979734421 -0.016599999740719795 0.9991999864578247
vn -0.03420000150799751 0.9958999752998352 0.08330000191926956
vn -0.03269999846816063 -0.13109999895095825 -0.9908000230789185
vn -0.03150000050663948 -0.6772000193595886 -0.7350999712944031
vn -0.02669999934732914 0.7882999777793884 -0.6147000193595886
vn -0.026599999517202377 -0.5760999917984009 0.8169000148773193
vn -0.025299999862909317 0.09730000048875809 -0.9948999881744385
vn -0.02459999918937683 0.006099999882280827 -0.9997000098228455
vn -0.024399999529123306 -0.3416999876499176 -0.9394999742507935
vn -0.023800000548362732 0.9168000221252441 -0.3986000120639801
vn -0.023600000888109207 -0.42340001463890076 0.9056000113487244
vn -0.02319999970495701 -0.7642999887466431 0.6444000005722046
vn -0.02280000038444996 0.9997000098228455 -0.01140000019222498
vn -0.022600000724196434 -0.5724999904632568 -0.819599986076355
vn -0.02239999920129776 -0.7098000049591064 0.7041000127792358
vn -0.02239999920129776 0.9732999801635742 0.22830000519752502
vn -0.021199999377131462 0.9984999895095825 -0.05130000039935112
vn -0.019999999552965164 0.06800000369548798 -0.9975000023841858
vn -0.019300000742077827 0.062300000339746475 0.9979000091552734
vn -0.01810000091791153 0.9309999942779541 -0.3644999861717224
vn -0.017899999395012856 0.000699999975040555 0.9998000264167786
vn -0.017799999564886093 -0.7077999711036682 -0.7062000036239624
vn -0.017000000923871994 0.6972000002861023 -0.71670001745224
vn -0.016300000250339508 0.26420000195503235 -0.9642999768257141
vn -0.016100000590085983 0.9847999811172485 -0.1729000061750412
vn -0.01510000042617321 -0.6952999830245972 -0.7185999751091003
vn -0.01489999983459711 0.5142999887466431 0.8575000166893005
vn -0.0142000000923872 -0.16689999401569366 -0.9858999848365784
vn -0.011900000274181366 -0.5669999718666077 0.8235999941825867
vn -0.011800000444054604 0.04490000009536743 -0.9988999962806702
vn -0.009700000286102295 0.9307000041007996 -0.36559998989105225
vn -0.009600000455975533 -0.552299976348877 0.8335999846458435
vn -0.009399999864399433 -0.06679999828338623 0.9976999759674072
vn -0.009100000374019146 -0.0020000000949949026 -1.0
vn -0.00839999970048666 -0.8026000261306763 -0.5964000225067139
vn -0.006000000052154064 0.6211000084877014 0.7836999893188477
vn -0.00419999985024333 -0.6621999740600586 -0.7493000030517578
vn -0.004000000189989805 -0.6782000064849854 0.7348999977111816
vn -0.003100000089034438 -0.32710000872612 0.9449999928474426
vn -0.0019000000320374966 -0.44620001316070557 0.8949000239372253
vn -0.0015999999595806003 0.954800009727478 0.29739999771118164
vn -0.0013000000035390258 -0.03310000151395798 -0.9994999766349792
vn -0.0007999999797903001 -0.027899999171495438 0.9995999932289124
vn 0.00019999999494757503 0.19949999451637268 0.9799000024795532
vn 0.00019999999494757503 0.4219000041484833 0.9067000150680542
vn 0.0008999999845400453 0.003000000026077032 -1.0
vn 0.0010000000474974513 -0.3903000056743622 0.9207000136375427
vn 0.0017999999690800905 -0.6360999941825867 -0.7716000080108643
vn 0.0020000000949949026 -0.0746999979019165 -0.9972000122070312
vn 0.002099999925121665 -0.03519999980926514 -0.9994000196456909
vn 0.0027000000700354576 0.0625 0.9980000257492065
vn 0.0031999999191612005 -0.5317000150680542 0.8468999862670898
vn 0.0035000001080334187 0.9998999834060669 0.012000000104308128
vn 0.004000000189989805 0.9757999777793884 0.21850000321865082
vn 0.006500000134110451 -0.17980000376701355 -0.9836999773979187
vn 0.008100000210106373 0.9998999834060669 0.010300000198185444
vn 0.008999999612569809 0.6254000067710876 -0.7802000045776367
vn 0.009600000455975533 -0.28110000491142273 -0.9595999717712402
vn 0.009700000286102295 -0.25619998574256897 -0.9666000008583069
vn 0.010099999606609344 0.7714999914169312 0.6360999941825867
vn 0.010999999940395355 0.22269999980926514 0.9747999906539917
vn 0.013299999758601189 0.4569000005722046 0.8894000053405762
vn 0.014299999922513962 0.2434999942779541 0.9697999954223633
vn 0.014499999582767487 0.22259999811649323 -0.9747999906539917
vn 0.014600000344216824 -0.10369999706745148 -0.9944999814033508
vn 0.014800000004470348 -0.5526999831199646 0.8331999778747559
vn 0.015399999916553497 0.23180000483989716 -0.972599983215332
vn 0.015399999916553497 0.840399980545044 0.541700005531311
vn 0.016100000590085983 -0.7675999999046326 -0.6406999826431274
vn 0.01720000058412552 -0.7178999781608582 -0.695900022983551
vn 0.018699999898672104 -0.251800000667572 -0.9675999879837036
vn 0.018799999728798866 0.06069999933242798 -0.9980000257492065
vn 0.019300000742077827 -0.791100025177002 0.6114000082015991
vn 0.021199999377131462 -0.0006000000284984708 0.9998000264167786
vn 0.022299999371170998 0.03319999948143959 0.9991999864578247
vn 0.02370000071823597 -0.7160000205039978 0.697700023651123
vn 0.02979999966919422 -0.534600019454956 -0.8446000218391418
vn 0.03099999949336052 0.7174000144004822 -0.695900022983551
vn 0.031099999323487282 -0.133200004696846 -0.9905999898910522
vn 0.031300000846385956 -0.5185999870300293 0.8544999957084656
vn 0.03759999945759773 -0.1005999967455864 -0.9941999912261963
vn 0.03909999877214432 0.00570000009611249 -0.9991999864578247
vn 0.04019999876618385 0.2825999855995178 -0.9584000110626221
vn 0.04089999943971634 0.11129999905824661 0.992900013923645
vn 0.04100000113248825 -0.26980000734329224 0.9621000289916992
vn 0.0414000004529953 -0.24809999763965607 -0.9678000211715698
vn 0.04439999908208847 0.9606999754905701 -0.27399998903274536
vn 0.04529999941587448 0.02590000070631504 0.9986000061035156
vn 0.045899998396635056 0.22750000655651093 -0.9726999998092651
vn 0.04780000075697899 -0.6517000198364258 -0.7570000290870667
vn 0.04800000041723251 0.08340000361204147 0.9954000115394592
vn 0.04830000177025795 -0.13379999995231628 -0.989799976348877
vn 0.04919999837875366 0.9092000126838684 0.41339999437332153
vn 0.0502999983727932 0.9987000226974487 -0.0066999997943639755
vn 0.050999999046325684 -0.4903999865055084 -0.8700000047683716
vn 0.05139999836683273 0.7949000000953674 0.6046000123023987
vn 0.05299999937415123 0.412200003862381 -0.909600019454956
vn 0.057500001043081284 0.00860000029206276 0.9983000159263611
vn 0.06300000101327896 -0.5534999966621399 -0.8305000066757202
vn 0.06599999964237213 -0.996399998664856 0.05290000140666962
vn 0.06679999828338623 -0.21459999680519104 -0.974399983882904
vn 0.06769999861717224 0.027899999171495438 -0.9973000288009644
vn 0.07069999724626541 -0.03819999843835831 -0.9968000054359436
vn 0.07500000298023224 -0.5963000059127808 0.7993000149726868
vn 0.07569999992847443 -0.7470999956130981 -0.6603999733924866
vn 0.07620000094175339 -0.6103000044822693 -0.7885000109672546
vn 0.07670000195503235 0.45739999413490295 0.8859999775886536
vn 0.07779999822378159 -0.5996000170707703 -0.796500027179718
vn 0.0803999975323677 0.009700000286102295 -0.9966999888420105
vn 0.0828000009059906 -0.1023000031709671 -0.9912999868392944
vn 0.08820000290870667 -0.26030001044273376 -0.9614999890327454
vn 0.08919999748468399 0.019899999722838402 -0.9958000183105469
vn 0.08940000087022781 0.04019999876618385 -0.995199978351593
vn 0.08969999849796295 0.23499999940395355 0.9678000211715698
vn 0.09120000153779984 -0.917900025844574 0.3862999975681305
vn 0.09120000153779984 -0.15469999611377716 0.9836999773979187
vn 0.09830000251531601 -0.6111000180244446 -0.7853999733924866
vn 0.09889999777078629 0.9041000008583069 0.415800005197525
vn 0.10100000351667404 -0.6101999878883362 -0.7857999801635742
vn 0.10480000078678131 0.029999999329447746 -0.9940000176429749
vn 0.10499999672174454 0.9943000078201294 0.019099999219179153
vn 0.10930000245571136 0.18019999563694 -0.9775000214576721
vn 0.11150000244379044 0.9283999800682068 0.3544999957084656
vn 0.11190000176429749 0.1151999980211258 0.9869999885559082
vn 0.11249999701976776 -0.9933000206947327 -0.025499999523162842
vn 0.11400000005960464 0.5742999911308289 -0.810699999332428
vn 0.1143999993801117 0.4447999894618988 0.8883000016212463
vn 0.11590000241994858 0.8902999758720398 0.44029998779296875
vn 0.11909999698400497 0.16580000519752502 -0.9789000153541565
vn 0.12189999967813492 0.7081000208854675 -0.6955000162124634
vn 0.12370000034570694 0.9625999927520752 0.2410999983549118
vn 0.12559999525547028 -0.1151999980211258 -0.9854000210762024
vn 0.12600000202655792 -0.09399999678134918 -0.9876000285148621
vn 0.12710000574588776 -0.17080000042915344 -0.9771000146865845
vn 0.1274999976158142 0.0851999968290329 0.9882000088691711
vn 0.12939999997615814 0.20350000262260437 0.9704999923706055
vn 0.1306000053882599 -0.05689999833703041 -0.989799976348877
vn 0.13120000064373016 0.9904000163078308 -0.0430000014603138
vn 0.13199999928474426 -0.5509999990463257 -0.8240000009536743
vn 0.13289999961853027 0.0019000000320374966 -0.991100013256073
vn 0.13339999318122864 0.7700999975204468 0.6237999796867371
vn 0.13420000672340393 0.984499990940094 -0.11320000141859055
vn 0.13609999418258667 -0.15000000596046448 -0.9793000221252441
vn 0.13619999587535858 -0.08169999718666077 0.9872999787330627
vn 0.13680000603199005 -0.5861999988555908 -0.7985000014305115
vn 0.13740000128746033 -0.8798999786376953 0.45489999651908875
vn 0.13830000162124634 0.1469999998807907 -0.9793999791145325
vn 0.13840000331401825 0.06289999932050705 -0.9883999824523926
vn 0.1412000060081482 0.9842000007629395 -0.1071000024676323
vn 0.14399999380111694 -0.9787999987602234 -0.14579999446868896
vn 0.14560000598430634 -0.10760000348091125 -0.9835000038146973
vn 0.14810000360012054 0.9796000123023987 0.13600000739097595
vn 0.14980000257492065 0.5913000106811523 -0.7924000024795532
vn 0.15080000460147858 0.9297999739646912 0.3359000086784363
vn 0.15230000019073486 -0.8658999800682068 0.476500004529953
vn 0.15240000188350677 0.11739999800920486 -0.9812999963760376
vn 0.15520000457763672 0.13779999315738678 0.9782000184059143
vn 0.15690000355243683 0.8034999966621399 0.5742999911308289
vn 0.15809999406337738 -0.9855999946594238 0.059700001031160355
vn 0.1615000069141388 -0.007000000216066837 0.9868999719619751
vn 0.16580000519752502 0.9858999848365784 -0.024299999698996544
vn 0.1703999936580658 0.16210000216960907 0.9718999862670898
vn 0.17479999363422394 0.007199999876320362 -0.9846000075340271
vn 0.17509999871253967 0.01860000006854534 0.9843999743461609
vn 0.17509999871253967 0.9232000112533569 -0.34209999442100525
vn 0.17550000548362732 0.12729999423027039 -0.9761999845504761
vn 0.17560000717639923 -0.036400001496076584 -0.9837999939918518
vn 0.17659999430179596 -0.51910001039505 -0.8361999988555908
vn 0.17810000479221344 -0.12729999423027039 -0.9757000207901001
vn 0.19140000641345978 -0.4465999901294708 -0.8740000128746033
vn 0.19359999895095825 0.46540001034736633 -0.8636999726295471
vn 0.19449999928474426 -0.41600000858306885 0.8883000016212463
vn 0.19699999690055847 0.4000999927520752 0.8949999809265137
vn 0.19769999384880066 0.791100025177002 0.5788000226020813
vn 0.20190000534057617 0.034699998795986176 -0.9787999987602234
vn 0.20520000159740448 -0.005100000184029341 -0.9786999821662903
vn 0.2069000005722046 -0.06870000064373016 0.9760000109672546
vn 0.2079000025987625 -0.03970000147819519 0.9772999882698059
vn 0.21050000190734863 -0.07829999923706055 0.9745000004768372
vn 0.21199999749660492 -0.957099974155426 0.19750000536441803
vn 0.2151000052690506 -0.14149999618530273 0.9663000106811523
vn 0.21660000085830688 -0.17759999632835388 0.9599999785423279
vn 0.21799999475479126 -0.6021000146865845 0.7681000232696533
vn 0.22040000557899475 -0.011500000022351742 -0.9753000140190125
vn 0.22139999270439148 -0.13050000369548798 -0.9664000272750854
vn 0.22709999978542328 0.6830000281333923 -0.6941999793052673
vn 0.22869999706745148 -0.0722000002861023 0.97079998254776
vn 0.2304999977350235 -0.4957999885082245 0.8373000025749207
vn 0.23260000348091125 0.9142000079154968 0.33180001378059387
vn 0.23649999499320984 -0.1143999993801117 -0.964900016784668
vn 0.23729999363422394 0.35850000381469727 0.902899980545044
vn 0.2378000020980835 -0.9391999840736389 -0.24770000576972961
vn 0.23970000445842743 -0.9575999975204468 0.1599999964237213
vn 0.24089999496936798 -0.9545999765396118 0.17509999871253967
vn 0.241799995303154 0.593500018119812 -0.7675999999046326
vn 0.243599995970726 0.25459998846054077 -0.9358999729156494
vn 0.24469999969005585 0.09399999678134918 0.9649999737739563
vn 0.24490000307559967 0.06689999997615814 -0.967199981212616
vn 0.24660000205039978 0.0066999997943639755 0.9690999984741211
vn 0.2467000037431717 -0.17970000207424164 -0.9523000121116638
vn 0.25029999017715454 -0.05810000002384186 -0.9664000272750854
vn 0.2524000108242035 -0.5166000127792358 0.8180999755859375
vn 0.25380000472068787 0.17090000212192535 -0.9520000219345093
vn 0.25429999828338623 -0.5259000062942505 0.8116000294685364
vn 0.2554999887943268 0.8285999894142151 -0.498199999332428
vn 0.26269999146461487 -0.4406999945640564 -0.8583999872207642
vn 0.2637999951839447 -0.13609999418258667 -0.9549000263214111
vn 0.26489999890327454 -0.07289999723434448 -0.9614999890327454
vn 0.27239999175071716 0.4814999997615814 -0.8330000042915344
vn 0.27320000529289246 0.2160000056028366 -0.9373999834060669
vn 0.28369998931884766 0.26510000228881836 0.921500027179718
vn 0.2840000092983246 -0.9323999881744385 -0.22339999675750732
vn 0.29490000009536743 -0.6744999885559082 -0.676800012588501
vn 0.2953999936580658 -0.010400000028312206 0.955299973487854
vn 0.29660001397132874 -0.06989999860525131 0.9524999856948853
vn 0.2989000082015991 0.09220000356435776 0.9498000144958496
vn 0.3043000102043152 0.032600000500679016 -0.9520000219345093
vn 0.3052000105381012 0.08760000020265579 0.9483000040054321
vn 0.3075999915599823 -0.9478999972343445 -0.0828000009059906
vn 0.3084000051021576 -0.017899999395012856 -0.9510999917984009
vn 0.3102000057697296 -0.9501000046730042 0.03269999846816063
vn 0.3118000030517578 -0.5891000032424927 -0.7455000281333923
vn 0.31310001015663147 -0.12520000338554382 0.9413999915122986
vn 0.31369999051094055 0.1915999948978424 -0.9300000071525574
vn 0.3271999955177307 0.8720999956130981 0.36390000581741333
vn 0.3287000060081482 -0.6277999877929688 -0.7055000066757202
vn 0.328900009393692 -0.7303000092506409 0.5986999869346619
vn 0.3301999866962433 0.5184000134468079 0.7888000011444092
vn 0.33329999446868896 -0.8300999999046326 -0.44699999690055847
vn 0.3343999981880188 0.7666000127792358 -0.5482000112533569
vn 0.3393000066280365 0.03830000013113022 -0.9398999810218811
vn 0.3418999910354614 -0.11020000278949738 0.9333000183105469
vn 0.34459999203681946 0.24320000410079956 -0.9067000150680542
vn 0.34459999203681946 0.6797999739646912 0.6474000215530396
vn 0.34470000863075256 -0.1459999978542328 0.927299976348877
vn 0.34610000252723694 -0.4487000107765198 0.8240000009536743
vn 0.34610000252723694 0.14790000021457672 -0.9265000224113464
vn 0.3465999960899353 0.6304000020027161 -0.694599986076355
vn 0.34769999980926514 0.4578999876976013 0.8181999921798706
vn 0.3483999967575073 -0.9358999729156494 0.05130000039935112
vn 0.3488999903202057 -0.002199999988079071 0.9372000098228455
vn 0.35100001096725464 -0.6162999868392944 0.7049000263214111
vn 0.351500004529953 0.9162999987602234 -0.19179999828338623
vn 0.352400004863739 0.6395000219345093 0.6833000183105469
vn 0.3538999855518341 0.053700000047683716 -0.9337999820709229
vn 0.3603000044822693 0.8503000140190125 -0.38370001316070557
vn 0.36039999127388 -0.06120000034570694 0.9308000206947327
vn 0.364300012588501 0.3544999957084656 -0.8611999750137329
vn 0.3653999865055084 -0.351500004529953 0.8618999719619751
vn 0.366100013256073 0.07419999688863754 0.9276000261306763
vn 0.36730000376701355 0.4302000105381012 0.8246999979019165
vn 0.3684000074863434 -0.845300018787384 0.38690000772476196
vn 0.3693999946117401 0.13670000433921814 0.9190999865531921
vn 0.37130001187324524 0.04280000180006027 0.9275000095367432
vn 0.37299999594688416 -0.2475000023841858 0.8942000269889832
vn 0.3743000030517578 0.9261999726295471 0.04520000144839287
vn 0.37540000677108765 -0.02879999950528145 0.9264000058174133
vn 0.3772999942302704 0.7239000201225281 0.5776000022888184
vn 0.37790000438690186 0.9258000254631042 0.01140000019222498
vn 0.37940001487731934 -0.31790000200271606 0.8689000010490417
vn 0.3815000057220459 -0.9160000085830688 -0.12409999966621399
vn 0.3831000030040741 0.9222000241279602 -0.052299998700618744
vn 0.38659998774528503 0.5825999975204468 0.714900016784668
vn 0.3894999921321869 -0.9168000221252441 0.08799999952316284
vn 0.39100000262260437 0.801800012588501 -0.4519999921321869
vn 0.392300009727478 0.8823000192642212 -0.25999999046325684
vn 0.39489999413490295 0.4884999990463257 0.7781000137329102
vn 0.4016000032424927 0.8166000247001648 -0.4146000146865845
vn 0.40700000524520874 -0.37929999828338623 0.8309999704360962
vn 0.41130000352859497 -0.415800005197525 -0.8111000061035156
vn 0.41190001368522644 0.6033999919891357 0.6827999949455261
vn 0.41260001063346863 0.5651000142097473 -0.7143999934196472
vn 0.4153999984264374 0.3619999885559082 -0.8345000147819519
vn 0.4180999994277954 0.12780000269412994 0.899399995803833
vn 0.41819998621940613 0.009800000116229057 0.90829998254776
vn 0.41850000619888306 -0.7350999712944031 0.5333999991416931
vn 0.4212000072002411 0.012600000016391277 -0.9068999886512756
vn 0.4221000075340271 -0.8294000029563904 0.3659000098705292
vn 0.42250001430511475 0.444599986076355 -0.789900004863739
vn 0.42559999227523804 0.3091000020503998 0.8504999876022339
vn 0.4296000003814697 -0.20090000331401825 -0.8804000020027161
vn 0.4375999867916107 0.27549999952316284 0.85589998960495
vn 0.44179999828338623 0.8569999933242798 0.2651999890804291
vn 0.4422000050544739 0.8389999866485596 0.31700000166893005
vn 0.44279998540878296 -0.010200000368058681 0.8966000080108643
vn 0.44839999079704285 -0.03620000183582306 -0.8931000232696533
vn 0.45260000228881836 0.3050000071525574 -0.8378999829292297
vn 0.4530999958515167 0.7906000018119812 -0.41179999709129333
vn 0.45739999413490295 0.8108999729156494 0.36489999294281006
vn 0.46369999647140503 0.06679999828338623 -0.8834999799728394
vn 0.46540001034736633 -0.1339000016450882 0.8748999834060669
vn 0.46540001034736633 0.3140999972820282 0.8274999856948853
vn 0.4683000147342682 -0.47040000557899475 0.7480000257492065
vn 0.47110000252723694 -0.05270000174641609 0.8805000185966492
vn 0.4715999960899353 -0.3978999853134155 -0.7870000004768372
vn 0.47530001401901245 -0.8345000147819519 0.27880001068115234
vn 0.48080000281333923 0.0015999999595806003 0.876800000667572
vn 0.48429998755455017 0.4474000036716461 0.7519000172615051
vn 0.48739999532699585 -0.027499999850988388 -0.8726999759674072
vn 0.4916999936103821 -0.04960000142455101 -0.8694000244140625
vn 0.4936000108718872 -0.4339999854564667 0.7537000179290771
vn 0.49380001425743103 0.8590999841690063 -0.13459999859333038
vn 0.4964999854564667 -0.6291999816894531 0.5981000065803528
vn 0.49720001220703125 0.44920000433921814 -0.7422999739646912
vn 0.4975000023841858 -0.7152000069618225 0.4909000098705292
vn 0.5015000104904175 -0.29269999265670776 0.8141999840736389
vn 0.5019000172615051 -0.29910001158714294 -0.8115000128746033
vn 0.504800021648407 0.7717999815940857 0.38679999113082886
vn 0.5060999989509583 0.4805999994277954 0.7160999774932861
vn 0.5087000131607056 -0.04439999908208847 -0.8597999811172485
vn 0.5095000267028809 0.33000001311302185 0.794700026512146
vn 0.5105000138282776 0.8267999887466431 -0.2363000065088272
vn 0.5170000195503235 0.6412000060081482 -0.5669999718666077
vn 0.5174000263214111 0.8483999967575073 -0.11219999939203262
vn 0.5180000066757202 0.11219999939203262 0.8479999899864197
vn 0.5332000255584717 -0.3628000020980835 -0.7642999887466431
vn 0.5365999937057495 -0.17059999704360962 0.8263999819755554
vn 0.5383999943733215 -0.7541999816894531 -0.37599998712539673
vn 0.5386999845504761 0.6304000020027161 -0.558899998664856
vn 0.5483999848365784 -0.218299999833107 0.807200014591217
vn 0.5483999848365784 0.6050000190734863 0.5773000121116638
vn 0.5493000149726868 -0.7373999953269958 -0.39320001006126404
vn 0.5494999885559082 0.3310000002384186 0.7670999765396118
vn 0.5600000023841858 0.6234999895095825 -0.5454999804496765
vn 0.5626999735832214 0.02019999921321869 -0.8263999819755554
vn 0.5637999773025513 -0.11999999731779099 -0.8172000050544739
vn 0.5641000270843506 -0.3215999901294708 0.7605000138282776
vn 0.5648999810218811 0.5167999863624573 0.6432999968528748
vn 0.5705000162124634 0.131400004029274 -0.810699999332428
vn 0.5723999738693237 0.7077000141143799 -0.4142000079154968
vn 0.5737000107765198 -0.06430000066757202 -0.8165000081062317
vn 0.5755000114440918 0.07590000331401825 -0.814300000667572
vn 0.5763999819755554 0.4765999913215637 -0.6638000011444092
vn 0.579200029373169 0.3815999925136566 -0.720300018787384
vn 0.5820000171661377 0.8130000233650208 -0.020099999383091927
vn 0.5827000141143799 0.3409000039100647 0.7376999855041504
vn 0.583299994468689 0.48170000314712524 0.6539999842643738
vn 0.5834000110626221 -0.051600001752376556 -0.8105000257492065
vn 0.5835000276565552 -0.5364999771118164 -0.6097000241279602
vn 0.5843999981880188 0.46399998664855957 -0.6657999753952026
vn 0.5853999853134155 -0.5710999965667725 -0.5755000114440918
vn 0.5882999897003174 0.042399998754262924 0.8076000213623047
vn 0.5920000076293945 -0.6962000131607056 0.4059999883174896
vn 0.5992000102996826 -0.5618000030517578 0.5703999996185303
vn 0.6004999876022339 -0.4625000059604645 -0.6523000001907349
vn 0.6018999814987183 0.16179999709129333 0.7820000052452087
vn 0.6032000184059143 -0.10040000081062317 -0.7912999987602234
vn 0.6039000153541565 -0.2703000009059906 0.7498000264167786
vn 0.6047999858856201 -0.5688999891281128 0.557200014591217
vn 0.6050000190734863 0.47839999198913574 0.6363999843597412
vn 0.6053000092506409 0.2574999928474426 -0.7531999945640564
vn 0.6062999963760376 -0.5401999950408936 0.5835999846458435
vn 0.6096000075340271 0.0812000036239624 -0.7886000275611877
vn 0.6137999892234802 -0.04050000011920929 0.7883999943733215
vn 0.6176999807357788 -0.31949999928474426 0.7185999751091003
vn 0.6176999807357788 0.5669999718666077 0.5449000000953674
vn 0.6180999875068665 -0.2815999984741211 0.7339000105857849
vn 0.620199978351593 0.2766999900341034 0.734000027179718
vn 0.6211000084877014 -0.006300000008195639 -0.7836999893188477
vn 0.6212999820709229 0.7405999898910522 -0.25589999556541443
vn 0.6226999759674072 0.43880000710487366 -0.6478000283241272
vn 0.6240000128746033 0.397599995136261 0.6726999878883362
vn 0.6287000179290771 0.16449999809265137 -0.7599999904632568
vn 0.6360999941825867 -0.04320000112056732 0.7703999876976013
vn 0.6362000107765198 0.20810000598430634 -0.742900013923645
vn 0.6373999714851379 0.44440001249313354 0.6294999718666077
vn 0.6376000046730042 0.6818000078201294 -0.358599990606308
vn 0.6388000249862671 0.5976999998092651 -0.4844000041484833
vn 0.6431000232696533 0.7196000218391418 -0.26190000772476196
vn 0.6438000202178955 -0.7601000070571899 0.08810000121593475
vn 0.6446999907493591 0.7644000053405762 -0.004999999888241291
vn 0.6460999846458435 -0.39169999957084656 0.6550999879837036
vn 0.6460999846458435 0.2361000031232834 0.7257999777793884
vn 0.6489999890327454 0.2558000087738037 0.7164999842643738
vn 0.6492999792098999 -0.24889999628067017 0.7185999751091003
vn 0.6495000123977661 0.5321000218391418 0.5430999994277954
vn 0.6499999761581421 0.14650000631809235 -0.7457000017166138
vn 0.6521000266075134 0.7437999844551086 0.14659999310970306
vn 0.65420001745224 0.163100004196167 0.7384999990463257
vn 0.6577000021934509 0.26840001344680786 -0.7038000226020813
vn 0.6585999727249146 0.2273000031709671 -0.7172999978065491
vn 0.6603000164031982 0.36309999227523804 0.6574000120162964
vn 0.6624000072479248 -0.28859999775886536 0.6913999915122986
vn 0.6626999974250793 0.29159998893737793 -0.6897000074386597
vn 0.6636999845504761 0.3919000029563904 -0.6370999813079834
vn 0.6650999784469604 -0.0020000000949949026 0.7468000054359436
vn 0.6654000282287598 -0.7437999844551086 0.06350000202655792
vn 0.6668000221252441 0.0052999998442828655 0.745199978351593
vn 0.6690999865531921 0.23690000176429749 0.7044000029563904
vn 0.6693999767303467 -0.005400000140070915 -0.742900013923645
vn 0.6694999933242798 -0.19200000166893005 -0.7175999879837036
vn 0.671500027179718 0.052000001072883606 0.7391999959945679
vn 0.6722999811172485 0.6664999723434448 0.3222000002861023
vn 0.6725999712944031 0.4043000042438507 -0.6197999715805054
vn 0.6747999787330627 0.6245999932289124 0.3930000066757202
vn 0.6759999990463257 -0.24570000171661377 0.6948000192642212
vn 0.6783999800682068 0.19820000231266022 -0.7074999809265137
vn 0.6790000200271606 0.2102999985218048 -0.7032999992370605
vn 0.6819999814033508 0.39649999141693115 -0.6146000027656555
vn 0.6827999949455261 0.19460000097751617 0.704200029373169
vn 0.6833999752998352 -0.016300000250339508 0.7299000024795532
vn 0.6837000250816345 0.5605000257492065 0.4672999978065491
vn 0.6855999827384949 0.18799999356269836 0.7032999992370605
vn 0.6863999962806702 -0.17190000414848328 0.70660001039505
vn 0.6869000196456909 0.016699999570846558 -0.7265999913215637
vn 0.6895999908447266 -0.34790000319480896 0.635200023651123
vn 0.6898999810218811 0.3799999952316284 0.6161999702453613
vn 0.6906999945640564 0.4108000099658966 -0.5952000021934509
vn 0.6937000155448914 0.22699999809265137 0.6834999918937683
vn 0.6952000260353088 -0.006099999882280827 -0.7188000082969666
vn 0.6959999799728394 0.22930000722408295 -0.6804999709129333
vn 0.6959999799728394 0.23340000212192535 0.679099977016449
vn 0.6973000168800354 0.20559999346733093 -0.6866999864578247
vn 0.6998000144958496 -0.7085000276565552 -0.09130000323057175
vn 0.699999988079071 0.01549999974668026 -0.7139999866485596
vn 0.7001000046730042 0.20069999992847443 0.6852999925613403
vn 0.7002000212669373 0.5626999735832214 0.43950000405311584
vn 0.7008000016212463 -0.26350000500679016 -0.6628999710083008
vn 0.7019000053405762 -0.6995000243186951 -0.13459999859333038
vn 0.7039999961853027 -0.2655999958515167 0.6586999893188477
vn 0.704200029373169 -0.5493999719619751 0.4496999979019165
vn 0.7045000195503235 -0.33329999446868896 -0.6265000104904175
vn 0.7060999870300293 -0.17640000581741333 0.685699999332428
vn 0.7091000080108643 0.4034000039100647 0.5784000158309937
vn 0.7110000252723694 0.17139999568462372 -0.6819999814033508
vn 0.711899995803833 0.03400000184774399 -0.7013999819755554
vn 0.7125999927520752 0.30090001225471497 0.6337000131607056
vn 0.7128000259399414 0.11150000244379044 -0.6924999952316284
vn 0.7131999731063843 0.08209999650716782 -0.6962000131607056
vn 0.7132999897003174 -0.14630000293254852 0.6854000091552734
vn 0.715399980545044 0.24130000174045563 -0.6557000279426575
vn 0.7160999774932861 0.24210000038146973 0.654699981212616
vn 0.717199981212616 0.4943000078201294 0.4912000000476837
vn 0.7200000286102295 0.33559998869895935 -0.6074000000953674
vn 0.7214999794960022 0.15780000388622284 0.6741999983787537
vn 0.7225000262260437 0.1914999932050705 -0.6643000245094299
vn 0.7242000102996826 0.1396999955177307 0.6753000020980835
vn 0.724399983882904 -0.2831000089645386 0.628600001335144
vn 0.7261999845504761 -0.36469998955726624 -0.5828999876976013
vn 0.7268000245094299 -0.02539999969303608 0.6863999962806702
vn 0.727400004863739 0.2703999876976013 0.6306999921798706
vn 0.7278000116348267 -0.18170000612735748 -0.661300003528595
vn 0.7281000018119812 0.016100000590085983 0.6852999925613403
vn 0.7282999753952026 -0.6747000217437744 0.11999999731779099
vn 0.7289999723434448 0.5694000124931335 -0.3799000084400177
vn 0.7310000061988831 -0.6819999814033508 0.022099999710917473
vn 0.7312999963760376 0.0640999972820282 -0.6790000200271606
vn 0.7322999835014343 -0.019700000062584877 -0.6807000041007996
vn 0.7322999835014343 -0.0032999999821186066 0.6809999942779541
vn 0.7329000234603882 -0.12380000203847885 -0.6690000295639038
vn 0.7339000105857849 -0.629800021648407 0.2547000050544739
vn 0.7347999811172485 0.40790000557899475 0.5418999791145325
vn 0.7386999726295471 -0.19629999995231628 -0.6449000239372253
vn 0.7391999959945679 0.07320000231266022 -0.6694999933242798
vn 0.7402999997138977 -0.009800000116229057 0.6722000241279602
vn 0.7404000163078308 0.3257000148296356 0.5879999995231628
vn 0.7408000230789185 0.39469999074935913 -0.5435000061988831
vn 0.7422999739646912 0.061799999326467514 0.6672000288963318
vn 0.7426999807357788 0.6538000106811523 -0.1446000039577484
vn 0.7437000274658203 0.37709999084472656 0.5519999861717224
vn 0.7458999752998352 -0.2635999917984009 -0.6115999817848206
vn 0.7494000196456909 -0.07760000228881836 -0.6575999855995178
vn 0.7559000253677368 -0.6546000242233276 -0.011099999770522118
vn 0.7590000033378601 0.5164999961853027 -0.39660000801086426
vn 0.7591000199317932 -0.6509000062942505 0.008899999782443047
vn 0.7603999972343445 0.22300000488758087 -0.6100000143051147
vn 0.7648000121116638 -0.2827000021934509 -0.5789999961853027
vn 0.7652000188827515 -0.5019000172615051 0.4032000005245209
vn 0.766700029373169 0.6420000195503235 0.00419999985024333
vn 0.7680000066757202 -0.6370999813079834 -0.06499999761581421
vn 0.7753000259399414 0.4790000021457672 0.41179999709129333
vn 0.776199996471405 -0.6298999786376953 -0.027000000700354576
vn 0.781000018119812 0.20730000734329224 -0.5892000198364258
vn 0.7836999893188477 0.0032999999821186066 0.6211000084877014
vn 0.784600019454956 0.2824000120162964 -0.5519999861717224
vn 0.7846999764442444 -0.004600000102072954 -0.6198999881744385
vn 0.7875999808311462 0.05790000036358833 0.6133999824523926
vn 0.7892000079154968 -0.5842999815940857 0.1889999955892563
vn 0.7924000024795532 -0.45680001378059387 -0.4041999876499176
vn 0.7968999743461609 -0.004399999976158142 0.6040999889373779
vn 0.7972000241279602 -0.0020000000949949026 -0.6036999821662903
vn 0.7993999719619751 0.3086000084877014 0.515500009059906
vn 0.8009999990463257 0.44749999046325684 -0.397599995136261
vn 0.8026000261306763 -0.0778999999165535 -0.5914000272750854
vn 0.8069999814033508 0.3630000054836273 -0.4657000005245209
vn 0.8104000091552734 -0.5853000283241272 0.023600000888109207
vn 0.8112000226974487 -0.024000000208616257 0.5842999815940857
vn 0.8131999969482422 0.11559999734163284 0.5703999996185303
vn 0.8141000270843506 0.0608999989926815 0.5774999856948853
vn 0.814300000667572 -0.5788000226020813 -0.043699998408555984
vn 0.8156999945640564 -0.003100000089034438 -0.5784000158309937
vn 0.8187000155448914 0.0851999968290329 -0.5679000020027161
vn 0.8198000192642212 -0.5719000101089478 0.028999999165534973
vn 0.8220999836921692 -0.24449999630451202 0.51419997215271
vn 0.8223999738693237 0.18119999766349792 0.5393000245094299
vn 0.822700023651123 0.026499999687075615 0.567799985408783
vn 0.8233000040054321 0.4846999943256378 0.2953000068664551
vn 0.824999988079071 -0.3109999895095825 -0.4717999994754791
vn 0.8258000016212463 0.003000000026077032 -0.5640000104904175
vn 0.8263999819755554 0.24819999933242798 0.5055000185966492
vn 0.8269000053405762 0.17229999601840973 -0.5353000164031982
vn 0.8341000080108643 -0.3280999958515167 0.44339999556541443
vn 0.8345000147819519 -0.5508000254631042 0.016599999740719795
vn 0.8364999890327454 -0.5479000210762024 0.004999999888241291
vn 0.8367999792098999 -0.07490000128746033 0.5422999858856201
vn 0.8374000191688538 -0.5074999928474426 0.20309999585151672
vn 0.8378000259399414 0.3544999957084656 0.41530001163482666
vn 0.8398000001907349 -0.02889999933540821 -0.5421000123023987
vn 0.8428000211715698 0.25519999861717224 -0.4738999903202057
vn 0.8443999886512756 0.3626999855041504 -0.39419999718666077
vn 0.8453999757766724 -0.39160001277923584 -0.36320000886917114
vn 0.8468000292778015 -0.27309998869895935 0.4564000070095062
vn 0.8468000292778015 0.4426000118255615 0.29499998688697815
vn 0.8468999862670898 -0.4478999972343445 -0.28679999709129333
vn 0.8476999998092651 -0.4961000084877014 -0.18790000677108765
vn 0.8519999980926514 0.020999999716877937 0.5231999754905701
vn 0.8525000214576721 -0.26669999957084656 -0.4496999979019165
vn 0.8537999987602234 -0.2345000058412552 0.46470001339912415
vn 0.8546000123023987 -0.5156000256538391 -0.0617000013589859
vn 0.8546000123023987 0.03449999913573265 -0.5181000232696533
vn 0.8546000123023987 0.07609999924898148 0.513700008392334
vn 0.8550999760627747 0.515500009059906 -0.05590000003576279
vn 0.855400025844574 -0.34380000829696655 0.3874000012874603
vn 0.8572999835014343 -0.5134000182151794 0.03869999945163727
vn 0.8614000082015991 0.2515000104904175 0.44130000472068787
vn 0.8615999817848206 0.4041000008583069 0.30709999799728394
vn 0.8622000217437744 -0.34060001373291016 -0.375
vn 0.8646000027656555 0.4925999939441681 -0.09939999878406525
vn 0.866100013256073 0.460099995136261 -0.19519999623298645
vn 0.867900013923645 -0.48980000615119934 0.0828000009059906
vn 0.8680999875068665 0.49639999866485596 -0.0
vn 0.8708999752998352 0.12070000171661377 -0.476500004529953
vn 0.8720999956130981 0.39239999651908875 0.2921999990940094
vn 0.8723999857902527 -0.05939999967813492 0.4851999878883362
vn 0.8780999779701233 -0.13300000131130219 0.45969998836517334
vn 0.8804000020027161 -0.4077000021934509 0.24230000376701355
vn 0.8805000185966492 -0.20909999310970306 -0.4255000054836273
vn 0.8817999958992004 -0.19110000133514404 -0.4311000108718872
vn 0.8828999996185303 -0.24789999425411224 0.3986999988555908
vn 0.8830999732017517 0.09319999814033508 -0.45980000495910645
vn 0.8851000070571899 0.06109999865293503 -0.46140000224113464
vn 0.8851000070571899 0.41029998660087585 -0.21960000693798065
vn 0.8863999843597412 0.4580000042915344 0.06790000200271606
vn 0.8910999894142151 -0.010900000110268593 -0.4535999894142151
vn 0.8930000066757202 -0.028699999675154686 -0.44909998774528503
vn 0.8952000141143799 -0.18639999628067017 0.40470001101493835
vn 0.896399974822998 -0.037300001829862595 -0.4415999948978424
vn 0.8981999754905701 0.24869999289512634 0.3625999987125397
vn 0.8991000056266785 -0.42800000309944153 0.0917000025510788
vn 0.9002000093460083 0.2806999981403351 -0.3328999876976013
vn 0.901199996471405 -0.374099999666214 0.21879999339580536
vn 0.9013000130653381 0.04259999841451645 0.4309999942779541
vn 0.9014999866485596 -0.16019999980926514 -0.4018999934196472
vn 0.9018999934196472 -0.31369999051094055 -0.29679998755455017
vn 0.9060999751091003 -0.41269999742507935 -0.0925000011920929
vn 0.9068999886512756 -0.3422999978065491 -0.24560000002384186
vn 0.9083999991416931 0.002099999925121665 0.41819998621940613
vn 0.9086999893188477 0.09139999747276306 0.4072999954223633
vn 0.9097999930381775 -0.21410000324249268 0.3555000126361847
vn 0.9099000096321106 0.004100000020116568 -0.4147999882698059
vn 0.9128999710083008 0.01269999984651804 0.40790000557899475
vn 0.913100004196167 -0.1315000057220459 -0.38589999079704285
vn 0.9136999845504761 -0.1396999955177307 0.3815999925136566
vn 0.9142000079154968 -0.396699994802475 -0.08340000361204147
vn 0.9157000184059143 -0.0026000000070780516 0.4018999934196472
vn 0.917900025844574 0.3506999909877777 0.18569999933242798
vn 0.9186000227928162 -0.0989999994635582 -0.38260000944137573
vn 0.9207000136375427 -0.32260000705718994 0.21950000524520874
vn 0.9233999848365784 -0.383899986743927 -0.007400000002235174
vn 0.923799991607666 0.0551999993622303 0.3788999915122986
vn 0.9240999817848206 -0.13680000603199005 0.35670000314712524
vn 0.9243999719619751 -0.2985000014305115 0.23729999363422394
vn 0.9265000224113464 -0.017899999395012856 -0.375900000333786
vn 0.9276000261306763 0.048900000751018524 -0.37049999833106995
vn 0.9276000261306763 0.23899999260902405 -0.287200003862381
vn 0.9280999898910522 -0.22540000081062317 0.2962000072002411
vn 0.9280999898910522 0.002300000051036477 -0.37229999899864197
vn 0.9287999868392944 0.11779999732971191 -0.351500004529953
vn 0.929099977016449 0.20589999854564667 0.30720001459121704
vn 0.9345999956130981 0.11479999870061874 -0.3366999924182892
vn 0.9365000128746033 -0.20829999446868896 0.28200000524520874
vn 0.9366000294685364 -0.0868000015616417 -0.3395000100135803
vn 0.9372000098228455 -0.00139999995008111 0.34869998693466187
vn 0.9375 0.31310001015663147 -0.1517000049352646
vn 0.9377999901771545 0.21160000562667847 0.275299996137619
vn 0.9387000203132629 0.0044999998062849045 0.3447999954223633
vn 0.9387000203132629 0.2928999960422516 0.18170000612735748
vn 0.9423999786376953 0.24539999663829803 0.22709999978542328
vn 0.9429000020027161 0.20569999516010284 -0.2621000111103058
vn 0.9444000124931335 -0.2847999930381775 -0.16459999978542328
vn 0.9452999830245972 0.006599999964237213 0.32600000500679016
vn 0.9453999996185303 0.002099999925121665 -0.32589998841285706
vn 0.9455000162124634 0.3174999952316284 0.07180000096559525
vn 0.945900022983551 0.19740000367164612 -0.25769999623298645
vn 0.9465000033378601 -0.21490000188350677 0.24089999496936798
vn 0.9465000033378601 0.07320000231266022 -0.3142000138759613
vn 0.9466000199317932 0.2793999910354614 -0.16110000014305115
vn 0.9473000168800354 -0.3000999987125397 -0.11209999769926071
vn 0.9473999738693237 0.2964000105857849 -0.120899997651577
vn 0.9495999813079834 0.3084999918937683 -0.054999999701976776
vn 0.9498000144958496 0.3116999864578247 0.02850000001490116
vn 0.9503999948501587 -0.2727000117301941 -0.14959999918937683
vn 0.9506999850273132 -0.1662999987602234 -0.26170000433921814
vn 0.9508000016212463 -0.0754999965429306 0.3003999888896942
vn 0.9520999789237976 -0.21559999883174896 -0.21699999272823334
vn 0.953000009059906 0.0649000033736229 0.29600000381469727
vn 0.953000009059906 0.17839999496936798 0.24500000476837158
vn 0.9534000158309937 0.016599999740719795 -0.3012999892234802
vn 0.9535999894142151 -0.30090001225471497 -0.012400000356137753
vn 0.9544000029563904 0.26159998774528503 -0.14390000700950623
vn 0.9560999870300293 -0.2872999906539917 0.05779999867081642
vn 0.9581999778747559 0.2648000121116638 -0.10779999941587448
vn 0.958299994468689 -0.11649999767541885 -0.26080000400543213
vn 0.960099995136261 0.053599998354911804 -0.27459999918937683
vn 0.9611999988555908 -0.2734000086784363 -0.0357000008225441
vn 0.9613000154495239 -0.1469999998807907 0.2328999936580658
vn 0.9631999731063843 -0.10930000245571136 0.24560000002384186
vn 0.9634000062942505 0.2671999931335449 -0.022199999541044235
vn 0.9657999873161316 -0.03099999949336052 -0.2572000026702881
vn 0.9664000272750854 -0.12389999628067017 0.22509999573230743
vn 0.9664000272750854 0.14010000228881836 -0.21549999713897705
vn 0.9672999978065491 0.09679999947547913 -0.23440000414848328
vn 0.9690999984741211 0.13580000400543213 -0.20600000023841858
vn 0.9692000150680542 -0.24619999527931213 -0.01119999960064888
vn 0.9693999886512756 -0.13619999587535858 -0.20399999618530273
vn 0.9696999788284302 -0.14149999618530273 -0.19920000433921814
vn 0.9725000262260437 -0.07479999959468842 0.22040000557899475
vn 0.972599983215332 0.1477999985218048 0.17949999868869781
vn 0.9733999967575073 -0.20600000023841858 0.10019999742507935
vn 0.973800003528595 0.18070000410079956 -0.13779999315738678
vn 0.9746000170707703 0.1467999964952469 -0.16920000314712524
vn 0.9753000140190125 -0.2207999974489212 -0.007000000216066837
vn 0.9764999747276306 0.16459999978542328 0.13940000534057617
vn 0.9775000214576721 -0.2061000019311905 -0.04560000076889992
vn 0.9800000190734863 0.007300000172108412 -0.1987999975681305
vn 0.9810000061988831 0.13120000064373016 0.14270000159740448
vn 0.9811000227928162 0.0908999964594841 -0.17069999873638153
vn 0.9814000129699707 0.18449999392032623 -0.05389999970793724
vn 0.9830999970436096 -0.007699999958276749 0.18289999663829803
vn 0.9842000007629395 -0.0024999999441206455 0.17679999768733978
vn 0.9843000173568726 -0.1386999934911728 -0.10869999974966049
vn 0.9858999848365784 0.14959999918937683 0.07509999722242355
vn 0.9861999750137329 -0.11760000139474869 -0.11680000275373459
vn 0.9861999750137329 0.051899999380111694 0.15690000355243683
vn 0.9865999817848206 0.07580000162124634 -0.14419999718666077
vn 0.9868000149726868 -0.15449999272823334 0.04769999906420708
vn 0.987500011920929 -0.09960000216960907 -0.12210000306367874
vn 0.9876000285148621 -0.12030000239610672 -0.10080000013113022
vn 0.9896000027656555 -0.0017999999690800905 0.14380000531673431
vn 0.989799976348877 -0.14030000567436218 -0.026100000366568565
vn 0.9898999929428101 -0.05119999870657921 -0.13230000436306
vn 0.9900000095367432 0.06679999828338623 0.12409999966621399
vn 0.9908000230789185 -0.06239999830722809 -0.11999999731779099
vn 0.9911999702453613 0.048700001090765 -0.12319999933242798
vn 0.991599977016449 -0.12800000607967377 0.01850000023841858
vn 0.991599977016449 -0.0617000013589859 0.11330000311136246
vn 0.9916999936103821 0.010999999940395355 0.12780000269412994
vn 0.9919000267982483 -0.11169999837875366 0.05979999899864197
vn 0.9919000267982483 0.025100000202655792 0.12409999966621399
vn 0.9921000003814697 -0.09390000253915787 -0.08370000123977661
vn 0.9923999905586243 -0.12269999831914902 -0.0015999999595806003
vn 0.9925000071525574 -0.12200000137090683 -0.012600000016391277
vn 0.9925000071525574 0.11169999837875366 -0.050200000405311584
vn 0.9929999709129333 -0.01899999938905239 0.11699999868869781
vn 0.9929999709129333 0.06689999997615814 -0.09749999642372131
vn 0.9945999979972839 0.10320000350475311 -0.007000000216066837
vn 0.9950000047683716 0.053700000047683716 0.0843999981880188
vn 0.9950000047683716 0.09989999979734421 0.00570000009611249
vn 0.9955000281333923 -0.06689999997615814 0.066600002348423
vn 0.9955000281333923 0.07180000096559525 0.06109999865293503
vn 0.9955999851226807 0.08169999718666077 0.04560000076889992
vn 0.9957000017166138 0.01679999940097332 0.09109999984502792
vn 0.9965999722480774 -0.08020000159740448 0.01590000092983246
vn 0.9966999888420105 -0.05999999865889549 0.05530000105500221
vn 0.9969000220298767 0.020099999383091927 -0.07599999755620956
vn 0.9970999956130981 0.0737999975681305 0.01590000092983246
vn 0.9979000091552734 0.05990000069141388 0.02590000070631504
vn 0.9986000061035156 -0.050599999725818634 -0.012000000104308128
vn 0.9987000226974487 0.03709999844431877 -0.0357000008225441
vn 0.9990000128746033 0.04580000042915344 -0.00019999999494757503
vn 0.9995999932289124 -0.02810000069439411 -0.006899999920278788
vn 0.9995999932289124 -0.016200000420212746 0.023499999195337296
vn 0.9998000264167786 0.007199999876320362 0.019500000402331352
vn 1.0 -0.00039999998989515007 0.009100000374019146
f 1/1779/147 3/1866/313 2/1815/107
f 7/1780/11 2/1815/107 6/1846/305
f 6/1846/305 2/1815/107 3/1866/313
f 30/3948/186 8/3873/94 1/3872/147
f 91/2987/257 6/2935/305 3/2934/313
f 11/2454/269 20/2426/266 10/2460/39
f 19/4005/123 26/3946/235 5/3945/103
f 4/3579/23 26/3580/235 19/3540/123
f 9/2511/164 10/2460/39 8/2498/94
f 7/4228/11 21/4298/135 4/4229/23
f 9/2511/164 8/2498/94 30/2576/186
f 6/3252/305 91/3314/257 7/3298/11
f 1/3905/147 2/3906/107 30/3828/186
f 198/3024/198 3/2934/313 1/2936/147
f 14/169/76 23/489/315 40/390/187
f 23/489/315 14/169/76 15/491/259
f 14/169/76 16/1/272 18/24/289
f 14/169/76 18/24/289 15/491/259
f 12/1331/127 13/1344/248 46/1329/330
f 17/1308/276 22/1339/249 12/1331/127
f 32/3784/288 26/3783/235 58/3851/268
f 20/2426/266 8/2498/94 10/2460/39
f 7/785/11 4/775/23 60/824/161
f 24/3038/222 81/3169/203 61/3045/309
f 31/494/283 21/328/135 34/475/159
f 81/2358/203 24/2409/222 8/2410/94
f 91/3314/257 21/3315/135 7/3298/11
f 2/1530/107 7/1529/11 36/1557/251
f 16/2940/272 14/2811/76 67/2841/176
f 12/3387/127 46/3350/330 87/3334/154
f 17/3383/276 12/3387/127 74/3344/124
f 25/1361/246 13/1344/248 12/1331/127
f 22/1339/249 25/1361/246 12/1331/127
f 22/1339/249 37/1377/295 33/1383/166
f 25/1361/246 22/1339/249 27/1398/380
f 25/1361/246 27/1398/380 29/1396/53
f 27/1398/380 22/1339/249 35/1402/511
f 22/1339/249 43/1399/557 35/1402/511
f 22/1339/249 33/1383/166 43/1399/557
f 89/1786/787 20/1805/266 11/1816/269
f 19/3189/123 5/3207/103 52/3208/540
f 59/3500/197 9/3464/164 30/3482/186
f 21/328/135 91/304/257 34/475/159
f 1/2041/147 8/2066/94 93/2099/234
f 68/3738/194 14/3789/76 40/3790/187
f 14/169/76 56/286/90 77/186/170
f 67/2841/176 110/2870/372 16/2940/272
f 68/331/194 56/286/90 14/169/76
f 70/3076/168 15/3050/259 85/3084/167
f 85/3084/167 18/3049/289 92/3087/160
f 57/1403/374 25/1361/246 29/1396/53
f 27/977/380 65/1007/508 29/993/53
f 32/1788/288 131/1749/1008 26/1799/235
f 131/1749/1008 5/1817/103 26/1799/235
f 52/2577/540 11/2454/269 10/2460/39
f 52/3859/540 10/3909/39 19/3910/123
f 83/1515/238 20/1497/266 64/1496/299
f 20/56/266 28/55/250 64/63/299
f 8/3616/94 20/3615/266 83/3660/238
f 75/1958/158 26/1926/235 4/1925/23
f 4/775/23 19/784/123 60/824/161
f 105/3532/188 9/3464/164 59/3500/197
f 60/2399/161 36/2470/251 7/2385/11
f 8/118/94 24/2/222 93/157/234
f 59/2523/197 30/2514/186 36/2470/251
f 36/3814/251 30/3828/186 2/3906/107
f 3/2934/313 198/3024/198 91/2987/257
f 54/3129/119 51/3142/83 90/3099/413
f 100/964/456 47/951/32 44/950/120
f 51/3142/83 62/3160/292 55/3125/150
f 69/232/121 77/186/170 56/286/90
f 63/2166/546 69/2169/121 56/2170/90
f 85/3084/167 15/3050/259 18/3049/289
f 15/3050/259 70/3076/168 53/3069/297
f 50/1309/230 46/1329/330 13/1344/248
f 74/3344/124 12/3387/127 95/3333/178
f 74/1898/124 49/1897/63 17/1934/276
f 106/3795/588 17/3835/276 49/3878/63
f 33/1550/166 73/1562/906 43/1526/557
f 108/1569/712 35/1527/511 43/1526/557
f 57/1403/374 29/1396/53 41/1500/256
f 29/1396/53 45/1494/263 41/1500/256
f 65/1401/508 45/1494/263 29/1396/53
f 39/1475/243 33/1383/166 42/1469/252
f 33/1383/166 37/1377/295 42/1469/252
f 41/1500/256 45/1494/263 124/1589/346
f 39/1475/243 42/1469/252 174/1598/607
f 5/1817/103 131/1749/1008 52/1787/540
f 52/1787/540 89/1786/787 11/1816/269
f 58/3868/268 26/3867/235 97/3935/125
f 10/200/39 98/229/215 19/201/123
f 105/3532/188 10/3465/39 9/3464/164
f 64/3039/299 61/3045/309 81/3169/203
f 60/824/161 19/784/123 98/823/215
f 8/3616/94 83/3660/238 81/3679/203
f 21/1943/135 75/1958/158 4/1925/23
f 60/2399/161 94/2461/30 59/2523/197
f 60/2399/161 59/2523/197 36/2470/251
f 66/713/337 21/736/135 31/737/283
f 24/2/222 101/41/294 93/157/234
f 47/3438/32 38/3427/68 88/3404/447
f 90/3099/413 51/3142/83 55/3125/150
f 88/3404/447 102/3403/421 47/3438/32
f 102/3403/421 44/3432/120 47/3438/32
f 55/3125/150 62/3160/292 193/3153/255
f 99/120/151 14/169/76 77/186/170
f 99/120/151 67/97/176 14/169/76
f 92/3087/160 18/3049/289 84/3078/142
f 18/1619/289 48/1635/202 84/1631/142
f 70/1620/168 50/1883/230 53/1622/297
f 49/1897/63 84/1631/142 48/1635/202
f 80/1691/1 86/1689/6 71/1797/2
f 86/1689/6 82/1694/5 71/1797/2
f 70/1620/168 96/1888/359 50/1883/230
f 96/414/359 46/429/330 50/415/230
f 49/1897/63 48/1635/202 106/1914/588
f 96/4288/359 79/4287/10 46/4195/330
f 87/1887/154 46/1889/330 79/1833/10
f 72/3343/171 12/3387/127 87/3334/154
f 95/3333/178 12/3387/127 72/3343/171
f 104/1561/594 27/1539/380 35/1527/511
f 52/1787/540 163/1743/1113 89/1786/787
f 98/229/215 10/200/39 105/240/188
f 83/3170/238 64/3039/299 81/3169/203
f 26/1926/235 75/1958/158 97/1948/125
f 98/2382/215 94/2461/30 60/2399/161
f 66/1245/337 58/1246/268 97/1190/125
f 97/1190/125 75/1182/158 66/1245/337
f 105/2522/188 59/2523/197 94/2461/30
f 75/1182/158 21/1167/135 66/1245/337
f 38/3040/68 171/3088/41 88/3056/447
f 111/973/216 38/949/68 47/951/32
f 100/964/456 111/973/216 47/951/32
f 102/3061/421 197/3093/108 44/3037/120
f 185/3289/92 55/3288/150 193/3345/255
f 76/302/128 63/257/546 56/286/90
f 161/434/300 145/338/112 40/390/187
f 99/120/151 190/61/254 67/97/176
f 40/390/187 23/489/315 161/434/300
f 85/1621/167 86/1689/6 80/1691/1
f 85/1621/167 92/1628/160 86/1689/6
f 86/1689/6 92/1628/160 82/1694/5
f 84/1631/142 74/1898/124 78/1832/3
f 70/1620/168 79/1833/10 96/1888/359
f 74/1898/124 84/1631/142 49/1897/63
f 79/1833/10 80/1691/1 72/1894/171
f 71/1797/2 82/1694/5 78/1832/3
f 72/1894/171 87/1887/154 79/1833/10
f 80/1691/1 71/1797/2 72/1894/171
f 71/1797/2 78/1832/3 72/1894/171
f 78/1832/3 95/1899/178 72/1894/171
f 27/977/380 104/1006/594 65/1007/508
f 35/1527/511 108/1569/712 104/1561/594
f 133/1761/1038 20/1805/266 89/1786/787
f 131/1749/1008 32/1788/288 120/1746/872
f 133/1761/1038 28/1808/250 20/1805/266
f 133/1761/1038 128/1765/823 28/1808/250
f 64/2332/299 28/2310/250 354/2456/433
f 98/2382/215 105/2522/188 94/2461/30
f 93/2998/234 198/3024/198 1/2936/147
f 117/3159/162 51/3142/83 54/3129/119
f 121/3307/835 62/3277/292 51/3279/83
f 44/950/120 149/975/231 100/964/456
f 69/232/121 191/179/67 77/186/170
f 145/338/112 76/302/128 68/331/194
f 68/331/194 40/390/187 145/338/112
f 76/302/128 56/286/90 68/331/194
f 18/22/289 273/57/561 48/3/202
f 70/1620/168 85/1621/167 79/1833/10
f 85/1621/167 80/1691/1 79/1833/10
f 92/1628/160 84/1631/142 82/1694/5
f 125/3589/765 53/3546/297 50/3539/230
f 48/3393/202 126/3439/846 106/3402/588
f 82/1694/5 84/1631/142 78/1832/3
f 156/3588/713 125/3589/765 50/3539/230
f 95/1899/178 78/1832/3 74/1898/124
f 50/3852/230 13/3799/248 156/3831/713
f 391/561/658 25/457/246 57/469/374
f 123/233/752 65/203/508 104/202/594
f 108/1569/712 43/1526/557 73/1562/906
f 41/1500/256 124/1589/346 159/1648/596
f 163/1743/1113 52/1787/540 131/1749/1008
f 61/2314/309 64/2332/299 328/2445/407
f 118/2188/1040 152/2210/1260 107/2189/938
f 337/634/348 66/713/337 31/737/283
f 93/157/234 101/41/294 207/137/213
f 34/475/159 91/304/257 171/379/41
f 171/986/41 38/949/68 111/973/216
f 177/3228/245 167/3224/26 54/3180/119
f 54/3180/119 90/3198/413 177/3228/245
f 117/3318/162 121/3307/835 51/3279/83
f 166/3221/253 90/3198/413 55/3179/150
f 144/268/81 103/216/132 142/255/329
f 145/338/112 183/237/78 76/302/128
f 63/257/546 183/237/78 69/232/121
f 183/237/78 191/179/67 69/232/121
f 191/179/67 99/120/151 77/186/170
f 190/61/254 110/44/372 67/97/176
f 126/426/846 48/411/202 273/410/561
f 391/561/658 13/441/248 25/457/246
f 28/2310/250 379/2466/516 354/2456/433
f 328/2445/407 64/2332/299 354/2456/433
f 109/2198/935 128/2368/823 133/2372/1038
f 152/2210/1260 131/2374/1008 120/2365/872
f 138/2199/1097 109/2198/935 133/2372/1038
f 107/2189/938 152/2210/1260 120/2365/872
f 118/2188/1040 137/2289/1274 152/2210/1260
f 118/2188/1040 132/2197/1064 137/2289/1274
f 219/1217/719 138/1224/1097 132/1226/1064
f 109/1230/935 138/1224/1097 219/1217/719
f 93/157/234 207/137/213 198/227/198
f 243/53/442 167/68/26 101/41/294
f 34/475/159 171/379/41 222/439/455
f 170/153/241 127/311/172 214/315/136
f 127/311/172 170/153/241 122/182/47
f 127/311/172 122/182/47 136/266/183
f 192/307/706 136/266/183 113/284/43
f 122/2981/47 220/2999/896 136/2977/183
f 113/284/43 147/309/312 192/307/706
f 195/156/484 115/158/86 122/182/47
f 88/3056/447 171/3088/41 180/3092/285
f 121/3518/835 117/3511/162 182/3541/844
f 162/267/437 119/272/33 113/284/43
f 113/284/43 119/272/33 147/309/312
f 88/3056/447 180/3092/285 146/3073/507
f 100/964/456 165/983/673 111/973/216
f 147/309/312 119/272/33 116/293/74
f 122/182/47 115/158/86 200/193/582
f 162/267/437 151/213/45 119/272/33
f 115/158/86 140/163/137 200/193/582
f 102/3061/421 88/3056/447 146/3073/507
f 151/213/45 158/235/118 119/272/33
f 140/163/137 151/213/45 200/193/582
f 102/3061/421 189/3090/293 168/3083/184
f 158/235/118 151/213/45 160/228/304
f 116/293/74 144/268/81 155/318/17
f 160/228/304 103/216/132 144/268/81
f 103/216/132 160/228/304 140/163/137
f 140/163/137 129/155/355 103/216/132
f 144/268/81 142/255/329 155/318/17
f 114/380/73 142/391/329 235/420/1155
f 201/195/541 103/216/132 129/155/355
f 62/3277/292 121/3307/835 172/3316/336
f 149/975/231 196/988/240 100/964/456
f 142/255/329 114/275/73 155/318/17
f 201/195/541 129/155/355 141/198/157
f 129/155/355 150/175/373 141/198/157
f 166/3221/253 55/3179/150 185/3227/92
f 102/3061/421 168/3083/184 197/3093/108
f 62/3277/292 172/3316/336 193/3319/255
f 150/3222/373 114/3223/73 245/3187/1072
f 149/975/231 44/950/120 197/989/108
f 63/257/546 76/302/128 183/237/78
f 289/1026/631 161/982/300 23/943/315
f 15/3050/259 53/3069/297 125/3102/765
f 108/3203/712 73/3201/906 241/3248/341
f 134/2666/284 104/2640/594 108/2547/712
f 272/520/945 57/469/374 41/440/256
f 108/2547/712 130/2539/291 134/2666/284
f 42/2308/252 37/2235/295 287/2297/861
f 104/2282/594 134/2290/284 247/2318/316
f 134/2666/284 130/2539/291 112/2612/290
f 89/1786/787 163/1743/1113 164/1750/1143
f 89/1786/787 164/1750/1143 133/1761/1038
f 163/2367/1113 137/2289/1274 164/2364/1143
f 152/2210/1260 163/2367/1113 131/2374/1008
f 132/2197/1064 164/2364/1143 137/2289/1274
f 138/2199/1097 164/2364/1143 132/2197/1064
f 133/2372/1038 164/2364/1143 138/2199/1097
f 152/2210/1260 137/2289/1274 163/2367/1113
f 450/1156/609 118/1229/1040 107/1231/938
f 219/1217/719 132/1226/1064 118/1229/1040
f 210/2124/677 31/2080/283 34/2077/159
f 222/2106/455 210/2124/677 34/2077/159
f 171/379/41 91/304/257 214/315/136
f 167/68/26 207/137/213 101/41/294
f 54/83/119 167/82/26 243/102/442
f 117/110/162 54/83/119 243/102/442
f 222/439/455 171/379/41 111/435/216
f 204/490/467 222/439/455 111/435/216
f 192/307/706 127/311/172 136/266/183
f 184/142/405 117/191/162 243/192/442
f 122/182/47 170/153/241 195/156/484
f 230/456/519 204/490/467 111/435/216
f 204/490/467 230/456/519 153/471/16
f 206/1756/430 111/1741/216 179/1740/542
f 117/191/162 184/142/405 157/160/139
f 162/267/437 113/284/43 136/266/183
f 165/3598/673 179/3626/542 111/3599/216
f 115/3449/86 195/3455/484 249/3495/1153
f 122/396/47 200/395/582 232/423/957
f 176/3536/710 121/3518/835 182/3541/844
f 166/3221/253 177/3228/245 90/3198/413
f 178/1192/99 227/1178/1055 116/1173/74
f 153/471/16 203/458/340 154/479/59
f 216/4107/1117 151/4121/45 162/4172/437
f 173/125/101 140/163/137 115/158/86
f 102/3061/421 146/3073/507 189/3090/293
f 211/4291/1188 119/4278/33 158/4231/118
f 144/268/81 116/293/74 119/272/33
f 160/228/304 151/213/45 231/196/1002
f 151/84/45 140/104/137 231/105/1002
f 116/1659/74 155/1658/17 237/1685/1232
f 199/1018/535 157/1039/139 148/1030/27
f 160/228/304 144/268/81 158/235/118
f 188/112/35 166/77/253 173/125/101
f 172/3512/336 121/3518/835 176/3536/710
f 168/376/184 155/318/17 194/319/303
f 205/3162/236 148/3117/27 135/3123/148
f 154/479/59 203/458/340 143/483/275
f 143/483/275 203/458/340 196/432/240
f 165/983/673 100/964/456 196/988/240
f 172/3173/336 205/3162/236 135/3123/148
f 212/438/403 143/483/275 196/432/240
f 185/90/92 215/135/412 173/125/101
f 173/125/101 166/77/253 185/90/92
f 253/3171/817 172/3173/336 135/3123/148
f 215/135/412 185/90/92 169/184/273
f 253/3165/817 139/3137/130 172/3136/336
f 248/1053/785 139/1076/130 135/1061/148
f 194/319/303 181/292/301 197/399/108
f 114/3871/73 234/3939/866 155/3940/17
f 139/4034/130 193/3968/255 172/3967/336
f 143/483/275 149/436/231 259/474/780
f 245/243/1072 141/198/157 150/175/373
f 234/478/866 114/453/73 218/477/755
f 150/1116/373 218/1144/755 114/1117/73
f 181/585/301 257/640/815 169/684/273
f 181/292/301 169/184/273 183/237/78
f 169/184/273 191/179/67 183/237/78
f 217/3644/721 213/3609/796 126/3608/846
f 156/1878/713 209/1909/733 125/1879/765
f 106/3402/588 126/3439/846 213/3440/796
f 123/853/752 278/904/732 65/831/508
f 33/305/166 240/373/408 73/320/906
f 285/397/1019 33/305/166 39/295/243
f 284/524/1022 272/520/945 41/440/256
f 174/333/607 285/397/1019 39/295/243
f 124/878/346 45/832/263 283/922/1029
f 107/1160/938 120/1286/872 264/1285/623
f 421/364/474 61/365/309 328/346/407
f 91/304/257 198/227/198 214/315/136
f 171/379/41 214/315/136 186/327/179
f 175/123/60 170/153/241 207/137/213
f 186/4301/179 214/4302/136 127/4248/172
f 207/137/213 167/68/26 175/123/60
f 225/133/574 170/153/241 175/123/60
f 170/153/241 225/133/574 246/162/362
f 171/379/41 186/327/179 180/387/285
f 167/68/26 177/75/245 175/123/60
f 111/435/216 206/433/430 230/456/519
f 232/3004/957 220/2999/896 122/2981/47
f 199/3219/535 117/3206/162 157/3212/139
f 175/2637/60 202/2623/351 225/2646/574
f 175/123/60 177/75/245 188/112/35
f 175/123/60 188/112/35 202/127/351
f 180/387/285 186/327/179 187/374/89
f 162/3544/437 136/3535/183 239/3568/1157
f 227/3583/1055 192/3550/706 147/3557/312
f 146/388/507 180/387/285 187/374/89
f 228/3140/703 153/3110/16 154/3112/59
f 230/456/519 203/458/340 153/471/16
f 187/374/89 186/327/179 178/330/99
f 202/127/351 188/112/35 173/125/101
f 189/3090/293 146/3073/507 187/3089/89
f 116/3549/74 227/3583/1055 147/3557/312
f 115/158/86 202/127/351 173/125/101
f 187/374/89 178/330/99 189/392/293
f 178/1192/99 116/1173/74 221/1191/791
f 221/792/791 116/791/74 237/821/1232
f 188/112/35 177/75/245 166/77/253
f 140/2415/137 173/2357/101 242/2366/984
f 178/3889/99 221/3927/791 226/3936/1056
f 179/1279/542 165/1288/673 206/1289/430
f 168/376/184 189/392/293 178/330/99
f 155/3890/17 178/3889/99 226/3936/1056
f 148/3124/27 157/3131/139 224/3145/692
f 168/376/184 178/330/99 155/318/17
f 173/2620/101 215/2619/412 242/2631/984
f 176/3183/710 182/3118/844 205/3162/236
f 223/1019/762 199/1018/535 148/1030/27
f 176/3183/710 205/3162/236 172/3173/336
f 148/2347/27 205/2348/236 223/2336/762
f 135/3120/148 148/3124/27 224/3145/692
f 196/3460/240 203/3463/340 260/3488/1014
f 201/1551/541 238/1566/1191 103/1537/132
f 194/319/303 197/399/108 168/376/184
f 245/425/1072 114/380/73 235/420/1155
f 201/3915/541 141/3914/157 233/3975/959
f 234/290/866 194/319/303 155/318/17
f 149/436/231 197/399/108 259/474/780
f 185/90/92 193/62/255 190/61/254
f 197/399/108 181/292/301 183/237/78
f 191/179/67 169/184/273 185/90/92
f 185/90/92 190/61/254 191/179/67
f 197/399/108 183/237/78 145/338/112
f 161/434/300 197/399/108 145/338/112
f 99/120/151 191/179/67 190/61/254
f 125/2586/765 209/2325/733 229/2580/651
f 577/646/649 13/441/248 391/561/658
f 241/3248/341 73/3201/906 240/3272/408
f 130/2439/291 108/2429/712 241/2465/341
f 159/2304/596 208/2306/1050 284/2376/1022
f 337/634/348 31/737/283 370/626/454
f 214/315/136 198/227/198 207/137/213
f 246/846/362 225/839/574 258/858/1023
f 186/2513/179 127/2507/172 244/2534/983
f 127/894/172 192/896/706 252/919/1204
f 195/3455/484 170/3448/241 246/3478/362
f 252/3005/1204 136/2977/183 220/2999/896
f 236/3141/742 153/3110/16 228/3140/703
f 186/2513/179 244/2534/983 250/2502/1017
f 157/3131/139 184/3132/405 256/3154/891
f 178/2490/99 186/2513/179 250/2502/1017
f 178/3481/99 250/3453/1017 227/3452/1055
f 115/2073/86 242/2046/984 202/2072/351
f 157/3131/139 256/3154/891 224/3145/692
f 151/213/45 216/246/1117 200/193/582
f 216/2887/1117 119/2909/33 211/2865/1188
f 144/268/81 119/272/33 216/246/1117
f 144/3884/81 216/3961/1117 251/3962/1258
f 206/2833/430 165/2832/673 302/2878/457
f 211/2865/1188 160/2855/304 231/2829/1002
f 158/2788/118 144/2805/81 211/2772/1188
f 251/2773/1258 211/2772/1188 144/2805/81
f 160/2855/304 211/2865/1188 251/2905/1258
f 140/3543/137 255/3581/1081 129/3542/355
f 228/3140/703 154/3112/59 143/3109/275
f 165/983/673 196/988/240 260/1002/1014
f 142/1665/329 103/1651/132 238/1686/1191
f 261/2267/1024 253/2239/817 135/2238/148
f 235/828/1155 194/778/303 234/801/866
f 139/1076/130 261/1077/1024 135/1061/148
f 143/483/275 212/438/403 149/436/231
f 196/988/240 149/975/231 279/1017/475
f 254/204/1119 141/226/157 245/205/1072
f 254/569/1119 233/581/959 141/570/157
f 139/1254/130 248/1275/785 193/1256/255
f 792/1185/652 23/943/315 15/926/259
f 156/3831/713 13/3799/248 384/3798/663
f 306/2361/208 247/2318/316 134/2290/284
f 42/2308/252 282/2384/994 174/2459/607
f 41/440/256 159/476/596 284/524/1022
f 208/892/1050 124/878/346 283/922/1029
f 159/885/596 124/878/346 208/892/1050
f 120/1746/872 32/1788/288 332/1673/424
f 321/2654/429 58/2550/268 66/2551/337
f 210/2124/677 222/2106/455 274/2136/816
f 244/1951/983 127/1931/172 252/1938/1204
f 220/2851/896 232/2838/957 246/2815/362
f 195/3455/484 246/3478/362 249/3495/1153
f 227/850/1055 252/919/1204 192/896/706
f 199/3219/535 265/3275/828 117/3206/162
f 182/981/844 117/972/162 265/1009/828
f 236/3141/742 204/3122/467 153/3110/16
f 136/3535/183 252/3567/1204 239/3568/1157
f 200/2828/582 249/2794/1153 232/2838/957
f 216/4107/1117 162/4172/437 239/4108/1157
f 242/146/984 115/173/86 249/174/1153
f 203/3463/340 230/3459/519 260/3488/1014
f 250/811/1017 221/805/791 237/844/1232
f 249/2794/1153 200/2828/582 231/2829/1002
f 200/2828/582 216/2887/1117 231/2829/1002
f 140/2415/137 242/2366/984 249/2414/1153
f 211/2865/1188 231/2829/1002 216/2887/1117
f 226/1679/1056 237/1685/1232 155/1658/17
f 238/4083/1191 231/4001/1002 140/4082/137
f 160/2855/304 251/2905/1258 238/2842/1191
f 238/2842/1191 140/2799/137 160/2855/304
f 231/2829/1002 238/2842/1191 255/2795/1081
f 260/1988/1014 279/1985/475 165/1967/673
f 302/2878/457 165/2832/673 279/2868/475
f 142/391/329 251/424/1258 235/420/1155
f 194/778/303 235/828/1155 226/795/1056
f 142/2888/329 238/2842/1191 251/2905/1258
f 238/2842/1191 201/2825/541 255/2795/1081
f 279/4310/475 212/4230/403 196/4309/240
f 255/3581/1081 254/3582/1119 129/3542/355
f 149/3688/231 212/3730/403 276/3794/831
f 149/975/231 276/1016/831 279/1017/475
f 150/3545/373 129/3542/355 254/3582/1119
f 150/3389/373 254/3424/1119 218/3419/755
f 275/1276/756 193/1256/255 248/1275/785
f 289/2505/631 23/2516/315 792/2517/652
f 123/1450/752 104/1449/594 247/1474/316
f 272/520/945 391/561/658 57/469/374
f 65/831/508 278/904/732 283/922/1029
f 45/832/263 65/831/508 283/922/1029
f 134/2290/284 112/2281/290 292/2356/307
f 264/1708/623 120/1746/872 332/1673/424
f 264/1285/623 450/1161/609 107/1160/938
f 128/808/823 109/641/935 476/639/616
f 170/2636/241 258/2662/1023 207/2642/213
f 258/527/1023 252/501/1204 220/499/896
f 243/2469/442 271/2443/843 184/2432/405
f 220/2174/896 246/2157/362 258/2173/1023
f 230/4318/519 206/4262/430 281/4300/555
f 262/3270/1103 265/3275/828 199/3219/535
f 239/873/1157 252/919/1204 227/850/1055
f 205/990/236 182/981/844 265/1009/828
f 184/3132/405 271/3174/843 256/3154/891
f 232/2838/957 249/2794/1153 246/2815/362
f 309/2546/1068 250/2502/1017 244/2534/983
f 302/2878/457 281/2861/555 206/2833/430
f 262/3270/1103 199/3219/535 223/3235/762
f 225/2646/574 202/2623/351 242/2631/984
f 237/844/1232 239/873/1157 227/850/1055
f 237/844/1232 227/850/1055 250/811/1017
f 216/890/1117 239/873/1157 237/844/1232
f 221/2497/791 250/2502/1017 309/2546/1068
f 251/854/1258 216/890/1117 237/844/1232
f 231/2829/1002 255/2795/1081 249/2794/1153
f 140/3543/137 249/3578/1153 255/3581/1081
f 226/795/1056 251/854/1258 237/844/1232
f 266/3274/1249 262/3270/1103 223/3235/762
f 205/990/236 303/1028/409 261/1001/1024
f 235/828/1155 251/854/1258 226/795/1056
f 266/3274/1249 223/3235/762 205/3218/236
f 261/3264/1024 266/3274/1249 205/3218/236
f 135/3120/148 224/3145/692 270/3175/1179
f 248/3151/785 135/3120/148 270/3175/1179
f 269/3161/1135 228/3140/703 143/3109/275
f 194/756/303 226/765/1056 221/757/791
f 201/3915/541 233/3975/959 255/3921/1081
f 270/3071/1179 261/3033/1024 139/3052/130
f 276/3794/831 212/3730/403 269/3793/1135
f 254/4011/1119 255/4010/1081 233/4067/959
f 139/3003/130 253/2978/817 270/3002/1179
f 245/855/1072 235/828/1155 234/801/866
f 215/3177/412 169/3111/273 288/3176/807
f 181/2475/301 194/2478/303 286/2503/821
f 245/855/1072 218/867/755 254/918/1119
f 259/3691/780 197/3765/108 276/3766/831
f 234/801/866 218/867/755 245/855/1072
f 257/640/815 288/711/807 169/684/273
f 190/985/254 193/987/255 275/1014/756
f 376/1042/605 110/971/372 190/985/254
f 364/1040/603 161/982/300 289/1026/631
f 18/938/289 16/927/272 581/1097/657
f 126/4289/846 273/4290/561 217/4186/721
f 229/2580/651 209/2325/733 268/2328/548
f 213/1324/796 217/1541/721 273/1546/561
f 123/26/752 247/69/316 278/7/732
f 33/305/166 280/398/593 240/373/408
f 130/2439/291 241/2465/341 301/2492/189
f 130/2439/291 301/2492/189 112/2430/290
f 310/2499/177 112/2430/290 301/2492/189
f 321/2654/429 32/2536/288 58/2550/268
f 109/1230/935 219/1217/719 476/1150/616
f 210/2124/677 370/2218/454 31/2080/283
f 214/2728/136 207/2615/213 307/2804/878
f 214/528/136 244/511/983 258/527/1023
f 170/3748/241 214/3709/136 258/3708/1023
f 244/2534/983 214/2524/136 307/2574/878
f 252/501/1204 258/527/1023 244/511/983
f 236/3141/742 267/3157/1020 204/3122/467
f 262/3064/1103 266/3068/1249 256/3096/891
f 205/990/236 265/1009/828 304/1027/318
f 230/579/519 267/601/1020 260/584/1014
f 263/3152/1186 267/3157/1020 236/3141/742
f 263/3152/1186 236/3141/742 228/3140/703
f 224/3095/692 256/3096/891 266/3068/1249
f 270/3071/1179 224/3095/692 266/3068/1249
f 266/3068/1249 261/3033/1024 270/3071/1179
f 228/3140/703 269/3161/1135 263/3152/1186
f 212/277/403 279/291/475 269/262/1135
f 305/2667/1042 215/2619/412 288/2641/807
f 253/2639/817 275/2597/756 248/2596/785
f 248/2596/785 270/2632/1179 253/2639/817
f 286/539/821 257/640/815 181/585/301
f 229/4148/651 277/4244/644 125/4245/765
f 268/2328/548 277/2568/644 229/2580/651
f 268/2288/548 209/2287/733 156/2305/713
f 333/3400/646 106/3423/588 213/3392/796
f 384/565/663 13/441/248 577/646/649
f 17/2187/276 525/2307/641 22/2204/249
f 285/397/1019 280/398/593 33/305/166
f 42/2308/252 287/2297/861 282/2384/994
f 360/2707/837 207/2642/213 258/2662/1023
f 357/3490/764 274/3462/816 222/3489/455
f 267/748/1020 222/749/455 204/777/467
f 230/579/519 281/559/555 267/601/1020
f 308/2701/1048 258/2662/1023 225/2646/574
f 265/3034/828 262/3064/1103 271/3070/843
f 309/2546/1068 244/2534/983 307/2574/878
f 256/3096/891 271/3070/843 262/3064/1103
f 260/584/1014 267/601/1020 263/602/1186
f 205/990/236 304/1027/318 303/1028/409
f 269/592/1135 260/584/1014 263/602/1186
f 279/560/475 260/584/1014 269/592/1135
f 269/3161/1135 143/3109/275 259/3149/780
f 276/1821/831 269/1810/1135 259/1773/780
f 276/1016/831 197/989/108 161/982/300
f 241/210/341 240/270/408 280/285/593
f 208/2306/1050 283/2280/1029 284/2376/1022
f 465/1244/463 101/1181/294 24/1195/222
f 334/2679/204 207/2615/213 360/2624/837
f 357/2185/764 222/2106/455 267/2123/1020
f 305/2667/1042 225/2646/574 242/2631/984
f 221/2497/791 309/2546/1068 314/2520/949
f 221/2497/791 314/2520/949 194/2478/303
f 305/2667/1042 242/2631/984 215/2619/412
f 253/995/817 261/1001/1024 275/1014/756
f 361/3671/739 268/3705/548 384/3725/663
f 268/2916/548 156/2904/713 384/2903/663
f 37/2235/295 22/2204/249 287/2297/861
f 278/7/732 247/69/316 306/74/208
f 280/2137/593 282/2039/994 287/2050/861
f 285/2138/1019 282/2039/994 280/2137/593
f 174/2088/607 282/2039/994 285/2138/1019
f 292/4047/307 112/3942/290 310/3941/177
f 429/2208/832 210/2124/677 274/2136/816
f 243/1166/442 101/1181/294 434/1216/857
f 357/2185/764 429/2208/832 274/2136/816
f 307/2804/878 207/2615/213 334/2679/204
f 308/2701/1048 360/2707/837 258/2662/1023
f 392/2449/1000 271/2443/843 243/2469/442
f 267/2123/1020 291/2148/260 357/2185/764
f 265/1057/828 271/1056/843 300/1067/418
f 303/1028/409 304/1027/318 368/1038/851
f 261/1001/1024 303/1028/409 312/1029/199
f 18/22/289 581/151/657 273/57/561
f 277/2568/644 313/2582/720 125/2586/765
f 213/1324/796 273/1546/561 333/1312/646
f 280/2137/593 287/2050/861 293/2107/902
f 272/2375/945 278/2295/732 290/2330/908
f 278/2295/732 272/2375/945 283/2280/1029
f 284/2376/1022 283/2280/1029 272/2375/945
f 292/2356/307 306/2361/208 134/2290/284
f 332/2657/424 32/2536/288 321/2654/429
f 476/639/616 467/817/642 128/808/823
f 337/2649/348 321/2654/429 66/2551/337
f 24/1195/222 61/1214/309 421/1269/474
f 281/4252/555 291/4321/260 267/4253/1020
f 281/2435/555 381/2450/1227 291/2457/260
f 315/2689/1075 308/2701/1048 225/2646/574
f 291/3576/260 359/3577/769 335/3560/549
f 291/3570/260 295/3571/52 359/3595/769
f 362/3492/615 295/3522/52 291/3517/260
f 225/2646/574 305/2667/1042 315/2689/1075
f 298/3401/50 358/3374/726 296/3414/100
f 275/1014/756 261/1001/1024 312/1029/199
f 297/1337/156 279/1357/475 318/1319/553
f 382/2683/939 305/2667/1042 288/2641/807
f 257/640/815 286/539/821 527/514/774
f 190/985/254 275/1014/756 376/1042/605
f 15/2602/259 125/2586/765 313/2582/720
f 313/2582/720 277/2568/644 369/2538/734
f 277/2568/644 311/2400/757 369/2538/734
f 277/2568/644 268/2328/548 311/2400/757
f 361/2320/739 311/2400/757 268/2328/548
f 278/7/732 306/74/208 338/38/302
f 301/209/189 241/210/341 280/285/593
f 28/1808/250 128/1765/823 379/1683/516
f 450/1161/609 264/1285/623 405/1284/627
f 24/1195/222 421/1269/474 465/1244/463
f 324/1751/14 346/1825/492 307/1851/878
f 334/1977/204 324/2056/14 307/2156/878
f 243/1166/442 434/1216/857 392/1194/1000
f 304/1072/318 265/1057/828 300/1067/418
f 296/1208/100 304/1225/318 300/1209/418
f 381/2898/1227 281/2861/555 302/2878/457
f 315/402/1075 373/367/1126 308/406/1048
f 368/1038/851 304/1027/318 366/1037/1206
f 312/1029/199 303/1028/409 353/1032/51
f 295/3522/52 319/3485/286 297/3521/156
f 320/3380/314 298/3401/50 294/3415/173
f 298/3401/50 296/3414/100 294/3415/173
f 345/3042/448 297/3036/156 319/3035/286
f 363/763/1198 320/751/314 312/758/199
f 320/3380/314 294/3415/173 312/3373/199
f 294/3415/173 377/3376/868 312/3373/199
f 359/1318/769 297/1337/156 318/1319/553
f 345/1346/448 279/1357/475 297/1337/156
f 279/2868/475 345/2896/448 302/2878/457
f 312/1029/199 377/1043/868 275/1014/756
f 279/2562/475 400/2563/814 318/2532/553
f 275/1014/756 377/1043/868 487/1066/754
f 286/2503/821 194/2478/303 314/2520/949
f 376/2810/605 16/2940/272 110/2870/372
f 391/561/658 272/520/945 484/589/736
f 301/209/189 280/285/593 299/261/262
f 310/152/177 301/209/189 299/261/262
f 338/38/302 306/74/208 292/114/307
f 264/1285/623 431/1302/863 405/1284/627
f 414/1794/571 325/1804/143 334/1775/204
f 334/2679/204 360/2624/837 414/2648/571
f 392/2449/1000 407/2433/1096 271/2443/843
f 407/3172/1096 300/3134/418 271/3107/843
f 300/3134/418 407/3172/1096 367/3148/848
f 291/2148/260 335/2160/549 357/2185/764
f 351/2035/104 334/1977/204 325/1949/143
f 325/1949/143 347/2011/75 351/2035/104
f 325/1949/143 341/1961/82 347/2011/75
f 346/2127/492 324/2056/14 326/2135/193
f 324/2056/14 351/2035/104 326/2135/193
f 351/2035/104 331/2078/25 326/2135/193
f 366/818/1206 304/803/318 296/802/100
f 366/3371/1206 296/3414/100 358/3374/726
f 296/3126/100 300/3134/418 367/3148/848
f 291/3853/260 381/3908/1227 362/3854/615
f 326/2135/193 331/2078/25 336/2146/115
f 348/375/1154 373/367/1126 315/402/1075
f 349/2709/1151 309/2690/1068 307/2687/878
f 347/2011/75 341/1961/82 416/2008/1256
f 390/1953/518 317/1974/96 341/1961/82
f 416/697/1256 341/725/82 327/726/232
f 331/2078/25 327/2065/232 336/2146/115
f 329/2676/85 416/2708/1256 327/2677/232
f 327/2065/232 341/1961/82 317/1974/96
f 350/2070/12 327/2065/232 340/2017/105
f 317/1974/96 340/2017/105 327/2065/232
f 327/2065/232 350/2070/12 336/2146/115
f 295/3522/52 362/3492/615 319/3485/286
f 303/3360/409 298/3401/50 353/3372/51
f 336/2146/115 350/2070/12 342/2091/62
f 314/2688/949 309/2690/1068 349/2709/1151
f 350/2070/12 356/2051/8 342/2091/62
f 408/3933/1245 319/3934/286 302/3864/457
f 340/2017/105 323/2037/169 356/2051/8
f 320/3380/314 353/3372/51 298/3401/50
f 319/3035/286 408/3065/1245 345/3042/448
f 314/2688/949 349/2709/1151 352/2703/1106
f 340/2017/105 317/1974/96 323/2037/169
f 312/1029/199 353/1032/51 363/1036/1198
f 336/2146/115 342/2091/62 344/2172/279
f 296/3126/100 367/3148/848 371/3133/655
f 359/3595/769 295/3571/52 297/3569/156
f 378/363/1073 348/375/1154 315/402/1075
f 342/2091/62 323/2037/169 344/2172/279
f 344/2172/279 323/2037/169 355/2067/79
f 323/2037/169 317/1974/96 316/1981/97
f 305/405/1042 378/363/1073 315/402/1075
f 294/3108/173 296/3126/100 371/3133/655
f 344/2172/279 355/2067/79 330/2180/361
f 355/2067/79 343/2053/58 330/2180/361
f 316/1981/97 322/2021/163 343/2053/58
f 305/405/1042 382/407/939 378/363/1073
f 316/1981/97 380/1970/237 322/2021/163
f 294/3139/173 411/3150/987 377/3119/868
f 371/3133/655 411/3146/987 294/3108/173
f 343/2053/58 322/2021/163 330/2180/361
f 454/1645/937 322/1610/163 380/1618/237
f 257/640/815 527/514/774 447/586/786
f 338/38/302 292/114/307 490/72/267
f 332/2657/424 321/2654/429 441/2691/671
f 379/1683/516 128/1765/823 467/1660/642
f 477/2488/798 354/2456/433 379/2466/516
f 321/1837/429 337/1863/348 370/1838/454
f 328/3506/407 354/3505/433 393/3556/451
f 308/406/1048 373/367/1126 360/404/837
f 324/2056/14 334/1977/204 351/2035/104
f 341/1961/82 325/1949/143 390/1953/518
f 386/2181/369 346/2127/492 326/2135/193
f 331/2388/25 347/2452/75 329/2451/85
f 395/2149/1168 373/2134/1126 348/2133/1154
f 307/2687/878 374/2714/1101 349/2709/1151
f 339/2974/126 436/2979/221 336/2994/115
f 403/4051/1240 302/4052/457 319/3991/286
f 436/967/221 339/946/126 413/957/427
f 317/1974/96 390/1953/518 397/1956/280
f 413/957/427 339/946/126 383/933/379
f 303/1028/409 368/1038/851 394/1045/1214
f 358/3374/726 298/3401/50 303/3360/409
f 358/905/726 303/888/409 406/912/1267
f 419/1183/1207 403/1174/1240 319/1186/286
f 350/4154/12 340/4153/105 409/4234/1053
f 406/1218/1267 303/1219/409 394/1212/1214
f 317/1974/96 397/1956/280 388/1962/371
f 383/3803/379 339/3815/126 387/3843/210
f 409/2027/1053 356/2051/8 350/2070/12
f 461/2005/1241 342/2091/62 356/2051/8
f 323/838/169 461/871/1241 356/872/8
f 345/3418/448 401/3436/1235 302/3437/457
f 401/3436/1235 345/3418/448 408/3412/1245
f 389/3628/310 387/3627/210 344/3614/279
f 402/2038/827 355/2067/79 323/2037/169
f 344/3614/279 330/3613/361 389/3628/310
f 323/2037/169 316/1981/97 402/2038/827
f 406/764/1267 320/751/314 363/763/1198
f 398/3998/116 389/3931/310 375/3997/106
f 316/1981/97 343/2053/58 402/2038/827
f 486/1692/471 372/1663/65 385/1666/181
f 486/1692/471 380/1664/237 372/1663/65
f 400/1047/814 279/1017/475 276/1016/831
f 399/3721/395 330/3678/361 447/3720/786
f 330/452/361 322/451/163 447/480/786
f 257/640/815 447/586/786 322/659/163
f 276/1016/831 161/982/300 364/1040/603
f 333/1312/646 273/1546/561 365/1518/718
f 431/1644/863 332/1673/424 441/1639/671
f 431/1644/863 264/1708/623 332/1673/424
f 328/3506/407 393/3556/451 421/3548/474
f 421/1998/474 393/1997/451 493/2026/946
f 370/2218/454 210/2124/677 514/2249/450
f 514/2249/450 210/2124/677 429/2208/832
f 374/1896/1101 307/1851/878 429/1932/832
f 462/1813/963 307/1851/878 346/1825/492
f 373/367/1126 434/348/857 360/404/837
f 325/1804/143 414/1794/571 445/1801/382
f 390/1676/518 325/1662/143 445/1690/382
f 429/2738/832 415/2776/1213 381/2746/1227
f 392/324/1000 417/355/1259 366/334/1206
f 415/2196/1213 357/2185/764 335/2160/549
f 346/3602/492 386/3617/369 443/3647/387
f 390/1676/518 445/1690/382 435/1684/55
f 395/2149/1168 417/2161/1259 373/2134/1126
f 351/4059/104 347/4106/75 442/4152/1183
f 423/2396/943 347/2452/75 331/2388/25
f 423/3645/943 331/3612/25 351/3611/104
f 347/2452/75 423/2396/943 442/2387/1183
f 407/316/1096 358/332/726 367/294/848
f 386/961/369 326/968/193 455/969/325
f 368/342/851 366/334/1206 417/355/1259
f 415/2776/1213 362/2754/615 381/2746/1227
f 349/2709/1151 374/2714/1101 403/2726/1240
f 428/4102/1054 329/4043/85 347/4023/75
f 404/354/1266 395/359/1168 348/375/1154
f 331/2388/25 329/2451/85 460/2438/1161
f 460/2183/1161 327/2224/232 331/2215/25
f 319/3618/286 362/3629/615 419/3659/1207
f 422/4295/1230 356/4207/8 409/4294/1053
f 353/1032/51 394/1045/1214 404/1046/1266
f 410/517/1160 387/508/210 336/515/115
f 344/3695/279 410/3727/1160 336/3696/115
f 302/4061/457 401/3976/1235 419/4060/1207
f 394/2419/1214 353/2401/51 320/2418/314
f 408/1428/1245 302/1405/457 419/1427/1207
f 342/3416/62 461/3405/1241 422/3446/1230
f 433/2771/1223 323/2807/169 342/2801/62
f 363/1036/1198 353/1032/51 404/1046/1266
f 352/2703/1106 349/2709/1151 401/2736/1235
f 398/3804/116 383/3803/379 387/3843/210
f 388/1962/371 385/1954/181 372/1963/65
f 398/3804/116 387/3843/210 446/3863/1239
f 317/1974/96 388/1962/371 372/1963/65
f 446/3656/1239 387/3627/210 389/3628/310
f 316/1981/97 317/1974/96 372/1963/65
f 398/3998/116 474/3932/738 389/3931/310
f 355/2236/79 402/2258/827 433/2234/1223
f 432/3653/469 389/3628/310 330/3613/361
f 401/2736/1235 427/2727/895 352/2703/1106
f 375/1892/106 389/1891/310 432/1917/469
f 316/1981/97 396/1969/239 380/1970/237
f 380/29/237 396/28/239 372/5/65
f 412/1912/1140 432/1917/469 330/1885/361
f 412/352/1140 330/351/361 399/360/395
f 359/2790/769 408/2760/1245 419/2775/1207
f 408/2760/1245 359/2790/769 318/2792/553
f 505/1074/659 400/1047/814 276/1016/831
f 509/2824/744 257/2823/815 322/2834/163
f 288/711/807 257/640/815 509/683/744
f 287/2297/861 22/2204/249 525/2307/641
f 272/1524/945 290/1592/908 555/1581/438
f 532/1012/347 278/930/732 338/963/302
f 321/3528/429 479/3572/893 441/3573/671
f 479/1990/893 321/1965/429 370/1964/454
f 417/355/1259 434/348/857 373/367/1126
f 417/355/1259 392/324/1000 434/348/857
f 357/2185/764 415/2196/1213 429/2208/832
f 381/2746/1227 374/2714/1101 429/2738/832
f 366/334/1206 407/316/1096 392/324/1000
f 358/332/726 407/316/1096 366/334/1206
f 449/3822/1246 351/3756/104 442/3821/1183
f 415/2196/1213 335/2160/549 359/2076/769
f 367/294/848 358/332/726 406/317/1267
f 419/2128/1207 415/2196/1213 359/2076/769
f 403/2726/1240 374/2714/1101 381/2746/1227
f 362/3629/615 415/3658/1213 419/3659/1207
f 368/342/851 417/355/1259 395/359/1168
f 394/343/1214 368/342/851 395/359/1168
f 425/2228/1252 329/2256/85 327/2224/232
f 448/3530/1264 329/3467/85 425/3529/1252
f 326/3585/193 336/3584/115 460/3634/1161
f 460/2183/1161 329/2256/85 448/2217/1264
f 428/3846/1054 416/3802/1256 329/3801/85
f 394/343/1214 395/359/1168 404/354/1266
f 425/2228/1252 327/2224/232 460/2183/1161
f 403/2907/1240 381/2898/1227 302/2878/457
f 460/3642/1161 336/3643/115 436/3610/221
f 457/3196/1172 466/3231/522 336/3205/115
f 339/3232/126 336/3205/115 466/3231/522
f 420/768/773 339/743/126 466/776/522
f 457/1071/1172 336/1055/115 387/1054/210
f 420/768/773 387/744/210 339/743/126
f 387/4275/210 420/4223/773 457/4274/1172
f 410/2613/1160 457/2594/1172 420/2617/773
f 461/1281/1241 409/1304/1053 340/1282/105
f 349/2709/1151 403/2726/1240 401/2736/1235
f 422/4251/1230 340/4250/105 356/4308/8
f 457/2594/1172 410/2613/1160 344/2595/279
f 401/2736/1235 403/2726/1240 419/2775/1207
f 438/33/932 513/46/602 385/20/181
f 385/1666/181 437/1680/873 489/1695/486
f 406/593/1267 394/616/1214 320/594/314
f 404/354/1266 348/375/1154 378/363/1073
f 438/2350/932 385/2362/181 388/2349/371
f 422/4193/1230 433/4194/1223 342/4116/62
f 323/2807/169 433/2771/1223 461/2770/1241
f 424/1336/428 383/1311/379 398/1330/116
f 474/1590/738 398/1584/116 446/1583/1239
f 453/554/1254 316/533/97 438/532/932
f 438/506/932 316/507/97 372/493/65
f 438/33/932 372/5/65 396/28/239
f 412/3638/1140 446/3656/1239 389/3628/310
f 474/1920/738 412/1912/1140 389/1891/310
f 367/294/848 406/317/1267 371/303/655
f 418/2618/889 404/2659/1266 378/2591/1073
f 371/3133/655 406/3158/1267 411/3146/987
f 480/1349/489 398/1330/116 375/1310/106
f 343/978/58 355/984/79 433/997/1223
f 400/2753/814 427/2727/895 401/2736/1235
f 363/1036/1198 404/1046/1266 418/1058/889
f 401/2736/1235 408/2760/1245 400/2753/814
f 411/3458/987 406/3507/1267 363/3515/1198
f 412/4281/1140 375/4210/106 485/4280/332
f 411/3458/987 363/3515/1198 377/3491/868
f 412/352/1140 399/360/395 375/368/106
f 318/2792/553 400/2753/814 408/2760/1245
f 363/3515/1198 418/3516/889 377/3491/868
f 380/1618/237 451/1642/1035 454/1645/937
f 427/2727/895 524/2729/981 352/2703/1106
f 286/2503/821 314/2520/949 527/2575/774
f 275/1014/756 487/1066/754 570/1091/564
f 382/2683/939 288/2641/807 509/2706/744
f 509/683/744 322/659/163 454/656/937
f 538/1078/626 16/927/272 376/1042/605
f 369/2538/734 678/2564/640 313/2582/720
f 293/2890/902 287/2840/861 567/2889/436
f 272/1524/945 555/1581/438 484/1545/736
f 280/2381/593 550/2486/357 299/2406/262
f 494/220/270 310/152/177 299/261/262
f 431/1644/863 441/1639/671 507/1615/834
f 477/1657/798 379/1683/516 467/1660/642
f 421/836/474 510/843/481 465/877/463
f 488/2767/462 370/2778/454 514/2836/450
f 434/1216/857 101/1181/294 465/1244/463
f 478/2656/610 414/2648/571 360/2624/837
f 414/1794/571 481/1774/523 445/1801/382
f 346/3602/492 443/3647/387 462/3655/963
f 463/2337/1182 456/2338/1185 414/2353/571
f 414/3918/571 435/3964/55 481/3974/523
f 456/2171/1185 390/2139/518 414/2154/571
f 390/3917/518 435/3964/55 414/3918/571
f 452/1099/1129 455/1103/325 326/1090/193
f 351/3611/104 449/3652/1246 423/3645/943
f 448/2217/1264 423/2251/943 449/2227/1246
f 456/2338/1185 442/2275/1183 423/2251/943
f 460/3634/1161 452/3631/1129 326/3585/193
f 448/2217/1264 456/2338/1185 423/2251/943
f 428/2270/1054 456/2338/1185 448/2217/1264
f 425/2228/1252 428/2270/1054 448/2217/1264
f 428/4102/1054 347/4023/75 456/4022/1185
f 425/2228/1252 416/2279/1256 428/2270/1054
f 425/2228/1252 409/2261/1053 416/2279/1256
f 456/2171/1185 397/2140/280 390/2139/518
f 466/2129/522 460/2183/1161 436/2130/221
f 457/2184/1172 460/2183/1161 466/2129/522
f 456/2171/1185 437/2155/873 397/2140/280
f 513/46/602 397/6/280 437/31/873
f 471/2628/1184 466/2630/522 413/2643/427
f 422/2241/1230 409/2261/1053 425/2228/1252
f 437/2351/873 409/2261/1053 461/2292/1241
f 422/2241/1230 425/2228/1252 457/2184/1172
f 388/4189/371 437/4273/873 461/4271/1241
f 388/4261/371 489/4260/486 437/4319/873
f 471/962/1184 413/957/427 383/933/379
f 461/3405/1241 340/3476/105 422/3446/1230
f 474/1602/738 410/1601/1160 383/1626/379
f 424/1636/428 474/1602/738 383/1626/379
f 387/508/210 410/517/1160 474/518/738
f 513/46/602 437/31/873 385/20/181
f 446/4018/1239 457/4019/1172 344/3923/279
f 344/500/279 387/508/210 474/518/738
f 446/513/1239 344/500/279 474/518/738
f 461/2292/1241 433/2234/1223 453/2309/1254
f 438/2350/932 388/2349/371 461/2292/1241
f 438/2350/932 461/2292/1241 453/2309/1254
f 396/1432/239 316/1431/97 453/1407/1254
f 517/51/745 438/33/932 396/28/239
f 517/1406/745 396/1432/239 453/1407/1254
f 402/2258/827 453/2309/1254 433/2234/1223
f 412/2144/1140 459/2182/1273 446/2150/1239
f 453/2309/1254 440/2342/1025 517/2343/745
f 343/978/58 433/997/1223 439/998/1272
f 439/2278/1272 453/2309/1254 402/2258/827
f 343/4129/58 439/4215/1272 402/4216/827
f 459/2182/1273 439/2278/1272 433/2234/1223
f 485/1937/332 375/1892/106 432/1917/469
f 480/1349/489 375/1310/106 399/1333/395
f 380/1618/237 440/1638/1025 451/1642/1035
f 459/2182/1273 412/2144/1140 485/2147/332
f 459/3641/1273 485/3682/332 399/3663/395
f 459/2182/1273 399/2132/395 447/2214/786
f 314/2688/949 352/2703/1106 524/2729/981
f 447/586/786 527/514/774 509/683/744
f 509/683/744 454/656/937 447/586/786
f 376/1042/605 275/1014/756 570/1091/564
f 586/1100/585 276/1016/831 364/1040/603
f 15/3426/259 313/3390/720 918/3388/530
f 292/114/307 310/152/177 490/72/267
f 310/152/177 494/220/270 490/72/267
f 431/762/863 507/754/834 405/753/627
f 488/1989/462 479/1990/893 370/1964/454
f 463/2681/1182 414/2648/571 478/2656/610
f 515/1121/483 443/1138/387 496/1115/383
f 443/2145/387 452/2168/1129 462/2177/963
f 449/2227/1246 463/2337/1182 452/2168/1129
f 442/2275/1183 463/2337/1182 449/2227/1246
f 456/2338/1185 463/2337/1182 442/2275/1183
f 448/2217/1264 449/2227/1246 452/2168/1129
f 435/3534/55 470/3574/207 481/3537/523
f 482/3837/368 455/3797/325 436/3796/221
f 498/3341/458 472/3384/217 426/3354/15
f 460/2183/1161 448/2217/1264 452/2168/1129
f 456/2338/1185 347/2277/75 416/2279/1256
f 475/384/264 473/419/191 483/385/350
f 483/385/350 473/419/191 430/430/175
f 409/2261/1053 456/2338/1185 416/2279/1256
f 444/3362/77 472/3384/217 498/3341/458
f 457/2184/1172 425/2228/1252 460/2183/1161
f 482/3837/368 436/3796/221 413/3836/427
f 437/2351/873 456/2338/1185 409/2261/1053
f 430/430/175 469/427/274 483/385/350
f 489/1939/486 388/1962/371 397/1956/280
f 420/2617/773 466/2630/522 471/2628/1184
f 410/2613/1160 420/2617/773 471/2628/1184
f 468/2622/606 410/2613/1160 471/2628/1184
f 468/2622/606 471/2628/1184 503/2638/460
f 471/962/1184 383/933/379 503/966/460
f 502/1003/470 503/980/460 383/979/379
f 383/979/379 410/994/1160 502/1003/470
f 468/4048/606 502/4007/470 410/4006/1160
f 503/2434/460 502/2463/470 424/2441/428
f 502/2463/470 474/2462/738 424/2441/428
f 446/2150/1239 422/2241/1230 457/2184/1172
f 446/2150/1239 433/2234/1223 422/2241/1230
f 489/1695/486 486/1692/471 385/1666/181
f 398/1330/116 480/1349/489 424/1336/428
f 459/2182/1273 433/2234/1223 446/2150/1239
f 439/2278/1272 440/2342/1025 453/2309/1254
f 483/385/350 469/427/274 458/403/29
f 412/1912/1140 474/1920/738 432/1917/469
f 444/3362/77 495/3340/441 464/3378/212
f 451/2331/1035 440/2342/1025 439/2278/1272
f 427/3352/895 464/3378/212 495/3340/441
f 380/29/237 564/70/342 440/35/1025
f 564/1725/342 380/1664/237 486/1692/471
f 485/582/332 528/545/356 480/544/489
f 399/1333/395 485/1353/332 480/1349/489
f 454/2296/937 451/2331/1035 439/2278/1272
f 454/2296/937 439/2278/1272 459/2182/1273
f 447/2214/786 454/2296/937 459/2182/1273
f 364/1040/603 289/1026/631 549/1081/608
f 313/2582/720 678/2564/640 918/2573/530
f 555/3984/438 290/3983/908 534/4075/338
f 278/930/732 534/1000/338 290/944/908
f 479/3472/893 522/3523/871 441/3457/671
f 393/2455/451 354/2456/433 477/2488/798
f 219/1217/719 118/1229/1040 450/1156/609
f 465/877/463 510/843/481 620/835/590
f 429/1932/832 307/1851/878 515/1857/483
f 307/1851/878 462/1813/963 515/1857/483
f 462/2177/963 463/2337/1182 478/2363/610
f 463/2337/1182 462/2177/963 452/2168/1129
f 481/2848/523 478/2847/610 445/2863/382
f 426/2839/15 529/2860/737 520/2854/389
f 506/1142/662 452/1148/1129 443/1138/387
f 519/422/496 473/419/191 475/384/264
f 504/1710/468 435/1684/55 445/1690/382
f 443/1138/387 482/1149/368 496/1115/383
f 482/3654/368 443/3647/387 386/3617/369
f 452/1884/1129 506/1915/662 497/1921/494
f 455/1280/325 452/1300/1129 497/1301/494
f 482/1523/368 386/1522/369 455/1549/325
f 436/1900/221 455/1893/325 497/1921/494
f 516/252/888 430/223/175 473/234/191
f 470/3574/207 435/3534/55 508/3533/392
f 397/3565/280 470/3574/207 508/3533/392
f 397/1675/280 508/1707/392 489/1695/486
f 563/269/751 430/223/175 518/251/771
f 413/1334/427 503/1358/460 482/1345/368
f 466/428/522 436/413/221 502/412/470
f 503/3930/460 413/3929/427 466/3996/522
f 466/2548/522 502/2549/470 468/2533/606
f 503/3930/460 466/3996/522 468/3993/606
f 517/51/745 513/46/602 438/33/932
f 444/2862/77 464/2891/212 536/2892/779
f 523/249/581 487/231/754 458/224/29
f 400/460/814 464/437/212 427/459/895
f 512/1267/566 483/1259/350 458/1258/29
f 458/3178/29 487/3192/754 512/3210/566
f 574/2658/813 418/2618/889 378/2591/1073
f 527/514/774 314/516/949 524/467/981
f 581/1097/657 16/927/272 538/1078/626
f 287/2297/861 525/2307/641 511/2369/512
f 541/2481/317 550/2486/357 280/2381/593
f 490/1008/267 532/1012/347 338/963/302
f 299/2406/262 550/2486/357 494/2468/270
f 507/3525/834 441/3457/671 522/3523/871
f 500/3520/925 522/3523/871 479/3472/893
f 499/1479/911 477/1447/798 501/1484/905
f 393/1448/451 477/1447/798 499/1479/911
f 393/4211/451 499/4212/911 493/4119/946
f 479/3472/893 488/3456/462 500/3520/925
f 462/1813/963 478/1614/610 506/1826/662
f 565/1376/714 496/1351/383 482/1345/368
f 535/2858/811 475/2915/264 483/2809/350
f 508/1707/392 435/1684/55 504/1710/468
f 397/6/280 513/46/602 470/32/207
f 536/2892/779 472/2856/217 444/2862/77
f 430/223/175 563/269/751 469/230/274
f 562/1378/707 503/1358/460 424/1336/428
f 562/1378/707 424/1336/428 480/1349/489
f 458/224/29 469/230/274 523/249/581
f 526/2917/770 536/2892/779 464/2891/212
f 400/2098/814 526/2097/770 464/2103/212
f 377/2250/868 418/2233/889 512/2242/566
f 512/4277/566 487/4187/754 377/4276/868
f 524/4143/981 400/4241/814 505/4242/659
f 524/467/981 593/445/749 527/514/774
f 723/183/621 273/57/561 581/151/657
f 293/2393/902 567/2491/436 541/2481/317
f 490/72/267 494/220/270 492/219/399
f 491/73/334 490/72/267 492/219/399
f 492/2600/399 552/2525/883 491/2500/334
f 467/1660/642 533/1625/766 477/1657/798
f 477/2323/798 533/2303/766 501/2283/905
f 510/3712/481 493/3711/946 499/3800/911
f 587/2653/699 500/2604/925 488/2590/462
f 510/2015/481 421/1998/474 493/2026/946
f 643/1270/687 434/1216/857 465/1244/463
f 520/4097/389 531/4171/532 426/4098/15
f 426/2186/15 531/2216/532 537/2223/830
f 473/234/191 519/256/496 516/252/888
f 445/1690/382 627/1783/668 504/1710/468
f 546/2884/686 529/2860/737 426/2839/15
f 498/2206/458 426/2186/15 537/2223/830
f 596/71/894 592/66/567 481/25/523
f 596/71/894 481/25/523 470/32/207
f 546/2884/686 426/2839/15 472/2856/217
f 430/223/175 516/252/888 518/251/771
f 579/2864/578 535/2858/811 483/2809/350
f 444/3362/77 498/3341/458 495/3340/441
f 427/2203/895 495/2209/441 521/2225/936
f 524/2230/981 427/2203/895 551/2240/730
f 487/231/754 523/249/581 530/253/1110
f 557/211/1149 526/274/770 400/218/814
f 560/576/381 528/545/356 485/582/332
f 487/143/754 418/164/889 574/172/813
f 487/1066/754 664/1123/575 570/1091/564
f 376/1042/605 570/1091/564 538/1078/626
f 365/1518/718 273/1546/561 723/1542/621
f 278/930/732 532/1012/347 534/1000/338
f 280/2381/593 293/2393/902 541/2481/317
f 636/2768/672 488/2767/462 514/2836/450
f 478/2656/610 360/2624/837 434/2587/857
f 475/2915/264 535/2858/811 539/2941/954
f 518/251/771 516/252/888 566/271/840
f 502/1936/470 436/1900/221 584/1968/708
f 540/2837/716 579/2864/578 483/2809/350
f 551/2240/730 427/2203/895 521/2225/936
f 480/1349/489 528/1367/356 562/1378/707
f 568/194/727 557/211/1149 400/218/814
f 568/194/727 400/218/814 524/178/981
f 382/716/939 574/732/813 378/761/1073
f 509/683/744 574/732/813 382/716/939
f 628/1062/592 532/1012/347 490/1008/267
f 598/976/740 510/939/481 499/931/911
f 478/1697/610 591/1760/563 445/1690/382
f 516/3677/888 519/3698/496 539/3723/954
f 537/678/830 531/691/532 529/662/737
f 645/1420/628 496/1351/383 565/1376/714
f 497/1921/494 506/1915/662 575/1952/682
f 537/678/830 529/662/737 546/661/686
f 516/3677/888 539/3723/954 535/3724/811
f 536/2892/779 546/2884/686 472/2856/217
f 553/3251/515 546/3299/686 536/3254/779
f 617/1416/704 565/1376/714 482/1345/368
f 498/2206/458 553/2229/515 536/2226/779
f 498/4292/458 536/4293/779 558/4243/698
f 559/575/531 495/543/441 498/542/458
f 489/1695/486 508/1707/392 622/1769/678
f 559/34/531 536/30/779 495/8/441
f 580/2252/679 495/2209/441 536/2226/779
f 543/4110/1120 563/4109/751 540/4185/716
f 542/4134/1015 543/4110/1120 540/4185/716
f 580/2252/679 556/2237/874 495/2209/441
f 536/3895/779 582/3894/377 580/3971/679
f 542/2812/1015 540/2837/716 483/2809/350
f 536/3323/779 556/3356/874 582/3331/377
f 495/2209/441 556/2237/874 521/2225/936
f 542/608/1015 483/623/350 569/624/422
f 543/259/1120 469/230/274 563/269/751
f 543/1271/1120 569/1290/422 483/1259/350
f 526/2023/770 556/2003/874 536/2022/779
f 526/2023/770 521/1996/936 556/2003/874
f 469/230/274 543/259/1120 523/249/581
f 543/1271/1120 483/1259/350 512/1267/566
f 543/1271/1120 512/1267/566 544/1272/763
f 544/3857/763 523/3913/581 543/3874/1120
f 561/2952/855 521/2970/936 526/2912/770
f 557/4057/1149 551/4141/730 526/4058/770
f 512/4161/566 530/4087/1110 544/4160/763
f 524/2230/981 551/2240/730 557/2245/1149
f 560/1959/381 485/1937/332 650/2007/722
f 440/35/1025 564/70/342 667/128/759
f 333/1312/646 365/1518/718 621/1434/637
f 610/1576/654 484/1545/736 555/1581/438
f 391/561/658 484/589/736 585/645/688
f 552/299/883 554/353/882 548/344/950
f 492/298/399 554/353/882 552/299/883
f 552/2525/883 631/2542/617 491/2500/334
f 501/2283/905 533/2303/766 760/2324/402
f 755/2737/331 522/2603/871 500/2604/925
f 772/1031/664 476/1150/616 219/1217/719
f 624/2671/533 500/2604/925 587/2653/699
f 587/3692/699 488/3746/462 595/3747/700
f 515/1857/483 462/1813/963 506/1826/662
f 443/1138/387 515/1121/483 506/1142/662
f 604/16/404 516/47/888 535/17/811
f 516/252/888 604/312/404 566/271/840
f 518/1791/771 566/1795/840 535/1776/811
f 579/1955/578 518/1930/771 535/1929/811
f 518/251/771 660/329/909 563/269/751
f 436/1900/221 497/1921/494 584/1968/708
f 558/572/698 559/575/531 498/542/458
f 576/2553/391 569/2554/422 543/2540/1120
f 432/1917/469 474/1920/738 603/1979/1162
f 521/609/936 561/619/855 551/610/730
f 601/2920/453 561/2952/855 526/2912/770
f 523/249/581 611/308/614 530/253/1110
f 601/4145/453 526/4144/770 551/4064/730
f 544/3429/763 530/3375/1110 611/3339/614
f 571/161/319 568/194/727 524/178/981
f 418/4066/889 487/3989/754 589/3977/865
f 664/144/575 487/143/754 574/172/813
f 276/1016/831 586/1100/585 505/1074/659
f 642/2477/636 369/2538/734 311/2400/757
f 287/2694/861 511/2680/512 567/2713/436
f 555/833/438 534/866/338 545/848/228
f 541/2195/317 567/2207/436 547/2246/247
f 545/848/228 534/866/338 532/903/347
f 541/2195/317 547/2246/247 550/2191/357
f 499/931/911 501/942/905 615/992/587
f 595/1184/700 488/1169/462 636/1168/672
f 791/159/619 478/21/610 758/154/731
f 478/21/610 481/25/523 758/154/731
f 531/3367/532 608/3359/370 529/3327/737
f 445/1690/382 591/1760/563 627/1783/668
f 606/1971/833 497/1921/494 575/1952/682
f 537/915/830 546/897/686 594/914/425
f 588/887/354 604/913/404 535/893/811
f 537/2223/830 553/2229/515 498/2206/458
f 590/2556/298 546/2557/686 553/2531/515
f 578/1747/758 508/1707/392 504/1710/468
f 535/1776/811 566/1795/840 588/1800/354
f 497/1921/494 606/1971/833 613/1975/900
f 518/4070/771 579/4162/578 660/4071/909
f 590/1652/298 558/1678/698 536/1653/779
f 558/572/698 580/599/679 559/575/531
f 503/1358/460 617/1416/704 482/1345/368
f 669/2899/794 579/2864/578 540/2837/716
f 569/4192/422 540/4122/716 563/4191/751
f 559/575/531 580/599/679 582/600/377
f 569/4049/422 563/4050/751 542/3992/1015
f 543/259/1120 542/258/1015 576/287/391
f 576/287/391 542/258/1015 563/269/751
f 486/1692/471 489/1695/486 619/1767/826
f 517/51/745 440/35/1025 607/93/675
f 597/1752/776 486/1692/471 619/1767/826
f 544/3429/763 611/3339/614 572/3444/345
f 572/4268/345 523/4267/581 544/4313/763
f 572/418/345 605/382/344 523/381/581
f 432/1917/469 603/1979/1162 485/1937/332
f 530/253/1110 589/289/865 487/231/754
f 571/2255/319 524/2230/981 557/2245/1149
f 667/128/759 607/93/675 440/35/1025
f 586/1100/585 364/1040/603 549/1081/608
f 549/1081/608 289/1026/631 792/1185/652
f 525/2307/641 17/2187/276 106/2205/588
f 680/680/681 577/646/649 391/561/658
f 585/1538/688 484/1545/736 610/1576/654
f 612/109/445 532/81/347 628/80/592
f 631/1069/617 490/1008/267 491/1013/334
f 522/3810/871 735/3880/397 507/3881/834
f 594/2257/425 553/2229/515 537/2223/830
f 553/2531/515 602/2543/544 590/2556/298
f 693/1814/517 508/1707/392 578/1747/758
f 508/1707/392 693/1814/517 622/1769/678
f 584/1968/708 497/1921/494 613/1975/900
f 657/103/601 470/32/207 513/46/602
f 590/49/298 536/30/779 559/34/531
f 582/54/377 590/49/298 559/34/531
f 584/1968/708 623/1982/521 502/1936/470
f 474/1920/738 623/1982/521 668/2002/525
f 603/1979/1162 474/1920/738 668/2002/525
f 603/1412/1162 641/1421/661 562/1378/707
f 626/3001/597 561/2952/855 601/2920/453
f 486/1692/471 597/1752/776 564/1725/342
f 629/4135/1144 589/4220/865 530/4221/1110
f 792/1185/652 15/926/259 1254/1292/918
f 555/3086/438 696/3106/724 610/3091/654
f 585/645/688 680/680/681 391/561/658
f 720/1283/308 554/1291/882 492/1252/399
f 475/767/264 539/752/954 609/766/432
f 539/4155/954 519/4218/496 609/4219/432
f 575/1952/682 683/1993/576 606/1971/833
f 614/889/449 594/914/425 546/897/686
f 604/4025/404 583/4096/411 566/4026/840
f 546/9/686 590/49/298 674/67/1028
f 566/3259/840 583/3305/411 616/3293/376
f 580/599/679 558/572/698 590/603/298
f 669/2899/794 540/2837/716 569/2830/422
f 600/3361/364 582/3331/377 556/3356/874
f 474/1920/738 502/1936/470 623/1982/521
f 569/4205/422 576/4126/391 573/4204/46
f 517/51/745 607/93/675 630/101/898
f 572/418/345 639/417/728 605/382/344
f 523/249/581 605/306/344 654/323/822
f 611/308/614 523/249/581 654/323/822
f 601/4145/453 551/4064/730 659/4063/748
f 603/1412/1162 562/1378/707 528/1367/356
f 663/1433/747 603/1412/1162 528/1367/356
f 629/2232/1144 530/2272/1110 512/2242/566
f 418/2233/889 629/2232/1144 512/2242/566
f 698/2719/695 524/2752/981 505/2720/659
f 593/4027/749 524/4079/981 698/4080/695
f 732/495/559 509/683/744 527/514/774
f 698/1147/695 505/1074/659 586/1100/585
f 697/2333/665 311/2400/757 361/2320/739
f 511/2369/512 525/2307/641 714/2442/645
f 511/2369/512 714/2442/645 625/2444/725
f 545/636/228 696/705/724 555/637/438
f 652/898/913 545/848/228 532/903/347
f 652/3722/913 532/3674/347 612/3673/445
f 492/2467/399 494/2468/270 644/2527/635
f 755/2737/331 500/2604/925 624/2671/533
f 1137/945/233 219/1217/719 450/1156/609
f 598/976/740 499/931/911 615/992/587
f 506/1826/662 478/1614/610 791/1623/619
f 765/1867/768 591/1760/563 478/1697/610
f 765/2745/768 478/2656/610 434/2587/857
f 797/1374/565 519/1366/496 475/1391/264
f 609/615/432 519/596/496 648/595/560
f 666/1425/618 496/1351/383 645/1420/628
f 758/154/731 592/66/567 670/100/666
f 504/1710/468 627/1783/668 578/1747/758
f 658/98/643 596/71/894 470/32/207
f 582/54/377 689/88/723 590/49/298
f 551/2240/730 561/2243/855 688/2313/782
f 638/170/545 557/211/1149 568/194/727
f 571/2255/319 557/2245/1149 665/2301/539
f 638/170/545 568/194/727 571/161/319
f 629/4065/1144 418/4066/889 589/3977/865
f 732/495/559 527/514/774 593/445/749
f 549/1081/608 649/1120/577 586/1100/585
f 581/1097/657 538/1078/626 686/1130/674
f 792/1185/652 649/1120/577 549/1081/608
f 697/2333/665 642/2477/636 311/2400/757
f 567/2713/436 511/2680/512 625/2673/725
f 550/2191/357 547/2246/247 646/2247/690
f 550/1171/357 599/1189/367 653/1172/656
f 494/2468/270 550/2486/357 653/2535/656
f 720/1283/308 492/1252/399 644/1257/635
f 450/1161/609 405/1284/627 800/1294/632
f 510/1687/481 771/1688/917 620/1608/590
f 465/13/463 620/12/590 643/65/687
f 797/1374/565 475/1391/264 783/1392/800
f 520/2213/389 704/2315/709 531/2216/532
f 608/2260/370 531/2216/532 704/2315/709
f 784/1482/920 496/1351/383 666/1425/618
f 529/2860/737 608/2918/370 520/2854/389
f 758/154/731 481/25/523 592/66/567
f 575/1952/682 506/1915/662 721/2024/669
f 674/67/1028 614/45/449 546/9/686
f 566/1795/840 661/1856/804 588/1800/354
f 618/1796/443 579/1766/578 563/1748/751
f 682/347/847 563/269/751 669/336/794
f 669/336/794 563/269/751 579/288/578
f 619/3959/826 630/4003/898 597/3928/776
f 551/2240/730 688/2313/782 659/2299/748
f 597/3928/776 630/4003/898 607/4004/675
f 706/3338/1174 572/3444/345 611/3339/614
f 650/2007/722 485/1937/332 673/2009/589
f 665/2420/539 557/2421/1149 638/2390/545
f 921/3391/514 525/3447/641 333/3400/646
f 106/3423/588 333/3400/646 525/3447/641
f 567/2713/436 625/2673/725 703/2712/783
f 655/2202/922 550/2191/357 646/2247/690
f 550/325/357 655/326/922 599/300/367
f 631/1069/617 773/1112/979 490/1008/267
f 735/3850/397 405/3849/627 507/3898/834
f 636/1005/672 514/923/450 633/955/625
f 633/2300/625 514/2249/450 429/2208/832
f 590/2556/298 602/2543/544 580/2541/679
f 660/4214/909 618/4136/443 563/4213/751
f 623/2965/521 584/2966/708 503/2893/460
f 513/46/602 517/51/745 634/95/676
f 637/1419/547 503/1358/460 562/1378/707
f 573/2808/46 690/2874/1079 569/2830/422
f 573/276/46 576/287/391 682/347/847
f 605/306/344 573/276/46 682/347/847
f 605/3114/344 639/3082/728 573/3085/46
f 582/3331/377 600/3361/364 626/3324/597
f 560/3704/381 650/3701/722 528/3754/356
f 710/1153/488 664/1123/575 574/1092/813
f 538/1078/626 570/1091/564 664/1123/575
f 538/1078/626 664/1123/575 686/1130/674
f 1254/3425/918 15/3426/259 918/3388/530
f 545/848/228 652/898/913 635/834/599
f 490/1008/267 773/1112/979 628/1062/592
f 722/703/335 548/696/950 554/799/882
f 434/2587/857 643/2664/687 765/2745/768
f 515/1359/483 496/1351/383 784/1482/920
f 588/887/354 609/886/432 648/908/560
f 604/913/404 588/887/354 648/908/560
f 594/393/425 614/431/449 608/394/370
f 705/85/1061 614/45/449 674/67/1028
f 578/4181/758 694/4182/613 596/4113/894
f 616/3293/376 661/3260/804 566/3259/840
f 616/3166/376 579/3167/578 661/3138/804
f 579/1766/578 618/1796/443 661/1812/804
f 579/1369/578 616/1384/376 660/1400/909
f 689/88/723 674/67/1028 590/49/298
f 682/1811/847 669/1806/794 618/1796/443
f 682/1839/847 618/1860/443 660/1840/909
f 622/1769/678 632/1770/890 489/1695/486
f 556/2237/874 580/2252/679 709/2334/520
f 584/4133/708 647/4054/281 503/4053/460
f 681/4198/504 647/4284/281 584/4199/708
f 489/1695/486 632/1770/890 619/1767/826
f 669/2899/794 569/2830/422 690/2874/1079
f 582/54/377 679/91/1190 689/88/723
f 576/287/391 563/269/751 682/347/847
f 503/4118/460 637/4117/547 623/4175/521
f 632/92/890 513/46/602 634/95/676
f 600/2268/364 556/2237/874 709/2334/520
f 626/3001/597 600/3055/364 561/2952/855
f 603/4179/1162 668/4264/525 641/4180/661
f 688/2313/782 561/2243/855 600/2268/364
f 691/134/420 597/89/776 607/93/675
f 603/1979/1162 673/2009/589 485/1937/332
f 663/3753/747 528/3754/356 650/3701/722
f 921/1325/514 333/1312/646 621/1434/637
f 653/2090/656 599/2089/367 655/2102/922
f 533/1625/766 467/1660/642 770/1493/505
f 771/3768/917 510/3767/481 598/3838/740
f 704/3743/709 520/3788/389 656/3807/568
f 656/4089/568 520/4088/389 608/4167/370
f 614/431/449 656/421/568 608/394/370
f 683/1993/576 575/1952/682 721/2024/669
f 627/1783/668 694/1819/613 578/1747/758
f 617/1416/704 676/1437/464 613/1413/900
f 578/1876/758 596/1906/894 693/1877/517
f 647/4209/281 623/4286/521 637/4217/547
f 641/1421/661 637/1419/547 562/1378/707
f 517/51/745 619/94/826 634/95/676
f 651/107/435 517/51/745 630/101/898
f 651/4100/435 619/4168/826 517/4101/745
f 619/4062/826 651/4127/435 640/4076/446
f 690/2874/1079 573/2808/46 639/2827/728
f 682/347/847 675/337/1032 605/306/344
f 619/4062/826 640/4076/446 630/4044/898
f 677/4249/282 597/4306/776 691/4307/420
f 603/1979/1162 687/2016/352 673/2009/589
f 547/1942/247 567/1944/436 703/2010/783
f 515/1857/483 633/1935/625 429/1932/832
f 609/1777/432 588/1800/354 692/1824/819
f 588/1800/354 685/1850/1192 692/1824/819
f 596/71/894 694/119/613 592/66/567
f 617/1416/704 606/1410/833 565/1376/714
f 565/3965/714 606/4045/833 676/4046/464
f 565/3965/714 676/4046/464 713/3966/696
f 606/2100/833 617/2101/704 613/2093/900
f 592/1759/567 694/1819/613 658/1793/643
f 693/124/517 596/71/894 658/98/643
f 584/1968/708 613/1975/900 684/2004/729
f 632/92/890 622/87/678 513/46/602
f 681/4285/504 623/4286/521 647/4209/281
f 632/92/890 634/95/676 662/106/7
f 632/1770/890 662/1792/7 619/1767/826
f 637/1419/547 734/1466/524 778/1490/795
f 641/1421/661 734/1466/524 637/1419/547
f 699/136/528 634/95/676 619/94/826
f 641/1992/661 623/1982/521 734/2049/524
f 709/2334/520 679/2302/1190 600/2268/364
f 651/132/435 634/122/676 640/121/446
f 640/1784/446 634/1772/676 699/1822/528
f 640/1784/446 699/1822/528 677/1798/282
f 688/2313/782 600/2268/364 679/2302/1190
f 688/2313/782 736/2354/638 659/2299/748
f 571/2255/319 665/2301/539 593/2276/749
f 638/170/545 571/161/319 593/147/749
f 698/1147/695 586/1100/585 708/1157/680
f 680/1544/681 585/1538/688 610/1576/654
f 695/2264/934 635/2190/599 652/2248/913
f 829/816/684 467/817/642 476/639/616
f 615/992/587 501/942/905 760/1059/402
f 772/1031/664 219/1217/719 1137/945/233
f 633/1935/625 515/1857/483 774/1859/859
f 704/2315/709 671/2291/970 608/2260/370
f 594/2257/425 608/2260/370 671/2291/970
f 594/2257/425 671/2291/970 672/2293/1062
f 656/3830/568 614/3829/449 672/3899/1062
f 645/1420/628 565/1376/714 713/1459/696
f 583/1368/411 604/1372/404 685/1411/1192
f 661/1856/804 685/1850/1192 588/1800/354
f 606/1971/833 683/1993/576 676/1994/464
f 583/1368/411 685/1411/1192 702/1424/767
f 592/66/567 658/98/643 670/100/666
f 693/1814/517 658/1793/643 694/1819/613
f 713/1459/696 676/1437/464 617/1416/704
f 583/1368/411 702/1424/767 616/1384/376
f 613/1975/900 676/1994/464 684/2004/729
f 602/2262/544 674/2298/1028 580/2252/679
f 470/32/207 657/103/601 658/98/643
f 681/2006/504 584/1968/708 684/2004/729
f 617/1416/704 503/1358/460 647/1422/281
f 662/106/7 657/103/601 513/46/602
f 513/1711/602 622/1769/678 662/1792/7
f 778/2063/795 668/2002/525 623/1982/521
f 734/4072/524 668/4163/525 778/4164/795
f 778/1490/795 623/1417/521 641/1421/661
f 639/3669/728 682/3621/847 690/3662/1079
f 679/91/1190 582/54/377 626/76/597
f 640/4076/446 691/4128/420 630/4044/898
f 691/1571/420 640/1575/446 677/1588/282
f 659/2928/748 716/3007/580 601/2920/453
f 732/495/559 593/445/749 729/444/466
f 574/732/813 761/673/472 710/738/488
f 547/1942/247 703/2010/783 719/2029/1006
f 635/681/599 715/719/799 545/636/228
f 655/3253/922 646/3185/690 717/3283/930
f 652/1096/913 612/1084/445 628/1083/592
f 746/2431/860 552/2446/883 548/2479/950
f 776/1004/803 636/1005/672 633/955/625
f 648/1385/560 519/1327/496 797/1457/565
f 783/1762/800 475/1763/264 609/1734/432
f 704/2315/709 738/2339/497 671/2291/970
f 685/1411/1192 648/1385/560 692/1414/819
f 672/4031/1062 671/4084/970 656/4032/568
f 604/1372/404 648/1385/560 685/1411/1192
f 705/4124/1061 672/4208/1062 614/4125/449
f 683/1993/576 721/2024/669 676/1994/464
f 553/2229/515 594/2257/425 712/2329/1082
f 712/2329/1082 602/2262/544 553/2229/515
f 674/2298/1028 602/2262/544 712/2329/1082
f 622/1769/678 693/1814/517 749/1853/570
f 669/1806/794 661/1812/804 618/1796/443
f 619/1767/826 662/1792/7 699/1822/528
f 691/134/420 651/107/435 630/101/898
f 675/3622/1032 682/3621/847 639/3669/728
f 688/113/782 679/91/1190 626/76/597
f 675/3622/1032 639/3669/728 706/3661/1174
f 572/3444/345 706/3338/1174 639/3434/728
f 654/323/822 605/306/344 675/337/1032
f 601/2920/453 716/3007/580 626/3001/597
f 794/1873/1001 667/1789/759 564/1725/342
f 642/2477/636 943/2508/502 369/2538/734
f 714/1702/645 703/1738/783 625/1703/725
f 646/1986/690 547/1942/247 719/2029/1006
f 719/3193/1006 717/3283/930 646/3185/690
f 552/2525/883 746/2601/860 631/2542/617
f 624/2671/533 587/2653/699 759/2743/797
f 609/4040/432 692/4099/819 783/4041/800
f 627/1783/668 591/1760/563 787/1881/849
f 594/2257/425 672/2293/1062 712/2329/1082
f 702/1364/767 661/1393/804 660/1365/909
f 617/727/704 769/728/880 684/700/729
f 769/1481/880 617/1416/704 647/1422/281
f 769/1481/880 647/1422/281 637/1419/547
f 662/106/7 634/95/676 753/168/586
f 651/107/435 753/168/586 634/95/676
f 668/793/525 687/819/352 641/820/661
f 687/819/352 668/793/525 673/796/589
f 663/1433/747 687/1441/352 603/1412/1162
f 659/4150/748 736/4149/638 716/4240/580
f 611/2286/614 654/2317/822 706/2312/1174
f 701/2335/174 665/2301/539 638/2294/545
f 564/1725/342 597/1752/776 794/1873/1001
f 638/170/545 593/147/749 700/177/691
f 593/147/749 698/140/695 700/177/691
f 708/1157/680 586/1100/585 649/1120/577
f 697/3672/665 361/3671/739 384/3725/663
f 740/2274/928 635/2190/599 695/2264/934
f 644/2527/635 494/2468/270 768/2616/944
f 770/1493/505 467/1660/642 829/1468/684
f 767/3726/388 735/3675/397 522/3667/871
f 598/976/740 615/992/587 747/1044/375
f 598/976/740 747/1044/375 771/1060/917
f 648/1385/560 797/1457/565 692/1414/819
f 656/3807/568 751/3808/622 704/3743/709
f 672/1973/1062 705/1983/1061 712/1966/1082
f 702/1424/767 660/1400/909 616/1384/376
f 669/1379/794 660/1365/909 661/1393/804
f 757/166/569 658/98/643 657/103/601
f 684/4151/729 718/4200/595 617/4201/704
f 769/2060/880 681/2006/504 684/2004/729
f 734/2049/524 623/1982/521 790/2071/419
f 699/1822/528 707/1828/591 677/1798/282
f 597/1752/776 677/1798/282 766/1858/809
f 597/1752/776 766/1858/809 794/1873/1001
f 701/212/174 638/170/545 700/177/691
f 796/207/992 607/93/675 667/128/759
f 711/3417/701 700/3443/691 665/3397/539
f 698/314/695 665/313/539 700/339/691
f 593/2276/749 665/2301/539 729/2355/466
f 680/680/681 763/733/653 577/646/649
f 703/583/783 714/531/645 731/574/416
f 405/1655/627 735/1478/397 800/1458/632
f 776/564/803 633/621/625 803/529/206
f 656/2200/568 671/2212/970 751/2201/622
f 671/2212/970 738/2222/497 751/2201/622
f 702/1424/767 685/1411/1192 733/1440/444
f 674/2298/1028 709/2334/520 580/2252/679
f 681/1439/504 713/1459/696 617/1416/704
f 718/2036/595 681/2006/504 617/1978/704
f 660/2674/909 724/2710/1205 682/2675/847
f 713/1459/696 681/1439/504 769/1481/880
f 690/2874/1079 724/2942/1205 669/2899/794
f 657/103/601 662/106/7 757/166/569
f 623/1982/521 681/2006/504 790/2071/419
f 778/1490/795 769/1481/880 637/1419/547
f 626/3555/597 716/3554/580 688/3586/782
f 673/2009/589 668/2002/525 851/2094/227
f 832/2096/996 650/2007/722 673/2009/589
f 711/2344/701 665/2301/539 701/2335/174
f 574/732/813 509/683/744 761/673/472
f 581/151/657 979/242/630 723/183/621
f 762/3101/562 610/3091/654 696/3106/724
f 680/1544/681 610/1576/654 762/1564/562
f 715/719/799 696/705/724 545/636/228
f 655/3253/922 717/3283/930 653/3284/656
f 494/2468/270 653/2535/656 768/2616/944
f 746/1106/860 773/1112/979 631/1069/617
f 548/2479/950 722/2480/335 746/2431/860
f 767/2732/388 522/2603/871 755/2737/331
f 772/635/664 829/816/684 476/639/616
f 858/1162/670 450/1161/609 800/1294/632
f 784/1482/920 774/1477/859 515/1359/483
f 787/1881/849 591/1760/563 765/1867/768
f 738/2339/497 704/2315/709 803/2370/206
f 506/1915/662 779/2048/648 788/2052/478
f 712/1966/1082 705/1983/1061 674/1984/1028
f 689/88/723 728/116/479 674/67/1028
f 669/2899/794 724/2942/1205 660/2906/909
f 662/1792/7 622/1769/678 749/1853/570
f 699/1822/528 662/1792/7 749/1853/570
f 709/4068/520 689/3982/723 679/3981/1190
f 687/1441/352 778/1490/795 641/1421/661
f 668/2002/525 734/2049/524 851/2094/227
f 677/1798/282 707/1828/591 766/1858/809
f 654/323/822 675/337/1032 706/370/1174
f 832/3703/996 663/3753/747 650/3701/722
f 956/2319/538 697/2333/665 384/2311/663
f 680/1544/681 762/1564/562 775/1525/717
f 730/735/1060 715/719/799 635/681/599
f 722/703/335 554/799/882 720/800/308
f 760/2120/402 533/2162/766 770/2163/505
f 615/992/587 756/1048/360 747/1044/375
f 587/3692/699 595/3747/700 759/3715/797
f 636/1168/672 759/1240/797 595/1184/700
f 783/1202/800 692/1170/819 737/1187/398
f 721/2024/669 506/1915/662 788/2052/478
f 694/1819/613 627/1783/668 787/1881/849
f 801/180/947 758/154/731 670/100/666
f 750/4246/495 661/4247/804 702/4178/767
f 685/1850/1192 661/1856/804 750/1918/495
f 733/1440/444 750/1445/495 702/1424/767
f 718/2036/595 684/2004/729 814/2075/1034
f 709/4169/520 674/4170/1028 728/4105/479
f 690/3662/1079 682/3621/847 724/3637/1205
f 785/188/536 651/107/435 691/134/420
f 796/207/992 691/134/420 607/93/675
f 754/199/683 701/212/174 700/177/691
f 857/3749/975 663/3753/747 832/3703/996
f 665/2699/539 698/2661/695 739/2670/71
f 708/1157/680 649/1120/577 792/1185/652
f 763/733/653 384/565/663 577/646/649
f 965/788/461 763/733/653 680/680/681
f 680/2761/681 775/2785/717 965/2762/461
f 740/2274/928 730/2211/1060 635/2190/599
f 744/1251/743 720/1283/308 644/1257/635
f 755/2737/331 624/2671/533 759/2743/797
f 620/12/590 771/52/917 643/65/687
f 834/2716/410 765/2745/768 643/2664/687
f 748/4120/490 733/4224/444 685/4225/1192
f 748/1901/490 685/1850/1192 750/1918/495
f 684/2004/729 676/1994/464 814/2075/1034
f 670/100/666 658/98/643 757/166/569
f 681/2006/504 718/2036/595 777/2061/885
f 790/2071/419 681/2006/504 777/2061/885
f 753/168/586 757/166/569 662/106/7
f 745/3761/480 688/3710/782 716/3760/580
f 673/2009/589 851/2094/227 832/2096/996
f 687/1441/352 663/1433/747 857/1506/975
f 754/199/683 736/273/638 701/212/174
f 729/2698/466 665/2699/539 739/2670/71
f 956/2319/538 642/2477/636 697/2333/665
f 762/3101/562 696/3106/724 715/3113/799
f 727/2259/955 715/2244/799 730/2211/1060
f 719/3193/1006 703/3243/783 726/3281/903
f 727/2259/955 730/2211/1060 740/2274/928
f 653/2535/656 717/2579/930 975/2669/1031
f 1137/945/233 450/1156/609 858/1015/670
f 733/1200/444 737/1187/398 692/1170/819
f 645/1420/628 784/1482/920 666/1425/618
f 737/1617/398 733/1616/444 748/1646/490
f 751/1430/622 738/1408/497 741/1429/182
f 725/3346/141 748/3370/490 750/3322/495
f 749/1853/570 693/1814/517 781/1872/841
f 741/1429/182 709/1409/520 728/1423/479
f 745/131/480 728/116/479 689/88/723
f 745/4316/480 689/4317/723 709/4258/520
f 699/1822/528 749/1853/570 786/1871/812
f 785/188/536 753/168/586 651/107/435
f 743/3368/277 725/3346/141 742/3332/323
f 725/3346/141 743/3368/277 752/3369/487
f 716/3699/580 728/3700/479 745/3639/480
f 745/2352/480 736/2354/638 688/2313/782
f 716/4033/580 736/4103/638 754/4104/683
f 743/3368/277 742/3332/323 764/3355/144
f 700/177/691 739/171/71 754/199/683
f 711/3417/701 739/3428/71 700/3443/691
f 708/1157/680 798/1188/493 698/1147/695
f 861/1199/633 686/1130/674 664/1123/575
f 621/1434/637 365/1518/718 957/1470/482
f 719/3193/1006 726/3281/903 717/3283/930
f 628/2273/592 695/2264/934 652/2248/913
f 722/15/335 720/14/308 744/48/743
f 722/15/335 744/48/743 746/58/860
f 644/2193/635 768/2221/944 744/2194/743
f 615/992/587 760/1059/402 756/1048/360
f 643/3128/687 771/3080/917 902/3127/810
f 633/1935/625 774/1859/859 888/1895/333
f 779/1830/648 506/1826/662 791/1623/619
f 692/1414/819 797/1457/565 733/1440/444
f 784/1482/920 645/1420/628 713/1459/696
f 693/1814/517 694/1819/613 781/1872/841
f 748/3370/490 725/3346/141 752/3369/487
f 676/1994/464 721/2024/669 814/2075/1034
f 741/1429/182 738/1408/497 789/1404/772
f 709/1409/520 741/1429/182 789/1404/772
f 707/1828/591 699/1822/528 786/1871/812
f 687/1441/352 812/1503/923 778/1490/795
f 725/1443/141 793/1471/879 742/1462/323
f 707/1828/591 786/1871/812 766/1858/809
f 857/1506/975 812/1503/923 687/1441/352
f 764/724/144 742/701/323 880/723/363
f 782/39/138 754/27/683 711/19/701
f 782/39/138 798/40/493 754/27/683
f 782/2383/138 711/2344/701 701/2335/174
f 739/4142/71 698/4235/695 754/4236/683
f 729/2265/466 754/2266/683 698/2231/695
f 729/4297/466 711/4226/701 754/4296/683
f 711/3417/701 729/3396/466 739/3428/71
f 710/4131/488 764/4190/144 880/4132/363
f 806/473/465 732/495/559 729/444/466
f 976/1220/705 798/1188/493 708/1157/680
f 365/1518/718 723/1542/621 957/1470/482
f 943/2508/502 678/2564/640 369/2538/734
f 800/1458/632 735/1478/397 862/1442/702
f 735/3675/397 767/3726/388 863/3668/792
f 760/3496/402 770/3477/505 808/3473/583
f 780/3186/406 755/3238/331 759/3209/797
f 776/1528/803 759/1567/797 636/1568/672
f 774/1859/859 779/1830/648 888/1895/333
f 779/1504/648 774/1489/859 788/1488/478
f 791/3498/619 787/3470/849 765/3474/768
f 758/3499/731 787/3470/849 791/3498/619
f 797/1457/565 815/1461/1090 733/1440/444
f 750/1445/495 733/1440/444 815/1461/1090
f 694/1819/613 787/1881/849 853/1904/886
f 718/2036/595 814/2075/1034 810/2079/513
f 777/2061/885 718/2036/595 810/2079/513
f 741/1175/182 728/1159/479 831/1197/1095
f 709/4038/520 789/4111/772 745/4112/480
f 749/1853/570 781/1872/841 866/1905/980
f 796/207/992 785/188/536 691/134/420
f 804/1486/986 742/1462/323 793/1471/879
f 736/2354/638 782/2383/138 701/2335/174
f 729/883/466 798/852/493 782/868/138
f 764/3057/144 799/3074/537 743/3046/277
f 798/2607/493 729/2644/466 698/2608/695
f 873/1203/693 976/1220/705 708/1157/680
f 714/2442/645 525/2307/641 921/2458/514
f 768/2616/944 653/2535/656 975/2669/1031
f 744/2489/743 773/2585/979 746/2570/860
f 862/282/702 735/283/397 863/238/792
f 767/3237/388 780/3186/406 863/3191/792
f 756/3527/360 760/3496/402 808/3473/583
f 780/3186/406 767/3237/388 755/3238/331
f 756/3527/360 808/3473/583 795/3466/499
f 756/3527/360 795/3466/499 747/3526/375
f 747/3526/375 795/3466/499 771/3483/917
f 803/529/206 704/573/709 811/521/761
f 843/3600/321 787/3649/849 758/3650/731
f 704/3743/709 751/3808/622 811/3775/761
f 738/2339/497 803/2370/206 830/2377/459
f 783/1202/800 737/1187/398 748/1201/490
f 789/2371/772 738/2339/497 830/2377/459
f 694/1819/613 853/1904/886 781/1872/841
f 788/2052/478 846/2069/195 721/2024/669
f 814/2075/1034 721/2024/669 846/2069/195
f 820/1502/784 784/1482/920 713/1459/696
f 757/166/569 801/180/947 670/100/666
f 713/1459/696 769/1481/880 820/1502/784
f 819/3077/1233 748/3047/490 752/3054/487
f 725/1443/141 750/1445/495 819/1472/1233
f 793/1471/879 725/1443/141 819/1472/1233
f 845/1198/1269 728/1159/479 716/1158/580
f 845/1198/1269 716/1158/580 754/1180/683
f 799/3074/537 752/3054/487 743/3046/277
f 736/2354/638 745/2352/480 845/2395/1269
f 840/208/1026 785/188/536 796/207/992
f 799/1492/537 742/1462/323 804/1486/986
f 799/1340/537 880/1323/363 742/1322/323
f 761/673/472 509/683/744 732/495/559
f 664/1123/575 710/1153/488 996/1227/506
f 891/1206/660 686/1130/674 861/1199/633
f 979/242/630 581/151/657 1260/335/931
f 977/1151/999 628/1062/592 773/1112/979
f 744/2489/743 768/2464/944 773/2585/979
f 803/1922/206 633/1935/625 888/1895/333
f 843/2791/321 765/2745/768 959/2802/500
f 779/2131/648 791/1946/619 805/2116/93
f 791/1946/619 802/1960/84 805/2116/93
f 791/2782/619 765/2745/768 843/2791/321
f 797/2581/565 783/2566/800 834/2565/410
f 807/2285/584 774/2326/859 784/2316/920
f 758/154/731 853/187/886 843/176/321
f 811/3538/761 789/3503/772 830/3531/459
f 811/1193/761 751/1179/622 741/1175/182
f 784/2379/920 814/2392/1034 846/2408/195
f 831/1197/1095 811/1193/761 741/1175/182
f 783/3163/800 748/3164/490 815/3143/1090
f 757/166/569 852/197/1220 801/180/947
f 748/3047/490 819/3077/1233 815/3075/1090
f 814/2392/1034 820/2380/784 810/2378/513
f 815/1461/1090 819/1472/1233 750/1445/495
f 745/3504/480 789/3503/772 831/3558/1095
f 769/3886/880 777/3885/885 810/3960/513
f 845/1198/1269 831/1197/1095 728/1159/479
f 845/2395/1269 745/2352/480 831/2386/1095
f 809/1501/839 769/1481/880 778/1490/795
f 827/356/393 777/371/885 769/372/880
f 790/2071/419 777/2061/885 847/2086/219
f 786/1871/812 749/1853/570 866/1905/980
f 819/3077/1233 752/3054/487 799/3074/537
f 845/1198/1269 754/1180/683 823/1196/485
f 840/1886/1026 794/1873/1001 766/1858/809
f 845/2395/1269 823/2404/485 782/2383/138
f 736/2354/638 845/2395/1269 782/2383/138
f 667/1088/759 794/1107/1001 796/1089/992
f 798/1188/493 823/1196/485 754/1180/683
f 799/3074/537 764/3057/144 893/3105/122
f 761/322/472 764/301/144 710/321/488
f 971/642/414 761/673/472 732/495/559
f 873/1203/693 708/1157/680 792/1185/652
f 943/2508/502 918/2573/530 678/2564/640
f 621/1434/637 957/1470/482 921/1325/514
f 938/2650/968 717/2579/930 726/2583/903
f 717/2579/930 938/2650/968 975/2669/1031
f 808/3469/583 770/3468/505 906/3524/777
f 874/567/760 780/604/406 759/590/797
f 776/564/803 874/567/760 759/590/797
f 834/1460/410 643/1381/687 902/1467/810
f 989/496/612 776/564/803 803/529/206
f 959/2802/500 765/2745/768 834/2716/410
f 805/2158/93 788/2175/478 774/2159/859
f 802/1960/84 836/2117/87 805/2116/93
f 815/3143/1090 834/3147/410 783/3163/800
f 797/1457/565 834/1460/410 872/1473/134
f 815/1461/1090 797/1457/565 872/1473/134
f 807/2285/584 805/2284/93 774/2326/859
f 788/611/478 805/622/93 836/612/87
f 883/3394/790 836/3435/87 807/3395/584
f 836/4056/87 883/3979/790 788/3978/478
f 836/2117/87 802/1960/84 816/1980/31
f 883/254/790 896/281/824 788/248/478
f 788/2052/478 896/2084/824 846/2069/195
f 846/537/195 883/546/790 807/540/584
f 846/537/195 807/540/584 784/535/920
f 816/485/31 818/464/152 848/504/423
f 853/187/886 758/154/731 801/180/947
f 801/1650/947 781/1599/841 853/1634/886
f 821/2112/44 836/2117/87 833/2058/80
f 820/2380/784 814/2392/1034 784/2379/920
f 789/3503/772 811/3538/761 831/3558/1095
f 841/498/220 818/464/152 822/512/64
f 822/512/64 818/464/152 826/472/21
f 820/1502/784 769/1481/880 897/1519/1044
f 810/1582/513 897/1596/1044 769/1597/880
f 809/4233/839 810/4232/513 870/4303/72
f 870/2571/72 769/2572/880 809/2558/839
f 839/2062/38 828/2125/109 821/2112/44
f 870/2495/72 827/2510/393 769/2506/880
f 828/2125/109 839/2062/38 844/2054/129
f 778/550/795 827/538/393 809/549/839
f 777/2816/885 827/2835/393 778/2817/795
f 777/1491/885 778/1490/795 847/1505/219
f 881/214/1224 757/166/569 753/168/586
f 753/168/586 885/217/1100 881/214/1224
f 793/3605/879 819/3635/1233 799/3636/537
f 734/3759/524 911/3684/1156 828/3752/109
f 734/2049/524 828/2085/109 851/2094/227
f 828/2125/109 837/2034/56 842/2047/36
f 766/959/809 786/960/812 840/934/1026
f 817/2424/113 824/2453/4 838/2473/48
f 828/2125/109 842/2047/36 851/2141/227
f 804/3593/986 793/3605/879 799/3636/537
f 851/2141/227 842/2047/36 813/2108/131
f 838/2473/48 824/2453/4 835/2521/358
f 813/2440/131 838/2473/48 835/2521/358
f 813/2440/131 835/2521/358 825/2512/133
f 761/509/472 893/492/122 764/519/144
f 729/883/466 782/868/138 904/899/244
f 904/899/244 806/921/465 729/883/466
f 965/788/461 1252/910/1005 763/733/653
f 980/2013/343 731/1950/416 714/1941/645
f 931/1137/941 740/1094/928 695/1079/934
f 780/604/406 936/566/802 863/620/792
f 803/529/206 811/521/761 989/496/612
f 791/2782/619 843/2791/321 802/2803/84
f 787/454/849 843/470/321 892/455/958
f 960/2402/477 811/2394/761 830/2413/459
f 888/2403/333 830/2377/459 803/2370/206
f 907/1480/439 872/1473/134 834/1460/410
f 896/1354/824 805/1335/93 807/1320/584
f 802/1960/84 843/1947/321 853/1940/886
f 896/3420/824 807/3395/584 836/3435/87
f 816/1980/31 802/1960/84 853/1940/886
f 787/1881/849 892/1919/958 853/1904/886
f 846/2142/195 896/2143/824 836/2117/87
f 816/1980/31 849/2032/40 836/2117/87
f 933/449/1021 818/464/152 816/485/31
f 836/2117/87 849/2032/40 833/2058/80
f 836/2117/87 821/2112/44 846/2142/195
f 841/498/220 848/504/423 818/464/152
f 849/3938/40 848/3870/423 850/3904/196
f 849/3938/40 850/3904/196 841/3937/220
f 839/2062/38 821/2112/44 833/2058/80
f 781/1599/841 801/1650/947 852/1630/1220
f 839/2062/38 849/2032/40 822/2012/64
f 870/1296/72 810/1278/513 820/1277/784
f 828/3811/109 870/3842/72 821/3812/44
f 852/1630/1220 866/1613/980 781/1599/841
f 839/2062/38 822/2012/64 854/2033/114
f 810/3924/513 809/3922/839 897/4009/1044
f 839/2062/38 854/2033/114 844/2054/129
f 894/215/1088 852/197/1220 757/166/569
f 757/4222/569 826/4237/21 894/4114/1088
f 757/4039/569 881/4156/1224 826/4157/21
f 847/2405/219 809/2412/839 827/2391/393
f 870/2092/72 847/2086/219 827/2082/393
f 826/1606/21 859/1627/180 854/1607/114
f 859/1627/180 826/1606/21 817/1724/113
f 859/1627/180 817/1724/113 856/1649/98
f 790/2071/419 847/2086/219 905/2104/1089
f 828/2125/109 844/2054/129 837/2034/56
f 817/1724/113 916/1674/1041 856/1649/98
f 885/217/1100 753/168/586 785/188/536
f 817/1724/113 885/1682/1100 785/1721/536
f 885/1682/1100 817/1724/113 826/1606/21
f 916/1674/1041 817/1724/113 837/1696/56
f 790/1111/419 812/1102/923 734/1101/524
f 911/2625/1156 734/2626/524 812/2598/923
f 785/2437/536 840/2474/1026 824/2453/4
f 835/2521/358 824/2453/4 840/2474/1026
f 835/1882/358 840/1886/1026 882/1911/1049
f 832/2096/996 851/2094/227 911/2113/1156
f 842/2425/36 817/2424/113 838/2473/48
f 794/1107/1001 840/1093/1026 796/1089/992
f 813/3623/131 929/3676/867 851/3630/227
f 782/868/138 823/859/485 904/899/244
f 941/3680/806 929/3676/867 813/3623/131
f 941/2504/806 813/2440/131 825/2512/133
f 710/1153/488 880/1204/363 996/1227/506
f 941/523/806 732/495/559 806/473/465
f 825/1064/133 867/1073/550 732/1050/559
f 825/552/133 732/495/559 941/523/806
f 1254/2165/918 918/2164/530 986/2176/620
f 956/3778/538 384/3758/663 995/3757/689
f 993/1573/634 714/1572/645 921/1587/514
f 715/3113/799 727/3144/955 984/3168/306
f 775/1525/717 762/1564/562 965/1543/461
f 977/1151/999 695/1079/934 628/1062/592
f 906/1456/777 770/1493/505 829/1468/684
f 902/181/810 771/139/917 795/149/499
f 989/496/612 811/521/761 960/497/477
f 909/345/165 834/369/410 815/377/1090
f 871/2126/95 960/2151/477 830/2152/459
f 815/1228/1090 872/1238/134 909/1239/165
f 830/861/459 888/879/333 886/874/28
f 872/1473/134 907/1480/439 901/1485/501
f 907/1136/439 876/1114/320 901/1146/501
f 886/874/28 871/847/95 830/861/459
f 933/366/1021 816/341/31 853/340/886
f 892/1919/958 933/1933/1021 853/1904/886
f 901/1146/501 876/1114/320 869/1131/70
f 816/1451/31 926/1464/1265 849/1452/40
f 871/2253/95 928/2269/789 945/2271/948
f 919/2611/1148 850/2606/196 920/2605/1145
f 919/2954/1148 841/2926/220 850/2925/196
f 841/1531/220 919/1552/1148 848/1532/423
f 945/2271/948 877/2254/66 871/2253/95
f 933/3717/1021 894/3718/1088 818/3664/152
f 920/3632/1145 849/3633/40 841/3594/220
f 920/2000/1145 822/2012/64 849/2032/40
f 913/2028/1197 833/2058/80 849/2032/40
f 849/3999/40 839/4000/38 913/3912/1197
f 868/3262/328 871/3294/95 864/3276/111
f 820/3875/784 879/3869/629 821/3954/44
f 820/1502/784 897/1519/1044 879/1508/629
f 878/3916/1194 820/3875/784 821/3954/44
f 821/3954/44 884/3943/820 878/3916/1194
f 869/1131/70 876/1114/320 887/1113/339
f 878/1299/1194 870/1296/72 820/1277/784
f 870/3842/72 884/3855/820 821/3812/44
f 864/3276/111 871/3294/95 877/3303/66
f 826/472/21 818/464/152 894/448/1088
f 887/1113/339 865/1154/34 869/1131/70
f 822/512/64 826/472/21 934/505/1176
f 852/1630/1220 894/1643/1088 866/1613/980
f 854/1370/114 822/1363/64 912/1386/1152
f 826/4077/21 854/4078/114 912/4014/1152
f 900/4008/1085 897/4009/1044 809/3922/839
f 854/4257/114 859/4311/180 946/4312/1200
f 900/2411/1085 809/2412/839 847/2405/219
f 778/1490/795 900/1520/1085 847/1505/219
f 847/2086/219 870/2092/72 905/2104/1089
f 866/1613/980 881/1624/1224 885/1641/1100
f 900/1520/1085 778/1490/795 812/1503/923
f 916/1674/1041 844/1647/129 856/1649/98
f 828/3310/109 790/3292/419 870/3309/72
f 887/1113/339 860/1124/214 865/1154/34
f 951/1237/1216 837/1210/56 844/1236/129
f 790/4227/419 828/4304/109 812/4305/923
f 860/2705/214 899/2734/19 963/2739/982
f 786/1871/812 866/1905/980 890/1913/1195
f 877/3303/66 889/3302/365 864/3276/111
f 817/3566/113 785/3596/536 940/3597/1164
f 785/4013/536 890/3955/1195 940/4012/1164
f 890/3955/1195 785/4013/536 824/3891/4
f 824/3891/4 882/3888/1049 890/3955/1195
f 911/3684/1156 951/3787/1216 828/3752/109
f 824/2484/4 817/2476/113 940/2483/1164
f 824/2902/4 940/2901/1164 882/2908/1049
f 837/3625/56 817/3624/113 922/3670/1051
f 899/2734/19 893/2765/122 865/2749/34
f 922/4093/1051 817/4146/113 914/4147/1013
f 786/1871/812 890/1913/1195 840/1886/1026
f 817/2496/113 842/2509/36 914/2494/1013
f 890/1913/1195 882/1911/1049 840/1886/1026
f 899/2734/19 860/2705/214 855/2715/145
f 899/2734/19 855/2715/145 880/2733/363
f 930/37/972 842/23/36 838/18/48
f 904/899/244 823/859/485 958/900/211
f 813/2108/131 842/2047/36 930/2014/972
f 864/3276/111 889/3302/365 908/3263/503
f 889/3302/365 895/3308/366 908/3263/503
f 893/1350/122 880/1323/363 799/1340/537
f 895/1207/366 823/1196/485 798/1188/493
f 761/2813/472 924/2818/200 893/2765/122
f 971/2057/414 924/2109/200 761/2115/472
f 825/1064/133 835/1049/358 954/1075/915
f 956/2319/538 943/2508/502 642/2477/636
f 978/3575/324 726/3561/903 703/3509/783
f 762/3101/562 715/3113/799 984/3168/306
f 980/2518/343 703/2519/783 731/2493/416
f 726/2583/903 978/2668/324 938/2650/968
f 990/1155/735 727/1086/955 740/1094/928
f 740/1094/928 931/1137/941 990/1155/735
f 768/2464/944 923/2526/1125 773/2585/979
f 768/2464/944 975/2423/1031 923/2526/1125
f 936/566/802 780/604/406 874/567/760
f 795/149/499 935/185/829 902/181/810
f 1030/1533/426 834/1460/410 902/1467/810
f 888/1895/333 779/1830/648 896/1841/824
f 805/1335/93 896/1354/824 779/1321/648
f 834/369/410 909/345/165 959/296/500
f 868/3262/328 960/3300/477 871/3294/95
f 928/4069/789 871/4021/95 886/4020/28
f 872/2740/134 865/2749/34 909/2779/165
f 875/863/61 928/851/789 886/874/28
f 848/4123/423 849/4138/40 926/4055/1265
f 848/4123/423 920/4042/1145 816/4137/31
f 846/537/195 947/534/1167 883/546/790
f 920/409/1145 850/386/196 927/408/1193
f 848/383/423 927/408/1193 850/386/196
f 919/1552/1148 927/1553/1193 848/1532/423
f 947/2869/1167 846/2845/195 821/2844/44
f 947/3953/1167 821/3954/44 879/3869/629
f 920/3632/1145 841/3594/220 953/3601/1276
f 920/1820/1145 913/1781/1197 822/1785/64
f 913/525/1197 841/498/220 822/512/64
f 953/1118/1276 841/1139/220 913/1119/1197
f 839/4091/38 833/4024/80 926/4090/1265
f 839/1771/38 926/1754/1265 947/1818/1167
f 926/2867/1265 833/2846/80 913/2866/1197
f 913/1022/1197 839/1041/38 947/1023/1167
f 865/2759/34 872/2758/134 915/2784/1218
f 869/1131/70 915/1143/1218 901/1146/501
f 865/2749/34 966/2819/223 909/2779/165
f 864/1555/111 955/1579/884 868/1556/328
f 897/1868/1044 870/1843/72 878/1847/1194
f 879/1852/629 897/1868/1044 878/1847/1194
f 870/2178/72 897/2179/1044 884/2167/820
f 877/2254/66 945/2271/948 917/2263/417
f 915/4188/1218 869/4140/70 865/4139/34
f 866/1613/980 894/1643/1088 881/1624/1224
f 917/2947/417 875/2924/61 877/2927/66
f 934/3990/1176 826/4077/21 912/4014/1152
f 940/1654/1164 881/1624/1224 894/1643/1088
f 912/1722/1152 946/1755/1200 859/1719/180
f 826/3957/21 881/3860/1224 940/3956/1164
f 844/245/129 854/239/114 946/264/1200
f 844/1647/129 946/1612/1200 856/1649/98
f 946/4259/1200 939/4279/1263 856/4174/98
f 859/1836/180 856/1831/98 939/1861/1263
f 865/2749/34 893/2765/122 966/2819/223
f 885/1641/1100 826/1668/21 940/1654/1164
f 790/2071/419 905/2104/1089 900/2105/1085
f 844/1758/129 916/1728/1041 939/1727/1263
f 900/663/1085 870/687/72 790/688/419
f 837/1696/56 951/1669/1216 916/1674/1041
f 963/3781/982 865/3732/34 860/3731/214
f 828/4130/109 951/4202/1216 812/4203/923
f 911/3741/1156 812/3823/923 857/3824/975
f 910/1025/1115 837/1024/56 922/1034/1051
f 908/1565/503 955/1579/884 864/1555/111
f 837/2121/56 910/2153/1115 842/2122/36
f 910/3780/1115 914/3750/1013 842/3779/36
f 823/859/485 875/863/61 958/900/211
f 949/2751/904 895/2744/366 889/2725/365
f 895/1207/366 949/1213/904 875/1205/61
f 832/3751/996 911/3741/1156 857/3824/975
f 930/37/972 838/18/48 948/36/1253
f 893/2765/122 899/2734/19 880/2733/363
f 813/3817/131 948/3816/1253 838/3877/48
f 895/1207/366 875/1205/61 823/1196/485
f 835/1882/358 882/1911/1049 954/1923/915
f 860/3273/214 968/3313/1011 855/3269/145
f 991/1265/624 908/1266/503 895/1255/366
f 880/3280/363 855/3269/145 968/3313/1011
f 954/1075/915 867/1073/550 825/1064/133
f 664/1123/575 996/1227/506 861/1199/633
f 995/840/689 384/565/663 763/733/653
f 923/2526/1125 977/2665/999 773/2585/979
f 862/1442/702 1155/1360/452 800/1458/632
f 863/3689/792 903/3739/881 862/3690/702
f 906/1033/777 898/1021/876 808/1035/583
f 903/3739/881 863/3689/792 936/3702/802
f 935/1020/829 808/1035/583 898/1021/876
f 935/185/829 795/149/499 808/138/583
f 932/1681/1271 892/1629/958 959/1633/500
f 843/206/321 959/221/500 892/222/958
f 926/1754/1265 927/1713/1193 932/1681/1271
f 883/1869/790 937/1827/1237 896/1864/824
f 816/1451/31 927/1465/1193 926/1464/1265
f 920/2897/1145 927/2922/1193 816/2923/31
f 920/4042/1145 848/4123/423 926/4055/1265
f 955/1579/884 950/1578/919 868/1556/328
f 886/874/28 964/909/229 875/863/61
f 917/2947/417 928/2948/789 875/2924/61
f 878/1847/1194 947/1818/1167 879/1852/629
f 878/1847/1194 884/1844/820 947/1818/1167
f 884/1844/820 897/1868/1044 905/1849/1089
f 912/1386/1152 822/1363/64 942/1394/1257
f 822/664/64 934/690/1176 942/692/1257
f 905/1849/1089 952/1803/1229 884/1844/820
f 946/1755/1200 912/1722/1152 952/1803/1229
f 900/1855/1085 905/1849/1089 897/1868/1044
f 964/909/229 958/900/211 875/863/61
f 952/2110/1229 905/2104/1089 870/2092/72
f 934/1709/1176 912/1722/1152 859/1719/180
f 859/1836/180 939/1861/1263 934/1862/1176
f 939/650/1263 951/651/1216 844/631/129
f 865/2933/34 963/2967/982 944/2955/579
f 951/1807/1216 870/1843/72 900/1855/1085
f 866/1613/980 885/1641/1100 890/1632/1195
f 949/3995/904 877/3958/66 875/3994/61
f 951/1807/1216 900/1855/1085 812/1870/923
f 865/2933/34 944/2955/579 899/2951/19
f 890/1632/1195 885/1641/1100 940/1654/1164
f 851/3630/227 929/3676/867 911/3681/1156
f 948/1672/1253 882/1637/1049 940/1654/1164
f 954/1976/915 813/2108/131 930/2014/972
f 948/1672/1253 813/1802/131 954/1667/915
f 948/1672/1253 954/1667/915 882/1637/1049
f 968/3296/1011 962/3271/1243 880/3261/363
f 880/1204/363 962/1215/1243 996/1227/506
f 798/1188/493 991/1223/624 895/1207/366
f 806/2718/465 904/2742/244 972/2774/434
f 867/1073/550 954/1075/915 941/1085/806
f 941/523/806 1028/530/694 867/551/550
f 1028/1110/694 732/1050/559 867/1073/550
f 1069/1248/993 798/1188/493 976/1220/705
f 686/1130/674 891/1206/660 581/1097/657
f 978/3575/324 703/3509/783 980/3508/343
f 906/165/777 1205/265/852 898/167/876
f 858/1162/670 800/1294/632 1162/1163/326
f 1164/937/322 772/1031/664 1137/945/233
f 1216/278/897 902/181/810 935/185/829
f 1256/1732/990 902/1733/810 1216/1718/897
f 907/1480/439 834/1460/410 1030/1533/426
f 932/1681/1271 959/1633/500 896/1864/824
f 933/1656/1021 892/1629/958 932/1681/1271
f 907/3285/439 974/3312/969 876/3278/320
f 982/1591/741 868/1556/328 950/1578/919
f 927/1713/1193 933/1656/1021 932/1681/1271
f 926/1754/1265 932/1681/1271 937/1827/1237
f 872/4299/134 901/4239/501 974/4238/969
f 959/296/500 909/345/165 998/297/287
f 909/1536/165 966/1547/223 998/1563/287
f 887/3282/339 876/3278/320 969/3311/1128
f 947/1818/1167 937/1827/1237 883/1869/790
f 919/1712/1148 953/1677/1276 927/1713/1193
f 953/1677/1276 933/1656/1021 927/1713/1193
f 947/1818/1167 926/1754/1265 937/1827/1237
f 953/1677/1276 919/1712/1148 920/1716/1145
f 953/1677/1276 894/1643/1088 933/1656/1021
f 920/1820/1145 926/1782/1265 913/1781/1197
f 952/1803/1229 913/1737/1197 947/1818/1167
f 894/1643/1088 953/1677/1276 940/1654/1164
f 942/1715/1257 913/1737/1197 952/1803/1229
f 915/3268/1218 872/3250/134 963/3249/982
f 952/1803/1229 947/1818/1167 884/1844/820
f 942/1715/1257 953/1677/1276 913/1737/1197
f 912/1722/1152 942/1715/1257 952/1803/1229
f 934/1709/1176 953/1677/1276 942/1715/1257
f 940/1654/1164 953/1677/1276 934/1709/1176
f 951/1807/1216 946/1755/1200 952/1803/1229
f 951/1807/1216 939/1727/1263 946/1755/1200
f 939/1727/1263 916/1728/1041 934/1709/1176
f 952/1803/1229 870/1843/72 951/1807/1216
f 916/1728/1041 940/1654/1164 934/1709/1176
f 962/3892/1243 963/3893/982 899/3856/19
f 949/2751/904 889/2725/365 970/2750/1238
f 910/1745/1115 916/1728/1041 951/1807/1216
f 910/1745/1115 922/1717/1051 916/1728/1041
f 916/1728/1041 922/1717/1051 940/1654/1164
f 860/3273/214 887/3282/339 969/3311/1128
f 962/2960/1243 899/2951/19 944/2955/579
f 911/1842/1156 910/1745/1115 951/1807/1216
f 966/2819/223 893/2765/122 924/2818/200
f 948/1672/1253 940/1654/1164 922/1717/1051
f 910/1745/1115 925/1768/1275 914/1730/1013
f 930/1714/972 922/1717/1051 914/1730/1013
f 911/1842/1156 925/1768/1275 910/1745/1115
f 925/1768/1275 930/1714/972 914/1730/1013
f 948/1672/1253 922/1717/1051 930/1714/972
f 929/1829/867 925/1768/1275 911/1842/1156
f 929/1829/867 930/1714/972 925/1768/1275
f 941/1757/806 930/1714/972 929/1829/867
f 941/1757/806 954/1667/915 930/1714/972
f 1268/1306/1047 792/1185/652 1254/1292/918
f 723/1542/621 979/1548/630 957/1470/482
f 993/2018/634 1267/2118/977 714/1941/645
f 931/1137/941 695/1079/934 977/1151/999
f 862/1442/702 1255/1328/985 1155/1360/452
f 903/2428/881 1212/2501/907 862/2447/702
f 1213/484/933 936/566/802 874/567/760
f 888/1895/333 896/1841/824 985/1848/509
f 985/1848/509 896/1841/824 959/1603/500
f 985/920/509 886/874/28 888/879/333
f 937/1827/1237 932/1681/1271 896/1864/824
f 985/920/509 964/909/229 886/874/28
f 998/3433/287 1011/3480/401 959/3431/500
f 950/3195/919 928/3245/789 982/3211/741
f 982/2722/741 928/2721/789 994/2755/491
f 969/3311/1128 876/3278/320 974/3312/969
f 928/3245/789 950/3195/919 945/3239/948
f 970/3213/1238 945/3239/948 950/3195/919
f 970/3213/1238 917/3246/417 945/3239/948
f 901/3265/501 915/3268/1218 969/3306/1128
f 1014/2781/218 958/2735/211 964/2724/229
f 963/3249/982 969/3306/1128 915/3268/1218
f 889/3225/365 917/3246/417 970/3213/1238
f 955/3194/884 970/3213/1238 950/3195/919
f 963/3249/982 962/3271/1243 969/3306/1128
f 924/1535/200 1007/1574/384 966/1547/223
f 973/2417/914 962/2389/1243 944/2416/579
f 949/3236/904 970/3213/1238 955/3194/884
f 958/2735/211 1008/2789/327 904/2742/244
f 949/3236/904 955/3194/884 908/3197/503
f 968/3313/1011 860/3273/214 969/3311/1128
f 991/3454/624 997/3471/386 949/3421/904
f 908/3410/503 991/3454/624 949/3421/904
f 996/2407/506 962/2389/1243 973/2417/914
f 972/468/434 941/523/806 806/473/465
f 941/523/806 972/468/434 1028/530/694
f 1070/1247/836 891/1206/660 861/1199/633
f 873/1203/693 1012/1232/711 976/1220/705
f 873/1203/693 792/1185/652 1012/1232/711
f 918/2573/530 943/2508/502 986/2578/620
f 965/3079/461 762/3101/562 984/3168/306
f 990/1155/735 984/1145/306 727/1086/955
f 961/2487/1076 975/2423/1031 938/2436/968
f 977/2665/999 967/2610/1069 931/2651/941
f 967/2610/1069 977/2665/999 923/2526/1125
f 923/2526/1125 975/2423/1031 961/2487/1076
f 1232/466/927 874/567/760 776/564/803
f 1011/3480/401 1066/3514/1136 959/3431/500
f 985/2717/509 1040/2756/396 964/2724/229
f 872/2939/134 974/2975/969 1002/2997/349
f 917/2947/417 994/2983/491 928/2948/789
f 969/3306/1128 974/3291/969 901/3265/501
f 997/2988/386 917/2947/417 889/2937/365
f 997/1242/386 889/1233/365 877/1241/66
f 968/3296/1011 969/3306/1128 962/3271/1243
f 877/3411/66 949/3421/904 997/3471/386
f 958/2735/211 1014/2781/218 1008/2789/327
f 904/2742/244 1008/2789/327 972/2774/434
f 971/642/414 732/495/559 1028/530/694
f 956/2319/538 986/2578/620 943/2508/502
f 957/1470/482 979/1548/630 993/1313/634
f 957/1470/482 993/1313/634 921/1325/514
f 967/2610/1069 1016/2627/924 990/2700/735
f 931/2651/941 967/2610/1069 990/2700/735
f 1162/1163/326 800/1294/632 1155/1287/452
f 1164/638/322 829/816/684 772/635/664
f 989/496/612 1232/466/927 776/564/803
f 1030/1533/426 902/1467/810 1178/1560/976
f 960/1463/477 868/1454/328 982/1453/741
f 872/2939/134 1002/2997/349 1067/3029/534
f 872/2939/134 1067/3029/534 963/2967/982
f 963/2967/982 1067/3029/534 1068/3025/995
f 973/2973/914 944/2955/579 1068/3025/995
f 1069/1248/993 991/1223/624 798/1188/493
f 861/1199/633 996/1227/506 1070/1247/836
f 965/3014/461 984/2938/306 992/3008/271
f 980/1483/343 987/1510/258 978/1438/324
f 978/1438/324 987/1510/258 988/1444/278
f 992/3008/271 981/2910/226 983/3018/242
f 988/1444/278 987/1510/258 1045/1511/311
f 936/566/802 1212/522/907 903/613/881
f 974/4263/969 907/4314/439 1002/4315/349
f 964/2724/229 1040/2756/396 1052/2786/498
f 944/2955/579 963/2967/982 1068/3025/995
f 1073/1593/988 1007/1574/384 924/1535/200
f 979/1548/630 1057/1540/639 993/1313/634
f 995/2321/689 986/2578/620 956/2319/538
f 978/1438/324 988/1444/278 938/1426/968
f 981/2910/226 984/2938/306 990/2911/735
f 988/1395/278 999/1415/961 938/1418/968
f 984/2938/306 981/2910/226 992/3008/271
f 967/1455/1069 923/1446/1125 1146/1512/965
f 906/1456/777 829/1468/684 1147/1380/394
f 1213/484/933 1212/522/907 936/566/802
f 902/1467/810 1256/1585/990 1178/1560/976
f 985/1848/509 959/1603/500 1071/1823/1091
f 1071/1823/1091 959/1603/500 1064/1720/853
f 1090/446/864 960/497/477 982/482/741
f 1002/1521/349 907/1480/439 1030/1533/426
f 1025/401/400 1000/389/13 1002/357/349
f 966/1547/223 1020/1580/261 998/1563/287
f 966/1547/223 1007/1574/384 1020/1580/261
f 964/2724/229 1052/2786/498 1014/2781/218
f 1003/358/155 1009/400/205 996/350/506
f 924/2109/200 971/2057/414 1072/2040/910
f 1005/4177/296 991/4095/624 1069/4094/993
f 1087/1250/1016 1069/1248/993 976/1220/705
f 986/3901/620 1050/3973/543 1254/3902/918
f 938/2436/968 999/2422/961 961/2487/1076
f 1136/2741/967 1146/2748/965 961/2685/1076
f 1082/1509/611 988/1444/278 1045/1511/311
f 935/185/829 898/167/876 1205/265/852
f 1258/463/1036 1213/484/933 874/567/760
f 989/496/612 960/497/477 1090/446/864
f 1090/4166/864 982/4165/741 1013/4254/385
f 1030/349/426 1025/401/400 1002/357/349
f 1013/2723/385 982/2722/741 994/2755/491
f 1026/3351/750 1101/3382/978 1002/3337/349
f 1013/2961/385 994/3013/491 1010/2991/225
f 1026/3351/750 1002/3337/349 1000/3328/13
f 1013/2961/385 1010/2991/225 1004/2982/54
f 1004/3199/54 1044/3215/572 1013/3200/385
f 1022/2629/149 1051/2589/667 1006/2633/22
f 1000/260/13 1036/279/801 1026/280/750
f 1058/2800/845 1014/2781/218 1051/2793/667
f 1004/2982/54 1054/2962/556 1044/2969/572
f 1010/2991/225 1047/3006/552 1004/2982/54
f 1000/389/13 1009/400/205 1003/358/155
f 1004/2982/54 1047/3006/552 997/3023/386
f 1000/79/13 1003/96/155 1036/111/801
f 924/1498/200 1024/1514/192 1073/1499/988
f 973/78/914 1083/126/1166 1003/96/155
f 1024/2114/192 924/2109/200 1072/2040/910
f 973/2831/914 1003/2852/155 1027/2857/862
f 996/2042/506 1027/2055/862 1003/2043/155
f 1054/2962/556 1004/2982/54 997/3023/386
f 1107/3103/901 1033/3072/805 991/3048/624
f 1005/2950/296 1107/2980/901 991/2931/624
f 1039/3841/69 972/3777/434 1008/3776/327
f 996/350/506 1009/400/205 1049/416/551
f 1054/2962/556 997/3023/386 1005/3000/296
f 1028/1273/694 972/1274/434 1034/1253/527
f 1028/1671/694 1072/1609/910 971/1670/414
f 1254/362/918 1050/361/543 1180/378/598
f 1057/263/639 979/242/630 1260/335/931
f 995/2321/689 1050/2567/543 986/2578/620
f 1057/1540/639 1055/1326/554 993/1313/634
f 1266/917/1012 763/733/653 1252/910/1005
f 1144/1507/974 1016/1476/924 967/1455/1069
f 961/2685/1076 1146/2748/965 923/2672/1125
f 981/2910/226 1085/2972/647 983/3018/242
f 1164/638/322 1147/807/394 829/816/684
f 935/185/829 1205/265/852 1216/278/897
f 1137/945/233 858/1015/670 1151/940/224
f 959/1603/500 1066/1640/1136 1064/1720/853
f 1071/2764/1091 1046/2757/265 985/2717/509
f 1040/2756/396 985/2717/509 1046/2757/265
f 1011/1778/401 1037/1809/209 1066/1790/1136
f 1046/3848/265 1001/3847/88 1040/3947/396
f 1001/1908/88 1037/1809/209 1042/1903/140
f 1117/3733/892 1015/3687/57 1029/3686/117
f 1002/3399/349 1101/3398/978 1067/3413/534
f 1074/3510/1212 1011/3480/401 998/3433/287
f 1124/3032/1067 994/2983/491 917/2947/417
f 1077/3021/953 1124/3032/1067 917/2947/417
f 1021/2731/110 1053/2702/353 1106/2693/1122
f 1053/2702/353 1021/2731/110 1019/2730/37
f 1021/2731/110 998/2783/287 1020/2777/261
f 1019/2730/37 1104/2704/818 1053/2702/353
f 1118/3297/940 1018/3256/18 1019/3255/37
f 1014/2584/218 1052/2537/498 1006/2555/22
f 1014/50/218 1006/59/22 1122/64/1086
f 1061/2682/91 1062/2692/146 1006/2633/22
f 1051/4002/667 1122/3944/1086 1006/4016/22
f 1058/2609/845 1051/2589/667 1022/2629/149
f 1008/2789/327 1014/2781/218 1058/2800/845
f 1132/3887/1102 1018/3818/18 1048/3879/153
f 973/2973/914 1068/3025/995 1083/3030/1166
f 1018/10/18 1041/86/102 1048/42/153
f 1083/126/1166 1036/111/801 1003/96/155
f 991/3454/624 1033/3486/805 997/3471/386
f 1041/86/102 1018/10/18 1043/108/476
f 1005/2769/296 997/2821/386 1033/2820/805
f 1039/1051/69 1034/1070/527 972/1052/434
f 1035/60/473 1023/11/42 1041/86/102
f 1035/60/473 1041/86/102 1032/99/431
f 1041/86/102 1043/108/476 1032/99/431
f 1063/2327/526 1050/2567/543 995/2321/689
f 961/628/1076 1182/627/558 1154/689/746
f 961/3736/1076 999/3683/961 1182/3735/558
f 1140/2095/960 1045/2068/311 987/2025/258
f 1151/940/224 858/1015/670 1162/928/326
f 1258/463/1036 874/567/760 1232/466/927
f 1037/1809/209 1001/1908/88 1066/1790/1136
f 1001/3847/88 1029/3952/117 1040/3947/396
f 1037/2472/209 1011/2471/401 1074/2482/1212
f 1120/2559/1177 1021/2530/110 1037/2545/209
f 1042/1903/140 1037/1809/209 1021/1907/110
f 1127/3244/1078 1090/3226/864 1013/3200/385
f 1042/3774/140 1021/3773/110 1106/3832/1122
f 1010/2544/225 994/2528/491 1124/2569/1067
f 1029/2588/117 1015/2621/57 1065/2599/510
f 1059/3216/697 1127/3244/1078 1013/3200/385
f 1009/400/205 1000/389/13 1025/401/400
f 1093/3479/1111 1074/3510/1212 998/3433/287
f 1019/2730/37 1021/2731/110 1020/2777/261
f 1021/1517/110 1093/1495/1111 998/1516/287
f 1059/3216/697 1013/3200/385 1044/3215/572
f 1019/3755/37 1031/3791/20 1118/3792/940
f 1031/3791/20 1020/3840/261 1118/3792/940
f 1006/2633/22 1015/2621/57 1061/2682/91
f 1015/2621/57 1115/2684/964 1061/2682/91
f 1053/2702/353 1104/2704/818 1061/2682/91
f 1018/2763/18 1104/2704/818 1019/2730/37
f 1006/3900/22 1052/3858/498 1173/3785/1150
f 1185/2044/1196 1014/2081/218 1122/2045/1086
f 1014/2781/218 1185/2826/1196 1051/2793/667
f 1038/3907/378 1130/3896/921 1007/3969/384
f 1006/2633/22 1062/2692/146 1075/2660/390
f 1077/3021/953 917/2947/417 997/2988/386
f 1022/2629/149 1006/2633/22 1075/2660/390
f 1056/2711/185 1062/2692/146 1104/2704/818
f 1007/3969/384 1073/3970/988 1038/3907/378
f 1104/2704/818 1018/2763/18 1056/2711/185
f 1107/3031/901 1077/3021/953 997/2988/386
f 1132/3887/1102 1056/3819/185 1018/3818/18
f 1008/2789/327 1058/2800/845 1086/2814/887
f 1017/1362/24 1039/1348/69 1022/1316/149
f 1018/3919/18 1038/3963/378 1095/3985/1130
f 1039/2806/69 1008/2789/327 1086/2814/887
f 1018/3919/18 1095/3985/1130 1024/3920/192
f 1009/1554/205 1025/1534/400 1076/1577/808
f 1107/1140/901 997/1129/386 1047/1122/552
f 1017/1362/24 1048/1436/153 1112/1388/838
f 1017/1362/24 1128/1397/753 1048/1436/153
f 1039/1348/69 1017/1362/24 1023/1371/42
f 1017/1362/24 1112/1388/838 1023/1371/42
f 1009/1554/205 1076/1577/808 1049/1570/551
f 1113/2083/1211 1027/2055/862 996/2042/506
f 1169/2822/1058 1005/2769/296 1033/2820/805
f 1005/2950/296 1169/2996/1058 1107/2980/901
f 996/2849/506 973/2831/914 1113/2875/1211
f 1153/837/1231 1041/869/102 1023/870/42
f 996/3081/506 1049/3115/551 1092/3116/1222
f 1070/536/836 996/556/506 1092/591/1222
f 1012/1232/711 1087/1250/1016 976/1220/705
f 1055/3805/554 1158/3861/600 993/3862/634
f 763/733/653 1161/880/573 995/840/689
f 1016/3135/924 1181/3202/529 990/3121/735
f 980/2013/343 1245/2111/997 987/2025/258
f 988/1395/278 1248/1347/1104 999/1415/961
f 1148/3330/1108 1001/3379/88 1046/3358/265
f 1066/3329/1136 1001/3379/88 1148/3330/1108
f 1102/1104/1171 989/1105/612 1090/1082/864
f 1040/3156/396 1029/3100/117 1148/3130/1108
f 1030/1533/426 1149/1558/998 1025/1534/400
f 1029/3719/117 1065/3771/510 1148/3772/1108
f 1040/2756/396 1071/2764/1091 1089/2798/1112
f 1029/3988/117 1042/3903/140 1168/3987/850
f 1052/2786/498 1040/2756/396 1089/2798/1112
f 1103/2560/1094 1010/2544/225 1124/2569/1067
f 1015/3687/57 1117/3733/892 1150/3740/951
f 1111/3377/1070 1101/3382/978 1026/3351/750
f 1021/2530/110 1120/2559/1177 1170/2561/1165
f 1150/1999/951 1115/2019/964 1015/2020/57
f 1047/2529/552 1010/2544/225 1103/2560/1094
f 1093/1704/1111 1019/1729/37 1020/1705/261
f 1031/3791/20 1093/3839/1111 1020/3840/261
f 1118/4266/940 1020/4265/261 1091/4320/1201
f 1065/2599/510 1015/2621/57 1006/2633/22
f 1079/1594/1147 1091/1595/1201 1020/1580/261
f 1018/3256/18 1118/3297/940 1130/3301/921
f 1079/1594/1147 1020/1580/261 1007/1574/384
f 1062/769/146 1177/707/1262 1104/734/818
f 1079/3685/1147 1007/3728/384 1130/3729/921
f 1018/4085/18 1130/4086/921 1038/4037/378
f 1062/2692/146 1056/2711/185 1075/2660/390
f 1075/2660/390 1056/2711/185 1060/2695/415
f 1022/2629/149 1075/2660/390 1139/2663/942
f 1056/117/185 1121/129/1127 1060/130/415
f 1017/3258/24 1022/3257/149 1139/3304/942
f 1139/4115/942 1128/4183/753 1017/4184/24
f 1132/1435/1102 1048/1436/153 1128/1397/753
f 1024/4035/192 1095/4092/1130 1073/4036/988
f 1156/4074/1217 1048/3986/153 1041/3980/102
f 1024/3876/192 1143/3972/973 1018/3866/18
f 1123/3587/1225 1039/3562/69 1023/3553/42
f 1018/3744/18 1143/3820/973 1043/3745/476
f 1027/2055/862 1113/2083/1211 1083/2074/1166
f 1034/1070/527 1039/1051/69 1123/1068/1225
f 1027/2857/862 1110/2876/775 973/2831/914
f 1041/3980/102 1157/4073/1181 1156/4074/1217
f 1113/2875/1211 973/2831/914 1110/2876/775
f 1153/644/1231 1023/632/42 1112/648/838
f 1034/4015/527 1125/3949/1242 1028/4030/694
f 1181/3202/529 1016/3135/924 1176/3182/604
f 714/1941/645 1245/2111/997 980/2013/343
f 1235/884/991 992/810/271 983/789/242
f 1085/841/647 1235/884/991 983/789/242
f 1234/1314/1007 988/1395/278 1082/1315/611
f 1066/710/1136 1080/658/1202 1171/745/989
f 1232/466/927 989/496/612 1102/461/1171
f 1064/804/853 1066/710/1136 1171/745/989
f 1074/699/1212 1080/658/1202 1066/710/1136
f 1084/1916/1083 1071/1972/1091 1102/1902/1171
f 1088/669/1139 1080/658/1202 1074/699/1212
f 1071/3155/1091 1040/3156/396 1148/3130/1108
f 1001/150/88 1167/190/1261 1029/189/117
f 1167/3188/1261 1042/3229/140 1029/3230/117
f 1093/679/1111 1088/669/1139 1074/699/1212
f 1117/2958/892 1029/2944/117 1168/2943/850
f 1096/3845/1146 1067/3782/534 1142/3806/952
f 1089/1945/1112 1071/1972/1091 1084/1916/1083
f 1079/655/1147 1096/633/1146 1088/669/1139
f 1124/3015/1067 1077/3016/953 1084/2976/1083
f 1093/679/1111 1079/655/1147 1088/669/1139
f 1084/2976/1083 1077/3016/953 1098/2990/49
f 1098/1095/49 1100/1098/842 1084/1087/1083
f 1019/781/37 1093/825/1111 1170/826/1165
f 1031/2373/20 1019/2359/37 1170/2397/1165
f 1031/2373/20 1170/2397/1165 1091/2398/1201
f 1093/4283/1111 1031/4206/20 1091/4282/1201
f 1100/1880/842 1089/1945/1112 1084/1916/1083
f 1107/1834/901 1100/1880/842 1077/1854/953
f 1068/598/995 1067/625/534 1096/633/1146
f 1173/3563/1150 1065/3519/510 1006/3501/22
f 1172/2686/1052 1061/2682/91 1104/2704/818
f 1107/1834/901 1089/1945/1112 1100/1880/842
f 1089/2798/1112 1185/2826/1196 1052/2786/498
f 1052/3858/498 1185/3786/1196 1173/3785/1150
f 1079/655/1147 1093/679/1111 1091/686/1201
f 1126/1559/1159 1076/1577/808 1025/1534/400
f 1103/2560/1094 1133/2552/1255 1047/2529/552
f 1068/598/995 1096/633/1146 1079/655/1147
f 1130/685/921 1118/693/940 1177/707/1262
f 1210/3059/1236 1058/3060/845 1022/3028/149
f 1099/606/875 1068/598/995 1079/655/1147
f 1086/857/887 1109/911/869 1094/876/1250
f 1097/605/1004 1099/606/875 1079/655/1147
f 1086/857/887 1058/860/845 1109/911/869
f 1105/588/781 1068/598/995 1099/606/875
f 1111/3377/1070 1026/3351/750 1036/3348/801
f 1073/667/988 1097/605/1004 1079/655/1147
f 1083/571/1166 1068/598/995 1105/588/781
f 1119/647/1248 1073/667/988 1095/675/1130
f 1119/647/1248 1097/605/1004 1073/667/988
f 1152/2322/1219 1039/2345/69 1086/2346/887
f 1129/3247/1138 1044/3215/572 1054/3217/556
f 1047/3267/552 1133/3266/1255 1107/3220/901
f 1143/3972/973 1024/3876/192 1119/3865/1248
f 1024/665/192 1072/657/910 1119/647/1248
f 1094/876/1250 1108/829/1210 1123/842/1225
f 1027/2857/862 1083/2873/1166 1110/2876/775
f 1145/541/1247 1083/571/1166 1113/553/1211
f 1107/3103/901 1159/3104/1169 1033/3072/805
f 1034/1070/527 1123/1068/1225 1108/1080/1210
f 1035/3552/473 1123/3587/1225 1023/3553/42
f 1041/869/102 1153/837/1231 1157/845/1181
f 1072/657/910 1092/591/1222 1119/647/1248
f 1108/3950/1210 1125/3949/1242 1034/4015/527
f 1125/709/1242 1092/591/1222 1072/657/910
f 1032/2895/431 1043/2894/476 1157/2921/1181
f 1125/709/1242 1072/657/910 1028/720/694
f 1035/3335/473 1032/3342/431 1157/3385/1181
f 1125/709/1242 1078/643/1226 1092/591/1222
f 1131/822/1203 1108/829/1210 1069/907/993
f 1087/901/1016 1131/822/1203 1069/907/993
f 1081/714/1244 1108/829/1210 1131/822/1203
f 1081/714/1244 1078/643/1226 1125/709/1242
f 1174/580/1124 1092/591/1222 1078/643/1226
f 1174/580/1124 1070/536/836 1092/591/1222
f 1197/677/1087 1078/643/1226 1081/714/1244
f 1087/1250/1016 1012/1232/711 1194/1264/912
f 581/1097/657 891/1206/660 1260/1298/931
f 1050/3551/543 1063/3559/526 1180/3592/598
f 1057/3607/639 1158/3606/600 1055/3651/554
f 1063/4176/526 995/4269/689 1161/4270/573
f 1267/2118/977 993/2018/634 1158/2064/600
f 1016/1476/924 1144/1507/974 1176/1513/604
f 965/788/461 992/810/271 1239/895/971
f 1182/1373/558 999/1415/961 1248/1347/1104
f 981/2797/226 990/2796/735 1244/2871/1065
f 981/2797/226 1241/2879/1010 1085/2853/647
f 1255/2515/985 862/2447/702 1212/2501/907
f 1114/1164/190 1137/1303/233 1116/1176/201
f 1151/1297/224 1116/1176/201 1137/1303/233
f 1116/1176/201 1151/1297/224 1135/1263/9
f 1071/1972/1091 1064/2059/853 1184/1991/1039
f 1186/652/1131 1178/614/976 1080/658/1202
f 1149/587/998 1178/614/976 1186/652/1131
f 1149/1558/998 1030/1533/426 1178/1560/976
f 1148/2787/1108 1046/2757/265 1071/2764/1091
f 1120/717/1177 1074/699/1212 1066/710/1136
f 1001/150/88 1163/145/1208 1167/190/1261
f 1037/2472/209 1074/2482/1212 1120/2485/1177
f 1163/4028/1208 1001/4029/88 1042/3951/140
f 1167/862/1261 1148/875/1108 1065/864/510
f 1186/3326/1131 1080/3290/1202 1088/3287/1139
f 1168/3987/850 1042/3903/140 1106/3911/1122
f 1179/3317/825 1186/3326/1131 1088/3287/1139
f 1101/3010/978 1142/3009/952 1067/3022/534
f 1096/3295/1146 1179/3317/825 1088/3287/1139
f 1065/3519/510 1166/3547/1114 1167/3502/1261
f 1025/1534/400 1149/1558/998 1126/1559/1159
f 1129/2993/1138 1103/2986/1094 1127/3011/1078
f 1150/827/951 1117/849/892 1167/862/1261
f 1129/3247/1138 1127/3244/1078 1059/3216/697
f 1111/577/1070 1126/578/1159 1101/607/978
f 1160/2219/440 1124/2220/1067 1084/2192/1083
f 1160/3063/440 1084/3041/1083 1165/3062/685
f 1096/772/1146 1099/779/875 1179/747/825
f 1160/3742/440 1165/3826/685 1077/3762/953
f 1115/2635/964 1170/2634/1165 1053/2652/353
f 1021/1517/110 1170/1487/1165 1093/1495/1111
f 1165/3826/685 1098/3827/49 1077/3762/953
f 1053/2946/353 1061/2945/91 1115/2957/964
f 1129/3247/1138 1059/3216/697 1044/3215/572
f 1099/3286/875 1191/3320/778 1179/3317/825
f 1115/771/964 1150/827/951 1172/773/1052
f 1160/1865/440 1077/1854/953 1100/1880/842
f 1133/2985/1255 1103/2986/1094 1129/2993/1138
f 1160/1109/440 1100/1098/842 1098/1095/49
f 1104/734/818 1115/771/964 1172/773/1052
f 1160/1109/440 1098/1095/49 1107/1108/901
f 1099/779/875 1096/772/1146 1105/798/781
f 1098/1095/49 1089/1063/1112 1107/1108/901
f 1177/707/1262 1118/693/940 1104/734/818
f 1073/667/988 1079/655/1147 1130/685/921
f 1122/3944/1086 1051/4002/667 1109/4017/869
f 1076/1577/808 1126/1559/1159 1138/1586/1142
f 1122/865/1086 1109/911/869 1058/860/845
f 1122/865/1086 1058/860/845 1210/815/1236
f 1121/729/1127 1172/773/1052 1075/790/390
f 1139/3883/942 1075/3813/390 1210/3882/1236
f 1177/4256/1262 1038/4173/378 1073/4255/988
f 1138/526/1142 1126/578/1159 1111/577/1070
f 1134/4272/962 1075/4197/390 1060/4196/415
f 1177/2882/1262 1121/2900/1127 1056/2883/185
f 1177/3365/1262 1132/3366/1102 1038/3325/378
f 1060/755/415 1121/729/1127 1134/770/962
f 1177/1222/1262 1056/1211/185 1132/1221/1102
f 1152/2885/1219 1210/2886/1236 1022/2843/149
f 1038/682/378 1132/695/1102 1095/675/1130
f 1152/2885/1219 1022/2843/149 1039/2859/69
f 1086/857/887 1094/876/1250 1152/814/1219
f 1129/2993/1138 1054/3012/556 1133/2985/1255
f 1094/876/1250 1109/911/869 1141/891/1037
f 1145/3381/1247 1111/3377/1070 1036/3348/801
f 1111/577/1070 1145/541/1247 1138/526/1142
f 1145/541/1247 1036/555/801 1083/571/1166
f 1159/2984/1169 1107/2953/901 1133/2985/1255
f 1119/647/1248 1092/591/1222 1097/605/1004
f 1105/588/781 1110/568/775 1083/571/1166
f 1112/4159/838 1048/4081/153 1156/4158/1217
f 1076/1577/808 1138/1586/1142 1049/1570/551
f 1108/829/1210 1094/876/1250 1141/891/1037
f 1143/674/973 1157/706/1181 1043/672/476
f 1159/2678/1169 1169/2696/1058 1033/2697/805
f 1035/3552/473 1153/3590/1231 1123/3587/1225
f 1113/553/1211 1138/526/1142 1145/541/1247
f 1159/3714/1169 1054/3769/556 1005/3770/296
f 1108/829/1210 1141/891/1037 1069/907/993
f 1005/3770/296 1069/3713/993 1159/3714/1169
f 1069/3713/993 1169/3697/1058 1159/3714/1169
f 1153/3386/1231 1035/3335/473 1157/3385/1181
f 1049/510/551 1138/526/1142 1092/591/1222
f 1092/591/1222 1138/526/1142 1113/553/1211
f 1081/714/1244 1125/709/1242 1108/829/1210
f 1078/643/1226 1214/617/1059 1174/580/1124
f 1180/3592/598 1063/3559/526 1161/3591/573
f 1239/895/971 1252/910/1005 965/788/461
f 1136/2741/967 961/2685/1076 1154/2747/746
f 1238/2119/1003 1140/2095/960 987/2025/258
f 967/1455/1069 1146/1512/965 1144/1507/974
f 1045/2068/311 1140/2095/960 1082/2087/611
f 1155/1360/452 1246/1338/788 1116/1375/201
f 1155/1165/452 1116/1176/201 1135/1263/9
f 1155/1165/452 1135/1263/9 1162/1293/326
f 1114/1164/190 1147/1177/394 1137/1303/233
f 1148/875/1108 1163/812/1208 1066/710/1136
f 1167/862/1261 1163/812/1208 1148/875/1108
f 1168/780/850 1120/717/1177 1163/812/1208
f 1168/780/850 1106/759/1122 1120/717/1177
f 1084/3041/1083 1102/3044/1171 1240/3097/1175
f 1117/849/892 1042/794/140 1167/862/1261
f 1163/2340/1208 1042/2360/140 1117/2341/892
f 1127/3011/1078 1124/2968/1067 1090/2992/864
f 1103/2986/1094 1124/2968/1067 1127/3011/1078
f 1170/704/1165 1120/717/1177 1106/759/1122
f 1101/607/978 1126/578/1159 1149/587/998
f 1106/759/1122 1053/731/353 1170/704/1165
f 1096/3845/1146 1142/3806/952 1201/3844/854
f 1150/827/951 1167/862/1261 1166/856/1114
f 1173/830/1150 1150/827/951 1166/856/1114
f 1170/704/1165 1118/693/940 1091/686/1201
f 1105/798/781 1096/772/1146 1201/797/854
f 1098/3051/49 1165/3062/685 1175/3067/1043
f 1065/3519/510 1173/3563/1150 1166/3547/1114
f 1089/2645/1112 1098/2593/49 1175/2614/1043
f 1089/2645/1112 1175/2614/1043 1185/2647/1196
f 1061/1874/91 1172/1910/1052 1062/1875/146
f 1122/865/1086 1210/815/1236 1185/881/1196
f 1175/2614/1043 1051/2655/667 1185/2647/1196
f 1109/2592/869 1051/2655/667 1175/2614/1043
f 1075/790/390 1172/773/1052 1210/815/1236
f 1121/1890/1127 1062/1875/146 1172/1910/1052
f 1177/707/1262 1073/667/988 1130/685/921
f 1097/3925/1004 1191/3926/778 1099/3897/875
f 1121/729/1127 1075/790/390 1134/770/962
f 1152/814/1219 1139/787/942 1210/815/1236
f 1105/2877/781 1201/2929/854 1200/2919/793
f 1095/675/1130 1132/695/1102 1143/674/973
f 1119/647/1248 1095/675/1130 1143/674/973
f 1156/694/1217 1143/674/973 1132/695/1102
f 1123/842/1225 1152/814/1219 1094/876/1250
f 1159/2984/1169 1133/2985/1255 1054/3012/556
f 1105/2877/781 1200/2919/793 1110/2876/775
f 1153/786/1231 1112/774/838 1152/814/1219
f 1152/814/1219 1123/842/1225 1153/786/1231
f 1157/706/1181 1143/674/973 1156/694/1217
f 1069/3043/993 1141/3058/1037 1230/3098/1046
f 1092/2872/1222 1113/2875/1211 1242/2930/1107
f 763/733/653 1266/917/1012 1161/880/573
f 1136/547/967 1154/548/746 1176/462/604
f 1144/447/974 1136/547/967 1176/462/604
f 1146/503/965 1136/547/967 1144/447/974
f 1082/442/611 1140/481/960 1234/557/1007
f 1114/1382/190 1116/1375/201 1215/1355/899
f 1243/1352/858 1147/1380/394 1114/1382/190
f 1257/3620/1018 906/3619/777 1247/3657/870
f 1147/1177/394 1164/1295/322 1137/1303/233
f 1135/1263/9 1151/1297/224 1162/1293/326
f 1071/1972/1091 1184/1991/1039 1102/1902/1171
f 1120/717/1177 1066/710/1136 1163/812/1208
f 1240/3513/1175 1102/3564/1171 1090/3487/864
f 1117/849/892 1168/780/850 1163/812/1208
f 1142/618/952 1101/607/978 1149/587/998
f 1084/3041/1083 1240/3097/1175 1165/3062/685
f 1170/704/1165 1115/771/964 1118/693/940
f 1172/773/1052 1150/827/951 1173/830/1150
f 1104/734/818 1118/693/940 1115/771/964
f 1210/815/1236 1173/830/1150 1185/881/1196
f 1177/707/1262 1062/769/146 1121/729/1127
f 1141/3058/1037 1109/3053/869 1175/3067/1043
f 1220/3017/1009 1160/2971/440 1107/2980/901
f 1220/3017/1009 1107/2980/901 1169/2996/1058
f 1156/694/1217 1132/695/1102 1128/746/753
f 1152/814/1219 1112/774/838 1139/787/942
f 1112/774/838 1128/746/753 1139/787/942
f 1156/694/1217 1128/746/753 1112/774/838
f 1219/3461/926 1191/3442/778 1097/3409/1004
f 1219/3461/926 1097/3409/1004 1092/3408/1222
f 1113/2875/1211 1110/2876/775 1242/2930/1107
f 1092/3408/1222 1242/3475/1107 1219/3461/926
f 1169/3364/1058 1069/3353/993 1230/3321/1046
f 1081/714/1244 1131/822/1203 1207/750/1084
f 1078/643/1226 1197/677/1087 1214/617/1059
f 891/1206/660 1070/1247/836 1263/1305/966
f 1254/236/918 1180/225/598 1227/250/1123
f 1057/3430/639 1229/3497/877 1158/3445/600
f 1244/2871/1065 990/2796/735 1181/2850/529
f 1140/481/960 1238/563/1003 1234/557/1007
f 1114/1382/190 1250/1341/916 1243/1352/858
f 1116/1375/201 1246/1338/788 1215/1355/899
f 1147/1380/394 1247/1356/870 906/1456/777
f 1215/1753/899 1195/1744/1099 1183/1661/1178
f 1188/2780/1077 1213/2881/933 1209/2766/1092
f 1195/1744/1099 1196/1604/1141 1183/1661/1178
f 1275/1389/956 1276/1387/929 1171/1343/989
f 1064/1317/853 1171/1343/989 1276/1387/929
f 1142/618/952 1149/587/998 1186/652/1131
f 1186/3809/1131 1201/3844/854 1142/3806/952
f 1172/773/1052 1173/830/1150 1210/815/1236
f 1175/3067/1043 1221/3094/1074 1141/3058/1037
f 1207/750/1084 1131/822/1203 1211/809/1066
f 1211/809/1066 1131/822/1203 1087/901/1016
f 1222/1133/1137 1189/996/1268 1198/1125/1187
f 1206/1132/1063 1208/1065/1278 1187/1127/1116
f 1226/902/1105 1180/906/598 1161/880/573
f 1261/941/1209 1203/952/1118 1189/996/1268
f 714/1941/645 1267/2118/977 1245/2111/997
f 1176/1706/604 1154/1699/746 1233/1736/715
f 1154/1699/746 1182/1698/558 1217/1739/650
f 1154/1699/746 1217/1739/650 1233/1736/715
f 1239/895/971 992/810/271 1235/884/991
f 987/2025/258 1245/2111/997 1238/2119/1003
f 981/2797/226 1244/2871/1065 1241/2879/1010
f 1234/1314/1007 1248/1347/1104 988/1395/278
f 1250/1341/916 1114/1382/190 1215/1355/899
f 1188/2427/1077 1273/2448/1189 1212/2501/907
f 1205/2001/852 906/1924/777 1257/2030/1018
f 1215/1753/899 1183/1661/1178 1250/1611/916
f 1250/1611/916 1183/1661/1178 1196/1604/1141
f 1212/2880/907 1213/2881/933 1188/2780/1077
f 1216/244/897 1205/247/852 1192/141/1027
f 1209/465/1092 1269/486/1030 1188/450/1077
f 1231/148/1170 1216/244/897 1192/141/1027
f 1218/1605/1033 1196/1604/1141 1195/1744/1099
f 1080/658/1202 1253/712/1180 1171/745/989
f 1253/712/1180 1080/658/1202 1178/614/976
f 1276/1387/929 1184/1342/1039 1064/1317/853
f 1240/2989/1175 1090/2932/864 1124/2949/1067
f 1165/3062/685 1240/3097/1175 1221/3094/1074
f 1225/2995/1093 1240/2989/1175 1124/2949/1067
f 1175/3067/1043 1165/3062/685 1221/3094/1074
f 1225/2995/1093 1124/2949/1067 1160/2971/440
f 1191/3320/778 1224/3347/1132 1179/3317/825
f 1220/3017/1009 1225/2995/1093 1160/2971/440
f 1141/3058/1037 1221/3094/1074 1230/3098/1046
f 1110/2876/775 1200/2919/793 1242/2930/1107
f 1197/677/1087 1081/714/1244 1207/750/1084
f 1262/715/1163 1197/677/1087 1207/750/1084
f 1211/809/1066 1087/901/1016 1194/916/912
f 1229/310/877 1057/263/639 1260/335/931
f 1229/1134/877 1187/1127/1116 1204/1126/1215
f 1227/1128/1123 1199/958/1158 1222/1133/1137
f 1189/996/1268 1222/1133/1137 1199/958/1158
f 1206/1132/1063 1198/1125/1187 1208/1065/1278
f 1193/953/1098 1204/1126/1215 1187/1127/1116
f 1187/1127/1116 1208/1065/1278 1202/991/1277
f 1203/952/1118 1198/1125/1187 1189/996/1268
f 1193/953/1098 1187/1127/1116 1202/991/1277
f 1203/952/1118 1208/1065/1278 1198/1125/1187
f 1203/952/1118 1202/991/1277 1208/1065/1278
f 1236/3484/1045 1158/3445/600 1229/3497/877
f 1193/953/1098 1190/954/1109 1204/1126/1215
f 1261/941/1209 1189/996/1268 1199/958/1158
f 1193/953/1098 1202/991/1277 1203/952/1118
f 1235/558/991 1085/443/647 1241/562/1010
f 1273/2448/1189 1255/2515/985 1212/2501/907
f 1257/2030/1018 1259/2031/1173 1192/1995/1027
f 1192/1995/1027 1205/2001/852 1257/2030/1018
f 1269/486/1030 1273/488/1189 1188/450/1077
f 1192/3665/1027 1259/3734/1173 1271/3716/1221
f 1231/3666/1170 1192/3665/1027 1271/3716/1221
f 1258/630/1036 1209/653/1092 1213/649/933
f 1195/1744/1099 1264/1764/1234 1237/1723/1133
f 1231/1600/1170 1256/1732/990 1216/1718/897
f 1237/1723/1133 1218/1605/1033 1195/1744/1099
f 1184/1991/1039 1264/1987/1234 1102/1902/1171
f 1201/3190/854 1186/3240/1131 1224/3241/1132
f 1224/3347/1132 1186/3326/1131 1179/3317/825
f 1228/3204/1251 1224/3241/1132 1191/3242/778
f 1225/3363/1093 1221/3336/1074 1240/3349/1175
f 1228/3204/1251 1242/3184/1107 1200/3181/793
f 1220/3357/1009 1169/3364/1058 1230/3321/1046
f 1262/1010/1163 1211/999/1066 1194/974/912
f 792/1185/652 1268/1306/1047 1012/1232/711
f 1222/1133/1137 1198/1125/1187 1206/1132/1063
f 1206/115/1063 1187/241/1116 1260/335/931
f 1260/335/931 1187/241/1116 1229/310/877
f 1226/956/1105 1227/1128/1123 1180/1135/598
f 1236/948/1045 1229/1134/877 1204/1126/1215
f 1236/948/1045 1204/1126/1215 1190/954/1109
f 1226/956/1105 1199/958/1158 1227/1128/1123
f 1266/929/1012 1199/958/1158 1226/956/1105
f 1266/917/1012 1226/902/1105 1161/880/573
f 1251/1243/1057 1193/1261/1098 1203/1260/1118
f 1267/1234/977 1158/1268/600 1236/1249/1045
f 1176/3182/604 1249/3233/856 1181/3202/529
f 1176/1706/604 1233/1736/715 1249/1731/856
f 1255/1328/985 1246/1338/788 1155/1360/452
f 1247/1356/870 1147/1380/394 1243/1352/858
f 1264/2959/1234 1195/2914/1099 1270/2964/1071
f 1178/614/976 1256/597/990 1253/712/1180
f 1102/1902/1171 1264/1987/1234 1232/1845/927
f 1237/1723/1133 1277/1735/1134 1223/1693/1080
f 1228/3204/1251 1201/3190/854 1224/3241/1132
f 1200/3181/793 1201/3190/854 1228/3204/1251
f 1221/3336/1074 1225/3363/1093 1220/3357/1009
f 1228/3204/1251 1191/3242/778 1219/3214/926
f 1242/3184/1107 1228/3204/1251 1219/3214/926
f 1230/3321/1046 1221/3336/1074 1220/3357/1009
f 1211/809/1066 1262/715/1163 1207/750/1084
f 1262/715/1163 1214/617/1059 1197/677/1087
f 1260/335/931 1222/43/1137 1206/115/1063
f 1190/1262/1109 1193/1261/1098 1251/1243/1057
f 1248/1726/1104 1217/1739/650 1182/1698/558
f 1244/3234/1065 1181/3202/529 1249/3233/856
f 1248/671/1104 1238/563/1003 1245/676/997
f 1244/670/1065 1239/668/971 1235/558/991
f 1235/558/991 1241/562/1010 1244/670/1065
f 1238/563/1003 1248/671/1104 1234/557/1007
f 1243/1352/858 1250/1341/916 1274/1332/1121
f 1195/2914/1099 1215/2913/899 1273/2956/1189
f 1195/2914/1099 1273/2956/1189 1270/2964/1071
f 1272/739/1199 1253/712/1180 1231/702/1170
f 1253/712/1180 1256/597/990 1231/702/1170
f 1258/1835/1036 1232/1845/927 1264/1987/1234
f 1237/1723/1133 1264/1764/1234 1277/1735/1134
f 1277/2963/1134 1264/3019/1234 1184/3020/1039
f 1223/1693/1080 1218/1605/1033 1237/1723/1133
f 1253/1700/1180 1275/1742/956 1171/1701/989
f 1218/924/1033 1223/970/1080 1278/925/1228
f 1277/1390/1134 1184/1342/1039 1276/1387/929
f 1174/580/1124 1214/617/1059 1263/502/966
f 1070/1957/836 1174/1928/1124 1263/1927/966
f 1268/932/1047 1194/974/912 1012/1011/711
f 1263/1305/966 1260/1298/931 891/1206/660
f 1227/1128/1123 1222/1133/1137 1254/1141/918
f 1261/3026/1209 1199/3066/1158 1266/3027/1012
f 1261/1235/1209 1251/1243/1057 1203/1260/1118
f 1217/654/650 1265/708/1270 1233/660/715
f 1215/1355/899 1246/1338/788 1273/1307/1189
f 1257/3763/1018 1247/3833/870 1243/3825/858
f 1255/1328/985 1273/1307/1189 1246/1338/788
f 1259/3764/1173 1257/3763/1018 1243/3825/858
f 1196/742/1141 1271/782/1221 1250/783/916
f 1250/3694/916 1271/3693/1221 1259/3737/1173
f 1196/3646/1141 1218/3640/1033 1272/3707/1199
f 1258/630/1036 1264/629/1234 1209/653/1092
f 1218/3640/1033 1278/3706/1228 1272/3707/1199
f 1263/3603/966 1214/3648/1059 1262/3604/1163
f 1194/974/912 1268/932/1047 1262/1010/1163
f 1260/3406/931 1263/3441/966 1262/3422/1163
f 1236/1249/1045 1190/1262/1109 1251/1243/1057
f 1267/1234/977 1236/1249/1045 1251/1243/1057
f 1265/708/1270 1251/741/1057 1261/730/1209
f 1265/708/1270 1267/721/977 1251/741/1057
f 1245/676/997 1267/721/977 1265/708/1270
f 1248/671/1104 1245/676/997 1265/708/1270
f 1244/670/1065 1252/698/1005 1239/668/971
f 1244/670/1065 1249/666/856 1252/698/1005
f 1249/666/856 1265/708/1270 1252/698/1005
f 1233/660/715 1265/708/1270 1249/666/856
f 1265/708/1270 1217/654/650 1248/671/1104
f 1243/3825/858 1274/3834/1121 1259/3764/1173
f 1274/947/1121 1250/936/916 1259/935/1173
f 1269/3494/1030 1270/3450/1071 1273/3493/1189
f 1272/739/1199 1271/718/1221 1196/760/1141
f 1269/486/1030 1209/465/1092 1264/487/1234
f 1275/740/956 1253/712/1180 1272/739/1199
f 1278/925/1228 1223/970/1080 1277/965/1134
f 1260/3406/931 1262/3422/1163 1268/3407/1047
f 1254/1141/918 1222/1133/1137 1268/1152/1047
f 1222/43/1137 1260/335/931 1268/4/1047
f 1252/698/1005 1261/730/1209 1266/722/1012
f 1252/698/1005 1265/708/1270 1261/730/1209
f 1271/718/1221 1272/739/1199 1231/702/1170
f 1264/3451/1234 1270/3450/1071 1269/3494/1030
f 1278/813/1228 1275/740/956 1272/739/1199
f 1277/882/1134 1276/806/929 1278/813/1228
f 1275/740/956 1278/813/1228 1276/806/929