mtllib mesh.mtl
o material_0
usemtl material_0
v -0.2319120168685913 0.20004768669605255 0.08530694246292114
v -0.22949184477329254 0.10675856471061707 0.06502750515937805
v -0.22705629467964172 0.15599212050437927 0.10132589936256409
v -0.22580963373184204 0.17699824273586273 0.05753747373819351
v -0.21509216725826263 0.10642305016517639 0.1199505403637886
v -0.2071574330329895 0.19906392693519592 0.03931142017245293
v -0.20648692548274994 -0.01458678673952818 0.09561681002378464
v -0.2053515762090683 0.10149471461772919 0.10449714213609695
v -0.20220577716827393 0.23931379616260529 0.01319091022014618
v -0.19661541283130646 -0.022059859707951546 0.08072366565465927
v -0.19482439756393433 -0.04179282486438751 0.12020443379878998
v -0.19465848803520203 0.24350006878376007 0.08022118359804153
v -0.1919785887002945 0.10661227256059647 0.03543892502784729
v -0.18895575404167175 0.1027069166302681 0.06366688758134842
v -0.18622656166553497 0.1986006647348404 0.12781426310539246
v -0.1835164576768875 0.04462694749236107 0.0947459489107132
v -0.1806870996952057 -0.049650177359580994 0.10273686796426773
v -0.17970119416713715 0.2510802149772644 0.02629621885716915
v -0.17863847315311432 -0.08231459558010101 0.12755347788333893
v -0.1784895360469818 0.2288655787706375 0.0018691961886361241
v -0.17659145593643188 -0.0354413203895092 0.12036292254924774
v -0.17503736913204193 0.21496574580669403 0.0670204684138298
v -0.1749536097049713 0.16259486973285675 0.041105613112449646
v -0.17386862635612488 -0.07021266222000122 0.12713050842285156
v -0.17114737629890442 0.10153022408485413 0.10337557643651962
v -0.16994895040988922 0.23786890506744385 0.0771193727850914
v -0.16942580044269562 -0.04279407486319542 0.12778563797473907
v -0.16855864226818085 -0.4521498680114746 -0.016390779986977577
v -0.16800156235694885 -0.4983028173446655 0.14513447880744934
v -0.16790616512298584 -0.44950437545776367 0.15117377042770386
v -0.16772012412548065 -0.49790576100349426 -0.15094693005084991
v -0.16661445796489716 -0.44806745648384094 -0.14749211072921753
v -0.16017548739910126 -0.4981835186481476 0.1539294719696045
v -0.1590094119310379 0.10735751688480377 0.12237654626369476
v -0.1545087993144989 -0.439402312040329 -0.13977573812007904
v -0.15388546884059906 0.1065889522433281 0.05435297638177872
v -0.15110540390014648 0.19711390137672424 0.049683827906847
v -0.15032146871089935 0.19843265414237976 0.10515651851892471
v -0.14968806505203247 0.13107746839523315 0.10099726915359497
v -0.14342984557151794 -0.4225130081176758 0.13075652718544006
v -0.14252135157585144 -0.42021897435188293 -0.12743103504180908
v -0.14052045345306396 -0.3930744528770447 0.12829023599624634
v -0.1387336701154709 -0.3939061164855957 -0.12630099058151245
v -0.1376163363456726 0.11095703393220901 0.09523995220661163
v -0.13749495148658752 -0.3887805938720703 -0.10816080123186111
v -0.13646560907363892 0.3135160505771637 0.11130395531654358
v -0.1361088901758194 -0.0395258292555809 0.10958661139011383
v -0.13574634492397308 0.3207310140132904 -0.10929986089468002
v -0.13546967506408691 -0.07226233929395676 0.11148258298635483
v -0.13481877744197845 -0.38943836092948914 0.12128360569477081
v -0.13479651510715485 0.2824120819568634 -0.0005727109964936972
v -0.13440321385860443 0.2804885804653168 -0.051984742283821106
v -0.13437141478061676 0.03443422168493271 0.11918886750936508
v -0.13433007895946503 -0.38851237297058105 0.005645751487463713
v -0.1339850276708603 0.3218594491481781 0.05303104966878891
v -0.13396009802818298 0.03954330459237099 -0.0956883653998375
v -0.13347087800502777 0.2780159115791321 0.11625402420759201
v -0.1331804096698761 0.03004917874932289 -0.11264336854219437
v -0.13288094103336334 0.01881651021540165 0.010211540386080742
v -0.13276749849319458 -0.22300279140472412 -0.11298047751188278
v -0.1326768845319748 -0.37200790643692017 -0.002595884259790182
v -0.13253481686115265 -0.3726730942726135 0.0964028537273407
v -0.13251468539237976 0.27861645817756653 0.05270824953913689
v -0.13227508962154388 -0.08957777172327042 0.11588140577077866
v -0.1322411745786667 0.019597792997956276 0.09621469676494598
v -0.1322014182806015 0.042957842350006104 0.007342948578298092
v -0.13218817114830017 0.27883589267730713 -0.09434046596288681
v -0.1321229785680771 0.20231415331363678 -0.09564808011054993
v -0.13209010660648346 -0.3685774803161621 0.11806464940309525
v -0.13155847787857056 -0.21305601298809052 -0.09463410824537277
v -0.1315431147813797 -0.12932409346103668 -0.09398374706506729
v -0.13148055970668793 0.27851471304893494 -0.1157902330160141
v -0.1313772052526474 0.21806596219539642 0.0020610715728253126
v -0.13130617141723633 0.16035278141498566 0.1026504784822464
v -0.13107667863368988 -0.12815693020820618 0.09591416269540787
v -0.13095052540302277 0.27444711327552795 0.0951901227235794
v -0.1304459273815155 0.018558910116553307 0.07726937532424927
v -0.1303224265575409 -0.12500636279582977 -0.008821236900985241
v -0.13027790188789368 0.16515125334262848 -0.00045557148405350745
v -0.13026200234889984 -0.0733892023563385 0.018458474427461624
v -0.12994025647640228 -0.4502931237220764 -0.15054939687252045
v -0.12950721383094788 -0.13584890961647034 0.011739123612642288
v -0.12950138747692108 -0.16156341135501862 0.0013608851004391909
v -0.12931957840919495 0.15300004184246063 -0.09352366626262665
v -0.1293095052242279 0.15748313069343567 -0.008961169049143791
v -0.12930527329444885 0.19830702245235443 0.024036645889282227
v -0.1292559802532196 0.10244772583246231 0.11781924217939377
v -0.12925013899803162 -0.07617246359586716 -0.007497719954699278
v -0.1291854828596115 -0.3887307345867157 -0.11976025998592377
v -0.12913142144680023 0.18941661715507507 -0.010117191821336746
v -0.12884466350078583 -0.29777222871780396 0.06347024440765381
v -0.12865066528320312 0.3002750873565674 0.12288326770067215
v -0.1285923570394516 -0.2628333866596222 0.038935620337724686
v -0.1285838782787323 -0.040315061807632446 0.03454633429646492
v -0.12856055796146393 0.3295450806617737 0.10203562676906586
v -0.12839041650295258 0.08651039749383926 0.09694243967533112
v -0.1283893585205078 -0.31458836793899536 -0.006403712090104818
v -0.12832733988761902 -0.12927374243736267 -0.11621744930744171
v -0.12827327847480774 -0.17003032565116882 0.030515359714627266
v -0.12819376587867737 -0.32407400012016296 -0.11627098172903061
v -0.1281927078962326 0.17070452868938446 0.01699131913483143
v -0.12815295159816742 -0.03109496831893921 -0.048738762736320496
v -0.1281391829252243 -0.33110395073890686 0.00925799272954464
v -0.12805861234664917 -0.13937370479106903 0.08550146967172623
v -0.12770985066890717 0.2126998007297516 0.02774694748222828
v -0.1277002990245819 -0.265240341424942 -0.03790309652686119
v -0.1276133805513382 -0.3259964883327484 -0.01474075485020876
v -0.12758581340312958 0.20548273622989655 -0.032785531133413315
v -0.1275656670331955 0.22454415261745453 -0.0828268751502037
v -0.12741461396217346 -0.15627147257328033 -0.07930155843496323
v -0.12738704681396484 -0.33813604712486267 0.09465160220861435
v -0.12707431614398956 0.24464654922485352 -0.039095688611269
v -0.12702396512031555 -0.2393106371164322 0.05755602568387985
v -0.1269916296005249 0.27640992403030396 -0.059658702462911606
v -0.12686018645763397 -0.06338094174861908 0.03319578617811203
v -0.12683050334453583 0.017445819452404976 -0.009651814587414265
v -0.12666353583335876 -0.33431708812713623 -0.09151904284954071
v -0.12574708461761475 -0.06831033527851105 0.010352530516684055
v -0.1253882497549057 0.016630085185170174 0.06331335008144379
v -0.12505432963371277 0.032729074358940125 -0.11962933838367462
v -0.12498117983341217 0.018122155219316483 -0.08988969773054123
v -0.12497959285974503 -0.1439739465713501 0.0005403789691627026
v -0.12467534095048904 0.24785278737545013 -0.056169431656599045
v -0.1242857575416565 0.1917026937007904 0.003506498411297798
v -0.12423699349164963 -0.36799970269203186 -0.08604317903518677
v -0.12417127937078476 0.20261044800281525 0.0059208436869084835
v -0.12402604520320892 -0.13812492787837982 -0.01674484834074974
v -0.12387550622224808 0.2478283941745758 0.0590512752532959
v -0.1237202063202858 0.2767189145088196 0.014632627367973328
v -0.12362957745790482 -0.1248818039894104 0.014463013038039207
v -0.12355907261371613 0.1994805485010147 0.013597453013062477
v -0.12352143973112106 0.27496713399887085 0.0652230903506279
v -0.12337197363376617 -0.28620457649230957 -0.06434427946805954
v -0.12330518662929535 0.04755277931690216 0.09284892678260803
v -0.12310005724430084 0.15267935395240784 0.01297412347048521
v -0.12306984513998032 -0.2538910508155823 -0.03530058637261391
v -0.12257266044616699 -0.023222243413329124 0.059196505695581436
v -0.12240198999643326 -0.21178549528121948 0.05024779587984085
v -0.12215234339237213 -0.32581204175949097 0.06779167801141739
v -0.12207654863595963 -0.17106549441814423 0.009804997593164444
v -0.12203201651573181 -0.21909691393375397 -0.06417784839868546
v -0.12202566117048264 -0.22626043856143951 0.03863932564854622
v -0.12192495167255402 0.014844370074570179 -0.06011294946074486
v -0.1216048076748848 -0.15886709094047546 0.08928173780441284
v -0.12146858870983124 0.27748003602027893 -0.009345979429781437
v -0.1211685836315155 -0.3604545593261719 0.119050532579422
v -0.12094331532716751 -0.08899790793657303 -0.01552892941981554
v -0.12088500708341599 -0.2983399033546448 0.07211364805698395
v -0.12057387083768845 0.04656531289219856 -0.008855690248310566
v -0.12042705714702606 -0.13960374891757965 -0.07859659940004349
v -0.12031096965074539 -0.3399689495563507 0.0150370504707098
v -0.12010955810546875 0.21820801496505737 0.09004658460617065
v -0.12007245421409607 0.16577883064746857 -0.09075260162353516
v -0.11997333914041519 -0.0910099446773529 0.01488121785223484
v -0.11989859491586685 -0.1759127378463745 -0.026632795110344887
v -0.11983340233564377 -0.15884269773960114 -0.08917784690856934
v -0.11982704699039459 0.2150929570198059 -0.07192283123731613
v -0.11971890926361084 0.19951976835727692 -0.003865336999297142
v -0.11963357776403427 -0.17420493066310883 -0.0067922333255410194
v -0.11954665184020996 0.24594514071941376 -0.0570736825466156
v -0.11891589313745499 -0.26783332228660583 0.04645268991589546
v -0.11890795081853867 -0.2351360023021698 0.05430315062403679
v -0.11872508376836777 -0.07915765792131424 -0.007032343186438084
v -0.118718720972538 -0.027278661727905273 -0.0544266514480114
v -0.11864610761404037 -0.32049569487571716 0.01067744754254818
v -0.1185666024684906 -0.134013369679451 0.01913428120315075
v -0.11854646354913712 0.07502755522727966 0.005875259637832642
v -0.11854275315999985 0.16539931297302246 -0.005613948218524456
v -0.11833655834197998 -0.32706981897354126 -0.007539063226431608
v -0.11785263568162918 -0.1300746351480484 -0.009545275941491127
v -0.1177593469619751 0.16737955808639526 0.09395035356283188
v -0.1177482157945633 0.20394986867904663 0.03155212476849556
v -0.11769521236419678 0.3223958909511566 -0.11824221163988113
v -0.11720491945743561 -0.05053693801164627 0.031175263226032257
v -0.11717258393764496 0.15719954669475555 -0.0013115908950567245
v -0.1171487346291542 0.20659847557544708 0.07904236763715744
v -0.11708036065101624 -0.36977219581604004 0.09332225471735
v -0.11693036556243896 0.07037696242332458 0.0007179433014243841
v -0.11692029237747192 -0.025148948654532433 0.11979629844427109
v -0.11686038970947266 -0.1267809420824051 -0.0901298075914383
v -0.11653865873813629 0.15498027205467224 -0.09132663905620575
v -0.1164851188659668 -0.3708629906177521 -0.006019430700689554
v -0.11630809307098389 0.23237182199954987 -0.04057769104838371
v -0.11628954112529755 -0.2593616247177124 -0.04520072415471077
v -0.116102434694767 0.2759222686290741 0.053770460188388824
v -0.11609872430562973 -0.3716675937175751 0.010579919442534447
v -0.11594129353761673 0.27612313628196716 -0.05247980356216431
v -0.11566515266895294 0.14077194035053253 0.09618554264307022
v -0.115269735455513 -0.15464159846305847 -0.09323638677597046
v -0.11505400389432907 -0.33003854751586914 -0.11591798067092896
v -0.11503863334655762 0.01746649295091629 0.0060819764621555805
v -0.11485417932271957 -0.3896217942237854 -0.0948328748345375
v -0.11451071500778198 0.060733359307050705 0.0045771850273013115
v -0.11442326009273529 0.18966044485569 -0.08817765861749649
v -0.11406230181455612 -0.13400648534297943 0.09390636533498764
v -0.11397377401590347 -0.3898974061012268 0.09706170856952667
v -0.11378137767314911 0.04280465841293335 -0.11711163818836212
v -0.11376335471868515 0.27936702966690063 -0.04635833948850632
v -0.1137421503663063 0.016035906970500946 0.06757224351167679
v -0.11370504647493362 0.28247779607772827 -0.004454214591532946
v -0.1135454997420311 0.3223969638347626 0.09411254525184631
v -0.11353755742311478 0.32365790009498596 -0.08863455057144165
v -0.11325186491012573 0.28096190094947815 0.09593483060598373
v -0.1132301315665245 -0.2944605350494385 0.06786110997200012
v -0.1130642294883728 0.2795318365097046 -0.09417032450437546
v -0.11302818357944489 0.018641065806150436 0.09562423080205917
v -0.11301228404045105 -0.08927405625581741 0.11951114237308502
v -0.1130080446600914 0.020724665373563766 -0.08900134265422821
v -0.11281722784042358 -0.12491148710250854 0.09607900679111481
v -0.11279124766588211 -0.5 -0.15114779770374298
v -0.11261634528636932 0.04398983344435692 0.00821698922663927
v -0.11244354397058487 -0.3668367862701416 -0.09492244571447372
v -0.1124340072274208 -0.033648714423179626 0.00030928029445931315
v -0.11236457526683807 0.21072964370250702 -0.09351731091737747
v -0.11208205670118332 0.006795670371502638 0.003748727962374687
v -0.11198877543210983 0.044835250824689865 -0.09277895838022232
v -0.11188700050115585 0.2076612263917923 0.11854062974452972
v -0.1114242747426033 0.3632611334323883 0.10132589936256409
v -0.11097639054059982 -0.18050555884838104 0.11750704795122147
v -0.11082480102777481 0.2101110816001892 -0.11563493311405182
v -0.11079829186201096 0.11184962093830109 0.11636586487293243
v -0.11064193397760391 0.028764354065060616 -0.005223836749792099
v -0.11050623655319214 0.018942132592201233 -0.11516955494880676
v -0.11016860604286194 -0.3561553657054901 0.09797867387533188
v -0.11008697748184204 0.38001522421836853 -0.08624617755413055
v -0.11003874242305756 -0.15046696364879608 -0.11450647562742233
v -0.10996772348880768 0.11954902857542038 -0.09485725313425064
v -0.10994704067707062 0.013225620612502098 -0.09852886199951172
v -0.10985428839921951 0.048891667276620865 -0.00016139783838298172
v -0.1098097637295723 -0.3725183308124542 -0.11695527285337448
v -0.1097647100687027 0.01819901168346405 0.11738831549882889
v -0.1094159409403801 -0.24356739223003387 -0.1023552417755127
v -0.10914296656847 -0.04305962473154068 0.11004509776830673
v -0.10911858826875687 0.1283673495054245 -0.11488915979862213
v -0.10902582854032516 0.27871766686439514 0.11730456352233887
v -0.10889066755771637 0.22318139672279358 0.09945113956928253
v -0.10867282748222351 -0.008347651921212673 -0.0046386695466935635
v -0.10856681317090988 0.2784404754638672 -0.11592486500740051
v -0.10836857557296753 0.3244715631008148 0.11306899040937424
v -0.10821380466222763 0.06497687846422195 0.11331546306610107
v -0.10757510364055634 0.08026331663131714 0.10808076709508896
v -0.10750778764486313 -0.3090563118457794 0.07583296298980713
v -0.1070445328950882 0.05750380456447601 -0.09728061407804489
v -0.10676891356706619 0.18382467329502106 -0.1195174977183342
v -0.10672756284475327 0.0647139772772789 -0.007343478035181761
v -0.10657703131437302 0.04387746751308441 0.11750863492488861
v -0.1061328575015068 0.3399190902709961 -0.10505156964063644
v -0.10603056102991104 -0.08008258789777756 0.10950817167758942
v -0.10595952719449997 0.3230350911617279 0.09691488742828369
v -0.10544750839471817 0.08688884973526001 -0.1062059998512268
v -0.10465563088655472 0.1023327112197876 -0.0057703107595443726
v -0.10462170839309692 0.07060805708169937 0.10106511414051056
v -0.10287097096443176 0.3694223463535309 -0.07946216315031052
v -0.10269287973642349 0.3220783770084381 -0.09571328014135361
v -0.10205523669719696 -0.39023450016975403 -0.07779570668935776
v -0.10204093158245087 -0.2289048284292221 -0.048358190804719925
v -0.10199746489524841 -0.02434275485575199 -0.0011806698748841882
v -0.10181353986263275 -0.3725130259990692 -0.079707570374012
v -0.10126282274723053 -0.3899407982826233 0.0804528146982193
v -0.10125434398651123 0.13660050928592682 -0.08830752223730087
v -0.10102589428424835 -0.021655967459082603 0.0034746958408504725
v -0.1007571667432785 -0.26668205857276917 0.10324624180793762
v -0.10007234662771225 -0.36516714096069336 -0.0741824060678482
v -0.09981951862573624 0.10025864839553833 0.1060146614909172
v -0.09924601018428802 0.22806522250175476 0.12463081628084183
v -0.09889353066682816 -0.12393249571323395 0.10167042165994644
v -0.09824157506227493 -0.3630332350730896 0.07607041299343109
v -0.0981355682015419 0.1286148875951767 0.1244288757443428
v -0.09797973930835724 -0.30524638295173645 0.1080600917339325
v -0.09746082872152328 0.12067218124866486 0.08827465772628784
v -0.09716718643903732 -0.11768912523984909 -0.04530090093612671
v -0.09696099907159805 0.356023371219635 0.09642618149518967
v -0.09687300771474838 -0.35024431347846985 0.06631764024496078
v -0.09633024781942368 -0.2262408435344696 -0.07920350134372711
v -0.09612671285867691 0.08161121606826782 0.005780382081866264
v -0.09580126404762268 0.2247726023197174 -0.08685307949781418
v -0.09577634930610657 -0.2516457736492157 0.11110200732946396
v -0.09499295055866241 -0.22646768391132355 0.06707983464002609
v -0.09489966183900833 -0.1162288561463356 0.06394992768764496
v -0.09463252127170563 -0.36825889348983765 -0.10344341397285461
v -0.09454400092363358 -0.2276957929134369 0.10098455101251602
v -0.09453605115413666 -0.11031781882047653 -0.07818052172660828
v -0.09436484426259995 0.003548098262399435 -0.07400112599134445
v -0.09396837651729584 -0.3687157928943634 0.10852335393428802
v -0.09384169429540634 -0.34670576453208923 -0.0767197236418724
v -0.09351889789104462 0.3878980576992035 0.07094331085681915
v -0.09307419508695602 0.09492111951112747 -0.09278161078691483
v -0.09240368753671646 -0.034298017621040344 0.01616656966507435
v -0.09233531355857849 0.038943298161029816 0.006160422693938017
v -0.0923236533999443 0.055312078446149826 0.09713272750377655
v -0.09190492331981659 0.003659937297925353 0.0639684796333313
v -0.09104254096746445 0.09904219955205917 0.0012087628711014986
v -0.09060154110193253 0.051566265523433685 -0.10675089061260223
v -0.09026284515857697 0.2411281317472458 0.08963262289762497
v -0.08993740379810333 0.051666971296072006 -0.09485195577144623
v -0.08979057520627975 0.019717052578926086 -0.009515593759715557
v -0.08947361260652542 -0.09838337451219559 0.07951834797859192
v -0.08932944387197495 0.05739833042025566 -0.005952115636318922
v -0.08924887329339981 -0.330740362405777 -0.07958141714334488
v -0.08885505050420761 -0.015537682920694351 0.00800815224647522
v -0.088050976395607 0.406539648771286 -0.08173339068889618
v -0.08795874565839767 0.2485349327325821 -0.09144112467765808
v -0.08782093971967697 0.06443358957767487 0.0014605331234633923
v -0.08764920383691788 -0.33377063274383545 0.004454744979739189
v -0.08696280419826508 0.049349095672369 0.10814384371042252
v -0.08693947643041611 -0.3281961977481842 -0.0610935315489769
v -0.08683346956968307 0.08053098618984222 0.11381424218416214
v -0.08624459058046341 -0.3259259760379791 -0.014864785596728325
v -0.08494704961776733 -0.10166804492473602 -0.05828695371747017
v -0.0846385583281517 -0.2810668647289276 0.0027522474993020296
v -0.0835275873541832 0.10344208776950836 -0.1152501180768013
v -0.08252263069152832 -0.05282725393772125 -0.00644929613918066
v -0.08195123821496964 -0.11085952073335648 0.10510828346014023
v -0.08192262053489685 -0.2760744094848633 -0.10899879783391953
v -0.08128762990236282 0.01704086922109127 0.09916915744543076
v -0.08066695183515549 -0.035860054194927216 0.10795249789953232
v -0.08042312413454056 -0.3237406313419342 0.0637797862291336
v -0.08039451390504837 -0.04463862255215645 -0.017644330859184265
v -0.08030758053064346 0.016131315380334854 -0.10588585585355759
v -0.07975263148546219 0.42639029026031494 -0.0654313936829567
v -0.0797102227807045 -0.2305421382188797 -0.09596027433872223
v -0.07953477650880814 0.42384979128837585 0.06681056320667267
v -0.07843175530433655 0.1887238472700119 0.10734718292951584
v -0.07800295203924179 0.08216670155525208 0.09670604765415192
v -0.07797379791736603 0.04370732232928276 0.11875104904174805
v -0.07764729112386703 -0.3682313561439514 -0.10976576805114746
v -0.07750842720270157 -0.30309489369392395 -0.07492288202047348
v -0.07746496051549911 -0.3707692325115204 0.1149771511554718
v -0.07737062126398087 -0.010775778442621231 -0.012881364673376083
v -0.07734888046979904 0.20608064532279968 -0.09953435510396957
v -0.07677696645259857 -0.2450854331254959 0.07646901160478592
v -0.07660258561372757 0.17711485922336578 0.10173085331916809
v -0.07635293900966644 -0.3061029314994812 0.07755029201507568
v -0.07629303634166718 -0.09983303397893906 -0.07828176021575928
v -0.07624692469835281 -0.3716670870780945 -0.0965178832411766
v -0.0761965662240982 -0.37152978777885437 0.09805023670196533
v -0.07608472555875778 -0.32435548305511475 -0.022291215136647224
v -0.07603755593299866 0.20784036815166473 -0.10650654137134552
v -0.07600999623537064 -0.10555750131607056 0.08906654268503189
v -0.07590292394161224 -0.05160126835107803 0.012951331213116646
v -0.07570839673280716 -0.2654878497123718 0.11044051498174667
v -0.07527270913124084 -0.3277466893196106 0.014226083643734455
v -0.07480308413505554 0.42468616366386414 -0.04670286551117897
v -0.07474478334188461 0.2481151521205902 -0.11850723624229431
v -0.07438700646162033 -0.30485305190086365 -0.012611573562026024
v -0.07413841784000397 -0.34608137607574463 0.04311500862240791
v -0.07363646477460861 -0.329451322555542 -0.07071539759635925
v -0.07361261546611786 0.0016526650870218873 -0.0647868663072586
v -0.07345836609601974 0.002762044779956341 0.0752260610461235
v -0.07333540171384811 -0.34500643610954285 -0.07215234637260437
v -0.07286737114191055 0.018945841118693352 -0.09390052407979965
v -0.07265323400497437 -0.01646631769835949 0.01553528942167759
v -0.07185127586126328 -0.3272717595100403 0.08120865374803543
v -0.07170074433088303 0.410540908575058 -0.06166756525635719
v -0.07116805762052536 0.2502671182155609 0.08781670033931732
v -0.07100056111812592 -0.3452471196651459 -0.011972340755164623
v -0.0703989639878273 -0.08095821738243103 -0.012140365317463875
v -0.07034172117710114 -0.2328658252954483 0.11055552959442139
v -0.07021662592887878 -0.12356093525886536 -0.08996018767356873
v -0.07000778615474701 -0.08448300510644913 0.11246474832296371
v -0.06981538236141205 -0.06892094761133194 0.11264125257730484
v -0.06965372711420059 0.42351001501083374 0.050543028861284256
v -0.06921590864658356 -0.25510379672050476 -0.1092553362250328
v -0.0691952332854271 0.4197123050689697 0.07235217094421387
v -0.06919045746326447 -0.051377587020397186 0.09452703595161438
v -0.06882420182228088 0.12522949278354645 -0.09837037324905396
v -0.06876590102910995 0.0771477222442627 0.11899063736200333
v -0.06653442233800888 -0.24868549406528473 0.10567807406187057
v -0.06623176485300064 -0.22457066178321838 0.05573691427707672
v -0.06619995832443237 0.4151173532009125 -0.061151836067438126
v -0.0661655068397522 0.41437894105911255 0.059182196855545044
v -0.06574094295501709 -0.21708010137081146 -0.09738821536302567
v -0.06573829799890518 0.017093341797590256 -0.11193682253360748
v -0.06511655449867249 -0.2497694343328476 0.011864743195474148
v -0.06510913372039795 0.1124003455042839 0.09972570091485977
v -0.06503863632678986 0.029029905796051025 -0.01108505018055439
v -0.06346812099218369 -0.07923080772161484 0.010117721743881702
v -0.06345804780721664 0.015617703087627888 0.10834790766239166
v -0.06326564401388168 0.4206758737564087 -0.061265263706445694
v -0.06323861330747604 0.12708888947963715 -0.10541889071464539
v -0.06310716271400452 0.03219585120677948 0.00933590903878212
v -0.06070872023701668 -0.24445468187332153 -0.007741009816527367
v -0.06059104576706886 -0.02671416476368904 0.10624204576015472
v -0.060222141444683075 -0.28076741099357605 -0.007418214343488216
v -0.0599767304956913 0.11657548695802689 0.10828747600317001
v -0.05992796644568443 -0.018887553364038467 -0.016406679525971413
v -0.05991789698600769 -0.11829390376806259 0.054346613585948944
v -0.05939580500125885 -0.18923641741275787 0.005739038810133934
v -0.05936399847269058 -0.12313584983348846 -0.035481858998537064
v -0.05916788429021835 -0.2507685720920563 0.002832813886925578
v -0.05901098996400833 -0.18892210721969604 -0.004883549176156521
v -0.05887370929121971 0.2777726650238037 0.10216814279556274
v -0.058862049132585526 -0.2102966159582138 0.10590864717960358
v -0.05883077532052994 -0.14896006882190704 -0.0007667066529393196
v -0.05876240134239197 -0.07364945858716965 0.10908625274896622
v -0.058669641613960266 -0.1193036288022995 0.10416215658187866
v -0.05832988768815994 -0.3140026330947876 -0.0038690471556037664
v -0.05832882598042488 -0.19689500331878662 0.0013730761129409075
v -0.05823182687163353 -0.2249051183462143 -0.08776050806045532
v -0.05786079913377762 -0.2954384684562683 0.10983838886022568
v -0.05781680718064308 0.061780720949172974 0.10418229550123215
v -0.057612739503383636 -0.30179363489151 0.007491360418498516
v -0.057543832808732986 -0.3075101375579834 0.06900865584611893
v -0.05680760368704796 -0.26544809341430664 0.002838114509359002
v -0.05664806067943573 0.4231851398944855 0.06168558821082115
v -0.05660194903612137 -0.10654973983764648 0.002908610040321946
v -0.05614080652594566 0.38277992606163025 0.0968894362449646
v -0.055825963616371155 -0.17772017419338226 -0.0006368462927639484
v -0.055817484855651855 -0.1565534621477127 0.006624740082770586
v -0.05549892783164978 -0.09759731590747833 -0.0053971610032022
v -0.055441681295633316 -0.2323230803012848 0.0034953674767166376
v -0.055405110120773315 -0.22844527661800385 0.10035962611436844
v -0.05516818165779114 -0.36317527294158936 0.07362957298755646
v -0.055129487067461014 -0.22418373823165894 0.0007322544697672129
v -0.054625947028398514 -0.274777889251709 0.06277376413345337
v -0.05390032008290291 0.2767687737941742 -0.09553518146276474
v -0.053578052669763565 0.4541676938533783 0.030344685539603233
v -0.052885815501213074 0.4515933096408844 -0.03034309484064579
v -0.052542880177497864 -0.3167588710784912 0.09611822664737701
v -0.05233510211110115 0.1809062510728836 -0.10701219737529755
v -0.05145629122853279 -0.025709206238389015 0.1288934350013733
v -0.05105876177549362 0.19617201387882233 0.12012280523777008
v -0.050958581268787384 -0.13743799924850464 -0.00445845490321517
v -0.05079267919063568 -0.13203367590904236 0.003973996266722679
v -0.05048525333404541 -0.04386688023805618 0.11739520728588104
v -0.05045716091990471 0.4584271311759949 -0.04356660321354866
v -0.050326768308877945 -0.23583832383155823 -0.002792000537738204
v -0.05002305284142494 -0.08209674805402756 0.10220418125391006
v -0.049896907061338425 0.026468738913536072 0.0938623696565628
v -0.049062617123126984 -0.12383443862199783 0.002568852622061968
v -0.04893699660897255 0.2181083709001541 -0.10274004936218262
v -0.048729751259088516 -0.2744010388851166 -0.09685498476028442
v -0.04872604086995125 -0.2751929759979248 0.0024119599256664515
v -0.0487048402428627 -0.26355212926864624 -0.002752777189016342
v -0.04847002774477005 -0.2984071969985962 0.06510118395090103
v -0.048373032361269 0.27872511744499207 0.11867950111627579
v -0.048183806240558624 -0.11740342527627945 -0.07221329212188721
v -0.04774599149823189 0.22856345772743225 0.10704346746206284
v -0.04747619852423668 -0.31939956545829773 0.005428433883935213
v -0.04743538424372673 -0.2511279284954071 0.0698307529091835
v -0.04737549275159836 0.21151569485664368 -0.10000132024288177
v -0.047360122203826904 -0.30639657378196716 0.08638982474803925
v -0.046911172568798065 -0.09128768742084503 0.00603374233469367
v -0.046893682330846786 0.019405918195843697 0.0006426771869882941
v -0.046851810067892075 -0.23555050790309906 -0.057785533368587494
v -0.046837497502565384 0.03773586079478264 -0.001135086640715599
v -0.04682265967130661 -0.22840818762779236 0.004710225388407707
v -0.046402331441640854 -0.22708995640277863 0.0812150165438652
v -0.046352509409189224 -0.0712314024567604 0.1259792447090149
v -0.04604455456137657 0.049428604543209076 -0.1056658923625946
v -0.045212920755147934 -0.08061527460813522 0.00736945029348135
v -0.04467598348855972 -0.10522463917732239 0.10521641373634338
v -0.04405795410275459 -0.3301186263561249 0.10875551402568817
v -0.044032514095306396 -0.3066350817680359 -0.08694372326135635
v -0.04402085021138191 0.25179946422576904 0.0992046669125557
v -0.043898943811655045 -0.0674368292093277 0.10124161839485168
v -0.04314203932881355 0.07070345431566238 0.08876600116491318
v -0.042791154235601425 0.24143342673778534 -0.09826754778623581
v -0.04278001934289932 -0.29984045028686523 -0.09465424716472626
v -0.042401038110256195 -0.01709918864071369 0.06292058527469635
v -0.04234326630830765 0.07524698972702026 -0.11853373795747757
v -0.042176831513643265 -0.19832400977611542 0.00014814728638157248
v -0.04194096475839615 -0.15375110507011414 -0.0032271656673401594
v -0.04175703972578049 -0.07448798418045044 0.002334573771804571
v -0.04166216030716896 -0.27309074997901917 0.11297889053821564
v -0.041393958032131195 0.04078413546085358 -0.09273973107337952
v -0.04138335585594177 -0.27341407537460327 0.08301080018281937
v -0.041380707174539566 -0.0638839453458786 0.08149170130491257
v -0.0413319431245327 -0.06192968413233757 0.117486372590065
v -0.04076108708977699 -0.08967742323875427 0.1269778460264206
v -0.04073352739214897 -0.17136073112487793 0.00574539927765727
v -0.04022097587585449 -0.12766346335411072 -0.0018283824902027845
v -0.0390506386756897 -0.3007017970085144 0.07015620172023773
v -0.03902784734964371 0.4584228992462158 0.043129317462444305
v -0.03888844698667526 -0.31587693095207214 -0.09938011318445206
v -0.03821847215294838 -0.35536882281303406 0.11029422283172607
v -0.03803242743015289 0.26176586747169495 -0.08847448229789734
v -0.03800274431705475 -0.012590115889906883 -0.09555638581514359
v -0.03771652281284332 -0.3213580548763275 -0.08471329510211945
v -0.03749655559659004 -0.2713490426540375 -0.08577603101730347
v -0.037218283861875534 -0.07188653945922852 -0.09113529324531555
v -0.03710008040070534 -0.05638808384537697 0.06143328547477722
v -0.03688435256481171 -0.27282360196113586 0.012953981757164001
v -0.03685838356614113 -0.3403850197792053 -0.07932541519403458
v -0.036663856357336044 -0.28786149621009827 0.1033087894320488
v -0.03666120767593384 -0.30638644099235535 0.11336104571819305
v -0.03662410005927086 -0.2769855558872223 0.06427272409200668
v -0.03633628785610199 -0.016336457803845406 0.07701972126960754
v -0.03625095263123512 -0.11017046868801117 -0.0039050900377333164
v -0.03611314296722412 0.12522843480110168 0.0002430248132441193
v -0.036027275025844574 0.2066514939069748 -0.10803835839033127
v -0.03548663109540939 -0.26614245772361755 -0.008936256170272827
v -0.035024434328079224 -0.12228354066610336 0.004805103410035372
v -0.03468891605734825 -0.03075627237558365 0.11732205748558044
v -0.03438520431518555 0.09520256519317627 0.10945729166269302
v -0.034228842705488205 0.05948987603187561 -0.00013012520503252745
v -0.03414721414446831 -0.32527458667755127 -0.004249088000506163
v -0.03405816853046417 -0.3074900507926941 -0.08938615024089813
v -0.033284835517406464 -0.281759649515152 -0.08463484793901443
v -0.03321857750415802 0.07169358432292938 -0.09163936227560043
v -0.03219453617930412 0.19990617036819458 0.09824157506227493
v -0.03206891566514969 0.279396653175354 -0.11455152928829193
v -0.03204135224223137 0.023875238373875618 0.00465775141492486
v -0.03135865926742554 -0.23878854513168335 0.10317309945821762
v -0.030678613111376762 -0.056747447699308395 -0.11073309928178787
v -0.030674373731017113 -0.2499242126941681 0.005708826240152121
v -0.029683193191885948 0.044249553233385086 0.11814627796411514
v -0.029567113146185875 0.3733128309249878 0.0014891555765643716
v -0.02900685928761959 -0.054055895656347275 0.01646922528743744
v -0.028796430677175522 -0.085718534886837 0.10114091634750366
v -0.028724346309900284 -0.372277170419693 -0.1137479841709137
v -0.028458263725042343 -0.031046206131577492 0.10785337537527084
v -0.028289711102843285 -0.294175386428833 -0.10124798864126205
v -0.027936702594161034 0.3844659924507141 0.1061047613620758
v -0.02793087251484394 -0.34673863649368286 0.014421669766306877
v -0.027900658547878265 -0.35744601488113403 0.10462011396884918
v -0.02782115340232849 0.19762009382247925 -0.09665621817111969
v -0.02750365622341633 -0.08982159197330475 0.06845317780971527
v -0.02723068557679653 -0.06755555421113968 -0.012240013107657433
v -0.027004357427358627 0.05240585282444954 -0.09885642677545547
v -0.026884038001298904 -0.3546792268753052 -0.07263150066137314
v -0.026795519515872 0.06901263445615768 0.12174420803785324
v -0.026673080399632454 -0.32578444480895996 0.07089084386825562
v -0.026201872155070305 -0.24584923684597015 0.10968466848134995
v -0.025652216747403145 0.24542465806007385 -0.1059865653514862
v -0.02517411857843399 0.05767819285392761 0.11049351841211319
v -0.025025706738233566 0.1741688847541809 -0.09420530498027802
v -0.024646196514368057 -0.35630378127098083 -0.0930439829826355
v -0.024448489770293236 -0.253533273935318 -0.11256545782089233
v -0.023326920345425606 0.48578372597694397 0.0017144237644970417
v -0.02329723723232746 -0.0488651879131794 -0.025042667984962463
v -0.023229921236634254 0.1783943772315979 0.09540744125843048
v -0.0231133121997118 0.013237811625003815 -0.10588426887989044
v -0.0229346863925457 -0.2966803312301636 0.1029738038778305
v -0.022663837298750877 -0.09487873315811157 0.11039705574512482
v -0.021976370364427567 -0.3677988350391388 0.11118098348379135
v -0.02125021256506443 0.38439977169036865 0.08750450611114502
v -0.020904093980789185 -0.3448972702026367 0.06284744292497635
v -0.020373521372675896 -0.33512169122695923 -0.09267347306013107
v -0.0202426016330719 -0.24275536835193634 -0.09333868324756622
v -0.020172106102108955 0.4692023694515228 -0.015341823920607567
v -0.020022103562951088 -0.08811220526695251 0.01143540907651186
v -0.01971679925918579 0.15169771015644073 0.10782157629728317
v -0.01954612508416176 0.3372127115726471 -0.0045904358848929405
v -0.019426334649324417 0.27195751667022705 0.12454124540090561
v -0.019292762503027916 -0.294974684715271 0.0815611332654953
v -0.019096119329333305 0.016447219997644424 -0.09577210992574692
v -0.018260769546031952 0.017615435644984245 0.11853532493114471
v -0.01816430501639843 -0.24652820825576782 -0.011837180703878403
v -0.018069425597786903 0.36118283867836 0.0774230882525444
v -0.01775669865310192 -0.31619545817375183 -0.00793500617146492
v -0.01765546388924122 0.20263801515102386 -0.10733658075332642
v -0.01755475252866745 0.16679811477661133 0.11751128733158112
v -0.017476307228207588 0.17176353931427002 0.007096478249877691
v -0.017464645206928253 -0.24795615673065186 -0.05497047305107117
v -0.017429664731025696 -0.36965399980545044 -0.09698696434497833
v -0.017304042354226112 0.3458905518054962 0.013566710986196995
v -0.0170104019343853 -0.07823061943054199 -0.02304069511592388
v -0.01688160002231598 -0.03273545205593109 0.06986574083566666
v -0.016221165657043457 -0.08905673772096634 -0.10043701529502869
v -0.016192544251680374 0.2810784876346588 -0.09330741316080093
v -0.016072753816843033 -0.2477160394191742 0.06142957881093025
v -0.015853846445679665 -0.2993824779987335 -0.09112469106912613
v -0.015372037887573242 0.03614891320466995 -0.11913904547691345
v -0.015138288959860802 0.4107571840286255 -0.002132097026333213
v -0.01501160766929388 -0.3023872673511505 0.0664045587182045
v -0.014733865857124329 -0.3892628848552704 -0.11743389815092087
v -0.014275379478931427 -0.0024710677098482847 0.01005252730101347
v -0.014253647066652775 -0.3898029923439026 -0.09369062632322311
v -0.013849224895238876 0.24933426082134247 0.10862882435321808
v -0.01382378302514553 5.246612272458151e-05 0.10156919062137604
v -0.01372678391635418 -0.041675154119729996 -0.11674166470766068
v -0.013697631657123566 -0.3342683017253876 -0.10902953892946243
v -0.013444801792502403 0.425493448972702 0.10087377578020096
v -0.013388617895543575 -0.2463119626045227 0.08063620328903198
v -0.013067941181361675 0.11856526881456375 0.015288819558918476
v -0.012882426381111145 0.3301265835762024 0.10033153742551804
v -0.012719172984361649 0.09271243214607239 -0.10579734295606613
v -0.012235774658620358 -0.12189501523971558 0.12015725672245026
v -0.012158917263150215 0.2822345495223999 0.12030725926160812
v -0.012122875079512596 -0.2430352419614792 0.01300857588648796
v -0.012097432278096676 0.05148622766137123 0.012411748059093952
v -0.012061920017004013 -0.0805681049823761 0.047427963465452194
v -0.011938420124351978 -0.3674415946006775 -0.07256365567445755
v -0.011767216958105564 0.18179777264595032 -0.008983960375189781
v -0.01171898189932108 -0.015019300393760204 0.12658296525478363
v -0.01155678927898407 -0.27726060152053833 -0.14624068140983582
v -0.01151544600725174 -0.24183151125907898 0.11201421171426773
v -0.011511735618114471 -0.2680119276046753 0.1536903977394104
v -0.011440710164606571 0.2451363056898117 0.01024917233735323
v -0.011232403106987476 -0.17817072570323944 0.01281829085201025
v -0.011104662902653217 -0.29488033056259155 -0.007698075845837593
v -0.011017205193638802 0.30372726917266846 0.11994895339012146
v -0.010993883945047855 -0.04452095180749893 0.12836921215057373
v -0.010765965096652508 -0.3578043282032013 -0.03357953950762749
v -0.010737872682511806 -0.35581353306770325 0.07906462997198105
v -0.010541226714849472 -0.15125195682048798 -0.01271493174135685
v -0.009714360348880291 0.2822971045970917 0.09706700593233109
v -0.008946859277784824 0.2103898823261261 0.10009248554706573
v -0.008754982613027096 0.4721907675266266 0.007250721100717783
v -0.00873431097716093 0.48583507537841797 0.015728754922747612
v -0.008721060119569302 -0.30289244651794434 0.012029586359858513
v -0.008228120394051075 -0.06057382747530937 0.15111440420150757
v -0.008103030733764172 0.364102840423584 -0.02233945019543171
v -0.008042075671255589 -0.3747710585594177 0.09785835444927216
v -0.007422455586493015 0.017414547502994537 -0.11365839838981628
v -0.007311146706342697 -0.37206459045410156 0.11929859220981598
v -0.007307436317205429 -0.0756986066699028 -0.014325731433928013
v -0.007032873574644327 0.04365325719118118 0.09578324109315872
v -0.006810785736888647 -0.24770809710025787 0.11365469545125961
v -0.006469438783824444 0.04219192638993263 -0.012355562299489975
v -0.006238869857043028 -0.2896975576877594 0.11805511265993118
v -0.0061365715228021145 0.3889045715332031 0.055991336703300476
v -0.006067666225135326 -0.06648539751768112 -0.1539294719696045
v -0.005461296997964382 -0.34324830770492554 0.02366773597896099
v -0.0054321447387337685 0.47845426201820374 -0.018597876653075218
v -0.005405642557889223 -0.29946625232696533 -0.10336126387119293
v -0.005127370357513428 0.5 -0.005014469847083092
v -0.004416052717715502 0.10439828038215637 -0.013247624970972538
v -0.00435244757682085 0.27610352635383606 -0.11882208287715912
v -0.00405244342982769 0.07350897789001465 -0.09172364324331284
v -0.003955975640565157 -0.004461378790438175 -0.01087462343275547
v -0.0035361815243959427 -0.3734157085418701 -0.11690756678581238
v -0.0034593252930790186 -0.20146556198596954 -3.736787039088085e-05
v -0.0032716901041567326 -0.31070950627326965 0.11235237866640091
v -0.002870977856218815 -0.3291475772857666 -0.09683961421251297
v -0.0028593167662620544 -0.10560096800327301 0.10146689414978027
v -0.002718855394050479 -0.03960428014397621 -0.02523825317621231
v -0.0025842245668172836 0.018269507214426994 0.0974968671798706
v -0.0020510016474872828 -0.41990843415260315 0.13025298714637756
v -0.0019078899640589952 0.4022139310836792 -0.0033914789091795683
v -0.0015829738695174456 0.042623914778232574 -0.11630968004465103
v -0.001552231376990676 -0.35824480652809143 -0.057456377893686295
v -0.0015119480667635798 -0.08964190632104874 0.09544189274311066
v -0.001348164863884449 -0.3233218789100647 0.05605229362845421
v -0.0010174181079491973 0.06463500112295151 0.08957432210445404
v -0.0007762485765852034 0.3281690776348114 -0.002711433917284012
v -0.0005976241664029658 -0.2257547825574875 0.07113678008317947
v -0.0002811886661220342 0.17610035836696625 0.0012856191024184227
v 0.0001110430239350535 -0.32406288385391235 -0.08053019642829895
v 0.00019478968170005828 -0.2383825182914734 -0.006720148026943207
v 0.00040468675433658063 -0.2544894516468048 0.01744980365037918
v 0.0004762424505315721 -0.30792996287345886 0.10412929207086563
v 0.0006304850103333592 -0.09428189694881439 0.06983499974012375
v 0.0007762467721477151 -0.2417975813150406 0.006385161075741053
v 0.0010343777248635888 -0.08185981959104538 -0.0017759084003046155
v 0.0014478110242635012 0.38664710521698 0.01239690650254488
v 0.001591982552781701 0.2726847231388092 0.08736562728881836
v 0.001986864721402526 -0.034289535135030746 0.06604783982038498
v 0.0020128365140408278 0.36685478687286377 0.12838459014892578
v 0.002240224974229932 -0.22628112137317657 -0.009482200257480145
v 0.0022593066096305847 -0.27002769708633423 -0.0011748395627364516
v 0.0022852786350995302 -0.007508064620196819 0.10036598891019821
v 0.0022884586360305548 -0.2552633285522461 -0.01651162840425968
v 0.002567261690273881 -0.339314341545105 0.03437300771474838
v 0.002620265819132328 -0.28887760639190674 0.07318221032619476
v 0.0026939415838569403 -0.030350787565112114 0.1085100993514061
v 0.0029075490310788155 0.15922008454799652 -0.1080653965473175
v 0.003042179625481367 -0.1291603147983551 0.014989345334470272
v 0.0032674481626600027 0.0499989278614521 0.10808500647544861
v 0.0033019008114933968 -0.07512827217578888 0.13133002817630768
v 0.0035367095842957497 0.23545879125595093 -0.006136040668934584
v 0.003748726798221469 -0.07770851999521255 -0.07592464983463287
v 0.004043960478156805 0.17451712489128113 0.0966360792517662
v 0.004121346864849329 -0.26140546798706055 -0.006174732930958271
v 0.004155269358307123 -0.26264894008636475 0.0024999473243951797
v 0.004493966698646545 -0.24656479060649872 0.0609191432595253
v 0.004756337963044643 -0.25038692355155945 -0.0022502962965518236
v 0.004995917901396751 0.47284960746765137 -0.003052781568840146
v 0.00523231690749526 -0.09113132953643799 0.11352165043354034
v 0.005344155710190535 0.3221525549888611 0.09737443178892136
v 0.005583734717220068 0.04684040695428848 -0.09768237918615341
v 0.005659530870616436 -0.014645620249211788 0.07622784376144409
v 0.005737447179853916 -0.3517061769962311 -0.0984170213341713
v 0.00628286087885499 0.06829442083835602 -0.11952226608991623
v 0.00655424315482378 -0.24088537693023682 -0.00873855035752058
v 0.006706365384161472 -0.345132052898407 0.056887637823820114
v 0.006903541274368763 0.16946369409561157 0.10893413424491882
v 0.007890481501817703 -0.04813637584447861 0.026479613035917282
v 0.007936065085232258 -0.3527265191078186 -0.004177532158792019
v 0.007956206798553467 -0.24507007002830505 -0.005089735612273216
v 0.008121580816805363 0.35478517413139343 0.05214322730898857
v 0.008348437957465649 -0.2642814815044403 0.014116895385086536
v 0.008493670262396336 -0.3667493164539337 0.07617907971143723
v 0.00875922106206417 0.13791976869106293 -0.022213298827409744
v 0.009096859022974968 0.1060769334435463 0.009492271579802036
v 0.009492270648479462 -0.019171657040715218 0.06140625476837158
v 0.009591919369995594 -0.27123087644577026 -0.04374151676893234
v 0.009989981539547443 -0.2689066529273987 0.05579628422856331
v 0.010247581638395786 -0.2775823473930359 -0.10820002108812332
v 0.01026984304189682 0.11981140077114105 0.10880586504936218
v 0.010312777012586594 -0.29749712347984314 -0.07315677404403687
v 0.010442636907100677 0.09369830787181854 0.010438927449285984
v 0.010515253990888596 -0.49907243251800537 0.15288317203521729
v 0.01051684282720089 -0.29922348260879517 0.07239722460508347
v 0.010563487187027931 -0.2621607780456543 0.06254584342241287
v 0.011452368460595608 -0.05675593391060829 -0.05008930712938309
v 0.0117078498005867 0.05331169813871384 -0.10277503728866577
v 0.012016864493489265 -0.08711201697587967 0.10952141880989075
v 0.012166866101324558 -0.26327598094940186 0.10140381753444672
v 0.01217216718941927 -0.27210119366645813 0.059662941843271255
v 0.012366162613034248 -0.21214275062084198 0.10847458988428116
v 0.012732422910630703 -0.11979604512453079 -0.018909012898802757
v 0.013531196862459183 -0.3526385724544525 -0.0791955515742302
v 0.013555578887462616 0.14059968292713165 0.09899264574050903
v 0.01363773550838232 0.37209904193878174 0.08136343210935593
v 0.013871484436094761 -0.0882505476474762 0.11472855508327484
v 0.013947810977697372 0.24378840625286102 -0.09840589761734009
v 0.014186859130859375 0.3670557141304016 0.015871867537498474
v 0.014644816517829895 -0.03415755555033684 -0.09413215517997742
v 0.014802238903939724 0.18762773275375366 -0.0979187861084938
v 0.014967082999646664 0.18678760528564453 0.11503386497497559
v 0.015388996340334415 -0.2678152322769165 0.0731445774435997
v 0.015396416187286377 0.4635293483734131 0.013817951083183289
v 0.015456842258572578 -0.23863323032855988 0.023261193186044693
v 0.015941832214593887 0.1896381825208664 -0.10607242584228516
v 0.016902798786759377 -0.08102606236934662 0.11120960861444473
v 0.01744927279651165 0.06225404888391495 0.007407613098621368
v 0.017869597300887108 0.2702879011631012 0.009213999845087528
v 0.01814945973455906 -0.09262074530124664 0.10248669236898422
v 0.01825493946671486 -0.36282384395599365 -0.048464201390743256
v 0.018403880298137665 -0.06545552611351013 -0.10404183715581894
v 0.018441513180732727 -0.2606930732727051 -0.09169237315654755
v 0.019487818703055382 -0.08254039287567139 0.10757245868444443
v 0.019828636199235916 -0.07375068962574005 0.0987684428691864
v 0.02005072310566902 0.32075539231300354 -0.11730403453111649
v 0.020074576139450073 0.21169432997703552 -0.10236106812953949
v 0.020550554618239403 0.09855509549379349 0.09967163950204849
v 0.020594017580151558 0.06439966708421707 -0.004258098546415567
v 0.021106038242578506 -0.22788290679454803 -0.022688215598464012
v 0.021234309300780296 -0.05183183401823044 0.100552037358284
v 0.021848628297448158 -0.11935822665691376 0.0283750481903553
v 0.021889442577958107 -0.04387589171528816 0.11744662374258041
v 0.021893152967095375 -0.07294078916311264 0.11236085742712021
v 0.02212478034198284 -0.08712950348854065 0.12469708174467087
v 0.022217538207769394 0.4708682596683502 0.027574682608246803
v 0.02227107249200344 0.3985842168331146 0.008849860168993473
v 0.02236700989305973 -0.06843648850917816 0.06618247181177139
v 0.022620370611548424 0.3746941387653351 -0.010314367711544037
v 0.022777263075113297 0.23268242180347443 -0.10556995123624802
v 0.02353893592953682 0.11658874154090881 -0.10165293514728546
v 0.023871801793575287 -0.09924734383821487 0.12574496865272522
v 0.02392321638762951 0.07640194892883301 0.1247103214263916
v 0.02397887036204338 0.2259572446346283 0.00492330314591527
v 0.024169685319066048 0.13659943640232086 0.01875847950577736
v 0.024279404431581497 0.2701358199119568 -0.010938228107988834
v 0.024366332218050957 -0.2410571277141571 -0.03808649256825447
v 0.024483472108840942 0.27614328265190125 -0.0985405221581459
v 0.02553613670170307 -0.34114566445350647 0.07424283027648926
v 0.025691969320178032 0.2140832096338272 -0.0032817597966641188
v 0.025918826460838318 -0.10767820477485657 -0.0033310537692159414
v 0.026227843016386032 0.11727195978164673 -0.016745377331972122
v 0.02660682238638401 -0.2917419672012329 -0.06328525394201279
v 0.026828380301594734 -0.05954872816801071 0.10687756538391113
v 0.02702767588198185 -0.3503943085670471 0.057455845177173615
v 0.027295878157019615 -0.28331267833709717 -0.07219421118497849
v 0.027479805052280426 0.057976074516773224 0.10125698894262314
v 0.028334232047200203 0.275582492351532 -0.09654226154088974
v 0.029105445370078087 0.33491867780685425 0.0015209581470116973
v 0.030184080824255943 0.10762094706296921 0.10883872956037521
v 0.030624017119407654 -0.01800556294620037 0.12103501707315445
v 0.030712533742189407 0.3497752249240875 0.09758856892585754
v 0.030809003859758377 -0.07999353855848312 0.10312062501907349
v 0.031009888276457787 0.20366522669792175 -0.005769250448793173
v 0.03175406903028488 -0.2704808712005615 0.008433776907622814
v 0.03241397440433502 0.2723322808742523 -0.1022285595536232
v 0.03299808129668236 -0.32984083890914917 -0.08668559044599533
v 0.03343695402145386 0.3942278027534485 -0.00840674340724945
v 0.0334947295486927 0.23751376569271088 0.09782655537128448
v 0.03413555026054382 0.14765720069408417 -0.09899688512086868
v 0.0344175361096859 -0.10130337625741959 0.10804684460163116
v 0.034713298082351685 0.4262057840824127 0.05709594860672951
v 0.0347297303378582 -0.39028164744377136 0.12124915421009064
v 0.034745100885629654 -0.28023311495780945 0.10777705162763596
v 0.034900933504104614 0.26656487584114075 -0.09176763147115707
v 0.03560059145092964 -0.3311394453048706 0.06183188036084175
v 0.035780806094408035 -0.34705081582069397 0.05679117143154144
v 0.03631932660937309 0.40865081548690796 0.09346907585859299
v 0.03681226447224617 -0.07101991772651672 0.12632431089878082
v 0.03717852756381035 0.2751621901988983 0.10676201432943344
v 0.037282947450876236 -0.05975385382771492 -0.006103178020566702
v 0.038001153618097305 0.21726612746715546 0.1087321862578392
v 0.038614414632320404 0.276994526386261 -0.10386745631694794
v 0.038953639566898346 -0.3566960394382477 -0.06935000419616699
v 0.039324138313531876 -0.3541984260082245 0.033559393137693405
v 0.03939516469836235 0.10300267487764359 0.009663475677371025
v 0.03958756849169731 0.19137725234031677 0.0041669318452477455
v 0.040056660771369934 0.12476305663585663 0.10002093762159348
v 0.04055013135075569 -0.058501362800598145 0.007787123788148165
v 0.04086815193295479 -0.3457278311252594 0.06430982798337936
v 0.04115808755159378 -0.3064999282360077 -0.06908074766397476
v 0.04126886650919914 0.41550689935684204 0.056269608438014984
v 0.041316039860248566 -0.28744909167289734 -0.0632258951663971
v 0.0422489196062088 0.05140248313546181 -0.007001069840043783
v 0.042263224720954895 -0.10440678149461746 0.010089629329741001
v 0.04268195852637291 0.20582462847232819 -0.002189341466873884
v 0.04270157217979431 0.17439255118370056 -0.0075724562630057335
v 0.04272065311670303 -0.29833516478538513 -0.07342338562011719
v 0.04328196868300438 0.17190612852573395 0.008845618925988674
v 0.04342878982424736 0.35421010851860046 0.018517842516303062
v 0.04426572844386101 0.2522372901439667 0.12409494817256927
v 0.044680751860141754 -0.06027594581246376 0.10370578616857529
v 0.04470354691147804 -0.3409770727157593 -0.09042026847600937
v 0.04485460743308067 -0.2913009226322174 -0.07500343769788742
v 0.045825645327568054 -0.3376256227493286 0.05171230062842369
v 0.046100739389657974 -0.2674155831336975 -0.10374289005994797
v 0.04633130505681038 0.1317484825849533 -0.10588691383600235
v 0.04634455591440201 0.41370689868927 0.07306984812021255
v 0.04639172926545143 0.4077051877975464 -0.07227902859449387
v 0.046462226659059525 -0.21022929251194 0.02897399663925171
v 0.046600569039583206 -0.12151867896318436 -0.026472192257642746
v 0.04665675014257431 0.09320112317800522 -0.010974801145493984
v 0.046723540872335434 0.4198813736438751 -0.04852568358182907
v 0.04708714783191681 -0.29885512590408325 -0.07218150049448013
v 0.047342099249362946 0.01741189695894718 0.10349749028682709
v 0.04818539693951607 -0.3694722056388855 0.10966241359710693
v 0.04888664186000824 -0.30588823556900024 -0.09676594287157059
v 0.04889936000108719 0.44210606813430786 -0.05194605141878128
v 0.04942304268479347 0.020930321887135506 -0.09454718232154846
v 0.04961014911532402 0.42928534746170044 0.06876377016305923
v 0.04966368526220322 0.01649969443678856 -0.10803835839033127
v 0.0500861294567585 -0.024083564057946205 0.017586026340723038
v 0.05020008981227875 0.21765518188476562 -0.09702778607606888
v 0.050578538328409195 0.18811166286468506 0.004437783733010292
v 0.051169537007808685 -0.3713320791721344 -0.09591522067785263
v 0.05120398849248886 0.02038331888616085 0.09691806137561798
v 0.05141759663820267 -0.23397892713546753 0.09690534323453903
v 0.051957711577415466 0.3257054388523102 0.0036639212630689144
v 0.05221530795097351 0.009534401819109917 0.11302288621664047
v 0.05255506932735443 0.19290058314800262 -0.10630565136671066
v 0.05257732793688774 -0.3469336926937103 0.009903054684400558
v 0.052616022527217865 0.22748269140720367 0.012264925986528397
v 0.052780866622924805 -0.3679843544960022 -0.11017337441444397
v 0.05288846418261528 0.4283074140548706 0.05005538836121559
v 0.0534757524728775 -0.2597861588001251 -0.09379558265209198
v 0.05358971282839775 0.4147605895996094 0.055193621665239334
v 0.05389448627829552 -0.19215218722820282 0.11273930966854095
v 0.05446375161409378 0.4256959557533264 -0.05018683522939682
v 0.05457187816500664 0.1703149378299713 0.1077335923910141
v 0.05503884702920914 0.01938895881175995 0.11749909073114395
v 0.05596006289124489 0.4145734906196594 -0.0545363686978817
v 0.05616306886076927 0.09929397702217102 0.08820203691720963
v 0.056242577731609344 -0.23919136822223663 0.04883576184511185
v 0.05672544613480568 -0.0765736997127533 -0.01413438655436039
v 0.05673975497484207 0.23916961252689362 -0.12058394402265549
v 0.05679912120103836 -0.3391812741756439 0.05434396490454674
v 0.05704771354794502 -0.3651369512081146 -0.07456298172473907
v 0.05732651427388191 -0.30763259530067444 -0.07380606979131699
v 0.05795885622501373 0.4226588010787964 0.0529637336730957
v 0.05816663056612015 -0.374764084815979 0.09704633802175522
v 0.05819154158234596 0.3998510241508484 0.004258099477738142
v 0.059121765196323395 0.34700098633766174 -0.016453854739665985
v 0.05921346694231033 -0.3711301386356354 0.11430294066667557
v 0.0593353770673275 -0.2047608494758606 -0.014317781664431095
v 0.0594281330704689 0.09503825753927231 -0.09020666033029556
v 0.0597095862030983 0.255626380443573 -0.10235577076673508
v 0.059786975383758545 0.28862258791923523 0.000735434761736542
v 0.05999422073364258 -0.3512880206108093 0.07139119505882263
v 0.060089096426963806 -0.27050045132637024 0.05912070721387863
v 0.06022531911730766 0.20233695209026337 -0.006049643270671368
v 0.060234859585762024 0.01914142817258835 -0.09391960501670837
v 0.06040659174323082 -0.07224961370229721 -0.0007417945889756083
v 0.06046701595187187 -0.305354505777359 -0.07991110533475876
v 0.060693345963954926 -0.367017537355423 0.07594215124845505
v 0.061045825481414795 0.05107438564300537 0.10371162742376328
v 0.06134264916181564 -0.29194656014442444 -0.10874013602733612
v 0.06154724583029747 -0.18131493031978607 0.1101611778140068
v 0.061577457934617996 -0.26509034633636475 -0.08340832591056824
v 0.061608728021383286 0.1638510674238205 -0.014954891987144947
v 0.06172693148255348 0.24500803649425507 -0.006875450257211924
v 0.06189601123332977 -0.280746191740036 -0.03922449052333832
v 0.06213665381073952 0.016339091584086418 -0.10767634212970734
v 0.062396373599767685 -0.26496681571006775 0.010472850874066353
v 0.06266139447689056 -0.368930459022522 -0.09678555279970169
v 0.0627361312508583 -0.0940508022904396 -0.0069438256323337555
v 0.06282782554626465 -0.343938410282135 -0.07678385823965073
v 0.06283949315547943 0.05614795535802841 -0.10698781162500381
v 0.06310609728097916 -0.30688682198524475 0.07383999973535538
v 0.06311511248350143 0.017034506425261497 0.09830836951732635
v 0.06319461762905121 -0.2590912878513336 -0.09862851351499557
v 0.0636504590511322 -0.3122127056121826 -0.10494291037321091
v 0.06414180248975754 -0.27111372351646423 0.05841522663831711
v 0.06421070545911789 -0.37335896492004395 -0.07699640840291977
v 0.06438880413770676 -0.3689241409301758 0.10465456545352936
v 0.06439834833145142 -0.1457289159297943 0.10277079045772552
v 0.06441371887922287 -0.2586529552936554 -0.009332197718322277
v 0.06467290222644806 0.10725574195384979 -0.11806359142065048
v 0.06475558876991272 0.11340053379535675 -0.003272219095379114
v 0.06477680057287216 -0.13930374383926392 -0.010201998986303806
v 0.06486372649669647 -0.3898300528526306 0.08000969141721725
v 0.06510170549154282 -0.11215812712907791 0.004408631008118391
v 0.06525913625955582 0.11861509084701538 0.12100373953580856
v 0.06529464572668076 -0.3894706964492798 -0.07708916068077087
v 0.06564977765083313 0.3714200258255005 0.08182244747877121
v 0.06587450951337814 0.3707655072212219 -0.08395639806985855
v 0.06692877411842346 -0.31947216391563416 0.017840446904301643
v 0.0677296593785286 0.04557890444993973 -0.10026157647371292
v 0.06787542253732681 0.09251684695482254 0.09505178034305573
v 0.06872773170471191 -0.21656860411167145 0.009237321093678474
v 0.06924241036176682 -0.28743216395378113 0.0007635268848389387
v 0.07127458602190018 0.11981457471847534 -0.09035719186067581
v 0.07154915481805801 0.39991939067840576 -0.07300889492034912
v 0.0724104791879654 -0.28260132670402527 -0.09444912523031235
v 0.07260605692863464 0.1522388756275177 0.09436537325382233
v 0.0727449283003807 0.39075711369514465 -0.004326473921537399
v 0.07469018548727036 -0.06668946146965027 0.0030109083745628595
v 0.07636512070894241 0.1844283789396286 -0.006513961125165224
v 0.07703244686126709 0.22968290746212006 0.00024037470575422049
v 0.07714799791574478 0.3280922472476959 0.10377734899520874
v 0.07732450217008591 0.365200012922287 0.010961020365357399
v 0.0777692049741745 -0.06307457387447357 0.007350368890911341
v 0.07797910273075104 0.25925135612487793 0.01189124584197998
v 0.07821497321128845 0.10518751293420792 0.10454590618610382
v 0.07852187007665634 0.3254510760307312 -0.09579755365848541
v 0.0787423625588417 0.37396693229675293 -0.09835129976272583
v 0.07880967855453491 0.05913368985056877 -0.09404999762773514
v 0.07906515896320343 0.096132792532444 0.11129652708768845
v 0.07949714362621307 0.16511574387550354 0.12317797541618347
v 0.07952099293470383 0.1773030161857605 0.00627968180924654
v 0.08108515292406082 -0.03566181659698486 -0.018651939928531647
v 0.08145035058259964 0.06609579920768738 0.10730955749750137
v 0.08148003369569778 -0.03098578006029129 0.017052803188562393
v 0.08190353959798813 0.1012694388628006 0.00574539927765727
v 0.08200213313102722 0.052545782178640366 0.11005093902349472
v 0.08259524405002594 0.262287437915802 -0.013875724747776985
v 0.0829901248216629 0.2126743644475937 -0.10779984295368195
v 0.08304683864116669 0.20747622847557068 0.08926212787628174
v 0.08344277739524841 0.046066541224718094 0.10027959942817688
v 0.08346238732337952 0.1234527975320816 0.1152670830488205
v 0.08380056172609329 -0.36306026577949524 0.11628847569227219
v 0.08457972854375839 0.14191576838493347 -0.11844310164451599
v 0.08461206406354904 0.03334604576230049 -0.09082893282175064
v 0.08490728586912155 -0.38736692070961 0.0977613553404808
v 0.0851982831954956 -0.15033181011676788 0.00929721537977457
v 0.0856175497174263 0.2839980125427246 -0.004403330385684967
v 0.08563874661922455 0.27908238768577576 -0.09497598558664322
v 0.0856429859995842 -0.14735932648181915 -0.11496920138597488
v 0.0856933444738388 0.018273217603564262 0.11775298416614532
v 0.0857161357998848 0.046295519918203354 -0.11549977213144302
v 0.08582214266061783 -0.39026519656181335 -0.09511326998472214
v 0.08591331541538239 0.06148548796772957 0.11677240580320358
v 0.0859382227063179 0.279509574174881 0.0968809649348259
v 0.08594140410423279 -0.3699508309364319 -0.1159534901380539
v 0.08615607768297195 -0.1264544427394867 0.09749051183462143
v 0.08617939800024033 0.19039666652679443 0.11917085200548172
v 0.08640625327825546 -0.11077418923377991 -0.010942468419671059
v 0.08642321825027466 0.2175152450799942 0.09848009794950485
v 0.08661243319511414 -0.25411418080329895 -0.004753158427774906
v 0.08663151413202286 0.32246267795562744 0.11714767664670944
v 0.08683929592370987 0.01818098872900009 -0.11543934792280197
v 0.08685307949781418 0.27890583872795105 0.11783143132925034
v 0.08707304298877716 0.28296971321105957 0.008330948650836945
v 0.08708364516496658 0.012678085826337337 -0.09347755461931229
v 0.08715785294771194 -0.21528325974941254 0.11716728657484055
v 0.08724001049995422 0.04355520009994507 0.09599526226520538
v 0.08748754113912582 -0.2346605658531189 -0.005518009886145592
v 0.08748754113912582 0.27901560068130493 -0.11589518934488297
v 0.08749019354581833 0.01930150017142296 0.09594331681728363
v 0.08774726092815399 0.3239574134349823 0.09415389597415924
v 0.08782835304737091 0.20899586379528046 -0.0913701057434082
v 0.08809072524309158 -0.3420965373516083 0.09621575474739075
v 0.08809391409158707 -0.35145387053489685 -0.09515779465436935
v 0.08810026943683624 -0.252408504486084 0.0048543973825871944
v 0.08814001828432083 0.35911354422569275 -0.014425380155444145
v 0.08822907507419586 0.36752480268478394 0.09514559805393219
v 0.08827995508909225 -0.3710326552391052 -0.007834297604858875
v 0.08833931386470795 0.021639520302414894 -0.058862049132585526
v 0.08882536739110947 -0.1308569759130478 -0.09356024116277695
v 0.08889268338680267 0.15066783130168915 -0.09129855036735535
v 0.0889986976981163 0.27820780873298645 -0.05562401935458183
v 0.08922130614519119 0.2785571217536926 0.0509919710457325
v 0.08930081874132156 0.11752691119909286 -0.00071635254425928
v 0.08944392949342728 -0.09099563211202621 0.007982179522514343
v 0.08986054360866547 0.15284526348114014 0.022913485765457153
v 0.08988704532384872 -0.17112644016742706 -0.07569408416748047
v 0.08994323015213013 -0.19621442258358002 0.0012675975449383259
v 0.09012821316719055 0.04322604089975357 0.0034587946720421314
v 0.09019022434949875 -0.2535666525363922 -0.0009167087846435606
v 0.09037414938211441 0.18105360865592957 0.021586257964372635
v 0.09042291343212128 -0.2260696142911911 -0.048490703105926514
v 0.09056973457336426 -0.30827608704566956 -0.06763054430484772
v 0.0906895324587822 0.3376118540763855 -0.08969622850418091
v 0.09074359387159348 0.26318851113319397 0.006316255312412977
v 0.09076426178216934 -0.24041840434074402 0.044417854398489
v 0.09077274799346924 0.25186094641685486 0.058683425188064575
v 0.09082839637994766 0.1533445566892624 0.09359734505414963
v 0.09088723361492157 -0.1307159811258316 0.011202189140021801
v 0.09112628549337387 -0.010343262925744057 0.0001661686401348561
v 0.09118989109992981 0.016203930601477623 0.06535984575748444
v 0.09131020307540894 -0.3183474540710449 0.06834080815315247
v 0.09140720218420029 -0.1677352339029312 -0.0015124770579859614
v 0.0914967879652977 0.1543431580066681 -0.02309475839138031
v 0.09171886742115021 -0.3262821435928345 -0.011008193716406822
v 0.09183070808649063 -0.36919286847114563 -0.09004658460617065
v 0.09185297042131424 0.32430246472358704 0.015859676524996758
v 0.09190545231103897 -0.3680718243122101 0.0024273311719298363
v 0.09208407253026962 -0.31995293498039246 0.008356920443475246
v 0.0922929048538208 0.2339126467704773 -0.033482540398836136
v 0.09232788532972336 0.20039857923984528 -0.016937782987952232
v 0.09253036975860596 -0.265714168548584 0.047249872237443924
v 0.0927317813038826 -0.1427866518497467 -0.008857280015945435
v 0.09287118166685104 -0.150497704744339 0.09160014241933823
v 0.09324910491704941 -0.12511025369167328 -0.0803823173046112
v 0.09360158443450928 -0.26749032735824585 -0.04429488256573677
v 0.09364769607782364 0.19639304280281067 -0.004702274687588215
v 0.09386342763900757 -0.006928727962076664 0.06306687742471695
v 0.09388833492994308 0.25849443674087524 0.07076309621334076
v 0.09406112879514694 -0.21324418485164642 0.04820924624800682
v 0.09410406649112701 -0.24378366768360138 -0.04180420935153961
v 0.09430017322301865 -0.22233600914478302 -0.0021103653125464916
v 0.09446237236261368 0.27757760882377625 0.009228311479091644
v 0.09455036371946335 -0.24301615357398987 0.05638197809457779
v 0.09465424716472626 -0.1370621770620346 -0.08318252861499786
v 0.09486149996519089 0.24480079114437103 -0.055899638682603836
v 0.09497704356908798 -0.2930474281311035 0.07211842387914658
v 0.09532634168863297 -0.051871057599782944 -0.021878311410546303
v 0.09541857242584229 -0.09650225192308426 0.03427071124315262
v 0.09542546421289444 -0.04911324754357338 0.020181115716695786
v 0.09544877707958221 -0.08352362364530563 -0.006959196180105209
v 0.09547952562570572 -0.13937953114509583 0.0778338760137558
v 0.09554842859506607 -0.2916242480278015 -0.010465429164469242
v 0.09559878706932068 -0.24673016369342804 -0.05438742786645889
v 0.0957191064953804 0.2164657711982727 -0.06999824941158295
v 0.09579489380121231 0.2540680468082428 0.04395035654306412
v 0.0964224711060524 0.268133282661438 -0.008520172908902168
v 0.0975588858127594 -0.08687296509742737 0.06500525027513504
v 0.09766382724046707 -0.3692421317100525 0.09047167748212814
v 0.09786525368690491 -0.1234273612499237 0.05478920042514801
v 0.09792672842741013 -0.09236155450344086 -0.04103829711675644
v 0.09806984663009644 -0.15529511868953705 -0.025600802153348923
v 0.09829458594322205 -0.1573835015296936 -0.09163830429315567
v 0.09839846938848495 -0.1513468325138092 0.022705180570483208
v 0.09881826490163803 -0.12523163855075836 0.024030284956097603
v 0.09891155362129211 0.017382744699716568 0.00896275881677866
v 0.0991596058011055 -0.2000153660774231 -0.07013870775699615
v 0.09919194132089615 -0.05635097995400429 -0.03341098129749298
v 0.09952268749475479 0.012604409828782082 -0.07740983366966248
v 0.09968540817499161 -0.29315024614334106 -0.06709467619657516
v 0.09969601780176163 0.17311568558216095 0.09520284086465836
v 0.09971774369478226 0.16632847487926483 0.017708996310830116
v 0.10011845827102661 -0.03488583490252495 -0.013119353912770748
v 0.10031616687774658 -0.20121219754219055 0.06693194806575775
v 0.100399911403656 -0.12895837426185608 -0.017544683068990707
v 0.10041581839323044 0.11868558079004288 -0.009336438030004501
v 0.10085044801235199 -0.16650766134262085 -0.016399789601564407
v 0.10089073330163956 -0.23731501400470734 -0.04255899041891098
v 0.10108578950166702 -0.2227160483598709 -0.04820818826556206
v 0.10112977772951126 -0.04519781842827797 0.046829015016555786
v 0.10114514827728271 0.20154665410518646 0.03000810742378235
v 0.10125487297773361 -0.13748887181282043 -0.04356501251459122
v 0.10130205005407333 -0.31174734234809875 -0.06348402053117752
v 0.10135875642299652 0.18797807395458221 0.005428963806480169
v 0.10151247680187225 -0.3031097650527954 0.06674537062644958
v 0.10154002904891968 0.19740436971187592 -0.01674855872988701
v 0.10160840302705765 0.04565628618001938 -0.007874051108956337
v 0.10171706974506378 0.15122810006141663 -0.09189272671937943
v 0.10174728184938431 0.24391403794288635 0.0036278783809393644
v 0.10190470516681671 0.0480383038520813 0.006442935671657324
v 0.1020737886428833 0.017623383551836014 -0.012386835180222988
v 0.10244163870811462 0.1681693196296692 -0.014231913723051548
v 0.10256672650575638 -0.2598312497138977 -0.048421263694763184
v 0.10265471041202545 -0.16772887110710144 0.02199704200029373
v 0.10266213864088058 0.27558833360671997 -0.048101119697093964
v 0.10269128531217575 -0.25139930844306946 0.04467174410820007
v 0.1027432382106781 0.20030635595321655 -0.08916936814785004
v 0.10281107574701309 -0.2322329580783844 0.0062431092374026775
v 0.10284129530191422 -0.03325860574841499 0.03692887723445892
v 0.10299341380596161 -0.13206228613853455 0.03856935724616051
v 0.10312380641698837 0.15364614129066467 0.09480319172143936
v 0.10314818471670151 0.015866823494434357 0.11846059560775757
v 0.10320436954498291 0.2763330340385437 -0.05976312234997749
v 0.1032944768667221 -0.3488635718822479 -0.0004333097895141691
v 0.10330349206924438 0.013040633872151375 0.07108590006828308
v 0.10346515476703644 -0.060231953859329224 0.01856713555753231
v 0.10358653217554092 -0.2842116355895996 -0.029287779703736305
v 0.10372275114059448 0.10122385621070862 0.004087425302714109
v 0.10398723930120468 -0.11170069873332977 -0.05202449485659599
v 0.1043747067451477 -0.36103761196136475 0.11832596361637115
v 0.10465456545352936 -0.0801011398434639 -0.006084096617996693
v 0.1049741804599762 0.04163750633597374 0.12064436823129654
v 0.1051257774233818 0.017445290461182594 -0.06509800255298615
v 0.10540881752967834 -0.37043577432632446 0.0039024404250085354
v 0.10555776208639145 0.2747720777988434 0.057007428258657455
v 0.1064227893948555 -0.07896208018064499 -0.059960298240184784
v 0.10645776987075806 -0.024105824530124664 0.014310890808701515
v 0.10651925951242447 0.0442659854888916 -0.09240580350160599
v 0.10656006634235382 -0.13695141673088074 -0.0012501059100031853
v 0.10658285766839981 -0.34731748700141907 0.0956910103559494
v 0.10672279447317123 -0.03482275828719139 -0.03858844190835953
v 0.10673127323389053 -0.3880692422389984 -0.11942049860954285
v 0.10677473992109299 0.04497147351503372 0.09591204673051834
v 0.10684522986412048 -0.1274758279323578 -0.05774736776947975
v 0.10708004236221313 -0.1318354308605194 -0.09398852288722992
v 0.1071627289056778 -0.12647882103919983 0.09600108861923218
v 0.10716749727725983 0.014313798397779465 -0.11498139053583145
v 0.10717757046222687 -0.3729439675807953 -0.09410618990659714
v 0.1072947084903717 0.27831700444221497 0.09607423841953278
v 0.1073286309838295 0.2779051661491394 0.117582306265831
v 0.10787245631217957 -0.38279959559440613 0.12255888432264328
v 0.1079079657793045 0.15334561467170715 0.0029902367386966944
v 0.10803782939910889 0.3222723603248596 -0.11669819802045822
v 0.10811680555343628 -0.3891547620296478 0.06292270869016647
v 0.10827846825122833 0.034267786890268326 -0.11677664518356323
v 0.10828376561403275 -0.3694334626197815 -0.11583475768566132
v 0.10831186175346375 -0.19214369356632233 0.11473174393177032
v 0.10836168378591537 0.021415840834379196 0.09557546675205231
v 0.10846769064664841 0.16433817148208618 0.11718478053808212
v 0.10846874862909317 -0.37520986795425415 0.09809157252311707
v 0.10876345634460449 0.2801244556903839 0.055152278393507004
v 0.10881911218166351 0.03680828586220741 0.012386305257678032
v 0.10891186445951462 0.3197382390499115 0.11861959844827652
v 0.10901204496622086 -0.1400325447320938 0.0532367043197155
v 0.10901416093111038 -0.2122773826122284 -0.09539312869310379
v 0.10965392738580704 0.16646894812583923 -0.10769806802272797
v 0.11016648262739182 0.2805347144603729 -0.00103384826797992
v 0.11039068549871445 0.28841376304626465 0.12098678201436996
v 0.11064881831407547 0.31392738223075867 -0.00866964552551508
v 0.11067956686019897 -0.1353830099105835 -0.04304397851228714
v 0.11082373559474945 0.284043550491333 -0.09723502397537231
v 0.11170201748609543 0.03630686551332474 -0.014291279017925262
v 0.11175448447465897 0.03160061314702034 0.11210326105356216
v 0.11398013681173325 -0.04508491978049278 0.03906865790486336
v 0.11428862810134888 -0.39325517416000366 -0.1056377962231636
v 0.11464905738830566 -0.3922613859176636 0.12739498913288116
v 0.11514411866664886 -0.12586238980293274 0.0456528514623642
v 0.11572185903787613 0.11092840880155563 -0.015299951657652855
v 0.11599907279014587 -0.15417514741420746 0.021637141704559326
v 0.11607274413108826 -0.4150638282299042 -0.12622518837451935
v 0.11627522855997086 -0.15269050002098083 -0.019000178202986717
v 0.11648617684841156 -0.42344748973846436 0.13045121729373932
v 0.11683230102062225 -0.12848661839962006 0.02188202179968357
v 0.11704590916633606 -0.13569414615631104 0.007775463163852692
v 0.11851836740970612 -0.0960564911365509 0.04331536218523979
v 0.11868532747030258 -0.04474993050098419 -0.010089629329741001
v 0.11886130273342133 0.11691419035196304 0.020449316129088402
v 0.11932297050952911 -0.09150872379541397 -0.02503206580877304
v 0.12145373970270157 -0.08794046938419342 0.009552167728543282
v 0.12418027967214584 -0.4320908784866333 -0.1325618475675583
v 0.12468063831329346 -0.45223307609558105 -0.151507169008255
v 0.13353712856769562 0.026091348379850388 0.018220486119389534
v 0.13665908575057983 0.3418208658695221 0.016632476821541786
v 0.13980859518051147 -0.021902967244386673 -0.0009649426792748272
v 0.14080719649791718 0.10178039968013763 -0.00041740835877135396
v 0.14114907383918762 -0.4990766644477844 0.14893752336502075
v 0.14160330593585968 -0.4511549174785614 0.15310896933078766
v 0.14203107357025146 -0.4491487741470337 -0.14569048583507538
v 0.1423061639070511 -0.49824291467666626 -0.14825113117694855
v 0.14358197152614594 0.33364975452423096 -0.00582172442227602
v 0.14512598514556885 0.37141314148902893 0.00044550123857334256
v 0.152205228805542 0.17164957523345947 0.010463841259479523
v 0.15741132199764252 0.14617572724819183 0.01004563644528389
v 0.16505242884159088 0.3353336751461029 0.009736091829836369
v 0.1654011756181717 0.1406182199716568 -0.013005925342440605
v 0.16659429669380188 0.17031016945838928 -0.008160273544490337
v 0.16843460500240326 0.18724185228347778 -0.003032109932973981
v 0.1691729724407196 0.3167360723018646 -0.005321894306689501
v 0.17029613256454468 0.3123987317085266 0.01096579059958458
v 0.17856797575950623 0.1557297557592392 0.01758708618581295
v 0.1815277338027954 0.11962111294269562 -0.009932736866176128
v 0.18156535923480988 0.34545961022377014 -0.016687072813510895
v 0.18559686839580536 0.15948987007141113 -0.015537939965724945
v 0.18574421107769012 0.3142406642436981 -0.017601927742362022
v 0.18653027713298798 0.130029559135437 0.017182132229208946
v 0.18941159546375275 0.3151809275150299 0.01947297714650631
v 0.19712954759597778 0.3505464792251587 0.009234671480953693
v 0.1993790566921234 0.17730514705181122 0.010259773582220078
v 0.2009045034646988 0.18010695278644562 -0.00600246898829937
v 0.20239658653736115 0.16223549842834473 -0.00011316395102767274
v 0.20403334498405457 0.33397093415260315 -0.006805484648793936
v 0.2046625167131424 0.323769748210907 0.0028953589498996735
v 0.21113857626914978 0.19794395565986633 0.0037073844578117132
v 0.2123698592185974 0.32248708605766296 0.0033310542348772287
v 0.22178131341934204 0.1836603581905365 -0.008443847298622131
v 0.22530026733875275 0.3282809257507324 -0.009660295210778713
v 0.2266152948141098 0.1816318780183792 0.012680480256676674
v 0.2319120168685913 0.33427998423576355 0.008404623717069626
vt 0.0020020001102238894 0.04479999840259552
vt 0.0020020001102238894 0.35303500294685364
vt 0.0020020001102238894 0.43843701481819153
vt 0.0020020001102238894 0.5691369771957397
vt 0.0020020001102238894 0.5938760042190552
vt 0.0020020001102238894 0.6411460041999817
vt 0.0020020001102238894 0.6566050052642822
vt 0.0020020001102238894 0.7055180072784424
vt 0.0020020001102238894 0.7109339833259583
vt 0.0020020001102238894 0.7848849892616272
vt 0.0020020001102238894 0.813696026802063
vt 0.0020020001102238894 0.8432750105857849
vt 0.0020020001102238894 0.8565329909324646
vt 0.0020020001102238894 0.9891359806060791
vt 0.0020469999872148037 0.6778249740600586
vt 0.002194999950006604 0.05523499846458435
vt 0.0022879999596625566 0.3954960107803345
vt 0.002652999944984913 0.5483009815216064
vt 0.002756000030785799 0.3440360128879547
vt 0.0040339999832212925 0.8898800015449524
vt 0.0040339999832212925 0.9192469716072083
vt 0.0040339999832212925 0.9391369819641113
vt 0.0040339999832212925 0.9585880041122437
vt 0.0040339999832212925 0.967333972454071
vt 0.00445199990645051 0.223581001162529
vt 0.0044570001773536205 0.7233819961547852
vt 0.005559000186622143 0.9232519865036011
vt 0.005628000013530254 0.0648690015077591
vt 0.005905999802052975 0.8315529823303223
vt 0.005931000225245953 0.7501040101051331
vt 0.005994999781250954 0.9528570175170898
vt 0.00621100002899766 0.9839540123939514
vt 0.00621100002899766 0.9934210181236267
vt 0.0065379999577999115 0.5845069885253906
vt 0.006694000214338303 0.6525999903678894
vt 0.006823000032454729 0.21612000465393066
vt 0.007036000024527311 0.8742849826812744
vt 0.007147999946027994 0.7953299880027771
vt 0.007209000177681446 0.8675670027732849
vt 0.00722600007429719 0.028087999671697617
vt 0.008225000463426113 0.04955799877643585
vt 0.009290999732911587 0.8494600057601929
vt 0.00976799987256527 0.7912039756774902
vt 0.009848999790847301 0.962831974029541
vt 0.009848999790847301 0.9755679965019226
vt 0.010116999968886375 0.0037640000227838755
vt 0.010215999558568 0.985385000705719
vt 0.010215999558568 0.9925510287284851
vt 0.010257000103592873 0.042656999081373215
vt 0.010820000432431698 0.6383619904518127
vt 0.011137999594211578 0.34586700797080994
vt 0.011141999624669552 0.8096910119056702
vt 0.011196999810636044 0.6718659996986389
vt 0.01158900000154972 0.7271609902381897
vt 0.011750999838113785 0.8534650206565857
vt 0.011750999838113785 0.8858749866485596
vt 0.011750999838113785 0.8968979716300964
vt 0.011756000109016895 0.24029499292373657
vt 0.011814000084996223 0.7847970128059387
vt 0.011912000365555286 0.9431419968605042
vt 0.011912000365555286 0.958827018737793
vt 0.0123070003464818 0.17649999260902405
vt 0.013353999704122543 0.9882150292396545
vt 0.013505999930202961 0.5220680236816406
vt 0.013620000332593918 0.42141300439834595
vt 0.013663000427186489 0.37320300936698914
vt 0.013801000081002712 0.8374419808387756
vt 0.01385399978607893 0.962831974029541
vt 0.01385399978607893 0.9775980114936829
vt 0.014147999696433544 0.5805019736289978
vt 0.014201000332832336 0.9839540123939514
vt 0.014275999739766121 0.7209479808807373
vt 0.014306999742984772 0.0020020001102238894
vt 0.014990000054240227 0.9875220060348511
vt 0.01536799967288971 0.9391369819641113
vt 0.01539199985563755 0.017524000257253647
vt 0.015629999339580536 0.6193869709968567
vt 0.015819000080227852 0.603763997554779
vt 0.01644499972462654 0.09579800069332123
vt 0.016630999743938446 0.7554299831390381
vt 0.016630999743938446 0.7874820232391357
vt 0.016995999962091446 0.711965024471283
vt 0.017035000026226044 0.9709650278091431
vt 0.017785999923944473 0.7043309807777405
vt 0.018156999722123146 0.75142502784729
vt 0.018995000049471855 0.9910060167312622
vt 0.019554000347852707 0.3902139961719513
vt 0.019571999087929726 0.4245469868183136
vt 0.020635999739170074 0.7554799914360046
vt 0.020635999739170074 0.8013830184936523
vt 0.020635999739170074 0.8390100002288818
vt 0.020635999739170074 0.844182014465332
vt 0.020635999739170074 0.8772100210189819
vt 0.020635999739170074 0.8944990038871765
vt 0.020635999739170074 0.9097579717636108
vt 0.020766999572515488 0.63680499792099
vt 0.020826000720262527 0.729407012462616
vt 0.02099199965596199 0.4601849913597107
vt 0.021040000021457672 0.9137629866600037
vt 0.021040000021457672 0.9329959750175476
vt 0.021040000021457672 0.9449399709701538
vt 0.021040000021457672 0.9578329920768738
vt 0.02136100083589554 0.9839540123939514
vt 0.02136100083589554 0.9972090125083923
vt 0.021852999925613403 0.6910960078239441
vt 0.02220500074326992 0.9691309928894043
vt 0.022237999364733696 0.9390090107917786
vt 0.02292799949645996 0.7126230001449585
vt 0.02321000024676323 0.06632500141859055
vt 0.023238999769091606 0.8113219738006592
vt 0.02344300039112568 0.7069290280342102
vt 0.02381799928843975 0.8829960227012634
vt 0.02389799989759922 0.7216619849205017
vt 0.024066999554634094 0.6503080129623413
vt 0.024217000231146812 0.43853598833084106
vt 0.025366000831127167 0.9903349876403809
vt 0.02556700073182583 0.07806000113487244
vt 0.026318000629544258 0.6822919845581055
vt 0.027224000543355942 0.3695800006389618
vt 0.02728700079023838 0.5720930099487305
vt 0.02732500061392784 0.5613980293273926
vt 0.027932999655604362 0.3809190094470978
vt 0.028008999302983284 0.6137359738349915
vt 0.029027000069618225 0.8534489870071411
vt 0.02906700037419796 0.9275990128517151
vt 0.02911599911749363 0.9578329920768738
vt 0.02918200008571148 0.9839540123939514
vt 0.02918200008571148 0.9939420223236084
vt 0.029292000457644463 0.45718300342559814
vt 0.02980400063097477 0.06479199975728989
vt 0.029877999797463417 0.9350039958953857
vt 0.029879000037908554 0.8964530229568481
vt 0.030054999515414238 0.8789910078048706
vt 0.03006800077855587 0.9394999742507935
vt 0.03006800077855587 0.953827977180481
vt 0.03009999915957451 0.046121999621391296
vt 0.030407000333070755 0.6952250003814697
vt 0.03097599931061268 0.5701929926872253
vt 0.03127399832010269 0.8175399899482727
vt 0.03163899853825569 0.4117799997329712
vt 0.031808000057935715 0.4261299967765808
vt 0.032186999917030334 0.5337700247764587
vt 0.03233399987220764 0.7109339833259583
vt 0.03290700167417526 0.4616050124168396
vt 0.03318699821829796 0.9917749762535095
vt 0.03322400152683258 0.968455970287323
vt 0.03342299908399582 0.47088199853897095
vt 0.03344900161027908 0.40527498722076416
vt 0.03376299887895584 0.5237569808959961
vt 0.034060001373291016 0.844182014465332
vt 0.034060001373291016 0.8954079747200012
vt 0.034060001373291016 0.899412989616394
vt 0.034060001373291016 0.9302049875259399
vt 0.03424999862909317 0.9342100024223328
vt 0.03424999862909317 0.9589999914169312
vt 0.034435998648405075 0.806086003780365
vt 0.034435998648405075 0.8401769995689392
vt 0.03459300100803375 0.8020809888839722
vt 0.03476399928331375 0.09707999974489212
vt 0.034821998327970505 0.555305004119873
vt 0.03532699868083 0.9839540123939514
vt 0.03532699868083 0.9975000023841858
vt 0.035378001630306244 0.44741499423980713
vt 0.03540800139307976 0.7015960216522217
vt 0.035422999411821365 0.6160690188407898
vt 0.03633899986743927 0.7239980101585388
vt 0.03704399988055229 0.8475720286369324
vt 0.03725700080394745 0.9265940189361572
vt 0.03725700080394745 0.9365929961204529
vt 0.03725700080394745 0.963005006313324
vt 0.03725700080394745 0.9774150252342224
vt 0.03728900104761124 0.7109339833259583
vt 0.03728900104761124 0.7298020124435425
vt 0.03751600161194801 0.7554299831390381
vt 0.03787599876523018 0.607869029045105
vt 0.03822699934244156 0.09332100301980972
vt 0.03925500065088272 0.4305959939956665
vt 0.03933100029826164 0.9865049719810486
vt 0.039604999125003815 0.5667920112609863
vt 0.03992300108075142 0.09954699873924255
vt 0.03994499891996384 0.5410559773445129
vt 0.040936000645160675 0.5805019736289978
vt 0.04106200113892555 0.36130601167678833
vt 0.041613999754190445 0.9598720073699951
vt 0.04171200096607208 0.6962440013885498
vt 0.04171200096607208 0.7380250096321106
vt 0.04171200096607208 0.8059409856796265
vt 0.04171200096607208 0.8302760124206543
vt 0.04171200096607208 0.8460010290145874
vt 0.04171200096607208 0.8774790167808533
vt 0.04171200096607208 0.9097869992256165
vt 0.04171200096607208 0.9255110025405884
vt 0.04171200096607208 0.9351450204849243
vt 0.041724998503923416 0.5022000074386597
vt 0.041756000369787216 0.9839550256729126
vt 0.041756000369787216 0.9967160224914551
vt 0.04188099876046181 0.5848879814147949
vt 0.04188099876046181 0.667011022567749
vt 0.04225200042128563 0.4128760099411011
vt 0.042323000729084015 0.11148499697446823
vt 0.042959000915288925 0.9014589786529541
vt 0.04335999861359596 0.39142999053001404
vt 0.043407998979091644 0.4203299880027771
vt 0.04341999813914299 0.5248839855194092
vt 0.04373199865221977 0.3726379871368408
vt 0.04475099965929985 0.8643839955329895
vt 0.04486199840903282 0.7320629954338074
vt 0.0455549992620945 0.9089120030403137
vt 0.045761000365018845 0.9839540123939514
vt 0.04581199958920479 0.9685400128364563
vt 0.04581199958920479 0.9791030287742615
vt 0.04586299881339073 0.09773699939250946
vt 0.04624500125646591 0.3529700040817261
vt 0.046778999269008636 0.10245399922132492
vt 0.046806998550891876 0.9416300058364868
vt 0.04693099856376648 0.9915710091590881
vt 0.04704900085926056 0.8683890104293823
vt 0.04711199924349785 0.40040600299835205
vt 0.047224000096321106 0.8797550201416016
vt 0.048186998814344406 0.6358739733695984
vt 0.048305999487638474 0.32646700739860535
vt 0.04881900176405907 0.09108100086450577
vt 0.04912500083446503 0.34586599469184875
vt 0.049254000186920166 0.38223400712013245
vt 0.04938200116157532 0.5089730024337769
vt 0.050119999796152115 0.38611501455307007
vt 0.05025799944996834 0.9295160174369812
vt 0.05025799944996834 0.9484440088272095
vt 0.05025799944996834 0.9524490237236023
vt 0.05025799944996834 0.9645349979400635
vt 0.05025799944996834 0.9717239737510681
vt 0.05066100135445595 0.9158790111541748
vt 0.050696998834609985 0.06330999732017517
vt 0.05082499980926514 0.9854990243911743
vt 0.05082499980926514 0.9918299913406372
vt 0.05108699947595596 0.4485050141811371
vt 0.05119499936699867 0.21814799308776855
vt 0.05119999870657921 0.897454023361206
vt 0.051816001534461975 0.1777310073375702
vt 0.05200299993157387 0.8725529909133911
vt 0.05200299993157387 0.8856340050697327
vt 0.05239100009202957 0.8545020222663879
vt 0.052455998957157135 0.11726900190114975
vt 0.05295800045132637 0.10348399728536606
vt 0.052974000573158264 0.43343600630760193
vt 0.05305900052189827 0.8396450281143188
vt 0.053300999104976654 0.4584369957447052
vt 0.05358099937438965 0.6858170032501221
vt 0.05425800010561943 0.7819280028343201
vt 0.054829999804496765 0.9952309727668762
vt 0.0555649995803833 0.7881389856338501
vt 0.0555649995803833 0.8262709975242615
vt 0.05584700033068657 0.3934989869594574
vt 0.05676500126719475 0.7382339835166931
vt 0.05737899988889694 0.9839540123939514
vt 0.05737899988889694 0.9962850213050842
vt 0.05742400139570236 0.8391990065574646
vt 0.05742400139570236 0.8691580295562744
vt 0.05742400139570236 0.8731629848480225
vt 0.05742400139570236 0.8992800116539001
vt 0.05742400139570236 0.903285026550293
vt 0.05742400139570236 0.9246870279312134
vt 0.05742400139570236 0.9426270127296448
vt 0.05742400139570236 0.9466320276260376
vt 0.05742400139570236 0.960207998752594
vt 0.05742400139570236 0.970471978187561
vt 0.05745299905538559 0.5643479824066162
vt 0.05881600081920624 0.4131219983100891
vt 0.05908900126814842 0.7280579805374146
vt 0.05956999957561493 0.8163290023803711
vt 0.059925999492406845 0.5939800143241882
vt 0.06010499969124794 0.29495498538017273
vt 0.06138399988412857 0.9850929975509644
vt 0.061388999223709106 0.09661199897527695
vt 0.06198799982666969 0.2998659908771515
vt 0.062095001339912415 0.7368729710578918
vt 0.062095001339912415 0.7841339707374573
vt 0.06225299835205078 0.9926130175590515
vt 0.062431998550891876 0.9642130136489868
vt 0.062431998550891876 0.9772239923477173
vt 0.06246500089764595 0.6982839703559875
vt 0.062470000237226486 0.7881389856338501
vt 0.062470000237226486 0.8328710198402405
vt 0.06289199739694595 0.6849790215492249
vt 0.06320799887180328 0.4107989966869354
vt 0.06332699954509735 0.5054910182952881
vt 0.06375300139188766 0.5679919719696045
vt 0.06382299959659576 0.07972099632024765
vt 0.06383299827575684 0.5244719982147217
vt 0.0643950030207634 0.6710159778594971
vt 0.06549900025129318 0.9926130175590515
vt 0.06571999937295914 0.9839540123939514
vt 0.06603199988603592 0.5996059775352478
vt 0.06603600084781647 0.958853006362915
vt 0.0664369985461235 0.9645810127258301
vt 0.0665849968791008 0.42170101404190063
vt 0.06677799671888351 0.7429370284080505
vt 0.06692200154066086 0.19880299270153046
vt 0.06694000214338303 0.3660449981689453
vt 0.06729999929666519 0.45991501212120056
vt 0.0674699991941452 0.4787229895591736
vt 0.06765100359916687 0.9145510196685791
vt 0.0680679976940155 0.8948220014572144
vt 0.06879399716854095 0.9286919832229614
vt 0.06957100331783295 0.9426270127296448
vt 0.06972499936819077 0.9905250072479248
vt 0.06990200281143188 0.07838399708271027
vt 0.06994800269603729 0.5845069885253906
vt 0.06994800269603729 0.6723510026931763
vt 0.06994800269603729 0.7053340077400208
vt 0.06994800269603729 0.7320629954338074
vt 0.06994800269603729 0.8351939916610718
vt 0.06994800269603729 0.8533689975738525
vt 0.07006499916315079 0.9642130136489868
vt 0.07006499916315079 0.9785360097885132
vt 0.07018200308084488 0.1789969950914383
vt 0.07032500207424164 0.06428900361061096
vt 0.0710730031132698 0.2800149917602539
vt 0.07120499759912491 0.3089909851551056
vt 0.07178399711847305 0.06606599688529968
vt 0.07219400256872177 0.43342798948287964
vt 0.07237999886274338 0.35742300748825073
vt 0.07291500270366669 0.9839540123939514
vt 0.07291500270366669 0.9946230053901672
vt 0.07391399890184402 0.49819499254226685
vt 0.07395300269126892 0.5845069885253906
vt 0.07395300269126892 0.6922820210456848
vt 0.07395300269126892 0.7019249796867371
vt 0.07395300269126892 0.7612019777297974
vt 0.07395300269126892 0.7669699788093567
vt 0.07395300269126892 0.8098139762878418
vt 0.07395300269126892 0.8280519843101501
vt 0.07395300269126892 0.8728029727935791
vt 0.07395300269126892 0.8768079876899719
vt 0.07395300269126892 0.89751797914505
vt 0.0743430033326149 0.459430992603302
vt 0.0744289979338646 0.5469139814376831
vt 0.07449900358915329 0.4639570116996765
vt 0.0746690034866333 0.41039401292800903
vt 0.0746690034866333 0.4774880111217499
vt 0.07477600127458572 0.9299799799919128
vt 0.07477600127458572 0.9543539881706238
vt 0.07477600127458572 0.9691179990768433
vt 0.07488299906253815 0.092569999396801
vt 0.07601699978113174 0.901524007320404
vt 0.07601699978113174 0.9209110140800476
vt 0.0765170007944107 0.24573400616645813
vt 0.07692000269889832 0.9897950291633606
vt 0.07711400091648102 0.8149399757385254
vt 0.07769200205802917 0.8438490033149719
vt 0.078125 0.25293800234794617
vt 0.07867400348186493 0.5269539952278137
vt 0.07867400348186493 0.5786070227622986
vt 0.07872699946165085 0.9839540123939514
vt 0.07872699946165085 0.997996985912323
vt 0.07908400148153305 0.9076030254364014
vt 0.07919300347566605 0.789991021156311
vt 0.07945600152015686 0.3443700075149536
vt 0.07996799796819687 0.10359299927949905
vt 0.08039899915456772 0.2540700137615204
vt 0.08062800019979477 0.08852700144052505
vt 0.08107200264930725 0.5237720012664795
vt 0.0812240019440651 0.6879439949989319
vt 0.08134400099515915 0.6962869763374329
vt 0.08141700178384781 0.9601659774780273
vt 0.08141700178384781 0.9727720022201538
vt 0.08179199695587158 0.5869399905204773
vt 0.08193100243806839 0.7371320128440857
vt 0.08200599998235703 0.11391600221395493
vt 0.08213599771261215 0.32984599471092224
vt 0.08221500366926193 0.17767000198364258
vt 0.08273199945688248 0.9839540123939514
vt 0.08273199945688248 0.9968219995498657
vt 0.08322200179100037 0.5660880208015442
vt 0.08354499936103821 0.8218250274658203
vt 0.08369699865579605 0.540723979473114
vt 0.08399699628353119 0.9040390253067017
vt 0.08465299755334854 0.241348996758461
vt 0.08465900272130966 0.27750301361083984
vt 0.08469299972057343 0.9435009956359863
vt 0.08469299972057343 0.9561610221862793
vt 0.08477000147104263 0.8548319935798645
vt 0.08486700057983398 0.11944899708032608
vt 0.08494000136852264 0.9847149848937988
vt 0.0850209966301918 0.4129599928855896
vt 0.08514899760484695 0.7953280210494995
vt 0.08542200177907944 0.9742159843444824
vt 0.08579099923372269 0.8728029727935791
vt 0.08612000197172165 0.06512299925088882
vt 0.08628399670124054 0.16844500601291656
vt 0.08638300001621246 0.09816599637269974
vt 0.0866829976439476 0.5263789892196655
vt 0.08689700067043304 0.8398439884185791
vt 0.08735399693250656 0.8821589946746826
vt 0.08735399693250656 0.9211789965629578
vt 0.08735399693250656 0.9251840114593506
vt 0.08735399693250656 0.9394959807395935
vt 0.08796899765729904 0.536719024181366
vt 0.08819899708032608 0.453247994184494
vt 0.08894500136375427 0.9920700192451477
vt 0.08907300233840942 0.9839540123939514
vt 0.08963800221681595 0.7887920141220093
vt 0.0896650031208992 0.9601659774780273
vt 0.0896650031208992 0.9760119915008545
vt 0.09007100015878677 0.7846140265464783
vt 0.09050700068473816 0.3534179925918579
vt 0.09115900099277496 0.8138189911842346
vt 0.09115900099277496 0.8320800065994263
vt 0.09139200299978256 0.35742300748825073
vt 0.09190399944782257 0.28185099363327026
vt 0.09196999669075012 0.7629650235176086
vt 0.09202899783849716 0.37578800320625305
vt 0.09202899783849716 0.5324739813804626
vt 0.09218999743461609 0.7089859843254089
vt 0.09260199964046478 0.17259299755096436
vt 0.09268499910831451 0.04708100110292435
vt 0.09277399629354477 0.5786070227622986
vt 0.09279199689626694 0.6830329895019531
vt 0.09306400269269943 0.5882019996643066
vt 0.09353099763393402 0.9920700192451477
vt 0.09409199655056 0.957027018070221
vt 0.09409199655056 0.9677690267562866
vt 0.09420199692249298 0.06532300263643265
vt 0.09521400183439255 0.8419610261917114
vt 0.09521400183439255 0.8695099949836731
vt 0.09521400183439255 0.8885170221328735
vt 0.09521400183439255 0.9089019894599915
vt 0.09521400183439255 0.9305559992790222
vt 0.09521400183439255 0.9345600008964539
vt 0.09521400183439255 0.9530220031738281
vt 0.09753599762916565 0.9839540123939514
vt 0.09753599762916565 0.9915779829025269
vt 0.09820699691772461 0.003261999925598502
vt 0.09820699691772461 0.1862799972295761
vt 0.09820699691772461 0.31552600860595703
vt 0.09820699691772461 0.4535579979419708
vt 0.09820699691772461 0.5632659792900085
vt 0.09820699691772461 0.6228989958763123
vt 0.09820699691772461 0.6696450114250183
vt 0.09820699691772461 0.6761410236358643
vt 0.09820699691772461 0.7474579811096191
vt 0.09820699691772461 0.7859529852867126
vt 0.09820699691772461 0.8060789704322815
vt 0.09867300093173981 0.9202579855918884
vt 0.09873300045728683 0.30104899406433105
vt 0.09888499975204468 0.29145699739456177
vt 0.09901700168848038 0.6927729845046997
vt 0.09967599809169769 0.5736169815063477
vt 0.09995599836111069 0.012277999892830849
vt 0.10000599920749664 0.13274499773979187
vt 0.10019999742507935 0.21564899384975433
vt 0.10123399645090103 0.6562650203704834
vt 0.1024399995803833 0.988215982913971
vt 0.10251100361347198 0.9036750197410583
vt 0.10287000238895416 0.928210973739624
vt 0.10294599831104279 0.9462040066719055
vt 0.10294599831104279 0.9586560130119324
vt 0.10301399976015091 0.7162460088729858
vt 0.10315100103616714 0.8414139747619629
vt 0.10328499972820282 0.7899580001831055
vt 0.1034030020236969 0.01578100025653839
vt 0.1034260019659996 0.6221809983253479
vt 0.10409300029277802 0.16055099666118622
vt 0.10421299934387207 0.7724059820175171
vt 0.10490699857473373 0.7421720027923584
vt 0.10517500340938568 0.8058099746704102
vt 0.10560700297355652 0.13286399841308594
vt 0.10575199872255325 0.2610720098018646
vt 0.10579200088977814 0.8735150098800659
vt 0.10579200088977814 0.8996700048446655
vt 0.10593199729919434 0.6536549925804138
vt 0.10617099702358246 0.6721360087394714
vt 0.10644499957561493 0.9896659851074219
vt 0.10685999691486359 0.21971100568771362
vt 0.1069360002875328 0.29175499081611633
vt 0.10698500275611877 0.09347999840974808
vt 0.10709799826145172 0.17927299439907074
vt 0.10768099874258041 0.37746500968933105
vt 0.1077129989862442 0.32629698514938354
vt 0.10797400027513504 0.9170969724655151
vt 0.10797400027513504 0.9325219988822937
vt 0.10797400027513504 0.9365270137786865
vt 0.10797400027513504 0.9547330141067505
vt 0.10797400027513504 0.9661710262298584
vt 0.10799500346183777 0.5612120032310486
vt 0.1081089973449707 0.1903589963912964
vt 0.10817500203847885 0.7915359735488892
vt 0.10817500203847885 0.8374090194702148
vt 0.10817500203847885 0.8617889881134033
vt 0.10820700228214264 0.3115220069885254
vt 0.10862799733877182 0.19948099553585052
vt 0.10935799777507782 0.15284399688243866
vt 0.11020699888467789 0.20609599351882935
vt 0.11144799739122391 0.8863250017166138
vt 0.11144799739122391 0.9130920171737671
vt 0.11180800199508667 0.26782700419425964
vt 0.11192499846220016 0.9839540123939514
vt 0.11192499846220016 0.9908329844474792
vt 0.11218000203371048 0.8324429988861084
vt 0.11218000203371048 0.882319986820221
vt 0.11257699877023697 0.5622329711914062
vt 0.11262299865484238 0.8555470108985901
vt 0.11273100227117538 0.017696000635623932
vt 0.11375200003385544 0.6485270261764526
vt 0.11393500119447708 0.952368974685669
vt 0.11508200317621231 0.560496985912323
vt 0.11528000235557556 0.6541140079498291
vt 0.11556299775838852 0.9587380290031433
vt 0.11556299775838852 0.9705269932746887
vt 0.11558599770069122 0.9445400238037109
vt 0.11575599759817123 0.2061930000782013
vt 0.1159299984574318 0.9839540123939514
vt 0.1159299984574318 0.9935010075569153
vt 0.11624900251626968 0.7899580001831055
vt 0.11726699769496918 0.19274599850177765
vt 0.11752799898386002 0.1902790069580078
vt 0.11755900084972382 0.7641779780387878
vt 0.11939399689435959 0.011335000395774841
vt 0.11945100128650665 0.9855579733848572
vt 0.11991900205612183 0.7904409766197205
vt 0.12000299990177155 0.7776619791984558
vt 0.12022200226783752 0.7028689980506897
vt 0.12039099633693695 0.8437659740447998
vt 0.12039099633693695 0.8819829821586609
vt 0.12039099633693695 0.9036840200424194
vt 0.12039099633693695 0.9171810150146484
vt 0.12039700150489807 0.8161960244178772
vt 0.12039700150489807 0.8397610187530518
vt 0.12084099650382996 0.5300080180168152
vt 0.12091299891471863 0.6817399859428406
vt 0.12091299891471863 0.7434530258178711
vt 0.12345600128173828 0.988228976726532
vt 0.12403199821710587 0.5326300263404846
vt 0.12408100068569183 0.5869690179824829
vt 0.12496799975633621 0.8369510173797607
vt 0.12496799975633621 0.8671960234642029
vt 0.12496799975633621 0.8712009787559509
vt 0.12496799975633621 0.896727979183197
vt 0.12496799975633621 0.9007329940795898
vt 0.12496799975633621 0.9228579998016357
vt 0.12496799975633621 0.935073971748352
vt 0.12496799975633621 0.9508309960365295
vt 0.12496799975633621 0.9661329984664917
vt 0.12496799975633621 0.9780349731445312
vt 0.12530900537967682 0.6929330229759216
vt 0.12530900537967682 0.7297160029411316
vt 0.12530900537967682 0.8234149813652039
vt 0.1269419938325882 0.9839540123939514
vt 0.1269419938325882 0.9930269718170166
vt 0.12724199891090393 0.2917490005493164
vt 0.12775300443172455 0.9544900059700012
vt 0.12800399959087372 0.6844149827957153
vt 0.12904800474643707 0.694815993309021
vt 0.12975899875164032 0.5843610167503357
vt 0.1300870031118393 0.9758520126342773
vt 0.1301259994506836 0.7763910293579102
vt 0.13016900420188904 0.8033480048179626
vt 0.13067899644374847 0.5481989979743958
vt 0.13068300485610962 0.5380679965019226
vt 0.13086800277233124 0.7847449779510498
vt 0.13094699382781982 0.9839540123939514
vt 0.13094699382781982 0.9927250146865845
vt 0.13121899962425232 0.6314659714698792
vt 0.1313520073890686 0.7136430144309998
vt 0.13351400196552277 0.5591560006141663
vt 0.13370299339294434 0.9268630146980286
vt 0.13370299339294434 0.9458079934120178
vt 0.13396400213241577 0.9034919738769531
vt 0.13403800129890442 0.9498130083084106
vt 0.13403800129890442 0.9621279835700989
vt 0.13414500653743744 0.19051100313663483
vt 0.13457399606704712 0.9859960079193115
vt 0.13493800163269043 0.9159179925918579
vt 0.13522399961948395 0.616998016834259
vt 0.1363220065832138 0.8824340105056763
vt 0.1363680064678192 0.5699059963226318
vt 0.1374170035123825 0.80628901720047
vt 0.1374170035123825 0.8329460024833679
vt 0.1374170035123825 0.8401039838790894
vt 0.13759300112724304 0.5507299900054932
vt 0.13791799545288086 0.6705449819564819
vt 0.13793499767780304 0.6290590167045593
vt 0.13797900080680847 0.17900900542736053
vt 0.13857899606227875 0.9847429990768433
vt 0.13898000121116638 0.6456369757652283
vt 0.1392650008201599 0.6089490056037903
vt 0.13932199776172638 0.9029930233955383
vt 0.13932199776172638 0.9305809736251831
vt 0.13932199776172638 0.9345859885215759
vt 0.13932199776172638 0.9556810259819031
vt 0.13932199776172638 0.972241997718811
vt 0.13965100049972534 0.5843610167503357
vt 0.14050300419330597 0.9839540123939514
vt 0.14050300419330597 0.9963430166244507
vt 0.1409440040588379 0.6858010292053223
vt 0.14146099984645844 0.8343669772148132
vt 0.14146099984645844 0.8675479888916016
vt 0.14161799848079681 0.9612470269203186
vt 0.141634002327919 0.8151329755783081
vt 0.14215900003910065 0.01075700018554926
vt 0.1422020047903061 0.7942309975624084
vt 0.14242899417877197 0.6529579758644104
vt 0.14266300201416016 0.536558985710144
vt 0.1427849978208542 0.5918809771537781
vt 0.1431570053100586 0.7847449779510498
vt 0.143203005194664 0.7807400226593018
vt 0.14391499757766724 0.6950259804725647
vt 0.1442600041627884 0.8989880084991455
vt 0.1445080041885376 0.9839540123939514
vt 0.1445080041885376 0.9969660043716431
vt 0.14519000053405762 0.7257109880447388
vt 0.14582200348377228 0.9410880208015442
vt 0.14605699479579926 0.8491780161857605
vt 0.14605699479579926 0.8694499731063843
vt 0.14605699479579926 0.9055240154266357
vt 0.14617399871349335 0.9596859812736511
vt 0.14617399871349335 0.9714199900627136
vt 0.14620299637317657 0.9943050146102905
vt 0.1464579999446869 0.8271560072898865
vt 0.14681699872016907 0.7297160029411316
vt 0.14681699872016907 0.8023620247840881
vt 0.14681699872016907 0.8451730012893677
vt 0.14700700342655182 0.71356600522995
vt 0.14826799929141998 0.6366400122642517
vt 0.14955200254917145 0.667290985584259
vt 0.15020699799060822 0.9867129921913147
vt 0.15070800483226776 0.580357015132904
vt 0.1508219987154007 0.7297160029411316
vt 0.1508219987154007 0.7805160284042358
vt 0.1508219987154007 0.790802001953125
vt 0.1508219987154007 0.8281069993972778
vt 0.1508219987154007 0.8449479937553406
vt 0.1508219987154007 0.8597760200500488
vt 0.1508219987154007 0.8778089880943298
vt 0.1508219987154007 0.8962500095367432
vt 0.1508219987154007 0.9233390092849731
vt 0.1508219987154007 0.9422789812088013
vt 0.1508219987154007 0.9681699872016907
vt 0.15138700604438782 0.8011339902877808
vt 0.15160000324249268 0.5874159932136536
vt 0.15175999701023102 0.5609440207481384
vt 0.15278999507427216 0.9839540123939514
vt 0.15278999507427216 0.9946169853210449
vt 0.15325400233268738 0.6570780277252197
vt 0.15388800203800201 0.8557720184326172
vt 0.1541849970817566 0.9164649844169617
vt 0.15513800084590912 0.5372040271759033
vt 0.15600000321865082 0.002882000058889389
vt 0.15650099515914917 0.6804100275039673
vt 0.15679499506950378 0.9931420087814331
vt 0.1573989987373352 0.7656059861183167
vt 0.15768000483512878 0.9549869894981384
vt 0.15768000483512878 0.9687299728393555
vt 0.1583230048418045 0.6983019709587097
vt 0.1586810052394867 0.9839540123939514
vt 0.15937000513076782 0.9325649738311768
vt 0.15937000513076782 0.9509819746017456
vt 0.16004900634288788 0.9931420087814331
vt 0.16009199619293213 0.7313960194587708
vt 0.16066500544548035 0.632381021976471
vt 0.1617169976234436 0.7616230249404907
vt 0.16173799335956573 0.9101430177688599
vt 0.16173799335956573 0.9285600185394287
vt 0.16187499463558197 0.9649630188941956
vt 0.16211700439453125 0.8846340179443359
vt 0.16255100071430206 0.7867969870567322
vt 0.1632310003042221 0.17977100610733032
vt 0.16337500512599945 0.9361559748649597
vt 0.16349700093269348 0.7325130105018616
vt 0.16351500153541565 0.8677679896354675
vt 0.1640540063381195 0.9905520081520081
vt 0.16409799456596375 0.5924050211906433
vt 0.16409799456596375 0.6446110010147095
vt 0.16409799456596375 0.6929469704627991
vt 0.16409799456596375 0.7174620032310486
vt 0.16414600610733032 0.8032940030097961
vt 0.16440199315547943 0.8413289785385132
vt 0.16454200446605682 0.7583119869232178
vt 0.16514399647712708 0.888638973236084
vt 0.16514399647712708 0.906138002872467
vt 0.16574299335479736 0.9198359847068787
vt 0.16615299880504608 0.01116899959743023
vt 0.16764700412750244 0.9325649738311768
vt 0.16764700412750244 0.9572529792785645
vt 0.16764700412750244 0.9612579941749573
vt 0.16764700412750244 0.9747220277786255
vt 0.16780099272727966 0.9839540123939514
vt 0.16780099272727966 0.9919310212135315
vt 0.16784699261188507 0.8321110010147095
vt 0.16784699261188507 0.8549789786338806
vt 0.16791200637817383 0.9101430177688599
vt 0.16791200637817383 0.9244089722633362
vt 0.16799700260162354 0.7459269762039185
vt 0.16808399558067322 0.5660049915313721
vt 0.17116500437259674 0.4495530128479004
vt 0.1718059927225113 0.9839540123939514
vt 0.1718059927225113 0.994376003742218
vt 0.17208899557590485 0.4535579979419708
vt 0.17208899557590485 0.5412740111351013
vt 0.17208899557590485 0.6047980189323425
vt 0.17208899557590485 0.6504080295562744
vt 0.17208899557590485 0.719389021396637
vt 0.17208899557590485 0.7688419818878174
vt 0.17208899557590485 0.7730399966239929
vt 0.17208899557590485 0.819957971572876
vt 0.17208899557590485 0.8241199851036072
vt 0.17208899557590485 0.8460149765014648
vt 0.17208899557590485 0.8564460277557373
vt 0.17208899557590485 0.8806430101394653
vt 0.17208899557590485 0.9017410278320312
vt 0.17208899557590485 0.9280970096588135
vt 0.17208899557590485 0.9495609998703003
vt 0.1724269986152649 0.460550993680954
vt 0.17257599532604218 0.5658559799194336
vt 0.17294800281524658 0.9702320098876953
vt 0.17310699820518494 0.5698609948158264
vt 0.1735839992761612 0.31062498688697815
vt 0.17361199855804443 0.17928600311279297
vt 0.17399199306964874 0.014644999988377094
vt 0.1739950031042099 0.5291169881820679
vt 0.17415599524974823 0.986299991607666
vt 0.17465700209140778 0.07844699919223785
vt 0.17523300647735596 0.7521759867668152
vt 0.1752610057592392 0.5814890265464783
vt 0.17566099762916565 0.9010559916496277
vt 0.17667999863624573 0.820114016532898
vt 0.17702899873256683 0.6389920115470886
vt 0.17737500369548798 0.6988149881362915
vt 0.17816099524497986 0.9851049780845642
vt 0.178397998213768 0.8521479964256287
vt 0.1789969950914383 0.9372079968452454
vt 0.1789969950914383 0.9560679793357849
vt 0.1789969950914383 0.9600729942321777
vt 0.1789969950914383 0.9738060235977173
vt 0.1793770045042038 0.1782429963350296
vt 0.17937800288200378 0.1893630027770996
vt 0.17971999943256378 0.5553280115127563
vt 0.17975899577140808 0.7728469967842102
vt 0.18012599647045135 0.5134140253067017
vt 0.18026499450206757 0.679934024810791
vt 0.18046000599861145 0.01551000028848648
vt 0.18056699633598328 0.006101999897509813
vt 0.18065199255943298 0.8846480250358582
vt 0.18065199255943298 0.912443995475769
vt 0.18067100644111633 0.6509829759597778
vt 0.1814029961824417 0.9839540123939514
vt 0.1814029961824417 0.992542028427124
vt 0.18161000311374664 0.0020020001102238894
vt 0.18176299333572388 0.5051760077476501
vt 0.18203799426555634 0.8524410128593445
vt 0.18224699795246124 0.6060590147972107
vt 0.18230299651622772 0.632407009601593
vt 0.18234799802303314 0.8252210021018982
vt 0.18247300386428833 0.08844199776649475
vt 0.18284200131893158 0.5969079732894897
vt 0.18300199508666992 0.9470400214195251
vt 0.18300199508666992 0.9768310189247131
vt 0.18347500264644623 0.9164490103721619
vt 0.18347500264644623 0.9332029819488525
vt 0.18369199335575104 0.6673600077629089
vt 0.18396900594234467 0.1850530058145523
vt 0.18453599512577057 0.5984820127487183
vt 0.1846569925546646 0.8846480250358582
vt 0.1846569925546646 0.8960520029067993
vt 0.18482600152492523 0.8610889911651611
vt 0.18515999615192413 0.7953780293464661
vt 0.1852799952030182 0.4771139919757843
vt 0.18540799617767334 0.9839540123939514
vt 0.18573500216007233 0.8779190182685852
vt 0.18620499968528748 0.9372090101242065
vt 0.18620499968528748 0.9616960287094116
vt 0.18634000420570374 0.9657009840011597
vt 0.18634000420570374 0.9799489974975586
vt 0.18654200434684753 0.19087299704551697
vt 0.1865440011024475 0.6892390251159668
vt 0.18679699301719666 0.8473380208015442
vt 0.18697099387645721 0.7565029859542847
vt 0.1872439980506897 0.009448000229895115
vt 0.18749499320983887 0.4916599988937378
vt 0.1878660023212433 0.8917220234870911
vt 0.18807999789714813 0.5281789898872375
vt 0.18842899799346924 0.5649049878120422
vt 0.18876299262046814 0.7243260145187378
vt 0.1894489973783493 0.9907199740409851
vt 0.18964900076389313 0.5047630071640015
vt 0.1897290050983429 0.9839540123939514
vt 0.18978500366210938 0.60589998960495
vt 0.18996399641036987 0.685234010219574
vt 0.1905820071697235 0.9007139801979065
vt 0.1905820071697235 0.9175519943237305
vt 0.1905820071697235 0.9247580170631409
vt 0.1905820071697235 0.9388999938964844
vt 0.1905820071697235 0.9429050087928772
vt 0.1905820071697235 0.9609599709510803
vt 0.1905820071697235 0.9691770076751709
vt 0.19058699905872345 0.581421971321106
vt 0.19124899804592133 0.0020020001102238894
vt 0.19124899804592133 0.18393099308013916
vt 0.19124899804592133 0.24467399716377258
vt 0.19130000472068787 0.009929999709129333
vt 0.19200499355793 0.1753000020980835
vt 0.19240300357341766 0.24066899716854095
vt 0.192671000957489 0.6201480031013489
vt 0.19276699423789978 0.7465490102767944
vt 0.19276699423789978 0.8506489992141724
vt 0.19276799261569977 0.7715060114860535
vt 0.19276799261569977 0.8001059889793396
vt 0.19276799261569977 0.8381950259208679
vt 0.19276799261569977 0.8715609908103943
vt 0.19276799261569977 0.8919309973716736
vt 0.19306400418281555 0.6944860219955444
vt 0.19373400509357452 0.9898890256881714
vt 0.1940709948539734 0.6298080086708069
vt 0.19546900689601898 0.9839540123939514
vt 0.19546900689601898 0.9950630068778992
vt 0.1956779956817627 0.9649649858474731
vt 0.1956779956817627 0.9776859879493713
vt 0.19605599343776703 0.8422009944915771
vt 0.197175994515419 0.6496859788894653
vt 0.19722799956798553 0.9514740109443665
vt 0.19854100048542023 0.7901049852371216
vt 0.1994740068912506 0.9839540123939514
vt 0.1994740068912506 0.9908080101013184
vt 0.19953900575637817 0.8116499781608582
vt 0.19968000054359436 0.9375180006027222
vt 0.19988000392913818 0.17720000445842743
vt 0.20002399384975433 0.009953999891877174
vt 0.20004600286483765 0.26039499044418335
vt 0.20031699538230896 0.18932999670505524
vt 0.20038500428199768 0.10586100071668625
vt 0.20061400532722473 0.6108360290527344
vt 0.20097100734710693 0.5975649952888489
vt 0.20120400190353394 0.31129100918769836
vt 0.20120400190353394 0.9215570092201233
vt 0.20193099975585938 0.4974839985370636
vt 0.2019830048084259 0.7217820286750793
vt 0.2022169977426529 0.8034449815750122
vt 0.20223300158977509 0.9864010214805603
vt 0.20232799649238586 0.7780259847640991
vt 0.20311599969863892 0.5210189819335938
vt 0.20315000414848328 0.9911379814147949
vt 0.20337499678134918 0.8216400146484375
vt 0.20348699390888214 0.6604719758033752
vt 0.20359300076961517 0.8733639717102051
vt 0.20415599644184113 0.8967090249061584
vt 0.20415599644184113 0.9042050242424011
vt 0.20427800714969635 0.584572970867157
vt 0.20520900189876556 0.9244790077209473
vt 0.20520900189876556 0.9441400170326233
vt 0.20520900189876556 0.9675120115280151
vt 0.2056410014629364 0.7496020197868347
vt 0.20621900260448456 0.807449996471405
vt 0.20633800327777863 0.9323740005493164
vt 0.20698200166225433 0.6312940120697021
vt 0.2071550041437149 0.9839540123939514
vt 0.2071550041437149 0.9947519898414612
vt 0.20731599628925323 0.845329999923706
vt 0.20731599628925323 0.8675559759140015
vt 0.20746499300003052 0.9569829702377319
vt 0.20816099643707275 0.8786150217056274
vt 0.20816099643707275 0.9076470136642456
vt 0.20817799866199493 0.8156669735908508
vt 0.20817799866199493 0.8369280099868774
vt 0.20836099982261658 0.5162619948387146
vt 0.20869199931621552 0.6824939846992493
vt 0.20881199836730957 0.6892390251159668
vt 0.20881199836730957 0.7675009965896606
vt 0.20889000594615936 0.9906669855117798
vt 0.21029500663280487 0.6134849786758423
vt 0.21132099628448486 0.842199981212616
vt 0.21132099628448486 0.8668130040168762
vt 0.21139100193977356 0.9609879851341248
vt 0.21139100193977356 0.9739239811897278
vt 0.2115129977464676 0.7868549823760986
vt 0.21161200106143951 0.5798529982566833
vt 0.21218299865722656 0.8182430267333984
vt 0.2128939926624298 0.9922069907188416
vt 0.21305400133132935 0.7220630049705505
vt 0.21320900321006775 0.6090180277824402
vt 0.21412500739097595 0.6317859888076782
vt 0.214696004986763 0.8506609797477722
vt 0.21474599838256836 0.8715609908103943
vt 0.2147819995880127 0.9441400170326233
vt 0.2147900015115738 0.7986999750137329
vt 0.21479399502277374 0.6556270122528076
vt 0.2148119956254959 0.9047690033912659
vt 0.2148279994726181 0.9215570092201233
vt 0.2148279994726181 0.9401350021362305
vt 0.2148440033197403 0.807449996471405
vt 0.2148440033197403 0.825855016708374
vt 0.21525800228118896 0.9839540123939514
vt 0.21525800228118896 0.9932519793510437
vt 0.215488001704216 0.6389920115470886
vt 0.21555599570274353 0.6466090083122253
vt 0.21555599570274353 0.6892390251159668
vt 0.21555599570274353 0.7609279751777649
vt 0.2157839983701706 0.6250460147857666
vt 0.2160869985818863 0.5892390012741089
vt 0.21670100092887878 0.4885930120944977
vt 0.21710999310016632 0.6207619905471802
vt 0.21789699792861938 0.5909079909324646
vt 0.2183769941329956 0.9614620208740234
vt 0.2183769941329956 0.972465991973877
vt 0.21897099912166595 0.8140149712562561
vt 0.21897099912166595 0.8437049984931946
vt 0.21897099912166595 0.8762410283088684
vt 0.21897099912166595 0.8861749768257141
vt 0.21897099912166595 0.9169840216636658
vt 0.21897099912166595 0.9345369935035706
vt 0.21897099912166595 0.9385420083999634
vt 0.21897099912166595 0.9574570059776306
vt 0.21925699710845947 0.4731149971485138
vt 0.2192630022764206 0.9839540123939514
vt 0.2192630022764206 0.9936050176620483
vt 0.21956099569797516 0.6508389711380005
vt 0.21956099569797516 0.7558180093765259
vt 0.21956099569797516 0.769137978553772
vt 0.21956099569797516 0.7971439957618713
vt 0.22133299708366394 0.323170006275177
vt 0.22145700454711914 0.9846910238265991
vt 0.2218959927558899 0.46431100368499756
vt 0.22286899387836456 0.5869590044021606
vt 0.2243179976940155 0.4435249865055084
vt 0.2244500070810318 0.8100100159645081
vt 0.22466999292373657 0.9167150259017944
vt 0.22546200454235077 0.9839540123939514
vt 0.22546200454235077 0.9911659955978394
vt 0.22551800310611725 0.8288170099258423
vt 0.2255609929561615 0.9332929849624634
vt 0.22569699585437775 0.9440690279006958
vt 0.22569699585437775 0.9658070206642151
vt 0.22603100538253784 0.800134003162384
vt 0.22707900404930115 0.8602780103683472
vt 0.22717200219631195 0.31552600860595703
vt 0.22733299434185028 0.6877139806747437
vt 0.22736500203609467 0.8839589953422546
vt 0.22736500203609467 0.9127100110054016
vt 0.22772100567817688 0.4487839937210083
vt 0.2279909998178482 0.24467399716377258
vt 0.2281399965286255 0.7662150263786316
vt 0.22835199534893036 0.4762420058250427
vt 0.2289779931306839 0.9865769743919373
vt 0.2290399968624115 0.8477100133895874
vt 0.2290399968624115 0.8799539804458618
vt 0.2290869951248169 0.4329589903354645
vt 0.22936299443244934 0.4813530147075653
vt 0.22946499288082123 0.579721987247467
vt 0.2295909970998764 0.9268320202827454
vt 0.2296990007162094 0.3230310082435608
vt 0.22970199584960938 0.9567030072212219
vt 0.22970199584960938 0.9643809795379639
vt 0.22970199584960938 0.9778339862823486
vt 0.2298399955034256 0.5698609948158264
vt 0.2299399971961975 0.6559299826622009
vt 0.23041099309921265 0.5865259766578674
vt 0.2305299937725067 0.7778670191764832
vt 0.23063600063323975 0.9385420083999634
vt 0.23075899481773376 0.6056900024414062
vt 0.23082199692726135 0.7598230242729187
vt 0.2313700020313263 0.8849980235099792
vt 0.23257599771022797 0.8071630001068115
vt 0.23298299312591553 0.9839540123939514
vt 0.23307999968528748 0.9895250201225281
vt 0.23355700075626373 0.8839589953422546
vt 0.23355700075626373 0.8990920186042786
vt 0.2335740029811859 0.768975019454956
vt 0.2335740029811859 0.8265489935874939
vt 0.233582004904747 0.6214399933815002
vt 0.23402400314807892 0.4228389859199524
vt 0.23402400314807892 0.441677987575531
vt 0.23406100273132324 0.25361600518226624
vt 0.23424899578094482 0.9728890061378479
vt 0.23434099555015564 0.1887200027704239
vt 0.23441000282764435 0.9524520039558411
vt 0.23441000282764435 0.9603760242462158
vt 0.2345300018787384 0.7037240266799927
vt 0.23487399518489838 0.009460999630391598
vt 0.23495300114154816 0.6349869966506958
vt 0.2351509928703308 0.62117600440979
vt 0.23625199496746063 0.6661480069160461
vt 0.23710200190544128 0.17785599827766418
vt 0.23757900297641754 0.7598230242729187
vt 0.23757900297641754 0.8115929961204529
vt 0.23757900297641754 0.8155980110168457
vt 0.23757900297641754 0.8506510257720947
vt 0.23757900297641754 0.8815630078315735
vt 0.23757900297641754 0.9043110013008118
vt 0.23774999380111694 0.9839540123939514
vt 0.23860299587249756 0.7077289819717407
vt 0.2386769950389862 0.9329149723052979
vt 0.2386769950389862 0.9483669996261597
vt 0.2386769950389862 0.9523720145225525
vt 0.23877699673175812 0.3160000145435333
vt 0.23893100023269653 0.9289100170135498
vt 0.23900799453258514 0.7553430199623108
vt 0.23915599286556244 0.5705329775810242
vt 0.23915700614452362 0.002767000114545226
vt 0.23928500711917877 0.7503129839897156
vt 0.23941199481487274 0.9083160161972046
vt 0.23972399532794952 0.9669110178947449
vt 0.23990100622177124 0.6389920115470886
vt 0.23997199535369873 0.590474009513855
vt 0.23997199535369873 0.6301320195198059
vt 0.24060200154781342 0.44930198788642883
vt 0.24175499379634857 0.9839540123939514
vt 0.24175499379634857 0.9905670285224915
vt 0.24218599498271942 0.24467399716377258
vt 0.24223800003528595 0.3155750036239624
vt 0.24232199788093567 0.48426300287246704
vt 0.24269099533557892 0.2536010146141052
vt 0.24276800453662872 0.5698609948158264
vt 0.24276800453662872 0.5860850214958191
vt 0.24278299510478973 0.4108240008354187
vt 0.24278900027275085 0.7078070044517517
vt 0.2429790049791336 0.42961201071739197
vt 0.2432129979133606 0.6849660277366638
vt 0.2438250035047531 0.9237239956855774
vt 0.24386200308799744 0.7474520206451416
vt 0.24499499797821045 0.7558180093765259
vt 0.2453099936246872 0.010150999762117863
vt 0.24559399485588074 0.8775579929351807
vt 0.24562500417232513 0.9851980209350586
vt 0.2457450032234192 0.9523720145225525
vt 0.24583700299263 0.6113929748535156
vt 0.24641500413417816 0.7600719928741455
vt 0.24698400497436523 0.4228389859199524
vt 0.24698400497436523 0.5864700078964233
vt 0.2478879988193512 0.49938899278640747
vt 0.24833199381828308 0.6174150109291077
vt 0.24860799312591553 0.6417059898376465
vt 0.24860799312591553 0.6564900279045105
vt 0.24872800707817078 0.8466460108757019
vt 0.24899999797344208 0.7077289819717407
vt 0.24899999797344208 0.7430499792098999
vt 0.24902400374412537 0.5909900069236755
vt 0.24913600087165833 0.8954780101776123
vt 0.24913600087165833 0.9289100170135498
vt 0.24913600087165833 0.9364299774169922
vt 0.2491450011730194 0.6157230138778687
vt 0.24963000416755676 0.9876130223274231
vt 0.2499680072069168 0.8506510257720947
vt 0.25053301453590393 0.7313979864120483
vt 0.2510550022125244 0.806768000125885
vt 0.2510629892349243 0.32272499799728394
vt 0.2510890066623688 0.8155980110168457
vt 0.25111499428749084 0.6349200010299683
vt 0.2511659860610962 0.2512499988079071
vt 0.2511659860610962 0.41883400082588196
vt 0.2511659860610962 0.5040720105171204
vt 0.2511659860610962 0.6127830147743225
vt 0.25431200861930847 0.9839540123939514
vt 0.25431200861930847 0.9895300269126892
vt 0.25452500581741333 0.9601619839668274
vt 0.25452500581741333 0.9719809889793396
vt 0.255171000957489 0.4197689890861511
vt 0.255171000957489 0.5333070158958435
vt 0.255171000957489 0.6305440068244934
vt 0.255171000957489 0.682453989982605
vt 0.255171000957489 0.7551829814910889
vt 0.255171000957489 0.7667310237884521
vt 0.255171000957489 0.7923579812049866
vt 0.255171000957489 0.8205540180206299
vt 0.255171000957489 0.8447809815406799
vt 0.255171000957489 0.869047999382019
vt 0.255171000957489 0.8773419857025146
vt 0.255171000957489 0.9031040072441101
vt 0.255171000957489 0.9149159789085388
vt 0.255171000957489 0.9447219967842102
vt 0.25682199001312256 0.5029039978981018
vt 0.2583169937133789 0.9839540123939514
vt 0.2583169937133789 0.9895920157432556
vt 0.25884100794792175 0.8407760262489319
vt 0.25891798734664917 0.6744329929351807
vt 0.25954899191856384 0.5248739719390869
vt 0.2597050070762634 0.8619319796562195
vt 0.25975000858306885 0.7627260088920593
vt 0.2604700028896332 0.323309987783432
vt 0.2604900002479553 0.6920880079269409
vt 0.26122599840164185 0.8050910234451294
vt 0.26159700751304626 0.42589500546455383
vt 0.26173698902130127 0.9355189800262451
vt 0.26173698902130127 0.9561570286750793
vt 0.26173698902130127 0.9703530073165894
vt 0.2618210017681122 0.41572099924087524
vt 0.26290398836135864 0.9886350035667419
vt 0.2630079984664917 0.7528579831123352
vt 0.2635439932346344 0.9071090221405029
vt 0.2635439932346344 0.9315140247344971
vt 0.2648319900035858 0.6502429842948914
vt 0.26544898748397827 0.6474140286445618
vt 0.2654620110988617 0.35196900367736816
vt 0.265608012676239 0.8933640122413635
vt 0.2657279968261719 0.6276440024375916
vt 0.26580899953842163 0.6092349886894226
vt 0.26584699749946594 0.8377879858016968
vt 0.26624199748039246 0.42989999055862427
vt 0.2668110132217407 0.8733369708061218
vt 0.26690900325775146 0.9839540123939514
vt 0.26690900325775146 0.9910659790039062
vt 0.26694101095199585 0.8619049787521362
vt 0.2676900029182434 0.5163090229034424
vt 0.2682259976863861 0.5979390144348145
vt 0.26831498742103577 0.5135769844055176
vt 0.2683190107345581 0.6731839776039124
vt 0.26992499828338623 0.805832028388977
vt 0.2702130079269409 0.24467399716377258
vt 0.27022799849510193 0.7489179968833923
vt 0.2702600061893463 0.8098369836807251
vt 0.2702600061893463 0.8190969824790955
vt 0.2703390121459961 0.9886450171470642
vt 0.2706429958343506 0.5064849853515625
vt 0.27087798714637756 0.2567709982395172
vt 0.2712149918079376 0.458855003118515
vt 0.27142301201820374 0.3419089913368225
vt 0.2715260088443756 0.41262000799179077
vt 0.2717140018939972 0.5432590246200562
vt 0.2717759907245636 0.8585500121116638
vt 0.2717759907245636 0.8782520294189453
vt 0.2717759907245636 0.9002659916877747
vt 0.2717759907245636 0.9099159836769104
vt 0.2717759907245636 0.9261379837989807
vt 0.2717759907245636 0.9413059949874878
vt 0.2717759907245636 0.9631159901618958
vt 0.2717759907245636 0.9671630263328552
vt 0.2720020115375519 0.6197389960289001
vt 0.2723369896411896 0.5338690280914307
vt 0.27237001061439514 0.9301429986953735
vt 0.27295899391174316 0.5143579840660095
vt 0.2730560004711151 0.7835950255393982
vt 0.2737469971179962 0.6377220153808594
vt 0.2740890085697174 0.4428989887237549
vt 0.27434399724006653 0.9869189858436584
vt 0.27449101209640503 0.8403099775314331
vt 0.2755790054798126 0.2475470006465912
vt 0.27574101090431213 0.9839540123939514
vt 0.27574101090431213 0.9952449798583984
vt 0.2757909893989563 0.7202010154724121
vt 0.27643001079559326 0.5754449963569641
vt 0.2764660120010376 0.011009999550879002
vt 0.27669599652290344 0.9671210050582886
vt 0.27669599652290344 0.9786180257797241
vt 0.2769879996776581 0.7535340189933777
vt 0.27706098556518555 0.7667310237884521
vt 0.27706098556518555 0.8092089891433716
vt 0.27706700563430786 0.10664799809455872
vt 0.2778469920158386 0.648231029510498
vt 0.27847400307655334 0.8151530027389526
vt 0.2784759998321533 0.9482600092887878
vt 0.2784790098667145 0.45358699560165405
vt 0.2787199914455414 0.02934899926185608
vt 0.27873900532722473 0.5054200291633606
vt 0.27900299429893494 0.6640499830245972
vt 0.2793950140476227 0.9631159901618958
vt 0.2796899974346161 0.6826919913291931
vt 0.2797369956970215 0.4972130060195923
vt 0.27974599599838257 0.9839540123939514
vt 0.28083598613739014 0.2764190137386322
vt 0.2814500033855438 0.5224670171737671
vt 0.2814770042896271 0.9911090135574341
vt 0.2820650041103363 0.1858849972486496
vt 0.28266701102256775 0.5661280155181885
vt 0.2827000021934509 0.8822569847106934
vt 0.2827000021934509 0.9059119820594788
vt 0.28270798921585083 0.7958790063858032
vt 0.282725989818573 0.5390139818191528
vt 0.28311699628829956 0.9839540123939514
vt 0.2832939922809601 0.9301429986953735
vt 0.2833999991416931 0.955357015132904
vt 0.2834770083427429 0.26997700333595276
vt 0.2835350036621094 0.0043020001612603664
vt 0.28358399868011475 0.944254994392395
vt 0.28380098938941956 0.032072000205516815
vt 0.2839199900627136 0.11602199822664261
vt 0.28438299894332886 0.45809298753738403
vt 0.2845419943332672 0.820792019367218
vt 0.2847819924354553 0.9221789836883545
vt 0.2854189872741699 0.842208981513977
vt 0.2854740023612976 0.66805499792099
vt 0.2854740023612976 0.7218480110168457
vt 0.2858560085296631 0.8040419816970825
vt 0.28608301281929016 0.5487629771232605
vt 0.2862209975719452 0.07559899985790253
vt 0.28651800751686096 0.1846500039100647
vt 0.28661900758743286 0.29908400774002075
vt 0.2867580056190491 0.505698025226593
vt 0.2867580056190491 0.5597699880599976
vt 0.28697699308395386 0.7768359780311584
vt 0.2871220111846924 0.9846490025520325
vt 0.2871299982070923 0.5701329708099365
vt 0.2871299982070923 0.6463879942893982
vt 0.28759801387786865 0.7672770023345947
vt 0.28782200813293457 0.7258530259132385
vt 0.28782200813293457 0.7619029879570007
vt 0.2882489860057831 0.7977370023727417
vt 0.2882489860057831 0.8247979879379272
vt 0.2882489860057831 0.854544997215271
vt 0.2882489860057831 0.876783013343811
vt 0.2887910008430481 0.9482600092887878
vt 0.2887910008430481 0.9660220146179199
vt 0.2888999879360199 0.9839540123939514
vt 0.2888999879360199 0.9940789937973022
vt 0.2889010012149811 0.004091000184416771
vt 0.2889010012149811 0.2930220067501068
vt 0.2889010012149811 0.4238179922103882
vt 0.29102399945259094 0.8863059878349304
vt 0.29102399945259094 0.9080119729042053
vt 0.2929050028324127 0.9839540123939514
vt 0.2929050028324127 0.9905449748039246
vt 0.2929059863090515 0.16142599284648895
vt 0.2929059863090515 0.4071280062198639
vt 0.2929059863090515 0.4365450143814087
vt 0.2929059863090515 0.5644270181655884
vt 0.2929059863090515 0.6262189745903015
vt 0.2929059863090515 0.6790400147438049
vt 0.2929059863090515 0.7256069779396057
vt 0.2929059863090515 0.7328019738197327
vt 0.2929059863090515 0.7753009796142578
vt 0.2929059863090515 0.8112649917602539
vt 0.2929059863090515 0.8450999855995178
vt 0.2929059863090515 0.876308023929596
vt 0.2930060029029846 0.430853009223938
vt 0.29316699504852295 0.9198480248451233
vt 0.29316699504852295 0.9324250221252441
vt 0.29316699504852295 0.9364290237426758
vt 0.29316699504852295 0.9500240087509155
vt 0.29316699504852295 0.9573000073432922
vt 0.29316699504852295 0.9724220037460327
vt 0.29402801394462585 0.2969970107078552
vt 0.2964029908180237 0.09108199924230576
vt 0.2964420020580292 0.7034010291099548
vt 0.29657599329948425 0.9844030141830444
vt 0.29684099555015564 0.040741998702287674
vt 0.29684099555015564 0.11626599729061127
vt 0.2971790134906769 0.6830450296401978
vt 0.29746800661087036 0.9120169878005981
vt 0.2979229986667633 0.9532949924468994
vt 0.2985590100288391 0.8291400074958801
vt 0.29902100563049316 0.8491050004959106
vt 0.2990640103816986 0.9653229713439941
vt 0.299113005399704 0.7453489899635315
vt 0.2992059886455536 0.6733369827270508
vt 0.29999399185180664 0.1668429970741272
vt 0.3005810081958771 0.9839540123939514
vt 0.3005810081958771 0.9932039976119995
vt 0.3007279932498932 0.7905719876289368
vt 0.30077099800109863 0.15566499531269073
vt 0.3015100061893463 0.8700870275497437
vt 0.3015710115432739 0.9455479979515076
vt 0.3024440109729767 0.07069200277328491
vt 0.3025349974632263 0.8579949736595154
vt 0.3025349974632263 0.8823009729385376
vt 0.3025349974632263 0.9050300121307373
vt 0.3025349974632263 0.9257950186729431
vt 0.30270999670028687 0.9899240136146545
vt 0.30279600620269775 0.7161759734153748
vt 0.302964985370636 0.5706599950790405
vt 0.3030799925327301 0.161421999335289
vt 0.30350399017333984 0.1293639987707138
vt 0.3039120137691498 0.722989022731781
vt 0.30408599972724915 0.7419769763946533
vt 0.30573999881744385 0.5969190001487732
vt 0.30580800771713257 0.5842589735984802
vt 0.3059389889240265 0.8275120258331299
vt 0.30665698647499084 0.9120209813117981
vt 0.30665698647499084 0.9326890110969543
vt 0.30665698647499084 0.9366940259933472
vt 0.30665698647499084 0.9537450075149536
vt 0.30665698647499084 0.9629709720611572
vt 0.3067150115966797 0.9927660226821899
vt 0.3071480095386505 0.87226402759552
vt 0.3071480095386505 0.8911259770393372
vt 0.3074460029602051 0.885246992111206
vt 0.30760401487350464 0.08692999929189682
vt 0.30766698718070984 0.17270100116729736
vt 0.3077229857444763 0.12401500344276428
vt 0.3079099953174591 0.13991299271583557
vt 0.30799001455307007 0.9839540123939514
vt 0.30799001455307007 0.9952589869499207
vt 0.3080120086669922 0.9673830270767212
vt 0.3089419901371002 0.06122700124979019
vt 0.309035986661911 0.7907670140266418
vt 0.3091360032558441 0.29284000396728516
vt 0.3099440038204193 0.8245930075645447
vt 0.3105719983577728 0.5868899822235107
vt 0.3106270134449005 0.7243340015411377
vt 0.31064000725746155 0.6830450296401978
vt 0.31114301085472107 0.8973990082740784
vt 0.31115901470184326 0.17180299758911133
vt 0.31116199493408203 0.6132010221481323
vt 0.3113119900226593 0.878512978553772
vt 0.3119949996471405 0.9853349924087524
vt 0.31242498755455017 0.5645639896392822
vt 0.3125300109386444 0.7037109732627869
vt 0.31349000334739685 0.11695899814367294
vt 0.31355398893356323 0.0656059980392456
vt 0.3137359917163849 0.2929919958114624
vt 0.3144040107727051 0.06166600063443184
vt 0.3144780099391937 0.08017099648714066
vt 0.3145489990711212 0.7748069763183594
vt 0.3145489990711212 0.8072609901428223
vt 0.31456801295280457 0.942113995552063
vt 0.3146919906139374 0.9577500224113464
vt 0.3146919906139374 0.9692519903182983
vt 0.31579500436782837 0.884893000125885
vt 0.31579500436782837 0.90801602602005
vt 0.31579500436782837 0.9220100045204163
vt 0.3159390091896057 0.9839540123939514
vt 0.3159390091896057 0.9900190234184265
vt 0.3165299892425537 0.0891759991645813
vt 0.3168109953403473 0.1302569955587387
vt 0.31743499636650085 0.5785359740257263
vt 0.3184260129928589 0.7616919875144958
vt 0.31855401396751404 0.7791730165481567
vt 0.3187919855117798 0.8060089945793152
vt 0.3187980055809021 0.9630650281906128
vt 0.31923601031303406 0.07522699981927872
vt 0.3197999894618988 0.878512978553772
vt 0.3197999894618988 0.9028419852256775
vt 0.3197999894618988 0.9288949966430664
vt 0.31982600688934326 0.09947100281715393
vt 0.31994399428367615 0.9906100034713745
vt 0.3202340006828308 0.7379249930381775
vt 0.32028499245643616 0.7296119928359985
vt 0.32028499245643616 0.7708020210266113
vt 0.32135599851608276 0.9839540123939514
vt 0.32135599851608276 0.9945489764213562
vt 0.3213909864425659 0.1574299931526184
vt 0.32183900475502014 0.8112649917602539
vt 0.32183900475502014 0.8476009964942932
vt 0.32183900475502014 0.851606011390686
vt 0.32183900475502014 0.8745080232620239
vt 0.3232460021972656 0.9226740002632141
vt 0.3233270049095154 0.5974670052528381
vt 0.32342100143432617 0.8965219855308533
vt 0.3234750032424927 0.6984040141105652
vt 0.32387399673461914 0.9266790151596069
vt 0.32387399673461914 0.9552969932556152
vt 0.32387399673461914 0.9593020081520081
vt 0.32387399673461914 0.9752079844474792
vt 0.3245440125465393 0.7748069763183594
vt 0.3245440125465393 0.7933859825134277
vt 0.32491299510002136 0.16011600196361542
vt 0.3253610134124756 0.9882559776306152
vt 0.32822999358177185 0.9839540123939514
vt 0.32822999358177185 0.9914469718933105
vt 0.3283199965953827 0.7185249924659729
vt 0.3283819854259491 0.14015300571918488
vt 0.32856500148773193 0.7662010192871094
vt 0.32856500148773193 0.7849630117416382
vt 0.32856500148773193 0.7897430062294006
vt 0.32856500148773193 0.8236370086669922
vt 0.32856500148773193 0.8427619934082031
vt 0.32856500148773193 0.8746730089187622
vt 0.32856500148773193 0.9286440014839172
vt 0.32856500148773193 0.9625660181045532
vt 0.32856500148773193 0.9757580161094666
vt 0.3285660147666931 0.8906049728393555
vt 0.3285660147666931 0.9500759840011597
vt 0.3286769986152649 0.549651026725769
vt 0.32941699028015137 0.1484539955854416
vt 0.3295370042324066 0.828436017036438
vt 0.32958298921585083 0.9367480278015137
vt 0.3303529918193817 0.058740999549627304
vt 0.33083999156951904 0.5848659873008728
vt 0.3314729928970337 0.5694900155067444
vt 0.3315869867801666 0.7895079851150513
vt 0.33171001076698303 0.7141000032424927
vt 0.3317970037460327 0.9678450226783752
vt 0.3320069909095764 0.7407619953155518
vt 0.3320859968662262 0.6750580072402954
vt 0.3322350084781647 0.9839540123939514
vt 0.3322350084781647 0.9918720126152039
vt 0.33229300379753113 0.6665729880332947
vt 0.33231601119041443 0.7805479764938354
vt 0.33412599563598633 0.9744619727134705
vt 0.33423200249671936 0.17292499542236328
vt 0.33425000309944153 0.9453340172767639
vt 0.33425000309944153 0.9585610032081604
vt 0.3344059884548187 0.8179699778556824
vt 0.33454298973083496 0.09464000165462494
vt 0.3345550000667572 0.1047779992222786
vt 0.3348189890384674 0.9914100170135498
vt 0.33499500155448914 0.7850310206413269
vt 0.3354929983615875 0.8330429792404175
vt 0.3356260061264038 0.15733200311660767
vt 0.3360840082168579 0.852957010269165
vt 0.33629798889160156 0.7227640151977539
vt 0.3364799916744232 0.8635330200195312
vt 0.33761200308799744 0.9116460084915161
vt 0.33761200308799744 0.9327430129051208
vt 0.33862799406051636 0.07556299865245819
vt 0.338672012090683 0.8824679851531982
vt 0.338672012090683 0.9076409935951233
vt 0.33882400393486023 0.9839540123939514
vt 0.33882400393486023 0.9924910068511963
vt 0.33891499042510986 0.6309639811515808
vt 0.3393310010433197 0.06678300350904465
vt 0.33939701318740845 0.14888699352741241
vt 0.3394530117511749 0.6582379937171936
vt 0.33962398767471313 0.7998470067977905
vt 0.3399580121040344 0.8421400189399719
vt 0.34034600853919983 0.1584320068359375
vt 0.3409149944782257 0.8154780268669128
vt 0.3410699963569641 0.9894559979438782
vt 0.34183698892593384 0.5842790007591248
vt 0.3419109880924225 0.93333899974823
vt 0.3419109880924225 0.9419029951095581
vt 0.3419109880924225 0.9603700041770935
vt 0.3419109880924225 0.9643750190734863
vt 0.3419109880924225 0.9773780107498169
vt 0.3419550061225891 0.7367569804191589
vt 0.3420400023460388 0.437734991312027
vt 0.342303991317749 0.1621360033750534
vt 0.3426629900932312 0.060162998735904694
vt 0.3426769971847534 0.9129350185394287
vt 0.34305399656295776 0.8244310021400452
vt 0.3430759906768799 0.8863760232925415
vt 0.3433760106563568 0.6496620178222656
vt 0.34376201033592224 0.8569620251655579
vt 0.34376201033592224 0.8784629702568054
vt 0.34507501125335693 0.9839540123939514
vt 0.34507501125335693 0.9936490058898926
vt 0.34537601470947266 0.8294069766998291
vt 0.34537601470947266 0.8492640256881714
vt 0.3464280068874359 0.6608539819717407
vt 0.3467809855937958 0.9864000082015991
vt 0.3469170033931732 0.9702680110931396
vt 0.3470590114593506 0.7900030016899109
vt 0.34753701090812683 0.7741739749908447
vt 0.3476850092411041 0.8051360249519348
vt 0.3477669954299927 0.861506998538971
vt 0.3480370044708252 0.8883990049362183
vt 0.3484250009059906 0.9504870176315308
vt 0.3488079905509949 0.7241969704627991
vt 0.3490230143070221 0.12540000677108765
vt 0.34922298789024353 0.6262189745903015
vt 0.34922298789024353 0.7328469753265381
vt 0.34922298789024353 0.7855029702186584
vt 0.34984898567199707 0.13473500311374664
vt 0.35037699341773987 0.7895079851150513
vt 0.35037699341773987 0.8244199752807617
vt 0.3504459857940674 0.8824679851531982
vt 0.3504459857940674 0.9114400148391724
vt 0.3504459857940674 0.9169399738311768
vt 0.3504459857940674 0.9378979802131653
vt 0.3505359888076782 0.09041400253772736
vt 0.35062798857688904 0.8569620251655579
vt 0.35062798857688904 0.8777170181274414
vt 0.3507860004901886 0.9880220293998718
vt 0.35083600878715515 0.5490379929542542
vt 0.35083600878715515 0.6222140192985535
vt 0.35297098755836487 0.9839540123939514
vt 0.35297098755836487 0.9925640225410461
vt 0.3530080020427704 0.17119100689888
vt 0.35469499230384827 0.9250230193138123
vt 0.35469499230384827 0.9392150044441223
vt 0.35469499230384827 0.956915020942688
vt 0.35469499230384827 0.968887984752655
vt 0.3548409938812256 0.5502169728279114
vt 0.3548409938812256 0.6538879871368408
vt 0.3548409938812256 0.6911630034446716
vt 0.3548409938812256 0.7046830058097839
vt 0.3548409938812256 0.7438390254974365
vt 0.3548409938812256 0.7856029868125916
vt 0.3548409938812256 0.8112360239028931
vt 0.3548409938812256 0.8212829828262329
vt 0.3548409938812256 0.8435930013656616
vt 0.3548409938812256 0.8754220008850098
vt 0.3548409938812256 0.8794270157814026
vt 0.3548409938812256 0.9093850255012512
vt 0.35566699504852295 0.7173259854316711
vt 0.3557260036468506 0.07191299647092819
vt 0.355910986661911 0.0020020001102238894
vt 0.3569760024547577 0.9839540123939514
vt 0.3569760024547577 0.9900990128517151
vt 0.3570849895477295 0.03234599903225899
vt 0.3581309914588928 0.1568710058927536
vt 0.35849401354789734 0.7321540117263794
vt 0.35862699151039124 0.04002600163221359
vt 0.35870298743247986 0.8047739863395691
vt 0.35916900634765625 0.13815400004386902
vt 0.3592369854450226 0.7984830141067505
vt 0.35993099212646484 0.08204499632120132
vt 0.3599669933319092 0.9529100060462952
vt 0.36038100719451904 0.7581490278244019
vt 0.36049801111221313 0.9850199818611145
vt 0.3612169921398163 0.6957060098648071
vt 0.36223599314689636 0.7024009823799133
vt 0.36236199736595154 0.019487999379634857
vt 0.3625450134277344 0.6511639952659607
vt 0.3625830113887787 0.12003999948501587
vt 0.3626669943332672 0.9572920203208923
vt 0.36313799023628235 0.05825300142168999
vt 0.3631500005722046 0.7211080193519592
vt 0.3632250130176544 0.8872359991073608
vt 0.3632250130176544 0.9133899807929993
vt 0.3632250130176544 0.9352099895477295
vt 0.3632360100746155 0.15416300296783447
vt 0.3633959889411926 0.7398340106010437
vt 0.36344701051712036 0.83958899974823
vt 0.3636150062084198 0.8024880290031433
vt 0.3640559911727905 0.6266340017318726
vt 0.3641760051250458 0.03916899859905243
vt 0.36444100737571716 0.9392150044441223
vt 0.36444899439811707 0.7539389729499817
vt 0.36450299620628357 0.9839540123939514
vt 0.36450299620628357 0.9927250146865845
vt 0.36567598581314087 0.8513240218162537
vt 0.36593401432037354 0.6563810110092163
vt 0.36597898602485657 0.6658340096473694
vt 0.36628299951553345 0.1595419943332672
vt 0.36628401279449463 0.7599589824676514
vt 0.3663859963417053 0.987966001033783
vt 0.36639299988746643 0.09698300063610077
vt 0.36667200922966003 0.9661089777946472
vt 0.36722999811172485 0.8794270157814026
vt 0.36722999811172485 0.9212999939918518
vt 0.36771100759506226 0.8170080184936523
vt 0.36795398592948914 0.10723800212144852
vt 0.36795398592948914 0.1699109971523285
vt 0.368492990732193 0.6196659803390503
vt 0.36855000257492065 0.9253050088882446
vt 0.36855000257492065 0.9400479793548584
vt 0.3686549961566925 0.6423580050468445
vt 0.3687869906425476 0.5569700002670288
vt 0.36947101354599 0.767524003982544
vt 0.3696810007095337 0.8481000065803528
vt 0.3697090148925781 0.7025579810142517
vt 0.3703089952468872 0.7516180276870728
vt 0.37039101123809814 0.9848620295524597
vt 0.3706260025501251 0.7571089863777161
vt 0.3708359897136688 0.6859980225563049
vt 0.3711659908294678 0.8810989856719971
vt 0.3711659908294678 0.9388779997825623
vt 0.37117600440979004 0.8435930013656616
vt 0.37117600440979004 0.8600590229034424
vt 0.3712869882583618 0.956915020942688
vt 0.3712869882583618 0.9741950035095215
vt 0.3712970018386841 0.7485809922218323
vt 0.37186500430107117 0.6550940275192261
vt 0.37195900082588196 0.0020020001102238894
vt 0.37195900082588196 0.1985200047492981
vt 0.37195900082588196 0.28516098856925964
vt 0.372514009475708 0.24195300042629242
vt 0.37287598848342896 0.015522000379860401
vt 0.37409600615501404 0.7363409996032715
vt 0.3747299909591675 0.9839540123939514
vt 0.3747299909591675 0.9888280034065247
vt 0.3753019869327545 0.7438390254974365
vt 0.3753019869327545 0.7960730195045471
vt 0.3753019869327545 0.8104220032691956
vt 0.3753019869327545 0.8486629724502563
vt 0.3753019869327545 0.8526679873466492
vt 0.3753019869327545 0.8824719786643982
vt 0.3753019869327545 0.8953970074653625
vt 0.3753019869327545 0.9350559711456299
vt 0.3753019869327545 0.9390609860420227
vt 0.3753019869327545 0.9591860175132751
vt 0.3753019869327545 0.9692689776420593
vt 0.37550199031829834 0.6676170229911804
vt 0.37622299790382385 0.683588981628418
vt 0.37678200006484985 0.9135519862174988
vt 0.37871599197387695 0.8061259984970093
vt 0.37872999906539917 0.8101310133934021
vt 0.3787350058555603 0.9909819960594177
vt 0.3793160021305084 0.20403200387954712
vt 0.37973400950431824 0.2762880027294159
vt 0.3797529935836792 0.7539899945259094
vt 0.3799059987068176 0.9085540175437927
vt 0.37992799282073975 0.9191709756851196
vt 0.38082998991012573 0.7242429852485657
vt 0.3808709979057312 0.9839540123939514
vt 0.3808709979057312 0.991703987121582
vt 0.38088101148605347 0.9631909728050232
vt 0.38088101148605347 0.9759259819984436
vt 0.3814559876918793 0.943988025188446
vt 0.3814690113067627 0.7069129943847656
vt 0.38175299763679504 0.8450430035591125
vt 0.38229900598526 0.5490379929542542
vt 0.3838860094547272 0.886476993560791
vt 0.3838860094547272 0.9139189720153809
vt 0.38396701216697693 0.023382000625133514
vt 0.3847689926624298 0.7850040197372437
vt 0.384876012802124 0.9839540123939514
vt 0.384876012802124 0.9931079745292664
vt 0.38527101278305054 0.7465530037879944
vt 0.38547399640083313 0.6911630034446716
vt 0.38547399640083313 0.7312859892845154
vt 0.3860679864883423 0.6629599928855896
vt 0.3861129879951477 0.8654170036315918
vt 0.3861989974975586 0.9179239869117737
vt 0.3861989974975586 0.9349799752235413
vt 0.3862529993057251 0.9866009950637817
vt 0.3866659998893738 0.8449959754943848
vt 0.38679900765419006 0.9641540050506592
vt 0.38680699467658997 0.7052609920501709
vt 0.38691601157188416 0.9557700157165527
vt 0.3869419991970062 0.6414070129394531
vt 0.3869419991970062 0.6871579885482788
vt 0.3902580142021179 0.9872609972953796
vt 0.39094701409339905 0.6775019764900208
vt 0.39094701409339905 0.693261981010437
vt 0.39094701409339905 0.6994619965553284
vt 0.39094701409339905 0.7461299896240234
vt 0.39094701409339905 0.7711570262908936
vt 0.39094701409339905 0.7871710062026978
vt 0.39094701409339905 0.8345490097999573
vt 0.39094701409339905 0.8470529913902283
vt 0.39094701409339905 0.8694390058517456
vt 0.39094701409339905 0.8960260152816772
vt 0.39094701409339905 0.9094849824905396
vt 0.39094701409339905 0.9220899939537048
vt 0.3919470012187958 0.43734198808670044
vt 0.392084002494812 0.6365950107574463
vt 0.39216798543930054 0.7501360177993774
vt 0.3921760022640228 0.5105429887771606
vt 0.3926500082015991 0.86524897813797
vt 0.3929060101509094 0.6196659803390503
vt 0.39300501346588135 0.9398339986801147
vt 0.39300501346588135 0.9595990180969238
vt 0.39300501346588135 0.9636039733886719
vt 0.39300501346588135 0.9751060009002686
vt 0.3931500017642975 0.9839540123939514
vt 0.3931500017642975 0.9901779890060425
vt 0.3935849964618683 0.6534180045127869
vt 0.39390501379966736 0.658598005771637
vt 0.3949289917945862 0.4348579943180084
vt 0.3949289917945862 0.5450329780578613
vt 0.3949750065803528 0.7250959873199463
vt 0.3955169916152954 0.8011639714241028
vt 0.3959920108318329 0.017883000895380974
vt 0.3966050148010254 0.5509139895439148
vt 0.39678001403808594 0.8385540246963501
vt 0.39697301387786865 0.5539289712905884
vt 0.3970099985599518 0.9398339986801147
vt 0.3970099985599518 0.9570040106773376
vt 0.3970099985599518 0.9610090255737305
vt 0.3970099985599518 0.9726809859275818
vt 0.3971549868583679 0.9902520179748535
vt 0.39737099409103394 0.78780597448349
vt 0.3983849883079529 0.6145529747009277
vt 0.398470014333725 0.9358289837837219
vt 0.3987419903278351 0.9094629883766174
vt 0.398934006690979 0.48923298716545105
vt 0.39979299902915955 0.9839540123939514
vt 0.39979299902915955 0.9902769923210144
vt 0.40116798877716064 0.7243450284004211
vt 0.4012340009212494 0.8566849827766418
vt 0.40208300948143005 0.8814449906349182
vt 0.40223100781440735 0.7417700290679932
vt 0.40255600214004517 0.7070879936218262
vt 0.4027639925479889 0.9715499877929688
vt 0.4029630124568939 0.7164220213890076
vt 0.4031960070133209 0.7969769835472107
vt 0.40379801392555237 0.9865880012512207
vt 0.4038139879703522 0.9000309705734253
vt 0.4038139879703522 0.918084979057312
vt 0.403999000787735 0.9681320190429688
vt 0.40413999557495117 0.7721610069274902
vt 0.404433012008667 0.9220899939537048
vt 0.404433012008667 0.9547320008277893
vt 0.4056429862976074 0.842415988445282
vt 0.4056429862976074 0.8654339909553528
vt 0.4062510132789612 0.9839540123939514
vt 0.4062510132789612 0.9900839924812317
vt 0.40720000863075256 0.8085780143737793
vt 0.4072290062904358 0.718209981918335
vt 0.40884700417518616 0.9151250123977661
vt 0.40884700417518616 0.9357699751853943
vt 0.40884798765182495 0.9512289762496948
vt 0.40884798765182495 0.9613770246505737
vt 0.40884798765182495 0.9722819924354553
vt 0.4095720052719116 0.7928619980812073
vt 0.4101189970970154 0.8472340106964111
vt 0.4101189970970154 0.8810830116271973
vt 0.41023901104927063 0.48703300952911377
vt 0.4102559983730316 0.9898650050163269
vt 0.4109250009059906 0.6954569816589355
vt 0.411516010761261 0.6500009894371033
vt 0.41165998578071594 0.5350769758224487
vt 0.4117499887943268 0.9839540123939514
vt 0.4117499887943268 0.9916920065879822
vt 0.4120739996433258 0.6208009719848633
vt 0.4128499925136566 0.7501360177993774
vt 0.41289499402046204 0.4801639914512634
vt 0.4134269952774048 0.9590319991111755
vt 0.41378599405288696 0.751833975315094
vt 0.4137980043888092 0.8750830292701721
vt 0.41380399465560913 0.43557000160217285
vt 0.4143019914627075 0.7698619961738586
vt 0.4146279990673065 0.9207659959793091
vt 0.4148330092430115 0.5526829957962036
vt 0.4152570068836212 0.586122989654541
vt 0.4154449999332428 0.9662449955940247
vt 0.4157539904117584 0.9839540123939514
vt 0.4157539904117584 0.9901480078697205
vt 0.41594401001930237 0.026850000023841858
vt 0.416034996509552 0.778659999370575
vt 0.4160600006580353 0.7749069929122925
vt 0.4162810146808624 0.6908259987831116
vt 0.41680100560188293 0.7831659913063049
vt 0.41695600748062134 0.8011159896850586
vt 0.41704800724983215 0.5999950170516968
vt 0.4171009957790375 0.9357179999351501
vt 0.41742101311683655 0.9397749900817871
vt 0.41742101311683655 0.9550269842147827
vt 0.41748300194740295 0.5673859715461731
vt 0.41748300194740295 0.6156610250473022
vt 0.4177980124950409 0.8790879845619202
vt 0.4177980124950409 0.9111199975013733
vt 0.4177980124950409 0.9174289703369141
vt 0.4179140031337738 0.7384459972381592
vt 0.4180069863796234 0.9875100255012512
vt 0.41884300112724304 0.7871710062026978
vt 0.41884300112724304 0.8331140279769897
vt 0.41884300112724304 0.8371189832687378
vt 0.41884300112724304 0.8625079989433289
vt 0.4194500148296356 0.9590319991111755
vt 0.42045900225639343 0.6553559899330139
vt 0.4208369851112366 0.430853009223938
vt 0.4211150109767914 0.9719380140304565
vt 0.42146798968315125 0.4348579943180084
vt 0.4214879870414734 0.5768439769744873
vt 0.42201200127601624 0.9880390167236328
vt 0.4223400056362152 0.2973729968070984
vt 0.42236900329589844 0.4840419888496399
vt 0.42236900329589844 0.5340989828109741
vt 0.4224030077457428 0.9590319991111755
vt 0.42324399948120117 0.717739999294281
vt 0.42324399948120117 0.7744500041007996
vt 0.42324399948120117 0.8119620084762573
vt 0.42324399948120117 0.8504589796066284
vt 0.42324399948120117 0.8730999827384949
vt 0.42324399948120117 0.8877509832382202
vt 0.42324399948120117 0.9146440029144287
vt 0.42324399948120117 0.9323769807815552
vt 0.4241040050983429 0.35377201437950134
vt 0.4242439866065979 0.8205710053443909
vt 0.42425400018692017 0.5490379929542542
vt 0.42425400018692017 0.6496400237083435
vt 0.42462998628616333 0.42747101187705994
vt 0.42462998628616333 0.65420001745224
vt 0.42462998628616333 0.6840879917144775
vt 0.42468199133872986 0.9839540123939514
vt 0.42468199133872986 0.9894269704818726
vt 0.42647698521614075 0.9433860182762146
vt 0.42647698521614075 0.9636279940605164
vt 0.4278169870376587 0.9077810049057007
vt 0.42863500118255615 0.42354899644851685
vt 0.42863500118255615 0.5167480111122131
vt 0.42863500118255615 0.6238070130348206
vt 0.4286859929561615 0.9839550256729126
vt 0.4286859929561615 0.9920780062675476
vt 0.4290879964828491 0.8459320068359375
vt 0.42914900183677673 0.6420390009880066
vt 0.42945098876953125 0.5031239986419678
vt 0.42989298701286316 0.9865210056304932
vt 0.4301379919052124 0.4133000075817108
vt 0.43015798926353455 0.8544639945030212
vt 0.43192800879478455 0.6796389818191528
vt 0.4331760108470917 0.5033860206604004
vt 0.43349701166152954 0.9585670232772827
vt 0.43349701166152954 0.9712870121002197
vt 0.433898001909256 0.9889690279960632
vt 0.4339340031147003 0.8885080218315125
vt 0.4339340031147003 0.9106389880180359
vt 0.43398401141166687 0.8710759878158569
vt 0.43398401141166687 0.8837460279464722
vt 0.4341520071029663 0.9217569828033447
vt 0.4341520071029663 0.936381995677948
vt 0.4341520071029663 0.9545620083808899
vt 0.43426600098609924 0.8263760209083557
vt 0.4343459904193878 0.7566750049591064
vt 0.43477898836135864 0.807407021522522
vt 0.43506500124931335 0.9839540123939514
vt 0.43506500124931335 0.9921020269393921
vt 0.43536800146102905 0.6125749945640564
vt 0.4354099929332733 0.7523540258407593
vt 0.43603000044822693 0.7647079825401306
vt 0.4360640048980713 0.690858006477356
vt 0.43659698963165283 0.7236570119857788
vt 0.4369339942932129 0.7180420160293579
vt 0.4381600022315979 0.7634329795837402
vt 0.4381600022315979 0.8079569935798645
vt 0.4382709860801697 0.8157920241355896
vt 0.4382709860801697 0.8949769735336304
vt 0.43833398818969727 0.953823983669281
vt 0.43863800168037415 0.915207028388977
vt 0.4390699863433838 0.9859229922294617
vt 0.43918898701667786 0.976842999458313
vt 0.4399360120296478 0.9089369773864746
vt 0.440201997756958 0.9839540123939514
vt 0.440201997756958 0.9921650290489197
vt 0.4407449960708618 0.6839460134506226
vt 0.4413680136203766 0.674468994140625
vt 0.44216400384902954 0.7566750049591064
vt 0.44216400384902954 0.7977460026741028
vt 0.4429920017719269 0.39851099252700806
vt 0.44371598958969116 0.8119620084762573
vt 0.44371598958969116 0.8674629926681519
vt 0.44377800822257996 0.5369769930839539
vt 0.44420701265335083 0.9839540123939514
vt 0.44420701265335083 0.9926170110702515
vt 0.44451799988746643 0.8714680075645447
vt 0.44451799988746643 0.8985289931297302
vt 0.44451799988746643 0.9129409790039062
vt 0.44451799988746643 0.9394940137863159
vt 0.44451799988746643 0.9434990286827087
vt 0.44451799988746643 0.9620360136032104
vt 0.44451799988746643 0.9660410284996033
vt 0.44451799988746643 0.9779620170593262
vt 0.4446580111980438 0.7915340065956116
vt 0.44475099444389343 0.6183680295944214
vt 0.4447520077228546 0.6887509822845459
vt 0.4447520077228546 0.7526699900627136
vt 0.44481098651885986 0.09646899998188019
vt 0.44505301117897034 0.5495820045471191
vt 0.4450710117816925 0.9862059950828552
vt 0.44743698835372925 0.19451500475406647
vt 0.44754499197006226 0.2759909927845001
vt 0.44762998819351196 0.20426400005817413
vt 0.4479939937591553 0.027171999216079712
vt 0.4482150077819824 0.48659399151802063
vt 0.44838300347328186 0.6275990009307861
vt 0.44875699281692505 0.7267979979515076
vt 0.44875699281692505 0.7327479720115662
vt 0.44875699281692505 0.770687997341156
vt 0.44875699281692505 0.8071079850196838
vt 0.44875699281692505 0.8124510049819946
vt 0.44875699281692505 0.823432981967926
vt 0.44875699281692505 0.8469650149345398
vt 0.44875699281692505 0.8957080245018005
vt 0.44875699281692505 0.9119349718093872
vt 0.44875699281692505 0.9320229887962341
vt 0.44875699281692505 0.9511529803276062
vt 0.44875699281692505 0.955157995223999
vt 0.44875699281692505 0.970229983329773
vt 0.44907501339912415 0.9839540123939514
vt 0.4491940140724182 0.6443179845809937
vt 0.45024698972702026 0.018487999215722084
vt 0.4502680003643036 0.6074870228767395
vt 0.45034000277519226 0.9415379762649536
vt 0.4504680037498474 0.4050399959087372
vt 0.4508329927921295 0.5009710192680359
vt 0.45098501443862915 0.9878849983215332
vt 0.45114800333976746 0.5409290194511414
vt 0.45184800028800964 0.8758519887924194
vt 0.45237401127815247 0.5558689832687378
vt 0.4526430070400238 0.6314600110054016
vt 0.45270800590515137 0.9839540123939514
vt 0.45297399163246155 0.6765760183334351
vt 0.4536280035972595 0.7781339883804321
vt 0.4540790021419525 0.7677519917488098
vt 0.45427700877189636 0.7737540006637573
vt 0.45479199290275574 0.19876399636268616
vt 0.4548250138759613 0.028988000005483627
vt 0.45483800768852234 0.963238000869751
vt 0.454910010099411 0.5502169728279114
vt 0.4550279974937439 0.7683280110359192
vt 0.45524299144744873 0.28464001417160034
vt 0.45669201016426086 0.7124840021133423
vt 0.4567129909992218 0.9839540123939514
vt 0.4567129909992218 0.9908159971237183
vt 0.45680201053619385 0.021020999178290367
vt 0.4569770097732544 0.9399759769439697
vt 0.4570010006427765 0.009358000010251999
vt 0.45716598629951477 0.8194180130958557
vt 0.457192987203598 0.0020020001102238894
vt 0.45785799622535706 0.6097840070724487
vt 0.45785799622535706 0.6840879917144775
vt 0.4581190049648285 0.989342987537384
vt 0.45823898911476135 0.842960000038147
vt 0.45872798562049866 0.8111129999160767
vt 0.4588429927825928 0.9680730104446411
vt 0.4589259922504425 0.8798570036888123
vt 0.4589259922504425 0.9052749872207642
vt 0.45900899171829224 0.768589973449707
vt 0.45910000801086426 0.955157995223999
vt 0.4599579870700836 0.909280002117157
vt 0.4599579870700836 0.9280179738998413
vt 0.46032100915908813 0.8469650149345398
vt 0.46119800209999084 0.12409999966621399
vt 0.46119800209999084 0.23953799903392792
vt 0.46119800209999084 0.25908198952674866
vt 0.46119800209999084 0.27594900131225586
vt 0.4614750146865845 0.7592290043830872
vt 0.46147599816322327 0.2512660026550293
vt 0.4616509974002838 0.41576799750328064
vt 0.4618630111217499 0.6158850193023682
vt 0.46205300092697144 0.45095598697662354
vt 0.4620960056781769 0.9558299779891968
vt 0.4620960056781769 0.9731220006942749
vt 0.4621239900588989 0.9873250126838684
vt 0.46218499541282654 0.1568170040845871
vt 0.46253499388694763 0.7777590155601501
vt 0.46259400248527527 0.6887509822845459
vt 0.4630739986896515 0.05674000084400177
vt 0.4631919860839844 0.8183730244636536
vt 0.4632999897003174 0.4308120012283325
vt 0.46342799067497253 0.26454100012779236
vt 0.46355000138282776 0.9839540123939514
vt 0.46355000138282776 0.9905009865760803
vt 0.4636940062046051 0.7387650012969971
vt 0.4641759991645813 0.2911840081214905
vt 0.46435099840164185 0.6810179948806763
vt 0.46577298641204834 0.7573909759521484
vt 0.4660939872264862 0.648464024066925
vt 0.4662800133228302 0.9207919836044312
vt 0.4662800133228302 0.9407650232315063
vt 0.4662800133228302 0.9510329961776733
vt 0.4662800133228302 0.9614089727401733
vt 0.4662800133228302 0.9728040099143982
vt 0.4669550061225891 0.15203100442886353
vt 0.46717798709869385 0.8971800208091736
vt 0.4671970009803772 0.8111129999160767
vt 0.4671970009803772 0.8755480051040649
vt 0.4675549864768982 0.9839540123939514
vt 0.4675549864768982 0.9901660084724426
vt 0.46763700246810913 0.8592349886894226
vt 0.4687870144844055 0.7287430167198181
vt 0.46882501244544983 0.7632539868354797
vt 0.46885401010513306 0.5031690001487732
vt 0.46903398633003235 0.988306999206543
vt 0.4690510034561157 0.7883830070495605
vt 0.4690900146961212 0.5008559823036194
vt 0.46911299228668213 0.2183859944343567
vt 0.4692229926586151 0.3998880088329315
vt 0.46946901082992554 0.6074870228767395
vt 0.46962499618530273 0.10577599704265594
vt 0.4700689911842346 0.4128049910068512
vt 0.4702560007572174 0.28193199634552
vt 0.47105899453163147 0.04679900035262108
vt 0.4712670147418976 0.22931300103664398
vt 0.4712899923324585 0.8071079850196838
vt 0.47143200039863586 0.8931750059127808
vt 0.4725089967250824 0.6847460269927979
vt 0.47303900122642517 0.9839540123939514
vt 0.47303900122642517 0.9886339902877808
vt 0.4733540117740631 0.9721329808235168
vt 0.47391998767852783 0.2683440148830414
vt 0.4747309982776642 0.40490201115608215
vt 0.47488000988960266 0.924796998500824
vt 0.4749149978160858 0.8552299737930298
vt 0.4750320017337799 0.7492250204086304
vt 0.4752750098705292 0.19680100679397583
vt 0.4752950072288513 0.7819690108299255
vt 0.47533801198005676 0.9866830110549927
vt 0.47585099935531616 0.8626360297203064
vt 0.47585099935531616 0.8782899975776672
vt 0.47585099935531616 0.9207919836044312
vt 0.4758790135383606 0.4442499876022339
vt 0.4759809970855713 0.9447699785232544
vt 0.4759809970855713 0.9574040174484253
vt 0.4760259985923767 0.8111129999160767
vt 0.4768959879875183 0.27820101380348206
vt 0.4773919880390167 0.9407650232315063
vt 0.4776630103588104 0.6663100123405457
vt 0.4776720106601715 0.7777590155601501
vt 0.4776720106601715 0.7964249849319458
vt 0.47853100299835205 0.18395499885082245
vt 0.47867000102996826 0.2902989983558655
vt 0.47903698682785034 0.7327479720115662
vt 0.47903698682785034 0.7519029974937439
vt 0.4791100025177002 0.03217799961566925
vt 0.4791570007801056 0.20660999417304993
vt 0.4793429970741272 0.9839540123939514
vt 0.4793429970741272 0.9898880124092102
vt 0.4795190095901489 0.7191259860992432
vt 0.479638010263443 0.6587769985198975
vt 0.480118989944458 0.6475890278816223
vt 0.4805710017681122 0.546875
vt 0.4806160032749176 0.19569100439548492
vt 0.4806869924068451 0.9870219826698303
vt 0.48086899518966675 0.681617021560669
vt 0.4809350073337555 0.628305971622467
vt 0.481020987033844 0.08920600265264511
vt 0.48151201009750366 0.5552700161933899
vt 0.4818280041217804 0.7710149884223938
vt 0.4818280041217804 0.7926819920539856
vt 0.4818280041217804 0.8388280272483826
vt 0.4818280041217804 0.8729140162467957
vt 0.4818280041217804 0.9008640050888062
vt 0.4818280041217804 0.9111199975013733
vt 0.4818280041217804 0.9326840043067932
vt 0.4818280041217804 0.936689019203186
vt 0.4818280041217804 0.9539009928703308
vt 0.4818280041217804 0.9692080020904541
vt 0.4819509983062744 0.9485200047492981
vt 0.48227301239967346 0.5014240145683289
vt 0.48267099261283875 0.6887509822845459
vt 0.48338401317596436 0.6547690033912659
vt 0.483597993850708 0.602167010307312
vt 0.4838719964027405 0.9385120272636414
vt 0.4846329987049103 0.42740899324417114
vt 0.4846920073032379 0.9864869713783264
vt 0.48552098870277405 0.06902600079774857
vt 0.48559099435806274 0.4481799900531769
vt 0.48617300391197205 0.6173220276832581
vt 0.48649701476097107 0.26454100012779236
vt 0.486860990524292 0.6088560223579407
vt 0.486860990524292 0.6679859757423401
vt 0.486860990524292 0.7285439968109131
vt 0.4871540069580078 0.764968991279602
vt 0.487295001745224 0.9839540123939514
vt 0.487295001745224 0.9878469705581665
vt 0.4875029921531677 0.15725700557231903
vt 0.48785001039505005 0.745028018951416
vt 0.4879550039768219 0.9628530144691467
vt 0.4883730113506317 0.04276600107550621
vt 0.489421010017395 0.5014870166778564
vt 0.4897890090942383 0.949895977973938
vt 0.4899289906024933 0.48341599106788635
vt 0.4903219938278198 0.7736819982528687
vt 0.4903450012207031 0.5505149960517883
vt 0.4905019998550415 0.26454100012779236
vt 0.4905019998550415 0.28483301401138306
vt 0.49089398980140686 0.9172170162200928
vt 0.49096399545669556 0.8816360235214233
vt 0.49129998683929443 0.9880859851837158
vt 0.49132800102233887 0.49692100286483765
vt 0.49132800102233887 0.6034820079803467
vt 0.49166399240493774 0.8428329825401306
vt 0.49166399240493774 0.8776310086250305
vt 0.49171701073646545 0.4317229986190796
vt 0.49193599820137024 0.8936449885368347
vt 0.49193599820137024 0.9071149826049805
vt 0.49200600385665894 0.6563490033149719
vt 0.49200600385665894 0.7438629865646362
vt 0.49201700091362 0.7987970113754272
vt 0.4920809864997864 0.4012739956378937
vt 0.49216601252555847 0.9724329710006714
vt 0.49260300397872925 0.936689019203186
vt 0.4931820034980774 0.9839540123939514
vt 0.4931820034980774 0.9886239767074585
vt 0.49343401193618774 0.4173769950866699
vt 0.49411100149154663 0.23006999492645264
vt 0.49478399753570557 0.46150898933410645
vt 0.4949840009212494 0.7688159942626953
vt 0.4950230121612549 0.4794110059738159
vt 0.49526500701904297 0.15683099627494812
vt 0.4953329861164093 0.48575401306152344
vt 0.4953329861164093 0.6523439884185791
vt 0.49552199244499207 0.12488800287246704
vt 0.4958850145339966 0.44539201259613037
vt 0.4959869980812073 0.9544939994812012
vt 0.4959869980812073 0.9734640121459961
vt 0.49602198600769043 0.8097400069236755
vt 0.49602198600769043 0.8422809839248657
vt 0.49602198600769043 0.8705530166625977
vt 0.49602198600769043 0.8835200071334839
vt 0.4961419999599457 0.8968639969825745
vt 0.4963040053844452 0.20090900361537933
vt 0.49637800455093384 0.25085198879241943
vt 0.4966599941253662 0.4138999879360199
vt 0.4970859885215759 0.0866369977593422
vt 0.4971869885921478 0.9839540123939514
vt 0.4971869885921478 0.9880239963531494
vt 0.4974200129508972 0.5966089963912964
vt 0.49766701459884644 0.679053008556366
vt 0.49814701080322266 0.03651199862360954
vt 0.49816200137138367 0.1643570065498352
vt 0.4985570013523102 0.9866930246353149
vt 0.49884501099586487 0.07756700366735458
vt 0.49894899129867554 0.45366600155830383
vt 0.4990209937095642 0.9432070255279541
vt 0.49919000267982483 0.6947169899940491
vt 0.49935799837112427 0.9051960110664368
vt 0.49935799837112427 0.9294899702072144
vt 0.4993650019168854 0.72468101978302
vt 0.49941200017929077 0.8744379878044128
vt 0.49961501359939575 0.7026810050010681
vt 0.4999080002307892 0.06820999830961227
vt 0.4999920129776001 0.9544939994812012
vt 0.4999920129776001 0.9667249917984009
vt 0.500665009021759 0.21785899996757507
vt 0.5006939768791199 0.5581079721450806
vt 0.5007370114326477 0.1535930037498474
vt 0.5008419752120972 0.8294649720191956
vt 0.5009819865226746 0.4655109941959381
vt 0.5010300278663635 0.25214099884033203
vt 0.5011129975318909 0.7522739768028259
vt 0.5016030073165894 0.23282299935817719
vt 0.5017030239105225 0.5460469722747803
vt 0.5017859935760498 0.09141000360250473
vt 0.5019059777259827 0.01636900007724762
vt 0.5019969940185547 0.6497290134429932
vt 0.5020020008087158 0.9566010236740112
vt 0.5025619864463806 0.9839540123939514
vt 0.5025619864463806 0.9881680011749268
vt 0.502606987953186 0.29721799492836
vt 0.5026810169219971 0.48341599106788635
vt 0.5029100179672241 0.3054389953613281
vt 0.5031049847602844 0.6794530153274536
vt 0.5033779740333557 0.5598440170288086
vt 0.5038350224494934 0.9862890243530273
vt 0.5040019750595093 0.4270409941673279
vt 0.504177987575531 0.4588330090045929
vt 0.5043669939041138 0.4281170070171356
vt 0.5043960213661194 0.45026999711990356
vt 0.5048120021820068 0.05535700172185898
vt 0.5050410032272339 0.1060749962925911
vt 0.5052909851074219 0.434251993894577
vt 0.5053380131721497 0.7234439849853516
vt 0.505715012550354 0.5469989776611328
vt 0.506085991859436 0.15901200473308563
vt 0.5061389803886414 0.5514709949493408
vt 0.5061579942703247 0.6990330219268799
vt 0.5063210129737854 0.7926819920539856
vt 0.5063210129737854 0.8382760286331177
vt 0.5063620209693909 0.46411100029945374
vt 0.5064510107040405 0.8882079720497131
vt 0.5066180229187012 0.5831400156021118
vt 0.5069119930267334 0.8563609719276428
vt 0.5073270201683044 0.6355100274085999
vt 0.5073270201683044 0.7106289863586426
vt 0.5073270201683044 0.7562789916992188
vt 0.5073270201683044 0.7886769771575928
vt 0.5075230002403259 0.4408619999885559
vt 0.5075700283050537 0.47043201327323914
vt 0.507839024066925 0.9847279787063599
vt 0.5079740285873413 0.8784430027008057
vt 0.5079740285873413 0.901190996170044
vt 0.5079740285873413 0.9130560159683228
vt 0.5079740285873413 0.9334949851036072
vt 0.5079740285873413 0.9504889845848083
vt 0.5079740285873413 0.9548720121383667
vt 0.5079839825630188 0.2969970107078552
vt 0.5087190270423889 0.3160499930381775
vt 0.5087190270423889 0.4235529899597168
vt 0.5089600086212158 0.9839540123939514
vt 0.5089600086212158 0.9875550270080566
vt 0.5092939734458923 0.26503700017929077
vt 0.511709988117218 0.02690199948847294
vt 0.5120880007743835 0.13185599446296692
vt 0.5122799873352051 0.854216992855072
vt 0.5122799873352051 0.8810759782791138
vt 0.5122799873352051 0.8879899978637695
vt 0.5122799873352051 0.919713020324707
vt 0.5122799873352051 0.9343209862709045
vt 0.5122799873352051 0.9408599734306335
vt 0.5122799873352051 0.9566299915313721
vt 0.512723982334137 0.41610899567604065
vt 0.512723982334137 0.5283160209655762
vt 0.512723982334137 0.6402350068092346
vt 0.512723982334137 0.7204200029373169
vt 0.512723982334137 0.7405200004577637
vt 0.512723982334137 0.7762309908866882
vt 0.512723982334137 0.8102239966392517
vt 0.512723982334137 0.8142290115356445
vt 0.512723982334137 0.8502119779586792
vt 0.5127500295639038 0.07438399642705917
vt 0.5130090117454529 0.19723500311374664
vt 0.5140429735183716 0.2074739933013916
vt 0.5145919919013977 0.9696789979934692
vt 0.5152390003204346 0.7608889937400818
vt 0.5152900218963623 0.2912139892578125
vt 0.5154240131378174 0.6320139765739441
vt 0.5158870220184326 0.09292200207710266
vt 0.5160830020904541 0.7505530118942261
vt 0.5163189768791199 0.18959300220012665
vt 0.5166460275650024 0.10785199701786041
vt 0.5172539949417114 0.9497979879379272
vt 0.5175340175628662 0.19852100312709808
vt 0.517553985118866 0.9299399852752686
vt 0.5177419781684875 0.9474740028381348
vt 0.5187900066375732 0.009614000096917152
vt 0.5192490220069885 0.9703959822654724
vt 0.5192949771881104 0.271573007106781
vt 0.5195130109786987 0.9157080054283142
vt 0.5197200179100037 0.516198992729187
vt 0.5197880268096924 0.07642699778079987
vt 0.5198130011558533 0.8850809931755066
vt 0.5198130011558533 0.8943189978599548
vt 0.5198330283164978 0.22660399973392487
vt 0.5198439955711365 0.5300809741020203
vt 0.5200480222702026 0.6331539750099182
vt 0.520251989364624 0.26454100012779236
vt 0.5202760100364685 0.9525039792060852
vt 0.5202760100364685 0.9606360197067261
vt 0.5202760100364685 0.9745680093765259
vt 0.5210729837417603 0.02013299986720085
vt 0.5212649703025818 0.751891016960144
vt 0.5212900042533875 0.9252669811248779
vt 0.5215479731559753 0.6743839979171753
vt 0.5217469930648804 0.5283470153808594
vt 0.522346019744873 0.8713930249214172
vt 0.5224310159683228 0.017869999632239342
vt 0.5226560235023499 0.7922329902648926
vt 0.523061990737915 0.9368550181388855
vt 0.5232020020484924 0.39294201135635376
vt 0.5233790278434753 0.2969970107078552
vt 0.5235570073127747 0.22510799765586853
vt 0.5242900252342224 0.8587139844894409
vt 0.5242909789085388 0.8392530083656311
vt 0.5248669981956482 0.31904199719429016
vt 0.5250130295753479 0.008787999860942364
vt 0.5256670117378235 0.07853300124406815
vt 0.5257880091667175 0.2921540141105652
vt 0.526498019695282 0.0655750036239624
vt 0.526544988155365 0.3488529920578003
vt 0.5269050002098083 0.7830610275268555
vt 0.5273860096931458 0.720770001411438
vt 0.5278390049934387 0.331155002117157
vt 0.5282949805259705 0.8142290115356445
vt 0.5282949805259705 0.8550930023193359
vt 0.5282949805259705 0.871828019618988
vt 0.5282949805259705 0.8919309973716736
vt 0.5282949805259705 0.915805995464325
vt 0.5282949805259705 0.9198110103607178
vt 0.5282949805259705 0.9339619874954224
vt 0.5282949805259705 0.9422109723091125
vt 0.5282949805259705 0.9590510129928589
vt 0.5282949805259705 0.9746729731559753
vt 0.5285969972610474 0.5006769895553589
vt 0.5295860171318054 0.6663709878921509
vt 0.5300160050392151 0.9550459980964661
vt 0.5306059718132019 0.31004199385643005
vt 0.5313540101051331 0.04252700135111809
vt 0.5313550233840942 0.6745730042457581
vt 0.5318480134010315 0.25143301486968994
vt 0.5319219827651978 0.5268329977989197
vt 0.5320519804954529 0.7617639899253845
vt 0.5320600271224976 0.32866498827934265
vt 0.5325629711151123 0.5163959860801697
vt 0.5327950119972229 0.09515000134706497
vt 0.5334060192108154 0.40602201223373413
vt 0.5335389971733093 0.8187980055809021
vt 0.5335999727249146 0.9699370265007019
vt 0.5338580012321472 0.757893979549408
vt 0.5344759821891785 0.780236005783081
vt 0.5344759821891785 0.8076990246772766
vt 0.5345649719238281 0.2437790036201477
vt 0.5346490144729614 0.2691180109977722
vt 0.5346490144729614 0.28637999296188354
vt 0.5349230170249939 0.3622870147228241
vt 0.534965991973877 0.26053598523139954
vt 0.5357149839401245 0.07755599915981293
vt 0.5357270240783691 0.6849370002746582
vt 0.5357270240783691 0.7365149855613708
vt 0.5358390212059021 0.7708830237388611
vt 0.5360050201416016 0.9379670023918152
vt 0.5360050201416016 0.9520859718322754
vt 0.5376049876213074 0.9613710045814514
vt 0.5376200079917908 0.41021499037742615
vt 0.5376290082931519 0.03288000077009201
vt 0.5378069877624512 0.8551120162010193
vt 0.537837028503418 0.8753139972686768
vt 0.5378590226173401 0.3543980121612549
vt 0.5379400253295898 0.40080198645591736
vt 0.5380280017852783 0.8213949799537659
vt 0.5380330085754395 0.8967339992523193
vt 0.5384809970855713 0.7824349999427795
vt 0.5389710068702698 0.14415499567985535
vt 0.539014995098114 0.35582101345062256
vt 0.5390459895133972 0.8591169714927673
vt 0.5390459895133972 0.8879259824752808
vt 0.5390509963035583 0.13647300004959106
vt 0.5397319793701172 0.6765300035476685
vt 0.5397319793701172 0.7010570168495178
vt 0.5397319793701172 0.7050619721412659
vt 0.5397319793701172 0.7360619902610779
vt 0.5407900214195251 0.7477390170097351
vt 0.5411630272865295 0.5082470178604126
vt 0.541566014289856 0.9257130026817322
vt 0.5417010188102722 0.3657970130443573
vt 0.5420849919319153 0.8133280277252197
vt 0.5420849919319153 0.8293650150299072
vt 0.5422359704971313 0.010456000454723835
vt 0.5423280000686646 0.3858160078525543
vt 0.5425670146942139 0.15504400432109833
vt 0.5425779819488525 0.40233999490737915
vt 0.5428310036659241 0.9590510129928589
vt 0.5428310036659241 0.9748370051383972
vt 0.5429239869117737 0.1619279980659485
vt 0.5432810187339783 0.724461019039154
vt 0.5438690185546875 0.780236005783081
vt 0.5438690185546875 0.8093240261077881
vt 0.5438690185546875 0.819582998752594
vt 0.5440999865531921 0.6663709878921509
vt 0.544622004032135 0.49754300713539124
vt 0.5447490215301514 0.48174700140953064
vt 0.5448709726333618 0.6409940123558044
vt 0.5454980134963989 0.06798800081014633
vt 0.5455129742622375 0.02887599915266037
vt 0.545989990234375 0.9330940246582031
vt 0.545989990234375 0.9476550221443176
vt 0.546330988407135 0.10871099680662155
vt 0.5466399788856506 0.6330680251121521
vt 0.5467320084571838 0.40550699830055237
vt 0.547249972820282 0.9626200199127197
vt 0.547249972820282 0.9676820039749146
vt 0.547249972820282 0.9791290163993835
vt 0.5473200082778931 0.8670579791069031
vt 0.5473200082778931 0.8710629940032959
vt 0.5473200082778931 0.9014049768447876
vt 0.5473799705505371 0.40071600675582886
vt 0.5474290251731873 0.9224339723587036
vt 0.547569990158081 0.04402799904346466
vt 0.5476469993591309 0.07929699867963791
vt 0.5478770136833191 0.7108970284461975
vt 0.5478770136833191 0.7582119703292847
vt 0.5478770136833191 0.7738609910011292
vt 0.5478770136833191 0.795287013053894
vt 0.5478770136833191 0.8262540102005005
vt 0.5478799939155579 0.5841429829597473
vt 0.5479480028152466 0.025906000286340714
vt 0.5479679703712463 0.1734980046749115
vt 0.5480390191078186 0.4285599887371063
vt 0.54864501953125 0.6738470196723938
vt 0.5490930080413818 0.47475099563598633
vt 0.549235999584198 0.1278509944677353
vt 0.5494629740715027 0.007280999794602394
vt 0.5502840280532837 0.6445720195770264
vt 0.5503919720649719 0.877581000328064
vt 0.5504090189933777 0.6946499943733215
vt 0.5504699945449829 0.6001219749450684
vt 0.5504699945449829 0.6623659729957581
vt 0.5505350232124329 0.16243299841880798
vt 0.550586998462677 0.842166006565094
vt 0.5516070127487183 0.039806999266147614
vt 0.5516340136528015 0.9726750254631042
vt 0.5521119832992554 0.9460099935531616
vt 0.5523899793624878 0.49013400077819824
vt 0.5535839796066284 0.7622169852256775
vt 0.5544750094413757 0.6001219749450684
vt 0.5544750094413757 0.6928719878196716
vt 0.5546540021896362 0.9013059735298157
vt 0.5552889704704285 0.8001120090484619
vt 0.5553100109100342 0.8590279817581177
vt 0.5553209781646729 0.10911200195550919
vt 0.5553969740867615 0.7248730063438416
vt 0.5562189817428589 0.5889670252799988
vt 0.5562919974327087 0.5814560055732727
vt 0.5562949776649475 0.4280720055103302
vt 0.5565630197525024 0.8719519972801208
vt 0.5565630197525024 0.9054099917411804
vt 0.5565630197525024 0.928309977054596
vt 0.5565630197525024 0.9323149919509888
vt 0.5565630197525024 0.9516599774360657
vt 0.5565630197525024 0.9636769890785217
vt 0.5572389960289001 0.4251079857349396
vt 0.5573300123214722 0.7842730283737183
vt 0.5579400062561035 0.0020020001102238894
vt 0.5579400062561035 0.12723200023174286
vt 0.5594549775123596 0.725678026676178
vt 0.5604109764099121 0.8397579789161682
vt 0.5605679750442505 0.8747259974479675
vt 0.5605679750442505 0.9207199811935425
vt 0.5606639981269836 0.7017890214920044
vt 0.5610160231590271 0.9442489743232727
vt 0.5610160231590271 0.9542980194091797
vt 0.5610160231590271 0.9656310081481934
vt 0.5610399842262268 0.468531996011734
vt 0.5611249804496765 0.7992920279502869
vt 0.5611249804496765 0.8357530236244202
vt 0.5611249804496765 0.8670579791069031
vt 0.5617330074310303 0.6269009709358215
vt 0.5619450211524963 0.0082590002566576
vt 0.5619450211524963 0.11835499852895737
vt 0.5635160207748413 0.7117270231246948
vt 0.5651299953460693 0.8214790225028992
vt 0.5651379823684692 0.8664889931678772
vt 0.5653939843177795 0.6669629812240601
vt 0.5657039880752563 0.3790310025215149
vt 0.5664839744567871 0.4645270109176636
vt 0.5665010213851929 0.48752298951148987
vt 0.5666329860687256 0.5015919804573059
vt 0.5668990015983582 0.7707319855690002
vt 0.5670099854469299 0.8504589796066284
vt 0.5671899914741516 0.38775599002838135
vt 0.5672249794006348 0.6467610001564026
vt 0.5673249959945679 0.07626199722290039
vt 0.5675359964370728 0.6748729944229126
vt 0.5682229995727539 0.11590000241994858
vt 0.5682380199432373 0.08127500116825104
vt 0.5684210062026978 0.16201700270175934
vt 0.5684300065040588 0.43038100004196167
vt 0.5684630274772644 0.061204999685287476
vt 0.5685709714889526 0.09371999651193619
vt 0.5686219930648804 0.07300599664449692
vt 0.5687440037727356 0.5850690007209778
vt 0.5691069960594177 0.7259759902954102
vt 0.569159984588623 0.7992920279502869
vt 0.5692330002784729 0.9023810029029846
vt 0.5692330002784729 0.9269480109214783
vt 0.5692330002784729 0.9309530258178711
vt 0.5692330002784729 0.9502930045127869
vt 0.569379985332489 0.04975700005888939
vt 0.5696499943733215 0.7825530171394348
vt 0.5697190165519714 0.9616789817810059
vt 0.5697360038757324 0.8332039713859558
vt 0.5701379776000977 0.6361899971961975
vt 0.5705320239067078 0.8580610156059265
vt 0.570734977722168 0.07654199749231339
vt 0.5710909962654114 0.8710629940032959
vt 0.5710909962654114 0.8983759880065918
vt 0.5714750289916992 0.6521639823913574
vt 0.5714750289916992 0.7057939767837524
vt 0.5715640187263489 0.8113430142402649
vt 0.5715640187263489 0.8540560007095337
vt 0.5715640187263489 0.8664889931678772
vt 0.5717859864234924 0.47808098793029785
vt 0.5717859864234924 0.5961170196533203
vt 0.5724449753761292 0.3904770016670227
vt 0.5724449753761292 0.46208301186561584
vt 0.5725569725036621 0.022563999518752098
vt 0.5731920003890991 0.05264899879693985
vt 0.573632001876831 0.03697500005364418
vt 0.574258029460907 0.12335699796676636
vt 0.5744450092315674 0.9222390055656433
vt 0.5744450092315674 0.9383500218391418
vt 0.5744450092315674 0.9594299793243408
vt 0.5745530128479004 0.9553239941596985
vt 0.5752609968185425 0.15808500349521637
vt 0.57566899061203 0.9099389910697937
vt 0.5757910013198853 0.48392999172210693
vt 0.5757910013198853 0.5711269974708557
vt 0.5757910013198853 0.583063006401062
vt 0.5757910013198853 0.6684399843215942
vt 0.5757910013198853 0.6962519884109497
vt 0.5757910013198853 0.7367969751358032
vt 0.5757910013198853 0.7795199751853943
vt 0.5757910013198853 0.8165590167045593
vt 0.5757910013198853 0.8359739780426025
vt 0.5757910013198853 0.8652009963989258
vt 0.5757910013198853 0.903331995010376
vt 0.576449990272522 0.30114200711250305
vt 0.576449990272522 0.39316800236701965
vt 0.576449990272522 0.4037399888038635
vt 0.576449990272522 0.42673999071121216
vt 0.5767490267753601 0.4584270119667053
vt 0.5769969820976257 0.18077300488948822
vt 0.5772110223770142 0.9730269908905029
vt 0.5780749917030334 0.28308001160621643
vt 0.5785290002822876 0.6812469959259033
vt 0.579101026058197 0.7894660234451294
vt 0.5793259739875793 0.009358000010251999
vt 0.5794140100479126 0.8563349843025208
vt 0.5797150135040283 0.026832999661564827
vt 0.5797680020332336 0.8600080013275146
vt 0.5803250074386597 0.8690379858016968
vt 0.5807620286941528 0.9594299793243408
vt 0.5811700224876404 0.9348859786987305
vt 0.5811700224876404 0.9554240107536316
vt 0.58126300573349 0.2969970107078552
vt 0.5815650224685669 0.8172529935836792
vt 0.5816500186920166 0.16018599271774292
vt 0.5816540122032166 0.2792550027370453
vt 0.5835189819335938 0.7072070240974426
vt 0.5837259888648987 0.7643200159072876
vt 0.5837579965591431 0.018578000366687775
vt 0.5837939977645874 0.42881301045417786
vt 0.5839070081710815 0.6274539828300476
vt 0.5839260220527649 0.8730430006980896
vt 0.5839260220527649 0.9059339761734009
vt 0.5839260220527649 0.917343020439148
vt 0.5839260220527649 0.9308819770812988
vt 0.5841689705848694 0.736702024936676
vt 0.5845590233802795 0.5784559845924377
vt 0.5852749943733215 0.6724449992179871
vt 0.5853350162506104 0.826125979423523
vt 0.585623025894165 0.9631789922714233
vt 0.585623025894165 0.9762830138206482
vt 0.5856810212135315 0.7840620279312134
vt 0.5863140225410461 0.45453500747680664
vt 0.5868600010871887 0.7406989932060242
vt 0.5871170163154602 0.8618580102920532
vt 0.5871260166168213 0.6795669794082642
vt 0.5875719785690308 0.5306000113487244
vt 0.5877659916877747 0.8319699764251709
vt 0.5878469944000244 0.7880669832229614
vt 0.5878469944000244 0.818336009979248
vt 0.5879909992218018 0.41180700063705444
vt 0.5885019898414612 0.4822860062122345
vt 0.5889739990234375 0.28671398758888245
vt 0.5892639756202698 0.5709450244903564
vt 0.5895100235939026 0.3857170045375824
vt 0.5904219746589661 0.27909600734710693
vt 0.5909039974212646 0.6791759729385376
vt 0.5910199880599976 0.9724779725074768
vt 0.5911419987678528 0.7253890037536621
vt 0.5913910269737244 0.9413970112800598
vt 0.5913910269737244 0.9565500020980835
vt 0.5918520092964172 0.7913650274276733
vt 0.5918840169906616 0.3997350037097931
vt 0.5919179916381836 0.7397440075874329
vt 0.5921970009803772 0.8095899820327759
vt 0.5921970009803772 0.8372099995613098
vt 0.5921970009803772 0.8412150144577026
vt 0.5921970009803772 0.8763369917869568
vt 0.5921970009803772 0.8803420066833496
vt 0.5921970009803772 0.9006119966506958
vt 0.5921970009803772 0.9094579815864563
vt 0.5921970009803772 0.9234150052070618
vt 0.592519998550415 0.6755920052528381
vt 0.5930770039558411 0.6324999928474426
vt 0.593375027179718 0.44547000527381897
vt 0.5937910079956055 0.9323509931564331
vt 0.5939109921455383 0.7660019993782043
vt 0.5941050052642822 0.68886798620224
vt 0.594277024269104 0.6033999919891357
vt 0.5950250029563904 0.9631789922714233
vt 0.5950250029563904 0.9767940044403076
vt 0.5951930284500122 0.8599299788475037
vt 0.5955659747123718 0.6805089712142944
vt 0.5964229702949524 0.8247339725494385
vt 0.5965229868888855 0.14929400384426117
vt 0.596684992313385 0.4273020029067993
vt 0.5974519848823547 0.5972480177879333
vt 0.5974689722061157 0.9132159948348999
vt 0.5975250005722046 0.7880669832229614
vt 0.5975250005722046 0.8049749732017517
vt 0.5976380109786987 0.7493330240249634
vt 0.5987970232963562 0.3645560145378113
vt 0.599232017993927 0.01703299954533577
vt 0.5995460152626038 0.14351999759674072
vt 0.5997089743614197 0.13185599446296692
vt 0.5997089743614197 0.16051200032234192
vt 0.5999169945716858 0.010339999571442604
vt 0.600039005279541 0.678600013256073
vt 0.6001600027084351 0.468531996011734
vt 0.6002079844474792 0.9454990029335022
vt 0.6002079844474792 0.9591739773750305
vt 0.6002079844474792 0.9684579968452454
vt 0.600633978843689 0.9100850224494934
vt 0.6012009978294373 0.028510000556707382
vt 0.6013039946556091 0.573498010635376
vt 0.6014900207519531 0.6978899836540222
vt 0.6014900207519531 0.7326970100402832
vt 0.6016430258750916 0.7788389921188354
vt 0.6018189787864685 0.9180610179901123
vt 0.602258026599884 0.8483489751815796
vt 0.6037139892578125 0.14735600352287292
vt 0.6037139892578125 0.252903014421463
vt 0.6037139892578125 0.29068100452423096
vt 0.603875994682312 0.9046170115470886
vt 0.603875994682312 0.9274190068244934
vt 0.603875994682312 0.9414939880371094
vt 0.6050879955291748 0.26160499453544617
vt 0.6052579879760742 0.8289260268211365
vt 0.6053659915924072 0.881426990032196
vt 0.6054139733314514 0.780314028263092
vt 0.6054949760437012 0.6724449992179871
vt 0.6054949760437012 0.7235479950904846
vt 0.606020987033844 0.4407210052013397
vt 0.6062629818916321 0.8412150144577026
vt 0.6062629818916321 0.8600190281867981
vt 0.6065040230751038 0.016795000061392784
vt 0.606552004814148 0.36852601170539856
vt 0.606673002243042 0.15129099786281586
vt 0.6066790223121643 0.5921199917793274
vt 0.607122004032135 0.009925000369548798
vt 0.6082630157470703 0.34672999382019043
vt 0.6083469986915588 0.0020020001102238894
vt 0.6086879968643188 0.9470080137252808
vt 0.6086879968643188 0.9734600186347961
vt 0.608705997467041 0.6016209721565247
vt 0.6090660095214844 0.4193379878997803
vt 0.6092259883880615 0.6972730159759521
vt 0.6093959808349609 0.736702024936676
vt 0.6093959808349609 0.8055850267410278
vt 0.6093959808349609 0.8177970051765442
vt 0.6096180081367493 0.8853700160980225
vt 0.6096180081367493 0.8893749713897705
vt 0.6096180081367493 0.9125310182571411
vt 0.6096180081367493 0.9360269904136658
vt 0.6096429824829102 0.42996400594711304
vt 0.6098979711532593 0.8468570113182068
vt 0.6102160215377808 0.9549760222434998
vt 0.6103649735450745 0.9612150192260742
vt 0.6118819713592529 0.33430999517440796
vt 0.6123520135879517 0.026866000145673752
vt 0.6123520135879517 0.09360700100660324
vt 0.6123520135879517 0.11107800155878067
vt 0.6127110123634338 0.603073000907898
vt 0.6139119863510132 0.6528630256652832
vt 0.6139119863510132 0.6935999989509583
vt 0.6139119863510132 0.7408869862556458
vt 0.6139119863510132 0.7572900056838989
vt 0.6139119863510132 0.7967579960823059
vt 0.6139119863510132 0.8230909705162048
vt 0.6139119863510132 0.8270959854125977
vt 0.6139119863510132 0.8611739873886108
vt 0.6142420172691345 0.10707300156354904
vt 0.6148539781570435 0.009579000063240528
vt 0.6149870157241821 0.960686981678009
vt 0.6149870157241821 0.9716820120811462
vt 0.6151009798049927 0.3287869989871979
vt 0.6155800223350525 0.4043149948120117
vt 0.6182820200920105 0.91559898853302
vt 0.6184710264205933 0.9439079761505127
vt 0.6184710264205933 0.956682026386261
vt 0.6184719800949097 0.9196040034294128
vt 0.6184719800949097 0.9399030208587646
vt 0.6185240149497986 0.7659159898757935
vt 0.6185610294342041 0.7799879908561707
vt 0.6186140179634094 0.9041339755058289
vt 0.6194009780883789 0.7320970296859741
vt 0.6202160120010376 0.7030029892921448
vt 0.6204869747161865 0.4198969900608063
vt 0.6205859780311584 0.8349649906158447
vt 0.6206669807434082 0.018844999372959137
vt 0.6210139989852905 0.8187680244445801
vt 0.6210290193557739 0.5784559845924377
vt 0.6210290193557739 0.6289709806442261
vt 0.6210830211639404 0.09451500326395035
vt 0.6211069822311401 0.33781901001930237
vt 0.6211649775505066 0.03150799870491028
vt 0.6211940050125122 0.47043800354003906
vt 0.621425986289978 0.038658998906612396
vt 0.6217510104179382 0.9670090079307556
vt 0.6217870116233826 0.251116007566452
vt 0.6218109726905823 0.5288860201835632
vt 0.6219859719276428 0.5744510293006897
vt 0.622285008430481 0.12773799896240234
vt 0.622340977191925 0.2902030050754547
vt 0.6226189732551575 0.9186099767684937
vt 0.6226189732551575 0.9325039982795715
vt 0.6226189732551575 0.9584839940071106
vt 0.6235229969024658 0.7569950222969055
vt 0.6236330270767212 0.8651790022850037
vt 0.6249790191650391 0.7884140014648438
vt 0.625111997127533 0.307233989238739
vt 0.625111997127533 0.44374600052833557
vt 0.6254090070724487 0.8502820134162903
vt 0.6254090070724487 0.8853700160980225
vt 0.6254889965057373 0.10218600183725357
vt 0.6259909868240356 0.5011739730834961
vt 0.6259909868240356 0.6339970231056213
vt 0.6263870000839233 0.8893749713897705
vt 0.6263870000839233 0.9284989833831787
vt 0.6268479824066162 0.9441589713096619
vt 0.6268479824066162 0.9624890089035034
vt 0.6268479824066162 0.9765999913215637
vt 0.6278020143508911 0.6747379899024963
vt 0.6280069947242737 0.020726999267935753
vt 0.6283140182495117 0.11107800155878067
vt 0.6284220218658447 0.7422090172767639
vt 0.629052996635437 0.468531996011734
vt 0.6292619705200195 0.7984579801559448
vt 0.6294130086898804 0.3124539852142334
vt 0.6308079957962036 0.6342099905014038
vt 0.6308619976043701 0.9179189801216125
vt 0.6308619976043701 0.9560620188713074
vt 0.6308630108833313 0.8910890221595764
vt 0.6308630108833313 0.9139140248298645
vt 0.6308630108833313 0.9644259810447693
vt 0.6308630108833313 0.9773460030555725
vt 0.6312639713287354 0.34019801020622253
vt 0.631667971611023 0.746213972568512
vt 0.6317399740219116 0.7844089865684509
vt 0.6317639946937561 0.9382169842720032
vt 0.6318619847297668 0.27535998821258545
vt 0.6323189735412598 0.12328899651765823
vt 0.6324779987335205 0.0020020001102238894
vt 0.6326910257339478 0.300915002822876
vt 0.6327289938926697 0.15119999647140503
vt 0.6328780055046082 0.5117899775505066
vt 0.6330429911613464 0.49501100182533264
vt 0.6332669854164124 0.796658992767334
vt 0.6332669854164124 0.8838949799537659
vt 0.6337829828262329 0.14726999402046204
vt 0.6338160037994385 0.8301529884338379
vt 0.6346650123596191 0.8570799827575684
vt 0.6354050040245056 0.2471109926700592
vt 0.6356459856033325 0.3265250027179718
vt 0.6358889937400818 0.9763699769973755
vt 0.6363109946250916 0.7464209794998169
vt 0.6363109946250916 0.7728250026702881
vt 0.636618971824646 0.4036119878292084
vt 0.6367869973182678 0.3447659909725189
vt 0.6371470093727112 0.9301310181617737
vt 0.6371949911117554 0.38496699929237366
vt 0.6372830271720886 0.44788500666618347
vt 0.6373019814491272 0.6985999941825867
vt 0.6374800205230713 0.942221999168396
vt 0.6374800205230713 0.9604210257530212
vt 0.6375300288200378 0.6382150053977966
vt 0.6384310126304626 0.4364069998264313
vt 0.6384549736976624 0.7026050090789795
vt 0.6385859847068787 0.25123101472854614
vt 0.6388260126113892 0.6576870083808899
vt 0.6396700143814087 0.8226829767227173
vt 0.6398640275001526 0.9179189801216125
vt 0.6402469873428345 0.7884140014648438
vt 0.6402469873428345 0.8453729748725891
vt 0.6403160095214844 0.762615978717804
vt 0.6403160095214844 0.7743539810180664
vt 0.6413149833679199 0.8493779897689819
vt 0.6413149833679199 0.8870840072631836
vt 0.6413149833679199 0.9090380072593689
vt 0.6414650082588196 0.13185599446296692
vt 0.6414650082588196 0.17124800384044647
vt 0.6428390145301819 0.40956199169158936
vt 0.6430140137672424 0.7666209936141968
vt 0.6430140137672424 0.7828029990196228
vt 0.643930971622467 0.746213972568512
vt 0.6454690098762512 0.1608249992132187
vt 0.6454700231552124 0.23003700375556946
vt 0.6454700231552124 0.29187899827957153
vt 0.6456189751625061 0.3817079961299896
vt 0.6459029912948608 0.5146949887275696
vt 0.6459029912948608 0.6694440245628357
vt 0.646136999130249 0.8535060286521912
vt 0.646136999130249 0.8749650120735168
vt 0.646136999130249 0.9077540040016174
vt 0.646136999130249 0.9298369884490967
vt 0.646136999130249 0.944553017616272
vt 0.646136999130249 0.9528560042381287
vt 0.646136999130249 0.969061017036438
vt 0.646136999130249 0.9769799709320068
vt 0.6462230086326599 0.38782998919487
vt 0.6467810273170471 0.9035469889640808
vt 0.6467840075492859 0.405782014131546
vt 0.6468499898910522 0.13733500242233276
vt 0.6468949913978577 0.7422090172767639
vt 0.6470190286636353 0.7667279839515686
vt 0.6470190286636353 0.8090450167655945
vt 0.6474679708480835 0.11107800155878067
vt 0.6474679708480835 0.12761999666690826
vt 0.647737979888916 0.2704020142555237
vt 0.6477689743041992 0.4362330138683319
vt 0.6477689743041992 0.46257099509239197
vt 0.6480169892311096 0.762615978717804
vt 0.6482279896736145 0.3688789904117584
vt 0.6492289900779724 0.03934299945831299
vt 0.6494770050048828 0.276650995016098
vt 0.6499080061912537 0.468531996011734
vt 0.6499080061912537 0.5877649784088135
vt 0.6499080061912537 0.6908029913902283
vt 0.6502389907836914 0.30546000599861145
vt 0.6503289937973022 0.2969970107078552
vt 0.6504120230674744 0.5917699933052063
vt 0.6505140066146851 0.8709610104560852
vt 0.6511210203170776 0.13185599446296692
vt 0.6512529850006104 0.6975229978561401
vt 0.651773989200592 0.4362330138683319
vt 0.6518549919128418 0.9696630239486694
vt 0.652122974395752 0.8990650177001953
vt 0.6524549722671509 0.7159550189971924
vt 0.6525350213050842 0.8518009781837463
vt 0.6532340049743652 0.06314399838447571
vt 0.6532340049743652 0.11211699992418289
vt 0.653922975063324 0.9650560021400452
vt 0.6539599895477295 0.5021939873695374
vt 0.6542750000953674 0.9037489891052246
vt 0.6546099781990051 0.9528560042381287
vt 0.6547350287437439 0.1997240036725998
vt 0.6549090147018433 0.575829029083252
vt 0.6554229855537415 0.8749650120735168
vt 0.655610978603363 0.9211170077323914
vt 0.6556710004806519 0.28091201186180115
vt 0.6563509702682495 0.9338420033454895
vt 0.6563509702682495 0.9488509893417358
vt 0.6564220190048218 0.2654680013656616
vt 0.6565120220184326 0.303396999835968
vt 0.6565120220184326 0.4322279989719391
vt 0.6568459868431091 0.21563999354839325
vt 0.6570209860801697 0.8542540073394775
vt 0.6575070023536682 0.5283370018005371
vt 0.6577000021934509 0.4797329902648926
vt 0.6578119993209839 0.10776299983263016
vt 0.6582040190696716 0.7627230286598206
vt 0.658381998538971 0.5017750263214111
vt 0.6584770083427429 0.5424429774284363
vt 0.6589789986610413 0.8007460236549377
vt 0.6589789986610413 0.8403739929199219
vt 0.6589789986610413 0.8443790078163147
vt 0.6589789986610413 0.8694859743118286
vt 0.6590120196342468 0.45646899938583374
vt 0.659171998500824 0.564041018486023
vt 0.6591920256614685 0.4954349994659424
vt 0.6594679951667786 0.5097339749336243
vt 0.6601529717445374 0.7434099912643433
vt 0.660302996635437 0.5132539868354797
vt 0.6604080200195312 0.5333189964294434
vt 0.6604089736938477 0.701528012752533
vt 0.6605169773101807 0.33275899291038513
vt 0.6605439782142639 0.8980969786643982
vt 0.6605439782142639 0.920769989490509
vt 0.6605439782142639 0.9247750043869019
vt 0.6605439782142639 0.9429939985275269
vt 0.6605439782142639 0.9469990134239197
vt 0.6605439782142639 0.9639959931373596
vt 0.6605439782142639 0.9711049795150757
vt 0.6606410145759583 0.231114000082016
vt 0.6616399884223938 0.5706139802932739
vt 0.6616860032081604 0.7182149887084961
vt 0.6617090106010437 0.47212499380111694
vt 0.6618589758872986 0.5752170085906982
vt 0.6623589992523193 0.20258599519729614
vt 0.6624280214309692 0.2817099988460541
vt 0.6629840135574341 0.8009200096130371
vt 0.6629840135574341 0.8719300031661987
vt 0.6631280183792114 0.2688699960708618
vt 0.6631760001182556 0.8390139937400818
vt 0.6633560061454773 0.2614629864692688
vt 0.6633800268173218 0.45656099915504456
vt 0.6639509797096252 0.46373701095581055
vt 0.6650940179824829 0.9680010080337524
vt 0.6650940179824829 0.9789069890975952
vt 0.6655780076980591 0.8564810156822205
vt 0.6659110188484192 0.3800640106201172
vt 0.6662309765815735 0.10081499814987183
vt 0.6666309833526611 0.23390799760818481
vt 0.6669800281524658 0.44024598598480225
vt 0.6670010089874268 0.9598360061645508
vt 0.6672729849815369 0.0020020001102238894
vt 0.6673300266265869 0.5021039843559265
vt 0.6675469875335693 0.8343489766120911
vt 0.6678509712219238 0.29187899827957153
vt 0.668267011642456 0.7822989821434021
vt 0.6684799790382385 0.11176799982786179
vt 0.6684799790382385 0.12782399356365204
vt 0.6693699955940247 0.5719450116157532
vt 0.6698309779167175 0.9349809885025024
vt 0.6700299978256226 0.21698899567127228
vt 0.6703240275382996 0.8007469773292542
vt 0.6703240275382996 0.8524760007858276
vt 0.6705600023269653 0.7967420220375061
vt 0.6705690026283264 0.8682969808578491
vt 0.6705690026283264 0.8940920233726501
vt 0.6705690026283264 0.9065300226211548
vt 0.6706370115280151 0.4362330138683319
vt 0.6707249879837036 0.3138200044631958
vt 0.6708030104637146 0.2969970107078552
vt 0.670976996421814 0.441895991563797
vt 0.6711080074310303 0.593222975730896
vt 0.6711080074310303 0.691519021987915
vt 0.6711080074310303 0.7099300026893616
vt 0.6711080074310303 0.7535300254821777
vt 0.6711080074310303 0.7667279839515686
vt 0.6724849939346313 0.11176799982786179
vt 0.6724849939346313 0.12770399451255798
vt 0.6734089851379395 0.3304379880428314
vt 0.67364501953125 0.4312489926815033
vt 0.6739529967308044 0.3867250084877014
vt 0.6740339994430542 0.154558002948761
vt 0.6740350127220154 0.28453201055526733
vt 0.6743249893188477 0.29100900888442993
vt 0.6746159791946411 0.1329749971628189
vt 0.6751130223274231 0.5923590064048767
vt 0.6751130223274231 0.6627810001373291
vt 0.6751130223274231 0.6667860150337219
vt 0.6751130223274231 0.7446370124816895
vt 0.6751130223274231 0.7794299721717834
vt 0.6751130223274231 0.7951629757881165
vt 0.6751130223274231 0.8360790014266968
vt 0.6751130223274231 0.8529829978942871
vt 0.6751130223274231 0.87254798412323
vt 0.6751130223274231 0.9067389965057373
vt 0.6751130223274231 0.9217349886894226
vt 0.6751130223274231 0.9401739835739136
vt 0.6751130223274231 0.9534839987754822
vt 0.6751130223274231 0.957489013671875
vt 0.6751130223274231 0.9685479998588562
vt 0.6751710176467896 0.8949490189552307
vt 0.6752169728279114 0.43894800543785095
vt 0.6753789782524109 0.4735049903392792
vt 0.6754990220069885 0.8078849911689758
vt 0.6755139827728271 0.4643630087375641
vt 0.675583004951477 0.3196980059146881
vt 0.675993025302887 0.7071030139923096
vt 0.6760550141334534 0.6054459810256958
vt 0.6761569976806641 0.25388601422309875
vt 0.676472008228302 0.7706490159034729
vt 0.6773719787597656 0.2581549882888794
vt 0.6776109933853149 0.09985499829053879
vt 0.6778039932250977 0.8674309849739075
vt 0.6789929866790771 0.3748970031738281
vt 0.6793839931488037 0.4734579920768738
vt 0.6793839931488037 0.5869259834289551
vt 0.679436981678009 0.468531996011734
vt 0.6797980070114136 0.38277900218963623
vt 0.6799330115318298 0.11702299863100052
vt 0.6799709796905518 0.0026229999493807554
vt 0.6799709796905518 0.09269899874925613
vt 0.6814849972724915 0.6311789751052856
vt 0.6814929842948914 0.32704800367355347
vt 0.6814929842948914 0.4297580122947693
vt 0.6814929842948914 0.4352540075778961
vt 0.6814929842948914 0.45774099230766296
vt 0.6822299957275391 0.9586979746818542
vt 0.6825929880142212 0.9699100255966187
vt 0.6833239793777466 0.8569939732551575
vt 0.6833429932594299 0.8723819851875305
vt 0.6837339997291565 0.8609989881515503
vt 0.6837339997291565 0.8880720138549805
vt 0.6839759945869446 0.002002999885007739
vt 0.6839759945869446 0.05843599885702133
vt 0.6839759945869446 0.10331299901008606
vt 0.6844729781150818 0.7491369843482971
vt 0.6849480271339417 0.11591099947690964
vt 0.6850129961967468 0.9446589946746826
vt 0.6854979991912842 0.3459869921207428
vt 0.6855909824371338 0.9184780120849609
vt 0.6855909824371338 0.9361690282821655
vt 0.6866120100021362 0.27994099259376526
vt 0.6868079900741577 0.5917699933052063
vt 0.686926007270813 0.2972559928894043
vt 0.6869999766349792 0.6389179825782776
vt 0.6873760223388672 0.6088879704475403
vt 0.6877390146255493 0.8709359765052795
vt 0.6878100037574768 0.024986999109387398
vt 0.687936007976532 0.4633069932460785
vt 0.6879919767379761 0.030773000791668892
vt 0.6880279779434204 0.01460800040513277
vt 0.6883490085601807 0.7988420128822327
vt 0.6883490085601807 0.832073986530304
vt 0.6893889904022217 0.9707170128822327
vt 0.6893900036811829 0.9568920135498047
vt 0.689395010471344 0.8609989881515503
vt 0.6895959973335266 0.940517008304596
vt 0.6897590160369873 0.8361120223999023
vt 0.6901900172233582 0.3369080126285553
vt 0.6903619766235352 0.9476900100708008
vt 0.6903809905052185 0.8989539742469788
vt 0.6903809905052185 0.9144729971885681
vt 0.6917719841003418 0.04035399854183197
vt 0.6923540234565735 0.7951629757881165
vt 0.6923540234565735 0.8234869837760925
vt 0.6930279731750488 0.10781999677419662
vt 0.6931340098381042 0.7680240273475647
vt 0.6931970119476318 0.7123090028762817
vt 0.6932259798049927 0.6687939763069153
vt 0.6943449974060059 0.7451320290565491
vt 0.6943860054016113 0.8955600261688232
vt 0.6943860054016113 0.9144729971885681
vt 0.694471001625061 0.84859699010849
vt 0.6947230100631714 0.2969970107078552
vt 0.6947230100631714 0.462662011384964
vt 0.6949189901351929 0.7748619914054871
vt 0.6949189901351929 0.7911580204963684
vt 0.6950780153274536 0.9635009765625
vt 0.6950780153274536 0.9758650064468384
vt 0.6951559782028198 0.06813699752092361
vt 0.6951559782028198 0.12471099942922592
vt 0.6953189969062805 0.14680999517440796
vt 0.6956120133399963 0.05496999993920326
vt 0.6959699988365173 0.13185599446296692
vt 0.6959699988365173 0.24671800434589386
vt 0.69657301902771 0.8318740129470825
vt 0.69657301902771 0.9184780120849609
vt 0.6970949769020081 0.035999998450279236
vt 0.6973360180854797 0.940517008304596
vt 0.6973369717597961 0.9445220232009888
vt 0.6973369717597961 0.959496021270752
vt 0.6974589824676514 0.891327977180481
vt 0.6976450085639954 0.8678770065307617
vt 0.6976450085639954 0.878745973110199
vt 0.6978470087051392 0.9071919918060303
vt 0.6978520154953003 0.8182830214500427
vt 0.6983489990234375 0.6862369775772095
vt 0.6983500123023987 0.6667860150337219
vt 0.6987280249595642 0.2969970107078552
vt 0.6987280249595642 0.3607249855995178
vt 0.6987280249595642 0.4173780083656311
vt 0.6987280249595642 0.45193201303482056
vt 0.6987280249595642 0.464121013879776
vt 0.698855996131897 0.4247489869594574
vt 0.6991609930992126 0.07538600265979767
vt 0.6992179751396179 0.5355160236358643
vt 0.6996719837188721 0.06413199752569199
vt 0.699819028377533 0.257889986038208
vt 0.699819028377533 0.2785409986972809
vt 0.6999750137329102 0.08647900074720383
vt 0.6999750137329102 0.2537969946861267
vt 0.700456976890564 0.4711399972438812
vt 0.7007250189781189 0.667693018913269
vt 0.7008990049362183 0.41258901357650757
vt 0.7009040117263794 0.5853980183601379
vt 0.7011290192604065 0.6077510118484497
vt 0.70135098695755 0.22087499499320984
vt 0.7014920115470886 0.9236310124397278
vt 0.7014920115470886 0.9561169743537903
vt 0.7016850113868713 0.39539000391960144
vt 0.7019670009613037 0.7138519883155823
vt 0.7019670009613037 0.7580869793891907
vt 0.7019670009613037 0.8125240206718445
vt 0.7019670009613037 0.8388019800186157
vt 0.7019670009613037 0.8428810238838196
vt 0.7019670009613037 0.8700010180473328
vt 0.7019670009613037 0.9027500152587891
vt 0.7036269903182983 0.04364899918437004
vt 0.7036359906196594 0.22953200340270996
vt 0.703823983669281 0.257889986038208
vt 0.703823983669281 0.29165199398994446
vt 0.7039009928703308 0.438401997089386
vt 0.704397976398468 0.9637219905853271
vt 0.704397976398468 0.9760500192642212
vt 0.7045750021934509 0.7368540167808533
vt 0.7045819759368896 0.20652900636196136
vt 0.7047839760780334 0.8797249794006348
vt 0.7049090266227722 0.47695499658584595
vt 0.7049090266227722 0.5527650117874146
vt 0.7049090266227722 0.5707100033760071
vt 0.7049090266227722 0.586467981338501
vt 0.7051339745521545 0.5938259959220886
vt 0.7051339745521545 0.6766030192375183
vt 0.7065219879150391 0.941586971282959
vt 0.706616997718811 0.8282819986343384
vt 0.7066590189933777 0.012733000330626965
vt 0.7071580290794373 0.2538850009441376
vt 0.7072010040283203 0.3862369954586029
vt 0.7074710130691528 0.37914401292800903
vt 0.7075309753417969 0.43040600419044495
vt 0.7075920104980469 0.7179710268974304
vt 0.707843005657196 0.008774000220000744
vt 0.7079520225524902 0.3574349880218506
vt 0.7079619765281677 0.468531996011734
vt 0.7081069946289062 0.8556529879570007
vt 0.7081990242004395 0.5667049884796143
vt 0.7082740068435669 0.39747801423072815
vt 0.7083020210266113 0.4255630075931549
vt 0.708437979221344 0.25900399684906006
vt 0.7084779739379883 0.32235199213027954
vt 0.7084789872169495 0.6870669722557068
vt 0.7086420059204102 0.7464380264282227
vt 0.7088369727134705 0.7603030204772949
vt 0.7089629769325256 0.21649600565433502
vt 0.7093589901924133 0.3751389980316162
vt 0.7098190188407898 0.45706701278686523
vt 0.7098820209503174 0.9455919861793518
vt 0.7098820209503174 0.9597169756889343
vt 0.7098820209503174 0.9721570014953613
vt 0.7113180160522461 0.8950369954109192
vt 0.7113180160522461 0.919625997543335
vt 0.7113180160522461 0.9236310124397278
vt 0.7116490006446838 0.5917699933052063
vt 0.7120530009269714 0.4097369909286499
vt 0.7128130197525024 0.8165289759635925
vt 0.7129679918289185 0.08680500090122223
vt 0.7129679918289185 0.19681000709533691
vt 0.7131329774856567 0.6153259873390198
vt 0.713280975818634 0.06813699752092361
vt 0.713280975818634 0.08236400038003922
vt 0.7135059833526611 0.5026760101318359
vt 0.7136809825897217 0.7330049872398376
vt 0.7138239741325378 0.46355998516082764
vt 0.7140169739723206 0.03584500029683113
vt 0.714044988155365 0.9658399820327759
vt 0.7140989899635315 0.5316479802131653
vt 0.7145450115203857 0.3942590057849884
vt 0.7149590253829956 0.6550660133361816
vt 0.7153229713439941 0.8950369954109192
vt 0.7153229713439941 0.9285020232200623
vt 0.7155889868736267 0.8096569776535034
vt 0.7156000137329102 0.9325069785118103
vt 0.7156000137329102 0.9565240144729614
vt 0.7163569927215576 0.8732370138168335
vt 0.7163569927215576 0.8910319805145264
vt 0.7164109945297241 0.6370829939842224
vt 0.7169319987297058 0.6111109852790833
vt 0.717179000377655 0.13067400455474854
vt 0.7172530293464661 0.8556450009346008
vt 0.7178410291671753 0.8428069949150085
vt 0.7178410291671753 0.8659960031509399
vt 0.7180219888687134 0.005869999993592501
vt 0.718559980392456 0.31334400177001953
vt 0.7189429998397827 0.4316140115261078
vt 0.7195940017700195 0.766622006893158
vt 0.7202810049057007 0.5761929750442505
vt 0.7208409905433655 0.8273379802703857
vt 0.7209020256996155 0.18936699628829956
vt 0.7209020256996155 0.2923620045185089
vt 0.7210339903831482 0.9218720197677612
vt 0.7210339903831482 0.9513700008392334
vt 0.7210339903831482 0.9605290293693542
vt 0.7210339903831482 0.9725599884986877
vt 0.7211199998855591 0.8388019800186157
vt 0.7212110161781311 0.390529990196228
vt 0.721668004989624 0.1406950056552887
vt 0.721917986869812 0.45193201303482056
vt 0.7219619750976562 0.34876900911331177
vt 0.721996009349823 0.5197700262069702
vt 0.7223169803619385 0.7580869793891907
vt 0.7223169803619385 0.803928017616272
vt 0.7224109768867493 0.6336780190467834
vt 0.7224109768867493 0.6910719871520996
vt 0.7224109768867493 0.7540820240974426
vt 0.7225189805030823 0.02711400017142296
vt 0.7237880229949951 0.46355998516082764
vt 0.7244279980659485 0.41337600350379944
vt 0.7244279980659485 0.44792699813842773
vt 0.7249069809913635 0.2015009969472885
vt 0.7253850102424622 0.8853740096092224
vt 0.7253850102424622 0.9116770029067993
vt 0.7253850102424622 0.9344930052757263
vt 0.7253850102424622 0.949271023273468
vt 0.7253850102424622 0.9533230066299438
vt 0.7253850102424622 0.9654229879379272
vt 0.7253850102424622 0.9732980132102966
vt 0.7259669899940491 0.20760999619960785
vt 0.7264159917831421 0.5515459775924683
vt 0.7264159917831421 0.6695579886436462
vt 0.7264159917831421 0.6961560249328613
vt 0.7264159917831421 0.73819899559021
vt 0.7264159917831421 0.8055070042610168
vt 0.7264159917831421 0.8108850121498108
vt 0.7264159917831421 0.8476110100746155
vt 0.7264159917831421 0.8789839744567871
vt 0.7270860075950623 0.8535040020942688
vt 0.7276589870452881 0.277878999710083
vt 0.7282670140266418 0.0020020001102238894
vt 0.7282670140266418 0.07782299816608429
vt 0.7283959984779358 0.6463069915771484
vt 0.7284330129623413 0.38819700479507446
vt 0.7284330129623413 0.5442379713058472
vt 0.7284690141677856 0.5762810111045837
vt 0.7285569906234741 0.7597129940986633
vt 0.7286720275878906 0.4813059866428375
vt 0.7288349866867065 0.13639099895954132
vt 0.7294409871101379 0.08647900074720383
vt 0.7294409871101379 0.18536099791526794
vt 0.7294589877128601 0.37423399090766907
vt 0.7296519875526428 0.9694280028343201
vt 0.7296519875526428 0.9790409803390503
vt 0.730413019657135 0.7226799726486206
vt 0.7307969927787781 0.29321199655532837
vt 0.7316009998321533 0.6175060272216797
vt 0.7322720289230347 0.012617000378668308
vt 0.7327079772949219 0.9614279866218567
vt 0.7333130240440369 0.18936599791049957
vt 0.7334460020065308 0.07763999700546265
vt 0.7334460020065308 0.18536199629306793
vt 0.7335690259933472 0.6590819954872131
vt 0.7336879968643188 0.9532759785652161
vt 0.7337110042572021 0.8103659749031067
vt 0.7337930202484131 0.2065110057592392
vt 0.7337930202484131 0.3751389980316162
vt 0.7339770197868347 0.8400729894638062
vt 0.7349860072135925 0.8499979972839355
vt 0.7349939942359924 0.909367024898529
vt 0.7349939942359924 0.9304890036582947
vt 0.7352650165557861 0.37914401292800903
vt 0.7357590198516846 0.940405011177063
vt 0.7357839941978455 0.01673400029540062
vt 0.7359150052070618 0.2015009969472885
vt 0.7363600134849548 0.4429459869861603
vt 0.736437976360321 0.5437899827957153
vt 0.7368509769439697 0.5725849866867065
vt 0.7368630170822144 0.8786029815673828
vt 0.7368630170822144 0.8829889893531799
vt 0.7368630170822144 0.9053620100021362
vt 0.7377979755401611 0.2065110057592392
vt 0.7377979755401611 0.3346079885959625
vt 0.7377979755401611 0.35750800371170044
vt 0.7379969954490662 0.644182026386261
vt 0.7384880185127258 0.08352000266313553
vt 0.7388250231742859 0.0020020001102238894
vt 0.738834023475647 0.595337986946106
vt 0.7395250201225281 0.6538829803466797
vt 0.7401549816131592 0.7547699809074402
vt 0.7401859760284424 0.8105670213699341
vt 0.7401859760284424 0.8436059951782227
vt 0.7404429912567139 0.37914401292800903
vt 0.7404429912567139 0.4658200144767761
vt 0.740664005279541 0.7010830044746399
vt 0.7406690120697021 0.1847040057182312
vt 0.7408679723739624 0.8476110100746155
vt 0.7408679723739624 0.8920760154724121
vt 0.7408679723739624 0.8965839743614197
vt 0.7408679723739624 0.9280710220336914
vt 0.7408679723739624 0.941785991191864
vt 0.7408679723739624 0.9558590054512024
vt 0.7408919930458069 0.4705030024051666
vt 0.7416700124740601 0.3736580014228821
vt 0.7418609857559204 0.547091007232666
vt 0.7418709993362427 0.758774995803833
vt 0.7418709993362427 0.8063610196113586
vt 0.7419490218162537 0.012617000378668308
vt 0.7419899702072144 0.9669690132141113
vt 0.7422500252723694 0.616117000579834
vt 0.7425100207328796 0.6832860112190247
vt 0.7426450252532959 0.38343799114227295
vt 0.7432460188865662 0.20951400697231293
vt 0.7434840202331543 0.3289659917354584
vt 0.7436349987983704 0.6911550164222717
vt 0.7441909909248352 0.8122429847717285
vt 0.7444279789924622 0.5917699933052063
vt 0.7444279789924622 0.6792809963226318
vt 0.7445440292358398 0.34705299139022827
vt 0.744674026966095 0.030758000910282135
vt 0.744674026966095 0.09260199964046478
vt 0.744674026966095 0.12136100232601166
vt 0.744674026966095 0.19616900384426117
vt 0.7448449730873108 0.1846040040254593
vt 0.7451599836349487 0.36205801367759705
vt 0.7459549903869629 0.012538000009953976
vt 0.7460049986839294 0.55901700258255
vt 0.7460049986839294 0.5877649784088135
vt 0.7461889982223511 0.10097400099039078
vt 0.7464960217475891 0.8925790190696716
vt 0.7466660141944885 0.8103659749031067
vt 0.7466660141944885 0.8282290101051331
vt 0.7466850280761719 0.7287899851799011
vt 0.7467010021209717 0.8513619899749756
vt 0.7469120025634766 0.9078519940376282
vt 0.7471370100975037 0.4886780083179474
vt 0.7473239898681641 0.3801180124282837
vt 0.7473660111427307 0.11488500237464905
vt 0.7475450038909912 0.01673400029540062
vt 0.7481809854507446 0.18904900550842285
vt 0.7484300136566162 0.9320759773254395
vt 0.7484300136566162 0.9518539905548096
vt 0.7487059831619263 0.2069229930639267
vt 0.7487059831619263 0.3306030035018921
vt 0.7495570182800293 0.9558590054512024
vt 0.7495830059051514 0.0020020001102238894
vt 0.7496330142021179 0.12263000011444092
vt 0.7498999834060669 0.0056570000015199184
vt 0.7509739995002747 0.8079910278320312
vt 0.7509739995002747 0.8200740218162537
vt 0.7509739995002747 0.8501629829406738
vt 0.7509739995002747 0.8613619804382324
vt 0.7509739995002747 0.8782280087471008
vt 0.7509739995002747 0.893884003162384
vt 0.7509739995002747 0.9259439706802368
vt 0.7513290047645569 0.37914401292800903
vt 0.7513290047645569 0.5455300211906433
vt 0.7513290047645569 0.5510969758033752
vt 0.7513290047645569 0.7197589874267578
vt 0.7513290047645569 0.7606859803199768
vt 0.7519620060920715 0.8149219751358032
vt 0.7521780133247375 0.8541679978370667
vt 0.7524070143699646 0.658831000328064
vt 0.7527109980583191 0.23924000561237335
vt 0.7527109980583191 0.3170120120048523
vt 0.7527710199356079 0.7538740038871765
vt 0.7529069781303406 0.05690699815750122
vt 0.7529209852218628 0.3529979884624481
vt 0.7529230117797852 0.07739599794149399
vt 0.75307297706604 0.4966549873352051
vt 0.7533149719238281 0.9299489855766296
vt 0.7533149719238281 0.949787974357605
vt 0.7534700036048889 0.3079949915409088
vt 0.7546190023422241 0.8275359869003296
vt 0.7548379898071289 0.012538000009953976
vt 0.7549110054969788 0.914995014667511
vt 0.7553189992904663 0.9537929892539978
vt 0.7553189992904663 0.969327986240387
vt 0.7557209730148315 0.7612379789352417
vt 0.7559090256690979 0.2148669958114624
vt 0.7561339735984802 0.5469359755516052
vt 0.7566249966621399 0.09660699963569641
vt 0.7568579912185669 0.03378299996256828
vt 0.7569249868392944 0.18064500391483307
vt 0.7571399807929993 0.11382599920034409
vt 0.7573890089988708 0.5523710250854492
vt 0.7574499845504761 0.2016720026731491
vt 0.7574499845504761 0.2685210108757019
vt 0.7576029896736145 0.19413599371910095
vt 0.7576490044593811 0.7183420062065125
vt 0.7576500177383423 0.6785460114479065
vt 0.7577160000801086 0.48016199469566345
vt 0.7588430047035217 0.0020020001102238894
vt 0.7588430047035217 0.012420999817550182
vt 0.7593430280685425 0.7237640023231506
vt 0.7597870230674744 0.3137100040912628
vt 0.7602909803390503 0.8151230216026306
vt 0.7608180046081543 0.7769140005111694
vt 0.7613490223884583 0.9052180051803589
vt 0.7613490223884583 0.9252820014953613
vt 0.7613490223884583 0.9408910274505615
vt 0.7613499760627747 0.9612290263175964
vt 0.7614210247993469 0.7535309791564941
vt 0.7616069912910461 0.0991009995341301
vt 0.7616069912910461 0.19547200202941895
vt 0.7616549730300903 0.5510969758033752
vt 0.7616549730300903 0.6103150248527527
vt 0.7616549730300903 0.6555529832839966
vt 0.7616549730300903 0.7117549777030945
vt 0.7617210149765015 0.38749000430107117
vt 0.7617210149765015 0.45639100670814514
vt 0.7617210149765015 0.4603959918022156
vt 0.7617210149765015 0.4986079931259155
vt 0.7617210149765015 0.5181499719619751
vt 0.7617210149765015 0.5441930294036865
vt 0.7621380090713501 0.09132400155067444
vt 0.7621560096740723 0.5329859852790833
vt 0.7626069784164429 0.4849109947681427
vt 0.762624979019165 0.8332809805870056
vt 0.7628039717674255 0.8578600287437439
vt 0.7628809809684753 0.3671570122241974
vt 0.7629510164260864 0.009328000247478485
vt 0.7629889845848083 0.2657580077648163
vt 0.7630529999732971 0.7382810115814209
vt 0.7633439898490906 0.05312599986791611
vt 0.7640950083732605 0.6515480279922485
vt 0.7645000219345093 0.7299879789352417
vt 0.7647600173950195 0.8730890154838562
vt 0.7648440003395081 0.34328699111938477
vt 0.7649829983711243 0.8822330236434937
vt 0.7649829983711243 0.9012129902839661
vt 0.7653549909591675 0.9159479737281799
vt 0.7653549909591675 0.935920000076294
vt 0.7655619978904724 0.9399250149726868
vt 0.7655619978904724 0.9623640179634094
vt 0.7655619978904724 0.9701870083808899
vt 0.7657349705696106 0.9312459826469421
vt 0.7658669948577881 0.09660699963569641
vt 0.7658669948577881 0.6645709872245789
vt 0.7659590244293213 0.6865969896316528
vt 0.7661880254745483 0.3191539943218231
vt 0.7664330005645752 0.7174789905548096
vt 0.7666540145874023 0.8149219751358032
vt 0.7666540145874023 0.8352469801902771
vt 0.7673490047454834 0.01673400029540062
vt 0.7673490047454834 0.07859200239181519
vt 0.7673490047454834 0.08259700238704681
vt 0.7673490047454834 0.09252999722957611
vt 0.7673860192298889 0.1574070006608963
vt 0.7676979899406433 0.005179999861866236
vt 0.7680280208587646 0.6994209885597229
vt 0.7687219977378845 0.3889769911766052
vt 0.7687780261039734 0.5241150259971619
vt 0.7688490152359009 0.34530898928642273
vt 0.7688490152359009 0.3642660081386566
vt 0.7688490152359009 0.37471500039100647
vt 0.768975019454956 0.659371018409729
vt 0.769150972366333 0.747859001159668
vt 0.7692729830741882 0.9052180051803589
vt 0.7693660259246826 0.8340049982070923
vt 0.7697539925575256 0.9232140183448792
vt 0.7697539925575256 0.952534019947052
vt 0.7706469893455505 0.37914401292800903
vt 0.7707089781761169 0.9663689732551575
vt 0.7707089781761169 0.9776189923286438
vt 0.7712739706039429 0.31669700145721436
vt 0.7713040113449097 0.7911739945411682
vt 0.771390974521637 0.10700500011444092
vt 0.771390974521637 0.2021539956331253
vt 0.771390974521637 0.21847699582576752
vt 0.771390974521637 0.22248199582099915
vt 0.771390974521637 0.25428399443626404
vt 0.7715439796447754 0.06926999986171722
vt 0.771651029586792 0.18625199794769287
vt 0.7717030048370361 0.0020020001102238894
vt 0.7717030048370361 0.012706000357866287
vt 0.7718480229377747 0.5994309782981873
vt 0.7721660137176514 0.5399309992790222
vt 0.7721980214118958 0.44321098923683167
vt 0.7722700238227844 0.7054470181465149
vt 0.7723029851913452 0.6644660234451294
vt 0.7726609706878662 0.7302520275115967
vt 0.7726609706878662 0.7719420194625854
vt 0.7726609706878662 0.7809190154075623
vt 0.7726609706878662 0.8109170198440552
vt 0.7726609706878662 0.8211489915847778
vt 0.7727149724960327 0.1408199965953827
vt 0.7729610204696655 0.2488200068473816
vt 0.773015022277832 0.3596999943256378
vt 0.7731339931488037 0.27252599596977234
vt 0.7731339931488037 0.3306030035018921
vt 0.7737640142440796 0.849386990070343
vt 0.7737640142440796 0.8936840295791626
vt 0.7737640142440796 0.8976899981498718
vt 0.7737640142440796 0.9128419756889343
vt 0.7737640142440796 0.9183740019798279
vt 0.7737640142440796 0.9549679756164551
vt 0.7738720178604126 0.9352369904518127
vt 0.7746589779853821 0.4911400079727173
vt 0.7752010226249695 0.3693470060825348
vt 0.7752630114555359 0.3873800039291382
vt 0.7758529782295227 0.6420220136642456
vt 0.7760720252990723 0.08371800184249878
vt 0.7762899994850159 0.016777999699115753
vt 0.776311993598938 0.6981679797172546
vt 0.7763710021972656 0.5637720227241516
vt 0.776665985584259 0.7744060158729553
vt 0.776665985584259 0.7900679707527161
vt 0.7770569920539856 0.9605439901351929
vt 0.7770569920539856 0.974822998046875
vt 0.7771390080451965 0.3298279941082001
vt 0.7776010036468506 0.34703800082206726
vt 0.7787560224533081 0.682341992855072
vt 0.7789350152015686 0.19814899563789368
vt 0.7791330218315125 0.7514029741287231
vt 0.7792680263519287 0.38630300760269165
vt 0.7792680263519287 0.45639100670814514
vt 0.7792930006980896 0.8306840062141418
vt 0.7795649766921997 0.3346079885959625
vt 0.7799379825592041 0.5234090089797974
vt 0.779990017414093 0.514145016670227
vt 0.7800130248069763 0.0045819999650120735
vt 0.7800229787826538 0.9703919887542725
vt 0.7800880074501038 0.5282660126686096
vt 0.7802309989929199 0.8793519735336304
vt 0.7805100083351135 0.8005610108375549
vt 0.780597984790802 0.80594801902771
vt 0.7806540131568909 0.09660699963569641
vt 0.7806540131568909 0.1516129970550537
vt 0.7807549834251404 0.9722070097923279
vt 0.7808399796485901 0.9381150007247925
vt 0.78084397315979 0.8877459764480591
vt 0.7811830043792725 0.043786998838186264
vt 0.7814030051231384 0.36505401134490967
vt 0.7814819812774658 0.4839000105857849
vt 0.7822459936141968 0.3263840079307556
vt 0.7825850248336792 0.9421200156211853
vt 0.7825850248336792 0.9565389752388
vt 0.7825850248336792 0.9690600037574768
vt 0.7826560139656067 0.276962012052536
vt 0.7826910018920898 0.9009749889373779
vt 0.782755970954895 0.07740599662065506
vt 0.7827609777450562 0.6648560166358948
vt 0.7829959988594055 0.9183740019798279
vt 0.7833899855613708 0.20871500670909882
vt 0.7834839820861816 0.06039699912071228
vt 0.7840179800987244 0.004453999921679497
vt 0.7842680215835571 0.7691659927368164
vt 0.7845889925956726 0.7833539843559265
vt 0.7846590280532837 0.09689000248908997
vt 0.7846590280532837 0.1810940057039261
vt 0.7846890091896057 0.6958379745483398
vt 0.7847700119018555 0.6637089848518372
vt 0.7849979996681213 0.2245599925518036
vt 0.7849979996681213 0.3306030035018921
vt 0.7854869961738586 0.4603959918022156
vt 0.7854869961738586 0.5470290184020996
vt 0.785506010055542 0.5510960221290588
vt 0.7855330109596252 0.5890920162200928
vt 0.7855330109596252 0.6485610008239746
vt 0.7859910130500793 0.47640201449394226
vt 0.7861080169677734 0.35042500495910645
vt 0.7862280011177063 0.5314159989356995
vt 0.786346971988678 0.47143301367759705
vt 0.7863979935646057 0.8058080077171326
vt 0.7864239811897278 0.5060150027275085
vt 0.7864649891853333 0.8011239767074585
vt 0.7869489789009094 0.8716030120849609
vt 0.7869489789009094 0.8931879997253418
vt 0.7872170209884644 0.7237640023231506
vt 0.7872419953346252 0.7906180024147034
vt 0.7872419953346252 0.83536297082901
vt 0.7872419953346252 0.8393679857254028
vt 0.7872419953346252 0.8675979971885681
vt 0.7874879837036133 0.01673400029540062
vt 0.7874879837036133 0.08893699944019318
vt 0.7877280116081238 0.19874000549316406
vt 0.7878770232200623 0.776835024356842
vt 0.7878999710083008 0.3684709966182709
vt 0.7880420088768005 0.9143700003623962
vt 0.7883560061454773 0.6655960083007812
vt 0.7886340022087097 0.33892300724983215
vt 0.7886340022087097 0.3602609932422638
vt 0.7887679934501648 0.4473409950733185
vt 0.7890030145645142 0.2338780015707016
vt 0.7890030145645142 0.3291209936141968
vt 0.789018988609314 0.6885550022125244
vt 0.7891820073127747 0.5393450260162354
vt 0.7892450094223022 0.0686580017209053
vt 0.7895380258560181 0.5510969758033752
vt 0.7895380258560181 0.6215490102767944
vt 0.7895380258560181 0.6507700085639954
vt 0.7901059985160828 0.2147430032491684
vt 0.7902929782867432 0.10108300298452377
vt 0.7906079888343811 0.7110049724578857
vt 0.7916659712791443 0.18020200729370117
vt 0.7917479872703552 0.6605600118637085
vt 0.7919139862060547 0.5320119857788086
vt 0.7921149730682373 0.47569799423217773
vt 0.7921410202980042 0.7239789962768555
vt 0.7921410202980042 0.786063015460968
vt 0.7924699783325195 0.13215500116348267
vt 0.7926390171051025 0.3346079885959625
vt 0.7926390171051025 0.3577679991722107
vt 0.7926620244979858 0.0020020001102238894
vt 0.7926620244979858 0.012292000465095043
vt 0.7927730083465576 0.36505401134490967
vt 0.7927730083465576 0.3853229880332947
vt 0.7927730083465576 0.3893280029296875
vt 0.7927730083465576 0.40693700313568115
vt 0.7927730083465576 0.4114069938659668
vt 0.7927730083465576 0.43147000670433044
vt 0.7927730083465576 0.44736799597740173
vt 0.7933970093727112 0.8001270294189453
vt 0.7933970093727112 0.8266710042953491
vt 0.7933970093727112 0.8578310012817383
vt 0.7933970093727112 0.9035559892654419
vt 0.7933970093727112 0.9098619818687439
vt 0.7933970093727112 0.9343039989471436
vt 0.7933970093727112 0.9486789703369141
vt 0.7933970093727112 0.9573259949684143
vt 0.7933970093727112 0.9653670191764832
vt 0.7936810255050659 0.5109019875526428
vt 0.7940760254859924 0.8987830281257629
vt 0.7945250272750854 0.34477099776268005
vt 0.794579029083252 0.09660699963569641
vt 0.794634997844696 0.4613870084285736
vt 0.7946940064430237 0.3783090114593506
vt 0.7948439717292786 0.4400010108947754
vt 0.7949039936065674 0.3954469859600067
vt 0.7949979901313782 0.4109419882297516
vt 0.7949979901313782 0.4274649918079376
vt 0.7950509786605835 0.5459129810333252
vt 0.7950609922409058 0.5000309944152832
vt 0.7950959801673889 0.04433799907565117
vt 0.7952110171318054 0.2245599925518036
vt 0.795229971408844 0.01854199916124344
vt 0.7953609824180603 0.5587430000305176
vt 0.7959409952163696 0.6125140190124512
vt 0.7961459755897522 0.7237640023231506
vt 0.7961459755897522 0.7961220145225525
vt 0.7963050007820129 0.29392799735069275
vt 0.7966669797897339 0.0020020001102238894
vt 0.7981079816818237 0.9725059866905212
vt 0.7981470227241516 0.08979000151157379
vt 0.798367977142334 0.021609999239444733
vt 0.7984989881515503 0.6336960196495056
vt 0.798583984375 0.09660699963569641
vt 0.798583984375 0.18677900731563568
vt 0.7986400127410889 0.6555529832839966
vt 0.7986400127410889 0.6948300004005432
vt 0.7990350127220154 0.07259800285100937
vt 0.7990660071372986 0.3364970088005066
vt 0.7990660071372986 0.4139930009841919
vt 0.7992380261421204 0.9622830152511597
vt 0.8001999855041504 0.3956809937953949
vt 0.8003100156784058 0.2245599925518036
vt 0.8003100156784058 0.2758280038833618
vt 0.8003100156784058 0.2883729934692383
vt 0.8003100156784058 0.32094401121139526
vt 0.8006979823112488 0.011642999947071075
vt 0.8013460040092468 0.9313210248947144
vt 0.8018109798431396 0.5516369938850403
vt 0.8018109798431396 0.6175439953804016
vt 0.8020899891853333 0.8360819816589355
vt 0.802174985408783 0.1817290037870407
vt 0.8023629784584045 0.9383090138435364
vt 0.8023629784584045 0.9533209800720215
vt 0.8026450276374817 0.6333600282669067
vt 0.8029530048370361 0.8781759738922119
vt 0.8029530048370361 0.9058570265769958
vt 0.8030400276184082 0.026372000575065613
vt 0.80315101146698 0.8741710186004639
vt 0.8033210039138794 0.41266900300979614
vt 0.8033210039138794 0.5470290184020996
vt 0.8039659857749939 0.8400869965553284
vt 0.8039659857749939 0.85903400182724
vt 0.8044040203094482 0.08869300037622452
vt 0.8052849769592285 0.4086639881134033
vt 0.8055449724197388 0.0020020001102238894
vt 0.8057519793510437 0.19206899404525757
vt 0.8058159947395325 0.6016629934310913
vt 0.8058159947395325 0.6135619878768921
vt 0.8058879971504211 0.09914000332355499
vt 0.8058879971504211 0.1960739940404892
vt 0.8058879971504211 0.21989500522613525
vt 0.8062940239906311 0.7110049724578857
vt 0.8068349957466125 0.7322850227355957
vt 0.8068349957466125 0.8125960230827332
vt 0.8069369792938232 0.5620840191841125
vt 0.8073260188102722 0.5048919916152954
vt 0.8073260188102722 0.5220469832420349
vt 0.8073260188102722 0.5464940071105957
vt 0.807466983795166 0.2896139919757843
vt 0.80765300989151 0.3263869881629944
vt 0.8090469837188721 0.8833879828453064
vt 0.8090469837188721 0.9013550281524658
vt 0.8090469837188721 0.9246439933776855
vt 0.8091319799423218 0.5510960221290588
vt 0.8092759847640991 0.28436800837516785
vt 0.8094679713249207 0.3714050054550171
vt 0.8095380067825317 0.3364970088005066
vt 0.8095420002937317 0.9286490082740784
vt 0.8095420002937317 0.9477390050888062
vt 0.8095499873161316 0.011189999990165234
vt 0.8096969723701477 0.03204499930143356
vt 0.8097699880599976 0.8950380086898804
vt 0.8097800016403198 0.9644079804420471
vt 0.8097800016403198 0.9684129953384399
vt 0.8097800016403198 0.9794269800186157
vt 0.809893012046814 0.09660699963569641
vt 0.809893012046814 0.12126599997282028
vt 0.809893012046814 0.18842799961566925
vt 0.8103010058403015 0.6023240089416504
vt 0.8105000257492065 0.6742730140686035
vt 0.8108400106430054 0.7237640023231506
vt 0.8108400106430054 0.7819039821624756
vt 0.8108400106430054 0.7859089970588684
vt 0.8108400106430054 0.8343600034713745
vt 0.8108400106430054 0.852387011051178
vt 0.8108400106430054 0.8712019920349121
vt 0.8110010027885437 0.6474779844284058
vt 0.8110910058021545 0.9537460207939148
vt 0.811381995677948 0.0020020001102238894
vt 0.8113920092582703 0.6322829723358154
vt 0.8113920092582703 0.70033198595047
vt 0.8115389943122864 0.15421999990940094
vt 0.8115820288658142 0.024607999250292778
vt 0.8116970062255859 0.01673400029540062
vt 0.8116970062255859 0.08567900210618973
vt 0.8118069767951965 0.8752070069313049
vt 0.811922013759613 0.5331739783287048
vt 0.8121780157089233 0.7319560050964355
vt 0.8123239874839783 0.41266798973083496
vt 0.8123239874839783 0.5180420279502869
vt 0.8124920129776001 0.27439001202583313
vt 0.8125039935112 0.15822499990463257
vt 0.8128719925880432 0.23044399917125702
vt 0.8128859996795654 0.8424140214920044
vt 0.8135430216789246 0.3364970088005066
vt 0.8135430216789246 0.3854840099811554
vt 0.8135430216789246 0.40862101316452026
vt 0.8142520189285278 0.9768829941749573
vt 0.8144599795341492 0.6282100081443787
vt 0.8152890205383301 0.3278470039367676
vt 0.8153970241546631 0.6327829957008362
vt 0.8153970241546631 0.7185919880867004
vt 0.8157020211219788 0.08177399635314941
vt 0.816228985786438 0.019331999123096466
vt 0.8163260221481323 0.3207150101661682
vt 0.8163290023803711 0.43818798661231995
vt 0.8163290023803711 0.46920400857925415
vt 0.8163290023803711 0.4732089936733246
vt 0.8163290023803711 0.5369439721107483
vt 0.8164659738540649 0.3903990089893341
vt 0.8165270090103149 0.5565230250358582
vt 0.8165270090103149 0.6095569729804993
vt 0.8165270090103149 0.6864290237426758
vt 0.8166670203208923 0.8268709778785706
vt 0.816877007484436 0.2245599925518036
vt 0.816877007484436 0.2841219902038574
vt 0.8169440031051636 0.41266798973083496
vt 0.817192018032074 0.18703299760818481
vt 0.8172839879989624 0.4498099982738495
vt 0.8172979950904846 0.3863939940929413
vt 0.8173120021820068 0.7923790216445923
vt 0.8175280094146729 0.8389999866485596
vt 0.8175510168075562 0.9207109808921814
vt 0.8178240060806274 0.15083099901676178
vt 0.8178880214691162 0.12851299345493317
vt 0.8181160092353821 0.9005640149116516
vt 0.8181160092353821 0.931676983833313
vt 0.8181160092353821 0.951744019985199
vt 0.8181160092353821 0.9618710279464722
vt 0.8182569742202759 0.9733480215072632
vt 0.8182860016822815 0.6572239995002747
vt 0.8186200261116028 0.011189999990165234
vt 0.8194199800491333 0.7332019805908203
vt 0.8200399875640869 0.6135619878768921
vt 0.8201540112495422 0.15846100449562073
vt 0.8201540112495422 0.21767599880695343
vt 0.8201559782028198 0.7016000151634216
vt 0.8202109932899475 0.252936989068985
vt 0.8205320239067078 0.5714889764785767
vt 0.8205459713935852 0.3032569885253906
vt 0.8205549716949463 0.6909739971160889
vt 0.8205649852752686 0.60064697265625
vt 0.820580005645752 0.1057789996266365
vt 0.8206740021705627 0.772301971912384
vt 0.8207870125770569 0.3711619973182678
vt 0.8213220238685608 0.7316039800643921
vt 0.8215090036392212 0.33249199390411377
vt 0.821723997592926 0.5510960221290588
vt 0.821806013584137 0.24462799727916718
vt 0.8221709728240967 0.9054350256919861
vt 0.8221709728240967 0.9299209713935852
vt 0.8222180008888245 0.8610600233078003
vt 0.8222180008888245 0.8790820240974426
vt 0.8222180008888245 0.8965590000152588
vt 0.8225820064544678 0.8349949717521667
vt 0.8226249814033508 0.0020020001102238894
vt 0.8226249814033508 0.011850999668240547
vt 0.822737991809845 0.9684129953384399
vt 0.822737991809845 0.9793509840965271
vt 0.8229770064353943 0.34441301226615906
vt 0.8232160210609436 0.2714940011501312
vt 0.8240450024604797 0.6276019811630249
vt 0.8240479826927185 0.01673400029540062
vt 0.8240479826927185 0.08263999968767166
vt 0.8241590261459351 0.1695600003004074
vt 0.8241590261459351 0.21120600402355194
vt 0.8245599865913391 0.5361869931221008
vt 0.8245720267295837 0.2559260129928589
vt 0.8245850205421448 0.09660699963569641
vt 0.8245850205421448 0.1620039939880371
vt 0.8248249888420105 0.4733459949493408
vt 0.8253260254859924 0.726285994052887
vt 0.8255040049552917 0.9128270149230957
vt 0.8256250023841858 0.2881760001182556
vt 0.8256250023841858 0.32866498827934265
vt 0.8256250023841858 0.3571709990501404
vt 0.8261899948120117 0.28253498673439026
vt 0.8264949917793274 0.40862101316452026
vt 0.8265650272369385 0.4633159935474396
vt 0.8265870213508606 0.801921010017395
vt 0.8265870213508606 0.8671590089797974
vt 0.8265870213508606 0.8765220046043396
vt 0.8265870213508606 0.9014300107955933
vt 0.8267340064048767 0.8098539710044861
vt 0.8270779848098755 0.9491609930992126
vt 0.8270779848098755 0.9531660079956055
vt 0.8270779848098755 0.9687600135803223
vt 0.8271880149841309 0.6086419820785522
vt 0.8271880149841309 0.6282100081443787
vt 0.8273410201072693 0.6322829723358154
vt 0.8273410201072693 0.682424008846283
vt 0.8274059891700745 0.1854580044746399
vt 0.8280529975891113 0.01673400029540062
vt 0.8280889987945557 0.9349520206451416
vt 0.8282150030136108 0.77605801820755
vt 0.828436017036438 0.8409240245819092
vt 0.8285449743270874 0.005739999935030937
vt 0.8288300037384033 0.536217987537384
vt 0.8293259739875793 0.4743419885635376
vt 0.8295090198516846 0.9054350256919861
vt 0.8295090198516846 0.9309359788894653
vt 0.8296030163764954 0.5938130021095276
vt 0.8296300172805786 0.30338799953460693
vt 0.8296300172805786 0.3355579972267151
vt 0.8296769857406616 0.07869499921798706
vt 0.8301950097084045 0.2245599925518036
vt 0.8301950097084045 0.28174299001693726
vt 0.8301950097084045 0.29921698570251465
vt 0.8305699825286865 0.4636929929256439
vt 0.8306480050086975 0.7185919880867004
vt 0.8308259844779968 0.21767599880695343
vt 0.8310040235519409 0.003292999928817153
vt 0.8312709927558899 0.5716660022735596
vt 0.8312709927558899 0.6044440269470215
vt 0.8313459753990173 0.6196150183677673
vt 0.8313459753990173 0.682424008846283
vt 0.8313779830932617 0.2857480049133301
vt 0.831525981426239 0.16139699518680573
vt 0.8317790031433105 0.39782699942588806
vt 0.8322740197181702 0.09686700254678726
vt 0.8329820036888123 0.3863939940929413
vt 0.833266019821167 0.9647470116615295
vt 0.8345180153846741 0.04323099926114082
vt 0.8346530199050903 0.6864290237426758
vt 0.8346530199050903 0.7162060141563416
vt 0.8349069952964783 0.33412399888038635
vt 0.835008978843689 0.005266000051051378
vt 0.8350690007209778 0.17412899434566498
vt 0.8351640105247498 0.21128399670124054
vt 0.8351709842681885 0.7237640023231506
vt 0.8351709842681885 0.7757750153541565
vt 0.8352550268173218 0.8065530061721802
vt 0.8352760076522827 0.6008549928665161
vt 0.8355640172958374 0.05919799953699112
vt 0.83576500415802 0.40340501070022583
vt 0.83576500415802 0.46920400857925415
vt 0.8361780047416687 0.01673400029540062
vt 0.8362789750099182 0.0928879976272583
vt 0.8362789750099182 0.1620039939880371
vt 0.8364530205726624 0.4732089936733246
vt 0.8364530205726624 0.5368930101394653
vt 0.8367239832878113 0.7859089970588684
vt 0.8367239832878113 0.8369190096855164
vt 0.8367879986763 0.9349409937858582
vt 0.8368110060691833 0.5960829854011536
vt 0.8368459939956665 0.29563799500465393
vt 0.8371700048446655 0.6895840167999268
vt 0.837270975112915 0.9657220244407654
vt 0.8374829888343811 0.8890420198440552
vt 0.8374829888343811 0.9250540137290955
vt 0.8374829888343811 0.9491609930992126
vt 0.8375260233879089 0.27697500586509705
vt 0.8375920057296753 0.6812779903411865
vt 0.8380619883537292 0.8417289853096008
vt 0.8380619883537292 0.8725169897079468
vt 0.8383439779281616 0.29043200612068176
vt 0.8389120101928711 0.30416199564933777
vt 0.8390100002288818 0.09752999991178513
vt 0.8391690254211426 0.1695600003004074
vt 0.8391690254211426 0.21425800025463104
vt 0.8391759991645813 0.7406129837036133
vt 0.8391759991645813 0.7684990167617798
vt 0.8391759991645813 0.7725039720535278
vt 0.8397700190544128 0.39782699942588806
vt 0.8397700190544128 0.45863398909568787
vt 0.8401389718055725 0.9531660079956055
vt 0.8401389718055725 0.9680590033531189
vt 0.8401830196380615 0.01673400029540062
vt 0.8401830196380615 0.0595100000500679
vt 0.8401830196380615 0.06351500004529953
vt 0.8401830196380615 0.08778200298547745
vt 0.8404579758644104 0.4870400130748749
vt 0.8404579758644104 0.5299059748649597
vt 0.8407289981842041 0.7859089970588684
vt 0.8407289981842041 0.8304229974746704
vt 0.841530978679657 0.22668099403381348
vt 0.8415470123291016 0.16082100570201874
vt 0.8415970206260681 0.6447970271110535
vt 0.8415970206260681 0.6692379713058472
vt 0.8415970206260681 0.7140030264854431
vt 0.8416060209274292 0.5142499804496765
vt 0.8416249752044678 0.1907390058040619
vt 0.8417459726333618 0.9199420213699341
vt 0.8417530059814453 0.6628710031509399
vt 0.8419229984283447 0.29921698570251465
vt 0.8422620296478271 0.0020020001102238894
vt 0.8422620296478271 0.01247899979352951
vt 0.8424000144004822 0.6196150183677673
vt 0.8426399827003479 0.5510960221290588
vt 0.8426399827003479 0.6061519980430603
vt 0.8427209854125977 0.8393660187721252
vt 0.8428699970245361 0.30338799953460693
vt 0.8428699970245361 0.38534998893737793
vt 0.8429719805717468 0.5005199909210205
vt 0.8433669805526733 0.687283992767334
vt 0.8436269760131836 0.8748599886894226
vt 0.8437560200691223 0.8807709813117981
vt 0.8437560200691223 0.9159370064735413
vt 0.8442109823226929 0.9405149817466736
vt 0.8442280292510986 0.9586700201034546
vt 0.8449429869651794 0.6468539834022522
vt 0.8450809717178345 0.7815120220184326
vt 0.8454499840736389 0.6991379857063293
vt 0.8454660177230835 0.038203999400138855
vt 0.8455520272254944 0.09675399959087372
vt 0.8455520272254944 0.15629099309444427
vt 0.8455780148506165 0.9759650230407715
vt 0.8458279967308044 0.636489987373352
vt 0.8458799719810486 0.7927809953689575
vt 0.8458809852600098 0.40018099546432495
vt 0.8459280133247375 0.2840229868888855
vt 0.8459280133247375 0.29921698570251465
vt 0.8461620211601257 0.71213299036026
vt 0.8462669849395752 0.002002999885007739
vt 0.8462669849395752 0.012209000065922737
vt 0.846576988697052 0.9446930289268494
vt 0.8466449975967407 0.592303991317749
vt 0.8466449975967407 0.6113989949226379
vt 0.8468369841575623 0.08316700160503387
vt 0.8468459844589233 0.49276700615882874
vt 0.846875011920929 0.30338799953460693
vt 0.846875011920929 0.3487060070037842
vt 0.846875011920929 0.3529149889945984
vt 0.846875011920929 0.36931899189949036
vt 0.8470669984817505 0.5468900203704834
vt 0.8474419713020325 0.12659099698066711
vt 0.8475210070610046 0.7725039720535278
vt 0.8483870029449463 0.21232500672340393
vt 0.8484669923782349 0.7237640023231506
vt 0.8485410213470459 0.14813700318336487
vt 0.8485410213470459 0.16459499299526215
vt 0.8486549854278564 0.06509099900722504
vt 0.8486610054969788 0.7650660276412964
vt 0.8486989736557007 0.1861339956521988
vt 0.848812997341156 0.5973520278930664
vt 0.8489410281181335 0.2874560058116913
vt 0.8489530086517334 0.2245599925518036
vt 0.8489530086517334 0.27743101119995117
vt 0.849049985408783 0.36289700865745544
vt 0.8492389917373657 0.05933599919080734
vt 0.8495010137557983 0.6200309991836548
vt 0.8498849868774414 0.4344399869441986
vt 0.8499940037727356 0.4165840148925781
vt 0.8500480055809021 0.610505998134613
vt 0.8500609993934631 0.08350499719381332
vt 0.8501880168914795 0.018036000430583954
vt 0.8502079844474792 0.8289549946784973
vt 0.8502079844474792 0.8344280123710632
vt 0.8502079844474792 0.87676602602005
vt 0.8502079844474792 0.8856710195541382
vt 0.8502079844474792 0.9208300113677979
vt 0.8502079844474792 0.9406880140304565
vt 0.8502079844474792 0.9548400044441223
vt 0.8502079844474792 0.9633070230484009
vt 0.8502079844474792 0.9673119783401489
vt 0.8502079844474792 0.9785659909248352
vt 0.8502410054206848 0.6013569831848145
vt 0.8502410054206848 0.6155279874801636
vt 0.8502600193023682 0.14413200318813324
vt 0.8505510091781616 0.6745730042457581
vt 0.8506889939308167 0.6430469751358032
vt 0.8506889939308167 0.6652330160140991
vt 0.8509860038757324 0.4732089936733246
vt 0.8509860038757324 0.5127210021018982
vt 0.8511099815368652 0.5306100249290466
vt 0.8521029949188232 0.11237700283527374
vt 0.8526660203933716 0.7537580132484436
vt 0.8527039885520935 0.16002599895000458
vt 0.8527039885520935 0.1926479935646057
vt 0.8529369831085205 0.0928879976272583
vt 0.8529369831085205 0.13047699630260468
vt 0.8529580235481262 0.26423901319503784
vt 0.8529580235481262 0.2739790081977844
vt 0.8531349897384644 0.4421600103378296
vt 0.8532050251960754 0.010858999565243721
vt 0.8536409735679626 0.003527000080794096
vt 0.8538500070571899 0.32219499349594116
vt 0.8538560271263123 0.7237640023231506
vt 0.8538669943809509 0.39782699942588806
vt 0.8539389967918396 0.3661699891090393
vt 0.8541010022163391 0.0787929967045784
vt 0.8541929721832275 0.060447998344898224
vt 0.8542129993438721 0.7859089970588684
vt 0.8542129993438721 0.8308640122413635
vt 0.8542129993438721 0.852603018283844
vt 0.8542129993438721 0.889972984790802
vt 0.8542129993438721 0.8960880041122437
vt 0.8542129993438721 0.9185370206832886
vt 0.8542129993438721 0.939860999584198
vt 0.854345977306366 0.2245599925518036
vt 0.8545560240745544 0.7000110149383545
vt 0.8546890020370483 0.5182549953460693
vt 0.8546890020370483 0.5470219850540161
vt 0.8546940088272095 0.6135709881782532
vt 0.8546940088272095 0.6323149800300598
vt 0.8549910187721252 0.4523710012435913
vt 0.8549910187721252 0.46920400857925415
vt 0.8549910187721252 0.4882340133190155
vt 0.8551009893417358 0.5510960221290588
vt 0.8551009893417358 0.5929250121116638
vt 0.8551880121231079 0.657634973526001
vt 0.85521000623703 0.01673400029540062
vt 0.855338990688324 0.9503650069236755
vt 0.8554099798202515 0.3864330053329468
vt 0.8554109930992126 0.34891000390052795
vt 0.8559960126876831 0.3761250078678131
vt 0.8560320138931274 0.9358559846878052
vt 0.8566409945487976 0.6738889813423157
vt 0.8569419980049133 0.0928879976272583
vt 0.8569419980049133 0.12923799455165863
vt 0.8569419980049133 0.14498500525951385
vt 0.8569930195808411 0.06935299932956696
vt 0.8570870161056519 0.15391099452972412
vt 0.8573750257492065 0.2699739933013916
vt 0.8576459884643555 0.010711000300943851
vt 0.8578630089759827 0.9577959775924683
vt 0.8578630089759827 0.9727370142936707
vt 0.8581330180168152 0.14026999473571777
vt 0.8583400249481201 0.4175199866294861
vt 0.858597993850708 0.3995470106601715
vt 0.858597993850708 0.43505001068115234
vt 0.8586570024490356 0.3612399995326996
vt 0.8586940169334412 0.527213990688324
vt 0.8586940169334412 0.5470219850540161
vt 0.8590980172157288 0.9076370000839233
vt 0.8591049909591675 0.21425800025463104
vt 0.8591060042381287 0.5510960221290588
vt 0.8591060042381287 0.59859299659729
vt 0.859142005443573 0.5831599831581116
vt 0.8591510057449341 0.7278220057487488
vt 0.8591510057449341 0.7782250046730042
vt 0.8592010140419006 0.16261400282382965
vt 0.8594160079956055 0.3024140000343323
vt 0.8598470091819763 0.3441610038280487
vt 0.8600159883499146 0.6808559894561768
vt 0.8602370023727417 0.6231979727745056
vt 0.8607069849967957 0.6196150183677673
vt 0.8607069849967957 0.6538580060005188
vt 0.8607969880104065 0.02163900062441826
vt 0.8607969880104065 0.06726899743080139
vt 0.8607969880104065 0.07335799932479858
vt 0.8607969880104065 0.08843500167131424
vt 0.861283004283905 0.23447400331497192
vt 0.861283004283905 0.26929301023483276
vt 0.8616020083427429 0.4654009938240051
vt 0.8621219992637634 0.5915820002555847
vt 0.8622980117797852 0.7877449989318848
vt 0.862555980682373 0.11433400213718414
vt 0.8626030087471008 0.42167600989341736
vt 0.8626620173454285 0.3529149889945984
vt 0.8626620173454285 0.38991299271583557
vt 0.8631560206413269 0.7281200289726257
vt 0.8632060289382935 0.16002599895000458
vt 0.8632060289382935 0.21592000126838684
vt 0.8635830283164978 0.745618999004364
vt 0.8636410236358643 0.9405509829521179
vt 0.8636410236358643 0.9537910223007202
vt 0.8636410236358643 0.9662560224533081
vt 0.8640649914741516 0.4732089936733246
vt 0.8640649914741516 0.5132409930229187
vt 0.8641409873962402 0.1271039992570877
vt 0.8641420006752014 0.0020020001102238894
vt 0.8646039962768555 0.4437260031700134
vt 0.8647109866142273 0.6356019973754883
vt 0.864799976348877 0.6026219725608826
vt 0.864799976348877 0.6156100034713745
vt 0.8648020029067993 0.01673400029540062
vt 0.8648020029067993 0.06143200024962425
vt 0.8648020029067993 0.07942099869251251
vt 0.8648939728736877 0.9185370206832886
vt 0.8650580048561096 0.8348690271377563
vt 0.8652880191802979 0.25743699073791504
vt 0.865356981754303 0.699383020401001
vt 0.865909993648529 0.010711000300943851
vt 0.8660929799079895 0.5427650213241577
vt 0.8661860227584839 0.6855059862136841
vt 0.8661860227584839 0.7140030264854431
vt 0.8662539720535278 0.559840977191925
vt 0.8662819862365723 0.4470809996128082
vt 0.866303026676178 0.7859089970588684
vt 0.866303026676178 0.8258770108222961
vt 0.8663970232009888 0.34891000390052795
vt 0.8665390014648438 0.30135899782180786
vt 0.8665390014648438 0.33906400203704834
vt 0.8667969703674316 0.1442749947309494
vt 0.8667969703674316 0.1552940011024475
vt 0.8670129776000977 0.8977090120315552
vt 0.8670129776000977 0.9145320057868958
vt 0.867048978805542 0.6691200137138367
vt 0.8670549988746643 0.6559100151062012
vt 0.8672789931297302 0.8685219883918762
vt 0.8672789931297302 0.8920829892158508
vt 0.8673790097236633 0.8416759967803955
vt 0.8673790097236633 0.8645169734954834
vt 0.8675320148468018 0.3705820143222809
vt 0.8679659962654114 0.0819149985909462
vt 0.8680700063705444 0.5144450068473816
vt 0.8681449890136719 0.10438799858093262
vt 0.8683509826660156 0.07856199890375137
vt 0.8685470223426819 0.1769140064716339
vt 0.8686839938163757 0.22813600301742554
vt 0.8688859939575195 0.0928879976272583
vt 0.8689749836921692 0.0675320029258728
vt 0.8691009879112244 0.07328200340270996
vt 0.8691909909248352 0.39782699942588806
vt 0.8691909909248352 0.42684701085090637
vt 0.8692730069160461 0.35635900497436523
vt 0.8693199753761292 0.7237640023231506
vt 0.8693199753761292 0.7749300003051758
vt 0.8693490028381348 0.08679699897766113
vt 0.869513988494873 0.2941789925098419
vt 0.8697959780693054 0.2739790081977844
vt 0.8699139952659607 0.0020020001102238894
vt 0.8699139952659607 0.010824000462889671
vt 0.8701909780502319 0.6808559894561768
vt 0.8701909780502319 0.7186700105667114
vt 0.8702589869499207 0.5540869832038879
vt 0.8702589869499207 0.5998870134353638
vt 0.8702769875526428 0.4838399887084961
vt 0.8703659772872925 0.6154239773750305
vt 0.8705440163612366 0.32658201456069946
vt 0.8708770275115967 0.463918000459671
vt 0.8709179759025574 0.6625270247459412
vt 0.8710039854049683 0.02241699956357479
vt 0.8711649775505066 0.6196150183677673
vt 0.8711649775505066 0.6468350291252136
vt 0.8713840246200562 0.8619750142097473
vt 0.8713840246200562 0.8825860023498535
vt 0.8713840246200562 0.9023330211639404
vt 0.8713840246200562 0.929656982421875
vt 0.8713840246200562 0.9450500011444092
vt 0.8713840246200562 0.9536659717559814
vt 0.8713840246200562 0.9667249917984009
vt 0.8715029954910278 0.45160698890686035
vt 0.8722820281982422 0.3856019973754883
vt 0.8725519776344299 0.15602099895477295
vt 0.8725519776344299 0.16002599895000458
vt 0.8725519776344299 0.21040800213813782
vt 0.8729879856109619 0.08162999898195267
vt 0.873196005821228 0.39782699942588806
vt 0.873196005821228 0.44055500626564026
vt 0.8732349872589111 0.34527599811553955
vt 0.873324990272522 0.747596025466919
vt 0.873324990272522 0.7816479802131653
vt 0.8737429976463318 0.2245599925518036
vt 0.8737429976463318 0.2650420069694519
vt 0.8737710118293762 0.31247401237487793
vt 0.8740460276603699 0.5064290165901184
vt 0.8743169903755188 0.4732089936733246
vt 0.8743169903755188 0.5222809910774231
vt 0.8744660019874573 0.8223369717597961
vt 0.874737024307251 0.7861970067024231
vt 0.8750090003013611 0.06426499783992767
vt 0.875074028968811 0.08268500119447708
vt 0.8751699924468994 0.6686450242996216
vt 0.8755080103874207 0.4464290142059326
vt 0.8755080103874207 0.46920400857925415
vt 0.8755139708518982 0.003476999932900071
vt 0.8755390048027039 0.5453420281410217
vt 0.8758400082588196 0.8348690271377563
vt 0.8758509755134583 0.09611299633979797
vt 0.8759120106697083 0.6196150183677673
vt 0.8759570121765137 0.09351599961519241
vt 0.8759570121765137 0.13486100733280182
vt 0.8762869834899902 0.3890959918498993
vt 0.8764269948005676 0.012652999721467495
vt 0.8770359754562378 0.30135899782180786
vt 0.8772330284118652 0.5510960221290588
vt 0.8772330284118652 0.595881998538971
vt 0.8775280117988586 0.16852900385856628
vt 0.8776630163192749 0.32085299491882324
vt 0.8776630163192749 0.336201012134552
vt 0.8777480125427246 0.24889500439167023
vt 0.8777480125427246 0.2748749852180481
vt 0.8779760003089905 0.2700969874858856
vt 0.8782190084457397 0.19769899547100067
vt 0.8783209919929504 0.4732089936733246
vt 0.8783209919929504 0.5209659934043884
vt 0.8785169720649719 0.8414419889450073
vt 0.8785169720649719 0.8785809874534607
vt 0.8785330057144165 0.2830199897289276
vt 0.8785820007324219 0.7741090059280396
vt 0.878741979598999 0.8292800188064575
vt 0.8788290023803711 0.6898940205574036
vt 0.8788700103759766 0.7237640023231506
vt 0.8789799809455872 0.9602100253105164
vt 0.8790280222892761 0.7816479802131653
vt 0.8795139789581299 0.9063379764556885
vt 0.8795139789581299 0.9313989877700806
vt 0.8795440196990967 0.5307580232620239
vt 0.8796499967575073 0.7457820177078247
vt 0.8796499967575073 0.7701039910316467
vt 0.8797709941864014 0.6268720030784607
vt 0.8797709941864014 0.675242006778717
vt 0.8798800110816956 0.3991209864616394
vt 0.8799620270729065 0.0928879976272583
vt 0.8799620270729065 0.1367110013961792
vt 0.8802260160446167 0.45008599758148193
vt 0.8803470134735107 0.43485599756240845
vt 0.8804320096969604 0.010963999666273594
vt 0.8808860182762146 0.01673400029540062
vt 0.8808860182762146 0.064690001308918
vt 0.8810250163078308 0.8157029747962952
vt 0.881089985370636 0.07153700292110443
vt 0.881089985370636 0.08866900205612183
vt 0.8812379837036133 0.5667200088500977
vt 0.8812909722328186 0.2245599925518036
vt 0.8813499808311462 0.11071500182151794
vt 0.8813639879226685 0.29033300280570984
vt 0.8816419839859009 0.002002999885007739
vt 0.881667971611023 0.30135899782180786
vt 0.881667971611023 0.34583398699760437
vt 0.8817300200462341 0.9354040026664734
vt 0.8817300200462341 0.9496610164642334
vt 0.8822240233421326 0.16002599895000458
vt 0.8822240233421326 0.19971700012683868
vt 0.8822240233421326 0.2037220001220703
vt 0.8822240233421326 0.22030499577522278
vt 0.8825219869613647 0.8620529770851135
vt 0.8833649754524231 0.14109300076961517
vt 0.8836550116539001 0.7689070105552673
vt 0.8837479948997498 0.5253710150718689
vt 0.8837479948997498 0.5470219850540161
vt 0.8837760090827942 0.6661859750747681
vt 0.8837760090827942 0.6977409720420837
vt 0.884086012840271 0.2312610000371933
vt 0.884086012840271 0.2686080038547516
vt 0.884128987789154 0.6410409808158875
vt 0.8841620087623596 0.47507598996162415
vt 0.8843520283699036 0.39782699942588806
vt 0.8843520283699036 0.42594900727272034
vt 0.8843520283699036 0.4444659948348999
vt 0.8845900297164917 0.8987240195274353
vt 0.8847280144691467 0.3529149889945984
vt 0.8847280144691467 0.3897700011730194
vt 0.8848909735679626 0.01673400029540062
vt 0.8848909735679626 0.06198300048708916
vt 0.8849869966506958 0.5944719910621643
vt 0.885125994682312 0.09483200311660767
vt 0.8851609826087952 0.06973599642515182
vt 0.8853340148925781 0.15602099895477295
vt 0.8854230046272278 0.7859089970588684
vt 0.8854420185089111 0.8292800188064575
vt 0.8857049942016602 0.5998870134353638
vt 0.8864380121231079 0.11579400300979614
vt 0.8866950273513794 0.7040089964866638
vt 0.8866950273513794 0.7701039910316467
vt 0.887474000453949 0.4031969904899597
vt 0.8875510096549988 0.16026699542999268
vt 0.8877609968185425 0.5510969758033752
vt 0.8877609968185425 0.5877580046653748
vt 0.8879010081291199 0.30691099166870117
vt 0.8880209922790527 0.010963999666273594
vt 0.8880550265312195 0.8785349726676941
vt 0.8880900144577026 0.24074000120162964
vt 0.8880900144577026 0.26640400290489197
vt 0.8881670236587524 0.48158198595046997
vt 0.8881670236587524 0.5094180107116699
vt 0.8881670236587524 0.522113025188446
vt 0.8883249759674072 0.9158620238304138
vt 0.8883249759674072 0.9367129802703857
vt 0.8883249759674072 0.968047022819519
vt 0.8885459899902344 0.43419599533081055
vt 0.8887330293655396 0.38116300106048584
vt 0.8888289928436279 0.8348690271377563
vt 0.8888289928436279 0.8634229898452759
vt 0.8889319896697998 0.6196150183677673
vt 0.889074981212616 0.21257300674915314
vt 0.8890960216522217 0.6370769739151001
vt 0.8890960216522217 0.6678720116615295
vt 0.8894469738006592 0.8042219877243042
vt 0.8895549774169922 0.19071699678897858
vt 0.889735996723175 0.3529149889945984
vt 0.8904430270195007 0.13062900304794312
vt 0.8906999826431274 0.7437610030174255
vt 0.8906999826431274 0.7477660179138184
vt 0.8906999826431274 0.7794079780578613
vt 0.8907269835472107 0.053259000182151794
vt 0.8907269835472107 0.06598799675703049
vt 0.8907269835472107 0.0887330025434494
vt 0.8914750218391418 0.7040089964866638
vt 0.8917660117149353 0.5522329807281494
vt 0.8917660117149353 0.6090750098228455
vt 0.8918870091438293 0.27410200238227844
vt 0.8918870091438293 0.2952820062637329
vt 0.8919060230255127 0.30135899782180786
vt 0.8919060230255127 0.342397004365921
vt 0.8920260071754456 0.011955000460147858
vt 0.8924070000648499 0.40289101004600525
vt 0.8928340077400208 0.8348690271377563
vt 0.8928340077400208 0.8712049722671509
vt 0.8928340077400208 0.8782029747962952
vt 0.8928340077400208 0.9108740091323853
vt 0.8931009769439697 0.6562889814376831
vt 0.8934590220451355 0.13808199763298035
vt 0.8934590220451355 0.15401799976825714
vt 0.893559992313385 0.17690399289131165
vt 0.893559992313385 0.20150800049304962
vt 0.893559992313385 0.2202409952878952
vt 0.8936449885368347 0.4732089936733246
vt 0.8937010169029236 0.5287789702415466
vt 0.8938660025596619 0.35400301218032837
vt 0.8938779830932617 0.6477010250091553
vt 0.8940470218658447 0.9594050049781799
vt 0.8940470218658447 0.974141001701355
vt 0.8942869901657104 0.2245599925518036
vt 0.8944669961929321 0.0928879976272583
vt 0.8945260047912598 0.24355800449848175
vt 0.8945369720458984 0.43820101022720337
vt 0.8945369720458984 0.46783700585365295
vt 0.8947319984436035 0.03655499964952469
vt 0.8947319984436035 0.05714400112628937
vt 0.8947319984436035 0.08608599752187729
vt 0.8947849869728088 0.8199309706687927
vt 0.8950589895248413 0.934902012348175
vt 0.8950589895248413 0.9553999900817871
vt 0.8951290249824524 0.197503000497818
vt 0.8951359987258911 0.6718770265579224
vt 0.8951359987258911 0.6980800032615662
vt 0.8959749937057495 0.3785420060157776
vt 0.8959749937057495 0.39129701256752014
vt 0.8960319757461548 0.5064749717712402
vt 0.896291971206665 0.6196150183677673
vt 0.8964120149612427 0.3960129916667938
vt 0.8964120149612427 0.4266670048236847
vt 0.8967080116271973 0.0020020001102238894
vt 0.8967480063438416 0.8137400150299072
vt 0.8967810273170471 0.776183009147644
vt 0.8968369960784912 0.5134220123291016
vt 0.8968369960784912 0.546343982219696
vt 0.8969299793243408 0.7312750220298767
vt 0.8971920013427734 0.10505600273609161
vt 0.8971920013427734 0.13290199637413025
vt 0.8974320292472839 0.7437610030174255
vt 0.897445023059845 0.34249699115753174
vt 0.8979309797286987 0.7859089970588684
vt 0.8979309797286987 0.805059015750885
vt 0.8980270028114319 0.6028199791908264
vt 0.898235023021698 0.9733520150184631
vt 0.8982499837875366 0.31306201219558716
vt 0.8985310196876526 0.2245599925518036
vt 0.8985310196876526 0.27054598927497864
vt 0.8985310196876526 0.27455100417137146
vt 0.8985310196876526 0.2965700030326843
vt 0.8987879753112793 0.011955000460147858
vt 0.8990640044212341 0.934902012348175
vt 0.8990640044212341 0.9575700163841248
vt 0.8991169929504395 0.8741980195045471
vt 0.8991400003433228 0.6619430184364319
vt 0.8991400003433228 0.6980800032615662
vt 0.8992549777030945 0.887274980545044
vt 0.8994079828262329 0.5906400084495544
vt 0.8994079828262329 0.6147300004959106
vt 0.8995789885520935 0.5510960221290588
vt 0.8995789885520935 0.5866349935531616
vt 0.8995810151100159 0.8667730093002319
vt 0.8996139764785767 0.7778779864311218
vt 0.8996880054473877 0.7546629905700684
vt 0.8999800086021423 0.35322099924087524
vt 0.8999800086021423 0.39129701256752014
vt 0.9000369906425476 0.4416329860687256
vt 0.9000369906425476 0.457379013299942
vt 0.9000369906425476 0.46138399839401245
vt 0.9000369906425476 0.49764299392700195
vt 0.9004290103912354 0.9148790240287781
vt 0.9004290103912354 0.9308969974517822
vt 0.9004300236701965 0.9107739925384521
vt 0.9005200266838074 0.6562889814376831
vt 0.9007130265235901 0.16002599895000458
vt 0.9007130265235901 0.19431400299072266
vt 0.9008409976959229 0.5134230256080627
vt 0.9008409976959229 0.5447909832000732
vt 0.9011970162391663 0.0928879976272583
vt 0.9011970162391663 0.13407699763774872
vt 0.9012579917907715 0.2790839970111847
vt 0.901436984539032 0.7319980263710022
vt 0.9019359946250916 0.7859089970588684
vt 0.9019359946250916 0.8220800161361694
vt 0.9019500017166138 0.43419599533081055
vt 0.9021250009536743 0.20379100739955902
vt 0.9021810293197632 0.01673400029540062
vt 0.9021810293197632 0.05313900113105774
vt 0.9022549986839294 0.3074989914894104
vt 0.9022549986839294 0.337007999420166
vt 0.9027929902076721 0.0020020001102238894
vt 0.9027929902076721 0.011692999862134457
vt 0.9029669761657715 0.2757120132446289
vt 0.9030579924583435 0.4064219892024994
vt 0.9032760262489319 0.42169898748397827
vt 0.9033030271530151 0.685683012008667
vt 0.9035840034484863 0.5510969758033752
vt 0.9035840034484863 0.5992169976234436
vt 0.9035859704017639 0.8367480039596558
vt 0.9036409854888916 0.8624119758605957
vt 0.9036809802055359 0.9375110268592834
vt 0.9036809802055359 0.9615749716758728
vt 0.9036809802055359 0.9751759767532349
vt 0.9036930203437805 0.7426019906997681
vt 0.9036930203437805 0.7794079780578613
vt 0.9037439823150635 0.2697269916534424
vt 0.9038789868354797 0.06949999928474426
vt 0.9039000272750854 0.5761290192604065
vt 0.9042040109634399 0.5094180107116699
vt 0.9044049978256226 0.3496919870376587
vt 0.9044349789619446 0.8905450105667114
vt 0.904524028301239 0.6145949959754944
vt 0.904524028301239 0.6562889814376831
vt 0.9047179818153381 0.16002599895000458
vt 0.9047179818153381 0.19508199393749237
vt 0.904757022857666 0.4647989869117737
vt 0.9057499766349792 0.3903050124645233
vt 0.9060260057449341 0.6639779806137085
vt 0.9061859846115112 0.01673400029540062
vt 0.9061859846115112 0.05263900011777878
vt 0.9064329862594604 0.21178199350833893
vt 0.9069250226020813 0.09530399739742279
vt 0.9069250226020813 0.1527090072631836
vt 0.9072809815406799 0.43422600626945496
vt 0.9074659943580627 0.5966989994049072
vt 0.9077200293540955 0.5728759765625
vt 0.9077489972114563 0.2634100019931793
vt 0.9077680110931396 0.30135899782180786
vt 0.9078840017318726 0.05992899835109711
vt 0.9079350233078003 0.9217489957809448
vt 0.9079350233078003 0.936805009841919
vt 0.9079350233078003 0.9408100247383118
vt 0.9079350233078003 0.9526110291481018
vt 0.9079350233078003 0.9566159844398499
vt 0.9079350233078003 0.9674950242042542
vt 0.90801602602005 0.2245599925518036
vt 0.9082469940185547 0.9092230200767517
vt 0.9087460041046143 0.7880769968032837
vt 0.9087619781494141 0.4631749987602234
vt 0.9088079929351807 0.7040089964866638
vt 0.9088079929351807 0.7382659912109375
vt 0.9088810086250305 0.524586021900177
vt 0.9090650081634521 0.7428839802742004
vt 0.9090660214424133 0.4940960109233856
vt 0.9090980291366577 0.317128986120224
vt 0.9097049832344055 0.00711899995803833
vt 0.9097110033035278 0.2917400002479553
vt 0.9097549915313721 0.34472501277923584
vt 0.9097549915313721 0.39129701256752014
vt 0.9097840189933777 0.6354110240936279
vt 0.9100149869918823 0.777629017829895
vt 0.9100310206413269 0.6629109978675842
vt 0.9104380011558533 0.2106260061264038
vt 0.9104380011558533 0.2202409952878952
vt 0.9105209708213806 0.8348690271377563
vt 0.9105209708213806 0.8696280121803284
vt 0.9109299778938293 0.10828600078821182
vt 0.9109299778938293 0.12885500490665436
vt 0.9109299778938293 0.1537719964981079
vt 0.911063015460968 0.0928879976272583
vt 0.9114720225334167 0.8782029747962952
vt 0.9114720225334167 0.9117439985275269
vt 0.9114959836006165 0.17461100220680237
vt 0.9117249846458435 0.5709699988365173
vt 0.9117249846458435 0.601095974445343
vt 0.9121770262718201 0.3960129916667938
vt 0.9124400019645691 0.4155920147895813
vt 0.9124400019645691 0.43754398822784424
vt 0.9126859903335571 0.021115999668836594
vt 0.9127510190010071 0.7973719835281372
vt 0.9127510190010071 0.8169000148773193
vt 0.9127510190010071 0.8278470039367676
vt 0.9128130078315735 0.7040089964866638
vt 0.9128130078315735 0.734673023223877
vt 0.9128860235214233 0.508991003036499
vt 0.9128860235214233 0.5413309931755066
vt 0.9131029844284058 0.30135899782180786
vt 0.9131029844284058 0.33135101199150085
vt 0.9132590293884277 0.22786100208759308
vt 0.9132590293884277 0.2643440067768097
vt 0.9135680198669434 0.3871389925479889
vt 0.913578987121582 0.48339301347732544
vt 0.9137099981307983 0.007534000091254711
vt 0.9137160181999207 0.2725909948348999
vt 0.9137160181999207 0.2965709865093231
vt 0.9137769937515259 0.46138399839401245
vt 0.9137769937515259 0.502955973148346
vt 0.9137889742851257 0.6157450079917908
vt 0.9137889742851257 0.6472659707069397
vt 0.9140200018882751 0.7426019906997681
vt 0.9140200018882751 0.7781800031661987
vt 0.9142919778823853 0.31735101342201233
vt 0.9145259857177734 0.8348690271377563
vt 0.9145259857177734 0.8720830082893372
vt 0.9145839810371399 0.4452750086784363
vt 0.9149630069732666 0.12484999746084213
vt 0.9153180122375488 0.05714400112628937
vt 0.9153180122375488 0.0880730003118515
vt 0.9154769778251648 0.9048669934272766
vt 0.9155009984970093 0.16002599895000458
vt 0.9155009984970093 0.20631499588489532
vt 0.91600102186203 0.5510960221290588
vt 0.9164450168609619 0.4000450074672699
vt 0.91669100522995 0.01673400029540062
vt 0.91669100522995 0.038426999002695084
vt 0.9167529940605164 0.5593079924583435
vt 0.9167529940605164 0.5906220078468323
vt 0.916799008846283 0.9568579792976379
vt 0.9172639846801758 0.2245599925518036
vt 0.9172639846801758 0.26139500737190247
vt 0.9173420071601868 0.21455000340938568
vt 0.9173910021781921 0.6619430184364319
vt 0.9173910021781921 0.6925830245018005
vt 0.9174010157585144 0.5447909832000732
vt 0.917572021484375 0.34472501277923584
vt 0.917572021484375 0.37861400842666626
vt 0.917572021484375 0.3888770043849945
vt 0.9176909923553467 0.10249800235033035
vt 0.9177820086479187 0.493476003408432
vt 0.9178619980812073 0.09335999935865402
vt 0.9178619980812073 0.1181349977850914
vt 0.9185889959335327 0.43374601006507874
vt 0.9185889959335327 0.457379013299942
vt 0.9186769723892212 0.5129439830780029
vt 0.9188609719276428 0.7859089970588684
vt 0.9190300107002258 0.9451820254325867
vt 0.91914302110672 0.28106600046157837
vt 0.919156014919281 0.19337600469589233
vt 0.9192299842834473 0.05013199895620346
vt 0.9193230271339417 0.05714400112628937
vt 0.9193230271339417 0.08393800258636475
vt 0.9194899797439575 0.917743980884552
vt 0.9195899963378906 0.8209050297737122
vt 0.9195899963378906 0.8302940130233765
vt 0.9197139739990234 0.6467220187187195
vt 0.919750988483429 0.7705870270729065
vt 0.9198290109634399 0.842287003993988
vt 0.9199060201644897 0.7994470000267029
vt 0.9200339913368225 0.7147169709205627
vt 0.9200659990310669 0.7067760229110718
vt 0.920117974281311 0.13476300239562988
vt 0.9202650189399719 0.8782029747962952
vt 0.9202650189399719 0.905709981918335
vt 0.9202659726142883 0.9307669997215271
vt 0.9203550219535828 0.6145949959754944
vt 0.9205499887466431 0.3095560073852539
vt 0.9207580089569092 0.5561429858207703
vt 0.9210519790649414 0.0032389999832957983
vt 0.9210519790649414 0.011692999862134457
vt 0.9211040139198303 0.07705000042915344
vt 0.9213950037956238 0.6619430184364319
vt 0.9213950037956238 0.6911399960517883
vt 0.9218670129776001 0.0928879976272583
vt 0.9219369888305664 0.4028480052947998
vt 0.922402024269104 0.2288849949836731
vt 0.9224389791488647 0.01858600042760372
vt 0.9225379824638367 0.396014004945755
vt 0.9225379824638367 0.4292890131473541
vt 0.9226719737052917 0.03849099949002266
vt 0.922681987285614 0.508991003036499
vt 0.922681987285614 0.5389950275421143
vt 0.9229509830474854 0.2799310088157654
vt 0.923160970211029 0.16002599895000458
vt 0.923160970211029 0.17003899812698364
vt 0.923160970211029 0.19993700087070465
vt 0.9232890009880066 0.3826189935207367
vt 0.9232890009880066 0.39180201292037964
vt 0.9233459830284119 0.21474599838256836
vt 0.923416018486023 0.37755799293518066
vt 0.9235090017318726 0.46138399839401245
vt 0.9235090017318726 0.4956749975681305
vt 0.9237560033798218 0.7426019906997681
vt 0.9237560033798218 0.7770259976387024
vt 0.9238340258598328 0.8648489713668823
vt 0.9239109754562378 0.7955340147018433
vt 0.9239109754562378 0.817546010017395
vt 0.9239109754562378 0.8307769894599915
vt 0.9240710139274597 0.6995199918746948
vt 0.9241229891777039 0.12885500490665436
vt 0.9241229891777039 0.15566900372505188
vt 0.9242709875106812 0.8782029747962952
vt 0.9242709875106812 0.9115399718284607
vt 0.9242709875106812 0.9155449867248535
vt 0.9242709875106812 0.9383580088615417
vt 0.9242709875106812 0.9546380043029785
vt 0.9242709875106812 0.9586430191993713
vt 0.9242709875106812 0.9700459837913513
vt 0.9243599772453308 0.6184530258178711
vt 0.9244089722633362 0.5946270227432251
vt 0.9244089722633362 0.6103119850158691
vt 0.9245550036430359 0.32440900802612305
vt 0.9245550036430359 0.33844301104545593
vt 0.9250569939613342 0.0032389999832957983
vt 0.9253590106964111 0.9343529939651489
vt 0.9256759881973267 0.5510960221290588
vt 0.9256759881973267 0.5886520147323608
vt 0.9257190227508545 0.19593200087547302
vt 0.9258700013160706 0.6537799835205078
vt 0.926406979560852 0.2245599925518036
vt 0.926406979560852 0.2541410028934479
vt 0.9265429973602295 0.3960129916667938
vt 0.9265429973602295 0.42288899421691895
vt 0.9266769886016846 0.01673400029540062
vt 0.9266769886016846 0.04796599969267845
vt 0.9269559979438782 0.2659139931201935
vt 0.9269559979438782 0.2965700030326843
vt 0.9270889759063721 0.12234500050544739
vt 0.9273120164871216 0.07713499665260315
vt 0.927420973777771 0.347339004278183
vt 0.9275140166282654 0.47265899181365967
vt 0.9275140166282654 0.5039229989051819
vt 0.927577018737793 0.4497160017490387
vt 0.9277660250663757 0.28585100173950195
vt 0.928022027015686 0.011726000346243382
vt 0.9280549883842468 0.004544000141322613
vt 0.9281290173530579 0.30135899782180786
vt 0.9282739758491516 0.6145949959754944
vt 0.9282739758491516 0.6545360088348389
vt 0.9282829761505127 0.16449500620365143
vt 0.9284480214118958 0.68886798620224
vt 0.928587019443512 0.8348690271377563
vt 0.928587019443512 0.8716149926185608
vt 0.9287170171737671 0.6979190111160278
vt 0.9287170171737671 0.734673023223877
vt 0.9287859797477722 0.0928879976272583
vt 0.9288340210914612 0.3296230137348175
vt 0.9290800094604492 0.7560759782791138
vt 0.9294149875640869 0.5178300142288208
vt 0.9296349883079529 0.4923050105571747
vt 0.9296810030937195 0.5510960221290588
vt 0.9296810030937195 0.5796899795532227
vt 0.9296810030937195 0.5836949944496155
vt 0.9296810030937195 0.6069350242614746
vt 0.9296950101852417 0.8988940119743347
vt 0.9304289817810059 0.9393699765205383
vt 0.9307559728622437 0.8183839917182922
vt 0.9308540225028992 0.2193329930305481
vt 0.9311000108718872 0.7859089970588684
vt 0.9311000108718872 0.8135409951210022
vt 0.9311820268630981 0.34472501277923584
vt 0.9311820268630981 0.3821119964122772
vt 0.9313169717788696 0.05714400112628937
vt 0.9313169717788696 0.08219999819993973
vt 0.931352972984314 0.14293700456619263
vt 0.931581974029541 0.45445600152015686
vt 0.9321560263633728 0.03759400174021721
vt 0.9321920275688171 0.9588479995727539
vt 0.9322090148925781 0.0032389999832957983
vt 0.9322789907455444 0.6145949959754944
vt 0.9322789907455444 0.6510689854621887
vt 0.9322879910469055 0.16002599895000458
vt 0.9322879910469055 0.18278899788856506
vt 0.9324049949645996 0.9542149901390076
vt 0.9324100017547607 0.2267020046710968
vt 0.9324529767036438 0.6619430184364319
vt 0.9324529767036438 0.6840800046920776
vt 0.9325600266456604 0.28919801115989685
vt 0.93259197473526 0.8432599902153015
vt 0.93259197473526 0.8626599907875061
vt 0.9327219724655151 0.6979190111160278
vt 0.9327219724655151 0.7325299978256226
vt 0.932790994644165 0.10373999923467636
vt 0.932790994644165 0.1168999969959259
vt 0.932790994644165 0.1246969997882843
vt 0.9328389763832092 0.30135899782180786
vt 0.9328389763832092 0.3216809928417206
vt 0.9328399896621704 0.33959099650382996
vt 0.9330300092697144 0.19993700087070465
vt 0.933085024356842 0.7426019906997681
vt 0.933085024356842 0.7617210149765015
vt 0.933085024356842 0.7815849781036377
vt 0.9334009885787964 0.3995870053768158
vt 0.9334200024604797 0.5280150175094604
vt 0.9336839914321899 0.5039229989051819
vt 0.9336990118026733 0.8782029747962952
vt 0.9336990118026733 0.9091780185699463
vt 0.9338319897651672 0.46138399839401245
vt 0.9338319897651672 0.48829999566078186
vt 0.9339709877967834 0.773360013961792
vt 0.9340850114822388 0.605364978313446
vt 0.9342139959335327 0.9155449867248535
vt 0.9347289800643921 0.8741559982299805
vt 0.93510502576828 0.7859089970588684
vt 0.93510502576828 0.8083840012550354
vt 0.93510502576828 0.8123890161514282
vt 0.93510502576828 0.8258939981460571
vt 0.9351869821548462 0.3496739864349365
vt 0.9351869821548462 0.372640997171402
vt 0.9353579878807068 0.12885500490665436
vt 0.9353579878807068 0.15230099856853485
vt 0.9354439973831177 0.5538330078125
vt 0.935903012752533 0.14544199407100677
vt 0.9360299706459045 0.624343991279602
vt 0.93613600730896 0.43374601006507874
vt 0.9361609816551208 0.021588999778032303
vt 0.9361609816551208 0.04028499871492386
vt 0.9361609816551208 0.050958000123500824
vt 0.936214029788971 0.005741000175476074
vt 0.9363279938697815 0.7774749994277954
vt 0.9364150166511536 0.2245599925518036
vt 0.9364150166511536 0.252810001373291
vt 0.9365649819374084 0.2659139931201935
vt 0.9365649819374084 0.27692899107933044
vt 0.936726987361908 0.7079480290412903
vt 0.937034010887146 0.19065900146961212
vt 0.937034010887146 0.2193329930305481
vt 0.9371600151062012 0.3819659948348999
vt 0.9373469948768616 0.5870460271835327
vt 0.9374060034751892 0.3960129916667938
vt 0.9374060034751892 0.4188080132007599
vt 0.9377710223197937 0.7717909812927246
vt 0.9378370046615601 0.46599000692367554
vt 0.9378370046615601 0.48633700609207153
vt 0.9382140040397644 0.07989999651908875
vt 0.9382190108299255 0.9285550117492676
vt 0.9382190108299255 0.9533770084381104
vt 0.9382190108299255 0.9669229984283447
vt 0.938355028629303 0.9048669934272766
vt 0.9384520053863525 0.01673400029540062
vt 0.9388980269432068 0.508991003036499
vt 0.9388980269432068 0.5369600057601929
vt 0.9390490055084229 0.5030969977378845
vt 0.9392780065536499 0.119828000664711
vt 0.9394490122795105 0.5526779890060425
vt 0.9397299885749817 0.8348690271377563
vt 0.9397299885749817 0.8586549758911133
vt 0.939935028553009 0.16353000700473785
vt 0.9400349855422974 0.6145949959754944
vt 0.9400349855422974 0.6370970010757446
vt 0.9400349855422974 0.6565039753913879
vt 0.9402099847793579 0.45445600152015686
vt 0.9403420090675354 0.6682279706001282
vt 0.9404569864273071 0.14329999685287476
vt 0.9405649900436401 0.1888359934091568
vt 0.9407320022583008 0.6979190111160278
vt 0.9407320022583008 0.7214599847793579
vt 0.9411560297012329 0.020047999918460846
vt 0.94132399559021 0.3121100068092346
vt 0.9413449764251709 0.28751900792121887
vt 0.9413520097732544 0.584106981754303
vt 0.9414510130882263 0.4691550135612488
vt 0.9415040016174316 0.7507680058479309
vt 0.9415429830551147 0.0928879976272583
vt 0.9415429830551147 0.11289499700069427
vt 0.9415730237960815 0.8124809861183167
vt 0.9416580200195312 0.8626599907875061
vt 0.9416940212249756 0.2185250073671341
vt 0.9417179822921753 0.24902600049972534
vt 0.9420760273933411 0.34472501277923584
vt 0.9420760273933411 0.36842700839042664
vt 0.9421200156211853 0.46324700117111206
vt 0.9422029852867126 0.7479940056800842
vt 0.942218005657196 0.07514099776744843
vt 0.9423320293426514 0.14950500428676605
vt 0.942359983921051 0.8782029747962952
vt 0.942359983921051 0.9047060012817383
vt 0.9424239993095398 0.6063359975814819
vt 0.9425240159034729 0.7961779832839966
vt 0.9428359866142273 0.04428999871015549
vt 0.9428359866142273 0.05301100015640259
vt 0.9429029822349548 0.5320029854774475
vt 0.9429029822349548 0.541504979133606
vt 0.9430869817733765 0.026148999109864235
vt 0.9431089758872986 0.0032389999832957983
vt 0.9431089758872986 0.011579999700188637
vt 0.9431130290031433 0.062217000871896744
vt 0.9437050223350525 0.7657259702682495
vt 0.9437050223350525 0.7794119715690613
vt 0.9437350034713745 0.8467699885368347
vt 0.9438139796257019 0.37243199348449707
vt 0.9438139796257019 0.3917520046234131
vt 0.9439399838447571 0.17040100693702698
vt 0.9441909790039062 0.9623889923095703
vt 0.9441909790039062 0.9751729965209961
vt 0.9442149996757507 0.4288780093193054
vt 0.9442149996757507 0.45445600152015686
vt 0.9442449808120728 0.27405598759651184
vt 0.9443470239639282 0.6619430184364319
vt 0.9443470239639282 0.6843519806861877
vt 0.944504976272583 0.4157229959964752
vt 0.9445539712905884 0.5510960221290588
vt 0.9445539712905884 0.5793650150299072
vt 0.9447029829025269 0.3256860077381134
vt 0.9447029829025269 0.3396199941635132
vt 0.945186972618103 0.9406179785728455
vt 0.945186972618103 0.9583839774131775
vt 0.9453290104866028 0.2991830110549927
vt 0.9453290104866028 0.3216809928417206
vt 0.9454190135002136 0.6411020159721375
vt 0.9455479979515076 0.0928879976272583
vt 0.9455479979515076 0.11032599955797195
vt 0.9456499814987183 0.46138399839401245
vt 0.9456499814987183 0.4823319911956787
vt 0.9456610083580017 0.8280789852142334
vt 0.9456629753112793 0.8609039783477783
vt 0.9456629753112793 0.8741559982299805
vt 0.9456989765167236 0.1888359934091568
vt 0.9456989765167236 0.211434006690979
vt 0.9457229971885681 0.2245599925518036
vt 0.9457229971885681 0.24749599397182465
vt 0.9457229971885681 0.2515009939670563
vt 0.9457229971885681 0.26165899634361267
vt 0.9459589719772339 0.9155449867248535
vt 0.9459589719772339 0.9366130232810974
vt 0.9460809826850891 0.3639810085296631
vt 0.9462080001831055 0.732725977897644
vt 0.9462080001831055 0.7617210149765015
vt 0.9463369846343994 0.12974800169467926
vt 0.946528971195221 0.7859089970588684
vt 0.946528971195221 0.8060219883918762
vt 0.9467589855194092 0.5836949944496155
vt 0.9467589855194092 0.6102920174598694
vt 0.9469169974327087 0.49323898553848267
vt 0.9470919966697693 0.01673400029540062
vt 0.9470919966697693 0.03514000028371811
vt 0.9471030235290527 0.6151009798049927
vt 0.9472290277481079 0.7115799784660339
vt 0.9472709894180298 0.006405999884009361
vt 0.9473789930343628 0.3440439999103546
vt 0.947521984577179 0.48633700609207153
vt 0.9477099776268005 0.7726569771766663
vt 0.947733998298645 0.9015769958496094
vt 0.9478189945220947 0.3796690106391907
vt 0.9482499957084656 0.2659139931201935
vt 0.9482499957084656 0.29016900062561035
vt 0.9484829902648926 0.5386520028114319
vt 0.9484829902648926 0.546625018119812
vt 0.9485049843788147 0.508991003036499
vt 0.9485049843788147 0.5346469879150391
vt 0.9485099911689758 0.3960129916667938
vt 0.9485099911689758 0.4185819923877716
vt 0.9485589861869812 0.5663340091705322
vt 0.9487079977989197 0.3370859920978546
vt 0.9496549963951111 0.4657610058784485
vt 0.9496600031852722 0.4308910071849823
vt 0.9497489929199219 0.05714400112628937
vt 0.9497489929199219 0.07804600149393082
vt 0.9498029947280884 0.6565039753913879
vt 0.9499250054359436 0.11327800154685974
vt 0.9499639868736267 0.9296950101852417
vt 0.9499639868736267 0.9531329870223999
vt 0.9499639868736267 0.967136025428772
vt 0.9499639868736267 0.978410005569458
vt 0.9499689936637878 0.16002599895000458
vt 0.9499689936637878 0.1840450018644333
vt 0.9500219821929932 0.04138699918985367
vt 0.9503030180931091 0.7657259702682495
vt 0.9503030180931091 0.7791780233383179
vt 0.9503899812698364 0.7429270148277283
vt 0.9505159854888916 0.6643790006637573
vt 0.9506959915161133 0.8711850047111511
vt 0.9507049918174744 0.8348690271377563
vt 0.9507049918174744 0.856764018535614
vt 0.9507349729537964 0.6825180053710938
vt 0.950764000415802 0.5836949944496155
vt 0.950764000415802 0.6090220212936401
vt 0.9509689807891846 0.12509900331497192
vt 0.9509689807891846 0.15230099856853485
vt 0.9511079788208008 0.6184759736061096
vt 0.951233983039856 0.6979190111160278
vt 0.951233983039856 0.723812997341156
vt 0.9513840079307556 0.25669801235198975
vt 0.9515269994735718 0.48633700609207153
vt 0.9515269994735718 0.5047609806060791
vt 0.9516069889068604 0.34744998812675476
vt 0.9516069889068604 0.36842700839042664
vt 0.9516429901123047 0.9155449867248535
vt 0.9516469836235046 0.31189098954200745
vt 0.9517390131950378 0.880774974822998
vt 0.9517989754676819 0.2301899939775467
vt 0.9519270062446594 0.19902299344539642
vt 0.9524350166320801 0.002114000031724572
vt 0.9524350166320801 0.012729000300168991
vt 0.9524350166320801 0.024261999875307083
vt 0.9525099992752075 0.5323129892349243
vt 0.9527140259742737 0.1032869964838028
vt 0.9531239867210388 0.5510960221290588
vt 0.9531239867210388 0.5782020092010498
vt 0.9531859755516052 0.2660450041294098
vt 0.9536640048027039 0.4315530061721802
vt 0.9536849856376648 0.8022159934043884
vt 0.9537069797515869 0.2737079858779907
vt 0.9537540078163147 0.05988499894738197
vt 0.9539740085601807 0.17061899602413177
vt 0.9540929794311523 0.3296239972114563
vt 0.9540929794311523 0.3396199941635132
vt 0.9543949961662292 0.732725977897644
vt 0.9543949961662292 0.7547360062599182
vt 0.9543949961662292 0.764818012714386
vt 0.9545580148696899 0.4047429859638214
vt 0.9547100067138672 0.8100870251655579
vt 0.9547100067138672 0.8308640122413635
vt 0.9547100067138672 0.8348690271377563
vt 0.9547100067138672 0.8612470030784607
vt 0.954725980758667 0.9274960160255432
vt 0.954725980758667 0.9419479966163635
vt 0.9547399878501892 0.6546940207481384
vt 0.9547399878501892 0.6668869853019714
vt 0.954787015914917 0.07934600114822388
vt 0.9549390077590942 0.37243199348449707
vt 0.9549390077590942 0.390949010848999
vt 0.9549739956855774 0.12509900331497192
vt 0.9549739956855774 0.14437200129032135
vt 0.9549779891967773 0.9704499840736389
vt 0.9550489783287048 0.4589579999446869
vt 0.9552540183067322 0.4653649926185608
vt 0.9552540183067322 0.4823319911956787
vt 0.9556120038032532 0.35983601212501526
vt 0.9556519985198975 0.3195340037345886
vt 0.9558039903640747 0.22971099615097046
vt 0.9558039903640747 0.2606329917907715
vt 0.9558380246162415 0.5904210209846497
vt 0.9559320211410522 0.1888359934091568
vt 0.9559320211410522 0.20892900228500366
vt 0.9560369849205017 0.7189189791679382
vt 0.9564399719238281 0.011117000132799149
vt 0.9564399719238281 0.043248001486063004
vt 0.9564719796180725 0.9459530115127563
vt 0.9564719796180725 0.9631310105323792
vt 0.9565659761428833 0.8782029747962952
vt 0.9565659761428833 0.9039210081100464
vt 0.9565849900245667 0.508991003036499
vt 0.9565849900245667 0.5373629927635193
vt 0.9567189812660217 0.0928879976272583
vt 0.9567189812660217 0.11623500287532806
vt 0.9571279883384705 0.5590789914131165
vt 0.9574059844017029 0.6251789927482605
vt 0.957427978515625 0.6145949959754944
vt 0.957427978515625 0.6355810165405273
vt 0.9576900005340576 0.7859089970588684
vt 0.9576900005340576 0.8052710294723511
vt 0.9576960206031799 0.24350500106811523
vt 0.9577119946479797 0.27411699295043945
vt 0.9577199816703796 0.002114000031724572
vt 0.9580090045928955 0.6489719748497009
vt 0.9581670165061951 0.49290698766708374
vt 0.9583929777145386 0.24751000106334686
vt 0.9583969712257385 0.4288780093193054
vt 0.9583969712257385 0.4548119902610779
vt 0.9585630297660828 0.3960129916667938
vt 0.9585630297660828 0.41665199398994446
vt 0.9587309956550598 0.9274160265922546
vt 0.958778977394104 0.8583419919013977
vt 0.9588050246238708 0.17139999568462372
vt 0.9589440226554871 0.37243199348449707
vt 0.9589440226554871 0.3891969919204712
vt 0.9590089917182922 0.16002599895000458
vt 0.9590089917182922 0.1835869997739792
vt 0.9592589735984802 0.4637030065059662
vt 0.9592620134353638 0.05714400112628937
vt 0.9592620134353638 0.07456299662590027
vt 0.9592999815940857 0.2991830110549927
vt 0.9592999815940857 0.3256070017814636
vt 0.9594659805297852 0.758741021156311
vt 0.9594659805297852 0.7817080020904541
vt 0.9595180153846741 0.01673400029540062
vt 0.9595180153846741 0.04523399844765663
vt 0.9598429799079895 0.5971580147743225
vt 0.9599130153656006 0.7459359765052795
vt 0.9600419998168945 0.7067520022392273
vt 0.9600419998168945 0.7181969881057739
vt 0.9600419998168945 0.7267699837684631
vt 0.9602720141410828 0.6619430184364319
vt 0.9602720141410828 0.6830189824104309
vt 0.9603750109672546 0.8222429752349854
vt 0.9604769945144653 0.9536759853363037
vt 0.9604769945144653 0.9687079787254333
vt 0.9604769945144653 0.9795190095901489
vt 0.9605709910392761 0.8782029747962952
vt 0.9605709910392761 0.8993669748306274
vt 0.9605900049209595 0.5194720029830933
vt 0.9605900049209595 0.5319100022315979
vt 0.9605900049209595 0.5461030006408691
vt 0.9609590172767639 0.9647030234336853
vt 0.9610390067100525 0.27695098519325256
vt 0.9610620141029358 0.12950299680233002
vt 0.9611030220985413 0.10473000258207321
vt 0.961247980594635 0.2659139931201935
vt 0.961247980594635 0.2919130027294159
vt 0.9613540172576904 0.6401739716529846
vt 0.9613540172576904 0.6579380035400391
vt 0.9613710045814514 0.5510969758033752
vt 0.9613710045814514 0.5747439861297607
vt 0.9614329934120178 0.6053109765052795
vt 0.9614329934120178 0.6188730001449585
vt 0.9615309834480286 0.19080300629138947
vt 0.9618920087814331 0.2245599925518036
vt 0.9618920087814331 0.23866699635982513
vt 0.9619479775428772 0.3440450131893158
vt 0.9619479775428772 0.36258500814437866
vt 0.9621719717979431 0.48833200335502625
vt 0.9621719717979431 0.5047609806060791
vt 0.9624019861221313 0.4288780093193054
vt 0.9624019861221313 0.4469430148601532
vt 0.96247798204422 0.011117000132799149
vt 0.9627839922904968 0.8396139740943909
vt 0.9627839922904968 0.8557360172271729
vt 0.9627839922904968 0.8724820017814636
vt 0.9629420042037964 0.4739539921283722
vt 0.9629669785499573 0.7895539999008179
vt 0.9630140066146851 0.16002599895000458
vt 0.9630140066146851 0.18259499967098236
vt 0.9632670283317566 0.07166499644517899
vt 0.9633049964904785 0.2991830110549927
vt 0.9633049964904785 0.3174870014190674
vt 0.9633049964904785 0.3230150043964386
vt 0.963470995426178 0.758741021156311
vt 0.963470995426178 0.7784910202026367
vt 0.9635229706764221 0.01673400029540062
vt 0.9635229706764221 0.04037800058722496
vt 0.9635879993438721 0.9155449867248535
vt 0.9635879993438721 0.935929000377655
vt 0.9637230038642883 0.4127509891986847
vt 0.9639179706573486 0.7431409955024719
vt 0.9639400243759155 0.2606329917907715
vt 0.9640139937400818 0.7041829824447632
vt 0.9641540050506592 0.6131139993667603
vt 0.9642770290374756 0.6782829761505127
vt 0.9643800258636475 0.8099740147590637
vt 0.9643800258636475 0.8308640122413635
vt 0.9646099805831909 0.9725300073623657
vt 0.9649249911308289 0.8831319808959961
vt 0.9650670289993286 0.13328999280929565
vt 0.9651079773902893 0.09629400074481964
vt 0.9652529954910278 0.2659139931201935
vt 0.9652529954910278 0.2850399911403656
vt 0.9653390049934387 0.3778110146522522
vt 0.9653589725494385 0.6415309906005859
vt 0.9653589725494385 0.6579380035400391
vt 0.9653760194778442 0.5564010143280029
vt 0.9655150175094604 0.508991003036499
vt 0.9655150175094604 0.5279049873352051
vt 0.9655359983444214 0.1888359934091568
vt 0.9655359983444214 0.20373199880123138
vt 0.9655359983444214 0.20841999351978302
vt 0.9655359983444214 0.21918299794197083
vt 0.9656190276145935 0.5836949944496155
vt 0.9656190276145935 0.601248025894165
vt 0.9656360149383545 0.9459530115127563
vt 0.9656360149383545 0.9554799795150757
vt 0.9657610058784485 0.07733099907636642
vt 0.9658960103988647 0.22534699738025665
vt 0.96595299243927 0.35548898577690125
vt 0.9663159847259521 0.7226740121841431
vt 0.9664049744606018 0.6171190142631531
vt 0.9664049744606018 0.6355810165405273
vt 0.966405987739563 0.4589579999446869
vt 0.966405987739563 0.4670349955558777
vt 0.9664139747619629 0.6979190111160278
vt 0.9664139747619629 0.7141919732093811
vt 0.9664829969406128 0.00801400002092123
vt 0.9665480256080627 0.17753100395202637
vt 0.9666780233383179 0.03506400063633919
vt 0.9669730067253113 0.7859089970588684
vt 0.9669730067253113 0.8035860061645508
vt 0.9673020243644714 0.6619430184364319
vt 0.9673020243644714 0.6857450008392334
vt 0.9673370122909546 0.5373439788818359
vt 0.967490017414093 0.4373689889907837
vt 0.9675269722938538 0.05714400112628937
vt 0.9675269722938538 0.07314100116491318
vt 0.9675930142402649 0.921949028968811
vt 0.9677280187606812 0.40244901180267334
vt 0.9677280187606812 0.4155609905719757
vt 0.9677280187606812 0.4236910045146942
vt 0.9677979946136475 0.7670609951019287
vt 0.967818021774292 0.6053109765052795
vt 0.9679449796676636 0.2548309862613678
vt 0.9680209755897522 0.492686003446579
vt 0.9680240154266357 0.24350500106811523
vt 0.968097984790802 0.3214919865131378
vt 0.968097984790802 0.33994999527931213
vt 0.968192994594574 0.3010370135307312
vt 0.9682130217552185 0.8218050003051758
vt 0.9683480262756348 0.12509900331497192
vt 0.9683480262756348 0.14758099615573883
vt 0.9683759808540344 0.8696359992027283
vt 0.9683849811553955 0.8348690271377563
vt 0.9683849811553955 0.85173100233078
vt 0.9684839844703674 0.2044149935245514
vt 0.9686350226402283 0.5510960221290588
vt 0.9686350226402283 0.5734090209007263
vt 0.9689300060272217 0.8782029747962952
vt 0.9689300060272217 0.8957070112228394
vt 0.9689300060272217 0.9110339879989624
vt 0.9689859747886658 0.732725977897644
vt 0.9689859747886658 0.7504600286483765
vt 0.9693440198898315 0.3739359974861145
vt 0.9695010185241699 0.0928879976272583
vt 0.9695010185241699 0.111845001578331
vt 0.9695199728012085 0.508991003036499
vt 0.9695199728012085 0.5259990096092224
vt 0.9695640206336975 0.2747350037097931
vt 0.9696239829063416 0.5824729800224304
vt 0.9696239829063416 0.601248025894165
vt 0.9696409702301025 0.9521459937095642
vt 0.9696409702301025 0.9665359854698181
vt 0.9696409702301025 0.9788669943809509
vt 0.9698070287704468 0.22351400554180145
vt 0.9698070287704468 0.22825700044631958
vt 0.9699180126190186 0.899711012840271
vt 0.970399022102356 0.3440450131893158
vt 0.970399022102356 0.3624719977378845
vt 0.9704099893569946 0.6322140097618103
vt 0.9704110026359558 0.4523159861564636
vt 0.9704110026359558 0.4739539921283722
vt 0.9704189896583557 0.7131609916687012
vt 0.9705529808998108 0.16002599895000458
vt 0.9705529808998108 0.17716699838638306
vt 0.9706829786300659 0.01673400029540062
vt 0.9706829786300659 0.03248099982738495
vt 0.9706829786300659 0.03648599982261658
vt 0.9706829786300659 0.05240499973297119
vt 0.9706850051879883 0.6451519727706909
vt 0.9708200097084045 0.21480900049209595
vt 0.9712449908256531 0.19503000378608704
vt 0.9713069796562195 0.6798020005226135
vt 0.9713420271873474 0.5391920208930969
vt 0.971439003944397 0.002114000031724572
vt 0.971439003944397 0.012179999612271786
vt 0.9714949727058411 0.4387829899787903
vt 0.9715319871902466 0.06267599761486053
vt 0.9715319871902466 0.07942400127649307
vt 0.9716150164604187 0.8018569946289062
vt 0.9718030095100403 0.7702410221099854
vt 0.972025990486145 0.48833200335502625
vt 0.972025990486145 0.5035200119018555
vt 0.9721029996871948 0.3342509865760803
vt 0.9721980094909668 0.3110310137271881
vt 0.9722170233726501 0.81318598985672
vt 0.9723529815673828 0.13069100677967072
vt 0.9723529815673828 0.1463789939880371
vt 0.9723529815673828 0.15577900409698486
vt 0.9723809957504272 0.8681970238685608
vt 0.9723899960517883 0.8348690271377563
vt 0.9723899960517883 0.8494399785995483
vt 0.9726399779319763 0.5510960221290588
vt 0.9726399779319763 0.5653929710388184
vt 0.9726859927177429 0.12716799974441528
vt 0.9729909896850586 0.7338849902153015
vt 0.9730939865112305 0.08840099722146988
vt 0.9730979800224304 0.9155449867248535
vt 0.9730979800224304 0.9312459826469421
vt 0.9732300043106079 0.396014004945755
vt 0.9732300043106079 0.41155698895454407
vt 0.9734690189361572 0.4558059871196747
vt 0.973505973815918 0.0928879976272583
vt 0.973505973815918 0.10550600290298462
vt 0.973505973815918 0.11108800023794174
vt 0.973505973815918 0.12018000334501266
vt 0.9735199809074402 0.885558009147644
vt 0.9735689759254456 0.2659139931201935
vt 0.9735689759254456 0.2819019854068756
vt 0.9735689759254456 0.292620986700058
vt 0.9736390113830566 0.4227310121059418
vt 0.9736909866333008 0.5845280289649963
vt 0.9737259745597839 0.24751000106334686
vt 0.9737259745597839 0.2614760100841522
vt 0.973812997341156 0.22351400554180145
vt 0.973812997341156 0.23993100225925446
vt 0.9739090204238892 0.6979190111160278
vt 0.9739090204238892 0.7180539965629578
vt 0.9739279747009277 0.2688330113887787
vt 0.9739869832992554 0.37243199348449707
vt 0.9739869832992554 0.3897069990634918
vt 0.9741250276565552 0.9711080193519592
vt 0.9742670059204102 0.5240300297737122
vt 0.9744030237197876 0.3440439999103546
vt 0.9744030237197876 0.3583360016345978
vt 0.9744529724121094 0.9110339879989624
vt 0.9745360016822815 0.9459530115127563
vt 0.9745360016822815 0.9625309705734253
vt 0.9745630025863647 0.6619430184364319
vt 0.9745630025863647 0.6818289756774902
vt 0.9746900200843811 0.6415309906005859
vt 0.9746900200843811 0.6568679809570312
vt 0.9750450253486633 0.05102799832820892
vt 0.9750630259513855 0.1675810068845749
vt 0.975151002407074 0.6171190142631531
vt 0.975151002407074 0.6340039968490601
vt 0.9751620292663574 0.05714400112628937
vt 0.9751620292663574 0.07541900128126144
vt 0.9752500057220459 0.1888359934091568
vt 0.9752500057220459 0.2018900066614151
vt 0.9752500057220459 0.21307900547981262
vt 0.9754899740219116 0.11864999681711197
vt 0.9755690097808838 0.026252999901771545
vt 0.9756090044975281 0.530102014541626
vt 0.9756090044975281 0.5461030006408691
vt 0.9756190180778503 0.7898970246315002
vt 0.9756190180778503 0.8035860061645508
vt 0.9756399989128113 0.3214919865131378
vt 0.9756399989128113 0.338593989610672
vt 0.9756600260734558 0.8557360172271729
vt 0.9756600260734558 0.8732089996337891
vt 0.9757289886474609 0.12509900331497192
vt 0.9757289886474609 0.14237399399280548
vt 0.9758539795875549 0.4288780093193054
vt 0.9758539795875549 0.4455510079860687
vt 0.9759179949760437 0.758741021156311
vt 0.9759179949760437 0.7754999995231628
vt 0.9759209752082825 0.31162700057029724
vt 0.976481020450592 0.4935770034790039
vt 0.9764969944953918 0.8099740147590637
vt 0.9764969944953918 0.8249449729919434
vt 0.9765869975090027 0.10708300024271011
vt 0.9766690135002136 0.07942400127649307
vt 0.9767259955406189 0.846767008304596
vt 0.976826012134552 0.732725977897644
vt 0.976826012134552 0.7482110261917114
vt 0.976984977722168 0.5594000220298767
vt 0.9770810008049011 0.27001601457595825
vt 0.9771000146865845 0.3037340044975281
vt 0.9771000146865845 0.3174870014190674
vt 0.9771029949188232 0.9191150069236755
vt 0.9771119952201843 0.15513700246810913
vt 0.9771379828453064 0.22557200491428375
vt 0.9772350192070007 0.3960129916667938
vt 0.9772350192070007 0.40871700644493103
vt 0.9777740240097046 0.10152500122785568
vt 0.9778749942779541 0.9155449867248535
vt 0.9780219793319702 0.28590700030326843
vt 0.9780219793319702 0.298660010099411
vt 0.9780439734458923 0.11379899829626083
vt 0.9780759811401367 0.12054300308227539
vt 0.9782199859619141 0.6528859734535217
vt 0.9784809947013855 0.34667399525642395
vt 0.978754997253418 0.20589500665664673
vt 0.978754997253418 0.21887299418449402
vt 0.9792760014533997 0.7927809953689575
vt 0.9793469905853271 0.19148099422454834
vt 0.9801549911499023 0.9170889854431152
vt 0.9801549911499023 0.9301009774208069
vt 0.9808409810066223 0.40449199080467224
vn -0.9972000122070312 0.031199999153614044 0.06830000132322311
vn -0.9969000220298767 -0.059300001710653305 0.052299998700618744
vn -0.9969000220298767 -0.0027000000700354576 0.07800000160932541
vn -0.9969000220298767 0.05790000036358833 -0.05270000174641609
vn -0.9955000281333923 0.09459999948740005 -0.0005000000237487257
vn -0.9933000206947327 -0.007000000216066837 0.1152999997138977
vn -0.9921000003814697 0.12349999696016312 0.021700000390410423
vn -0.9905999898910522 0.05559999868273735 0.12489999830722809
vn -0.9905999898910522 0.1282999962568283 -0.04699999839067459
vn -0.9904000163078308 -0.016699999570846558 -0.13699999451637268
vn -0.9896000027656555 0.13410000503063202 -0.05249999836087227
vn -0.9890000224113464 -0.0706000030040741 -0.13030000030994415
vn -0.9879999756813049 0.1331000030040741 0.0778999999165535
vn -0.9879000186920166 0.008100000210106373 0.15489999949932098
vn -0.987500011920929 0.15109999477863312 -0.04410000145435333
vn -0.9868000149726868 -0.04580000042915344 0.1551000028848648
vn -0.9853000044822693 -0.066600002348423 -0.15719999372959137
vn -0.9850999712944031 0.06870000064373016 -0.1574999988079071
vn -0.9829000234603882 -0.08910000324249268 0.16089999675750732
vn -0.9825000166893005 -0.10300000011920929 0.1551000028848648
vn -0.9786999821662903 -0.16220000386238098 0.1256999969482422
vn -0.9768000245094299 0.035100001841783524 0.2110999971628189
vn -0.9724000096321106 -0.004600000102072954 -0.23330000042915344
vn -0.97079998254776 0.10939999669790268 0.21359999477863312
vn -0.970300018787384 0.0027000000700354576 -0.24199999868869781
vn -0.968500018119812 -0.05490000173449516 -0.24310000240802765
vn -0.9632999897003174 0.04439999908208847 -0.26489999890327454
vn -0.963100016117096 0.22589999437332153 -0.1460999995470047
vn -0.9611999988555908 0.08460000157356262 -0.26269999146461487
vn -0.9606000185012817 -0.27149999141693115 -0.059300001710653305
vn -0.9591000080108643 -0.2379000037908554 -0.15369999408721924
vn -0.9589999914169312 0.17159999907016754 -0.2257000058889389
vn -0.9567999839782715 -0.2904999852180481 -0.014999999664723873
vn -0.955299973487854 0.27639999985694885 -0.10520000010728836
vn -0.9552000164985657 -0.07209999859333038 -0.2870999872684479
vn -0.9538000226020813 -0.11569999903440475 0.27730000019073486
vn -0.9531999826431274 0.30000001192092896 -0.037700001150369644
vn -0.9517999887466431 0.22910000383853912 -0.2037999927997589
vn -0.949400007724762 -0.12999999523162842 0.28600001335144043
vn -0.9433000087738037 0.3319999873638153 -0.0010999999940395355
vn -0.9430999755859375 -0.10339999943971634 0.3160000145435333
vn -0.9416000247001648 0.20260000228881836 0.2689000070095062
vn -0.9409999847412109 -0.03799999877810478 -0.3361999988555908
vn -0.9394000172615051 0.15610000491142273 -0.3050999939441681
vn -0.9388999938964844 -0.09790000319480896 0.32989999651908875
vn -0.9373000264167786 0.020899999886751175 -0.3479999899864197
vn -0.9350000023841858 -0.34940001368522644 -0.061400000005960464
vn -0.934499979019165 -0.04470000043511391 0.3531999886035919
vn -0.9323999881744385 0.035999998450279236 -0.3596999943256378
vn -0.9308000206947327 -0.36250001192092896 0.04639999940991402
vn -0.9290000200271606 0.3603000044822693 -0.08479999750852585
vn -0.9283999800682068 0.24959999322891235 0.275299996137619
vn -0.9240000247955322 0.3734999895095825 0.08129999786615372
vn -0.9211999773979187 -0.3880999982357025 -0.027300000190734863
vn -0.9172999858856201 0.2110999971628189 -0.3375999927520752
vn -0.9143999814987183 -0.03060000017285347 0.4036000072956085
vn -0.913100004196167 -0.358599990606308 -0.1941000074148178
vn -0.9125000238418579 -0.4032999873161316 0.06870000064373016
vn -0.9115999937057495 -0.4101000130176544 -0.02810000069439411
vn -0.9107999801635742 0.26759999990463257 0.31439998745918274
vn -0.9103000164031982 -0.012299999594688416 -0.41370001435279846
vn -0.9067999720573425 0.039900001138448715 -0.4196000099182129
vn -0.9049000144004822 -0.11800000071525574 -0.4090000092983246
vn -0.9031999707221985 0.22179999947547913 0.3675000071525574
vn -0.9027000069618225 0.41190001368522644 0.1242000013589859
vn -0.9021000266075134 0.17260000109672546 -0.3955000042915344
vn -0.9010999798774719 -0.20819999277591705 0.38029998540878296
vn -0.9003000259399414 0.37059998512268066 -0.2281000018119812
vn -0.9002000093460083 0.050999999046325684 0.4323999881744385
vn -0.8974000215530396 -0.3630000054836273 0.2506999969482422
vn -0.8967000246047974 -0.03909999877214432 -0.4408000111579895
vn -0.8949999809265137 -0.3961000144481659 0.20509999990463257
vn -0.8948000073432922 -0.3977000117301941 -0.20270000398159027
vn -0.8927000164985657 0.32170000672340393 0.3154999911785126
vn -0.892300009727478 -0.4375 -0.11089999973773956
vn -0.8921999931335449 0.42329999804496765 0.15780000388622284
vn -0.8910999894142151 -0.019999999552965164 -0.45350000262260437
vn -0.8878999948501587 0.45239999890327454 0.08389999717473984
vn -0.887499988079071 -0.45339998602867126 -0.08190000057220459
vn -0.885699987411499 -0.060100000351667404 -0.4602999985218048
vn -0.8847000002861023 0.1412999927997589 0.44429999589920044
vn -0.8820000290870667 -0.31679999828338623 0.3488999903202057
vn -0.8815000057220459 -0.4537000060081482 -0.1307000070810318
vn -0.8790000081062317 -0.4683000147342682 0.08969999849796295
vn -0.878600001335144 0.18479999899864197 0.44029998779296875
vn -0.8745999932289124 -0.2736999988555908 0.4000999927520752
vn -0.8744999766349792 0.04960000142455101 -0.48249998688697815
vn -0.8741999864578247 -0.48339998722076416 0.046300001442432404
vn -0.8726999759674072 0.07500000298023224 -0.48249998688697815
vn -0.8712999820709229 -0.32899999618530273 -0.36419999599456787
vn -0.8711000084877014 -0.4909000098705292 -0.014600000344216824
vn -0.869700014591217 0.29019999504089355 -0.3993000090122223
vn -0.8691999912261963 0.03620000183582306 -0.49309998750686646
vn -0.8677999973297119 0.34860000014305115 -0.35420000553131104
vn -0.8668000102043152 -0.4771000146865845 0.1453000009059906
vn -0.8659999966621399 -0.4390999972820282 0.2395000010728836
vn -0.8611999750137329 0.5062999725341797 -0.04500000178813934
vn -0.8604999780654907 0.42160001397132874 -0.2858999967575073
vn -0.859499990940094 -0.453000009059906 0.23659999668598175
vn -0.8547999858856201 -0.28529998660087585 -0.4336000084877014
vn -0.8532000184059143 0.5047000050544739 0.13130000233650208
vn -0.8529999852180481 -0.45989999175071716 0.2468000054359436
vn -0.8514999747276306 -0.029500000178813934 0.5235000252723694
vn -0.8501999974250793 0.28940001130104065 0.43970000743865967
vn -0.8500000238418579 -0.07590000331401825 0.5212000012397766
vn -0.8478999733924866 -0.01510000042617321 0.5299000144004822
vn -0.845300018787384 0.5340999960899353 -0.012400000356137753
vn -0.8432000279426575 -0.40700000524520874 0.3513000011444092
vn -0.8374999761581421 -0.4327999949455261 -0.3336000144481659
vn -0.8373000025749207 0.010400000028312206 0.5465999841690063
vn -0.8346999883651733 0.10989999771118164 -0.5396000146865845
vn -0.8343999981880188 -0.3456999957561493 -0.4291999936103821
vn -0.8339999914169312 0.025100000202655792 0.5511999726295471
vn -0.8330000042915344 0.3828999996185303 -0.399399995803833
vn -0.8307999968528748 0.026100000366568565 -0.555899977684021
vn -0.829800009727478 -0.07599999755620956 -0.5529000163078308
vn -0.8281999826431274 -0.10999999940395355 0.5494999885559082
vn -0.8263999819755554 -0.450300008058548 -0.33820000290870667
vn -0.8263000249862671 -0.36649999022483826 0.427700012922287
vn -0.8256999850273132 0.15029999613761902 0.5436999797821045
vn -0.8248999714851379 -0.5598000288009644 0.07859999686479568
vn -0.8245000243186951 0.13040000200271606 0.5507000088691711
vn -0.8219000101089478 0.20160000026226044 0.532800018787384
vn -0.8202000260353088 0.5720000267028809 -0.008200000040233135
vn -0.8141999840736389 -0.050700001418590546 0.5784000158309937
vn -0.8123000264167786 -0.26840001344680786 -0.517799973487854
vn -0.8113999962806702 0.5561000108718872 0.17970000207424164
vn -0.8087999820709229 0.210999995470047 -0.5489000082015991
vn -0.8075000047683716 -0.11680000275373459 -0.5781999826431274
vn -0.8073999881744385 -0.05739999935030937 0.5871999859809875
vn -0.8062000274658203 0.3513000011444092 0.47609999775886536
vn -0.8012999892234802 -0.2750999927520752 -0.5313000082969666
vn -0.8011999726295471 0.14399999380111694 0.5807999968528748
vn -0.7998999953269958 -0.20739999413490295 -0.5631999969482422
vn -0.7997999787330627 0.25619998574256897 0.542900025844574
vn -0.7993999719619751 0.16429999470710754 -0.5778999924659729
vn -0.7982000112533569 0.3767000138759613 -0.4700999855995178
vn -0.7936999797821045 -0.3700999915599823 -0.482699990272522
vn -0.7936000227928162 -0.05999999865889549 -0.605400025844574
vn -0.7893000245094299 -0.2298000007867813 -0.5692999958992004
vn -0.7829999923706055 -0.24390000104904175 -0.5722000002861023
vn -0.777999997138977 0.6259999871253967 0.05270000174641609
vn -0.776199996471405 0.605400025844574 -0.1761000007390976
vn -0.774399995803833 -0.5910000205039978 -0.22599999606609344
vn -0.7734000086784363 -0.16189999878406525 0.6129000186920166
vn -0.7712000012397766 -0.5493999719619751 -0.32170000672340393
vn -0.7684000134468079 0.18230000138282776 0.6134999990463257
vn -0.7674000263214111 -0.5759999752044678 -0.2816999852657318
vn -0.7617999911308289 0.0006000000284984708 -0.6478000283241272
vn -0.7584999799728394 0.2451000064611435 0.6037999987602234
vn -0.7559000253677368 0.09650000184774399 0.6474999785423279
vn -0.7531999945640564 0.34779998660087585 -0.5583000183105469
vn -0.7502999901771545 -0.38089999556541443 0.5404000282287598
vn -0.7494999766349792 0.4875999987125397 -0.4478999972343445
vn -0.7493000030517578 -0.41620001196861267 0.5151000022888184
vn -0.7452999949455261 -0.25940001010894775 -0.6141999959945679
vn -0.7429999709129333 0.6011000275611877 -0.29429998993873596
vn -0.7427999973297119 -0.644599974155426 0.1809999942779541
vn -0.739799976348877 -0.002300000051036477 0.6729000210762024
vn -0.7386999726295471 -0.15189999341964722 0.6567000150680542
vn -0.7382000088691711 0.18199999630451202 -0.6495000123977661
vn -0.7336999773979187 0.5252000093460083 -0.4309999942779541
vn -0.7311000227928162 0.28040000796318054 0.621999979019165
vn -0.7286999821662903 -0.005400000140070915 0.6848999857902527
vn -0.727400004863739 0.3555000126361847 0.586899995803833
vn -0.7264000177383423 0.46149998903274536 -0.5092999935150146
vn -0.7251999974250793 0.47380000352859497 0.49959999322891235
vn -0.7170000076293945 -0.6484000086784363 0.2558000087738037
vn -0.7087000012397766 0.6668000221252441 0.2303999960422516
vn -0.7056999802589417 -0.23520000278949738 -0.6682999730110168
vn -0.7020000219345093 -0.5723000168800354 0.423799991607666
vn -0.6992999911308289 0.07249999791383743 0.7111999988555908
vn -0.6947000026702881 -0.07599999755620956 0.7153000235557556
vn -0.6926000118255615 0.24699999392032623 0.6777999997138977
vn -0.6917999982833862 0.11010000109672546 0.713699996471405
vn -0.6913999915122986 -0.03590000048279762 -0.7215999960899353
vn -0.6890000104904175 0.7239999771118164 -0.03350000083446503
vn -0.6872000098228455 -0.20659999549388885 0.6965000033378601
vn -0.6870999932289124 0.5015000104904175 -0.5257999897003174
vn -0.6836000084877014 -0.2273000031709671 0.6934999823570251
vn -0.6826000213623047 -0.445499986410141 0.579200029373169
vn -0.6759999990463257 0.1632000058889389 0.7185999751091003
vn -0.6740999817848206 0.6815000176429749 -0.2849000096321106
vn -0.6726999878883362 -0.6610999703407288 -0.33230000734329224
vn -0.6704999804496765 0.2897000014781952 0.6830000281333923
vn -0.669700026512146 0.37389999628067017 0.6416000127792358
vn -0.6687999963760376 0.1460999995470047 0.7289000153541565
vn -0.6639999747276306 0.4528000056743622 -0.5950000286102295
vn -0.6617000102996826 -0.3237000107765198 -0.6762999892234802
vn -0.6601999998092651 0.39910000562667847 0.6362000107765198
vn -0.659500002861023 -0.6656000018119812 0.34940001368522644
vn -0.656499981880188 0.23280000686645508 0.7174999713897705
vn -0.6563000082969666 -0.4781000018119812 0.5835999846458435
vn -0.6556000113487244 0.6067000031471252 0.4496000111103058
vn -0.6538000106811523 0.7398999929428101 0.1582999974489212
vn -0.6528000235557556 0.3765999972820282 -0.6572999954223633
vn -0.6492999792098999 -0.6055999994277954 -0.460099995136261
vn -0.6485999822616577 0.23659999668598175 -0.7233999967575073
vn -0.6474999785423279 0.3192000091075897 0.6919999718666077
vn -0.6470000147819519 0.3400999903678894 -0.6823999881744385
vn -0.6444000005722046 -0.6363999843597412 -0.4239000082015991
vn -0.6442000269889832 -0.1256999969482422 0.7544000148773193
vn -0.64410001039505 0.7052000164985657 -0.2962000072002411
vn -0.6437000036239624 -0.667900025844574 -0.37369999289512634
vn -0.6406000256538391 -0.5735999941825867 0.5105000138282776
vn -0.6389999985694885 0.2653000056743622 -0.722000002861023
vn -0.6380000114440918 -0.05009999871253967 -0.7684000134468079
vn -0.6380000114440918 0.7214000225067139 0.2694999873638153
vn -0.6371999979019165 -0.7378000020980835 0.22259999811649323
vn -0.6352999806404114 -0.11420000344514847 0.7638000249862671
vn -0.6323999762535095 -0.5361999869346619 -0.5591999888420105
vn -0.6299999952316284 0.7469000220298767 0.2126999944448471
vn -0.6295999884605408 -0.3718999922275543 -0.6820999979972839
vn -0.6254000067710876 -0.398499995470047 -0.670799970626831
vn -0.6252999901771545 -0.04960000142455101 -0.7788000106811523
vn -0.621399998664856 0.06989999860525131 -0.7803999781608582
vn -0.6211000084877014 0.005900000222027302 0.7836999893188477
vn -0.6173999905586243 0.4932999908924103 -0.6128000020980835
vn -0.6172000169754028 -0.12950000166893005 -0.7760999798774719
vn -0.6162999868392944 0.7874000072479248 -0.013399999588727951
vn -0.6158000230789185 -0.532800018787384 -0.5805000066757202
vn -0.6157000064849854 0.07569999992847443 -0.7843999862670898
vn -0.6140000224113464 0.6425999999046326 0.45829999446868896
vn -0.6105999946594238 -0.27390000224113464 0.7430999875068665
vn -0.6100000143051147 -0.7419000267982483 0.2784000039100647
vn -0.6100000143051147 0.00559999980032444 0.7924000024795532
vn -0.6086000204086304 -0.552299976348877 -0.5697000026702881
vn -0.6079000234603882 0.7781999707221985 0.15760000050067902
vn -0.6072999835014343 -0.7807000279426575 -0.14749999344348907
vn -0.6065999865531921 -0.030799999833106995 0.7943999767303467
vn -0.6050000190734863 0.09239999949932098 0.7907999753952026
vn -0.6039000153541565 0.18150000274181366 0.7760999798774719
vn -0.6014999747276306 0.6173999905586243 0.5069000124931335
vn -0.6003999710083008 0.4715999960899353 -0.645799994468689
vn -0.598800003528595 -0.021900000050663948 0.800599992275238
vn -0.5978999733924866 -0.5787000060081482 0.5547000169754028
vn -0.5978999733924866 0.5194000005722046 0.6104999780654907
vn -0.5972999930381775 -0.5950999855995178 -0.5376999974250793
vn -0.5932999849319458 -0.5489000082015991 -0.5888000130653381
vn -0.5879999995231628 0.32749998569488525 -0.7396000027656555
vn -0.5867999792098999 -0.7263000011444092 0.3580000102519989
vn -0.5828999876976013 -0.7735999822616577 0.2484000027179718
vn -0.5824000239372253 -0.03280000016093254 -0.8122000098228455
vn -0.5759000182151794 0.5091999769210815 0.6395000219345093
vn -0.5756999850273132 -0.003000000026077032 0.8177000284194946
vn -0.5734999775886536 -0.5751000046730042 -0.5834000110626221
vn -0.5713000297546387 0.5625 0.597599983215332
vn -0.5702999830245972 0.24220000207424164 -0.7849000096321106
vn -0.5680000185966492 -0.7269999980926514 -0.38589999079704285
vn -0.5633999705314636 0.3206999897956848 0.7613999843597412
vn -0.5631999969482422 -0.7723000049591064 -0.2937999963760376
vn -0.5583999752998352 0.4706999957561493 0.6830999851226807
vn -0.5577999949455261 0.17990000545978546 0.8102999925613403
vn -0.5566999912261963 -0.367900013923645 -0.7447999715805054
vn -0.5460000038146973 -0.19779999554157257 -0.8141000270843506
vn -0.5442000031471252 -0.5709999799728394 -0.6146000027656555
vn -0.5419999957084656 -0.4697999954223633 0.6967999935150146
vn -0.5404000282287598 -0.8167999982833862 -0.20180000364780426
vn -0.5396999716758728 -0.7807999849319458 0.3147999942302704
vn -0.5392000079154968 0.14329999685287476 0.8299000263214111
vn -0.5353000164031982 0.357699990272522 -0.7652000188827515
vn -0.5325000286102295 0.7233999967575073 0.43939998745918274
vn -0.5296000242233276 0.2985000014305115 -0.7940000295639038
vn -0.52920001745224 -0.6159999966621399 -0.5835000276565552
vn -0.5285000205039978 0.7498999834060669 -0.39800000190734863
vn -0.5241000056266785 0.6053000092506409 -0.5992000102996826
vn -0.5218999981880188 0.7559000253677368 0.3950999975204468
vn -0.5199999809265137 0.8363000154495239 -0.17389999330043793
vn -0.5196999907493591 0.5967000126838684 -0.6114000082015991
vn -0.51910001039505 0.5306000113487244 0.6700000166893005
vn -0.5152000188827515 -0.5849999785423279 -0.6263999938964844
vn -0.5144000053405762 -0.3140000104904175 -0.7979999780654907
vn -0.5130000114440918 -0.5393000245094299 0.6678000092506409
vn -0.5121999979019165 0.25529998540878296 0.8199999928474426
vn -0.5102999806404114 0.2287999987602234 -0.8289999961853027
vn -0.5059999823570251 0.8345000147819519 -0.21799999475479126
vn -0.505299985408783 -0.34610000252723694 -0.7904999852180481
vn -0.5027999877929688 -0.25060001015663147 -0.8273000121116638
vn -0.5015000104904175 0.8375999927520752 0.2167000025510788
vn -0.5001999735832214 0.6413999795913696 0.5817000269889832
vn -0.499099999666214 -0.3465000092983246 -0.7943000197410583
vn -0.4945000112056732 0.218299999833107 -0.8413000106811523
vn -0.49410000443458557 0.8424999713897705 -0.21459999680519104
vn -0.49219998717308044 -0.7757999897003174 -0.39469999074935913
vn -0.4918999969959259 0.25780001282691956 0.83160001039505
vn -0.4909999966621399 -0.387800008058548 -0.7799999713897705
vn -0.48890000581741333 -0.2402999997138977 0.8385999798774719
vn -0.4887999892234802 -0.7195000052452087 -0.4932999908924103
vn -0.4885999858379364 0.2257000058889389 0.8428000211715698
vn -0.4869000017642975 0.670799970626831 0.5594000220298767
vn -0.4810999929904938 -0.5189999938011169 0.7064999938011169
vn -0.4790000021457672 0.21250000596046448 -0.8517000079154968
vn -0.4779999852180481 0.8309000134468079 0.2847999930381775
vn -0.4778999984264374 0.012799999676644802 -0.8783000111579895
vn -0.4771000146865845 -0.11389999836683273 0.871399998664856
vn -0.4763000011444092 0.6610999703407288 0.5796999931335449
vn -0.47540000081062317 0.5605000257492065 0.6780999898910522
vn -0.4749999940395355 -0.5027999877929688 0.7221999764442444
vn -0.4747999906539917 0.7784000039100647 0.4106000065803528
vn -0.47440001368522644 -0.6305999755859375 -0.6141999959945679
vn -0.4740000069141388 0.4413999915122986 -0.761900007724762
vn -0.4740000069141388 0.4781999886035919 -0.7394000291824341
vn -0.47269999980926514 -0.7925999760627747 -0.38510000705718994
vn -0.4724000096321106 0.5234000086784363 -0.7091000080108643
vn -0.4706999957561493 -0.5267999768257141 -0.7077999711036682
vn -0.46380001306533813 -0.5625 0.684499979019165
vn -0.4611000120639801 0.8871999979019165 -0.013100000098347664
vn -0.45879998803138733 0.1696999967098236 -0.8722000122070312
vn -0.4586000144481659 0.7771000266075134 0.4309999942779541
vn -0.4564000070095062 0.6466000080108643 0.6111999750137329
vn -0.45500001311302185 0.46459999680519104 -0.7597000002861023
vn -0.4544000029563904 -0.18320000171661377 -0.8718000054359436
vn -0.44699999690055847 0.599399983882904 -0.6640999913215637
vn -0.4447999894618988 -0.8860999941825867 -0.13040000200271606
vn -0.4440999925136566 0.3621000051498413 -0.8195000290870667
vn -0.4429999887943268 0.04989999905228615 0.8950999975204468
vn -0.4424000084400177 0.0034000000450760126 -0.8967999815940857
vn -0.4410000145435333 0.629800021648407 0.6395000219345093
vn -0.4374000132083893 -0.7723000049591064 0.46070000529289246
vn -0.43709999322891235 -0.8898000121116638 -0.131400004029274
vn -0.4359000027179718 -0.2921999990940094 0.8511999845504761
vn -0.4323999881744385 -0.026399999856948853 0.9013000130653381
vn -0.43220001459121704 0.5083000063896179 0.7448999881744385
vn -0.4291999936103821 -0.4629000127315521 0.775600016117096
vn -0.4259999990463257 -0.04639999940991402 -0.9035000205039978
vn -0.4251999855041504 0.9007999897003174 0.08799999952316284
vn -0.4207000136375427 -0.6456000208854675 0.6373999714851379
vn -0.41999998688697815 0.6118999719619751 -0.670199990272522
vn -0.4180999994277954 -0.29170000553131104 -0.8603000044822693
vn -0.415800005197525 0.36010000109672546 0.835099995136261
vn -0.40959998965263367 -0.6040999889373779 -0.6836000084877014
vn -0.40869998931884766 0.9017000198364258 0.14079999923706055
vn -0.40860000252723694 0.9110000133514404 0.055399999022483826
vn -0.40790000557899475 0.04809999838471413 0.9118000268936157
vn -0.4068000018596649 0.5702999830245972 0.7135999798774719
vn -0.40610000491142273 -0.8080000281333923 -0.426800012588501
vn -0.40369999408721924 0.9136999845504761 -0.0471000000834465
vn -0.4016000032424927 0.7882999777793884 -0.46619999408721924
vn -0.40139999985694885 0.04479999840259552 -0.9147999882698059
vn -0.39989998936653137 0.14790000021457672 -0.9046000242233276
vn -0.39980000257492065 0.41819998621940613 -0.8155999779701233
vn -0.3991999924182892 -0.18799999356269836 -0.8974000215530396
vn -0.39730000495910645 -0.09920000284910202 0.9122999906539917
vn -0.39329999685287476 0.10409999638795853 0.9135000109672546
vn -0.38909998536109924 0.7889999747276306 -0.475600004196167
vn -0.3874000012874603 -0.32109999656677246 -0.8641999959945679
vn -0.3840000033378601 0.3919999897480011 -0.8360000252723694
vn -0.3765000104904175 -0.5231000185012817 0.7645999789237976
vn -0.37220001220703125 0.10050000250339508 -0.9226999878883362
vn -0.37220001220703125 0.38040000200271606 -0.8465999960899353
vn -0.36970001459121704 0.45239999890327454 0.8116000294685364
vn -0.36880001425743103 -0.0272000003606081 -0.929099977016449
vn -0.3675000071525574 0.11879999935626984 -0.9223999977111816
vn -0.3659000098705292 -0.8695999979972839 -0.33149999380111694
vn -0.3628000020980835 0.9291999936103821 0.07050000131130219
vn -0.35679998993873596 -0.883400022983551 0.30390000343322754
vn -0.35530000925064087 -0.08259999752044678 0.9311000108718872
vn -0.3544999957084656 -0.3808000087738037 0.8539999723434448
vn -0.3474000096321106 0.15360000729560852 0.925000011920929
vn -0.34700000286102295 0.35350000858306885 -0.8687000274658203
vn -0.3467999994754791 -0.35350000858306885 0.8687999844551086
vn -0.3427000045776367 -0.4528000056743622 -0.8230999708175659
vn -0.34150001406669617 -0.24310000240802765 0.9078999757766724
vn -0.34060001373291016 0.6294999718666077 -0.6984000205993652
vn -0.33709999918937683 0.7324000000953674 -0.5914999842643738
vn -0.3353999853134155 -0.444599986076355 0.8306000232696533
vn -0.334199994802475 -0.8162999749183655 -0.47110000252723694
vn -0.33340001106262207 -0.2632000148296356 0.9053000211715698
vn -0.33320000767707825 -0.09549999982118607 -0.9380000233650208
vn -0.3310000002384186 -0.9363999962806702 0.11640000343322754
vn -0.3296000063419342 -0.0142000000923872 0.9440000057220459
vn -0.3285999894142151 0.009200000204145908 -0.9444000124931335
vn -0.32829999923706055 -0.002400000113993883 0.944599986076355
vn -0.3280999958515167 0.33629998564720154 -0.8827999830245972
vn -0.32260000705718994 -0.43860000371932983 0.8388000130653381
vn -0.32190001010894775 -0.3749000132083893 0.8694000244140625
vn -0.32179999351501465 0.4361000061035156 0.840399980545044
vn -0.31949999928474426 -0.012299999594688416 0.9474999904632568
vn -0.3174000084400177 -0.07800000160932541 0.9451000094413757
vn -0.31619998812675476 0.19290000200271606 0.9289000034332275
vn -0.31610000133514404 0.3483999967575073 0.8823999762535095
vn -0.3154999911785126 0.5521000027656555 -0.7717999815940857
vn -0.3149000108242035 0.6581000089645386 -0.683899998664856
vn -0.31299999356269836 0.39879998564720154 0.8619999885559082
vn -0.3107999861240387 -0.03519999980926514 0.9498000144958496
vn -0.30630001425743103 -0.593999981880188 -0.7439000010490417
vn -0.30169999599456787 0.907800018787384 -0.2912999987602234
vn -0.30160000920295715 0.714900016784668 -0.6309000253677368
vn -0.3005000054836273 0.15049999952316284 -0.9417999982833862
vn -0.29820001125335693 0.23829999566078186 -0.9243000149726868
vn -0.2955999970436096 0.373199999332428 0.8794000148773193
vn -0.29350000619888306 0.41260001063346863 0.8622999787330627
vn -0.2921999990940094 0.2978000044822693 -0.9088000059127808
vn -0.2906999886035919 -0.6208999752998352 0.7279999852180481
vn -0.29010000824928284 0.4641999900341034 -0.836899995803833
vn -0.28949999809265137 -0.4108000099658966 0.8646000027656555
vn -0.2888999879360199 -0.34130001068115234 -0.8945000171661377
vn -0.2888000011444092 -0.10890000313520432 0.951200008392334
vn -0.28769999742507935 0.819100022315979 -0.49639999866485596
vn -0.2858000099658966 0.023499999195337296 -0.9580000042915344
vn -0.2849999964237213 -0.845300018787384 -0.4519999921321869
vn -0.2838999927043915 0.020400000736117363 0.9585999846458435
vn -0.28139999508857727 0.42080000042915344 0.8623999953269958
vn -0.2791999876499176 0.6025999784469604 -0.7476000189781189
vn -0.2791000008583069 -0.009100000374019146 -0.9602000117301941
vn -0.2777000069618225 -0.33899998664855957 -0.8988999724388123
vn -0.27549999952316284 0.32580000162124634 0.9043999910354614
vn -0.2685999870300293 -0.8812999725341797 0.388700008392334
vn -0.26589998602867126 0.40849998593330383 -0.873199999332428
vn -0.26510000228881836 -0.20389999449253082 -0.9423999786376953
vn -0.26260000467300415 0.029500000178813934 -0.9643999934196472
vn -0.2612000107765198 -0.010099999606609344 -0.9652000069618225
vn -0.2606000006198883 -0.3725000023841858 0.8906999826431274
vn -0.25870001316070557 0.626800000667572 -0.7348999977111816
vn -0.2565999925136566 -0.7049999833106995 -0.6611999869346619
vn -0.25619998574256897 0.40149998664855957 0.8792999982833862
vn -0.25440001487731934 -0.18449999392032623 -0.9492999911308289
vn -0.2492000013589859 0.9333999752998352 0.257999986410141
vn -0.24809999763965607 -0.8853999972343445 -0.39309999346733093
vn -0.24709999561309814 0.7886999845504761 -0.5629000067710876
vn -0.2467000037431717 0.892300009727478 -0.3781999945640564
vn -0.24580000340938568 -0.15940000116825104 0.9560999870300293
vn -0.24369999766349792 -0.48570001125335693 -0.8395000100135803
vn -0.24199999868869781 -0.79339998960495 0.5584999918937683
vn -0.24150000512599945 0.0674000009894371 -0.9681000113487244
vn -0.2409999966621399 -0.5403000116348267 -0.8062000274658203
vn -0.24050000309944153 0.08349999785423279 0.9671000242233276
vn -0.2393999993801117 0.9689000248908997 -0.06319999694824219
vn -0.2370000034570694 -0.30979999899864197 0.920799970626831
vn -0.23479999601840973 -0.005799999926239252 0.972000002861023
vn -0.2328999936580658 0.4715999960899353 0.8504999876022339
vn -0.23260000348091125 -0.9715999960899353 0.043699998408555984
vn -0.22859999537467957 0.055399999022483826 -0.9718999862670898
vn -0.225600004196167 0.963699996471405 -0.14300000667572021
vn -0.22450000047683716 0.42320001125335693 -0.8777999877929688
vn -0.22300000488758087 0.9639999866485596 0.14480000734329224
vn -0.22290000319480896 -0.1136000007390976 0.9682000279426575
vn -0.22220000624656677 0.35830000042915344 -0.9067999720573425
vn -0.22139999270439148 0.28690001368522644 0.9319999814033508
vn -0.22020000219345093 -0.2176000028848648 -0.9509000182151794
vn -0.2160000056028366 0.9441999793052673 -0.24879999458789825
vn -0.2152000069618225 0.7196000218391418 0.6601999998092651
vn -0.21379999816417694 -0.1412000060081482 -0.9666000008583069
vn -0.2094999998807907 0.3528999984264374 0.911899983882904
vn -0.2078000009059906 -0.25850000977516174 -0.9434000253677368
vn -0.2071000039577484 -0.48489999771118164 -0.8496999740600586
vn -0.2061000019311905 -0.4016000032424927 0.892300009727478
vn -0.20160000026226044 -0.007400000002235174 0.9793999791145325
vn -0.20149999856948853 -0.023399999365210533 -0.979200005531311
vn -0.20029999315738678 0.03840000182390213 0.9789999723434448
vn -0.1979999989271164 -0.9786999821662903 -0.05380000174045563
vn -0.19769999384880066 0.051500000059604645 -0.9789000153541565
vn -0.19709999859333038 -0.3319999873638153 0.9225000143051147
vn -0.19619999825954437 0.23270000517368317 0.9524999856948853
vn -0.195700004696846 0.9790999889373779 -0.054999999701976776
vn -0.19539999961853027 0.03999999910593033 0.9799000024795532
vn -0.19050000607967377 0.5504000186920166 -0.8129000067710876
vn -0.19009999930858612 0.8640999794006348 -0.4661000072956085
vn -0.18979999423027039 -0.2897999882698059 -0.9380999803543091
vn -0.1890999972820282 0.05869999900460243 -0.9801999926567078
vn -0.1881999969482422 -0.14139999449253082 -0.9718999862670898
vn -0.18770000338554382 0.09610000252723694 0.9775000214576721
vn -0.18690000474452972 -0.6062999963760376 0.7730000019073486
vn -0.18389999866485596 0.7211999893188477 0.6678000092506409
vn -0.18219999969005585 -0.8551999926567078 0.4851999878883362
vn -0.18129999935626984 0.23970000445842743 -0.9538000226020813
vn -0.17960000038146973 -0.19449999928474426 0.9642999768257141
vn -0.17730000615119934 -0.8860999941825867 -0.42820000648498535
vn -0.17499999701976776 0.9796000123023987 -0.09910000115633011
vn -0.17229999601840973 -0.26429998874664307 0.9488999843597412
vn -0.17180000245571136 -0.4796999990940094 -0.8604999780654907
vn -0.16670000553131104 -0.9467999935150146 0.275299996137619
vn -0.1665000021457672 0.9858999848365784 -0.01360000018030405
vn -0.16580000519752502 -0.7351999878883362 0.6572999954223633
vn -0.16210000216960907 -0.24410000443458557 -0.9560999870300293
vn -0.1598999947309494 0.7487000226974487 -0.6432999968528748
vn -0.15870000422000885 0.0560000017285347 0.9857000112533569
vn -0.15790000557899475 -0.14190000295639038 0.9771999716758728
vn -0.15369999408721924 -0.0649000033736229 0.9860000014305115
vn -0.15299999713897705 -0.945900022983551 -0.28610000014305115
vn -0.15230000019073486 0.45559999346733093 0.8770999908447266
vn -0.15119999647140503 -0.055799998342990875 -0.9868999719619751
vn -0.1500999927520752 -0.1014999970793724 -0.9835000038146973
vn -0.14749999344348907 0.453900009393692 -0.8787999749183655
vn -0.14509999752044678 -0.275299996137619 -0.9502999782562256
vn -0.14380000531673431 0.6025999784469604 0.7850000262260437
vn -0.14149999618530273 -0.28859999775886536 0.9469000101089478
vn -0.1388999968767166 0.0071000000461936 0.9902999997138977
vn -0.1354999989271164 0.9003000259399414 -0.41359999775886536
vn -0.13249999284744263 -0.20550000667572021 -0.9696999788284302
vn -0.13050000369548798 -0.8999999761581421 0.41589999198913574
vn -0.1290999948978424 0.3849000036716461 0.9139000177383423
vn -0.12790000438690186 0.287200003862381 -0.9492999911308289
vn -0.12729999423027039 0.07479999959468842 -0.9890000224113464
vn -0.12700000405311584 -0.5691999793052673 0.8123000264167786
vn -0.12120000272989273 -0.05990000069141388 -0.9908000230789185
vn -0.11789999902248383 0.6579999923706055 -0.7437000274658203
vn -0.11509999632835388 -0.32330000400543213 0.939300000667572
vn -0.11429999768733978 -0.4661000072956085 0.8773000240325928
vn -0.11219999939203262 0.3327000141143799 -0.9362999796867371
vn -0.11209999769926071 0.1006999984383583 -0.9886000156402588
vn -0.11150000244379044 -0.8578000068664551 -0.5016999840736389
vn -0.11140000075101852 0.5192999839782715 -0.8472999930381775
vn -0.1103999987244606 -0.15279999375343323 0.9821000099182129
vn -0.10429999977350235 0.4325000047683716 -0.8956000208854675
vn -0.1014999970793724 0.2282000035047531 0.9682999849319458
vn -0.10080000013113022 -0.8862000107765198 0.4521999955177307
vn -0.10029999911785126 0.9854000210762024 0.1378999948501587
vn -0.09839999675750732 0.8654999732971191 -0.4912000000476837
vn -0.09740000218153 -0.27079999446868896 0.9577000141143799
vn -0.09669999778270721 0.013700000010430813 -0.995199978351593
vn -0.09570000320672989 0.5271999835968018 0.8442999720573425
vn -0.09399999678134918 -0.3695000112056732 -0.9244999885559082
vn -0.0917000025510788 0.2554999887943268 -0.9624000191688538
vn -0.09120000153779984 0.02239999920129776 -0.9955999851226807
vn -0.08990000188350677 -0.37049999833106995 -0.9244999885559082
vn -0.08810000121593475 -0.5559999942779541 -0.8264999985694885
vn -0.08699999749660492 0.11460000276565552 0.9896000027656555
vn -0.08560000360012054 0.008899999782443047 -0.9962999820709229
vn -0.08460000157356262 0.019099999219179153 0.9962000250816345
vn -0.0828000009059906 -0.14219999313354492 0.9864000082015991
vn -0.08209999650716782 0.5320000052452087 -0.8428000211715698
vn -0.08060000091791153 -0.07199999690055847 0.9940999746322632
vn -0.08020000159740448 -0.2791999876499176 -0.9569000005722046
vn -0.07940000295639038 0.734499990940094 0.6739000082015991
vn -0.07900000363588333 -0.3052000105381012 0.9490000009536743
vn -0.07810000330209732 -0.1965000033378601 0.977400004863739
vn -0.07760000228881836 -0.4388999938964844 0.8952000141143799
vn -0.07760000228881836 0.08550000190734863 0.9933000206947327
vn -0.07530000060796738 0.1956000030040741 -0.9778000116348267
vn -0.07400000095367432 -0.5060999989509583 -0.8593000173568726
vn -0.06870000064373016 0.4602000117301941 0.885200023651123
vn -0.06780000030994415 -0.39660000801086426 -0.9154999852180481
vn -0.06129999831318855 0.7488999962806702 -0.6597999930381775
vn -0.06120000034570694 -0.48980000615119934 0.869700014591217
vn -0.06109999865293503 -0.2012999951839447 0.9775999784469604
vn -0.061000000685453415 0.5547000169754028 0.829800009727478
vn -0.05999999865889549 0.0658000037074089 0.9959999918937683
vn -0.05869999900460243 -0.1988999992609024 0.9782999753952026
vn -0.05730000138282776 -0.20649999380111694 0.9768000245094299
vn -0.056699998676776886 -0.954800009727478 0.29170000553131104
vn -0.05460000038146973 -0.5864999890327454 -0.8080999851226807
vn -0.053700000047683716 0.16740000247955322 -0.9843999743461609
vn -0.05350000038743019 0.9929999709129333 0.10530000180006027
vn -0.053199999034404755 -0.010300000198185444 0.9984999895095825
vn -0.05310000106692314 0.04659999907016754 0.9975000023841858
vn -0.05130000039935112 -0.32199999690055847 0.9453999996185303
vn -0.05040000006556511 -0.042500000447034836 0.9977999925613403
vn -0.04910000041127205 -0.8457000255584717 0.5314000248908997
vn -0.04659999907016754 0.15950000286102295 -0.9861000180244446
vn -0.046300001442432404 0.19509999454021454 0.9797000288963318
vn -0.045899998396635056 -0.021900000050663948 0.9987000226974487
vn -0.04520000144839287 0.038600001484155655 -0.998199999332428
vn -0.04520000144839287 0.9825999736785889 -0.18029999732971191
vn -0.04439999908208847 -0.15119999647140503 0.987500011920929
vn -0.04179999977350235 0.21809999644756317 0.9750000238418579
vn -0.04149999842047691 0.2249000072479248 0.9735000133514404
vn -0.040300000458955765 0.4309999942779541 -0.9014999866485596
vn -0.03970000147819519 0.11020000278949738 -0.9930999875068665
vn -0.03660000115633011 0.32420000433921814 0.9452999830245972
vn -0.03530000150203705 -0.08950000256299973 0.9954000115394592
vn -0.03449999913573265 0.6367999911308289 -0.7702999711036682
vn -0.032600000500679016 -0.003599999938160181 -0.9994999766349792
vn -0.03200000151991844 0.16869999468326569 0.9850999712944031
vn -0.031199999153614044 -0.3700999915599823 0.9284999966621399
vn -0.03020000085234642 0.3154999911785126 0.9484999775886536
vn -0.029500000178813934 0.21809999644756317 0.9754999876022339
vn -0.027300000190734863 0.23149999976158142 -0.9725000262260437
vn -0.02459999918937683 0.6578999757766724 -0.7526999711990356
vn -0.021700000390410423 -0.15129999816417694 -0.9883000254631042
vn -0.019700000062584877 0.3133000135421753 -0.949400007724762
vn -0.01899999938905239 -0.7348999977111816 0.6779000163078308
vn -0.018400000408291817 0.0421999990940094 -0.9988999962806702
vn -0.017899999395012856 -0.09239999949932098 -0.9955999851226807
vn -0.017799999564886093 0.020400000736117363 0.9995999932289124
vn -0.01769999973475933 -0.06270000338554382 -0.9979000091552734
vn -0.01730000041425228 -0.23399999737739563 0.972100019454956
vn -0.017000000923871994 0.6403999924659729 -0.767799973487854
vn -0.01590000092983246 0.3824000060558319 -0.923799991607666
vn -0.015799999237060547 0.7001000046730042 -0.7139000296592712
vn -0.014700000174343586 -0.3840999901294708 0.9232000112533569
vn -0.013000000268220901 -0.7081999778747559 -0.7059000134468079
vn -0.012600000016391277 0.3813000023365021 -0.9243000149726868
vn -0.012199999764561653 0.7712000012397766 -0.6365000009536743
vn -0.011900000274181366 -0.12110000103712082 -0.9926000237464905
vn -0.01140000019222498 -0.8377000093460083 -0.5460000038146973
vn -0.011099999770522118 0.1914999932050705 0.9814000129699707
vn -0.00989999994635582 0.6470999717712402 -0.7623999714851379
vn -0.008999999612569809 0.21979999542236328 0.9754999876022339
vn -0.008700000122189522 -0.04019999876618385 0.9991999864578247
vn -0.00839999970048666 -0.9659000039100647 -0.25870001316070557
vn -0.00800000037997961 -0.12389999628067017 -0.9922999739646912
vn -0.005499999970197678 0.21130000054836273 0.977400004863739
vn -0.004000000189989805 0.7519999742507935 -0.6592000126838684
vn -0.002899999963119626 0.5619000196456909 -0.8271999955177307
vn -0.002199999988079071 0.00039999998989515007 -1.0
vn -0.002099999925121665 -0.9244999885559082 -0.38109999895095825
vn -0.0008999999845400453 -0.36970001459121704 0.929099977016449
vn -0.000699999975040555 0.4174000024795532 0.9086999893188477
vn -0.0003000000142492354 0.1298000067472458 0.9915000200271606
vn -9.999999747378752e-05 0.34299999475479126 0.939300000667572
vn 0.002099999925121665 -0.9876000285148621 -0.15680000185966492
vn 0.002099999925121665 0.16529999673366547 -0.9861999750137329
vn 0.0027000000700354576 -0.4648999869823456 0.8853999972343445
vn 0.003800000064074993 0.007499999832361937 1.0
vn 0.004900000058114529 -0.713699996471405 0.7005000114440918
vn 0.006200000178068876 0.41690000891685486 0.9089000225067139
vn 0.00839999970048666 0.7451000213623047 0.6668999791145325
vn 0.008799999952316284 0.8155999779701233 0.578499972820282
vn 0.009200000204145908 0.0044999998062849045 0.9998999834060669
vn 0.009600000455975533 -0.1736000031232834 0.9847999811172485
vn 0.010700000450015068 -0.9182999730110168 -0.39570000767707825
vn 0.010999999940395355 -0.349700003862381 -0.9368000030517578
vn 0.01360000018030405 -0.9977999925613403 -0.06440000236034393
vn 0.013700000010430813 0.07209999859333038 0.9973000288009644
vn 0.01549999974668026 -0.20759999752044678 0.9781000018119812
vn 0.016599999740719795 -0.9610000252723694 -0.2761000096797943
vn 0.016599999740719795 0.6802999973297119 0.732699990272522
vn 0.016899999231100082 0.11500000208616257 -0.9932000041007996
vn 0.018400000408291817 0.3310999870300293 0.9434000253677368
vn 0.01899999938905239 -0.09040000289678574 0.9957000017166138
vn 0.01940000057220459 0.41670000553131104 -0.9088000059127808
vn 0.019500000402331352 0.9973999857902527 0.0689999982714653
vn 0.02019999921321869 0.8385999798774719 0.5443999767303467
vn 0.021900000050663948 0.13349999487400055 0.9908000230789185
vn 0.02250000089406967 0.45239999890327454 0.8914999961853027
vn 0.022700000554323196 0.3353999853134155 0.9417999982833862
vn 0.024299999698996544 -0.22439999878406525 -0.9742000102996826
vn 0.02539999969303608 -0.20000000298023224 -0.9794999957084656
vn 0.026599999517202377 0.24199999868869781 -0.9699000120162964
vn 0.02710000053048134 -0.13660000264644623 -0.9902999997138977
vn 0.028300000354647636 -0.4049000144004822 0.9139000177383423
vn 0.030300000682473183 0.16689999401569366 0.9854999780654907
vn 0.03189999982714653 0.1662999987602234 0.9855999946594238
vn 0.03200000151991844 -0.49480000138282776 0.868399977684021
vn 0.03350000083446503 0.4948999881744385 -0.8683000206947327
vn 0.03500000014901161 0.1429000049829483 -0.9890999794006348
vn 0.03620000183582306 -0.91839998960495 -0.39399999380111694
vn 0.03819999843835831 0.12860000133514404 -0.9909999966621399
vn 0.039799999445676804 -0.2289000004529953 0.972599983215332
vn 0.04100000113248825 0.03959999978542328 0.9983999729156494
vn 0.042100001126527786 -0.9822999835014343 0.18230000138282776
vn 0.04439999908208847 -0.16519999504089355 -0.9853000044822693
vn 0.04479999840259552 0.4837000072002411 -0.8741000294685364
vn 0.04490000009536743 -0.5956000089645386 -0.8019999861717224
vn 0.04639999940991402 0.23739999532699585 0.970300018787384
vn 0.047200001776218414 -0.24869999289512634 0.9674000144004822
vn 0.04830000177025795 -0.02969999983906746 -0.9983999729156494
vn 0.051899999380111694 0.057999998331069946 -0.996999979019165
vn 0.05429999902844429 0.28600001335144043 -0.9567000269889832
vn 0.05609999969601631 0.2223999947309494 0.9732999801635742
vn 0.05700000002980232 -0.4011000096797943 0.9143000245094299
vn 0.05719999969005585 -0.2904999852180481 -0.9552000164985657
vn 0.0625 -0.9032999873161316 -0.4244000017642975
vn 0.06379999965429306 0.6092000007629395 -0.7904000282287598
vn 0.0640999972820282 -0.1762000024318695 -0.9822999835014343
vn 0.06430000066757202 -0.2741999924182892 -0.9595000147819519
vn 0.06509999930858612 -0.041200000792741776 0.996999979019165
vn 0.06620000302791595 0.35670000314712524 -0.9319000244140625
vn 0.0674000009894371 -0.6880999803543091 0.7225000262260437
vn 0.0674000009894371 -0.38029998540878296 -0.9223999977111816
vn 0.06840000301599503 -0.03790000081062317 -0.9969000220298767
vn 0.06870000064373016 -0.1379999965429306 -0.9879999756813049
vn 0.06880000233650208 -0.022600000724196434 0.9973999857902527
vn 0.06920000165700912 0.07050000131130219 -0.9951000213623047
vn 0.07159999758005142 0.5680999755859375 0.8198000192642212
vn 0.07410000264644623 -0.1370999962091446 -0.9878000020980835
vn 0.07450000196695328 0.9894000291824341 0.12449999898672104
vn 0.0746999979019165 0.08879999816417694 0.9932000041007996
vn 0.07540000230073929 -0.09059999883174896 -0.9929999709129333
vn 0.07750000059604645 -0.45179998874664307 0.8888000249862671
vn 0.07829999923706055 0.9854000210762024 -0.15119999647140503
vn 0.0803999975323677 0.5051000118255615 0.8593000173568726
vn 0.08129999786615372 0.8615000247955322 0.5012999773025513
vn 0.08179999887943268 0.42969998717308044 0.8992999792098999
vn 0.08219999819993973 -0.28769999742507935 0.954200029373169
vn 0.08240000158548355 0.36629998683929443 0.9269000291824341
vn 0.08429999649524689 0.3190000057220459 -0.9440000057220459
vn 0.08730000257492065 -0.9861000180244446 -0.14139999449253082
vn 0.09160000085830688 -0.9678000211715698 -0.2345999926328659
vn 0.09160000085830688 0.39410001039505005 -0.9144999980926514
vn 0.09359999746084213 0.16699999570846558 -0.9815000295639038
vn 0.09650000184774399 0.026599999517202377 0.9950000047683716
vn 0.09780000150203705 -0.019300000742077827 -0.9950000047683716
vn 0.09929999709129333 -0.3440000116825104 -0.9337000250816345
vn 0.10119999945163727 -0.5634999871253967 -0.8198999762535095
vn 0.10159999877214432 -0.47049999237060547 0.8765000104904175
vn 0.10199999809265137 0.13650000095367432 -0.9854000210762024
vn 0.10339999943971634 0.3127000033855438 0.9441999793052673
vn 0.10490000247955322 -0.43689998984336853 -0.8934000134468079
vn 0.10639999806880951 0.3321000039577484 -0.9372000098228455
vn 0.1088000014424324 0.8058000206947327 0.5821999907493591
vn 0.11240000277757645 -0.28780001401901245 0.9510999917984009
vn 0.11259999871253967 -0.08429999649524689 0.9901000261306763
vn 0.11569999903440475 -0.9919999837875366 0.05009999871253967
vn 0.11840000003576279 0.6435999870300293 0.7562000155448914
vn 0.1185000017285347 0.6561999917030334 0.745199978351593
vn 0.11879999935626984 -0.2531999945640564 -0.960099995136261
vn 0.1193000003695488 -0.06669999659061432 -0.9905999898910522
vn 0.12359999865293503 0.32670000195503235 0.9369999766349792
vn 0.12439999729394913 0.06400000303983688 -0.9901999831199646
vn 0.12449999898672104 0.20069999992847443 -0.9717000126838684
vn 0.12489999830722809 0.3621000051498413 0.9236999750137329
vn 0.12929999828338623 -0.4634999930858612 -0.8766000270843506
vn 0.13030000030994415 0.00430000014603138 -0.9915000200271606
vn 0.1316000074148178 -0.08030000329017639 -0.9879999756813049
vn 0.13500000536441803 0.3294000029563904 -0.934499979019165
vn 0.13500000536441803 0.36579999327659607 -0.9208999872207642
vn 0.13670000433921814 0.482699990272522 -0.8651000261306763
vn 0.13740000128746033 0.9724000096321106 -0.1882999986410141
vn 0.14249999821186066 0.7777000069618225 -0.6122000217437744
vn 0.14390000700950623 0.9858999848365784 -0.08540000021457672
vn 0.1460999995470047 -0.3086000084877014 0.9398999810218811
vn 0.15060000121593475 0.5821999907493591 0.7990000247955322
vn 0.15189999341964722 -0.2766999900341034 0.9488999843597412
vn 0.15199999511241913 -0.4763999879360199 -0.8659999966621399
vn 0.15299999713897705 0.5570999979972839 0.8162000179290771
vn 0.15320000052452087 0.508400022983551 -0.8474000096321106
vn 0.1534000039100647 0.43059998750686646 -0.8894000053405762
vn 0.15440000593662262 0.13570000231266022 -0.978600025177002
vn 0.15770000219345093 0.9272000193595886 -0.33970001339912415
vn 0.15800000727176666 0.35989999771118164 -0.9194999933242798
vn 0.15919999778270721 -0.3903999924659729 -0.9067999720573425
vn 0.1624000072479248 0.9864000082015991 0.02669999934732914
vn 0.16349999606609344 0.43970000743865967 -0.8830999732017517
vn 0.1647000014781952 0.35679998993873596 0.9194999933242798
vn 0.16660000383853912 0.16369999945163727 0.9724000096321106
vn 0.16820000112056732 -0.006399999838322401 0.9857000112533569
vn 0.1703999936580658 -0.9765999913215637 -0.131400004029274
vn 0.17090000212192535 -0.6301000118255615 -0.7574999928474426
vn 0.17470000684261322 0.4697999954223633 0.8652999997138977
vn 0.17919999361038208 -0.4603999853134155 -0.8694000244140625
vn 0.1808999925851822 0.5813999772071838 0.7932999730110168
vn 0.18150000274181366 0.27900001406669617 0.9430000185966492
vn 0.18289999663829803 0.45190000534057617 0.8730999827384949
vn 0.18469999730587006 0.7487000226974487 -0.6366999745368958
vn 0.1850000023841858 0.4146000146865845 0.890999972820282
vn 0.188400000333786 -0.8582000136375427 -0.47749999165534973
vn 0.18870000541210175 0.08720000088214874 0.9781000018119812
vn 0.18950000405311584 0.9754999876022339 0.11190000176429749
vn 0.18979999423027039 0.36480000615119934 0.9114999771118164
vn 0.19140000641345978 0.1704999953508377 -0.9666000008583069
vn 0.19300000369548798 0.7828999757766724 -0.5914999842643738
vn 0.19359999895095825 -0.23890000581741333 0.9514999985694885
vn 0.19789999723434448 0.9664999842643738 -0.1632000058889389
vn 0.19820000231266022 -0.10369999706745148 0.9746999740600586
vn 0.19900000095367432 -0.020600000396370888 -0.9797999858856201
vn 0.20100000500679016 0.0689999982714653 0.9771000146865845
vn 0.20200000703334808 0.15690000355243683 0.96670001745224
vn 0.20499999821186066 0.5914999842643738 0.7797999978065491
vn 0.2079000025987625 -0.5612999796867371 -0.8011000156402588
vn 0.20800000429153442 0.20679999887943268 -0.9559999704360962
vn 0.21209999918937683 -0.6506999731063843 -0.7290999889373779
vn 0.21289999783039093 0.9587000012397766 0.18860000371932983
vn 0.21320000290870667 0.2928999960422516 0.9320999979972839
vn 0.2134000062942505 0.4408999979496002 -0.8718000054359436
vn 0.2184000015258789 0.15790000557899475 0.9629999995231628
vn 0.22130000591278076 0.13279999792575836 -0.9660999774932861
vn 0.22290000319480896 0.1670999974012375 0.9603999853134155
vn 0.22429999709129333 -0.9722999930381775 -0.06480000168085098
vn 0.227400004863739 -0.033799998462200165 -0.9732000231742859
vn 0.2312999963760376 -0.858299970626831 0.45809999108314514
vn 0.2313999980688095 -0.9517999887466431 0.20110000669956207
vn 0.2328999936580658 -0.8327000141143799 0.5023999810218811
vn 0.23330000042915344 0.48030000925064087 0.8454999923706055
vn 0.23440000414848328 -0.016699999570846558 -0.972000002861023
vn 0.23720000684261322 0.9182999730110168 -0.31690001487731934
vn 0.23770000040531158 -0.6902999877929688 0.6833000183105469
vn 0.23819999396800995 0.21130000054836273 -0.9478999972343445
vn 0.23960000276565552 0.656499981880188 0.7153000235557556
vn 0.2402999997138977 -0.24570000171661377 0.9391000270843506
vn 0.24120000004768372 -0.0803999975323677 -0.9671000242233276
vn 0.24799999594688416 -0.8682000041007996 0.42980000376701355
vn 0.2485000044107437 -0.5040000081062317 -0.8271999955177307
vn 0.24869999289512634 -0.05260000005364418 0.967199981212616
vn 0.2540000081062317 -0.3693000078201294 0.8938999772071838
vn 0.25760000944137573 0.39239999651908875 -0.8830000162124634
vn 0.2597000002861023 -0.008100000210106373 -0.9656999707221985
vn 0.2597000002861023 0.09889999777078629 0.9606000185012817
vn 0.2612999975681305 0.36640000343322754 -0.8930000066757202
vn 0.2619999945163727 0.7709000110626221 -0.5806000232696533
vn 0.2662000060081482 0.09309999644756317 0.9593999981880188
vn 0.2667999863624573 -0.9350000023841858 -0.23360000550746918
vn 0.26759999990463257 0.4138000011444092 -0.8701000213623047
vn 0.2687000036239624 0.6326000094413757 -0.7264000177383423
vn 0.2734000086784363 0.4456999897956848 -0.852400004863739
vn 0.27480000257492065 0.9412999749183655 -0.19619999825954437
vn 0.2766999900341034 0.2565000057220459 0.9261000156402588
vn 0.2797999978065491 -0.3465999960899353 0.8952999711036682
vn 0.28060001134872437 0.6940000057220459 -0.663100004196167
vn 0.2833000123500824 -0.4952000081539154 0.8213000297546387
vn 0.28369998931884766 -0.8371000289916992 -0.4677000045776367
vn 0.28439998626708984 0.5275999903678894 -0.8004000186920166
vn 0.2849000096321106 0.3019999861717224 0.9096999764442444
vn 0.28630000352859497 0.30649998784065247 -0.907800018787384
vn 0.2872999906539917 0.9556000232696533 0.065700002014637
vn 0.28949999809265137 0.23350000381469727 0.9282000064849854
vn 0.2915000021457672 -0.35040000081062317 -0.8901000022888184
vn 0.2973000109195709 -0.12710000574588776 0.9463000297546387
vn 0.3003000020980835 -0.8046000003814697 0.5123999714851379
vn 0.3003999888896942 -0.032099999487400055 0.9532999992370605
vn 0.3034999966621399 -0.007000000216066837 0.9527999758720398
vn 0.30379998683929443 -0.38589999079704285 -0.8711000084877014
vn 0.30550000071525574 0.8968999981880188 0.3197999894618988
vn 0.3073999881744385 -0.024900000542402267 -0.9513000249862671
vn 0.3086000084877014 0.9035000205039978 -0.29739999771118164
vn 0.3100000023841858 -0.42590001225471497 -0.8500000238418579
vn 0.3102000057697296 0.5658000111579895 0.7639999985694885
vn 0.31299999356269836 -0.06669999659061432 -0.9473999738693237
vn 0.3140000104904175 -0.04809999838471413 0.948199987411499
vn 0.31700000166893005 0.4002000093460083 0.8597999811172485
vn 0.3188999891281128 0.8780999779701233 -0.35659998655319214
vn 0.32089999318122864 0.05480000004172325 -0.9455000162124634
vn 0.32120001316070557 -0.32510000467300415 -0.8895000219345093
vn 0.321399986743927 -0.03620000183582306 -0.9462000131607056
vn 0.3224000036716461 0.781499981880188 0.5340999960899353
vn 0.32580000162124634 -0.1826999932527542 0.9276000261306763
vn 0.3303999900817871 0.7181000113487244 -0.612500011920929
vn 0.33149999380111694 0.7002999782562256 0.632099986076355
vn 0.3325999975204468 0.2847000062465668 -0.8991000056266785
vn 0.3328999876976013 0.7096999883651733 0.6208999752998352
vn 0.3330000042915344 0.45969998836517334 0.823199987411499
vn 0.33469998836517334 0.70169997215271 0.6288999915122986
vn 0.3361999988555908 -0.04989999905228615 -0.940500020980835
vn 0.3418000042438507 0.6155999898910522 0.710099995136261
vn 0.3467999994754791 -0.3061999976634979 0.8866000175476074
vn 0.3474999964237213 -0.21279999613761902 0.9132000207901001
vn 0.34769999980926514 -0.3249000012874603 0.8794999718666077
vn 0.34929999709129333 -0.824400007724762 0.44530001282691956
vn 0.35269999504089355 0.9097999930381775 0.21870000660419464
vn 0.353300005197525 -0.9156000018119812 -0.19179999828338623
vn 0.35420000553131104 0.6261000037193298 0.6947000026702881
vn 0.3562999963760376 0.35929998755455017 0.862500011920929
vn 0.35749998688697815 -0.3937999904155731 -0.8468000292778015
vn 0.3587999939918518 0.1656000018119812 0.9186000227928162
vn 0.36010000109672546 0.05310000106692314 0.9314000010490417
vn 0.36579999327659607 0.013399999588727951 -0.9305999875068665
vn 0.3668999969959259 -0.9287999868392944 0.05299999937415123
vn 0.367900013923645 0.9289000034332275 0.04259999841451645
vn 0.3725000023841858 -0.9010999798774719 -0.22200000286102295
vn 0.37299999594688416 -0.6480000019073486 -0.6639999747276306
vn 0.3779999911785126 0.44110000133514404 0.8140000104904175
vn 0.38190001249313354 -0.15629999339580536 -0.9108999967575073
vn 0.3833000063896179 -0.47769999504089355 -0.7904999852180481
vn 0.3856000006198883 -0.6830999851226807 0.620199978351593
vn 0.38589999079704285 -0.4805000126361847 -0.7875999808311462
vn 0.3864000141620636 -0.2371000051498413 0.8913999795913696
vn 0.39160001277923584 0.07580000162124634 -0.9169999957084656
vn 0.39160001277923584 0.8540999889373779 -0.34209999442100525
vn 0.3928999900817871 0.8884000182151794 -0.23749999701976776
vn 0.39660000801086426 0.30790001153945923 -0.864799976348877
vn 0.39800000190734863 0.43720000982284546 0.8065000176429749
vn 0.4032000005245209 0.5562000274658203 -0.7267000079154968
vn 0.4047999978065491 0.24660000205039978 -0.8805000185966492
vn 0.40529999136924744 -0.3434999883174896 -0.8471999764442444
vn 0.413100004196167 -0.22280000150203705 0.8830000162124634
vn 0.41499999165534973 0.08879999816417694 0.9054999947547913
vn 0.4203000068664551 -0.33230000734329224 -0.8442999720573425
vn 0.4214000105857849 -0.6740000247955322 0.6067000031471252
vn 0.4242999851703644 0.8547999858856201 -0.2987000048160553
vn 0.42980000376701355 0.019200000911951065 0.9027000069618225
vn 0.4311999976634979 -0.2567000091075897 -0.8650000095367432
vn 0.43529999256134033 -0.3366999924182892 0.8349000215530396
vn 0.4375 0.059300001710653305 -0.8971999883651733
vn 0.44029998779296875 -0.734499990940094 0.5163000226020813
vn 0.4410000145435333 0.35929998755455017 -0.8224999904632568
vn 0.4472000002861023 -0.8040000200271606 0.3919000029563904
vn 0.4480000138282776 -0.2978000044822693 -0.8429999947547913
vn 0.4487999975681305 0.5210999846458435 0.7260000109672546
vn 0.451200008392334 0.3637999892234802 0.8148999810218811
vn 0.45559999346733093 -0.2533999979496002 0.8533999919891357
vn 0.45750001072883606 0.7537000179290771 0.47189998626708984
vn 0.4587000012397766 0.2223999947309494 -0.8603000044822693
vn 0.45989999175071716 0.6685000061988831 -0.5843999981880188
vn 0.4602999985218048 0.5045999884605408 0.730400025844574
vn 0.46549999713897705 0.3319000005722046 -0.8205000162124634
vn 0.46790000796318054 0.6682999730110168 -0.5784000158309937
vn 0.4772999882698059 -0.09719999879598618 0.8733999729156494
vn 0.47780001163482666 -0.845300018787384 -0.23919999599456787
vn 0.478300005197525 0.19449999928474426 -0.8564000129699707
vn 0.4796000123023987 0.24199999868869781 -0.843500018119812
vn 0.48010000586509705 -0.32120001316070557 -0.8162999749183655
vn 0.4803999960422516 0.28859999775886536 -0.8281999826431274
vn 0.4803999960422516 0.724399983882904 -0.4943999946117401
vn 0.48069998621940613 -0.350600004196167 -0.8036999702453613
vn 0.4812999963760376 0.8675000071525574 -0.125900000333786
vn 0.48249998688697815 0.746999979019165 0.45739999413490295
vn 0.4846000075340271 0.1996999979019165 -0.8515999913215637
vn 0.4885999858379364 -0.35749998688697815 0.7958999872207642
vn 0.48989999294281006 0.8661999702453613 -0.09860000014305115
vn 0.4903999865055084 0.20149999856948853 -0.8478999733924866
vn 0.49230000376701355 0.631600022315979 0.5989000201225281
vn 0.49410000443458557 0.22300000488758087 -0.8403000235557556
vn 0.4943999946117401 -0.5800999999046326 0.6474000215530396
vn 0.49630001187324524 -0.6664000153541565 -0.5565000176429749
vn 0.49630001187324524 0.31850001215934753 -0.8076000213623047
vn 0.4964999854564667 0.517300009727478 0.6970000267028809
vn 0.4966000020503998 0.6215999722480774 -0.6057999730110168
vn 0.4968000054359436 0.08169999718666077 -0.8640000224113464
vn 0.49720001220703125 0.4941999912261963 -0.713100016117096
vn 0.49790000915527344 -0.5612000226974487 0.6611999869346619
vn 0.4984999895095825 -0.8202999830245972 -0.28040000796318054
vn 0.4999000132083893 -0.8432999849319458 0.1972000002861023
vn 0.5008999705314636 -0.17900000512599945 -0.8468000292778015
vn 0.5008999705314636 0.14910000562667847 -0.8525999784469604
vn 0.503600001335144 0.2639000117778778 -0.8226000070571899
vn 0.5042999982833862 0.6460999846458435 -0.5730000138282776
vn 0.5062000155448914 -0.41780000925064087 0.7544999718666077
vn 0.510699987411499 0.7864999771118164 0.3472000062465668
vn 0.5108000040054321 0.006899999920278788 0.8597000241279602
vn 0.5109999775886536 0.8529999852180481 0.10620000213384628
vn 0.5180000066757202 -0.0017999999690800905 0.855400025844574
vn 0.5184000134468079 -0.4537999927997589 -0.7247999906539917
vn 0.5184999704360962 0.35839998722076416 0.7763000130653381
vn 0.5205000042915344 0.29269999265670776 -0.8021000027656555
vn 0.522599995136261 0.1143999993801117 0.8449000120162964
vn 0.5227000117301941 -0.12680000066757202 -0.8429999947547913
vn 0.5278000235557556 -0.37299999594688416 0.7631000280380249
vn 0.5300999879837036 0.4625000059604645 -0.7107999920845032
vn 0.5318999886512756 0.21320000290870667 -0.8195000290870667
vn 0.5327000021934509 0.5307000279426575 -0.6592000126838684
vn 0.5407000184059143 -0.2433999925851822 -0.8051999807357788
vn 0.5414999723434448 0.05350000038743019 0.8389999866485596
vn 0.5422999858856201 0.5741999745368958 -0.6133999824523926
vn 0.5449000000953674 0.14149999618530273 -0.8264999985694885
vn 0.5465999841690063 0.07339999824762344 0.8342000246047974
vn 0.5475000143051147 -0.8335999846458435 0.07349999994039536
vn 0.5482000112533569 -0.014999999664723873 -0.8361999988555908
vn 0.5493999719619751 0.7979000210762024 0.24789999425411224
vn 0.550000011920929 0.06369999796152115 -0.8327000141143799
vn 0.5509999990463257 -0.2597000002861023 -0.7930999994277954
vn 0.5521000027656555 0.47540000081062317 0.6848999857902527
vn 0.5573999881744385 -0.4004000127315521 0.7272999882698059
vn 0.5575000047683716 0.2806999981403351 0.7813000082969666
vn 0.557699978351593 -0.12839999794960022 0.8199999928474426
vn 0.557699978351593 0.8295000195503235 0.027799999341368675
vn 0.5590000152587891 0.8091999888420105 0.1808999925851822
vn 0.5591999888420105 -0.37959998846054077 -0.7369999885559082
vn 0.5633000135421753 0.054099999368190765 0.8245000243186951
vn 0.5648999810218811 -0.44040000438690186 -0.6977999806404114
vn 0.5672000050544739 -0.8100000023841858 0.14900000393390656
vn 0.5705999732017517 0.5716999769210815 0.5895000100135803
vn 0.5710999965667725 -0.19499999284744263 0.7972999811172485
vn 0.5738000273704529 -0.1264999955892563 0.8091999888420105
vn 0.5738999843597412 0.7882999777793884 0.22169999778270721
vn 0.5741000175476074 -0.04989999905228615 -0.817300021648407
vn 0.5742999911308289 0.39430001378059387 -0.7174000144004822
vn 0.5784000158309937 0.38510000705718994 -0.7190999984741211
vn 0.5799999833106995 -0.5164999961853027 0.6299999952316284
vn 0.5855000019073486 -0.7149999737739563 0.382099986076355
vn 0.5863000154495239 0.07419999688863754 -0.8066999912261963
vn 0.5863999724388123 -0.6029999852180481 0.5407999753952026
vn 0.5871000289916992 0.017000000923871994 0.8093000054359436
vn 0.5898000001907349 0.017000000923871994 -0.8073999881744385
vn 0.5914000272750854 0.7257999777793884 0.351500004529953
vn 0.5925999879837036 -0.5807999968528748 -0.5582000017166138
vn 0.5928000211715698 0.0625 -0.8029000163078308
vn 0.5967000126838684 0.6629999876022339 0.4519999921321869
vn 0.5985999703407288 0.09019999951124191 0.7958999872207642
vn 0.6064000129699707 0.536300003528595 0.5871000289916992
vn 0.6065999865531921 0.0681999996304512 -0.7921000123023987
vn 0.6072999835014343 -0.5063999891281128 0.6122000217437744
vn 0.607699990272522 0.1662999987602234 0.7766000032424927
vn 0.6128000020980835 -0.7901999950408936 -0.004800000227987766
vn 0.6129000186920166 0.421999990940094 -0.6680999994277954
vn 0.6200000047683716 0.7817000150680542 -0.06809999793767929
vn 0.6212000250816345 -0.33980000019073486 0.7060999870300293
vn 0.6234999895095825 -0.5077000260353088 -0.5945000052452087
vn 0.6240000128746033 0.42480000853538513 -0.6559000015258789
vn 0.6280999779701233 0.6398000121116638 -0.44279998540878296
vn 0.6298999786376953 -0.7547000050544739 0.18369999527931213
vn 0.6352999806404114 -0.7538999915122986 -0.1673000007867813
vn 0.6365000009536743 0.06830000132322311 0.7682999968528748
vn 0.6366000175476074 -0.7301999926567078 0.24799999594688416
vn 0.6396999955177307 -0.6044999957084656 -0.4745999872684479
vn 0.6424999833106995 0.3882000148296356 0.6607000231742859
vn 0.6488000154495239 0.6266000270843506 -0.4318999946117401
vn 0.6503000259399414 -0.7019000053405762 0.2904999852180481
vn 0.6503000259399414 0.682200014591217 -0.33410000801086426
vn 0.6552000045776367 -0.15870000422000885 -0.7386000156402588
vn 0.6553000211715698 -0.7455000281333923 0.12150000035762787
vn 0.6554999947547913 -0.6062999963760376 -0.45019999146461487
vn 0.6574000120162964 0.6995999813079834 -0.2799000144004822
vn 0.6577000021934509 0.7506999969482422 0.06319999694824219
vn 0.6596999764442444 -0.6306999921798706 0.40869998931884766
vn 0.6629999876022339 0.3382999897003174 0.6678000092506409
vn 0.6639999747276306 0.0763000026345253 0.7437999844551086
vn 0.6640999913215637 -0.3084000051021576 0.6811000108718872
vn 0.6654999852180481 -0.03720000013709068 -0.7455000281333923
vn 0.6660000085830688 0.3434999883174896 0.6621999740600586
vn 0.6675999760627747 0.46970000863075256 -0.5776000022888184
vn 0.6758999824523926 0.5979999899864197 0.4307999908924103
vn 0.6773999929428101 -0.2011999934911728 -0.7075999975204468
vn 0.679099977016449 -0.4156999886035919 0.6050000190734863
vn 0.6794999837875366 0.11230000108480453 -0.7250000238418579
vn 0.6819000244140625 0.695900022983551 -0.22529999911785126
vn 0.6819999814033508 0.3959999978542328 0.6148999929428101
vn 0.6840999722480774 0.3287999927997589 -0.6510999798774719
vn 0.6855000257492065 0.00019999999494757503 0.7279999852180481
vn 0.6869000196456909 0.21739999949932098 0.6934999823570251
vn 0.6894000172615051 -0.7243000268936157 0.011599999852478504
vn 0.6955999732017517 -0.13580000400543213 0.7055000066757202
vn 0.699400007724762 -0.21220000088214874 0.6825000047683716
vn 0.7002999782562256 0.5310999751091003 0.47699999809265137
vn 0.7006000280380249 0.7135999798774719 0.0066999997943639755
vn 0.7009000182151794 -0.6150000095367432 0.3614000082015991
vn 0.7010999917984009 0.14830000698566437 -0.6973999738693237
vn 0.7013999819755554 -0.018200000748038292 0.7124999761581421
vn 0.7049999833106995 -0.6863999962806702 -0.1785999983549118
vn 0.7106000185012817 0.06840000301599503 -0.7002999782562256
vn 0.7106000185012817 0.18209999799728394 0.6797000169754028
vn 0.7131999731063843 -0.618399977684021 -0.33000001311302185
vn 0.7157999873161316 0.12319999933242798 -0.6873000264167786
vn 0.7167999744415283 0.22859999537467957 -0.6586999893188477
vn 0.7199000120162964 -0.6126000285148621 -0.3262999951839447
vn 0.7264999747276306 0.012799999676644802 0.6869999766349792
vn 0.7283999919891357 -0.050599999725818634 -0.6833000183105469
vn 0.7289999723434448 0.41679999232292175 -0.542900025844574
vn 0.7290999889373779 -0.0019000000320374966 -0.6844000220298767
vn 0.734499990940094 -0.5985000133514404 -0.3199000060558319
vn 0.7361999750137329 0.6644999980926514 -0.12809999287128448
vn 0.7404000163078308 -0.5156999826431274 -0.4311000108718872
vn 0.7427999973297119 -0.03790000081062317 0.66839998960495
vn 0.7447999715805054 -0.6564000248908997 -0.11969999969005585
vn 0.7466999888420105 -0.24079999327659607 0.6201000213623047
vn 0.746999979019165 -0.09839999675750732 0.6575000286102295
vn 0.7483999729156494 -0.005200000014156103 0.6632999777793884
vn 0.7493000030517578 0.38359999656677246 -0.5397999882698059
vn 0.7542999982833862 -0.4092000126838684 0.5134000182151794
vn 0.7545999884605408 0.4846000075340271 0.4424000084400177
vn 0.7603999972343445 0.18889999389648438 0.621399998664856
vn 0.7631999850273132 -0.620199978351593 -0.18140000104904175
vn 0.7651000022888184 0.17790000140666962 0.6189000010490417
vn 0.7671999931335449 0.012600000016391277 0.6413000226020813
vn 0.7692999839782715 0.6388999819755554 -0.0031999999191612005
vn 0.7699000239372253 0.6371999979019165 0.03579999879002571
vn 0.7727000117301941 -0.18950000405311584 -0.6057999730110168
vn 0.7746000289916992 -0.5619000196456909 0.29030001163482666
vn 0.7778000235557556 0.4553000032901764 0.43320000171661377
vn 0.781000018119812 -0.03790000081062317 -0.6233999729156494
vn 0.7820000052452087 -0.5867000222206116 -0.2102999985218048
vn 0.7829999923706055 0.3095000088214874 -0.5396000146865845
vn 0.784500002861023 -0.5156999826431274 0.34439998865127563
vn 0.7892000079154968 0.569100022315979 0.23100000619888306
vn 0.7908999919891357 -0.15860000252723694 -0.5910999774932861
vn 0.7930999994277954 -0.6021000146865845 -0.09239999949932098
vn 0.7975000143051147 0.12280000001192093 0.5906999707221985
vn 0.8019999861717224 0.024900000542402267 0.5968000292778015
vn 0.8034999966621399 -0.23469999432563782 0.5471000075340271
vn 0.8055999875068665 -0.5900999903678894 -0.052400000393390656
vn 0.8097000122070312 0.5303000211715698 0.25119999051094055
vn 0.8098999857902527 0.3160000145435333 -0.4941999912261963
vn 0.8166000247001648 -0.0272000003606081 0.5764999985694885
vn 0.8197000026702881 -0.5659000277519226 0.08879999816417694
vn 0.8198999762535095 -0.06599999964237213 0.5687000155448914
vn 0.8202000260353088 -0.020899999886751175 0.5717999935150146
vn 0.8206999897956848 0.541700005531311 0.18160000443458557
vn 0.8212000131607056 -0.04800000041723251 0.5685999989509583
vn 0.8219000101089478 -0.5694000124931335 -0.013199999928474426
vn 0.824999988079071 0.48399999737739563 0.29159998893737793
vn 0.8281000256538391 0.06750000268220901 -0.5565000176429749
vn 0.8288999795913696 -0.14560000598430634 0.5400999784469604
vn 0.830299973487854 -0.5013999938964844 0.2433999925851822
vn 0.8330000042915344 -0.5076000094413757 -0.22020000219345093
vn 0.8357999920845032 0.027699999511241913 -0.54830002784729
vn 0.8417999744415283 0.299699991941452 0.4489000141620636
vn 0.8427000045776367 0.5378999710083008 -0.021900000050663948
vn 0.8443999886512756 0.04820000007748604 -0.5335000157356262
vn 0.8450999855995178 -0.1972000002861023 0.4970000088214874
vn 0.8458999991416931 -0.4480000138282776 -0.28940001130104065
vn 0.8501999974250793 -0.4968000054359436 -0.17430000007152557
vn 0.853600025177002 0.22220000624656677 0.47119998931884766
vn 0.8539999723434448 0.47119998931884766 -0.22059999406337738
vn 0.8553000092506409 -0.5141000151634216 -0.06449999660253525
vn 0.857699990272522 0.3781000077724457 -0.3483999967575073
vn 0.8604999780654907 0.09610000252723694 0.5002999901771545
vn 0.8607000112533569 -0.43959999084472656 0.25679999589920044
vn 0.8636000156402588 0.5013999938964844 0.05270000174641609
vn 0.8648999929428101 -0.07699999958276749 0.4959999918937683
vn 0.867900013923645 -0.06700000166893005 0.49219998717308044
vn 0.8687999844551086 0.400299996137619 -0.2915000021457672
vn 0.8727999925613403 -0.2791999876499176 -0.400299996137619
vn 0.8734999895095825 -0.3425000011920929 0.34610000252723694
vn 0.8744999766349792 -0.48500001430511475 0.00279999990016222
vn 0.8762000203132629 -0.48190000653266907 0.010200000368058681
vn 0.8762999773025513 0.23759999871253967 -0.41920000314712524
vn 0.8791000247001648 -0.47269999980926514 -0.06069999933242798
vn 0.8799999952316284 -0.13169999420642853 0.4562999904155731
vn 0.8815000057220459 0.11479999870061874 -0.4578999876976013
vn 0.8819000124931335 0.41679999232292175 -0.22040000557899475
vn 0.8823999762535095 0.2076999992132187 -0.4221999943256378
vn 0.8827000260353088 -0.4424999952316284 -0.1581999957561493
vn 0.883899986743927 -0.18479999899864197 -0.429500013589859
vn 0.8925999999046326 -0.44179999828338623 -0.08969999849796295
vn 0.8930000066757202 -0.445499986410141 0.06430000066757202
vn 0.8937000036239624 0.44859999418258667 -0.0003000000142492354
vn 0.89410001039505 0.4404999911785126 0.08079999685287476
vn 0.8945000171661377 -0.44290000200271606 -0.06080000102519989
vn 0.8974999785423279 -0.435699999332428 -0.06780000030994415
vn 0.9021999835968018 -0.39579999446868896 0.1712999939918518
vn 0.9032999873161316 -0.15690000355243683 -0.3993000090122223
vn 0.9035000205039978 0.350600004196167 0.24629999697208405
vn 0.9090999960899353 0.28119999170303345 -0.3075000047683716
vn 0.9114999771118164 -0.4088999927043915 -0.04580000042915344
vn 0.9115999937057495 0.399399995803833 0.09790000319480896
vn 0.9118000268936157 0.3991999924182892 0.0966000035405159
vn 0.9120000004768372 -0.39010000228881836 -0.12690000236034393
vn 0.9150000214576721 -0.00839999970048666 0.4032999873161316
vn 0.916100025177002 0.016100000590085983 0.40059998631477356
vn 0.9176999926567078 -0.0010000000474974513 0.39730000495910645
vn 0.9190000295639038 -0.24740000069141388 -0.30709999799728394
vn 0.9235000014305115 -0.18950000405311584 -0.3336000144481659
vn 0.9258000254631042 -0.21119999885559082 0.31349998712539673
vn 0.9269999861717224 -0.12240000069141388 0.3546000123023987
vn 0.9269999861717224 -0.0272000003606081 -0.374099999666214
vn 0.9296000003814697 -0.35100001096725464 0.1120000034570694
vn 0.9302999973297119 0.19939999282360077 0.3077999949455261
vn 0.9318000078201294 -0.3481000065803528 -0.10249999910593033
vn 0.9334999918937683 -0.3555000126361847 -0.04690000042319298
vn 0.9362999796867371 0.3197999894618988 -0.1453000009059906
vn 0.9387000203132629 -0.15459999442100525 -0.3082999885082245
vn 0.9390000104904175 -0.31349998712539673 0.14139999449253082
vn 0.942300021648407 0.09200000017881393 -0.32179999351501465
vn 0.9430000185966492 -0.21619999408721924 0.2531999945640564
vn 0.9431999921798706 0.26980000734329224 0.19380000233650208
vn 0.944599986076355 -0.18469999730587006 -0.2712000012397766
vn 0.9448000192642212 -0.29750001430511475 -0.13750000298023224
vn 0.9466000199317932 -0.2728999853134155 -0.17180000245571136
vn 0.947700023651123 0.0989999994635582 -0.303600013256073
vn 0.9491000175476074 0.09749999642372131 0.2996000051498413
vn 0.9498000144958496 0.05620000138878822 0.3077999949455261
vn 0.949999988079071 -0.11559999734163284 -0.28999999165534973
vn 0.9524000287055969 0.01269999984651804 -0.3046000003814697
vn 0.9531999826431274 0.26980000734329224 -0.1362999975681305
vn 0.9532999992370605 -0.029200000688433647 0.30059999227523804
vn 0.954800009727478 -0.16030000150203705 0.25040000677108765
vn 0.9567000269889832 -0.22190000116825104 -0.188400000333786
vn 0.9569000005722046 -0.07069999724626541 -0.2818000018596649
vn 0.9575999975204468 -0.2533999979496002 0.13689999282360077
vn 0.9593999981880188 0.0003000000142492354 -0.28200000524520874
vn 0.9595000147819519 0.11069999635219574 0.2590999901294708
vn 0.9610999822616577 -0.2596000134944916 0.09430000185966492
vn 0.9616000056266785 -0.27140000462532043 0.0406000018119812
vn 0.9625999927520752 -0.22429999709129333 0.15199999511241913
vn 0.9663000106811523 0.14659999310970306 0.21170000731945038
vn 0.9677000045776367 -0.13379999995231628 -0.2134999930858612
vn 0.9678999781608582 0.23199999332427979 -0.09679999947547913
vn 0.9695000052452087 0.23350000381469727 0.07500000298023224
vn 0.9706000089645386 -0.08089999854564667 0.22679999470710754
vn 0.97079998254776 -0.22020000219345093 -0.09470000118017197
vn 0.9711999893188477 0.2110999971628189 -0.10999999940395355
vn 0.9717000126838684 -0.11060000211000443 0.2087000012397766
vn 0.9724000096321106 -0.05939999967813492 -0.2257000058889389
vn 0.9733999967575073 -0.019600000232458115 -0.22840000689029694
vn 0.9739000201225281 -0.02329999953508377 -0.22579999268054962
vn 0.9753999710083008 0.0989999994635582 0.19689999520778656
vn 0.9767000079154968 -0.07810000330209732 0.19990000128746033
vn 0.9768999814987183 0.08619999885559082 -0.1956000030040741
vn 0.9818000197410583 0.1762000024318695 0.07050000131130219
vn 0.9819999933242798 -0.0012000000569969416 0.1890999972820282
vn 0.982699990272522 -0.15950000286102295 0.09430000185966492
vn 0.9829999804496765 0.1347000002861023 0.12449999898672104
vn 0.9850999712944031 -0.04230000078678131 -0.16670000553131104
vn 0.9853000044822693 -0.17080000042915344 0.00559999980032444
vn 0.987500011920929 0.15389999747276306 0.03319999948143959
vn 0.9876999855041504 -0.11240000277757645 -0.10890000313520432
vn 0.9890000224113464 0.12269999831914902 -0.08250000327825546
vn 0.989799976348877 -0.13249999284744263 0.05310000106692314
vn 0.9901000261306763 -0.004000000189989805 0.14030000567436218
vn 0.9904000163078308 -0.11980000138282776 -0.06949999928474426
vn 0.991599977016449 -0.06560000032186508 0.11110000312328339
vn 0.9916999936103821 -0.07360000163316727 0.10580000281333923
vn 0.9919999837875366 0.11209999769926071 -0.05730000138282776
vn 0.9926000237464905 -0.11699999868869781 0.033399999141693115
vn 0.9929999709129333 -0.028599999845027924 0.1143999993801117
vn 0.9968000054359436 -0.01679999940097332 -0.07859999686479568
f 2/2675/148 5/2577/273 3/2635/69
f 4/2703/115 3/2635/69 1/2682/78
f 2/2675/148 3/2635/69 4/2703/115
f 8/654/356 5/674/273 2/675/148
f 6/1920/382 4/1968/115 1/2002/78
f 25/607/763 5/674/273 8/654/356
f 1/2682/78 3/2635/69 15/2576/607
f 14/623/617 8/654/356 2/675/148
f 13/1896/517 2/1990/148 4/1968/115
f 15/2576/607 12/2678/279 1/2682/78
f 7/5026/16 10/4957/533 11/4956/125
f 10/2978/533 7/3019/16 8/3047/356
f 3/2635/69 5/2577/273 15/2576/607
f 14/2979/617 10/2978/533 8/3047/356
f 34/595/776 5/674/273 25/607/763
f 23/1861/705 4/1968/115 6/1920/382
f 7/3699/16 16/3639/1088 8/3698/356
f 14/623/617 2/675/148 13/611/517
f 4/1968/115 23/1861/705 13/1896/517
f 9/3650/111 12/3647/279 18/3710/850
f 17/4743/661 11/4820/125 10/4821/533
f 21/5073/624 7/5074/16 11/4998/125
f 21/1328/624 16/1329/1088 7/1283/16
f 10/414/533 14/411/617 16/368/1088
f 5/2716/273 34/2638/776 15/2680/607
f 15/3656/607 26/3721/1060 12/3647/279
f 22/985/883 12/1041/279 9/1021/111
f 37/2820/991 1/2717/78 22/2812/883
f 12/2832/279 22/2812/883 1/2717/78
f 11/1108/125 17/1109/661 19/1062/241
f 24/254/700 11/207/125 19/276/241
f 17/364/661 10/414/533 21/328/624
f 10/414/533 16/368/1088 21/328/624
f 8/3698/356 16/3639/1088 25/3609/763
f 37/1825/991 23/1861/705 6/1920/382
f 6/187/382 1/251/78 37/252/991
f 22/4226/883 9/4227/111 20/4133/814
f 14/623/617 13/611/517 36/564/982
f 26/3709/1060 15/3708/607 22/3758/883
f 20/3722/814 9/3650/111 18/3710/850
f 11/207/125 24/254/700 21/186/624
f 17/3438/661 21/3500/624 179/3498/673
f 16/368/1088 14/411/617 25/329/763
f 26/3721/1060 18/3710/850 12/3647/279
f 21/5078/624 24/5077/700 27/5128/536
f 36/2612/982 13/2681/517 23/2653/705
f 34/2638/776 39/2598/1117 15/2680/607
f 15/3477/607 38/3552/1030 22/3478/883
f 26/809/1060 22/844/883 20/845/814
f 18/810/850 26/809/1060 20/845/814
f 31/2872/239 29/2871/168 28/2962/40
f 29/2871/168 30/2968/186 28/2962/40
f 31/2872/239 28/2962/40 32/2971/188
f 17/1109/661 64/1072/191 19/1062/241
f 30/2968/186 29/2871/168 33/2873/394
f 17/4335/661 27/4334/536 24/4428/700
f 32/938/188 28/695/40 35/923/345
f 38/2599/1030 15/2680/607 39/2598/1117
f 210/1210/582 29/1720/168 31/1221/239
f 24/906/700 49/933/208 17/944/661
f 27/3687/536 17/3615/661 47/3627/138
f 44/553/873 25/607/763 14/623/617
f 23/2653/705 37/2616/991 36/2612/982
f 37/3528/991 22/3478/883 38/3552/1030
f 40/3551/247 28/3504/40 30/3503/186
f 49/1095/208 64/1072/191 17/1109/661
f 36/564/982 44/553/873 14/623/617
f 17/4958/661 179/4959/673 47/4920/138
f 81/2938/579 31/2841/239 32/2940/188
f 41/2804/218 35/2762/345 28/2742/40
f 40/2808/247 41/2804/218 28/2742/40
f 179/3498/673 21/3500/624 27/3509/536
f 96/1963/342 25/1962/763 44/2007/873
f 39/2598/1117 34/2638/776 44/2578/873
f 38/2535/1030 39/2539/1117 37/2616/991
f 37/2616/991 39/2539/1117 36/2612/982
f 34/595/776 25/607/763 96/545/342
f 36/2612/982 39/2539/1117 44/2534/873
f 41/2804/218 40/2808/247 42/2876/237
f 43/2868/234 41/2804/218 45/2877/34
f 41/2804/218 42/2876/237 45/2877/34
f 45/1211/34 42/1627/237 54/1412/124
f 19/3623/241 64/3657/191 207/3646/800
f 43/3418/234 45/3374/34 89/3399/404
f 54/1412/124 42/1627/237 50/1613/309
f 45/406/34 54/213/124 125/358/416
f 54/213/124 62/51/38 61/223/51
f 54/213/124 50/2/309 62/51/38
f 45/406/34 125/358/416 117/370/174
f 125/358/416 54/213/124 61/223/51
f 62/51/38 50/2/309 69/19/172
f 45/406/34 117/370/174 60/410/61
f 60/410/61 117/370/174 70/379/159
f 60/410/61 70/379/159 71/378/81
f 62/51/38 69/19/172 75/58/55
f 75/58/55 69/19/172 64/25/191
f 75/58/55 64/25/191 49/36/208
f 60/410/61 71/378/81 56/390/42
f 60/1182/61 58/1183/89 98/1173/405
f 60/410/61 56/390/42 58/415/89
f 58/1183/89 120/1160/374 98/1173/405
f 75/58/55 49/36/208 65/62/63
f 65/1588/63 49/1587/208 47/1596/138
f 65/2509/63 47/2418/138 53/2551/151
f 56/390/42 121/371/193 143/316/491
f 56/3077/42 116/3061/468 59/3076/72
f 59/2453/72 66/2496/76 56/2419/42
f 59/2453/72 77/2501/95 134/2557/350
f 77/2501/95 65/2509/63 134/2557/350
f 59/2453/72 134/2557/350 66/2496/76
f 134/2557/350 65/2509/63 53/2551/151
f 134/4560/350 53/4627/151 96/4628/342
f 87/20/378 96/57/342 53/21/151
f 56/390/42 84/383/160 58/415/89
f 84/383/160 68/391/56 58/415/89
f 87/3974/378 44/3902/873 34/3973/776
f 44/3058/873 87/3104/378 74/3081/23
f 58/415/89 68/391/56 72/423/176
f 87/3104/378 57/3105/145 74/3081/23
f 74/2604/23 57/2605/145 152/2575/818
f 57/4503/145 76/4574/200 152/4504/818
f 68/391/56 67/389/70 72/423/176
f 63/3849/79 51/3869/30 129/3816/642
f 67/389/70 52/317/58 48/416/114
f 57/28/145 46/41/131 63/130/79
f 46/41/131 57/28/145 92/16/344
f 67/389/70 48/416/114 72/423/176
f 51/233/30 63/130/79 46/41/131
f 52/317/58 51/233/30 55/136/177
f 52/317/58 55/136/177 48/416/114
f 51/233/30 46/41/131 55/136/177
f 61/4285/51 182/4340/1081 125/4286/416
f 100/1172/372 89/1170/404 45/1202/34
f 177/4148/915 62/4187/38 139/4188/513
f 61/472/51 103/471/48 107/507/278
f 107/507/278 103/471/48 97/504/32
f 100/1172/372 45/1202/34 60/1182/61
f 97/504/32 103/471/48 83/554/337
f 93/2200/26 113/2248/182 138/2265/655
f 98/1173/405 100/1172/372 60/1182/61
f 70/379/159 156/360/889 71/378/81
f 144/3554/645 62/3597/38 75/3598/55
f 71/4434/81 156/4401/889 110/4445/6
f 99/2269/120 82/2271/19 122/2249/480
f 71/378/81 110/351/6 150/347/901
f 78/2244/62 150/2142/901 127/2226/300
f 78/2244/62 127/2226/300 122/2249/480
f 78/2244/62 122/2249/480 82/2271/19
f 75/2404/55 82/2271/19 104/2370/146
f 82/2271/19 75/2404/55 130/2289/285
f 78/4147/62 88/4153/44 147/4116/843
f 88/2308/44 78/2244/62 82/2271/19
f 88/2308/44 82/2271/19 80/2341/22
f 88/2308/44 80/2341/22 118/2334/544
f 94/4034/152 80/4031/22 115/3998/375
f 179/2459/673 53/2551/151 47/2418/138
f 88/2308/44 118/2334/544 116/2365/468
f 71/378/81 121/371/193 56/390/42
f 116/2365/468 118/2334/544 59/2405/72
f 77/1442/95 59/1443/72 119/1432/284
f 143/316/491 116/239/468 56/390/42
f 197/1453/688 120/1449/374 58/1452/89
f 56/3783/42 66/3782/76 149/3817/736
f 149/3784/736 66/3845/76 79/3846/668
f 197/2312/688 58/2343/89 72/2330/176
f 34/595/776 96/545/342 87/552/378
f 85/1326/126 79/1321/668 101/1325/291
f 74/3160/23 171/3197/514 79/3161/668
f 153/369/454 194/359/561 84/383/160
f 194/359/561 68/391/56 84/383/160
f 85/243/126 101/200/291 90/244/53
f 90/244/53 101/200/291 124/214/486
f 101/200/291 86/180/67 124/214/486
f 90/244/53 108/274/286 85/243/126
f 124/214/486 126/212/121 90/244/53
f 126/212/121 73/222/3 90/244/53
f 73/4165/3 129/4230/642 51/4166/30
f 114/1691/367 52/1711/58 67/1704/70
f 145/3809/783 51/3869/30 52/3870/58
f 55/136/177 46/41/131 95/49/169
f 630/2469/601 40/2474/247 30/2521/186
f 186/4107/1051 62/4048/38 177/4103/915
f 61/4049/51 62/4048/38 186/4107/1051
f 100/1172/372 230/1139/780 89/1170/404
f 151/452/827 61/472/51 186/439/1051
f 61/4223/51 107/4224/278 182/4169/1081
f 61/472/51 151/452/827 103/471/48
f 139/2195/513 62/2191/38 111/2217/351
f 117/370/174 125/358/416 133/319/360
f 139/2195/513 111/2217/351 91/2203/12
f 111/2217/351 148/2223/822 91/2203/12
f 107/507/278 97/504/32 106/563/20
f 103/471/48 151/452/827 93/462/26
f 133/319/360 125/358/416 106/275/20
f 151/452/827 161/438/1127 93/462/26
f 161/5030/1127 91/5094/12 93/5095/26
f 133/319/360 106/275/20 141/318/485
f 93/2200/26 91/2203/12 113/2248/182
f 141/318/485 106/275/20 136/272/532
f 93/2200/26 138/2265/655 142/2235/619
f 141/318/485 136/272/532 110/351/6
f 113/2248/182 104/2370/146 138/2265/655
f 162/2530/1108 104/2560/146 113/2542/182
f 142/2235/619 138/2265/655 99/2269/120
f 83/554/337 103/471/48 140/534/811
f 99/3348/120 138/3330/655 162/3347/1108
f 97/3743/32 83/3744/337 159/3717/896
f 62/312/38 144/297/645 195/311/1121
f 122/2249/480 127/2226/300 155/2190/654
f 122/2249/480 142/2235/619 99/2269/120
f 104/2370/146 144/2364/645 75/2404/55
f 150/4476/901 78/4523/62 71/4524/81
f 130/4263/285 75/4190/55 209/4262/1086
f 64/450/191 69/449/172 219/476/1016
f 82/2271/19 130/2289/285 80/2341/22
f 88/4153/44 102/4105/112 147/4116/843
f 115/3998/375 137/3972/499 94/4034/152
f 94/4034/152 137/3972/499 119/4033/284
f 102/4328/112 121/4327/193 164/4310/1022
f 137/4997/499 77/4996/95 119/5058/284
f 121/371/193 102/298/112 143/316/491
f 56/3783/42 149/3817/736 216/3855/819
f 85/167/126 149/151/736 79/150/668
f 79/1214/668 66/1213/76 135/1241/549
f 188/4617/397 44/4705/873 74/4706/23
f 135/1241/549 188/1373/397 74/1370/23
f 135/1241/549 74/1370/23 79/1214/668
f 84/383/160 85/243/126 153/369/454
f 85/4480/126 168/4525/1106 153/4526/454
f 105/59/266 131/43/995 73/10/3
f 105/176/266 73/222/3 86/180/67
f 86/180/67 101/200/291 172/159/1062
f 68/391/56 157/344/671 109/361/92
f 145/4182/783 90/4215/53 73/4240/3
f 123/307/75 109/361/92 157/344/671
f 172/159/1062 128/117/225 86/180/67
f 152/2559/818 132/2544/507 74/2543/23
f 128/117/225 105/176/266 86/180/67
f 74/4016/23 132/4017/507 176/3963/922
f 132/109/507 128/117/225 176/79/922
f 90/244/53 112/288/187 108/274/286
f 112/288/187 123/307/75 108/274/286
f 145/4182/783 73/4240/3 51/4241/30
f 152/4099/818 76/4100/200 236/4051/718
f 109/361/92 123/307/75 114/320/367
f 112/403/187 52/404/58 114/387/367
f 123/307/75 112/288/187 114/320/367
f 63/130/79 105/176/266 128/117/225
f 198/4979/1100 52/4900/58 112/4899/187
f 132/109/507 63/130/79 128/117/225
f 129/4230/642 73/4165/3 131/4208/995
f 57/1580/145 63/1581/79 132/1569/507
f 48/2344/114 173/2311/505 72/2330/176
f 92/16/344 95/49/169 46/41/131
f 202/3447/875 48/3380/114 201/3442/906
f 48/3380/114 55/3379/177 201/3442/906
f 190/1150/813 230/1139/780 100/1172/372
f 169/597/1115 182/613/1081 107/614/278
f 177/4363/915 148/4339/822 111/4313/351
f 106/4760/20 97/4710/32 169/4759/1115
f 165/3683/1162 103/3655/48 93/3648/26
f 103/3746/48 165/3766/1162 140/3747/811
f 139/2618/513 91/2632/12 161/2619/1127
f 169/3727/1115 97/3743/32 159/3717/896
f 184/4578/1175 107/4577/278 106/4620/20
f 106/2445/20 125/2588/416 184/2427/1175
f 142/3682/619 165/3683/1162 93/3648/26
f 91/2203/12 148/2223/822 113/2248/182
f 141/3037/485 184/3075/1175 133/3042/360
f 70/2112/159 117/2114/174 189/2076/1023
f 136/272/532 150/347/901 110/351/6
f 104/2370/146 162/2254/1108 144/2364/645
f 156/2094/889 70/2112/159 189/2076/1023
f 141/4444/485 110/4445/6 156/4401/889
f 82/2271/19 99/2269/120 166/2296/1124
f 195/4377/1121 82/4416/19 166/4378/1124
f 195/4377/1121 104/4426/146 82/4416/19
f 78/4306/62 180/4353/977 71/4307/81
f 170/4104/1158 78/4147/62 147/4116/843
f 80/4977/22 130/4978/285 154/4925/1053
f 154/3997/1053 115/3998/375 80/4031/22
f 206/3706/940 75/3748/55 65/3749/63
f 174/2377/1123 118/2334/544 80/2341/22
f 174/4528/1123 80/4494/22 94/4493/152
f 47/3627/138 233/3614/1032 27/3687/536
f 71/2104/81 189/2076/1023 121/2091/193
f 102/298/112 88/237/44 143/316/491
f 163/1516/1173 88/1533/44 116/1517/468
f 59/3991/72 118/3992/544 191/3941/1095
f 164/4310/1022 121/4327/193 208/4300/1006
f 226/1145/1019 98/1173/405 120/1160/374
f 223/392/868 226/399/1019 120/413/374
f 116/4320/468 143/4298/491 208/4258/1006
f 199/3091/1116 65/3127/63 77/3122/95
f 206/3090/940 65/3127/63 199/3091/1116
f 211/4143/976 66/4073/76 134/4142/350
f 56/549/42 216/532/819 243/548/647
f 66/1606/76 211/1640/976 167/1630/939
f 56/3603/42 243/3668/647 227/3653/510
f 87/451/378 53/434/151 221/474/1033
f 56/3603/42 227/3653/510 84/3604/160
f 135/1607/549 66/1606/76 167/1630/939
f 84/3604/160 227/3653/510 181/3628/632
f 85/4388/126 108/4384/286 168/4341/1106
f 194/359/561 157/344/671 68/391/56
f 124/1696/486 86/1695/67 131/1713/995
f 90/2796/53 145/2793/783 158/2810/1138
f 126/3092/121 86/3116/67 73/3117/3
f 126/1776/121 131/1764/995 86/1775/67
f 126/5001/121 124/5002/486 158/4944/1138
f 131/43/995 105/59/266 172/81/1062
f 126/1973/121 158/1967/1138 131/1966/995
f 67/3154/70 68/3155/56 214/3131/714
f 57/446/145 87/451/378 217/468/427
f 67/3154/70 214/3131/714 205/3128/949
f 63/4532/79 185/4593/1071 105/4533/266
f 238/2287/803 220/2299/530 72/2330/176
f 114/1691/367 67/1704/70 205/1669/949
f 145/3809/783 52/3870/58 198/3792/1100
f 185/3796/1071 63/3849/79 129/3816/642
f 203/1555/968 57/1580/145 132/1569/507
f 57/2934/145 203/2935/968 76/2910/200
f 92/445/344 57/446/145 235/475/791
f 173/2311/505 238/2287/803 72/2330/176
f 55/3379/177 95/3397/169 201/3442/906
f 95/49/169 239/1/666 218/40/297
f 186/1782/1051 182/1781/1081 151/1729/827
f 224/1842/1042 177/1865/915 111/1835/351
f 148/4339/822 177/4363/915 204/4364/98
f 212/2571/1011 184/2427/1175 125/2588/416
f 106/275/20 169/221/1115 136/272/532
f 224/1857/1042 111/1837/351 62/1836/38
f 69/449/172 146/461/782 219/476/1016
f 165/2731/1162 142/2671/619 161/2666/1127
f 148/2561/822 162/2530/1108 113/2542/182
f 136/3712/532 184/3734/1175 150/3729/901
f 195/3065/1121 224/3033/1042 62/3064/38
f 226/1145/1019 100/1172/372 98/1173/405
f 162/3347/1108 138/3330/655 144/3212/645
f 83/962/337 140/988/811 159/963/896
f 162/282/1108 166/283/1124 99/270/120
f 138/4498/655 104/4449/146 195/4497/1121
f 170/1447/1158 155/1448/654 127/1431/300
f 155/1558/654 170/1557/1158 122/1576/480
f 170/3732/1158 127/3755/300 150/3733/901
f 71/1811/81 180/1790/977 189/1810/1023
f 154/1959/1053 130/1946/285 166/1958/1124
f 163/2694/1173 154/2670/1053 147/2714/843
f 118/3992/544 154/3990/1053 163/3942/1173
f 147/2714/843 102/2757/112 163/2694/1173
f 118/1787/544 174/1808/1123 154/1809/1053
f 248/943/961 49/933/208 24/906/700
f 115/3879/375 154/3867/1053 174/3834/1123
f 248/834/961 47/792/138 49/791/208
f 164/4310/1022 163/4299/1173 102/4328/112
f 191/3941/1095 118/3992/544 163/3942/1173
f 248/834/961 233/825/1032 47/792/138
f 137/3874/499 115/3879/375 174/3834/1123
f 199/1336/1116 94/1337/152 119/1319/284
f 174/4528/1123 94/4493/152 199/4518/1116
f 53/434/151 179/463/673 231/477/828
f 191/3825/1095 163/3907/1173 116/3908/468
f 137/3874/499 199/3813/1116 77/3878/95
f 119/1432/284 59/1443/72 191/1415/1095
f 245/1654/665 167/1630/939 211/1640/976
f 264/3123/292 96/3138/342 44/3085/873
f 72/2330/176 234/2298/663 197/2312/688
f 175/4061/1170 149/4109/736 85/4110/126
f 217/468/427 87/451/378 221/474/1033
f 135/4402/549 167/4430/939 149/4403/736
f 175/4085/1170 135/4137/549 149/4086/736
f 85/4381/126 84/4382/160 181/4329/632
f 85/4381/126 181/4329/632 175/4338/1170
f 101/4090/291 79/4095/668 175/4052/1170
f 101/4861/291 175/4790/1170 172/4789/1062
f 168/3944/1106 90/3903/53 175/3945/1170
f 90/2796/53 158/2810/1138 175/2819/1170
f 124/38/486 131/43/995 175/52/1170
f 131/43/995 172/81/1062 175/52/1170
f 171/3960/514 74/4016/23 176/3963/922
f 168/3944/1106 112/3909/187 90/3903/53
f 176/2260/922 128/2275/225 185/2261/1071
f 68/2172/56 109/2173/92 214/2137/714
f 183/4346/1168 108/4384/286 123/4389/75
f 168/3944/1106 183/3946/1168 112/3909/187
f 183/1572/1168 123/1573/75 160/1565/834
f 185/80/1071 172/81/1062 105/59/266
f 114/4782/367 187/4840/1028 109/4841/92
f 57/446/145 217/468/427 235/475/791
f 183/3306/1168 187/3323/1028 198/3307/1100
f 112/3909/187 183/3946/1168 198/3916/1100
f 129/4417/642 131/4471/995 158/4418/1138
f 114/1753/367 198/1752/1100 187/1757/1028
f 145/2793/783 129/2818/642 158/2810/1138
f 198/1668/1100 114/1691/367 205/1669/949
f 200/3786/1085 145/3809/783 198/3792/1100
f 186/1782/1051 196/1814/924 192/1815/892
f 69/449/172 50/433/309 328/518/733
f 169/910/1115 151/930/827 182/911/1081
f 133/3042/360 212/3012/1011 117/2995/174
f 165/2731/1162 151/2732/827 169/2756/1115
f 204/4484/98 177/4483/915 139/4536/513
f 242/2921/322 204/2952/98 139/2942/513
f 148/2641/822 242/2623/322 139/2656/513
f 161/2666/1127 148/2641/822 139/2656/513
f 165/2731/1162 161/2666/1127 151/2732/827
f 184/3075/1175 212/3012/1011 133/3042/360
f 169/597/1115 107/614/278 184/608/1175
f 136/3712/532 169/3711/1115 184/3734/1175
f 162/2649/1108 148/2641/822 161/2666/1127
f 165/2731/1162 169/2756/1115 159/2725/896
f 142/2671/619 162/2649/1108 161/2666/1127
f 150/3010/901 184/3075/1175 141/3037/485
f 190/1150/813 100/1172/372 226/1145/1019
f 159/3785/896 140/3747/811 165/3766/1162
f 166/2673/1124 162/2649/1108 142/2671/619
f 166/2673/1124 142/2671/619 122/2701/480
f 150/3010/901 141/3037/485 156/2994/889
f 195/4562/1121 144/4606/645 138/4563/655
f 180/2083/977 150/2106/901 156/2094/889
f 170/2712/1158 166/2673/1124 122/2701/480
f 170/4657/1158 150/4724/901 180/4658/977
f 180/4353/977 78/4306/62 170/4345/1158
f 195/2657/1121 166/2550/1124 130/2533/285
f 130/2533/285 209/2662/1086 195/2657/1121
f 147/2714/843 166/2673/1124 170/2712/1158
f 206/3706/940 209/3707/1086 75/3748/55
f 154/2670/1053 166/2673/1124 147/2714/843
f 64/450/191 219/476/1016 207/467/800
f 88/514/44 163/520/1173 164/527/1022
f 199/3813/1116 137/3874/499 174/3834/1123
f 143/499/491 88/514/44 164/527/1022
f 208/528/1006 143/499/491 164/527/1022
f 222/4257/1092 116/4320/468 208/4258/1006
f 191/3825/1095 116/3908/468 222/3843/1092
f 191/1415/1095 199/1417/1116 119/1432/284
f 120/413/374 197/398/688 223/392/868
f 245/4356/665 211/4355/976 149/4413/736
f 167/2119/939 245/2079/665 229/2097/154
f 221/474/1033 53/434/151 240/491/788
f 178/4788/1157 245/4735/665 149/4787/736
f 178/1291/1157 193/1307/103 245/1308/665
f 167/2119/939 229/2097/154 193/2110/103
f 167/1918/939 193/1917/103 178/1923/1157
f 178/4410/1157 251/4337/421 275/4336/615
f 178/920/1157 275/914/615 167/913/939
f 251/771/421 178/756/1157 149/770/736
f 149/3555/736 167/3595/939 251/3556/421
f 72/2330/176 220/2299/530 234/2298/663
f 135/1812/549 175/1797/1170 171/1796/514
f 188/1881/397 135/1847/549 171/1831/514
f 168/4607/1106 175/4636/1170 181/4649/632
f 168/4607/1106 181/4649/632 153/4608/454
f 171/3197/514 175/3193/1170 79/3161/668
f 158/4944/1138 124/5002/486 175/4972/1170
f 214/4233/714 157/4297/671 194/4287/561
f 168/4341/1106 108/4384/286 183/4346/1168
f 176/4177/922 152/4136/818 171/4175/514
f 185/4178/1071 152/4136/818 176/4177/922
f 109/2173/92 187/2169/1028 214/2137/714
f 187/4232/1028 157/4297/671 214/4233/714
f 123/4296/75 157/4297/671 187/4232/1028
f 152/4136/818 185/4178/1071 132/4132/507
f 203/4545/968 236/4544/718 76/4616/200
f 160/372/834 123/384/75 187/373/1028
f 185/3162/1071 128/3198/225 172/3163/1062
f 187/3323/1028 183/3306/1168 160/3349/834
f 129/3816/642 145/3809/783 200/3786/1085
f 203/1555/968 132/1569/507 185/1562/1071
f 129/3816/642 200/3786/1085 185/3796/1071
f 92/16/344 239/1/666 95/49/169
f 202/2028/875 253/2069/487 48/2081/114
f 247/1674/1014 48/1716/114 225/1717/107
f 186/1782/1051 177/1780/915 196/1814/924
f 192/2607/892 212/2571/1011 125/2588/416
f 125/1778/416 182/1781/1081 192/1815/892
f 182/1781/1081 186/1782/1051 192/1815/892
f 212/2086/1011 232/2058/1135 117/2114/174
f 273/2889/29 148/3008/822 204/3002/98
f 117/2114/174 232/2058/1135 189/2076/1023
f 156/2094/889 189/2076/1023 180/2083/977
f 233/492/1032 231/477/828 179/463/673
f 121/2091/193 189/2076/1023 228/2041/1109
f 208/1343/1006 121/1344/193 228/1345/1109
f 53/434/151 231/477/828 246/486/741
f 211/2646/976 199/2645/1116 191/2691/1095
f 134/859/350 206/849/940 199/883/1116
f 216/3101/819 222/3132/1092 208/3142/1006
f 211/4019/976 134/3881/350 199/4020/1116
f 149/3102/736 222/3132/1092 216/3101/819
f 240/491/788 53/434/151 246/486/741
f 245/4926/665 193/4991/103 251/4992/421
f 251/4896/421 193/4895/103 275/4961/615
f 240/491/788 241/493/845 221/474/1033
f 221/3581/1033 268/3629/478 217/3622/427
f 234/2298/663 220/2299/530 244/2283/412
f 153/3296/454 181/3300/632 260/3324/548
f 217/3622/427 268/3629/478 265/3663/330
f 236/4051/718 171/4093/514 152/4099/818
f 200/1693/1085 203/1692/968 185/1707/1071
f 202/1641/875 198/1703/1100 205/1708/949
f 200/1693/1085 201/1634/906 203/1692/968
f 202/1641/875 200/1693/1085 198/1703/1100
f 201/1634/906 200/1693/1085 202/1641/875
f 173/1427/505 48/1410/114 247/1409/1014
f 253/1489/487 202/1503/875 247/1476/1014
f 286/1710/410 201/1675/906 95/1709/169
f 253/2069/487 225/2103/107 48/2081/114
f 30/2521/186 1145/2527/986 630/2469/601
f 192/1542/892 196/1855/924 259/1821/418
f 146/461/782 69/449/172 328/518/733
f 232/2058/1135 212/2086/1011 230/2042/780
f 219/476/1016 146/461/782 224/503/1042
f 232/385/1135 230/409/780 190/412/813
f 273/4955/29 267/4912/175 242/4911/322
f 242/4954/322 148/4904/822 273/4903/29
f 232/385/1135 190/412/813 226/399/1019
f 219/2693/1016 224/2665/1042 195/2657/1121
f 209/2662/1086 219/2693/1016 195/2657/1121
f 207/2692/800 219/2693/1016 209/2662/1086
f 228/362/1109 232/385/1135 226/399/1019
f 189/2076/1023 232/2058/1135 228/2041/1109
f 248/4832/961 207/4902/800 209/4833/1086
f 233/3731/1032 248/3742/961 209/3713/1086
f 361/4151/674 248/4111/961 24/4150/700
f 233/3731/1032 209/3713/1086 206/3701/940
f 228/362/1109 226/399/1019 223/392/868
f 231/3745/828 233/3731/1032 206/3701/940
f 223/392/868 208/352/1006 228/362/1109
f 290/2899/681 206/2864/940 134/2842/350
f 211/2292/976 191/2291/1095 222/2321/1092
f 229/3100/154 222/3132/1092 149/3102/736
f 229/5104/154 149/5116/736 211/5031/976
f 96/3996/342 252/3933/874 134/3995/350
f 240/170/788 96/171/342 241/146/845
f 292/555/911 251/544/421 167/543/939
f 290/1986/681 241/2008/845 96/1987/342
f 243/3668/647 250/3684/1052 227/3653/510
f 221/2433/1033 241/2412/845 307/2442/676
f 250/4003/1052 197/3959/688 234/3958/663
f 250/4003/1052 234/3958/663 227/4015/510
f 260/3324/548 227/3295/510 287/3322/245
f 260/3324/548 181/3300/632 227/3295/510
f 171/1102/514 270/1125/417 188/1094/397
f 153/1519/454 260/1491/548 194/1514/561
f 214/3395/714 194/3356/561 276/3388/477
f 236/1138/718 294/1189/311 171/1102/514
f 238/4509/803 214/4455/714 220/4527/530
f 238/3099/803 205/3128/949 214/3131/714
f 235/475/791 217/468/427 236/496/718
f 235/4038/791 236/4096/718 203/4097/968
f 254/1479/897 202/1503/875 205/1493/949
f 249/1632/888 203/1692/968 201/1634/906
f 249/1632/888 201/1634/906 272/1579/1114
f 286/76/410 95/49/169 218/40/297
f 255/1566/387 192/1542/892 259/1821/418
f 177/1865/915 224/1842/1042 284/1834/554
f 224/193/1042 146/227/782 284/215/554
f 213/2129/47 215/2118/52 257/2096/347
f 215/4750/52 237/4723/140 257/4749/347
f 197/34/688 373/78/730 223/5/868
f 222/4066/1092 296/4074/349 289/4022/456
f 211/4021/976 222/4066/1092 289/4022/456
f 211/5031/976 289/5115/456 229/5104/154
f 246/2410/741 325/2415/506 134/2457/350
f 197/1672/688 295/1686/518 243/1694/647
f 293/1671/686 295/1686/518 197/1672/688
f 193/324/103 229/306/154 289/323/456
f 252/3933/874 246/3895/741 134/3995/350
f 275/1407/615 193/1433/103 289/1408/456
f 293/4043/686 197/3959/688 250/4003/1052
f 167/3345/939 275/3290/615 292/3258/911
f 307/655/676 241/658/845 252/650/874
f 287/4847/245 250/4929/1052 243/4848/647
f 287/3794/245 311/3795/482 250/3735/1052
f 44/3443/873 188/3358/397 221/3404/1033
f 264/2511/292 44/2512/873 221/2484/1033
f 227/2320/510 234/2298/663 287/2284/245
f 268/3357/478 221/3404/1033 188/3358/397
f 217/3622/427 265/3663/330 236/3582/718
f 392/3790/271 235/3836/791 203/3768/968
f 202/1503/875 254/1479/897 247/1476/1014
f 218/443/297 239/460/666 272/466/1114
f 81/945/579 32/938/188 35/923/345
f 255/2257/387 259/2517/418 258/2253/206
f 258/2253/206 259/2517/418 267/2516/175
f 230/3496/780 212/3420/1011 280/3451/455
f 328/228/733 284/215/554 146/227/782
f 262/2825/93 269/2826/41 277/2862/260
f 281/2835/108 266/2870/150 278/2778/197
f 256/1680/205 271/1676/165 274/1727/221
f 278/2778/197 266/2870/150 279/2803/196
f 274/1727/221 271/1676/165 282/1726/128
f 300/4703/380 257/4764/347 237/4704/140
f 288/1873/287 237/1830/140 213/1829/47
f 300/1867/380 237/1830/140 288/1873/287
f 27/3509/536 421/3515/566 179/3498/673
f 261/2098/465 237/2102/140 329/2024/425
f 237/3667/140 261/3638/465 213/3666/47
f 213/5097/47 261/5036/465 215/5096/52
f 215/1141/52 261/1124/465 300/1140/380
f 296/2044/349 237/2102/140 215/2118/52
f 215/4719/52 300/4638/380 289/4637/456
f 319/356/320 208/395/1006 223/346/868
f 296/2044/349 215/2118/52 289/2064/456
f 296/2044/349 222/2099/1092 229/2097/154
f 134/2457/350 325/2415/506 290/2456/681
f 197/211/688 243/210/647 216/231/819
f 305/3171/983 246/3121/741 252/3150/874
f 240/491/788 246/486/741 305/515/983
f 240/4868/788 252/4942/874 96/4876/342
f 287/1481/245 243/1498/647 295/1477/518
f 252/868/874 241/856/845 290/855/681
f 221/2695/1033 307/2696/676 264/2688/292
f 96/1057/342 264/1093/292 290/1090/681
f 264/3583/292 268/3660/478 188/3584/397
f 294/1189/311 270/1125/417 171/1102/514
f 265/857/330 294/805/311 236/818/718
f 173/3339/505 247/3338/1014 254/3385/897
f 239/460/666 249/487/888 272/466/1114
f 201/1634/906 286/1525/410 272/1579/1114
f 29/1720/168 210/1210/582 694/1737/606
f 42/2416/237 40/2474/247 630/2469/601
f 263/1132/1010 258/1135/206 285/1136/222
f 282/1726/128 271/1676/165 309/1685/464
f 27/3687/536 233/3614/1032 425/3625/498
f 288/990/287 213/1038/47 318/991/312
f 318/2035/312 213/2129/47 329/2024/425
f 329/2024/425 213/2129/47 257/2096/347
f 261/1871/465 257/1863/347 300/1862/380
f 257/584/347 261/593/465 329/594/425
f 252/3473/874 325/3472/506 305/3493/983
f 252/5103/874 290/5027/681 325/5102/506
f 240/4868/788 307/4941/676 252/4942/874
f 264/3583/292 307/3602/676 367/3630/467
f 264/1093/292 188/1094/397 270/1125/417
f 194/1514/561 260/1491/548 330/1446/878
f 330/1446/878 276/1483/477 194/1514/561
f 244/2283/412 220/2299/530 344/2225/393
f 220/3432/530 214/3395/714 302/3431/223
f 92/445/344 235/475/791 436/550/450
f 205/1493/949 416/1414/373 254/1479/897
f 225/1717/107 301/1688/457 247/1674/1014
f 218/40/297 322/73/127 286/76/410
f 212/3420/1011 335/3426/737 280/3451/455
f 267/2516/175 285/2270/222 258/2253/206
f 267/2516/175 273/2507/29 285/2270/222
f 208/1520/1006 351/1454/652 216/1511/819
f 290/2899/681 315/2902/386 206/2864/940
f 450/1164/849 197/1143/688 216/1191/819
f 298/2037/240 296/2044/349 229/2097/154
f 298/2037/240 229/2097/154 245/2079/665
f 216/3572/819 295/3606/518 293/3573/686
f 289/3328/456 298/3299/240 245/3327/665
f 245/456/665 275/430/615 289/429/456
f 240/491/788 305/515/983 307/511/676
f 290/1090/681 264/1093/292 324/1130/362
f 264/3583/292 367/3630/467 268/3660/478
f 311/2245/482 287/2284/245 234/2298/663
f 311/2245/482 234/2298/663 244/2283/412
f 366/1435/757 330/1446/878 260/1491/548
f 294/811/311 332/836/778 270/804/417
f 244/3074/412 338/3009/931 311/3059/482
f 302/3431/223 214/3395/714 276/3388/477
f 249/3459/888 239/3414/666 949/3413/492
f 671/3465/580 249/3459/888 949/3413/492
f 335/2553/737 212/2571/1011 192/2607/892
f 336/1198/725 177/1199/915 284/1168/554
f 230/3496/780 280/3451/455 326/3461/781
f 273/2507/29 304/2414/65 285/2270/222
f 304/2414/65 273/2507/29 317/2518/795
f 317/2907/795 273/2889/29 204/3002/98
f 331/2920/332 204/2952/98 242/2921/322
f 262/2825/93 277/2862/260 281/2835/108
f 278/3169/197 279/3170/196 369/3110/751
f 282/3112/128 359/3054/702 274/3113/221
f 387/3098/900 369/3110/751 279/3170/196
f 297/2837/135 279/2803/196 266/2870/150
f 279/2803/196 297/2837/135 291/2836/724
f 207/3646/800 470/3624/535 19/3623/241
f 24/254/700 19/276/241 470/277/535
f 425/428/498 233/427/1032 316/444/219
f 282/1726/128 309/1685/464 283/1722/283
f 179/454/673 316/444/219 233/427/1032
f 378/3828/764 231/3872/828 315/3802/386
f 289/4880/456 303/4877/86 298/4835/240
f 324/1130/362 264/1093/292 270/1125/417
f 265/3/330 268/17/478 323/65/775
f 92/445/344 436/550/450 949/717/492
f 92/445/344 949/717/492 239/490/666
f 247/1476/1014 354/1473/762 253/1489/487
f 253/2069/487 301/2115/457 225/2103/107
f 280/3253/455 335/3222/737 321/3226/226
f 336/3308/725 284/3367/554 269/3396/41
f 306/2318/195 299/2274/275 285/2270/222
f 285/2270/222 304/2414/65 306/2318/195
f 304/2414/65 308/2376/68 306/2318/195
f 280/2930/455 314/2915/216 326/2900/781
f 304/4763/65 317/4762/795 342/4817/442
f 299/2274/275 306/2318/195 327/2307/745
f 336/3308/725 269/3396/41 262/3409/93
f 266/3822/150 313/3884/232 339/3883/721
f 339/3883/721 297/3823/135 266/3822/150
f 248/3676/961 360/3669/614 207/3646/800
f 360/4091/614 248/4111/961 361/4151/674
f 312/2448/31 288/2475/287 318/2434/312
f 352/1898/589 300/1867/380 288/1873/287
f 329/2024/425 237/2102/140 296/2044/349
f 315/3802/386 231/3872/828 206/3789/940
f 429/2972/613 315/2902/386 290/2899/681
f 325/516/506 246/486/741 231/477/828
f 298/2037/240 376/1997/758 296/2044/349
f 450/4709/849 216/4708/819 293/4751/686
f 303/4555/86 245/4487/665 292/4537/911
f 245/994/665 303/1017/86 275/1037/615
f 245/4487/665 251/4486/421 292/4537/911
f 287/1481/245 500/1398/621 260/1491/548
f 323/65/775 268/17/478 385/87/794
f 294/4404/311 355/4408/585 455/4366/716
f 344/189/393 220/188/530 302/246/223
f 302/246/223 416/242/373 344/189/393
f 598/2863/571 203/2844/968 249/2925/888
f 272/1579/1114 286/1525/410 364/1459/857
f 247/4072/1014 301/4006/457 354/4069/762
f 218/443/297 272/466/1114 364/488/857
f 322/73/127 218/40/297 364/46/857
f 301/2115/457 253/2069/487 320/2107/179
f 33/1741/394 29/1720/168 694/1737/606
f 336/3585/725 196/3532/924 177/3588/915
f 242/700/322 267/724/175 413/796/546
f 242/700/322 353/755/361 333/751/861
f 342/2447/442 310/2432/1 304/2414/65
f 277/3370/260 269/3378/41 341/3411/802
f 280/3253/455 321/3226/226 314/3254/216
f 389/1644/870 271/1676/165 256/1680/205
f 449/3798/537 361/3753/674 24/3797/700
f 334/3072/921 282/3112/128 283/3114/283
f 316/444/219 179/454/673 383/455/898
f 383/3452/898 179/3498/673 421/3515/566
f 283/1722/283 309/1685/464 348/1689/929
f 291/2836/724 297/2837/135 349/2880/258
f 351/377/652 208/395/1006 319/356/320
f 381/999/749 275/1037/615 303/1017/86
f 307/4304/676 305/4305/983 290/4247/681
f 324/366/362 307/343/676 290/365/681
f 380/3016/747 311/3059/482 338/3009/931
f 294/811/311 455/866/716 332/836/778
f 567/997/562 89/1170/404 230/1139/780
f 350/2519/851 263/2554/1010 285/2552/222
f 299/2548/275 350/2519/851 285/2552/222
f 269/2277/41 284/2252/554 328/2276/733
f 347/4768/1103 306/4707/195 337/4767/877
f 306/4707/195 308/4721/68 337/4767/877
f 341/3411/802 269/3378/41 328/3433/733
f 310/2432/1 308/2376/68 304/2414/65
f 310/2128/1 345/2092/568 308/2127/68
f 331/3040/332 415/2944/563 204/3002/98
f 310/2128/1 312/2054/31 345/2092/568
f 368/3336/1099 262/3409/93 281/3405/108
f 281/2835/108 277/2862/260 358/2879/545
f 274/765/221 445/709/978 256/708/205
f 448/2885/1046 281/2848/108 278/2914/197
f 412/2849/798 281/2848/108 448/2885/1046
f 399/3032/844 274/3113/221 359/3054/702
f 314/3254/216 321/3226/226 319/3249/320
f 310/2432/1 340/2478/100 312/2448/31
f 297/2837/135 339/2874/721 349/2880/258
f 313/56/232 360/37/614 361/39/674
f 470/277/535 449/249/537 24/254/700
f 340/2478/100 288/2475/287 312/2448/31
f 316/2878/219 365/2901/772 313/2843/232
f 321/3226/226 351/3221/652 319/3249/320
f 365/2901/772 316/2878/219 315/2902/386
f 289/1872/456 300/1867/380 352/1898/589
f 298/4835/240 303/4877/86 292/4881/911
f 367/2285/467 324/2338/362 305/2322/983
f 324/3319/362 367/3318/467 307/3363/676
f 375/851/752 270/804/417 332/836/778
f 244/3074/412 344/3021/393 338/3009/931
f 416/124/373 205/133/949 238/93/803
f 354/4069/762 301/4006/457 370/4071/1012
f 89/3399/404 567/3403/562 43/3418/234
f 569/1544/608 192/1542/892 255/1566/387
f 346/1767/966 317/1733/795 413/1759/546
f 317/762/795 242/700/322 413/796/546
f 353/2794/361 242/2802/322 317/2821/795
f 337/2090/877 308/2127/68 345/2092/568
f 415/2944/563 317/2907/795 204/3002/98
f 342/2447/442 340/2478/100 310/2432/1
f 277/3370/260 341/3411/802 368/3441/1099
f 368/3336/1099 336/3308/725 262/3409/93
f 277/3370/260 368/3441/1099 358/3412/545
f 412/3309/798 368/3336/1099 281/3405/108
f 312/2054/31 357/2030/570 345/2092/568
f 266/2870/150 281/2835/108 358/2879/545
f 319/2931/320 363/2895/989 314/2915/216
f 313/1149/232 266/1174/150 396/1113/1031
f 334/3072/921 359/3054/702 282/3112/128
f 291/982/724 349/1025/258 339/1043/721
f 361/39/674 316/55/219 313/56/232
f 378/4630/764 315/4718/386 316/4631/219
f 319/356/320 223/346/868 373/345/730
f 305/4975/983 429/4907/613 290/4906/681
f 303/3287/86 289/3321/456 381/3266/749
f 293/2268/686 250/2306/1052 461/2181/667
f 420/2199/559 380/2218/747 338/2237/931
f 436/3842/450 235/3836/791 392/3790/271
f 354/2071/762 343/2066/113 320/2107/179
f 356/2437/1021 350/2519/851 337/2451/877
f 347/2515/1103 350/2519/851 299/2548/275
f 337/2451/877 350/2519/851 347/2515/1103
f 336/4250/725 341/4249/802 328/4308/733
f 363/2895/989 326/2900/781 314/2915/216
f 321/3124/226 335/3137/737 372/3149/1056
f 299/2548/275 327/2526/745 347/2515/1103
f 242/700/322 333/751/861 331/752/332
f 341/3411/802 336/3463/725 368/3441/1099
f 334/4030/921 309/3953/464 389/3904/870
f 359/3599/702 334/3563/921 437/3521/1073
f 339/1043/721 279/983/196 291/982/724
f 309/3891/464 334/3955/921 348/3892/929
f 365/4823/772 339/4771/721 313/4822/232
f 340/3488/100 377/3467/817 288/3466/287
f 425/13/498 316/55/219 361/39/674
f 288/753/287 509/707/295 352/706/589
f 348/1954/929 334/1943/921 283/1915/283
f 378/4702/764 316/4701/219 383/4772/898
f 450/2196/849 293/2268/686 461/2181/667
f 275/3290/615 381/3266/749 292/3258/911
f 250/2306/1052 311/2245/482 461/2181/667
f 366/1435/757 260/1491/548 500/1398/621
f 330/1446/878 527/1381/605 517/1380/620
f 438/115/771 265/3/330 323/65/775
f 265/857/330 436/858/450 294/805/311
f 416/124/373 238/93/803 502/92/494
f 301/4006/457 320/4010/179 370/4071/1012
f 253/2069/487 354/2071/762 320/2107/179
f 343/1371/113 354/1382/762 370/1372/1012
f 343/4383/113 370/4351/1012 322/4350/127
f 322/1661/127 371/1636/729 286/1635/410
f 230/3496/780 326/3461/781 511/3486/594
f 521/1379/471 263/1366/1010 350/1400/851
f 353/2918/361 346/2851/966 413/2917/546
f 335/3244/737 326/3220/781 363/3233/989
f 342/1768/442 317/1733/795 346/1767/966
f 397/2406/882 356/2437/1021 337/2451/877
f 335/3244/737 363/3233/989 372/3255/1056
f 306/1939/195 347/1912/1103 327/1911/745
f 331/752/332 333/751/861 467/803/119
f 266/1174/150 358/1185/545 396/1113/1031
f 389/3904/870 309/3953/464 271/3905/165
f 318/2035/312 357/2030/570 312/2054/31
f 288/753/287 377/776/817 509/707/295
f 373/2905/730 363/2895/989 319/2931/320
f 376/1997/758 329/2024/425 296/2044/349
f 429/2972/613 365/2901/772 315/2902/386
f 289/3321/456 352/3346/589 381/3266/749
f 564/175/603 373/78/730 197/34/688
f 325/516/506 231/477/828 507/571/625
f 495/122/646 385/87/794 268/17/478
f 422/3981/600 438/3985/771 323/3899/775
f 330/1446/878 458/1391/687 276/1483/477
f 477/1397/575 302/1472/223 276/1483/477
f 671/2924/580 598/2863/571 249/2925/888
f 286/5081/410 371/5082/729 364/5006/857
f 322/1799/127 370/1800/1012 371/1785/729
f 343/4063/113 322/4070/127 362/4101/785
f 342/2728/442 402/2761/810 374/2745/912
f 415/4857/563 333/4791/861 317/4856/795
f 382/2407/809 384/2408/905 345/2439/568
f 340/2729/100 342/2728/442 374/2745/912
f 445/709/978 274/765/221 399/769/844
f 448/2885/1046 278/2914/197 369/2929/751
f 357/2409/570 382/2407/809 345/2439/568
f 340/2729/100 374/2745/912 377/2749/817
f 321/3124/226 372/3149/1056 351/3125/652
f 387/1420/900 279/1353/196 339/1388/721
f 396/1113/1031 360/1131/614 313/1149/232
f 365/1470/772 396/1469/1031 339/1495/721
f 470/3624/535 207/3646/800 360/3669/614
f 383/29/898 425/67/498 361/42/674
f 329/2024/425 386/1994/650 318/2035/312
f 365/12/772 378/11/764 383/29/898
f 378/4284/764 365/4342/772 429/4343/613
f 216/1511/819 466/1413/560 295/1477/518
f 298/2037/240 292/2039/911 376/1997/758
f 325/2286/506 367/2285/467 305/2322/983
f 305/1089/983 324/1130/362 401/1146/591
f 500/1398/621 287/1481/245 295/1477/518
f 527/1381/605 330/1446/878 366/1435/757
f 343/4063/113 362/4101/785 379/4102/1045
f 320/2107/179 343/2066/113 418/2059/210
f 30/2521/186 33/2609/394 1145/2527/986
f 350/465/851 356/458/1021 515/522/293
f 356/2437/1021 397/2406/882 346/2358/966
f 439/4452/463 346/4432/966 397/4510/882
f 397/2406/882 337/2451/877 345/2439/568
f 384/2408/905 397/2406/882 345/2439/568
f 467/1770/119 333/1771/861 415/1746/563
f 411/2773/727 414/2775/1097 374/2745/912
f 389/556/870 256/546/205 445/620/978
f 388/3351/122 408/3335/1126 374/3334/912
f 410/2374/930 394/2379/1089 357/2409/570
f 409/2765/593 374/2745/912 408/2776/1126
f 393/1155/963 396/1113/1031 358/1185/545
f 406/2771/1008 377/2749/817 374/2745/912
f 339/1388/721 396/1419/1031 387/1420/900
f 365/1096/772 360/1131/614 396/1113/1031
f 395/3888/315 360/3930/614 365/3914/772
f 361/5025/674 395/5109/315 365/5043/772
f 383/29/898 361/42/674 365/12/772
f 464/730/768 509/707/295 377/776/817
f 27/3353/536 425/3259/498 421/3236/566
f 373/3219/730 372/3255/1056 363/3233/989
f 351/3125/652 372/3149/1056 373/3159/730
f 292/3258/911 381/3266/749 446/3229/860
f 401/1146/591 429/1152/613 305/1089/983
f 324/1130/362 457/1190/496 401/1146/591
f 457/1190/496 324/1130/362 270/1125/417
f 268/17/478 367/66/467 495/122/646
f 477/1397/575 276/1483/477 458/1391/687
f 344/189/393 416/242/373 502/206/494
f 294/4758/311 436/4757/450 392/4814/271
f 371/4519/729 370/4520/1012 379/4500/1045
f 379/4500/1045 362/4490/785 371/4519/729
f 343/1457/113 379/1492/1045 418/1458/210
f 379/4278/1045 320/4225/179 426/4205/476
f 320/2107/179 418/2059/210 426/2093/476
f 267/724/175 259/716/418 413/796/546
f 584/1351/711 258/1350/206 263/1366/1010
f 521/1379/471 350/1400/851 484/1403/261
f 342/3164/442 346/3204/966 439/3205/463
f 523/2882/299 317/2858/795 333/2881/861
f 439/2789/463 402/2761/810 342/2728/442
f 404/2772/863 374/2745/912 402/2761/810
f 390/2764/1025 411/2773/727 374/2745/912
f 391/2394/954 382/2407/809 357/2409/570
f 382/2407/809 391/2394/954 414/2378/1097
f 398/2380/1142 388/2372/122 414/2378/1097
f 374/2745/912 414/2775/1097 388/2760/122
f 408/2375/1126 391/2394/954 357/2409/570
f 394/2379/1089 408/2375/1126 357/2409/570
f 406/5008/1008 409/5007/593 394/5048/1089
f 374/2745/912 409/2765/593 406/2771/1008
f 410/5092/930 406/5132/1008 472/5093/282
f 334/4030/921 389/3904/870 437/4042/1073
f 450/1164/849 295/1187/518 466/1194/560
f 292/3751/911 446/3692/860 376/3740/758
f 450/1402/849 500/1398/621 295/1477/518
f 401/2993/591 325/3050/506 429/3051/613
f 367/2982/467 325/3050/506 401/2993/591
f 501/149/853 332/64/778 455/194/716
f 355/1738/585 294/1731/311 392/1772/271
f 545/129/610 436/98/450 265/3/330
f 392/3790/271 203/3768/968 598/3767/571
f 379/1646/1045 370/1639/1012 320/1645/179
f 474/3927/750 322/3887/127 364/3928/857
f 417/4131/136 362/4098/785 322/4130/127
f 417/3851/136 322/3887/127 474/3927/750
f 484/531/261 350/465/851 515/522/293
f 515/522/293 356/458/1021 346/447/966
f 353/440/361 538/530/162 346/447/966
f 538/2822/162 353/2794/361 317/2821/795
f 397/334/882 384/394/905 592/335/109
f 415/2944/563 435/2906/862 403/2904/118
f 433/4924/9 592/4872/109 384/4871/905
f 402/5012/810 384/5089/905 404/5013/863
f 434/768/784 404/786/863 384/784/905
f 390/5125/1025 434/5056/784 384/5124/905
f 390/2536/1025 404/2525/863 483/2493/163
f 374/2745/912 404/2772/863 390/2764/1025
f 382/2407/809 390/2388/1025 384/2408/905
f 415/2944/563 331/3040/332 440/2984/441
f 411/2773/727 390/2764/1025 506/2809/316
f 368/3441/1099 412/3464/798 358/3412/545
f 414/5117/1097 411/5123/727 447/5134/488
f 398/2380/1142 414/2378/1097 391/2394/954
f 462/1208/54 398/1207/1142 391/1231/954
f 388/2372/122 391/2394/954 408/2375/1126
f 409/959/593 408/966/1126 471/940/363
f 408/1053/1126 394/1083/1089 463/1054/339
f 423/4932/698 394/4983/1089 410/4984/930
f 394/890/1089 424/876/683 406/889/1008
f 430/5033/1026 423/5098/698 410/5099/930
f 430/757/1026 410/772/930 472/773/282
f 443/2787/381 377/2749/817 406/2771/1008
f 395/3741/315 361/3753/674 449/3798/537
f 376/1997/758 386/1994/650 329/2024/425
f 352/3346/589 444/3242/1050 381/3266/749
f 548/3871/528 378/3828/764 429/3780/613
f 231/3872/828 378/3828/764 548/3871/528
f 457/627/496 609/576/742 429/641/613
f 429/641/613 325/694/506 457/627/496
f 367/2677/467 401/2644/591 522/2676/552
f 238/2287/803 173/2311/505 726/2043/588
f 362/1014/785 792/998/426 371/989/729
f 474/4081/750 364/4115/857 405/4134/953
f 405/4893/953 362/4971/785 417/4894/136
f 1145/2527/986 33/2609/394 694/2613/606
f 258/3728/206 883/3726/998 255/3677/387
f 511/3486/594 326/3461/781 335/3426/737
f 419/3637/277 453/3571/158 400/3636/39
f 433/2510/9 384/2531/905 402/2494/810
f 404/4621/863 434/4639/784 433/4597/9
f 404/2525/863 433/2510/9 483/2493/163
f 467/803/119 440/813/441 331/752/332
f 434/3285/784 390/3257/1025 483/3256/163
f 412/459/798 400/425/39 358/424/545
f 411/3826/727 427/3852/584 382/3866/809
f 549/4948/522 411/4887/727 382/4947/809
f 382/2000/809 414/1998/1097 549/1928/522
f 462/1638/54 388/1658/122 398/1652/1142
f 359/3599/702 437/3521/1073 399/3601/844
f 406/3189/1008 424/3209/683 430/3211/1026
f 406/2771/1008 542/2815/547 443/2787/381
f 428/3847/511 452/3831/288 360/3930/614
f 452/3685/288 470/3624/535 360/3669/614
f 579/4121/541 470/4122/535 452/4039/288
f 443/44/381 357/45/570 377/24/817
f 428/3847/511 360/3930/614 395/3888/315
f 318/2035/312 519/1941/331 357/2030/570
f 377/776/817 451/750/1009 464/730/768
f 428/3847/511 395/3888/315 383/3912/898
f 395/2643/315 425/2672/498 383/2652/898
f 318/2035/312 386/1994/650 519/1941/331
f 386/1331/650 352/1270/589 568/1330/735
f 386/3261/650 444/3242/1050 352/3346/589
f 386/3750/650 376/3740/758 444/3688/1050
f 533/123/214 373/78/730 564/175/603
f 446/3692/860 444/3688/1050 376/3740/758
f 457/4037/496 325/4036/506 507/4141/625
f 457/2483/496 507/2522/625 401/2523/591
f 330/964/878 420/965/559 338/960/931
f 364/1098/857 371/1110/729 405/1099/953
f 523/2882/299 538/2861/162 317/2858/795
f 333/751/861 353/755/361 523/832/299
f 467/3759/119 415/3693/563 442/3752/357
f 415/3693/563 403/3702/118 442/3752/357
f 433/2510/9 402/2494/810 483/2493/163
f 492/2587/80 390/2570/1025 382/2586/809
f 492/4697/80 382/4753/809 427/4698/584
f 427/3852/584 411/3826/727 506/3865/316
f 411/3194/727 549/3195/522 447/3179/488
f 391/420/954 388/400/122 471/401/363
f 471/1637/363 388/1658/122 462/1638/54
f 387/89/900 448/158/1046 369/90/751
f 471/5017/363 408/4938/1126 463/4937/339
f 493/691/334 394/692/1089 423/681/698
f 424/86/683 394/103/1089 493/104/334
f 424/5041/683 423/5098/698 430/5033/1026
f 472/1969/282 406/2001/1008 489/1957/352
f 430/3211/1026 489/3238/352 406/3189/1008
f 542/5014/547 406/5079/1008 410/5015/930
f 443/2359/381 410/2374/930 357/2409/570
f 451/853/1009 377/848/817 357/887/570
f 425/2672/498 395/2643/315 449/2684/537
f 216/1511/819 351/1454/652 547/1376/577
f 466/1413/560 216/1511/819 547/1376/577
f 564/1144/603 197/1143/688 450/1164/849
f 457/867/496 270/804/417 375/851/752
f 517/2387/620 420/2350/559 330/2386/878
f 431/4644/183 344/4572/393 330/4571/878
f 431/2956/183 338/3009/931 344/3021/393
f 330/4571/878 441/4654/368 431/4644/183
f 330/3293/878 344/3294/393 458/3217/687
f 561/1363/567 416/1414/373 302/1472/223
f 541/1313/695 418/1341/210 379/1314/1045
f 413/796/546 596/847/694 353/755/361
f 439/4452/463 397/4510/882 497/4433/134
f 442/3165/357 403/3208/118 523/3172/299
f 402/4815/810 397/4888/882 592/4816/109
f 485/4041/679 419/4040/277 400/4094/39
f 402/3408/810 602/3333/82 483/3332/163
f 432/3283/5 513/3215/201 459/3225/254
f 487/2919/213 435/2906/862 415/2944/563
f 435/4813/862 467/4839/119 442/4917/357
f 467/489/119 400/425/39 412/459/798
f 506/2556/316 390/2570/1025 492/2587/80
f 400/824/39 465/842/430 358/808/545
f 447/5118/488 427/5035/584 506/5034/316
f 447/314/488 549/315/522 427/295/584
f 412/1151/798 448/1111/1046 393/1155/963
f 414/5117/1097 447/5134/488 462/5135/54
f 437/3521/1073 445/3520/978 399/3601/844
f 471/4964/363 463/5044/339 391/5045/954
f 437/606/1073 389/556/870 445/620/978
f 394/1156/1089 409/1166/593 463/1159/339
f 393/1155/963 448/1111/1046 396/1113/1031
f 387/89/900 396/174/1031 448/158/1046
f 519/1622/331 410/1595/930 443/1621/381
f 451/3844/1009 519/3820/331 443/3819/381
f 519/888/331 451/853/1009 357/887/570
f 482/2411/87 468/2443/10 488/2444/335
f 456/3832/189 428/3847/511 383/3912/898
f 482/2411/87 488/2444/335 460/2413/166
f 547/4535/577 373/4610/730 533/4582/214
f 351/4534/652 373/4610/730 547/4535/577
f 522/3035/552 609/3036/742 457/2961/496
f 507/2853/625 522/2894/552 401/2854/591
f 441/1874/368 330/1878/878 338/1891/931
f 338/1656/931 431/1643/183 491/1611/701
f 491/1611/701 431/1643/183 458/1657/687
f 458/609/687 431/618/183 441/610/368
f 491/4001/701 344/4002/393 525/3893/753
f 491/261/701 458/302/687 344/262/393
f 545/129/610 265/3/330 438/115/771
f 561/1363/567 302/1472/223 477/1397/575
f 474/3927/750 530/3850/97 417/3851/136
f 81/2938/579 210/2838/582 31/2841/239
f 196/3532/924 336/3585/725 605/3578/708
f 551/5101/203 497/5023/134 397/5100/882
f 400/3636/39 453/3571/158 486/3586/557
f 397/4908/882 402/4973/810 551/4974/203
f 473/551/364 435/542/862 442/569/357
f 403/1624/118 435/1600/862 473/1623/364
f 465/842/430 400/824/39 486/852/557
f 592/4598/109 433/4597/9 492/4665/80
f 435/4234/862 487/4253/213 467/4196/119
f 432/1921/5 459/1877/254 480/1906/147
f 467/113/119 485/108/679 400/143/39
f 440/2984/441 487/2919/213 415/2944/563
f 434/3285/784 483/3256/163 492/3313/80
f 492/961/80 483/924/163 506/932/316
f 358/808/545 465/842/430 504/863/656
f 492/2708/80 427/2753/584 549/2754/522
f 414/1998/1097 462/1975/54 549/1928/522
f 391/4878/954 463/4805/339 462/4804/54
f 430/1475/1026 493/1474/334 489/1486/352
f 451/2790/1009 443/2787/381 542/2815/547
f 425/3259/498 449/3329/537 469/3304/689
f 519/1941/331 386/1994/650 531/1930/198
f 494/3228/773 421/3236/566 425/3259/498
f 622/1899/790 531/1930/198 386/1994/650
f 446/3229/860 381/3266/749 503/3223/298
f 552/2151/409 420/2199/559 491/2171/701
f 491/2171/701 420/2199/559 441/2197/368
f 441/4549/368 420/4489/559 517/4488/620
f 491/1892/701 441/1874/368 338/1891/931
f 517/4738/620 458/4655/687 441/4668/368
f 438/115/771 570/163/581 545/129/610
f 502/2161/494 238/2287/803 726/2043/588
f 600/4280/424 405/4279/953 417/4344/136
f 541/4277/695 379/4278/1045 426/4205/476
f 530/2027/97 426/2093/476 418/2059/210
f 516/2466/329 476/2486/96 453/2513/158
f 516/2466/329 453/2513/158 534/2499/227
f 454/1859/36 475/1854/139 479/1827/348
f 551/2859/203 402/2761/810 439/2789/463
f 523/832/299 546/831/660 442/787/357
f 454/1859/36 479/1827/348 480/1906/147
f 523/1352/299 403/1361/118 473/1384/364
f 473/551/364 442/569/357 546/570/660
f 592/4633/109 602/4547/82 402/4596/810
f 486/4960/557 419/4875/277 485/4874/679
f 485/862/679 465/842/430 486/852/557
f 459/1877/254 454/1859/36 480/1906/147
f 492/4665/80 433/4597/9 434/4639/784
f 540/1944/469 432/1921/5 480/1906/147
f 504/4470/656 465/4467/430 467/4570/119
f 504/4470/656 467/4570/119 412/4539/798
f 462/3297/54 447/3325/488 506/3298/316
f 493/5039/334 423/5113/698 463/5040/339
f 423/841/698 424/823/683 472/838/282
f 451/1993/1009 489/2011/352 410/1988/930
f 489/2011/352 451/1993/1009 542/2032/547
f 464/1985/768 451/1993/1009 410/1988/930
f 464/1515/768 410/1537/930 519/1538/331
f 518/4588/251 468/4587/10 482/4647/87
f 383/2852/898 494/2896/773 456/2897/189
f 425/3259/498 469/3304/689 494/3228/773
f 512/4786/215 494/4846/773 383/4850/898
f 352/1088/589 509/1067/295 679/1087/926
f 568/1359/735 352/1450/589 679/1365/926
f 383/3452/898 421/3515/566 571/3439/255
f 323/65/775 385/87/794 543/148/555
f 332/64/778 532/142/573 375/18/752
f 323/3899/775 543/3943/555 422/3981/600
f 599/204/553 501/149/853 455/194/716
f 392/1772/271 648/1732/678 355/1738/585
f 600/4135/424 474/4081/750 405/4134/953
f 541/1313/695 530/1340/97 418/1341/210
f 328/518/733 50/433/309 607/600/731
f 536/2314/262 336/2327/725 328/2295/733
f 515/522/293 346/447/966 538/530/162
f 353/755/361 596/847/694 523/832/299
f 528/4761/249 539/4829/252 475/4831/139
f 454/1530/36 498/1547/825 475/1548/139
f 480/2700/147 479/2721/348 498/2727/825
f 602/2279/82 592/2309/109 551/2258/203
f 498/1845/825 454/1838/36 459/1850/254
f 480/1906/147 498/1853/825 499/1886/181
f 459/4565/254 513/4625/201 499/4566/181
f 498/3864/825 459/3815/254 499/3863/181
f 473/1384/364 487/1423/213 566/1401/516
f 487/1763/213 473/1747/364 546/1762/660
f 467/113/119 487/97/213 546/72/660
f 440/2984/441 562/2939/388 487/2919/213
f 529/701/420 432/727/5 540/745/469
f 440/1253/441 467/1223/119 575/1222/692
f 440/1253/441 575/1222/692 638/1235/839
f 393/1155/963 358/1185/545 702/1069/936
f 597/1907/805 423/1991/698 472/1969/282
f 424/823/683 493/822/334 472/838/282
f 472/1655/282 493/1664/334 430/1665/1026
f 464/2540/768 489/2488/352 542/2506/547
f 428/5022/511 456/4953/189 449/5021/537
f 510/2463/314 449/2462/537 456/2480/189
f 510/3354/314 469/3304/689 449/3329/537
f 518/4588/251 482/4647/87 583/4696/502
f 456/1075/189 494/1063/773 468/1100/10
f 469/3264/689 468/3235/10 494/3234/773
f 478/77/64 505/50/116 481/6/50
f 488/1133/335 468/1195/10 559/1177/710
f 586/5011/634 421/5010/566 494/5080/773
f 231/477/828 548/583/528 507/571/625
f 381/3266/749 444/3242/1050 503/3223/298
f 564/1144/603 450/1164/849 520/1180/270
f 620/2101/574 344/2225/393 502/2161/494
f 949/3962/492 436/3961/450 593/4008/355
f 417/2943/136 530/2945/97 600/2913/424
f 567/997/562 230/1139/780 511/1020/594
f 413/796/546 259/716/418 684/875/627
f 607/2294/731 536/2314/262 328/2295/733
f 453/1181/158 476/1186/96 625/1116/871
f 515/4023/293 497/4092/134 484/4024/261
f 515/2503/293 439/2502/463 497/2524/134
f 439/2651/463 515/2596/293 602/2669/82
f 475/4969/139 539/4919/252 479/4886/348
f 539/2755/252 498/2727/825 479/2721/348
f 439/1267/463 602/1266/82 551/1301/203
f 566/1401/516 523/1352/299 473/1384/364
f 485/108/679 546/72/660 534/82/227
f 485/1279/679 534/1268/227 465/1303/430
f 492/4198/80 499/4264/181 563/4199/572
f 499/1886/181 555/1903/473 480/1906/147
f 499/1886/181 492/1826/80 555/1903/473
f 467/637/119 465/656/430 575/657/692
f 463/4898/339 409/4980/593 493/4981/334
f 423/1991/698 597/1907/805 463/1970/339
f 493/5121/334 410/5120/930 489/5136/352
f 410/353/930 493/374/334 542/417/547
f 535/3410/268 452/3468/288 428/3469/511
f 535/1247/268 428/1251/511 470/1220/535
f 510/2565/314 603/2564/759 470/2597/535
f 470/2597/535 428/2590/511 510/2565/314
f 603/4622/759 428/4623/511 449/4575/537
f 449/4783/537 470/4712/535 603/4711/759
f 510/1575/314 428/1559/511 469/1574/689
f 603/806/759 469/821/689 428/807/511
f 468/1100/10 518/1097/251 456/1075/189
f 518/1097/251 510/1064/314 456/1075/189
f 608/1905/841 464/1974/768 519/1936/331
f 469/821/689 512/874/215 468/837/10
f 505/50/116 478/77/64 533/123/214
f 503/3126/298 386/3181/650 568/3095/735
f 503/5024/298 444/5083/1050 611/5084/807
f 446/3178/860 611/3096/807 444/3174/1050
f 520/1180/270 450/1164/849 466/1194/560
f 450/1953/849 461/1910/667 500/1952/621
f 457/1339/496 526/1315/209 522/1338/552
f 367/66/467 522/119/552 495/122/646
f 705/160/653 375/18/752 532/142/573
f 501/149/853 532/142/573 332/64/778
f 436/98/450 580/144/633 593/147/355
f 537/3231/395 550/3182/256 407/3292/7
f 537/3231/395 407/3292/7 574/3284/508
f 426/3144/476 530/3086/97 616/3143/400
f 607/600/731 50/433/309 773/648/618
f 605/2335/708 336/2327/725 536/2314/262
f 263/1366/1010 521/1379/471 584/1351/711
f 536/1161/262 625/1116/871 476/1186/96
f 484/3523/261 497/3522/134 551/3557/203
f 534/264/227 453/294/158 419/265/277
f 453/1181/158 625/1116/871 486/1165/557
f 513/32/201 475/33/139 498/14/825
f 486/1358/557 534/1377/227 419/1378/277
f 612/1362/693 534/1377/227 486/1358/557
f 534/1268/227 612/1302/693 465/1303/430
f 563/1032/572 592/984/109 492/1045/80
f 546/72/660 485/108/679 467/113/119
f 566/54/516 487/97/213 483/85/163
f 587/3216/684 513/3215/201 432/3283/5
f 465/1206/430 589/1205/728 524/1252/110
f 587/3216/684 432/3283/5 529/3291/420
f 483/1393/163 487/1357/213 562/1392/388
f 480/1906/147 555/1903/473 540/1944/469
f 524/4867/110 575/4794/692 465/4793/430
f 575/744/692 524/710/110 504/725/656
f 504/725/656 524/710/110 358/743/545
f 524/1128/110 588/1103/564 358/1185/545
f 471/940/363 462/956/54 591/917/746
f 510/4731/314 535/4663/268 603/4730/759
f 560/35/451 481/6/50 505/50/116
f 594/839/696 469/821/689 603/806/759
f 512/874/215 469/821/689 594/839/696
f 629/565/774 429/641/613 609/576/742
f 611/3096/807 446/3178/860 496/3158/15
f 522/4691/552 636/4740/685 609/4632/742
f 522/3896/552 507/3978/625 636/3915/685
f 543/3943/555 553/3984/616 422/3981/600
f 658/2100/648 420/2199/559 552/2151/409
f 438/115/771 501/141/853 599/177/553
f 422/88/600 501/141/853 438/115/771
f 525/3893/753 517/3979/620 491/4001/701
f 525/4739/753 458/4655/687 517/4738/620
f 344/2225/393 620/2101/574 525/2158/753
f 455/4366/716 355/4408/585 648/4409/678
f 648/1732/678 392/1772/271 598/1754/571
f 407/3109/7 577/3094/432 514/3141/462
f 600/3737/424 530/3719/97 541/3674/695
f 426/2317/476 616/2282/400 541/2313/695
f 474/3927/750 601/3929/717 530/3850/97
f 511/3486/594 335/3426/737 556/3429/609
f 539/1416/252 521/1379/471 484/1403/261
f 513/498/201 498/473/825 563/497/572
f 506/932/316 483/924/163 581/918/551
f 504/2482/656 588/2498/564 575/2538/692
f 358/1185/545 588/1103/564 702/1069/936
f 702/2231/936 412/2201/798 393/2230/963
f 471/940/363 591/917/746 409/959/593
f 591/3691/746 493/3690/334 409/3757/593
f 608/1905/841 489/1957/352 464/1974/768
f 509/481/295 583/480/502 482/526/87
f 531/1930/198 558/1927/370 519/1941/331
f 559/2065/710 482/2124/87 460/2125/166
f 460/4680/166 488/4752/335 673/4756/823
f 386/1994/650 503/1951/298 622/1899/790
f 496/3148/15 446/3152/860 503/3126/298
f 636/2547/685 507/2546/625 526/2568/209
f 636/2781/685 526/2816/209 457/2782/496
f 490/3196/4 619/3118/720 496/3158/15
f 366/1435/757 500/1398/621 578/1347/466
f 552/974/409 491/975/701 517/950/620
f 570/163/581 438/115/771 599/177/553
f 914/1232/244 416/1414/373 561/1363/567
f 508/308/28 544/293/132 557/271/257
f 773/1616/618 50/1613/309 42/1627/237
f 259/716/418 890/953/754 684/875/627
f 335/2553/737 192/2607/892 569/2549/608
f 556/2514/609 335/2553/737 569/2549/608
f 476/2486/96 516/2466/329 536/2458/262
f 528/4761/249 521/4830/471 539/4829/252
f 573/1648/592 528/1617/249 475/1608/139
f 695/686/587 566/664/516 546/685/660
f 695/879/587 546/831/660 523/832/299
f 513/4256/201 563/4199/572 499/4264/181
f 617/4485/1024 513/4583/201 587/4496/684
f 566/54/516 483/85/163 602/30/82
f 700/2537/899 575/2538/692 588/2498/564
f 638/2963/839 562/2939/388 440/2984/441
f 597/1907/805 472/1969/282 489/1957/352
f 481/536/50 558/535/370 531/579/198
f 710/1934/1078 481/1828/50 531/1852/198
f 494/4846/773 512/4786/215 594/4849/696
f 572/96/622 505/50/116 533/123/214
f 687/1082/919 559/1068/710 460/1081/166
f 531/1930/198 622/1899/790 628/1888/707
f 571/580/255 512/603/215 383/647/898
f 478/5086/64 547/5085/577 533/5133/214
f 571/94/255 548/132/528 429/95/613
f 611/1890/807 622/1899/790 503/1951/298
f 461/2744/667 520/2709/270 500/2747/621
f 496/3148/15 582/3106/640 490/3173/4
f 578/2133/466 461/2181/667 311/2245/482
f 311/1439/482 500/1398/621 621/1360/590
f 380/3016/747 500/2955/621 311/3059/482
f 578/2133/466 500/2187/621 380/2218/747
f 490/3196/4 685/3097/483 619/3118/720
f 554/3151/199 490/3173/4 576/3120/523
f 380/2218/747 420/2199/559 658/2100/648
f 532/142/573 501/149/853 570/225/581
f 532/142/573 570/225/581 599/204/553
f 458/3658/687 525/3681/753 708/3659/540
f 708/1833/540 525/1879/753 552/1880/409
f 580/144/633 436/98/450 545/129/610
f 772/4032/157 362/4011/785 405/3976/953
f 623/977/569 567/997/562 511/1020/594
f 623/3497/569 511/3486/594 556/3429/609
f 684/875/627 596/847/694 413/796/546
f 515/4652/293 538/4589/162 523/4651/299
f 523/832/299 596/847/694 695/879/587
f 563/2752/572 498/2727/825 539/2755/252
f 486/1165/557 625/1116/871 612/1126/693
f 589/4152/728 465/4028/430 612/4026/693
f 492/893/80 549/894/522 555/819/473
f 581/1485/551 483/1463/163 642/1505/712
f 483/2933/163 562/2846/388 642/2932/712
f 506/932/316 591/917/746 462/956/54
f 597/1907/805 549/1928/522 462/1975/54
f 597/1907/805 462/1975/54 463/1970/339
f 627/1916/732 579/1949/541 452/1935/288
f 608/1905/841 597/1907/805 489/1957/352
f 535/1247/268 470/1220/535 742/1238/789
f 579/1036/541 742/987/789 470/986/535
f 542/417/547 493/374/334 591/376/746
f 535/3383/268 510/3387/314 634/3316/840
f 518/3341/251 644/3280/831 510/3387/314
f 661/646/918 603/662/759 535/663/268
f 509/2562/295 464/2540/768 542/2506/547
f 560/35/451 505/50/116 614/114/670
f 558/4808/370 608/4736/841 519/4807/331
f 468/837/10 512/874/215 559/884/710
f 478/1061/64 481/1060/50 710/1129/1078
f 586/3508/634 571/3439/255 421/3515/566
f 548/132/528 571/94/255 586/112/634
f 547/1376/577 819/1288/413 466/1413/560
f 503/3126/298 568/3095/735 582/3106/640
f 520/2166/270 461/2181/667 675/2085/657
f 496/3148/15 503/3126/298 582/3106/640
f 496/3158/15 619/3118/720 611/3096/807
f 578/1347/466 311/1439/482 621/1360/590
f 366/3045/757 578/3066/466 621/3046/590
f 366/1435/757 770/1294/429 527/1381/605
f 490/3173/4 554/3151/199 585/3180/389
f 585/2715/389 554/2735/199 544/2791/132
f 554/198/199 590/220/379 544/293/132
f 517/950/620 708/957/540 552/974/409
f 726/2043/588 620/2101/574 502/2161/494
f 544/293/132 590/220/379 557/271/257
f 544/2791/132 508/2817/28 604/2758/411
f 550/3182/256 577/3146/432 407/3292/7
f 550/2908/256 508/2909/28 682/2860/981
f 514/3141/462 577/3094/432 650/3190/755
f 508/1468/28 550/1467/256 613/1508/623
f 550/3182/256 537/3231/395 613/3188/623
f 778/3167/1035 537/3231/395 574/3284/508
f 407/3109/7 514/3141/462 574/3191/508
f 600/4135/424 601/4083/717 474/4081/750
f 618/1586/672 616/1568/400 530/1549/97
f 530/3850/97 601/3929/717 618/3882/672
f 584/505/711 521/483/471 595/482/576
f 605/2421/708 536/2458/262 516/2466/329
f 674/1663/638 528/1617/249 573/1648/592
f 521/408/471 528/393/249 633/375/531
f 643/2450/938 516/2466/329 534/2499/227
f 566/1401/516 635/1386/137 523/1352/299
f 539/2755/252 626/2795/886 617/2792/1024
f 539/3558/252 484/3523/261 640/3613/414
f 566/54/516 656/26/908 546/72/660
f 617/1662/1024 573/1648/592 475/1608/139
f 617/1662/1024 475/1608/139 513/1633/201
f 581/1485/551 642/1505/712 645/1512/856
f 524/1128/110 700/1074/899 588/1103/564
f 506/932/316 581/918/551 591/917/746
f 696/2890/960 562/2939/388 638/2963/839
f 535/4995/268 634/4928/840 452/4927/288
f 509/2562/295 542/2506/547 583/2487/502
f 505/50/116 572/96/622 614/114/670
f 509/1118/295 482/1117/87 679/1197/926
f 488/1133/335 559/1177/710 687/1196/919
f 657/559/723 512/603/215 571/580/255
f 606/165/704 572/96/622 533/123/214
f 621/1360/590 500/1398/621 520/1385/270
f 728/120/493 457/4/496 375/18/752
f 490/3173/4 582/3106/640 576/3120/523
f 712/203/847 501/141/853 553/140/616
f 553/140/616 501/141/853 422/88/600
f 501/3355/853 712/3436/847 570/3437/581
f 477/1397/575 458/1391/687 708/1316/540
f 508/308/28 557/271/257 682/197/981
f 508/2817/28 565/2805/46 631/2786/793
f 647/3736/821 565/3700/46 508/3673/28
f 565/3700/46 647/3736/821 600/3737/424
f 600/3737/424 541/3674/695 565/3700/46
f 694/1737/606 210/1210/582 1144/1725/952
f 595/407/576 521/408/471 633/375/531
f 515/2596/293 655/2595/259 602/2669/82
f 551/3557/203 640/3613/414 484/3523/261
f 617/2792/1024 563/2752/572 539/2755/252
f 700/4067/899 524/3932/110 610/3983/703
f 610/3983/703 524/3932/110 589/3931/728
f 610/1421/703 588/1426/564 504/1422/656
f 702/2231/936 504/2188/656 412/2201/798
f 634/3316/840 510/3387/314 644/3280/831
f 663/3281/941 558/3275/370 481/3398/50
f 482/2067/87 559/2123/710 679/2068/926
f 494/4125/773 594/4176/696 657/4126/723
f 494/3949/773 657/3950/723 586/3889/634
f 653/1122/866 548/1167/528 586/1171/634
f 564/175/603 606/165/704 533/123/214
f 520/1180/270 632/1147/644 564/1144/603
f 385/87/794 495/122/646 543/148/555
f 585/3153/389 685/3097/483 490/3196/4
f 705/160/653 532/142/573 664/181/596
f 637/2748/1020 585/2715/389 544/2791/132
f 544/2791/132 604/2758/411 637/2748/1020
f 706/1909/946 577/1942/432 550/1956/256
f 613/1065/623 647/1092/821 508/1066/28
f 584/505/711 595/482/576 633/510/531
f 515/2563/293 523/2621/299 655/2626/259
f 573/3695/592 617/3694/1024 626/3730/886
f 566/1401/516 695/1424/587 635/1386/137
f 635/2620/137 695/2650/587 656/2668/908
f 642/2932/712 562/2846/388 667/2866/525
f 723/760/812 529/701/420 540/745/469
f 651/4573/452 641/4601/446 549/4670/522
f 597/1907/805 651/1889/452 549/1928/522
f 645/1512/856 591/1464/746 581/1485/551
f 535/663/268 670/636/520 661/646/918
f 583/3278/502 644/3280/831 518/3341/251
f 478/1061/64 710/1129/1078 547/1079/577
f 629/565/774 571/580/255 429/641/613
f 520/1180/270 698/1175/1001 632/1147/644
f 675/2724/657 698/2687/1001 520/2697/270
f 760/226/439 495/122/646 522/119/552
f 553/140/616 543/148/555 678/199/744
f 590/2431/379 554/2430/199 639/2452/887
f 708/1316/540 517/1380/620 711/1320/641
f 561/1363/567 758/1297/327 914/1232/244
f 631/2786/793 604/2758/411 508/2817/28
f 778/3167/1035 706/3147/946 537/3231/395
f 600/4396/424 647/4395/821 631/4439/793
f 643/2450/938 605/2421/708 516/2466/329
f 536/1788/262 607/1806/731 625/1807/871
f 539/3558/252 640/3613/414 626/3608/886
f 615/1849/1136 655/1824/259 523/1869/299
f 615/4586/1136 523/4585/299 635/4660/137
f 656/26/908 566/54/516 602/30/82
f 700/9/899 534/82/227 546/72/660
f 700/4934/899 610/4873/703 504/4933/656
f 504/2188/656 702/2231/936 700/2148/899
f 646/3940/1054 597/3877/805 608/3876/841
f 663/3281/941 481/3398/50 560/3362/451
f 559/1245/710 649/1281/399 679/1300/926
f 649/1281/399 559/1245/710 731/1299/947
f 559/1245/710 512/1217/215 731/1299/947
f 606/441/704 710/517/1078 572/464/622
f 568/1359/735 679/1365/926 822/1292/677
f 710/1129/1078 606/1105/704 547/1079/577
f 673/4756/823 687/4681/919 460/4680/166
f 653/4149/866 586/4044/634 761/4128/992
f 632/2800/644 606/2801/704 564/2785/603
f 611/3631/807 582/3561/640 568/3560/735
f 520/1385/270 466/1413/560 672/1342/833
f 520/1385/270 672/1342/833 621/1360/590
f 526/2611/209 507/2633/625 660/2634/974
f 522/5070/552 526/5129/209 660/5071/974
f 582/2262/640 686/2159/697 576/2146/523
f 658/2100/648 578/2133/466 380/2218/747
f 678/199/744 543/148/555 495/122/646
f 554/2430/199 576/2429/523 745/2473/539
f 570/163/581 712/203/847 782/245/422
f 637/2748/1020 662/2698/690 585/2715/389
f 561/1363/567 477/1397/575 775/1295/669
f 590/2831/379 637/2788/1020 557/2830/257
f 593/147/355 1116/338/1002 949/301/492
f 613/4333/623 537/4332/395 706/4446/946
f 631/4415/793 669/4354/1104 600/4414/424
f 565/2805/46 669/2797/1104 631/2786/793
f 669/2395/1104 565/2396/46 541/2347/695
f 669/2288/1104 541/2313/695 616/2282/400
f 35/326/345 41/367/218 1128/363/969
f 643/4453/938 607/4522/731 605/4454/708
f 721/4879/787 704/4827/612 680/4826/1160
f 643/4859/938 625/4819/871 607/4858/731
f 635/1456/137 677/1504/1139 615/1484/1136
f 640/2259/414 551/2258/203 592/2309/109
f 635/2620/137 656/2668/908 602/2669/82
f 690/2974/951 617/3028/1024 587/3000/684
f 700/9/899 546/72/660 656/26/908
f 529/4269/420 690/4397/951 587/4270/684
f 690/3540/951 529/3536/420 723/3479/812
f 549/4118/522 652/4161/945 654/4108/333
f 555/819/473 549/894/522 654/885/333
f 642/1505/712 668/1531/265 645/1512/856
f 702/1069/936 588/1103/564 610/1101/703
f 651/1526/452 591/1464/746 645/1512/856
f 651/1526/452 597/1482/805 591/1464/746
f 591/4792/746 597/4733/805 624/4732/17
f 646/3940/1054 624/3934/17 597/3877/805
f 659/4352/250 646/4315/1054 591/4314/746
f 542/1405/547 591/1451/746 646/1364/1054
f 679/1365/926 542/1405/547 646/1364/1054
f 722/521/1137 614/442/670 572/464/622
f 722/521/1137 572/464/622 710/517/1078
f 710/1934/1078 531/1852/198 697/1924/1130
f 531/1852/198 628/1895/707 697/1924/1130
f 488/1218/335 687/1263/919 649/1237/399
f 629/565/774 653/558/866 571/580/255
f 548/1167/528 653/1122/866 629/1127/774
f 819/3428/413 547/3435/577 606/3381/704
f 611/3631/807 568/3560/735 622/3634/790
f 743/205/715 522/119/552 660/183/974
f 619/2135/720 729/2186/659 611/2136/807
f 582/2262/640 718/2229/799 693/2182/944
f 686/2159/697 582/2262/640 693/2182/944
f 685/4214/483 585/4216/389 639/4163/887
f 745/2473/539 639/2452/887 554/2430/199
f 712/203/847 553/140/616 678/199/744
f 517/1380/620 527/1381/605 711/1320/641
f 532/142/573 599/204/553 664/181/596
f 552/2151/409 716/2072/649 658/2100/648
f 662/4164/690 639/4163/887 585/4216/389
f 590/2431/379 639/2452/887 662/2465/690
f 740/2055/475 552/2151/409 525/2158/753
f 708/1316/540 775/1295/669 477/1397/575
f 662/3967/690 637/3968/1020 719/3906/391
f 637/2788/1020 590/2831/379 719/2774/391
f 580/144/633 545/129/610 801/236/797
f 709/2777/923 557/2830/257 637/2788/1020
f 550/2908/256 682/2860/981 706/2847/946
f 613/2981/623 709/3055/923 647/3011/821
f 792/4543/426 405/4511/953 371/4542/729
f 940/1543/280 569/1544/608 255/1566/387
f 528/393/249 704/332/612 633/375/531
f 721/349/787 633/375/531 704/332/612
f 677/2435/1139 680/2449/1160 615/2420/1136
f 680/1839/1160 655/1824/259 615/1849/1136
f 640/1735/414 704/1769/612 528/1736/249
f 655/2595/259 677/2579/1139 635/2620/137
f 655/2595/259 635/2620/137 602/2669/82
f 690/2811/951 563/2752/572 617/2792/1024
f 692/1142/336 592/1192/109 563/1193/572
f 642/1505/712 652/1539/945 666/1529/867
f 654/885/333 688/843/767 555/819/473
f 652/3977/945 668/4047/265 665/4004/184
f 652/4669/945 549/4670/522 668/4613/265
f 642/1505/712 666/1529/867 668/1531/265
f 696/897/960 667/880/525 562/854/388
f 549/4670/522 641/4601/446 668/4613/265
f 641/4601/446 645/4581/856 668/4613/265
f 651/1058/452 645/1073/856 624/1078/17
f 659/1137/250 624/1078/17 645/1073/856
f 591/4548/746 624/4506/17 659/4505/250
f 703/3605/302 646/3618/1054 659/3686/250
f 627/1597/732 452/1619/288 634/1620/840
f 697/1354/1130 558/1389/370 663/1390/941
f 679/2302/926 644/2389/831 583/2342/502
f 614/3384/670 722/3276/1137 560/3362/451
f 583/2342/502 542/2303/547 679/2302/926
f 594/3559/696 603/3594/759 661/3661/918
f 731/529/947 512/603/215 657/559/723
f 488/4687/335 649/4688/399 673/4618/823
f 657/559/723 571/580/255 653/558/866
f 672/1342/833 698/1327/1001 621/1360/590
f 660/125/974 609/131/742 636/100/685
f 743/99/715 660/125/974 636/100/685
f 457/4/496 728/120/493 636/70/685
f 495/122/646 760/226/439 691/202/835
f 685/4274/483 576/4168/523 619/4273/720
f 770/1294/429 366/1435/757 741/1310/436
f 740/2055/475 716/2072/649 552/2151/409
f 662/3265/690 744/3241/358 590/3240/379
f 719/4127/391 746/4174/308 662/4162/690
f 762/2297/1084 577/2336/432 706/2337/946
f 709/4204/923 682/4203/981 557/4325/257
f 650/575/755 762/538/1084 514/537/462
f 514/2132/462 762/2156/1084 574/2015/508
f 640/3089/414 528/3088/249 674/3136/638
f 640/2259/414 592/2309/109 692/2315/336
f 612/1126/693 625/1116/871 774/1056/1164
f 643/2450/938 534/2499/227 700/2464/899
f 666/1995/867 652/2004/945 665/2005/184
f 683/2798/792 652/2799/945 642/2770/712
f 656/3062/908 575/2997/692 700/2996/899
f 610/1101/703 589/1158/728 612/1126/693
f 723/760/812 540/745/469 688/843/767
f 654/4018/333 665/4004/184 668/4047/265
f 555/819/473 688/843/767 540/745/469
f 688/1466/767 654/1465/333 747/1518/484
f 668/4047/265 666/4007/867 683/4012/792
f 668/4047/265 683/4012/792 715/4112/167
f 683/4869/792 642/4923/712 715/4870/167
f 642/2932/712 667/2866/525 715/2923/167
f 668/4047/265 715/4112/167 681/4062/25
f 681/5050/25 645/5122/856 641/5108/446
f 715/5049/167 645/5122/856 681/5050/25
f 676/2062/1083 681/2057/25 641/2056/446
f 676/2087/1083 641/2073/446 654/2126/333
f 641/1480/446 651/1501/452 654/1465/333
f 715/1104/167 659/1137/250 645/1073/856
f 703/2202/302 624/2238/17 646/2239/1054
f 535/1247/268 742/1238/789 670/1250/520
f 634/4860/840 661/4939/918 627/4940/732
f 670/5052/520 742/5051/789 707/5088/290
f 725/3277/1082 634/3316/840 644/3280/831
f 608/4736/841 558/4808/370 697/4809/1130
f 646/4853/1054 608/4801/841 781/4785/542
f 679/2302/926 738/2368/1128 644/2389/831
f 608/1120/841 697/1176/1130 628/1121/707
f 731/2593/947 673/2594/823 649/2566/399
f 657/1239/723 733/1227/180 586/1226/634
f 822/3769/677 622/3841/790 568/3770/735
f 606/3381/704 821/3390/354 819/3428/413
f 629/4266/774 815/4236/229 548/4184/528
f 507/571/625 548/583/528 840/667/604
f 698/729/1001 672/746/833 632/747/644
f 495/122/646 691/202/835 678/199/744
f 705/160/653 728/120/493 375/18/752
f 254/1479/897 416/1414/373 914/1232/244
f 759/4557/242 637/4634/1020 604/4558/411
f 631/4362/793 647/4422/821 737/4420/512
f 714/2834/885 618/2833/672 601/2875/717
f 569/2549/608 940/2485/280 556/2514/609
f 940/2485/280 825/2477/407 556/2514/609
f 684/875/627 677/898/1139 596/847/694
f 654/2840/333 652/2839/945 765/2898/133
f 652/2799/945 683/2798/792 701/2827/943
f 683/2798/792 713/2824/1055 701/2827/943
f 689/1682/144 701/1677/943 713/1681/1055
f 713/4374/1055 656/4435/908 689/4436/144
f 654/1701/333 765/1659/133 665/1698/184
f 665/1698/184 765/1659/133 666/1699/867
f 666/1699/867 765/1659/133 683/1690/792
f 575/1015/692 656/1004/908 638/969/839
f 654/4018/333 668/4047/265 681/4062/25
f 651/1501/452 747/1518/484 654/1465/333
f 730/2184/263 651/2219/452 624/2238/17
f 730/2184/263 624/2238/17 703/2202/302
f 703/3317/302 659/3382/250 751/3375/276
f 659/3382/250 732/3445/431 751/3375/276
f 707/642/290 634/643/840 670/626/520
f 707/4965/290 661/5046/918 634/5047/840
f 720/4600/550 670/4666/520 634/4667/840
f 720/69/550 661/68/918 670/83/520
f 644/4727/831 731/4726/947 725/4784/1082
f 649/2324/399 738/2368/1128 679/2302/926
f 733/533/180 657/559/723 653/558/866
f 815/4236/229 629/4266/774 826/4265/490
f 609/653/742 660/638/974 507/652/625
f 693/2182/944 718/2229/799 729/2222/659
f 576/2121/523 686/2111/697 619/2050/720
f 620/2101/574 740/2055/475 525/2158/753
f 748/1029/950 758/1039/327 561/1046/567
f 650/2574/755 577/2637/432 762/2615/1084
f 709/3055/923 613/2981/623 682/3056/981
f 613/1642/623 706/1612/946 682/1660/981
f 762/1876/1084 706/1832/946 778/1875/1035
f 714/4909/885 669/4968/1104 618/4910/672
f 736/1786/830 714/1805/885 601/1791/717
f 774/5062/1164 625/5061/871 643/5119/938
f 656/869/908 695/879/587 701/900/943
f 701/1684/943 689/1687/144 859/1615/962
f 859/1615/962 689/1687/144 683/1690/792
f 859/968/962 696/897/960 701/900/943
f 656/869/908 701/900/943 696/897/960
f 689/4429/144 656/4386/908 696/4464/960
f 696/4464/960 683/4387/792 689/4429/144
f 683/2798/792 696/2806/960 713/2824/1055
f 610/1101/703 612/1126/693 774/1056/1164
f 730/3025/263 747/2990/484 676/2989/1083
f 681/1802/25 676/1818/1083 651/1803/452
f 651/2219/452 730/2184/263 681/2215/25
f 654/4018/333 681/4062/25 730/4113/263
f 730/2074/263 676/2087/1083 654/2126/333
f 676/5016/1083 747/4931/484 651/4930/452
f 627/1916/732 771/1919/1015 579/1949/541
f 699/2162/1167 720/2178/550 634/2141/840
f 707/2165/290 720/2178/550 699/2162/1167
f 699/2162/1167 661/2140/918 707/2165/290
f 724/696/864 699/721/1167 634/697/840
f 661/3372/918 699/3402/1167 717/3386/765
f 725/4862/1082 724/4918/864 634/4952/840
f 594/3559/696 661/3661/918 731/3662/947
f 586/27/634 733/75/180 761/22/992
f 826/501/490 629/565/774 609/576/742
f 636/4803/685 757/4725/760 743/4802/715
f 693/2193/944 729/2186/659 619/2135/720
f 675/2085/657 461/2181/667 578/2133/466
f 760/226/439 522/119/552 743/205/715
f 366/1435/757 621/1360/590 741/1310/436
f 658/2100/648 741/2060/436 578/2133/466
f 745/2813/539 576/2814/523 752/2743/445
f 705/218/653 691/202/835 728/224/493
f 691/202/835 705/218/653 678/199/744
f 527/1381/605 770/1294/429 711/1320/641
f 764/2049/682 685/2048/483 639/2113/887
f 740/2953/475 711/2954/641 716/2969/649
f 708/1316/540 711/1320/641 740/1298/475
f 740/2055/475 620/2101/574 845/1976/769
f 744/2763/358 719/2774/391 590/2831/379
f 600/4276/424 669/4202/1104 714/4211/885
f 35/326/345 1128/363/969 1138/327/884
f 605/3578/708 933/3550/338 196/3532/924
f 680/2449/1160 677/2435/1139 785/2500/434
f 677/898/1139 684/875/627 755/922/428
f 655/1824/259 680/1839/1160 831/1755/105
f 596/1841/694 677/1813/1139 749/1777/527
f 640/816/414 674/817/638 626/795/886
f 695/879/587 596/847/694 749/901/527
f 692/3070/336 767/3001/709 640/3063/414
f 774/2422/1164 643/2450/938 700/2464/899
f 817/2659/419 723/2702/812 806/2658/248
f 723/3479/812 817/3539/419 690/3540/951
f 638/969/839 656/1004/908 713/970/1055
f 771/952/1015 627/951/732 720/972/550
f 661/3023/918 720/3024/550 627/2975/732
f 742/5051/789 735/5126/253 707/5088/290
f 699/3402/1167 724/3393/864 717/3386/765
f 663/3281/941 560/3362/451 722/3276/1137
f 679/1365/926 646/1364/1054 789/1311/635
f 710/790/1078 697/789/1130 663/846/941
f 733/4440/180 731/4372/947 661/4427/918
f 687/1263/919 738/1219/1128 649/1237/399
f 594/3559/696 731/3662/947 657/3570/723
f 619/2050/720 686/2111/697 752/2051/445
f 728/120/493 691/121/835 788/179/433
f 760/226/439 788/253/433 691/202/835
f 770/4564/429 741/4645/436 658/4646/648
f 678/4780/744 705/4734/653 760/4779/439
f 705/160/653 664/181/596 788/179/433
f 639/2113/887 750/2070/156 764/2049/682
f 716/4982/649 711/4936/641 727/5018/11
f 740/2055/475 727/2063/11 708/2084/540
f 455/194/716 648/286/678 769/289/406
f 726/3422/588 173/3423/505 254/3365/897
f 852/1496/629 604/1497/411 739/1455/497
f 739/396/497 604/397/411 647/341/821
f 647/4323/821 604/4207/411 768/4206/558
f 601/4242/717 600/4183/424 736/4239/830
f 1128/363/969 41/367/218 43/419/234
f 784/1795/415 704/1851/612 876/1760/1037
f 755/2648/428 684/2647/627 749/2667/527
f 767/3001/709 704/3031/612 640/3063/414
f 652/2839/945 701/2867/943 765/2898/133
f 713/2824/1055 696/2806/960 638/2737/839
f 774/4462/1164 700/4530/899 702/4463/936
f 715/2923/167 667/2866/525 843/2892/932
f 659/1137/250 715/1104/167 810/1154/734
f 810/1154/734 732/1179/431 659/1137/250
f 724/63/864 720/47/550 707/71/290
f 731/4569/947 644/4685/831 738/4686/1128
f 735/4951/253 724/4918/864 725/4862/1082
f 725/815/1082 717/812/765 735/814/253
f 707/5088/290 735/5126/253 717/5127/765
f 724/63/864 707/71/290 717/74/765
f 661/3372/918 717/3386/765 725/3373/1082
f 734/4715/816 733/4624/180 661/4615/918
f 663/1264/941 722/1306/1137 710/1265/1078
f 781/2719/542 608/2720/841 628/2654/707
f 653/4373/866 731/4372/947 733/4440/180
f 672/1342/833 466/1413/560 897/1257/310
f 794/4361/902 582/4360/640 611/4443/807
f 582/2262/640 794/2240/902 718/2229/799
f 611/3900/807 729/3873/659 794/3781/902
f 621/1360/590 698/1327/1001 855/1276/470
f 685/53/483 752/15/445 576/7/523
f 658/2100/648 716/2072/649 807/2009/207
f 455/194/716 769/289/406 599/204/553
f 801/588/797 545/587/610 570/615/581
f 598/4843/571 780/4842/972 648/4915/678
f 580/144/633 801/236/797 780/247/972
f 852/3454/629 759/3510/242 604/3455/411
f 709/3055/923 739/3057/497 647/3011/821
f 768/2699/558 604/2758/411 631/2786/793
f 600/4276/424 714/4211/885 820/4231/770
f 600/4183/424 820/4189/770 736/4239/830
f 864/947/1000 684/875/627 890/953/754
f 607/2750/731 816/2739/326 605/2705/708
f 883/895/998 258/896/206 584/878/711
f 816/2739/326 607/2750/731 853/2746/626
f 584/3839/711 633/3814/531 721/3838/787
f 805/1751/738 677/1813/1139 655/1824/259
f 573/4855/592 626/4811/886 803/4854/917
f 817/1076/419 692/1142/336 563/1193/572
f 774/1056/1164 702/1069/936 610/1101/703
f 732/3445/431 795/3425/481 751/3375/276
f 763/48/519 720/47/550 724/63/864
f 735/127/253 763/128/519 724/116/864
f 725/5069/1082 763/4994/519 661/4993/918
f 735/5020/253 661/5090/918 763/5091/519
f 734/2425/816 754/2440/303 763/2441/519
f 763/1052/519 725/1040/1082 734/1051/816
f 735/1290/253 754/1271/303 734/1272/816
f 734/4715/816 661/4615/918 735/4722/253
f 734/5110/816 725/5038/1082 733/5037/180
f 781/4785/542 789/4852/635 646/4853/1054
f 731/4726/947 754/4781/303 725/4784/1082
f 731/2491/947 738/2541/1128 673/2492/823
f 687/668/919 673/683/823 738/684/1128
f 731/2438/947 802/2467/1065 754/2440/303
f 731/2438/947 653/2424/866 802/2467/1065
f 632/2690/644 672/2661/833 897/2664/310
f 675/2085/657 578/2133/466 741/2060/436
f 812/539/631 786/568/437 619/540/720
f 786/568/437 693/573/944 619/540/720
f 786/2155/437 686/2159/697 693/2182/944
f 741/1310/436 621/1360/590 855/1276/470
f 705/160/653 788/179/433 760/138/439
f 807/1275/207 741/1310/436 855/1276/470
f 770/5105/429 658/5029/648 807/5028/207
f 855/871/470 770/870/429 807/881/207
f 639/2452/887 799/2508/599 750/2497/156
f 727/2063/11 830/1996/369 716/2072/649
f 775/4251/669 748/4283/950 561/4252/567
f 746/4174/308 719/4127/391 759/4173/242
f 737/4288/512 647/4323/821 768/4206/558
f 574/2015/508 762/2156/1084 778/2016/1035
f 405/3976/953 808/3975/230 772/4032/157
f 618/3898/672 669/3951/1104 818/3880/996
f 940/1543/280 255/1566/387 893/1567/806
f 749/901/527 684/875/627 864/947/1000
f 680/2449/1160 785/2500/434 721/2481/787
f 784/1795/415 680/1839/1160 704/1851/612
f 785/2500/434 677/2435/1139 755/2468/428
f 803/4689/917 674/4770/638 573/4690/592
f 704/1851/612 674/1870/638 803/1794/917
f 704/3919/612 626/3994/886 674/3921/638
f 817/1610/419 563/1609/572 690/1649/951
f 667/880/525 696/897/960 859/968/962
f 742/1948/789 579/1949/541 771/1919/1015
f 779/1304/836 754/1271/303 735/1290/253
f 733/161/180 725/162/1082 754/145/303
f 754/1271/303 779/1304/836 733/1287/180
f 781/1843/542 628/1888/707 920/1758/637
f 752/2051/445 686/2111/697 786/2122/437
f 745/2264/539 752/2210/445 786/2209/437
f 639/2452/887 745/2473/539 799/2508/599
f 678/199/744 760/226/439 839/268/385
f 712/203/847 678/199/744 782/245/422
f 727/5018/11 711/4936/641 823/4935/479
f 744/4559/358 750/4515/156 799/4507/599
f 750/4515/156 744/4559/358 662/4508/690
f 708/1316/540 823/1273/479 775/1295/669
f 620/4349/574 748/4283/950 766/4295/578
f 783/1024/586 620/1003/574 957/1002/459
f 783/1024/586 748/1029/950 620/1003/574
f 759/2740/242 709/2777/923 637/2788/1020
f 714/4499/885 772/4466/157 820/4521/770
f 618/1586/672 818/1583/996 616/1568/400
f 890/1820/754 259/1821/418 933/1860/338
f 605/3578/708 850/3589/630 933/3550/338
f 584/1553/711 721/1590/787 847/1554/876
f 755/2468/428 749/2460/527 790/2495/304
f 749/1777/527 677/1813/1139 805/1751/738
f 749/5130/527 805/5131/738 776/5087/829
f 859/1615/962 683/1690/792 765/1659/133
f 811/2145/786 730/2184/263 703/2202/302
f 811/3352/786 703/3317/302 751/3375/276
f 751/3791/276 795/3859/481 781/3807/542
f 763/4837/519 771/4883/1015 720/4799/550
f 735/3213/253 742/3224/789 779/3237/836
f 763/2441/519 754/2440/303 802/2467/1065
f 733/1287/180 779/1304/836 761/1305/992
f 840/4185/604 548/4184/528 815/4236/229
f 728/120/493 842/182/699 636/70/685
f 716/2072/649 830/1996/369 807/2009/207
f 764/4375/682 797/4441/756 685/4376/483
f 740/2055/475 830/1996/369 727/2063/11
f 769/289/406 664/181/596 599/204/553
f 746/1571/308 750/1528/156 662/1577/690
f 758/1039/327 748/1029/950 783/1024/586
f 739/850/497 709/872/923 768/873/558
f 737/2807/512 768/2784/558 709/2783/923
f 737/4420/512 851/4423/804 631/4362/793
f 362/1014/785 772/1018/157 792/998/426
f 834/1804/907 714/1805/885 736/1786/830
f 630/2469/601 1130/2476/942 42/2416/237
f 773/1616/618 42/1627/237 1124/1628/990
f 850/2713/630 605/2705/708 816/2739/326
f 623/3497/569 556/3429/609 825/3424/407
f 785/2500/434 784/2529/415 721/2481/787
f 831/1755/105 680/1839/1160 784/1795/415
f 805/2505/738 785/2500/434 755/2468/428
f 805/1751/738 655/1824/259 831/1755/105
f 805/2362/738 755/2393/428 776/2401/829
f 767/946/709 803/941/917 626/1009/886
f 704/3919/612 767/3993/709 626/3994/886
f 790/3485/304 749/3484/527 776/3518/829
f 848/3471/980 692/3470/336 791/3491/458
f 791/4774/458 692/4775/336 753/4720/993
f 692/1142/336 798/1086/224 753/1107/993
f 863/1059/964 798/1086/224 692/1142/336
f 756/273/985 753/292/993 798/291/224
f 765/2898/133 701/2867/943 882/2964/958
f 795/3859/481 789/3860/635 781/3807/542
f 679/1365/926 789/1311/635 822/1292/677
f 622/1899/790 920/1758/637 628/1888/707
f 802/469/1065 653/470/866 761/426/992
f 928/3641/534 609/3652/742 507/3580/625
f 812/3833/631 729/3873/659 786/3901/437
f 741/2060/436 887/1964/824 675/2085/657
f 812/4568/631 619/4567/720 752/4640/445
f 839/268/385 782/245/422 678/199/744
f 727/1309/11 823/1273/479 708/1316/540
f 744/4746/358 799/4747/599 796/4674/340
f 801/3279/797 570/3184/581 782/3232/422
f 719/4244/391 744/4245/358 832/4179/611
f 775/4251/669 766/4295/578 748/4283/950
f 766/5065/578 758/5054/327 783/5114/586
f 758/1947/327 766/1938/578 775/1937/669
f 593/147/355 580/144/633 951/300/396
f 759/1521/242 719/1598/391 828/1502/859
f 709/2241/923 759/2242/242 800/2211/521
f 616/2282/400 813/2176/236 669/2288/1104
f 714/4554/885 834/4553/907 772/4629/157
f 820/1773/770 834/1779/907 736/1730/830
f 259/1821/418 196/1855/924 933/1860/338
f 785/2500/434 831/2528/105 784/2529/415
f 805/4664/738 777/4728/832 785/4729/434
f 777/3705/832 776/3664/829 755/3720/428
f 777/2479/832 755/2468/428 790/2495/304
f 876/1760/1037 704/1851/612 803/1794/917
f 695/879/587 749/901/527 878/958/987
f 863/1059/964 692/1142/336 817/1076/419
f 753/5057/993 793/4967/305 791/4966/458
f 756/273/985 798/291/224 804/278/324
f 843/978/932 667/880/525 859/968/962
f 854/781/837 730/840/263 811/782/786
f 844/4117/854 751/4192/276 781/4193/542
f 729/2046/659 718/2031/799 786/2045/437
f 729/3873/659 812/3833/631 794/3781/902
f 904/267/515 788/179/433 664/181/596
f 823/1273/479 711/1320/641 770/1294/429
f 764/4375/682 787/4442/192 797/4441/756
f 764/3476/682 799/3475/599 787/3492/192
f 799/4962/599 764/4963/682 796/4905/340
f 769/289/406 904/267/515 664/181/596
f 845/3038/769 620/3080/574 856/2991/1005
f 766/3018/578 856/2991/1005 620/3080/574
f 914/4795/244 758/4845/327 775/4796/669
f 851/4423/804 768/4359/558 631/4362/793
f 792/998/426 772/1018/157 836/995/913
f 616/2282/400 809/2144/129 813/2176/236
f 820/4521/770 772/4466/157 808/4465/230
f 818/3880/996 669/3951/1104 813/3952/236
f 210/2838/582 81/2938/579 1139/2941/691
f 847/4191/876 721/4260/787 784/4246/415
f 785/2500/434 777/2479/832 790/2495/304
f 777/1243/832 805/1254/738 846/1244/1101
f 790/3485/304 776/3518/829 846/3507/1101
f 777/3705/832 846/3665/1101 776/3664/829
f 803/941/917 767/946/709 876/912/1037
f 767/3001/709 692/3070/336 848/2980/980
f 798/1404/224 791/1395/458 793/1394/305
f 793/234/305 756/216/985 804/209/324
f 753/235/993 756/216/985 793/234/305
f 854/4891/837 747/4892/484 730/4810/263
f 771/3260/1015 779/3237/836 742/3224/789
f 802/4882/1065 771/4883/1015 763/4837/519
f 950/826/346 606/981/704 632/973/644
f 955/3654/301 609/3652/742 928/3641/534
f 794/2240/902 923/2147/1145 718/2229/799
f 786/2155/437 718/2229/799 923/2147/1145
f 757/1650/760 636/1604/685 842/1629/699
f 839/3230/385 760/3183/439 892/3246/658
f 750/4943/156 796/4905/340 764/4963/682
f 960/1229/274 775/1295/669 823/1273/479
f 783/5114/586 856/5055/1005 766/5065/578
f 780/3812/972 598/3854/571 942/3848/246
f 857/2625/796 746/2583/308 828/2601/859
f 746/2583/308 852/2582/629 828/2601/859
f 852/2150/629 746/2149/308 759/2194/242
f 808/4076/230 405/4077/953 792/4025/426
f 1090/797/881 567/997/562 623/977/569
f 883/153/998 584/152/711 847/168/876
f 798/519/224 863/513/964 791/512/458
f 798/2120/224 814/2130/984 804/2131/324
f 814/4517/984 863/4516/964 804/4495/324
f 798/2019/224 793/2033/305 814/2034/984
f 701/900/943 695/879/587 882/979/958
f 859/1615/962 765/1659/133 873/1605/1058
f 806/740/248 723/760/812 868/788/955
f 751/3375/276 891/3446/909 811/3352/786
f 875/4089/706 751/4192/276 844/4117/854
f 761/3214/992 779/3237/836 802/3282/1065
f 988/3837/142 622/3841/790 822/3769/677
f 887/1914/824 698/1950/1001 675/1908/657
f 728/120/493 788/179/433 842/182/699
f 760/3183/439 743/3202/715 892/3246/658
f 797/1461/756 787/1487/192 796/1488/340
f 787/4222/192 832/4179/611 796/4235/340
f 744/4245/358 796/4235/340 832/4179/611
f 927/337/325 769/289/406 648/286/678
f 780/2304/972 927/2354/325 648/2355/678
f 775/1295/669 856/1249/1005 783/1280/586
f 775/1050/669 783/1024/586 957/1002/459
f 800/2211/521 759/2242/242 828/2216/859
f 709/2402/923 800/2366/521 851/2310/804
f 905/1031/979 739/1001/497 768/1030/558
f 737/2353/512 709/2402/923 851/2310/804
f 836/995/913 772/1018/157 834/1019/907
f 623/3497/569 825/3424/407 833/3462/489
f 816/3818/326 827/3773/317 850/3772/630
f 846/2520/1101 831/2528/105 785/2500/434
f 846/2520/1101 785/2500/434 790/2495/304
f 825/4683/407 817/4684/419 833/4626/489
f 876/912/1037 767/946/709 848/899/980
f 814/942/984 848/927/980 791/926/458
f 863/4516/964 814/4517/984 791/4550/458
f 806/2658/248 866/2628/815 817/2659/419
f 848/1506/980 814/1513/984 793/1507/305
f 848/562/980 793/561/305 804/572/324
f 882/979/958 695/879/587 878/958/987
f 868/788/955 723/760/812 688/843/767
f 871/1500/1090 688/1466/767 747/1518/484
f 827/3199/317 816/3168/326 815/3200/229
f 837/3166/448 815/3200/229 816/3168/326
f 810/1154/734 715/1104/167 843/1178/932
f 806/3145/248 819/3207/413 821/3177/354
f 779/3237/836 771/3260/1015 802/3282/1065
f 920/1758/637 622/1899/790 988/1749/142
f 988/1212/142 822/1292/677 922/1256/556
f 829/3175/106 840/3156/604 815/3200/229
f 950/3371/346 821/3390/354 606/3381/704
f 939/829/501 950/826/346 632/973/644
f 955/448/301 826/501/490 609/576/742
f 745/2706/539 786/2751/437 888/2707/927
f 770/1294/429 855/1276/470 901/1258/935
f 799/201/599 824/208/988 787/191/192
f 796/1488/340 750/1528/156 870/1494/628
f 845/1976/769 830/1996/369 740/2055/475
f 870/1494/628 750/1528/156 746/1571/308
f 857/1546/796 925/1478/928 746/1571/308
f 828/1502/859 719/1598/391 857/1524/796
f 905/4398/979 768/4359/558 851/4423/804
f 836/4281/913 834/4324/907 813/4282/236
f 616/1568/400 818/1583/996 809/1550/129
f 838/3922/1057 818/3880/996 813/3952/236
f 817/4172/419 825/4181/407 874/4210/743
f 866/2628/815 833/2639/489 817/2659/419
f 804/891/324 863/892/964 848/877/980
f 765/2898/133 882/2964/958 873/2965/1058
f 806/3145/248 835/3176/289 819/3207/413
f 891/604/909 732/672/431 810/660/734
f 826/501/490 827/436/317 815/506/229
f 795/640/481 732/672/431 891/604/909
f 875/4089/706 891/4082/909 751/4192/276
f 837/3166/448 829/3175/106 815/3200/229
f 789/1311/635 795/1333/481 862/1284/1152
f 466/1413/560 819/1288/413 932/1242/217
f 939/2689/501 632/2690/644 897/2664/310
f 928/3641/534 507/3580/625 1080/3579/916
f 698/1162/1001 887/1163/824 855/1119/470
f 888/2679/927 812/2674/631 752/2624/445
f 923/5005/1145 888/4945/927 786/5004/437
f 860/1462/524 797/1461/756 796/1488/340
f 832/192/611 787/191/192 824/208/988
f 860/1462/524 796/1488/340 870/1494/628
f 719/1598/391 832/1589/611 912/1540/779
f 925/1478/928 870/1494/628 746/1571/308
f 936/1035/306 775/1050/669 957/1002/459
f 951/3777/396 780/3812/972 942/3848/246
f 580/3776/633 780/3812/972 951/3777/396
f 792/3049/426 894/3048/423 808/3067/230
f 813/2176/236 809/2144/129 841/2157/894
f 813/1774/236 834/1779/907 838/1784/1057
f 893/3678/806 255/3677/387 883/3726/998
f 847/4191/876 784/4246/415 876/4261/1037
f 831/905/105 846/928/1101 858/967/1047
f 878/958/987 749/901/527 858/955/1047
f 854/781/837 886/785/957 747/864/484
f 843/673/932 899/624/973 810/660/734
f 821/2642/354 866/2628/815 806/2658/248
f 819/1288/413 835/1296/289 861/1274/826
f 507/571/625 840/667/604 1080/736/916
f 897/1257/310 466/1413/560 932/1242/217
f 892/357/658 743/330/715 917/405/343
f 869/105/500 752/15/445 685/53/483
f 869/105/500 685/53/483 797/118/756
f 869/105/500 797/118/756 907/137/636
f 799/1375/599 797/1356/756 824/1368/988
f 857/1524/796 719/1598/391 912/1540/779
f 593/147/355 951/300/396 1116/338/1002
f 905/1031/979 852/954/629 739/1001/497
f 841/589/894 809/612/129 895/590/99
f 792/998/426 836/995/913 894/916/423
f 841/2157/894 836/2316/913 813/2176/236
f 607/600/731 773/648/618 853/682/626
f 858/713/1047 864/698/1000 847/921/876
f 896/767/1161 858/713/1047 847/921/876
f 749/901/527 864/947/1000 858/955/1047
f 816/3765/326 853/3800/626 867/3801/999
f 831/3894/105 858/3999/1047 896/4000/1161
f 896/263/1161 805/304/738 831/305/105
f 846/4990/1101 805/5066/738 896/5067/1161
f 837/1028/448 816/1026/326 867/1049/999
f 868/788/955 688/843/767 871/865/1090
f 835/3176/289 806/3145/248 868/3206/955
f 899/624/973 843/673/932 873/644/1058
f 872/2629/879 866/2628/815 821/2642/354
f 781/4836/542 862/4897/1152 844/4818/854
f 920/1758/637 862/1798/1152 781/1843/542
f 879/485/846 827/436/317 826/501/490
f 879/485/846 826/501/490 955/448/301
f 812/2674/631 923/2722/1145 794/2723/902
f 757/1650/760 842/1629/699 898/1647/855
f 743/2207/715 757/2251/760 898/2208/855
f 898/3525/855 917/3482/343 743/3481/715
f 741/2060/436 807/2009/207 887/1964/824
f 823/1273/479 770/1294/429 901/1258/935
f 907/1000/636 797/992/756 799/1023/599
f 860/1355/524 824/1368/988 797/1356/756
f 832/192/611 824/208/988 860/232/524
f 775/1295/669 960/1229/274 856/1249/1005
f 914/258/244 775/257/669 936/313/306
f 841/1594/894 849/1551/1156 836/1564/913
f 818/1552/996 838/1578/1057 841/1594/894
f 838/1578/1057 849/1551/1156 841/1594/894
f 838/1784/1057 834/1779/907 849/1783/1156
f 834/1779/907 820/1773/770 849/1783/1156
f 883/4155/998 847/4129/876 864/4154/1000
f 853/3130/626 884/3115/970 867/3119/999
f 876/912/1037 896/767/1161 847/921/876
f 881/2985/1174 833/2967/489 866/2973/815
f 871/835/1090 876/912/1037 848/899/980
f 863/1523/964 871/1522/1090 848/1534/980
f 868/635/955 871/679/1090 863/680/964
f 880/1085/1125 835/1071/289 868/1070/955
f 850/3301/630 827/3312/317 885/3268/1140
f 854/781/837 811/782/786 889/737/848
f 835/1296/289 880/1282/1125 861/1274/826
f 827/3312/317 879/3286/846 885/3268/1140
f 829/1027/106 837/1028/448 867/1049/999
f 899/624/973 891/604/909 810/660/734
f 891/714/909 889/737/848 811/782/786
f 840/3156/604 829/3175/106 867/3157/999
f 872/3389/879 821/3390/354 950/3371/346
f 931/1932/643 807/2009/207 830/1996/369
f 799/2508/599 919/2567/384 860/2545/524
f 919/4754/384 832/4755/611 860/4671/524
f 801/3279/797 782/3232/422 918/3288/664
f 870/4765/628 908/4838/971 860/4766/524
f 927/337/325 904/267/515 769/289/406
f 908/1560/971 912/1540/779 832/1589/611
f 957/1929/459 620/2101/574 726/2043/588
f 914/3369/244 726/3422/588 254/3365/897
f 841/2399/894 902/2361/1105 818/2383/996
f 820/687/770 836/688/913 849/671/1156
f 81/945/579 35/923/345 1138/919/884
f 893/3739/806 864/3680/1000 890/3738/754
f 883/3703/998 864/3680/1000 893/3739/806
f 623/3497/569 833/3462/489 943/3490/438
f 943/3490/438 833/3462/489 874/3427/743
f 874/3003/743 833/2967/489 881/2985/1174
f 878/904/987 858/967/1047 846/928/1101
f 817/4172/419 874/4210/743 881/4228/1174
f 896/3607/1161 878/3546/987 846/3642/1101
f 903/4229/1176 817/4172/419 881/4228/1174
f 871/835/1090 886/785/957 900/779/1171
f 863/4692/964 903/4778/1176 868/4693/955
f 885/3268/1140 884/3267/970 850/3301/630
f 881/2985/1174 880/2992/1125 903/3020/1176
f 885/3103/1140 867/3119/999 884/3115/970
f 886/785/957 871/835/1090 747/864/484
f 843/4367/932 859/4491/962 873/4492/1058
f 866/2973/815 880/2992/1125 881/2985/1174
f 899/624/973 934/586/529 891/604/909
f 946/1940/243 889/1885/848 891/1900/909
f 795/640/481 891/604/909 875/592/706
f 862/1225/1152 875/1248/706 844/1236/854
f 862/1284/1152 911/1262/447 789/1311/635
f 789/1311/635 922/1256/556 822/1292/677
f 861/2966/826 880/2992/1125 866/2973/815
f 879/3093/846 867/3119/999 885/3103/1140
f 872/3517/879 861/3537/826 866/3538/815
f 840/3129/604 867/3119/999 879/3093/846
f 865/4914/91 928/4844/534 1080/4913/916
f 877/2850/57 855/2888/470 887/2857/824
f 916/2886/402 855/2888/470 877/2850/57
f 865/2704/91 917/2769/343 898/2734/855
f 892/357/658 917/405/343 913/402/1153
f 842/182/699 788/179/433 904/267/515
f 799/2255/599 860/2247/524 907/2206/636
f 918/3288/664 782/3232/422 839/3230/385
f 908/2256/971 907/2206/636 860/2247/524
f 952/3966/117 857/3925/796 912/3924/779
f 925/1478/928 857/1546/796 935/1499/161
f 828/2367/859 1141/2263/713 800/2366/521
f 800/2366/521 1141/2263/713 910/2323/808
f 910/2323/808 851/2310/804 800/2366/521
f 895/557/99 809/560/129 915/577/777
f 902/2361/1105 841/2399/894 895/2391/99
f 817/3366/419 903/3311/1176 863/3310/964
f 900/779/1171 876/912/1037 871/835/1090
f 882/3456/958 878/3440/987 896/3548/1161
f 873/644/1058 896/649/1161 900/625/1171
f 896/3548/1161 873/3549/1058 882/3456/958
f 868/4693/955 903/4778/1176 880/4741/1125
f 854/781/837 956/739/880 886/785/957
f 946/2352/243 891/2351/909 987/2390/495
f 795/2018/481 875/2025/706 946/1982/243
f 819/1288/413 861/1274/826 932/1242/217
f 916/2886/402 877/2850/57 897/2869/310
f 842/1629/699 913/1653/1153 898/1647/855
f 799/2508/599 745/2473/539 974/2558/453
f 807/2009/207 931/1932/643 887/1964/824
f 931/1932/643 830/1996/369 845/1976/769
f 919/1599/384 908/1560/971 832/1589/611
f 947/2328/509 927/2354/325 780/2304/972
f 959/2926/503 942/2845/246 598/2863/571
f 671/2924/580 959/2926/503 598/2863/571
f 1141/2891/713 828/2936/859 1148/2922/597
f 852/954/629 905/1031/979 964/980/719
f 809/793/129 902/820/1105 915/794/777
f 818/1583/996 902/1563/1105 809/1550/129
f 893/1567/806 890/1820/754 940/1543/280
f 884/2167/970 853/2154/626 930/2179/190
f 896/767/1161 876/912/1037 900/779/1171
f 991/699/680 854/781/837 889/737/848
f 946/1940/243 1001/1931/435 889/1885/848
f 946/3087/243 987/3133/495 795/3134/481
f 973/1261/318 862/1284/1152 795/1333/481
f 875/1248/706 862/1225/1152 973/1224/318
f 862/1793/1152 906/1789/602 911/1792/447
f 789/1311/635 911/1262/447 922/1256/556
f 938/3964/376 840/3965/604 879/3911/846
f 938/718/376 1080/736/916 840/667/604
f 939/3534/501 897/3480/310 877/3487/57
f 855/1276/470 916/1246/402 901/1258/935
f 923/2722/1145 812/2674/631 888/2679/927
f 918/3288/664 839/3230/385 892/3246/658
f 823/1273/479 901/1258/935 960/1229/274
f 926/3007/341 931/3079/643 845/3038/769
f 1148/935/597 828/915/859 852/954/629
f 808/4368/230 894/4369/423 909/4326/228
f 965/4035/1044 808/4087/230 909/4088/228
f 820/4068/770 808/4087/230 965/4035/1044
f 895/2391/99 982/2369/842 902/2361/1105
f 965/3575/1044 894/3633/423 836/3632/913
f 836/3632/913 820/3590/770 965/3575/1044
f 42/2416/237 1130/2476/942 1124/2417/990
f 1090/797/881 623/977/569 943/827/438
f 850/2180/630 884/2167/970 930/2179/190
f 891/4986/909 934/4985/529 987/5053/495
f 973/1261/318 795/1333/481 987/1289/495
f 862/2272/1152 920/2273/637 906/2243/602
f 1018/3006/178 922/2988/556 911/2960/447
f 958/437/211 879/485/846 955/448/301
f 897/2869/310 932/2887/217 916/2886/402
f 924/2741/403 865/2704/91 1080/2768/916
f 898/1444/855 928/1445/534 865/1406/91
f 865/2704/91 924/2741/403 917/2769/343
f 842/1629/699 986/1603/440 913/1653/1153
f 842/182/699 904/267/515 986/287/440
f 752/3610/445 1044/3621/766 888/3645/927
f 992/84/443 752/15/445 869/105/500
f 919/4064/384 907/4106/636 908/4065/971
f 801/236/797 945/296/739 947/321/509
f 801/236/797 947/321/509 780/247/972
f 845/3038/769 856/2991/1005 926/3007/341
f 1101/1882/965 957/1929/459 726/2043/588
f 949/301/492 1116/338/1002 1111/340/997
f 909/3457/228 671/3465/580 949/3413/492
f 914/547/244 895/557/99 915/577/777
f 982/2369/842 895/2391/99 914/2400/244
f 905/2281/979 851/2310/804 910/2323/808
f 43/3418/234 567/3403/562 1090/3417/881
f 940/1543/280 890/1820/754 933/1860/338
f 773/648/618 1099/742/869 853/682/626
f 874/1527/743 825/1535/407 962/1536/104
f 850/2290/630 930/2339/190 933/2340/338
f 948/749/920 900/779/1171 886/785/957
f 956/280/880 948/266/920 886/279/957
f 976/582/1169 991/574/680 899/624/973
f 899/624/973 991/574/680 934/586/529
f 1001/1931/435 991/1904/680 889/1885/848
f 973/4513/318 906/4531/602 1019/4576/269
f 938/3964/376 879/3911/846 958/3897/211
f 932/3434/217 872/3389/879 950/3371/346
f 932/3434/217 861/3430/826 872/3389/879
f 917/172/343 924/173/403 921/166/1147
f 921/3821/1147 941/3788/202 917/3811/343
f 939/3534/501 877/3487/57 887/3533/824
f 939/1715/501 887/1666/824 901/1702/935
f 901/1702/935 887/1666/824 969/1714/504
f 887/1666/824 931/1673/643 969/1714/504
f 1044/8/766 752/15/445 992/84/443
f 974/2558/453 919/2567/384 799/2508/599
f 986/287/440 904/267/515 927/337/325
f 901/1258/935 969/1233/504 960/1229/274
f 801/236/797 918/285/664 945/296/739
f 856/2991/1005 960/2977/274 926/3007/341
f 870/1494/628 925/1478/928 908/1471/971
f 909/3457/228 959/3489/503 671/3465/580
f 902/4579/1105 982/4580/842 915/4512/777
f 1144/1725/952 210/1210/582 1147/1228/956
f 825/2477/407 940/2485/280 962/2428/104
f 930/719/190 853/682/626 1099/742/869
f 943/3490/438 874/3427/743 962/3419/104
f 873/644/1058 900/625/1171 963/602/675
f 976/720/1169 956/739/880 854/781/837
f 906/250/602 973/255/318 911/256/447
f 921/4643/1147 928/4694/534 898/4695/855
f 921/4643/1147 924/4653/403 928/4694/534
f 941/4614/202 921/4643/1147 898/4695/855
f 955/1983/301 941/2017/202 898/1984/855
f 955/1712/301 898/1647/855 913/1653/1153
f 913/1653/1153 917/1667/343 955/1712/301
f 939/1209/501 901/1258/935 916/1246/402
f 929/1651/153 913/1653/1153 986/1603/440
f 892/357/658 913/402/1153 929/386/153
f 972/3649/474 888/3645/927 1044/3621/766
f 745/3718/539 888/3645/927 972/3649/474
f 929/386/153 918/331/664 892/357/658
f 983/4806/323 925/4745/928 912/4744/779
f 912/902/779 925/931/928 952/903/117
f 925/4676/928 935/4619/161 1011/4675/408
f 925/1721/928 1011/1718/408 952/1728/117
f 952/5072/117 935/4987/161 857/5003/796
f 894/4369/423 959/4370/503 909/4326/228
f 949/4865/492 965/4866/1044 909/4800/228
f 905/2281/979 910/2323/808 964/2280/719
f 961/3107/49 930/3135/190 954/3139/164
f 943/1048/438 962/1013/104 937/1044/149
f 961/3107/49 954/3139/164 944/3111/66
f 1010/354/13 948/355/920 956/348/880
f 899/624/973 873/644/1058 963/602/675
f 962/1013/104 968/1008/85 937/1044/149
f 875/2025/706 1019/2026/269 946/1982/243
f 973/4478/318 1019/4538/269 875/4479/706
f 1019/184/269 1074/229/401 911/230/447
f 906/3039/602 1074/3073/401 1019/3082/269
f 944/3111/66 954/3139/164 938/3140/376
f 950/1047/346 937/1044/149 953/1010/45
f 944/3111/66 938/3140/376 958/3108/211
f 932/1007/217 950/1047/346 953/1010/45
f 916/3553/402 932/3562/217 1086/3619/1072
f 1080/2768/916 941/2759/202 924/2741/403
f 941/1901/202 928/1902/534 924/1893/403
f 928/3641/534 941/3596/202 955/3654/301
f 1086/3619/1072 969/3545/504 916/3553/402
f 939/4119/501 916/4160/402 969/4120/504
f 955/738/301 917/766/343 986/726/440
f 917/3811/343 941/3788/202 929/3803/153
f 939/1980/501 969/1979/504 931/2029/643
f 986/3868/440 917/3811/343 929/3803/153
f 918/3787/664 929/3803/153 941/3788/202
f 919/2461/384 974/2423/453 1040/2446/852
f 941/299/202 945/296/739 918/285/664
f 907/137/636 992/84/443 869/105/500
f 979/2472/173 919/2461/384 1040/2446/852
f 979/2472/173 907/2470/636 919/2461/384
f 907/3716/636 979/3725/173 1005/3754/296
f 945/523/739 951/524/396 947/502/509
f 960/3576/274 936/3600/306 926/3626/341
f 957/3643/459 926/3626/341 936/3600/306
f 947/502/509 951/524/396 942/500/246
f 914/1678/244 936/1602/306 982/1700/842
f 914/3369/244 1101/3421/965 726/3422/588
f 1101/578/965 914/547/244 915/577/777
f 940/2236/280 966/2080/143 994/2220/185
f 940/2236/280 933/1884/338 966/2080/143
f 962/2232/104 940/2236/280 994/2220/185
f 966/2080/143 933/1884/338 996/2053/194
f 1027/2903/383 933/2912/338 930/2949/190
f 961/2950/49 1027/2903/383 930/2949/190
f 963/602/675 900/625/1171 1021/581/328
f 948/758/920 1021/759/328 900/711/1171
f 948/2089/920 963/2088/675 978/2095/313
f 899/566/973 948/567/920 1010/541/13
f 963/996/675 948/1011/920 899/1012/973
f 976/582/1169 899/624/973 956/585/880
f 976/720/1169 854/781/837 991/699/680
f 944/3544/66 1002/3529/170 961/3547/49
f 987/2976/495 1017/3030/8 973/2970/318
f 1079/3775/212 1019/3756/269 911/3774/447
f 1074/3014/401 1018/3006/178 911/2960/447
f 953/1010/45 937/1044/149 968/1008/85
f 988/3982/142 922/3923/556 1085/3970/726
f 1018/3068/178 1085/3069/726 922/3041/556
f 958/3250/211 967/3251/84 989/3243/204
f 1006/4394/155 958/4379/211 989/4448/204
f 958/3516/211 955/3565/301 967/3519/84
f 967/3519/84 955/3565/301 977/3564/101
f 1103/798/1017 950/826/346 939/829/501
f 932/3542/217 967/3519/84 977/3564/101
f 974/2558/453 745/2473/539 972/2589/474
f 969/3545/504 1086/3619/1072 1056/3577/1029
f 1060/111/948 992/84/443 907/137/636
f 907/137/636 1005/164/296 1060/111/948
f 969/269/504 1023/281/565 960/310/274
f 957/3643/459 931/3644/643 926/3626/341
f 985/4407/73 927/4406/325 947/4458/509
f 925/3401/928 983/3360/323 908/3400/971
f 971/1614/83 959/1683/503 952/1625/117
f 936/1602/306 970/1601/33 982/1700/842
f 995/1679/307 935/1626/161 952/1625/117
f 952/1625/117 959/1683/503 995/1679/307
f 971/1614/83 942/1618/246 959/1683/503
f 970/1601/33 935/1626/161 982/1700/842
f 935/1626/161 995/1679/307 982/1700/842
f 965/325/1044 949/301/492 1111/340/997
f 894/3633/423 965/3575/1044 959/3651/503
f 933/1884/338 1027/1887/383 996/2053/194
f 966/2080/143 996/2053/194 993/2082/141
f 961/2950/49 990/2948/272 1027/2903/383
f 993/2082/141 996/2053/194 997/2036/37
f 962/2232/104 994/2220/185 981/2192/14
f 993/2082/141 997/2036/37 1021/2075/328
f 961/1883/49 1015/1926/444 990/1933/272
f 1004/2153/59 993/2082/141 1021/2075/328
f 1000/1965/88 997/2036/37 996/2053/194
f 990/1933/272 1015/1926/444 1000/1965/88
f 997/2036/37 1000/1965/88 984/1972/71
f 997/2036/37 963/2052/675 1021/2075/328
f 1021/2075/328 1009/2152/231 1004/2153/59
f 1015/1926/444 1012/1945/398 1000/1965/88
f 981/2192/14 1004/2153/59 1022/2163/449
f 1022/601/449 1004/605/59 980/621/18
f 1066/1201/1039 978/1188/313 963/1200/675
f 978/732/313 1066/712/1039 899/731/973
f 1012/1945/398 984/1972/71 1000/1965/88
f 978/2504/313 899/2489/973 1010/2532/13
f 1009/2152/231 980/2160/18 1004/2153/59
f 956/4170/880 899/4212/973 1066/4213/1039
f 956/432/880 1066/431/1039 1010/453/13
f 984/1972/71 1012/1945/398 1008/1960/267
f 1035/599/858 1022/601/449 980/621/18
f 980/2160/18 1009/2152/231 991/2061/680
f 1035/599/858 980/621/18 975/619/2
f 1012/1945/398 1002/1894/170 1008/1960/267
f 984/1972/71 1008/1960/267 991/2061/680
f 980/2160/18 991/2061/680 1030/2105/281
f 1008/1960/267 1002/1894/170 1020/1913/264
f 1008/1960/267 1032/2006/60 991/2061/680
f 1030/2105/281 991/2061/680 1001/2077/435
f 991/2061/680 1032/2006/60 934/2040/529
f 975/619/2 968/622/85 1031/596/526
f 968/1349/85 975/1348/2 1013/1374/366
f 1020/3512/264 1002/3529/170 944/3544/66
f 1068/4834/21 1020/4812/264 1028/4890/74
f 1020/4812/264 944/4889/66 1028/4890/74
f 1001/1931/435 946/1940/243 1043/1955/238
f 911/380/447 973/381/318 1079/342/212
f 920/1706/637 1016/1670/90 906/1705/602
f 1036/2331/35 1016/2345/90 1037/2301/838
f 1016/2454/90 967/2455/84 1037/2426/838
f 1037/971/838 932/1007/217 953/1010/45
f 932/5060/217 1037/4970/838 967/5059/84
f 1059/2983/1098 988/3026/142 967/3027/84
f 988/639/142 1034/676/903 967/631/84
f 989/3243/204 967/3251/84 1034/3227/903
f 938/718/376 1070/735/801 1080/736/916
f 932/2205/217 1055/2227/365 1086/2246/1072
f 932/2205/217 977/2204/101 1055/2227/365
f 977/4447/101 972/4437/474 1055/4390/365
f 955/738/301 986/726/440 1091/704/1075
f 986/2436/440 1040/2446/852 974/2423/453
f 927/4885/325 1039/4828/1007 986/4884/440
f 999/4529/43 1014/4475/472 1060/4474/948
f 1023/678/565 969/666/504 1065/651/1080
f 1060/4769/948 1005/4797/296 999/4742/43
f 1005/3754/296 979/3725/173 1052/3764/937
f 979/4399/173 1024/4400/390 1052/4331/937
f 985/4317/73 1039/4316/1007 927/4365/325
f 1014/284/472 999/185/43 998/248/123
f 1005/4797/296 908/4798/971 999/4742/43
f 985/4407/73 947/4458/509 1007/4461/377
f 999/4220/43 908/4309/971 1025/4221/460
f 960/4502/274 970/4501/33 1071/4556/1064
f 960/310/274 1023/281/565 970/309/33
f 1024/3015/390 979/2987/173 985/2986/73
f 970/309/33 1014/284/472 998/248/123
f 970/309/33 1023/281/565 1014/284/472
f 983/1509/323 912/1540/779 1057/1510/1069
f 1025/4594/460 908/4591/971 983/4635/323
f 1063/290/1043 970/309/33 998/248/123
f 951/300/396 945/296/739 1098/336/1003
f 983/4635/323 1011/4656/408 1025/4594/460
f 1007/4461/377 971/4431/83 985/4407/73
f 1063/1748/1043 935/1765/161 970/1766/33
f 1025/4594/460 1011/4656/408 935/4592/161
f 952/3853/117 1011/3827/408 971/3840/83
f 1116/338/1002 951/300/396 1098/336/1003
f 982/3337/842 995/3350/307 1101/3377/965
f 1145/435/986 1130/479/942 630/478/601
f 1096/3857/1102 994/3804/185 966/3799/143
f 1072/4609/1150 966/4672/143 993/4673/141
f 996/3948/194 1082/3920/1036 1072/3890/1150
f 981/2192/14 994/2220/185 1051/2174/994
f 1072/4551/1150 993/4595/141 1004/4552/59
f 962/3448/104 1096/3499/1102 1113/3505/1027
f 1038/1318/893 962/1317/104 981/1334/14
f 1004/2153/59 981/2192/14 1051/2174/994
f 1072/4046/1150 1066/4045/1039 997/4084/37
f 937/830/149 1104/800/1013 943/827/438
f 963/4078/675 997/4084/37 1066/4045/1039
f 962/3448/104 1113/3505/1027 968/3449/85
f 1038/1318/893 981/1334/14 1022/1332/449
f 1021/3495/328 948/3474/920 978/3494/313
f 1010/2532/13 1021/2490/328 978/2504/313
f 1064/4318/1129 997/4272/37 984/4271/71
f 975/155/2 980/154/18 1047/169/1165
f 1042/3044/1149 1002/2999/170 1012/3052/398
f 1002/3529/170 1088/3511/1068 961/3547/49
f 1030/1743/281 1047/1719/1165 980/1742/18
f 1013/1374/366 975/1348/2 1047/1369/1165
f 984/2022/71 991/2023/680 1062/1981/1077
f 1062/925/1077 991/948/680 1045/929/1087
f 1035/599/858 975/619/2 1031/596/526
f 934/2569/529 1032/2555/60 1001/2592/435
f 1001/4950/435 987/4851/495 934/4949/529
f 1013/1374/366 1003/1383/220 968/1349/85
f 968/23/85 1003/31/220 1093/61/1076
f 1017/3030/8 987/2976/495 1033/3013/102
f 1028/3567/74 944/3566/66 1094/3635/1091
f 1029/2959/27 946/2958/243 1019/3022/269
f 906/690/602 1016/645/90 1074/677/401
f 1048/3060/371 1006/3084/155 1018/3006/178
f 989/4448/204 1067/4380/890 1006/4394/155
f 1034/676/903 988/639/142 1085/630/726
f 967/4201/84 1016/4200/90 1081/4275/1143
f 958/4237/211 1006/4209/155 1073/4167/1059
f 1059/4611/1098 967/4682/84 1081/4612/1143
f 1110/2003/651 989/2116/204 1034/2038/903
f 1110/4059/651 977/3989/101 955/3988/301
f 955/3988/301 1091/4060/1075 1110/4059/651
f 941/299/202 1080/322/916 1107/339/1048
f 974/2558/453 972/2589/474 1100/2600/1172
f 969/3980/504 992/4009/443 1114/4054/1133
f 1114/4054/1133 992/4009/443 1060/4053/948
f 986/2436/440 1039/2471/1007 1040/2446/852
f 1065/651/1080 969/666/504 1114/629/1133
f 1049/3937/1049 985/3986/73 979/3954/173
f 1071/4472/1064 1065/4473/1080 960/4421/274
f 908/1560/971 1005/1561/296 1057/1510/1069
f 1083/4145/1038 1039/4144/1007 985/4186/73
f 1057/1510/1069 912/1540/779 908/1560/971
f 1024/598/390 985/616/73 971/617/83
f 1057/1510/1069 1011/1490/408 983/1509/323
f 971/4864/83 1007/4863/377 1083/4946/1038
f 1071/1570/1064 970/1591/33 936/1592/306
f 1115/1734/1094 935/1765/161 1063/1748/1043
f 964/4140/719 910/4217/808 1149/4218/740
f 1138/919/884 1139/949/691 81/945/579
f 1128/363/969 43/419/234 1090/418/881
f 930/719/190 1099/742/869 1078/741/959
f 966/4672/143 1072/4609/1150 1082/4590/1036
f 1027/1134/383 990/1169/272 1088/1112/1068
f 1051/2373/994 1096/2349/1102 962/2326/104
f 1088/1112/1068 990/1169/272 1053/1157/1146
f 961/2998/49 1088/3029/1068 1053/3053/1146
f 1075/2617/1163 1072/2630/1150 1004/2631/59
f 1015/3034/444 961/2998/49 1053/3053/1146
f 1038/2363/893 1051/2373/994 962/2326/104
f 1075/4014/1163 1021/3957/328 1072/4013/1150
f 954/722/164 930/719/190 1078/741/959
f 1053/1157/1146 990/1169/272 1000/1203/88
f 996/3948/194 1072/3890/1150 1000/3947/88
f 1072/3890/1150 1064/3910/1129 1000/3947/88
f 1064/1184/1129 1053/1157/1146 1000/1203/88
f 1075/763/1163 1004/780/59 1061/764/1155
f 1051/4255/994 1061/4254/1155 1004/4303/59
f 1075/4014/1163 1009/3971/231 1021/3957/328
f 1061/2397/1155 1038/2363/893 1022/2371/449
f 1046/3987/934 1009/3971/231 1075/4014/1163
f 1066/3938/1039 1021/3875/328 1010/3886/13
f 968/1034/85 1113/1033/1027 1031/1042/526
f 1062/4412/1077 1064/4411/1129 984/4457/71
f 1046/1593/934 1047/1585/1165 1009/1584/231
f 1045/4456/1087 1047/4460/1165 1030/4405/281
f 991/4357/680 1009/4358/231 1045/4301/1087
f 1032/4146/60 1008/4114/267 1062/4159/1077
f 1035/2357/858 1013/2325/366 1047/2392/1165
f 1002/2999/170 1042/3044/1149 1094/3017/1091
f 1001/4950/435 1043/4901/238 987/4851/495
f 1112/4717/865 1020/4776/264 1068/4748/21
f 1050/1429/319 1003/1383/220 1013/1374/366
f 1087/219/461 987/240/495 1043/241/238
f 1003/1383/220 1050/1429/319 1077/1438/543
f 1033/217/102 987/240/495 1087/219/461
f 1077/1255/543 1092/1259/1132 1003/1215/220
f 1095/801/1040 937/830/149 950/826/346
f 1029/1999/27 1043/1955/238 946/1940/243
f 1068/3043/21 1017/3030/8 1033/3013/102
f 1068/3043/21 1026/3083/359 1017/3030/8
f 1079/5111/212 1029/5112/27 1019/5042/269
f 973/4916/318 1017/4988/8 1079/4989/212
f 1017/3030/8 1026/3083/359 1074/3014/401
f 1074/3014/401 1026/3083/359 1048/3060/371
f 1074/3014/401 1048/3060/371 1018/3006/178
f 1016/3862/90 920/3808/637 1041/3861/595
f 1018/3524/178 1067/3506/890 1085/3543/726
f 1036/1324/35 1037/1240/838 1089/1312/1120
f 1006/2927/155 1067/2951/890 1018/2928/178
f 938/718/376 954/722/164 1070/735/801
f 1089/4259/1120 1081/4275/1143 1016/4200/90
f 1006/4209/155 1048/4238/371 1073/4167/1059
f 1041/3861/595 920/3808/637 988/3824/142
f 989/4642/204 1073/4713/1059 1067/4659/890
f 988/4773/142 1059/4700/1098 1041/4699/595
f 1059/2013/1098 1034/2038/903 1041/2117/595
f 1106/421/1111 958/457/211 1073/422/1059
f 1103/798/1017 1095/801/1040 950/826/346
f 1058/3444/914 977/3416/101 1110/3460/651
f 972/3415/474 977/3416/101 1058/3444/914
f 1044/4391/766 1055/4390/365 972/4437/474
f 1076/3450/235 972/3415/474 1058/3444/914
f 1076/3450/235 1100/3458/1172 972/3415/474
f 1069/705/1093 1091/704/1075 986/726/440
f 1100/634/1172 1044/670/766 992/665/443
f 986/4157/440 974/4180/453 1069/4123/1093
f 1040/3936/852 1049/3937/1049 979/3954/173
f 1014/1750/472 1054/1801/1148 1060/1817/948
f 1054/1440/1148 998/1430/123 999/1428/43
f 1054/1440/1148 1063/1441/1043 998/1430/123
f 1054/5076/1148 999/5019/43 1057/5075/1069
f 1065/651/1080 1071/669/1064 1023/678/565
f 1049/3937/1049 1083/3935/1038 985/3986/73
f 1057/4347/1069 999/4292/43 1025/4291/460
f 1097/3830/1070 947/3885/509 942/3913/246
f 936/659/306 960/661/274 1119/628/1144
f 1071/1570/1064 936/1592/306 1119/1556/1144
f 935/4468/161 1115/4469/1094 1025/4419/460
f 1109/3778/1107 971/3840/83 1011/3827/408
f 1109/3778/1107 1011/3827/408 1115/3779/1094
f 942/3407/246 971/3394/83 1083/3361/1038
f 915/4481/777 982/4546/842 1101/4482/965
f 965/3575/1044 1111/3574/997 959/3651/503
f 1099/742/869 773/648/618 1124/748/990
f 1104/800/1013 1090/797/881 943/827/438
f 1082/3856/1036 1096/3857/1102 966/3799/143
f 1051/4602/994 994/4650/185 1096/4603/1102
f 1021/3875/328 1066/3938/1039 1072/3939/1150
f 1038/2363/893 1061/2397/1155 1051/2373/994
f 997/4272/37 1064/4318/1129 1072/4311/1150
f 1012/3052/398 1053/3053/1146 1064/3078/1129
f 1012/3052/398 1015/3034/444 1053/3053/1146
f 1046/4922/934 1075/4921/1163 1061/4976/1155
f 1047/2266/1165 1046/2278/934 1061/2267/1155
f 1022/2371/449 1047/2392/1165 1061/2397/1155
f 1042/3044/1149 1012/3052/398 1064/3078/1129
f 1008/2663/267 1042/2683/1149 1064/2686/1129
f 1035/2357/858 1047/2392/1165 1022/2371/449
f 1008/4114/267 1064/4158/1129 1062/4159/1077
f 1095/801/1040 1104/800/1013 937/830/149
f 1020/2660/264 1042/2683/1149 1008/2663/267
f 1009/4358/231 1047/4302/1165 1045/4301/1087
f 1031/1418/526 1013/1399/366 1035/1396/858
f 1094/2685/1091 1042/2683/1149 1020/2660/264
f 1013/1399/366 1031/1418/526 1093/1425/1076
f 1118/3670/975 1029/3696/27 1050/3697/319
f 1118/4477/975 1030/4540/281 1029/4541/27
f 1013/2228/366 1093/2213/1076 1092/2212/1132
f 1050/5106/319 1013/5107/366 1092/5032/1132
f 1068/3043/21 1033/3013/102 1032/3004/60
f 1029/1999/27 1129/1961/1112 1043/1955/238
f 1077/4055/543 1050/4075/319 1029/4079/27
f 1028/1123/74 1094/1148/1091 1112/1153/865
f 1028/5009/74 1026/5063/359 1068/5064/21
f 1077/4055/543 1029/4079/27 1084/4029/639
f 1017/3030/8 1074/3014/401 1079/2957/212
f 1094/3616/1091 944/3679/66 958/3675/211
f 1084/4029/639 1029/4079/27 1036/4080/35
f 954/722/164 1078/741/959 1070/735/801
f 1089/4451/1120 1016/4385/90 1041/4450/595
f 1073/4713/1059 1048/4714/371 1067/4659/890
f 1081/1260/1143 1089/1312/1120 1037/1240/838
f 1106/3617/1111 1094/3616/1091 958/3675/211
f 1034/4424/903 1085/4514/726 1041/4425/595
f 953/3723/45 968/3761/85 1093/3724/1076
f 1110/4678/651 1073/4677/1059 989/4737/204
f 1044/4171/766 1058/4156/914 1055/4197/365
f 1076/4139/235 1058/4156/914 1044/4171/766
f 1076/3450/235 1135/3514/392 1100/3458/1172
f 941/299/202 1107/339/1048 1098/336/1003
f 992/4248/443 969/4243/504 1056/4195/1029
f 1056/4195/1029 1100/4194/1172 992/4248/443
f 1100/4124/1172 1069/4123/1093 974/4180/453
f 945/296/739 941/299/202 1098/336/1003
f 1049/4056/1049 1040/4058/852 1052/4005/937
f 1054/1801/1148 1052/1846/937 1060/1817/948
f 1065/651/1080 1119/628/1144 960/661/274
f 1063/1761/1043 1054/1801/1148 1014/1750/472
f 1005/3754/296 1052/3764/937 1054/3793/1148
f 1007/2078/377 947/2047/509 1039/2108/1007
f 1057/1510/1069 1005/1561/296 1054/1532/1148
f 1052/4005/937 1024/4027/390 1049/4056/1049
f 1071/1756/1064 1063/1761/1043 1014/1750/472
f 1083/2109/1038 1007/2078/377 1039/2108/1007
f 1014/693/472 1023/678/565 1071/669/1064
f 1024/4027/390 1083/4057/1038 1049/4056/1049
f 1115/4330/1094 1057/4347/1069 1025/4291/460
f 1011/1490/408 1057/1510/1069 1115/1460/1094
f 1109/591/1107 1024/598/390 971/617/83
f 1097/3359/1070 942/3407/246 1083/3361/1038
f 996/4268/194 1108/4312/1134 1082/4319/1036
f 1027/4267/383 1108/4312/1134 996/4268/194
f 1108/1106/1134 1027/1134/383 1088/1112/1068
f 1088/1112/1068 1002/1114/170 1094/1091/1091
f 1032/3004/60 1062/3005/1077 1112/3071/865
f 1032/3004/60 1112/3071/865 1068/3043/21
f 1030/2105/281 1001/2077/435 1029/2134/27
f 1129/260/1112 1029/259/27 1001/303/435
f 1092/1006/1132 1118/1005/975 1050/1022/319
f 1043/508/238 1129/509/1112 1118/484/975
f 1043/241/238 1118/238/975 1087/219/461
f 1001/2139/435 1033/2138/102 1087/2164/461
f 1020/4776/264 1112/4717/865 1094/4716/1091
f 1092/60/1132 1093/61/1076 1003/31/220
f 1077/1255/543 1118/1285/975 1092/1259/1132
f 1026/3376/359 1028/3368/74 1125/3314/1079
f 1036/2331/35 1029/2300/27 1079/2360/212
f 1048/3344/371 1026/3376/359 1133/3303/1131
f 1016/2345/90 1036/2331/35 1079/2360/212
f 1122/3302/1066 1048/3344/371 1133/3303/1131
f 1089/4050/1120 1084/4029/639 1036/4080/35
f 1070/735/801 1078/741/959 1105/754/1110
f 1067/3320/890 1122/3302/1066 1085/3271/726
f 1105/754/1110 1121/761/1141 1070/735/801
f 953/1010/45 1093/993/1076 1037/971/838
f 1110/2003/651 1034/2038/903 1059/2013/1098
f 1080/736/916 1070/735/801 1121/761/1141
f 1086/2246/1072 1055/2227/365 1120/2250/1061
f 1110/4138/651 1055/4197/365 1058/4156/914
f 1055/3406/365 1110/3460/651 1076/3450/235
f 1120/4825/1061 1055/4777/365 1076/4824/235
f 1126/4371/583 1120/4322/1061 1044/4321/766
f 1044/4393/766 1120/4392/1061 1076/4438/235
f 1135/2233/392 1126/2168/583 1044/2177/766
f 1114/802/1133 1103/798/1017 939/829/501
f 1100/634/1172 1135/633/392 1044/670/766
f 1114/3620/1133 1056/3577/1029 1086/3619/1072
f 1114/861/1133 1060/860/948 1056/886/1029
f 1060/860/948 1100/882/1172 1056/886/1029
f 1040/1858/852 1039/1971/1007 1100/1848/1172
f 1039/1971/1007 1069/1977/1093 1100/1848/1172
f 1114/3340/1133 939/3289/501 931/3270/643
f 1114/629/1133 1119/628/1144 1065/651/1080
f 1039/3829/1007 947/3885/509 1097/3830/1070
f 1114/3340/1133 931/3270/643 957/3269/459
f 1114/1897/1133 957/1929/459 1101/1882/965
f 1109/1278/1107 1083/1269/1038 1024/1277/390
f 995/3350/307 959/3331/503 1111/3391/997
f 1108/1582/1134 1124/1545/990 1102/1631/1067
f 1082/1697/1036 1102/1631/1067 1096/1822/1102
f 1082/1697/1036 1108/1582/1134 1102/1631/1067
f 1123/1840/1151 1090/1864/881 1104/1856/1013
f 1104/1856/1013 1096/1822/1102 1123/1840/1151
f 1108/4348/1134 1078/4294/959 1099/4293/869
f 1105/754/1110 1078/741/959 1108/778/1134
f 1088/1112/1068 1105/1077/1110 1108/1106/1134
f 1113/1816/1027 1096/1822/1102 1104/1856/1013
f 1113/1816/1027 1104/1856/1013 1095/1819/1040
f 1031/1418/526 1113/1436/1027 1093/1425/1076
f 1094/1091/1091 1105/1077/1110 1088/1112/1068
f 1062/925/1077 1045/929/1087 1129/909/1112
f 1129/4459/1112 1045/4456/1087 1030/4405/281
f 1127/3272/1122 1112/3343/865 1062/3305/1077
f 1131/2856/1118 1032/2883/60 1033/2884/102
f 1132/190/1113 1087/219/461 1118/238/975
f 1001/2592/435 1032/2555/60 1132/2591/1113
f 1132/101/1113 1033/134/102 1001/135/435
f 1033/134/102 1132/101/1113 1131/107/1118
f 1095/1434/1040 1093/1425/1076 1113/1436/1027
f 1134/632/1166 1074/677/401 1016/645/90
f 1067/3320/890 1048/3344/371 1122/3302/1066
f 1106/1084/1111 1105/1077/1110 1094/1091/1091
f 1110/3704/651 1120/3762/1061 1041/3763/595
f 1110/3704/651 1041/3763/595 1085/3689/726
f 1121/1055/1141 1105/1077/1110 1106/1084/1111
f 1037/1387/838 1093/1425/1076 1095/1434/1040
f 1103/1437/1017 1037/1387/838 1095/1434/1040
f 1073/1115/1059 1110/1204/651 1106/1084/1111
f 1120/1323/1061 1059/1322/1098 1081/1260/1143
f 1059/2013/1098 1120/1978/1061 1110/2003/651
f 1086/1216/1072 1081/1260/1143 1037/1240/838
f 1086/1216/1072 1120/1323/1061 1081/1260/1143
f 1121/1055/1141 1106/1084/1111 1091/1080/1075
f 1091/1080/1075 1106/1084/1111 1110/1204/651
f 1121/761/1141 1091/774/1075 1080/736/916
f 1076/3450/235 1110/3460/651 1135/3514/392
f 1114/3714/1133 1086/3760/1072 1103/3715/1017
f 1107/2014/1048 1080/2021/916 1091/1992/1075
f 1107/2014/1048 1091/1992/1075 1069/1977/1093
f 1039/1971/1007 1107/2014/1048 1069/1977/1093
f 1040/4661/852 1100/4662/1172 1060/4599/948
f 1052/2319/937 1040/2346/852 1150/2329/598
f 1097/1989/1070 1107/2014/1048 1039/1971/1007
f 1098/2010/1003 1107/2014/1048 1097/1989/1070
f 1119/828/1144 1114/833/1133 1101/799/965
f 1116/2020/1002 1098/2010/1003 1097/1989/1070
f 1117/1823/1096 1063/1761/1043 1071/1756/1064
f 1117/1823/1096 1115/1844/1094 1063/1761/1043
f 1116/2020/1002 1097/1989/1070 1083/1922/1038
f 1109/1925/1107 1116/2020/1002 1083/1922/1038
f 1119/495/1144 1117/494/1096 1071/525/1064
f 1109/1925/1107 1115/1844/1094 1111/2012/997
f 1111/2012/997 1116/2020/1002 1109/1925/1107
f 1101/799/965 1117/939/1096 1119/828/1144
f 1117/1823/1096 1111/2012/997 1115/1844/1094
f 995/3350/307 1111/3391/997 1117/3392/1096
f 1101/3377/965 995/3350/307 1117/3392/1096
f 1123/1840/1151 1128/1866/969 1090/1864/881
f 1102/1631/1067 1123/1840/1151 1096/1822/1102
f 1123/1740/1151 1102/1723/1067 1124/1739/990
f 1108/196/1134 1099/178/869 1124/195/990
f 1030/3835/281 1118/3810/975 1129/3771/1112
f 1129/2189/1112 1001/2139/435 1087/2164/461
f 1127/5068/1122 1132/5000/1113 1032/4999/60
f 1127/2855/1122 1032/2883/60 1131/2856/1118
f 1028/3368/74 1112/3343/865 1125/3314/1079
f 1026/3376/359 1125/3314/1079 1133/3303/1131
f 1074/3239/401 1137/3263/1159 1079/3218/212
f 1079/2360/212 1137/2398/1159 1016/2345/90
f 1134/2382/1166 1016/2345/90 1137/2398/1159
f 1089/106/1120 1041/102/595 1134/126/1166
f 1120/3806/1061 1134/3805/1166 1041/3858/595
f 1110/2581/651 1085/2580/726 1140/2603/1034
f 1086/1411/1072 1037/1387/838 1103/1437/1017
f 1140/3513/1034 1135/3514/392 1110/3460/651
f 1138/1868/884 1128/1866/969 1130/1541/942
f 1123/1840/1151 1130/1541/942 1128/1866/969
f 1123/1840/1151 1124/1545/990 1130/1541/942
f 1062/925/1077 1129/909/1112 1127/908/1122
f 1132/4561/1113 1127/4648/1122 1129/4584/1112
f 1087/2164/461 1132/2183/1113 1129/2189/1112
f 1125/3314/1079 1112/3343/865 1127/3272/1122
f 1131/3918/1118 1125/3969/1079 1127/3926/1122
f 1131/3918/1118 1133/3956/1131 1125/3969/1079
f 1136/1293/1154 1118/1285/975 1077/1255/543
f 1077/1255/543 1084/1230/639 1136/1293/1154
f 1134/1286/1166 1137/1335/1159 1136/1293/1154
f 1122/3262/1066 1137/3263/1159 1074/3239/401
f 1134/632/1166 1122/689/1066 1074/677/401
f 1136/1293/1154 1084/1230/639 1089/1234/1120
f 1089/1234/1120 1134/1286/1166 1136/1293/1154
f 1085/3483/726 1122/3530/1066 1134/3531/1166
f 1136/1293/1154 1132/1346/1113 1118/1285/975
f 1131/4290/1118 1137/4219/1159 1122/4289/1066
f 1122/3917/1066 1133/3956/1131 1131/3918/1118
f 1135/2233/392 1151/2234/233 1126/2168/583
f 1148/935/597 852/954/629 964/980/719
f 1142/2640/1119 1085/2580/726 1134/2622/1166
f 1142/728/1119 1134/775/1166 1120/783/1061
f 1147/2865/956 210/2838/582 1139/2941/691
f 1137/1335/1159 1131/1367/1118 1132/1346/1113
f 1136/1293/1154 1137/1335/1159 1132/1346/1113
f 1143/723/1041 1120/783/1061 1126/777/583
f 1126/2168/583 1151/2234/233 1153/2198/353
f 1150/2329/598 1155/2293/94 1052/2319/937
f 694/2613/606 1144/2614/952 1145/2527/986
f 1146/934/1018 1139/949/691 1138/919/884
f 1145/435/986 1146/934/1018 1130/479/942
f 1138/919/884 1130/479/942 1146/934/1018
f 1142/2640/1119 1140/2603/1034 1085/2580/726
f 1149/2214/740 910/2323/808 1141/2263/713
f 1142/728/1119 1120/783/1061 1140/702/1034
f 1120/783/1061 1143/723/1041 1140/702/1034
f 1143/723/1041 1126/777/583 1153/703/353
f 1146/2730/1018 1147/2829/956 1139/2736/691
f 1143/2718/1041 1135/2766/392 1140/2767/1034
f 1150/139/598 1040/157/852 1060/91/948
f 1154/937/294 1060/907/948 1052/936/937
f 1152/2893/321 1141/2891/713 1148/2922/597
f 1143/2655/1041 1153/2602/353 1159/2585/895
f 1146/2730/1018 1145/2733/986 1144/2828/952
f 1146/2730/1018 1144/2828/952 1147/2829/956
f 1151/2348/233 1135/2384/392 1163/2385/933
f 1150/139/598 1060/91/948 1154/110/294
f 1143/382/1041 1163/333/933 1135/350/392
f 1155/2293/94 1150/2329/598 1158/2356/538
f 1160/976/722 1148/935/597 964/980/719
f 1152/2893/321 1148/2922/597 1160/2937/722
f 1163/333/933 1143/382/1041 1159/388/895
f 1160/976/722 964/980/719 1149/1016/740
f 1154/2608/294 1052/2726/937 1155/2610/94
f 1163/4604/933 1158/4679/538 1151/4605/233
f 1149/2214/740 1141/2263/713 1152/2224/321
f 1153/2602/353 1151/2636/233 1154/2608/294
f 1156/3364/77 1155/3342/94 1157/3315/130
f 1156/3364/77 1157/3315/130 1152/3326/321
f 1160/2584/722 1156/2606/77 1152/2627/321
f 1151/4605/233 1158/4679/538 1154/4641/294
f 1154/2608/294 1161/2572/761 1153/2602/353
f 1154/110/294 1158/156/538 1150/139/598
f 1154/2608/294 1155/2610/94 1161/2572/761
f 1155/3342/94 1158/3274/538 1157/3315/130
f 1165/2170/872 1149/2214/740 1152/2224/321
f 1162/2573/662 1156/2606/77 1160/2584/722
f 1161/2572/761 1155/2610/94 1156/2606/77
f 1161/2572/761 1156/2606/77 1162/2573/662
f 1152/3326/321 1157/3315/130 1164/3273/748
f 1164/3273/748 1157/3315/130 1158/3274/538
f 1152/2224/321 1164/2221/748 1165/2170/872
f 1165/2779/872 1160/2823/722 1149/2780/740
f 1161/2572/761 1159/2585/895 1153/2602/353
f 1166/2333/910 1164/2221/748 1158/2381/538
f 1167/3210/925 1161/3248/761 1162/3247/662
f 1160/3252/722 1169/3203/891 1162/3247/662
f 1168/3201/1074 1163/3192/933 1159/3245/895
f 1159/3245/895 1161/3248/761 1168/3201/1074
f 1158/2381/538 1163/2403/933 1168/2332/1074
f 1167/3210/925 1168/3201/1074 1161/3248/761
f 1168/2332/1074 1166/2333/910 1158/2381/538
f 1169/3203/891 1170/3187/1063 1162/3247/662
f 1170/2185/1063 1165/2170/872 1164/2221/748
f 1160/3252/722 1165/3186/872 1169/3203/891
f 1166/2333/910 1170/2185/1063 1164/2221/748
f 1170/3187/1063 1167/3210/925 1162/3247/662
f 1168/2332/1074 1175/2305/967 1166/2333/910
f 1170/3187/1063 1166/3185/910 1167/3210/925
f 1176/2947/1004 1174/2911/820 1169/2916/891
f 1176/2947/1004 1169/2916/891 1165/2946/872
f 1175/733/967 1167/734/925 1166/715/910
f 1169/1744/891 1172/1745/171 1170/1724/1063
f 1172/2175/171 1176/2143/1004 1170/2185/1063
f 1165/2170/872 1170/2185/1063 1176/2143/1004
f 1167/3591/925 1171/3569/24 1173/3535/904
f 1175/3526/967 1171/3501/24 1167/3453/925
f 1171/3569/24 1172/3593/171 1174/3541/820
f 1172/2710/171 1169/2738/891 1174/2711/820
f 1174/3541/820 1173/3535/904 1171/3569/24
f 1171/3501/24 1175/3526/967 1172/3502/171
f 1175/3526/967 1176/3527/1004 1172/3502/171
f 1173/3535/904 1168/3592/1074 1167/3591/925
f 1175/3587/967 1168/3640/1074 1173/3568/904
f 1175/3672/967 1173/3611/904 1174/3612/820
f 1176/3671/1004 1175/3672/967 1174/3612/820